model,x_model,p,n1,n2,rho,block,seed,R_bh_0.05,V_bh_0.05,S_bh_0.05,R_by_0.05,V_by_0.05,S_by_0.05,fdr_bh_0.05,power_bh_0.05,fdr_by_0.05,power_by_0.05,R_bh_0.1,V_bh_0.1,S_bh_0.1,R_by_0.1,V_by_0.1,S_by_0.1,fdr_bh_0.1,power_bh_0.1,fdr_by_0.1,power_by_0.1,t_lct_0.05,R_lct_0.05,V_lct_0.05,S_lct_0.05,fdr_lct_0.05,power_lct_0.05,t_lct_0.1,R_lct_0.1,V_lct_0.1,S_lct_0.1,fdr_lct_0.1,power_lct_0.1,t_lctb_0.05_B100,R_lctb_0.05_B100,V_lctb_0.05_B100,S_lctb_0.05_B100,fdr_lctb_0.05_B100,power_lctb_0.05_B100,t_lctb_0.1_B100,R_lctb_0.1_B100,V_lctb_0.1_B100,S_lctb_0.1_B100,fdr_lctb_0.1_B100,power_lctb_0.1_B100,wall_time_s
gaussian,gaussian,500,120,120,0.65,20,0,197,12,185,172,2,170,0.06091370558375635,0.9736842105263158,0.011627906976744186,0.8947368421052632,215,29,186,175,2,173,0.13488372093023257,0.9789473684210527,0.011428571428571429,0.9105263157894737,3.9400483622470346,204,14,190,0.06862745098039216,1.0,3.7566585018569914,220,30,190,0.13636363636363635,1.0,3.983968018895773,202,12,190,0.0594059405940594,1.0,3.768058932159204,219,29,190,0.1324200913242009,1.0,11.891012
gaussian,gaussian,500,120,120,0.65,20,1,167,8,159,119,0,119,0.04790419161676647,0.8368421052631579,0.0,0.6263157894736842,177,15,162,129,0,129,0.0847457627118644,0.8526315789473684,0.0,0.6789473684210526,3.9620541066836963,187,8,179,0.0427807486631016,0.9421052631578948,3.776187062256957,200,17,183,0.085,0.9631578947368421,4.007966497234481,184,7,177,0.03804347826086957,0.9315789473684211,3.811098097630292,198,15,183,0.07575757575757576,0.9631578947368421,11.057679
gaussian,gaussian,500,120,120,0.65,20,2,198,10,188,182,1,181,0.050505050505050504,0.9894736842105263,0.005494505494505495,0.9526315789473684,215,27,188,184,1,183,0.12558139534883722,0.9894736842105263,0.005434782608695652,0.9631578947368421,3.948459387381008,200,10,190,0.05,1.0,3.7747510679367045,215,25,190,0.11627906976744186,1.0,3.992594296742366,197,7,190,0.03553299492385787,1.0,3.7844588636447662,213,23,190,0.107981220657277,1.0,10.946451
gaussian,gaussian,500,120,120,0.65,20,3,197,10,187,182,0,182,0.050761421319796954,0.9842105263157894,0.0,0.9578947368421052,205,16,189,186,1,185,0.07804878048780488,0.9947368421052631,0.005376344086021506,0.9736842105263158,3.9471424921242995,201,11,190,0.05472636815920398,1.0,3.7662394744858916,207,17,190,0.0821256038647343,1.0,4.004791520983856,199,9,190,0.04522613065326633,1.0,3.809052133620947,205,15,190,0.07317073170731707,1.0,11.087335
gaussian,gaussian,500,120,120,0.65,20,4,197,17,180,166,2,164,0.08629441624365482,0.9473684210526315,0.012048192771084338,0.8631578947368421,213,29,184,172,3,169,0.13615023474178403,0.968421052631579,0.01744186046511628,0.8894736842105263,3.9520439522898405,207,18,189,0.08695652173913043,0.9947368421052631,3.770215380292207,218,29,189,0.13302752293577982,0.9947368421052631,4.006103525626736,202,13,189,0.06435643564356436,0.9947368421052631,3.822215194303636,215,26,189,0.12093023255813953,0.9947368421052631,10.812124
gaussian,gaussian,500,120,120,0.65,20,5,193,9,184,166,0,166,0.046632124352331605,0.968421052631579,0.0,0.8736842105263158,211,25,186,170,1,169,0.11848341232227488,0.9789473684210527,0.0058823529411764705,0.8894736842105263,3.9537775653790557,202,12,190,0.0594059405940594,1.0,3.7558533456704875,217,27,190,0.12442396313364056,1.0,4.022338392690986,200,10,190,0.05,1.0,3.8112136607860974,211,21,190,0.0995260663507109,1.0,10.787568
gaussian,gaussian,500,120,120,0.65,20,6,192,4,188,184,0,184,0.020833333333333332,0.9894736842105263,0.0,0.968421052631579,204,14,190,186,1,185,0.06862745098039216,1.0,0.005376344086021506,0.9736842105263158,4.08235616545778,194,4,190,0.020618556701030927,1.0,3.781422843881319,205,15,190,0.07317073170731707,1.0,4.08235616545778,194,4,190,0.020618556701030927,1.0,3.8448183663858733,198,8,190,0.04040404040404041,1.0,11.103564
gaussian,gaussian,500,120,120,0.65,20,7,202,12,190,185,0,185,0.0594059405940594,1.0,0.0,0.9736842105263158,213,23,190,188,0,188,0.107981220657277,1.0,0.0,0.9894736842105263,3.9585517519270152,201,11,190,0.05472636815920398,1.0,3.7671972004603433,213,23,190,0.107981220657277,1.0,4.033883008837754,198,8,190,0.04040404040404041,1.0,3.7997677330626782,209,19,190,0.09090909090909091,1.0,10.776343
gaussian,gaussian,500,120,120,0.65,20,8,204,16,188,174,2,172,0.0784313725490196,0.9894736842105263,0.011494252873563218,0.9052631578947369,213,23,190,180,2,178,0.107981220657277,1.0,0.011111111111111112,0.9368421052631579,3.9483888815506507,205,15,190,0.07317073170731707,1.0,3.7651321735031695,214,24,190,0.11214953271028037,1.0,3.996841072718548,199,9,190,0.04522613065326633,1.0,3.786456206379866,210,20,190,0.09523809523809523,1.0,11.106647
gaussian,gaussian,500,120,120,0.65,20,9,200,13,187,170,1,169,0.065,0.9842105263157894,0.0058823529411764705,0.8894736842105263,213,24,189,176,2,174,0.11267605633802817,0.9947368421052631,0.011363636363636364,0.9157894736842105,3.9407459161357252,204,14,190,0.06862745098039216,1.0,3.7596811709177427,215,25,190,0.11627906976744186,1.0,4.126981856585253,195,5,190,0.02564102564102564,1.0,3.800428705167048,212,22,190,0.10377358490566038,1.0,10.773557
gaussian,gaussian,500,120,120,0.65,20,10,207,17,190,189,1,188,0.0821256038647343,1.0,0.005291005291005291,0.9894736842105263,216,26,190,189,1,188,0.12037037037037036,1.0,0.005291005291005291,0.9894736842105263,3.951053135685772,207,17,190,0.0821256038647343,1.0,3.7545603244802144,217,27,190,0.12442396313364056,1.0,3.971864723067272,205,15,190,0.07317073170731707,1.0,3.7868537577388457,216,26,190,0.12037037037037036,1.0,10.745246
gaussian,gaussian,500,120,120,0.65,20,11,196,13,183,158,0,158,0.0663265306122449,0.9631578947368421,0.0,0.8315789473684211,211,26,185,173,1,172,0.12322274881516587,0.9736842105263158,0.005780346820809248,0.9052631578947369,3.9731588118172696,200,12,188,0.06,0.9894736842105263,3.7702166428982515,214,26,188,0.12149532710280374,0.9894736842105263,4.045201241850364,197,9,188,0.04568527918781726,0.9894736842105263,3.8073493254712543,213,25,188,0.11737089201877934,0.9894736842105263,11.01209
gaussian,gaussian,500,120,120,0.65,20,12,190,7,183,169,0,169,0.03684210526315789,0.9631578947368421,0.0,0.8894736842105263,205,20,185,176,0,176,0.0975609756097561,0.9736842105263158,0.0,0.9263157894736842,3.95791132469949,198,8,190,0.04040404040404041,1.0,3.774913918404415,213,23,190,0.107981220657277,1.0,4.005224277320459,196,6,190,0.030612244897959183,1.0,3.8229500767462268,210,20,190,0.09523809523809523,1.0,11.538363
gaussian,gaussian,500,120,120,0.65,20,13,199,9,190,186,0,186,0.04522613065326633,1.0,0.0,0.9789473684210527,208,18,190,187,0,187,0.08653846153846154,1.0,0.0,0.9842105263157894,3.98819937188882,197,7,190,0.03553299492385787,1.0,3.7654643436431616,208,18,190,0.08653846153846154,1.0,3.98819937188882,197,7,190,0.03553299492385787,1.0,3.7945497683436407,206,16,190,0.07766990291262135,1.0,10.847422
gaussian,gaussian,500,120,120,0.65,20,14,200,15,185,169,1,168,0.075,0.9736842105263158,0.005917159763313609,0.8842105263157894,211,24,187,179,2,177,0.11374407582938388,0.9842105263157894,0.0111731843575419,0.9315789473684211,3.942559344549739,203,14,189,0.06896551724137931,0.9947368421052631,3.764246249713945,214,24,190,0.11214953271028037,1.0,3.993610471442976,200,12,188,0.06,0.9894736842105263,3.822238052252992,210,20,190,0.09523809523809523,1.0,10.807376
gaussian,gaussian,500,120,120,0.65,20,15,191,17,174,155,2,153,0.08900523560209424,0.9157894736842105,0.012903225806451613,0.8052631578947368,202,26,176,159,2,157,0.12871287128712872,0.9263157894736842,0.012578616352201259,0.8263157894736842,3.9612958064051647,201,17,184,0.0845771144278607,0.968421052631579,3.765522237513749,212,25,187,0.1179245283018868,0.9842105263157894,3.97302910378939,200,16,184,0.08,0.968421052631579,3.781149970695542,210,24,186,0.11428571428571428,0.9789473684210527,10.913811
gaussian,gaussian,500,120,120,0.65,20,16,197,7,190,187,0,187,0.03553299492385787,1.0,0.0,0.9842105263157894,204,14,190,189,1,188,0.06862745098039216,1.0,0.005291005291005291,0.9894736842105263,3.999598745412751,197,7,190,0.03553299492385787,1.0,3.783155799189022,204,14,190,0.06862745098039216,1.0,3.999598745412751,197,7,190,0.03553299492385787,1.0,3.819841607680323,202,12,190,0.0594059405940594,1.0,10.850671
gaussian,gaussian,500,120,120,0.65,20,17,195,7,188,175,0,175,0.035897435897435895,0.9894736842105263,0.0,0.9210526315789473,202,14,188,180,1,179,0.06930693069306931,0.9894736842105263,0.005555555555555556,0.9421052631578948,3.969158368683245,196,6,190,0.030612244897959183,1.0,3.778547303320283,205,15,190,0.07317073170731707,1.0,4.031073246303213,194,4,190,0.020618556701030927,1.0,3.8410897876777197,202,12,190,0.0594059405940594,1.0,10.886558
gaussian,gaussian,500,120,120,0.65,20,18,198,10,188,173,0,173,0.050505050505050504,0.9894736842105263,0.0,0.9105263157894737,207,18,189,178,0,178,0.08695652173913043,0.9947368421052631,0.0,0.9368421052631579,3.9488114986135465,199,9,190,0.04522613065326633,1.0,3.7677832553959476,208,18,190,0.08653846153846154,1.0,3.9969252345193356,198,8,190,0.04040404040404041,1.0,3.788382145829424,206,16,190,0.07766990291262135,1.0,10.793746
gaussian,gaussian,500,120,120,0.65,20,19,197,12,185,173,1,172,0.06091370558375635,0.9736842105263158,0.005780346820809248,0.9052631578947369,210,23,187,178,1,177,0.10952380952380952,0.9842105263157894,0.0056179775280898875,0.9315789473684211,3.9745436459037946,198,9,189,0.045454545454545456,0.9947368421052631,3.7659536688442667,213,23,190,0.107981220657277,1.0,4.06130807801519,196,7,189,0.03571428571428571,0.9947368421052631,3.7955438001657136,211,21,190,0.0995260663507109,1.0,10.829472
gaussian,gaussian,500,120,120,0.65,20,20,199,10,189,183,0,183,0.05025125628140704,0.9947368421052631,0.0,0.9631578947368421,209,20,189,186,0,186,0.09569377990430622,0.9947368421052631,0.0,0.9789473684210527,3.951201120591003,199,9,190,0.04522613065326633,1.0,3.782769130384167,212,22,190,0.10377358490566038,1.0,3.97888661585605,198,8,190,0.04040404040404041,1.0,3.782769130384167,212,22,190,0.10377358490566038,1.0,10.886498
gaussian,gaussian,500,120,120,0.65,20,21,205,15,190,189,2,187,0.07317073170731707,1.0,0.010582010582010581,0.9842105263157894,215,25,190,191,3,188,0.11627906976744186,1.0,0.015706806282722512,0.9894736842105263,3.9691231459752467,205,15,190,0.07317073170731707,1.0,3.7748722953001237,214,24,190,0.11214953271028037,1.0,4.022016603697908,203,13,190,0.06403940886699508,1.0,3.806422423644366,210,20,190,0.09523809523809523,1.0,11.25008
gaussian,gaussian,500,120,120,0.65,20,22,201,14,187,178,1,177,0.06965174129353234,0.9842105263157894,0.0056179775280898875,0.9315789473684211,212,22,190,186,6,180,0.10377358490566038,1.0,0.03225806451612903,0.9473684210526315,3.9527941106461686,205,15,190,0.07317073170731707,1.0,3.7685146954333835,213,23,190,0.107981220657277,1.0,4.021067441703883,203,13,190,0.06403940886699508,1.0,3.797598698748129,212,22,190,0.10377358490566038,1.0,11.481572
gaussian,gaussian,500,120,120,0.65,20,23,200,11,189,188,2,186,0.055,0.9947368421052631,0.010638297872340425,0.9789473684210527,211,22,189,189,2,187,0.10426540284360189,0.9947368421052631,0.010582010582010581,0.9842105263157894,3.973384580080757,202,12,190,0.0594059405940594,1.0,3.766139772736713,214,24,190,0.11214953271028037,1.0,4.004206107102539,199,9,190,0.04522613065326633,1.0,3.7990845882555875,211,21,190,0.0995260663507109,1.0,10.753941
gaussian,gaussian,500,120,120,0.65,20,24,206,16,190,185,1,184,0.07766990291262135,1.0,0.005405405405405406,0.968421052631579,217,27,190,188,2,186,0.12442396313364056,1.0,0.010638297872340425,0.9789473684210527,3.9362531998154364,208,18,190,0.08653846153846154,1.0,3.7747611024481142,213,23,190,0.107981220657277,1.0,3.9707862961200537,204,14,190,0.06862745098039216,1.0,3.7747611024481142,213,23,190,0.107981220657277,1.0,11.138768
gaussian,gaussian,500,120,120,0.65,20,25,199,9,190,184,1,183,0.04522613065326633,1.0,0.005434782608695652,0.9631578947368421,211,21,190,188,1,187,0.0995260663507109,1.0,0.005319148936170213,0.9842105263157894,3.946357079337487,201,11,190,0.05472636815920398,1.0,3.768272444948386,213,23,190,0.107981220657277,1.0,4.019276358446473,198,8,190,0.04040404040404041,1.0,3.8239655090954456,207,17,190,0.0821256038647343,1.0,10.743945
gaussian,gaussian,500,120,120,0.65,20,26,191,9,182,170,0,170,0.04712041884816754,0.9578947368421052,0.0,0.8947368421052632,205,20,185,174,1,173,0.0975609756097561,0.9736842105263158,0.005747126436781609,0.9105263157894737,3.980530276339767,198,8,190,0.04040404040404041,1.0,3.774606806132328,209,19,190,0.09090909090909091,1.0,4.02741460020206,197,7,190,0.03553299492385787,1.0,3.789346933766711,208,18,190,0.08653846153846154,1.0,10.76061
gaussian,gaussian,500,120,120,0.65,20,27,201,13,188,185,2,183,0.06467661691542288,0.9894736842105263,0.010810810810810811,0.9631578947368421,214,25,189,189,4,185,0.11682242990654206,0.9947368421052631,0.021164021164021163,0.9736842105263158,3.964756767104868,205,16,189,0.07804878048780488,0.9947368421052631,3.765331117169957,214,25,189,0.11682242990654206,0.9947368421052631,3.972561945082016,204,15,189,0.07352941176470588,0.9947368421052631,3.7801560753406096,213,24,189,0.11267605633802817,0.9947368421052631,11.207172
gaussian,gaussian,500,120,120,0.65,20,28,189,19,170,135,0,135,0.10052910052910052,0.8947368421052632,0.0,0.7105263157894737,202,26,176,149,3,146,0.12871287128712872,0.9263157894736842,0.020134228187919462,0.7684210526315789,3.9402686424286597,204,19,185,0.09313725490196079,0.9736842105263158,3.7617809013934744,215,27,188,0.12558139534883722,0.9894736842105263,4.0070310244399625,200,15,185,0.075,0.9736842105263158,3.799314953059499,213,25,188,0.11737089201877934,0.9894736842105263,11.352014
gaussian,gaussian,500,120,120,0.65,20,29,198,17,181,158,1,157,0.08585858585858586,0.9526315789473684,0.006329113924050633,0.8263157894736842,214,30,184,167,2,165,0.14018691588785046,0.968421052631579,0.011976047904191617,0.868421052631579,3.940382399952484,206,17,189,0.0825242718446602,0.9947368421052631,3.749846825180512,221,32,189,0.14479638009049775,0.9947368421052631,3.9790738816624955,204,15,189,0.07352941176470588,0.9947368421052631,3.7718811704977373,217,28,189,0.12903225806451613,0.9947368421052631,10.718976
gaussian,gaussian,500,120,120,0.65,20,30,198,11,187,176,1,175,0.05555555555555555,0.9842105263157894,0.005681818181818182,0.9210526315789473,212,25,187,181,1,180,0.1179245283018868,0.9842105263157894,0.0055248618784530384,0.9473684210526315,3.961301102652111,202,12,190,0.0594059405940594,1.0,3.7934389109278768,216,26,190,0.12037037037037036,1.0,3.9899086894277778,201,11,190,0.05472636815920398,1.0,3.7934389109278768,216,26,190,0.12037037037037036,1.0,11.130476
gaussian,gaussian,500,120,120,0.65,20,31,203,18,185,169,2,167,0.08866995073891626,0.9736842105263158,0.011834319526627219,0.8789473684210526,217,32,185,174,2,172,0.14746543778801843,0.9736842105263158,0.011494252873563218,0.9052631578947369,3.9423594747426005,205,17,188,0.08292682926829269,0.9894736842105263,3.7507060351685113,221,33,188,0.1493212669683258,0.9894736842105263,3.9976474218383924,201,13,188,0.06467661691542288,0.9894736842105263,3.796636942934856,219,31,188,0.1415525114155251,0.9894736842105263,10.823846
gaussian,gaussian,500,120,120,0.65,20,32,208,18,190,189,1,188,0.08653846153846154,1.0,0.005291005291005291,0.9894736842105263,220,30,190,192,4,188,0.13636363636363635,1.0,0.020833333333333332,0.9894736842105263,3.9416338157924375,206,16,190,0.07766990291262135,1.0,3.762949697075235,216,26,190,0.12037037037037036,1.0,4.053921874394098,203,13,190,0.06403940886699508,1.0,3.8271065676003553,214,24,190,0.11214953271028037,1.0,11.202662
gaussian,gaussian,500,120,120,0.65,20,33,199,13,186,174,1,173,0.06532663316582915,0.9789473684210527,0.005747126436781609,0.9105263157894737,218,32,186,184,1,183,0.14678899082568808,0.9789473684210527,0.005434782608695652,0.9631578947368421,3.9441506897352334,202,13,189,0.06435643564356436,0.9947368421052631,3.7486881047649168,223,34,189,0.15246636771300448,0.9947368421052631,4.001373416168854,199,10,189,0.05025125628140704,0.9947368421052631,3.7793105486818317,218,29,189,0.13302752293577982,0.9947368421052631,10.845636
gaussian,gaussian,500,120,120,0.65,20,34,194,8,186,176,1,175,0.041237113402061855,0.9789473684210527,0.005681818181818182,0.9210526315789473,206,19,187,183,3,180,0.09223300970873786,0.9842105263157894,0.01639344262295082,0.9473684210526315,3.9618793204500355,198,8,190,0.04040404040404041,1.0,3.7630253580469812,211,21,190,0.0995260663507109,1.0,4.028902944468065,196,6,190,0.030612244897959183,1.0,3.818433178067306,208,18,190,0.08653846153846154,1.0,10.831589
gaussian,gaussian,500,120,120,0.65,20,35,193,11,182,150,0,150,0.05699481865284974,0.9578947368421052,0.0,0.7894736842105263,202,18,184,155,0,155,0.0891089108910891,0.968421052631579,0.0,0.8157894736842105,3.957296403078223,200,11,189,0.055,0.9947368421052631,3.812938014175112,208,19,189,0.09134615384615384,0.9947368421052631,3.973265419520894,197,8,189,0.04060913705583756,0.9947368421052631,3.812938014175112,208,19,189,0.09134615384615384,0.9947368421052631,11.473262
gaussian,gaussian,500,120,120,0.65,20,36,199,12,187,177,2,175,0.06030150753768844,0.9842105263157894,0.011299435028248588,0.9210526315789473,211,22,189,184,3,181,0.10426540284360189,0.9947368421052631,0.016304347826086956,0.9526315789473684,3.9453023188134644,201,11,190,0.05472636815920398,1.0,3.7761393190462225,212,22,190,0.10377358490566038,1.0,4.083673227533898,197,7,190,0.03553299492385787,1.0,3.8091040818429796,208,18,190,0.08653846153846154,1.0,10.971936
gaussian,gaussian,500,120,120,0.65,20,37,198,8,190,186,1,185,0.04040404040404041,1.0,0.005376344086021506,0.9736842105263158,206,16,190,189,3,186,0.07766990291262135,1.0,0.015873015873015872,0.9789473684210527,4.152376258624747,197,7,190,0.03553299492385787,1.0,3.7865725732576836,205,15,190,0.07317073170731707,1.0,4.152376258624747,197,7,190,0.03553299492385787,1.0,3.824375090260273,204,14,190,0.06862745098039216,1.0,11.130396
gaussian,gaussian,500,120,120,0.65,20,38,209,21,188,183,1,182,0.10047846889952153,0.9894736842105263,0.00546448087431694,0.9578947368421052,225,36,189,185,1,184,0.16,0.9947368421052631,0.005405405405405406,0.968421052631579,3.937503324447654,210,20,190,0.09523809523809523,1.0,3.7472490187328527,224,34,190,0.15178571428571427,1.0,3.995300111242925,205,15,190,0.07317073170731707,1.0,3.7777004582653304,223,33,190,0.14798206278026907,1.0,11.101427
gaussian,gaussian,500,120,120,0.65,20,39,194,6,188,187,0,187,0.030927835051546393,0.9894736842105263,0.0,0.9842105263157894,206,16,190,189,1,188,0.07766990291262135,1.0,0.005291005291005291,0.9894736842105263,3.9745344827251405,199,9,190,0.04522613065326633,1.0,3.786580585635437,209,19,190,0.09090909090909091,1.0,3.9965818263954755,198,8,190,0.04040404040404041,1.0,3.827699196408444,208,18,190,0.08653846153846154,1.0,10.86646
gaussian,gaussian,500,120,120,0.65,20,40,191,6,185,170,1,169,0.031413612565445025,0.9736842105263158,0.0058823529411764705,0.8894736842105263,202,15,187,178,1,177,0.07425742574257425,0.9842105263157894,0.0056179775280898875,0.9315789473684211,4.008229489886152,195,6,189,0.03076923076923077,0.9947368421052631,3.7851130076071104,204,15,189,0.07352941176470588,0.9947368421052631,4.008229489886152,195,6,189,0.03076923076923077,0.9947368421052631,3.8722202128682626,201,12,189,0.05970149253731343,0.9947368421052631,11.258083
gaussian,gaussian,500,120,120,0.65,20,41,197,12,185,175,1,174,0.06091370558375635,0.9736842105263158,0.005714285714285714,0.9157894736842105,209,23,186,180,3,177,0.11004784688995216,0.9789473684210527,0.016666666666666666,0.9315789473684211,3.9989209989705197,201,11,190,0.05472636815920398,1.0,3.779036641560765,213,23,190,0.107981220657277,1.0,3.9989209989705197,201,11,190,0.05472636815920398,1.0,3.779036641560765,213,23,190,0.107981220657277,1.0,10.72157
gaussian,gaussian,500,120,120,0.65,20,42,183,9,174,154,1,153,0.04918032786885246,0.9157894736842105,0.006493506493506494,0.8052631578947368,196,16,180,162,2,160,0.08163265306122448,0.9473684210526315,0.012345679012345678,0.8421052631578947,3.952418528974704,197,10,187,0.050761421319796954,0.9842105263157894,3.788519436030878,205,16,189,0.07804878048780488,0.9947368421052631,3.9798353692839465,196,9,187,0.04591836734693878,0.9842105263157894,3.788519436030878,205,16,189,0.07804878048780488,0.9947368421052631,10.769875
gaussian,gaussian,500,120,120,0.65,20,43,189,7,182,169,1,168,0.037037037037037035,0.9578947368421052,0.005917159763313609,0.8842105263157894,207,22,185,173,2,171,0.10628019323671498,0.9736842105263158,0.011560693641618497,0.9,3.9479859751991584,200,10,190,0.05,1.0,3.759490053057468,216,26,190,0.12037037037037036,1.0,4.018840058741968,197,7,190,0.03553299492385787,1.0,3.7831272825329485,211,21,190,0.0995260663507109,1.0,11.196628
gaussian,gaussian,500,120,120,0.65,20,44,200,10,190,190,2,188,0.05,1.0,0.010526315789473684,0.9894736842105263,208,18,190,192,3,189,0.08653846153846154,1.0,0.015625,0.9947368421052631,3.981721394225038,201,11,190,0.05472636815920398,1.0,3.8115822668866106,208,18,190,0.08653846153846154,1.0,4.007463761213684,200,10,190,0.05,1.0,3.8115822668866106,208,18,190,0.08653846153846154,1.0,11.145986
gaussian,gaussian,500,120,120,0.65,20,45,200,11,189,188,1,187,0.055,0.9947368421052631,0.005319148936170213,0.9842105263157894,211,21,190,189,1,188,0.0995260663507109,1.0,0.005291005291005291,0.9894736842105263,3.9442313413791634,202,12,190,0.0594059405940594,1.0,3.7833830865625355,210,20,190,0.09523809523809523,1.0,3.966921180026797,201,11,190,0.05472636815920398,1.0,3.816446346311366,209,19,190,0.09090909090909091,1.0,11.876418
gaussian,gaussian,500,120,120,0.65,20,46,196,11,185,177,0,177,0.05612244897959184,0.9736842105263158,0.0,0.9315789473684211,201,13,188,182,2,180,0.06467661691542288,0.9894736842105263,0.01098901098901099,0.9473684210526315,3.942953860924856,202,12,190,0.0594059405940594,1.0,3.7808131011877952,204,14,190,0.06862745098039216,1.0,3.9971075549259303,199,9,190,0.04522613065326633,1.0,3.942953860924856,202,12,190,0.0594059405940594,1.0,10.997981
gaussian,gaussian,500,120,120,0.65,20,47,198,8,190,189,0,189,0.04040404040404041,1.0,0.0,0.9947368421052631,208,18,190,190,0,190,0.08653846153846154,1.0,0.0,1.0,3.949257275516799,197,7,190,0.03553299492385787,1.0,3.7721210719372236,208,18,190,0.08653846153846154,1.0,4.026665829568748,196,6,190,0.030612244897959183,1.0,3.8080522474347838,206,16,190,0.07766990291262135,1.0,10.878597
gaussian,gaussian,500,120,120,0.65,20,48,191,8,183,163,0,163,0.041884816753926704,0.9631578947368421,0.0,0.8578947368421053,210,24,186,170,1,169,0.11428571428571428,0.9789473684210527,0.0058823529411764705,0.8894736842105263,3.9751633641978676,195,8,187,0.041025641025641026,0.9842105263157894,3.7574466206165575,216,27,189,0.125,0.9947368421052631,4.0073028042492425,194,7,187,0.03608247422680412,0.9842105263157894,3.787115965685379,213,24,189,0.11267605633802817,0.9947368421052631,11.39412
gaussian,gaussian,500,120,120,0.65,20,49,199,12,187,183,1,182,0.06030150753768844,0.9842105263157894,0.00546448087431694,0.9578947368421052,209,21,188,185,1,184,0.10047846889952153,0.9894736842105263,0.005405405405405406,0.968421052631579,3.9693477030547695,202,12,190,0.0594059405940594,1.0,3.763168537428097,212,22,190,0.10377358490566038,1.0,4.05320174745371,198,8,190,0.04040404040404041,1.0,3.8019621535705737,210,20,190,0.09523809523809523,1.0,11.226076
gaussian,gaussian,500,120,120,0.65,20,50,199,12,187,178,1,177,0.06030150753768844,0.9842105263157894,0.0056179775280898875,0.9315789473684211,214,26,188,184,2,182,0.12149532710280374,0.9894736842105263,0.010869565217391304,0.9578947368421052,3.9452979284292984,202,12,190,0.0594059405940594,1.0,3.7604433731810274,216,26,190,0.12037037037037036,1.0,4.002351417118154,200,10,190,0.05,1.0,3.783693089846661,215,25,190,0.11627906976744186,1.0,11.677357
gaussian,gaussian,500,120,120,0.65,20,51,192,8,184,173,0,173,0.041666666666666664,0.968421052631579,0.0,0.9105263157894737,206,20,186,176,1,175,0.0970873786407767,0.9789473684210527,0.005681818181818182,0.9210526315789473,3.9518890152492347,198,8,190,0.04040404040404041,1.0,3.764991958719306,210,20,190,0.09523809523809523,1.0,4.031309691151537,195,5,190,0.02564102564102564,1.0,3.8068836378659188,207,17,190,0.0821256038647343,1.0,11.498344
gaussian,gaussian,500,120,120,0.65,20,52,195,12,183,164,1,163,0.06153846153846154,0.9631578947368421,0.006097560975609756,0.8578947368421053,207,20,187,167,1,166,0.0966183574879227,0.9842105263157894,0.005988023952095809,0.8736842105263158,3.9525677694251558,202,12,190,0.0594059405940594,1.0,3.7809388581601335,210,20,190,0.09523809523809523,1.0,3.9884069899423547,200,10,190,0.05,1.0,3.7860828727347435,209,19,190,0.09090909090909091,1.0,11.026237
gaussian,gaussian,500,120,120,0.65,20,53,201,11,190,190,3,187,0.05472636815920398,1.0,0.015789473684210527,0.9842105263157894,210,20,190,192,3,189,0.09523809523809523,1.0,0.015625,0.9947368421052631,3.944344220846006,201,11,190,0.05472636815920398,1.0,3.780939227999034,212,22,190,0.10377358490566038,1.0,3.997308152469164,200,10,190,0.05,1.0,3.780939227999034,212,22,190,0.10377358490566038,1.0,11.085864
gaussian,gaussian,500,120,120,0.65,20,54,195,5,190,185,0,185,0.02564102564102564,1.0,0.0,0.9736842105263158,208,18,190,189,0,189,0.08653846153846154,1.0,0.0,0.9947368421052631,3.9989126886463455,195,5,190,0.02564102564102564,1.0,3.7712319266490635,207,17,190,0.0821256038647343,1.0,3.9989126886463455,195,5,190,0.02564102564102564,1.0,3.8310845757544896,204,14,190,0.06862745098039216,1.0,10.794332
gaussian,gaussian,500,120,120,0.65,20,55,185,9,176,154,0,154,0.04864864864864865,0.9263157894736842,0.0,0.8105263157894737,201,20,181,165,1,164,0.09950248756218906,0.9526315789473684,0.006060606060606061,0.8631578947368421,3.98403103160319,195,10,185,0.05128205128205128,0.9736842105263158,3.7737824839212126,207,22,185,0.10628019323671498,0.9736842105263158,4.038728363702827,192,7,185,0.036458333333333336,0.9736842105263158,3.795654918708158,206,21,185,0.10194174757281553,0.9736842105263158,10.679954
gaussian,gaussian,500,120,120,0.65,20,56,202,12,190,189,0,189,0.0594059405940594,1.0,0.0,0.9947368421052631,210,20,190,190,1,189,0.09523809523809523,1.0,0.005263157894736842,0.9947368421052631,3.9568023911299948,201,11,190,0.05472636815920398,1.0,3.8146410488999143,210,20,190,0.09523809523809523,1.0,4.001298951500609,200,10,190,0.05,1.0,3.8146410488999143,210,20,190,0.09523809523809523,1.0,10.983433
gaussian,gaussian,500,120,120,0.65,20,57,204,15,189,184,1,183,0.07352941176470588,0.9947368421052631,0.005434782608695652,0.9631578947368421,212,22,190,188,2,186,0.10377358490566038,1.0,0.010638297872340425,0.9789473684210527,3.945944983526255,206,16,190,0.07766990291262135,1.0,3.784860909219595,212,22,190,0.10377358490566038,1.0,4.028922806363851,203,13,190,0.06403940886699508,1.0,3.8151258053248815,211,21,190,0.0995260663507109,1.0,10.419937
gaussian,gaussian,500,120,120,0.65,20,58,189,6,183,163,0,163,0.031746031746031744,0.9631578947368421,0.0,0.8578947368421053,203,19,184,171,1,170,0.09359605911330049,0.968421052631579,0.005847953216374269,0.8947368421052632,4.029180995536931,197,7,190,0.03553299492385787,1.0,3.7884546310498854,208,18,190,0.08653846153846154,1.0,4.029180995536931,197,7,190,0.03553299492385787,1.0,3.7884546310498854,208,18,190,0.08653846153846154,1.0,10.980982
gaussian,gaussian,500,120,120,0.65,20,59,188,9,179,161,0,161,0.047872340425531915,0.9421052631578948,0.0,0.8473684210526315,206,24,182,167,0,167,0.11650485436893204,0.9578947368421052,0.0,0.8789473684210526,3.9668046008917597,199,10,189,0.05025125628140704,0.9947368421052631,3.765357935159935,213,24,189,0.11267605633802817,0.9947368421052631,3.992375353378159,198,9,189,0.045454545454545456,0.9947368421052631,3.7908681757410605,211,22,189,0.10426540284360189,0.9947368421052631,10.47045
gaussian,gaussian,500,120,120,0.65,20,60,187,9,178,152,0,152,0.0481283422459893,0.9368421052631579,0.0,0.8,200,17,183,167,3,164,0.085,0.9631578947368421,0.017964071856287425,0.8631578947368421,3.984441493516257,201,12,189,0.05970149253731343,0.9947368421052631,3.783805807727827,208,19,189,0.09134615384615384,0.9947368421052631,3.984441493516257,201,12,189,0.05970149253731343,0.9947368421052631,3.810522064870354,207,18,189,0.08695652173913043,0.9947368421052631,10.404366
gaussian,gaussian,500,120,120,0.65,20,61,198,8,190,186,0,186,0.04040404040404041,1.0,0.0,0.9789473684210527,213,23,190,190,1,189,0.107981220657277,1.0,0.005263157894736842,0.9947368421052631,3.995096810713056,198,8,190,0.04040404040404041,1.0,3.7642516653967952,213,23,190,0.107981220657277,1.0,3.995096810713056,198,8,190,0.04040404040404041,1.0,3.782313195956899,211,21,190,0.0995260663507109,1.0,11.919419
gaussian,gaussian,500,120,120,0.65,20,62,200,15,185,179,2,177,0.075,0.9736842105263158,0.0111731843575419,0.9315789473684211,210,22,188,182,2,180,0.10476190476190476,0.9894736842105263,0.01098901098901099,0.9473684210526315,3.9698501789609386,201,11,190,0.05472636815920398,1.0,3.7670547339739837,211,21,190,0.0995260663507109,1.0,4.022916534685526,199,9,190,0.04522613065326633,1.0,3.8151582411335445,208,18,190,0.08653846153846154,1.0,10.688646
gaussian,gaussian,500,120,120,0.65,20,63,198,9,189,185,1,184,0.045454545454545456,0.9947368421052631,0.005405405405405406,0.968421052631579,213,24,189,190,1,189,0.11267605633802817,0.9947368421052631,0.005263157894736842,0.9947368421052631,3.971781820182774,198,9,189,0.045454545454545456,0.9947368421052631,3.7636606904863297,211,22,189,0.10426540284360189,0.9947368421052631,3.9811057999756736,197,8,189,0.04060913705583756,0.9947368421052631,3.7903125965250637,207,18,189,0.08695652173913043,0.9947368421052631,11.272126
gaussian,gaussian,500,120,120,0.65,20,64,202,13,189,180,2,178,0.06435643564356436,0.9947368421052631,0.011111111111111112,0.9368421052631579,214,25,189,189,6,183,0.11682242990654206,0.9947368421052631,0.031746031746031744,0.9631578947368421,3.9541312956841934,203,13,190,0.06403940886699508,1.0,3.756713378602922,216,26,190,0.12037037037037036,1.0,3.992739058192942,200,10,190,0.05,1.0,3.785236401625668,213,23,190,0.107981220657277,1.0,10.371725
gaussian,gaussian,500,120,120,0.65,20,65,197,9,188,179,0,179,0.04568527918781726,0.9894736842105263,0.0,0.9421052631578948,207,18,189,182,0,182,0.08695652173913043,0.9947368421052631,0.0,0.9578947368421052,3.9763855735438,199,9,190,0.04522613065326633,1.0,3.7650566984073226,209,19,190,0.09090909090909091,1.0,3.9981297802261206,198,8,190,0.04040404040404041,1.0,3.8024487502511324,206,16,190,0.07766990291262135,1.0,10.358316
gaussian,gaussian,500,120,120,0.65,20,66,206,17,189,185,1,184,0.0825242718446602,0.9947368421052631,0.005405405405405406,0.968421052631579,217,27,190,188,3,185,0.12442396313364056,1.0,0.015957446808510637,0.9736842105263158,3.9700494845762644,210,20,190,0.09523809523809523,1.0,3.7722272078464885,219,29,190,0.1324200913242009,1.0,3.9700494845762644,210,20,190,0.09523809523809523,1.0,3.787313220953736,218,28,190,0.12844036697247707,1.0,11.04323
gaussian,gaussian,500,120,120,0.65,20,67,188,10,178,156,2,154,0.05319148936170213,0.9368421052631579,0.01282051282051282,0.8105263157894737,201,19,182,163,2,161,0.0945273631840796,0.9578947368421052,0.012269938650306749,0.8473684210526315,3.9734669628642143,196,10,186,0.05102040816326531,0.9789473684210527,3.773694058383125,207,19,188,0.09178743961352658,0.9894736842105263,3.984298823970593,195,9,186,0.046153846153846156,0.9789473684210527,3.8361884159020025,202,15,187,0.07425742574257425,0.9842105263157894,10.436982
gaussian,gaussian,500,120,120,0.65,20,68,203,18,185,180,2,178,0.08866995073891626,0.9736842105263158,0.011111111111111112,0.9368421052631579,220,32,188,187,5,182,0.14545454545454545,0.9894736842105263,0.026737967914438502,0.9578947368421052,3.940378605606277,210,21,189,0.1,0.9947368421052631,3.745316721290774,225,35,190,0.15555555555555556,1.0,3.987822768305291,205,16,189,0.07804878048780488,0.9947368421052631,3.777556244367043,221,31,190,0.14027149321266968,1.0,11.046241
gaussian,gaussian,500,120,120,0.65,20,69,204,17,187,177,1,176,0.08333333333333333,0.9842105263157894,0.005649717514124294,0.9263157894736842,212,24,188,180,3,177,0.11320754716981132,0.9894736842105263,0.016666666666666666,0.9315789473684211,4.007904478159612,206,17,189,0.0825242718446602,0.9947368421052631,3.764564145890161,213,23,190,0.107981220657277,1.0,4.007904478159612,206,17,189,0.0825242718446602,0.9947368421052631,3.8096695767723734,211,21,190,0.0995260663507109,1.0,10.554843
gaussian,gaussian,500,120,120,0.65,20,70,197,14,183,166,0,166,0.07106598984771574,0.9631578947368421,0.0,0.8736842105263158,208,23,185,175,1,174,0.11057692307692307,0.9736842105263158,0.005714285714285714,0.9157894736842105,3.9485542783272973,203,17,186,0.08374384236453201,0.9789473684210527,3.8274858002932652,213,26,187,0.12206572769953052,0.9842105263157894,3.988564649630325,202,16,186,0.07920792079207921,0.9789473684210527,3.8274858002932652,213,26,187,0.12206572769953052,0.9842105263157894,10.418459
gaussian,gaussian,500,120,120,0.65,20,71,196,8,188,173,0,173,0.04081632653061224,0.9894736842105263,0.0,0.9105263157894737,206,18,188,179,0,179,0.08737864077669903,0.9894736842105263,0.0,0.9421052631578948,3.950142598522736,200,10,190,0.05,1.0,3.7640745034741556,211,21,190,0.0995260663507109,1.0,4.035572018411514,198,8,190,0.04040404040404041,1.0,3.8181669909339595,208,18,190,0.08653846153846154,1.0,11.041354
gaussian,gaussian,500,120,120,0.65,20,72,191,11,180,160,0,160,0.05759162303664921,0.9473684210526315,0.0,0.8421052631578947,203,20,183,171,1,170,0.09852216748768473,0.9631578947368421,0.005847953216374269,0.8947368421052632,4.017639880084738,200,13,187,0.065,0.9842105263157894,3.7600275929570453,214,27,187,0.1261682242990654,0.9842105263157894,4.017639880084738,200,13,187,0.065,0.9842105263157894,3.8052689219872944,208,21,187,0.10096153846153846,0.9842105263157894,11.084684
gaussian,gaussian,500,120,120,0.65,20,73,191,14,177,150,1,149,0.07329842931937172,0.9315789473684211,0.006666666666666667,0.7842105263157895,206,28,178,155,2,153,0.13592233009708737,0.9368421052631579,0.012903225806451613,0.8052631578947368,3.9645441985549894,202,16,186,0.07920792079207921,0.9789473684210527,3.770787672683682,216,29,187,0.13425925925925927,0.9842105263157894,3.9898753073880484,201,15,186,0.07462686567164178,0.9789473684210527,3.7943770354694846,213,26,187,0.12206572769953052,0.9842105263157894,10.71993
gaussian,gaussian,500,120,120,0.65,20,74,180,5,175,154,0,154,0.027777777777777776,0.9210526315789473,0.0,0.8105263157894737,194,13,181,164,0,164,0.06701030927835051,0.9526315789473684,0.0,0.8631578947368421,3.9909095564428365,194,6,188,0.030927835051546393,0.9894736842105263,3.8073635422115166,201,12,189,0.05970149253731343,0.9947368421052631,3.9909095564428365,194,6,188,0.030927835051546393,0.9894736842105263,3.8073635422115166,201,12,189,0.05970149253731343,0.9947368421052631,10.699708
gaussian,gaussian,500,120,120,0.65,20,75,199,11,188,177,0,177,0.05527638190954774,0.9894736842105263,0.0,0.9315789473684211,217,28,189,184,0,184,0.12903225806451613,0.9947368421052631,0.0,0.968421052631579,3.952157981051632,202,12,190,0.0594059405940594,1.0,3.7692362087478686,217,27,190,0.12442396313364056,1.0,4.002765664615541,199,9,190,0.04522613065326633,1.0,3.7834360049338716,215,25,190,0.11627906976744186,1.0,10.391474
gaussian,gaussian,500,120,120,0.65,20,76,187,15,172,139,1,138,0.08021390374331551,0.9052631578947369,0.007194244604316547,0.7263157894736842,206,28,178,152,2,150,0.13592233009708737,0.9368421052631579,0.013157894736842105,0.7894736842105263,3.9434044380647117,204,19,185,0.09313725490196079,0.9736842105263158,3.7496875537231613,222,33,189,0.14864864864864866,0.9947368421052631,3.998024703484265,199,14,185,0.07035175879396985,0.9736842105263158,3.787597304419949,219,30,189,0.136986301369863,0.9947368421052631,10.371217
gaussian,gaussian,500,120,120,0.65,20,77,199,9,190,186,0,186,0.04522613065326633,1.0,0.0,0.9789473684210527,210,20,190,189,0,189,0.09523809523809523,1.0,0.0,0.9947368421052631,3.9442626756585524,201,11,190,0.05472636815920398,1.0,3.7804633179639096,209,19,190,0.09090909090909091,1.0,4.052919299098283,198,8,190,0.04040404040404041,1.0,3.8303429925865453,205,15,190,0.07317073170731707,1.0,10.925815
gaussian,gaussian,500,120,120,0.65,20,78,198,8,190,187,0,187,0.04040404040404041,1.0,0.0,0.9842105263157894,212,22,190,189,1,188,0.10377358490566038,1.0,0.005291005291005291,0.9894736842105263,3.9569863806288623,197,7,190,0.03553299492385787,1.0,3.7648661052737564,212,22,190,0.10377358490566038,1.0,4.11488649893506,196,6,190,0.030612244897959183,1.0,3.82273992931858,208,18,190,0.08653846153846154,1.0,11.14403
gaussian,gaussian,500,120,120,0.65,20,79,194,7,187,178,1,177,0.03608247422680412,0.9842105263157894,0.0056179775280898875,0.9315789473684211,204,15,189,182,1,181,0.07352941176470588,0.9947368421052631,0.005494505494505495,0.9526315789473684,3.966638707277656,199,9,190,0.04522613065326633,1.0,3.7713346208777874,211,21,190,0.0995260663507109,1.0,4.0507918014327835,197,7,190,0.03553299492385787,1.0,3.815962177243175,206,16,190,0.07766990291262135,1.0,10.755054
gaussian,gaussian,500,120,120,0.65,20,80,194,10,184,169,0,169,0.05154639175257732,0.968421052631579,0.0,0.8894736842105263,209,24,185,174,0,174,0.11483253588516747,0.9736842105263158,0.0,0.9157894736842105,3.968598114399468,199,10,189,0.05025125628140704,0.9947368421052631,3.7676154619456277,212,23,189,0.10849056603773585,0.9947368421052631,3.968598114399468,199,10,189,0.05025125628140704,0.9947368421052631,3.7814493725710134,211,22,189,0.10426540284360189,0.9947368421052631,10.44301
gaussian,gaussian,500,120,120,0.65,20,81,198,8,190,182,0,182,0.04040404040404041,1.0,0.0,0.9578947368421052,205,15,190,186,1,185,0.07317073170731707,1.0,0.005376344086021506,0.9736842105263158,3.9504464993901665,198,8,190,0.04040404040404041,1.0,3.7978657387726225,205,15,190,0.07317073170731707,1.0,4.012985605677821,196,6,190,0.030612244897959183,1.0,3.7978657387726225,205,15,190,0.07317073170731707,1.0,10.523565
gaussian,gaussian,500,120,120,0.65,20,82,197,8,189,188,0,188,0.04060913705583756,0.9947368421052631,0.0,0.9894736842105263,208,18,190,189,1,188,0.08653846153846154,1.0,0.005291005291005291,0.9894736842105263,3.999739074022196,197,7,190,0.03553299492385787,1.0,3.7815959693648673,208,18,190,0.08653846153846154,1.0,3.999739074022196,197,7,190,0.03553299492385787,1.0,3.7815959693648673,208,18,190,0.08653846153846154,1.0,10.95017
gaussian,gaussian,500,120,120,0.65,20,83,195,10,185,176,0,176,0.05128205128205128,0.9736842105263158,0.0,0.9263157894736842,211,23,188,180,3,177,0.10900473933649289,0.9894736842105263,0.016666666666666666,0.9315789473684211,3.9492057008114996,202,12,190,0.0594059405940594,1.0,3.768653526775572,213,23,190,0.107981220657277,1.0,4.0509335939557705,200,10,190,0.05,1.0,3.801631945035647,211,21,190,0.0995260663507109,1.0,10.657235
gaussian,gaussian,500,120,120,0.65,20,84,194,5,189,183,0,183,0.02577319587628866,0.9947368421052631,0.0,0.9631578947368421,207,17,190,186,0,186,0.0821256038647343,1.0,0.0,0.9789473684210527,3.997298362069122,196,6,190,0.030612244897959183,1.0,3.763924564687504,209,19,190,0.09090909090909091,1.0,4.1163593586417155,195,5,190,0.02564102564102564,1.0,3.834952092666141,203,13,190,0.06403940886699508,1.0,10.993401
gaussian,gaussian,500,120,120,0.65,20,85,205,15,190,179,1,178,0.07317073170731707,1.0,0.00558659217877095,0.9368421052631579,215,25,190,180,1,179,0.11627906976744186,1.0,0.005555555555555556,0.9421052631578948,3.989015135163493,204,14,190,0.06862745098039216,1.0,3.7575320599333653,217,27,190,0.12442396313364056,1.0,3.989015135163493,204,14,190,0.06862745098039216,1.0,3.785110102074619,213,23,190,0.107981220657277,1.0,10.543544
gaussian,gaussian,500,120,120,0.65,20,86,198,11,187,184,2,182,0.05555555555555555,0.9842105263157894,0.010869565217391304,0.9578947368421052,213,24,189,187,3,184,0.11267605633802817,0.9947368421052631,0.016042780748663103,0.968421052631579,3.9628466706241534,201,11,190,0.05472636815920398,1.0,3.7627984560445022,212,22,190,0.10377358490566038,1.0,4.033585364075167,200,10,190,0.05,1.0,3.811590346622369,208,18,190,0.08653846153846154,1.0,10.493672
gaussian,gaussian,500,120,120,0.65,20,87,186,9,177,159,0,159,0.04838709677419355,0.9315789473684211,0.0,0.8368421052631579,200,20,180,169,3,166,0.1,0.9473684210526315,0.01775147928994083,0.8736842105263158,3.9566534935683366,196,9,187,0.04591836734693878,0.9842105263157894,3.787664690643756,207,19,188,0.09178743961352658,0.9894736842105263,4.148725082732403,193,6,187,0.031088082901554404,0.9842105263157894,3.823314826854651,204,16,188,0.0784313725490196,0.9894736842105263,10.869569
gaussian,gaussian,500,120,120,0.65,20,88,193,8,185,177,0,177,0.04145077720207254,0.9736842105263158,0.0,0.9315789473684211,209,23,186,180,0,180,0.11004784688995216,0.9789473684210527,0.0,0.9473684210526315,3.950720708743921,196,8,188,0.04081632653061224,0.9894736842105263,3.771154057311626,212,23,189,0.10849056603773585,0.9947368421052631,4.054471183200068,195,7,188,0.035897435897435895,0.9894736842105263,3.8073958432718182,210,21,189,0.1,0.9947368421052631,10.692598
gaussian,gaussian,500,120,120,0.65,20,89,183,5,178,161,1,160,0.0273224043715847,0.9368421052631579,0.006211180124223602,0.8421052631578947,191,11,180,165,1,164,0.05759162303664921,0.9473684210526315,0.006060606060606061,0.8631578947368421,3.9748951491201843,194,5,189,0.02577319587628866,0.9947368421052631,3.773807639577818,202,13,189,0.06435643564356436,0.9947368421052631,4.085136724346561,193,5,188,0.025906735751295335,0.9894736842105263,3.8450158977412756,197,8,189,0.04060913705583756,0.9947368421052631,10.468046
gaussian,gaussian,500,120,120,0.65,20,90,189,6,183,165,0,165,0.031746031746031744,0.9631578947368421,0.0,0.868421052631579,198,14,184,172,0,172,0.0707070707070707,0.968421052631579,0.0,0.9052631578947369,3.9873557850628405,195,7,188,0.035897435897435895,0.9894736842105263,3.7759526276949016,202,14,188,0.06930693069306931,0.9894736842105263,3.9873557850628405,195,7,188,0.035897435897435895,0.9894736842105263,3.7845322684317386,201,13,188,0.06467661691542288,0.9894736842105263,10.784266
gaussian,gaussian,500,120,120,0.65,20,91,190,10,180,159,2,157,0.05263157894736842,0.9473684210526315,0.012578616352201259,0.8263157894736842,202,18,184,164,3,161,0.0891089108910891,0.968421052631579,0.018292682926829267,0.8473684210526315,3.9450498962681206,200,12,188,0.06,0.9894736842105263,3.7707810902135708,207,18,189,0.08695652173913043,0.9947368421052631,3.994750715796493,197,9,188,0.04568527918781726,0.9894736842105263,3.786712694756743,206,17,189,0.0825242718446602,0.9947368421052631,10.833887
gaussian,gaussian,500,120,120,0.65,20,92,201,12,189,178,2,176,0.05970149253731343,0.9947368421052631,0.011235955056179775,0.9263157894736842,218,29,189,183,3,180,0.13302752293577982,0.9947368421052631,0.01639344262295082,0.9473684210526315,3.955251107657808,202,12,190,0.0594059405940594,1.0,3.7521387560926227,221,31,190,0.14027149321266968,1.0,3.991235770937491,201,11,190,0.05472636815920398,1.0,3.7968898014691406,216,26,190,0.12037037037037036,1.0,10.811438
gaussian,gaussian,500,120,120,0.65,20,93,200,10,190,191,2,189,0.05,1.0,0.010471204188481676,0.9947368421052631,219,29,190,192,3,189,0.1324200913242009,1.0,0.015625,0.9947368421052631,3.9480535976165076,200,10,190,0.05,1.0,3.7710171323009685,217,27,190,0.12442396313364056,1.0,4.077865764287037,195,5,190,0.02564102564102564,1.0,3.8107198673293503,210,20,190,0.09523809523809523,1.0,10.426814
gaussian,gaussian,500,120,120,0.65,20,94,193,3,190,190,0,190,0.015544041450777202,1.0,0.0,1.0,199,9,190,190,0,190,0.04522613065326633,1.0,0.0,1.0,4.0488676972095705,195,5,190,0.02564102564102564,1.0,3.8129141466924454,200,10,190,0.05,1.0,4.0488676972095705,195,5,190,0.02564102564102564,1.0,3.8129141466924454,200,10,190,0.05,1.0,11.712806
gaussian,gaussian,500,120,120,0.65,20,95,202,12,190,192,2,190,0.0594059405940594,1.0,0.010416666666666666,1.0,209,19,190,193,3,190,0.09090909090909091,1.0,0.015544041450777202,1.0,3.964684476721045,203,13,190,0.06403940886699508,1.0,3.7681263513865306,210,20,190,0.09523809523809523,1.0,4.0299530168845275,202,12,190,0.0594059405940594,1.0,3.829231726420847,206,16,190,0.07766990291262135,1.0,11.113677
gaussian,gaussian,500,120,120,0.65,20,96,196,11,185,169,0,169,0.05612244897959184,0.9736842105263158,0.0,0.8894736842105263,205,19,186,171,1,170,0.09268292682926829,0.9789473684210527,0.005847953216374269,0.8947368421052632,3.9594220861735048,198,10,188,0.050505050505050504,0.9894736842105263,3.829305174515999,206,17,189,0.0825242718446602,0.9947368421052631,4.020931831479009,196,8,188,0.04081632653061224,0.9894736842105263,3.829305174515999,206,17,189,0.0825242718446602,0.9947368421052631,10.493595
gaussian,gaussian,500,120,120,0.65,20,97,200,11,189,187,2,185,0.055,0.9947368421052631,0.0106951871657754,0.9736842105263158,208,19,189,189,2,187,0.09134615384615384,0.9947368421052631,0.010582010582010581,0.9842105263157894,3.995209948900334,200,10,190,0.05,1.0,3.768388821241685,208,18,190,0.08653846153846154,1.0,3.995209948900334,200,10,190,0.05,1.0,3.8739698824989204,205,15,190,0.07317073170731707,1.0,10.918211
gaussian,gaussian,500,120,120,0.65,20,98,186,9,177,158,1,157,0.04838709677419355,0.9315789473684211,0.006329113924050633,0.8263157894736842,201,21,180,168,1,167,0.1044776119402985,0.9473684210526315,0.005952380952380952,0.8789473684210526,3.984778787551189,194,9,185,0.04639175257731959,0.9736842105263158,3.77519375607018,206,19,187,0.09223300970873786,0.9842105263157894,4.026448692773985,192,7,185,0.036458333333333336,0.9736842105263158,3.8355876782415272,202,15,187,0.07425742574257425,0.9842105263157894,10.920456
gaussian,gaussian,500,120,120,0.65,20,99,201,11,190,191,2,189,0.05472636815920398,1.0,0.010471204188481676,0.9947368421052631,206,16,190,192,3,189,0.07766990291262135,1.0,0.015625,0.9947368421052631,3.9707270154925816,199,9,190,0.04522613065326633,1.0,3.786166247054356,206,16,190,0.07766990291262135,1.0,4.029013537723769,198,8,190,0.04040404040404041,1.0,3.8085819269561343,205,15,190,0.07317073170731707,1.0,10.840651
gaussian,gaussian,500,120,120,0.65,20,100,194,11,183,163,1,162,0.05670103092783505,0.9631578947368421,0.006134969325153374,0.8526315789473684,218,32,186,172,1,171,0.14678899082568808,0.9789473684210527,0.005813953488372093,0.9,3.9617932939548606,199,10,189,0.05025125628140704,0.9947368421052631,3.7528494899437397,220,30,190,0.13636363636363635,1.0,3.972855303299444,198,9,189,0.045454545454545456,0.9947368421052631,3.782144975237951,213,23,190,0.107981220657277,1.0,10.879727
gaussian,gaussian,500,120,120,0.65,20,101,199,12,187,177,0,177,0.06030150753768844,0.9842105263157894,0.0,0.9315789473684211,214,26,188,180,1,179,0.12149532710280374,0.9894736842105263,0.005555555555555556,0.9421052631578948,3.96374944881352,203,13,190,0.06403940886699508,1.0,3.7550927226103,217,27,190,0.12442396313364056,1.0,4.071841955785507,200,10,190,0.05,1.0,3.8178436906212028,211,21,190,0.0995260663507109,1.0,10.784202
gaussian,gaussian,500,120,120,0.65,20,102,199,11,188,182,1,181,0.05527638190954774,0.9894736842105263,0.005494505494505495,0.9526315789473684,210,22,188,189,3,186,0.10476190476190476,0.9894736842105263,0.015873015873015872,0.9789473684210527,3.9771473478955492,201,12,189,0.05970149253731343,0.9947368421052631,3.7662612995745066,215,25,190,0.11627906976744186,1.0,4.002242502951046,199,10,189,0.05025125628140704,0.9947368421052631,3.80570716739643,211,22,189,0.10426540284360189,0.9947368421052631,10.766618
gaussian,gaussian,500,120,120,0.65,20,103,187,12,175,146,1,145,0.06417112299465241,0.9210526315789473,0.00684931506849315,0.7631578947368421,200,19,181,153,1,152,0.095,0.9526315789473684,0.006535947712418301,0.8,3.9456294119612063,202,12,190,0.0594059405940594,1.0,3.792114089219717,207,17,190,0.0821256038647343,1.0,4.019970384573748,200,10,190,0.05,1.0,3.792114089219717,207,17,190,0.0821256038647343,1.0,10.864236
gaussian,gaussian,500,120,120,0.65,20,104,205,15,190,189,1,188,0.07317073170731707,1.0,0.005291005291005291,0.9894736842105263,216,26,190,193,4,189,0.12037037037037036,1.0,0.02072538860103627,0.9947368421052631,3.939644727603253,206,16,190,0.07766990291262135,1.0,3.7589207515938075,218,28,190,0.12844036697247707,1.0,4.019314975696889,203,13,190,0.06403940886699508,1.0,3.863873548888868,211,21,190,0.0995260663507109,1.0,10.861216
gaussian,gaussian,500,120,120,0.65,20,105,201,11,190,190,2,188,0.05472636815920398,1.0,0.010526315789473684,0.9894736842105263,213,23,190,193,4,189,0.107981220657277,1.0,0.02072538860103627,0.9947368421052631,3.9738901542188683,201,11,190,0.05472636815920398,1.0,3.759171917497771,213,23,190,0.107981220657277,1.0,3.9867403311575718,200,10,190,0.05,1.0,3.806809219661964,210,20,190,0.09523809523809523,1.0,10.895529
gaussian,gaussian,500,120,120,0.65,20,106,197,8,189,184,0,184,0.04060913705583756,0.9947368421052631,0.0,0.968421052631579,207,18,189,187,1,186,0.08695652173913043,0.9947368421052631,0.0053475935828877,0.9789473684210527,3.969671516161117,199,9,190,0.04522613065326633,1.0,3.777696234102139,207,17,190,0.0821256038647343,1.0,4.17467297523543,195,5,190,0.02564102564102564,1.0,3.8512038100373074,205,15,190,0.07317073170731707,1.0,10.877514
gaussian,gaussian,500,120,120,0.65,20,107,199,9,190,191,1,190,0.04522613065326633,1.0,0.005235602094240838,1.0,217,27,190,192,2,190,0.12442396313364056,1.0,0.010416666666666666,1.0,3.9512146276213507,200,10,190,0.05,1.0,3.759173276624644,221,31,190,0.14027149321266968,1.0,4.017132845749989,198,8,190,0.04040404040404041,1.0,3.8277788406942137,211,21,190,0.0995260663507109,1.0,10.869605
gaussian,gaussian,500,120,120,0.65,20,108,198,9,189,181,0,181,0.045454545454545456,0.9947368421052631,0.0,0.9526315789473684,206,16,190,182,0,182,0.07766990291262135,1.0,0.0,0.9578947368421052,3.9541754328076073,199,9,190,0.04522613065326633,1.0,3.808518085389615,207,17,190,0.0821256038647343,1.0,3.9880524059643987,198,8,190,0.04040404040404041,1.0,3.808518085389615,207,17,190,0.0821256038647343,1.0,11.037379
gaussian,gaussian,500,120,120,0.65,20,109,203,15,188,181,0,181,0.07389162561576355,0.9894736842105263,0.0,0.9526315789473684,210,22,188,184,1,183,0.10476190476190476,0.9894736842105263,0.005434782608695652,0.9631578947368421,3.956254594987751,204,16,188,0.0784313725490196,0.9894736842105263,3.767967476499429,211,21,190,0.0995260663507109,1.0,4.006573841193052,201,13,188,0.06467661691542288,0.9894736842105263,3.8099411967244805,209,20,189,0.09569377990430622,0.9947368421052631,10.751129
gaussian,gaussian,500,120,120,0.65,20,110,184,15,169,130,1,129,0.08152173913043478,0.8894736842105263,0.007692307692307693,0.6789473684210526,208,32,176,144,1,143,0.15384615384615385,0.9263157894736842,0.006944444444444444,0.7526315789473684,3.9690624291796537,200,15,185,0.075,0.9736842105263158,3.7598708869261164,217,31,186,0.14285714285714285,0.9789473684210527,3.9690624291796537,200,15,185,0.075,0.9736842105263158,3.7653830778561432,215,30,185,0.13953488372093023,0.9736842105263158,10.786454
gaussian,gaussian,500,120,120,0.65,20,111,200,13,187,168,1,167,0.065,0.9842105263157894,0.005952380952380952,0.8789473684210526,224,35,189,175,4,171,0.15625,0.9947368421052631,0.022857142857142857,0.9,3.945549117712678,200,10,190,0.05,1.0,3.761563825242531,224,34,190,0.15178571428571427,1.0,4.018658270669829,198,8,190,0.04040404040404041,1.0,3.7775282084326425,222,32,190,0.14414414414414414,1.0,11.761353
gaussian,gaussian,500,120,120,0.65,20,112,203,13,190,186,1,185,0.06403940886699508,1.0,0.005376344086021506,0.9736842105263158,212,22,190,190,2,188,0.10377358490566038,1.0,0.010526315789473684,0.9894736842105263,3.9446912396340497,202,12,190,0.0594059405940594,1.0,3.7669336741625083,213,23,190,0.107981220657277,1.0,4.029500856443926,201,11,190,0.05472636815920398,1.0,3.8130701129472544,210,20,190,0.09523809523809523,1.0,10.819014
gaussian,gaussian,500,120,120,0.65,20,113,203,18,185,169,2,167,0.08866995073891626,0.9736842105263158,0.011834319526627219,0.8789473684210526,216,29,187,180,4,176,0.13425925925925927,0.9842105263157894,0.022222222222222223,0.9263157894736842,3.9602180107203533,207,17,190,0.0821256038647343,1.0,3.753254399448925,220,30,190,0.13636363636363635,1.0,3.990567150555885,205,15,190,0.07317073170731707,1.0,3.7939381891016857,218,28,190,0.12844036697247707,1.0,10.950853
gaussian,gaussian,500,120,120,0.65,20,114,202,17,185,180,3,177,0.08415841584158416,0.9736842105263158,0.016666666666666666,0.9315789473684211,224,36,188,184,4,180,0.16071428571428573,0.9894736842105263,0.021739130434782608,0.9473684210526315,3.9322377243495015,210,20,190,0.09523809523809523,1.0,3.77032455922338,224,34,190,0.15178571428571427,1.0,3.986377951707478,206,16,190,0.07766990291262135,1.0,3.7887876032263414,220,30,190,0.13636363636363635,1.0,10.82563
gaussian,gaussian,500,120,120,0.65,20,115,202,17,185,171,1,170,0.08415841584158416,0.9736842105263158,0.005847953216374269,0.8947368421052632,213,25,188,178,1,177,0.11737089201877934,0.9894736842105263,0.0056179775280898875,0.9315789473684211,3.934894430858345,208,18,190,0.08653846153846154,1.0,3.789110085206154,215,25,190,0.11627906976744186,1.0,4.041577419688393,203,13,190,0.06403940886699508,1.0,3.789110085206154,215,25,190,0.11627906976744186,1.0,10.862175
gaussian,gaussian,500,120,120,0.65,20,116,188,5,183,165,0,165,0.026595744680851064,0.9631578947368421,0.0,0.868421052631579,199,15,184,169,0,169,0.07537688442211055,0.968421052631579,0.0,0.8894736842105263,3.954930809441641,197,8,189,0.04060913705583756,0.9947368421052631,3.7649638545595043,209,20,189,0.09569377990430622,0.9947368421052631,4.007257252164296,195,6,189,0.03076923076923077,0.9947368421052631,3.82841203743545,204,15,189,0.07352941176470588,0.9947368421052631,10.841712
gaussian,gaussian,500,120,120,0.65,20,117,205,17,188,184,2,182,0.08292682926829269,0.9894736842105263,0.010869565217391304,0.9578947368421052,221,32,189,187,2,185,0.14479638009049775,0.9947368421052631,0.0106951871657754,0.9736842105263158,3.9408689323887507,205,15,190,0.07317073170731707,1.0,3.7709659203157333,222,32,190,0.14414414414414414,1.0,3.965542823850095,202,12,190,0.0594059405940594,1.0,3.773265587378021,221,31,190,0.14027149321266968,1.0,10.822307
gaussian,gaussian,500,120,120,0.65,20,118,195,10,185,167,1,166,0.05128205128205128,0.9736842105263158,0.005988023952095809,0.8736842105263158,210,22,188,171,1,170,0.10476190476190476,0.9894736842105263,0.005847953216374269,0.8947368421052632,3.9794591977304687,201,12,189,0.05970149253731343,0.9947368421052631,3.777149354836374,214,25,189,0.11682242990654206,0.9947368421052631,3.999504936317551,200,11,189,0.055,0.9947368421052631,3.798011610838611,211,22,189,0.10426540284360189,0.9947368421052631,11.204091
gaussian,gaussian,500,120,120,0.65,20,119,167,3,164,138,0,138,0.017964071856287425,0.8631578947368421,0.0,0.7263157894736842,184,13,171,145,0,145,0.07065217391304347,0.9,0.0,0.7631578947368421,3.9620073135476908,189,4,185,0.021164021164021163,0.9736842105263158,3.7767226563189715,201,15,186,0.07462686567164178,0.9789473684210527,4.097396759710795,187,4,183,0.0213903743315508,0.9631578947368421,3.792616390491054,200,14,186,0.07,0.9789473684210527,11.409908
gaussian,gaussian,500,120,120,0.65,20,120,198,8,190,178,0,178,0.04040404040404041,1.0,0.0,0.9368421052631579,212,22,190,184,0,184,0.10377358490566038,1.0,0.0,0.968421052631579,3.981379824910327,198,8,190,0.04040404040404041,1.0,3.7735779392612665,210,20,190,0.09523809523809523,1.0,3.9917619494904093,197,7,190,0.03553299492385787,1.0,3.8046202153818767,207,17,190,0.0821256038647343,1.0,11.178749
gaussian,gaussian,500,120,120,0.65,20,121,200,10,190,189,0,189,0.05,1.0,0.0,0.9947368421052631,206,16,190,192,3,189,0.07766990291262135,1.0,0.015625,0.9947368421052631,3.9500854765047166,201,11,190,0.05472636815920398,1.0,3.8107528767295333,207,17,190,0.0821256038647343,1.0,4.053117768614618,197,7,190,0.03553299492385787,1.0,3.864914892909787,205,15,190,0.07317073170731707,1.0,11.14519
gaussian,gaussian,500,120,120,0.65,20,122,197,8,189,182,0,182,0.04060913705583756,0.9947368421052631,0.0,0.9578947368421052,211,21,190,188,0,188,0.0995260663507109,1.0,0.0,0.9894736842105263,3.951316472357559,199,9,190,0.04522613065326633,1.0,3.7688912417895586,211,21,190,0.0995260663507109,1.0,4.008430588573806,196,6,190,0.030612244897959183,1.0,3.8092661305829774,207,17,190,0.0821256038647343,1.0,11.020187
gaussian,gaussian,500,120,120,0.65,20,123,202,13,189,190,2,188,0.06435643564356436,0.9947368421052631,0.010526315789473684,0.9894736842105263,210,21,189,192,3,189,0.1,0.9947368421052631,0.015625,0.9947368421052631,3.9564117061707655,203,13,190,0.06403940886699508,1.0,3.7647579706644105,212,22,190,0.10377358490566038,1.0,4.024485199898536,200,10,190,0.05,1.0,3.803904732280932,210,20,190,0.09523809523809523,1.0,10.90777
gaussian,gaussian,500,120,120,0.65,20,124,168,3,165,141,0,141,0.017857142857142856,0.868421052631579,0.0,0.7421052631578947,195,17,178,152,0,152,0.08717948717948718,0.9368421052631579,0.0,0.8,3.9661729781676325,192,5,187,0.026041666666666668,0.9842105263157894,3.760041555518677,215,25,190,0.11627906976744186,1.0,4.014920325955813,190,3,187,0.015789473684210527,0.9842105263157894,3.7940479355669354,208,18,190,0.08653846153846154,1.0,11.014384
gaussian,gaussian,500,120,120,0.65,20,125,200,12,188,182,1,181,0.06,0.9894736842105263,0.005494505494505495,0.9526315789473684,209,20,189,185,1,184,0.09569377990430622,0.9947368421052631,0.005405405405405406,0.968421052631579,3.954573335518266,201,11,190,0.05472636815920398,1.0,3.767584334056927,208,18,190,0.08653846153846154,1.0,4.01045744878525,199,9,190,0.04522613065326633,1.0,3.8201258251735672,205,15,190,0.07317073170731707,1.0,11.164059
gaussian,gaussian,500,120,120,0.65,20,126,197,11,186,184,1,183,0.05583756345177665,0.9789473684210527,0.005434782608695652,0.9631578947368421,206,20,186,185,2,183,0.0970873786407767,0.9789473684210527,0.010810810810810811,0.9631578947368421,3.9553196053056667,199,9,190,0.04522613065326633,1.0,3.7805363784012607,210,20,190,0.09523809523809523,1.0,4.100803327375485,197,7,190,0.03553299492385787,1.0,3.806678912191245,209,19,190,0.09090909090909091,1.0,10.997001
gaussian,gaussian,500,120,120,0.65,20,127,199,14,185,172,1,171,0.07035175879396985,0.9736842105263158,0.005813953488372093,0.9,210,23,187,181,3,178,0.10952380952380952,0.9842105263157894,0.016574585635359115,0.9368421052631579,3.98105795958105,203,14,189,0.06896551724137931,0.9947368421052631,3.758300449800888,214,25,189,0.11682242990654206,0.9947368421052631,4.002972971358792,202,13,189,0.06435643564356436,0.9947368421052631,3.809693622010534,210,21,189,0.1,0.9947368421052631,11.976434
gaussian,gaussian,500,120,120,0.65,20,128,204,14,190,182,0,182,0.06862745098039216,1.0,0.0,0.9578947368421052,215,25,190,188,1,187,0.11627906976744186,1.0,0.005319148936170213,0.9842105263157894,3.947791899695341,205,15,190,0.07317073170731707,1.0,3.764627603429297,214,24,190,0.11214953271028037,1.0,4.050184775406132,202,12,190,0.0594059405940594,1.0,3.796457149734379,210,20,190,0.09523809523809523,1.0,10.894696
gaussian,gaussian,500,120,120,0.65,20,129,190,8,182,171,0,171,0.042105263157894736,0.9578947368421052,0.0,0.9,200,16,184,173,0,173,0.08,0.968421052631579,0.0,0.9105263157894737,3.959702429551346,198,11,187,0.05555555555555555,0.9842105263157894,3.7700857972043496,206,18,188,0.08737864077669903,0.9894736842105263,4.029618459960444,197,10,187,0.050761421319796954,0.9842105263157894,3.7835193230673703,205,17,188,0.08292682926829269,0.9894736842105263,11.076372
gaussian,gaussian,500,120,120,0.65,20,130,192,17,175,149,0,149,0.08854166666666667,0.9210526315789473,0.0,0.7842105263157895,213,35,178,167,3,164,0.1643192488262911,0.9368421052631579,0.017964071856287425,0.8631578947368421,3.9434791911876514,204,18,186,0.08823529411764706,0.9789473684210527,3.748575953530694,222,35,187,0.15765765765765766,0.9842105263157894,3.9809323126820466,202,16,186,0.07920792079207921,0.9789473684210527,3.780861611746008,217,30,187,0.1382488479262673,0.9842105263157894,11.169933
gaussian,gaussian,500,120,120,0.65,20,131,200,16,184,175,1,174,0.08,0.968421052631579,0.005714285714285714,0.9157894736842105,208,22,186,179,2,177,0.10576923076923077,0.9789473684210527,0.0111731843575419,0.9315789473684211,3.950031148090584,207,17,190,0.0821256038647343,1.0,3.7783896795072587,213,23,190,0.107981220657277,1.0,3.981736168109622,205,15,190,0.07317073170731707,1.0,3.7783896795072587,213,23,190,0.107981220657277,1.0,11.181168
gaussian,gaussian,500,120,120,0.65,20,132,191,10,181,164,1,163,0.05235602094240838,0.9526315789473684,0.006097560975609756,0.8578947368421053,204,20,184,171,1,170,0.09803921568627451,0.968421052631579,0.005847953216374269,0.8947368421052632,3.9674825254081276,199,9,190,0.04522613065326633,1.0,3.7642481458756762,212,22,190,0.10377358490566038,1.0,3.9674825254081276,199,9,190,0.04522613065326633,1.0,3.7642481458756762,212,22,190,0.10377358490566038,1.0,11.376033
gaussian,gaussian,500,120,120,0.65,20,133,202,12,190,187,2,185,0.0594059405940594,1.0,0.0106951871657754,0.9736842105263158,211,21,190,189,2,187,0.0995260663507109,1.0,0.010582010582010581,0.9842105263157894,3.9450651669288086,206,16,190,0.07766990291262135,1.0,3.778919250825763,214,24,190,0.11214953271028037,1.0,3.9794010515928706,204,14,190,0.06862745098039216,1.0,3.820562197456627,213,23,190,0.107981220657277,1.0,10.835595
gaussian,gaussian,500,120,120,0.65,20,134,201,13,188,185,1,184,0.06467661691542288,0.9894736842105263,0.005405405405405406,0.968421052631579,205,17,188,188,2,186,0.08292682926829269,0.9894736842105263,0.010638297872340425,0.9789473684210527,3.9733011308978536,204,14,190,0.06862745098039216,1.0,3.7701033437104736,209,19,190,0.09090909090909091,1.0,4.001434913004496,201,11,190,0.05472636815920398,1.0,3.811039103952254,208,18,190,0.08653846153846154,1.0,10.711924
gaussian,gaussian,500,120,120,0.65,20,135,185,10,175,150,1,149,0.05405405405405406,0.9210526315789473,0.006666666666666667,0.7842105263157895,200,21,179,160,2,158,0.105,0.9421052631578948,0.0125,0.8315789473684211,3.9594968892210396,194,9,185,0.04639175257731959,0.9736842105263158,3.7618674546882858,211,23,188,0.10900473933649289,0.9894736842105263,4.022693664821417,193,9,184,0.046632124352331605,0.968421052631579,3.8067736355933857,206,20,186,0.0970873786407767,0.9789473684210527,11.216207
gaussian,gaussian,500,120,120,0.65,20,136,200,14,186,173,1,172,0.07,0.9789473684210527,0.005780346820809248,0.9052631578947369,217,30,187,184,2,182,0.1382488479262673,0.9842105263157894,0.010869565217391304,0.9578947368421052,4.000513947430137,203,14,189,0.06896551724137931,0.9947368421052631,3.7628010104075504,218,29,189,0.13302752293577982,0.9947368421052631,4.000513947430137,203,14,189,0.06896551724137931,0.9947368421052631,3.807069377885358,214,25,189,0.11682242990654206,0.9947368421052631,10.986418
gaussian,gaussian,500,120,120,0.65,20,137,202,17,185,174,3,171,0.08415841584158416,0.9736842105263158,0.017241379310344827,0.9,224,37,187,179,4,175,0.16517857142857142,0.9842105263157894,0.0223463687150838,0.9210526315789473,3.942601362473504,207,18,189,0.08695652173913043,0.9947368421052631,3.7697184166810787,225,36,189,0.16,0.9947368421052631,3.965085968746369,205,16,189,0.07804878048780488,0.9947368421052631,3.781445188956568,222,33,189,0.14864864864864866,0.9947368421052631,10.922119
gaussian,gaussian,500,120,120,0.65,20,138,191,5,186,177,1,176,0.02617801047120419,0.9789473684210527,0.005649717514124294,0.9263157894736842,203,16,187,182,1,181,0.07881773399014778,0.9842105263157894,0.005494505494505495,0.9526315789473684,3.975774288313485,195,5,190,0.02564102564102564,1.0,3.7796171351962835,206,16,190,0.07766990291262135,1.0,4.050220824192517,194,4,190,0.020618556701030927,1.0,3.814818377517774,201,11,190,0.05472636815920398,1.0,11.190097
gaussian,gaussian,500,120,120,0.65,20,139,197,12,185,181,1,180,0.06091370558375635,0.9736842105263158,0.0055248618784530384,0.9473684210526315,214,24,190,185,3,182,0.11214953271028037,1.0,0.016216216216216217,0.9578947368421052,3.944383264104598,202,12,190,0.0594059405940594,1.0,3.755538183989271,216,26,190,0.12037037037037036,1.0,4.041769709735204,200,10,190,0.05,1.0,3.7956311910510254,214,24,190,0.11214953271028037,1.0,10.878848
gaussian,gaussian,500,120,120,0.65,20,140,187,8,179,153,1,152,0.0427807486631016,0.9421052631578948,0.006535947712418301,0.8,208,24,184,162,1,161,0.11538461538461539,0.968421052631579,0.006172839506172839,0.8473684210526315,4.007505942949811,196,8,188,0.04081632653061224,0.9894736842105263,3.7614072559820424,212,24,188,0.11320754716981132,0.9894736842105263,4.007505942949811,196,8,188,0.04081632653061224,0.9894736842105263,3.8035464774980148,207,19,188,0.09178743961352658,0.9894736842105263,10.855567
gaussian,gaussian,500,120,120,0.65,20,141,200,10,190,184,2,182,0.05,1.0,0.010869565217391304,0.9578947368421052,219,29,190,189,3,186,0.1324200913242009,1.0,0.015873015873015872,0.9789473684210527,3.960070255774498,200,10,190,0.05,1.0,3.766677863370808,216,26,190,0.12037037037037036,1.0,3.9908126102074784,199,9,190,0.04522613065326633,1.0,3.766677863370808,216,26,190,0.12037037037037036,1.0,11.02356
gaussian,gaussian,500,120,120,0.65,20,142,200,10,190,192,3,189,0.05,1.0,0.015625,0.9947368421052631,218,28,190,192,3,189,0.12844036697247707,1.0,0.015625,0.9947368421052631,3.9653142629716553,201,11,190,0.05472636815920398,1.0,3.7701733239185935,218,28,190,0.12844036697247707,1.0,4.0039380125599875,198,8,190,0.04040404040404041,1.0,3.8022401347293453,216,26,190,0.12037037037037036,1.0,10.560268
gaussian,gaussian,500,120,120,0.65,20,143,194,6,188,179,0,179,0.030927835051546393,0.9894736842105263,0.0,0.9421052631578948,210,21,189,180,1,179,0.1,0.9947368421052631,0.005555555555555556,0.9421052631578948,3.9746396163471047,195,6,189,0.03076923076923077,0.9947368421052631,3.7685138710493815,206,17,189,0.0825242718446602,0.9947368421052631,3.9746396163471047,195,6,189,0.03076923076923077,0.9947368421052631,3.80112577447881,205,16,189,0.07804878048780488,0.9947368421052631,10.94428
gaussian,gaussian,500,120,120,0.65,20,144,195,5,190,187,0,187,0.02564102564102564,1.0,0.0,0.9842105263157894,205,15,190,189,0,189,0.07317073170731707,1.0,0.0,0.9947368421052631,4.003316662213778,195,5,190,0.02564102564102564,1.0,3.779490334161655,205,15,190,0.07317073170731707,1.0,4.003316662213778,195,5,190,0.02564102564102564,1.0,3.819875602981547,203,13,190,0.06403940886699508,1.0,11.132871
gaussian,gaussian,500,120,120,0.65,20,145,199,9,190,190,1,189,0.04522613065326633,1.0,0.005263157894736842,0.9947368421052631,215,25,190,190,1,189,0.11627906976744186,1.0,0.005263157894736842,0.9947368421052631,3.973819465622704,199,9,190,0.04522613065326633,1.0,3.767951921904963,211,21,190,0.0995260663507109,1.0,3.973819465622704,199,9,190,0.04522613065326633,1.0,3.7854674526000744,208,18,190,0.08653846153846154,1.0,11.208131
gaussian,gaussian,500,120,120,0.65,20,146,201,11,190,183,1,182,0.05472636815920398,1.0,0.00546448087431694,0.9578947368421052,212,22,190,187,1,186,0.10377358490566038,1.0,0.0053475935828877,0.9789473684210527,3.9954591826953703,200,10,190,0.05,1.0,3.7638575307827105,212,22,190,0.10377358490566038,1.0,3.9954591826953703,200,10,190,0.05,1.0,3.7901593694175917,211,21,190,0.0995260663507109,1.0,11.056359
gaussian,gaussian,500,120,120,0.65,20,147,188,7,181,173,0,173,0.03723404255319149,0.9526315789473684,0.0,0.9105263157894737,196,12,184,178,1,177,0.061224489795918366,0.968421052631579,0.0056179775280898875,0.9315789473684211,3.980258802202139,197,7,190,0.03553299492385787,1.0,3.7791419594161724,202,12,190,0.0594059405940594,1.0,3.9964849634417052,196,6,190,0.030612244897959183,1.0,3.8188244634700244,200,10,190,0.05,1.0,10.650302
gaussian,gaussian,500,120,120,0.65,20,148,205,16,189,184,2,182,0.07804878048780488,0.9947368421052631,0.010869565217391304,0.9578947368421052,223,33,190,185,2,183,0.14798206278026907,1.0,0.010810810810810811,0.9631578947368421,3.944685803192009,204,14,190,0.06862745098039216,1.0,3.7544042497250354,222,32,190,0.14414414414414414,1.0,3.989479673449302,203,13,190,0.06403940886699508,1.0,3.7874373817753693,217,27,190,0.12442396313364056,1.0,11.108055
gaussian,gaussian,500,120,120,0.65,20,149,176,12,164,138,2,136,0.06818181818181818,0.8631578947368421,0.014492753623188406,0.7157894736842105,182,16,166,148,3,145,0.08791208791208792,0.8736842105263158,0.02027027027027027,0.7631578947368421,3.9650423471118823,193,13,180,0.06735751295336788,0.9473684210526315,3.787108548555908,202,20,182,0.09900990099009901,0.9578947368421052,4.001129611374496,192,12,180,0.0625,0.9473684210526315,3.8536729031620536,199,17,182,0.08542713567839195,0.9578947368421052,10.887962
gaussian,gaussian,500,120,120,0.65,20,150,198,14,184,173,1,172,0.0707070707070707,0.968421052631579,0.005780346820809248,0.9052631578947369,212,25,187,188,6,182,0.1179245283018868,0.9842105263157894,0.031914893617021274,0.9578947368421052,3.9402912589827643,204,14,190,0.06862745098039216,1.0,3.764625393568897,213,23,190,0.107981220657277,1.0,4.0102324455107405,202,12,190,0.0594059405940594,1.0,3.7882151038078673,211,21,190,0.0995260663507109,1.0,11.188891
gaussian,gaussian,500,120,120,0.65,20,151,193,9,184,174,0,174,0.046632124352331605,0.968421052631579,0.0,0.9157894736842105,208,22,186,182,1,181,0.10576923076923077,0.9789473684210527,0.005494505494505495,0.9526315789473684,3.9479791252931777,200,10,190,0.05,1.0,3.765460885105117,211,21,190,0.0995260663507109,1.0,3.980645091916699,198,8,190,0.04040404040404041,1.0,3.8025780799136557,205,15,190,0.07317073170731707,1.0,11.370542
gaussian,gaussian,500,120,120,0.65,20,152,193,7,186,178,0,178,0.03626943005181347,0.9789473684210527,0.0,0.9368421052631579,204,17,187,181,1,180,0.08333333333333333,0.9842105263157894,0.0055248618784530384,0.9473684210526315,3.9630757845000377,197,7,190,0.03553299492385787,1.0,3.7711425153426865,207,17,190,0.0821256038647343,1.0,4.008049105418033,196,7,189,0.03571428571428571,0.9947368421052631,3.8531895397406957,203,13,190,0.06403940886699508,1.0,11.784109
gaussian,gaussian,500,120,120,0.65,20,153,194,7,187,178,0,178,0.03608247422680412,0.9842105263157894,0.0,0.9368421052631579,210,21,189,180,0,180,0.1,0.9947368421052631,0.0,0.9473684210526315,3.951699379774167,196,6,190,0.030612244897959183,1.0,3.766365511262482,211,21,190,0.0995260663507109,1.0,4.029716303650122,193,3,190,0.015544041450777202,1.0,3.8119873460182894,208,18,190,0.08653846153846154,1.0,11.390616
gaussian,gaussian,500,120,120,0.65,20,154,203,14,189,183,0,183,0.06896551724137931,0.9947368421052631,0.0,0.9631578947368421,216,27,189,186,0,186,0.125,0.9947368421052631,0.0,0.9789473684210527,3.976694540240061,202,12,190,0.0594059405940594,1.0,3.7701360357311557,215,25,190,0.11627906976744186,1.0,3.976694540240061,202,12,190,0.0594059405940594,1.0,3.7941667360489824,212,22,190,0.10377358490566038,1.0,11.503805
gaussian,gaussian,500,120,120,0.65,20,155,174,9,165,122,0,122,0.05172413793103448,0.868421052631579,0.0,0.6421052631578947,192,23,169,142,2,140,0.11979166666666667,0.8894736842105263,0.014084507042253521,0.7368421052631579,3.984547408594441,187,10,177,0.053475935828877004,0.9315789473684211,3.796496760368739,204,24,180,0.11764705882352941,0.9473684210526315,4.034720825711839,185,8,177,0.043243243243243246,0.9315789473684211,3.796496760368739,204,24,180,0.11764705882352941,0.9473684210526315,11.702245
gaussian,gaussian,500,120,120,0.65,20,156,205,15,190,192,2,190,0.07317073170731707,1.0,0.010416666666666666,1.0,218,28,190,194,4,190,0.12844036697247707,1.0,0.020618556701030927,1.0,3.980051922429146,207,17,190,0.0821256038647343,1.0,3.7597335343135736,218,28,190,0.12844036697247707,1.0,3.9982888130373095,206,16,190,0.07766990291262135,1.0,3.8002157836440276,214,24,190,0.11214953271028037,1.0,11.601609
gaussian,gaussian,500,120,120,0.65,20,157,189,11,178,159,2,157,0.0582010582010582,0.9368421052631579,0.012578616352201259,0.8263157894736842,202,22,180,167,3,164,0.10891089108910891,0.9473684210526315,0.017964071856287425,0.8631578947368421,3.989992228033296,200,12,188,0.06,0.9894736842105263,3.7611033109744705,213,25,188,0.11737089201877934,0.9894736842105263,3.989992228033296,200,12,188,0.06,0.9894736842105263,3.7884440938745403,212,24,188,0.11320754716981132,0.9894736842105263,11.40339
gaussian,gaussian,500,120,120,0.65,20,158,201,15,186,178,1,177,0.07462686567164178,0.9789473684210527,0.0056179775280898875,0.9315789473684211,216,29,187,180,1,179,0.13425925925925927,0.9842105263157894,0.005555555555555556,0.9421052631578948,3.941583161712647,206,17,189,0.0825242718446602,0.9947368421052631,3.7637332540065613,218,29,189,0.13302752293577982,0.9947368421052631,3.986110460408882,204,15,189,0.07352941176470588,0.9947368421052631,3.785117797133696,217,28,189,0.12903225806451613,0.9947368421052631,11.585935
gaussian,gaussian,500,120,120,0.65,20,159,204,14,190,187,0,187,0.06862745098039216,1.0,0.0,0.9842105263157894,215,25,190,190,1,189,0.11627906976744186,1.0,0.005263157894736842,0.9947368421052631,3.9478737512269517,204,14,190,0.06862745098039216,1.0,3.7848343193142573,213,23,190,0.107981220657277,1.0,4.02248985519621,200,10,190,0.05,1.0,3.8202677635977516,212,22,190,0.10377358490566038,1.0,11.685
gaussian,gaussian,500,120,120,0.65,20,160,195,10,185,165,1,164,0.05128205128205128,0.9736842105263158,0.006060606060606061,0.8631578947368421,210,23,187,174,2,172,0.10952380952380952,0.9842105263157894,0.011494252873563218,0.9052631578947369,3.9835928557874944,202,12,190,0.0594059405940594,1.0,3.788521307965459,211,21,190,0.0995260663507109,1.0,4.009521244554794,199,9,190,0.04522613065326633,1.0,3.792925866618946,210,20,190,0.09523809523809523,1.0,12.419464
gaussian,gaussian,500,120,120,0.65,20,161,180,9,171,132,0,132,0.05,0.9,0.0,0.6947368421052632,199,24,175,142,0,142,0.12060301507537688,0.9210526315789473,0.0,0.7473684210526316,3.9590308227242947,198,10,188,0.050505050505050504,0.9894736842105263,3.7639008124294464,215,26,189,0.12093023255813953,0.9947368421052631,3.9590308227242947,198,10,188,0.050505050505050504,0.9894736842105263,3.780028664052063,213,24,189,0.11267605633802817,0.9947368421052631,11.605418
gaussian,gaussian,500,120,120,0.65,20,162,187,13,174,134,0,134,0.06951871657754011,0.9157894736842105,0.0,0.7052631578947368,207,28,179,148,0,148,0.13526570048309178,0.9421052631578948,0.0,0.7789473684210526,3.97326492986635,203,14,189,0.06896551724137931,0.9947368421052631,3.7505738992478985,222,33,189,0.14864864864864866,0.9947368421052631,3.9862430398197968,202,13,189,0.06435643564356436,0.9947368421052631,3.8225405080762056,217,28,189,0.12903225806451613,0.9947368421052631,11.181076
gaussian,gaussian,500,120,120,0.65,20,163,177,7,170,143,0,143,0.03954802259887006,0.8947368421052632,0.0,0.7526315789473684,201,21,180,153,0,153,0.1044776119402985,0.9473684210526315,0.0,0.8052631578947368,3.9654112847652656,196,8,188,0.04081632653061224,0.9894736842105263,3.7712369059454476,210,22,188,0.10476190476190476,0.9894736842105263,4.04354340965737,194,6,188,0.030927835051546393,0.9894736842105263,3.7934905474942378,208,20,188,0.09615384615384616,0.9894736842105263,11.490797
gaussian,gaussian,500,120,120,0.65,20,164,193,11,182,167,1,166,0.05699481865284974,0.9578947368421052,0.005988023952095809,0.8736842105263158,204,21,183,174,2,172,0.10294117647058823,0.9631578947368421,0.011494252873563218,0.9052631578947369,3.9525279949424017,200,10,190,0.05,1.0,3.7642212082579913,212,22,190,0.10377358490566038,1.0,4.006462547095529,198,9,189,0.045454545454545456,0.9947368421052631,3.8100279219780497,206,16,190,0.07766990291262135,1.0,12.650781
gaussian,gaussian,500,120,120,0.65,20,165,196,11,185,180,0,180,0.05612244897959184,0.9736842105263158,0.0,0.9473684210526315,211,26,185,182,1,181,0.12322274881516587,0.9736842105263158,0.005494505494505495,0.9526315789473684,3.9555810019320363,202,12,190,0.0594059405940594,1.0,3.763527451863182,215,25,190,0.11627906976744186,1.0,3.978581466375433,201,11,190,0.05472636815920398,1.0,3.7756214620499966,214,24,190,0.11214953271028037,1.0,14.794909
gaussian,gaussian,500,120,120,0.65,20,166,185,8,177,158,1,157,0.043243243243243246,0.9315789473684211,0.006329113924050633,0.8263157894736842,204,20,184,167,1,166,0.09803921568627451,0.968421052631579,0.005988023952095809,0.8736842105263158,3.963835821847485,200,11,189,0.055,0.9947368421052631,3.7719373603834803,213,24,189,0.11267605633802817,0.9947368421052631,4.042768414918364,199,10,189,0.05025125628140704,0.9947368421052631,3.806534007198536,209,20,189,0.09569377990430622,0.9947368421052631,11.111088
gaussian,gaussian,500,120,120,0.65,20,167,192,8,184,175,2,173,0.041666666666666664,0.968421052631579,0.011428571428571429,0.9105263157894737,202,16,186,180,2,178,0.07920792079207921,0.9789473684210527,0.011111111111111112,0.9368421052631579,3.961162299851703,198,8,190,0.04040404040404041,1.0,3.7699724838235578,205,15,190,0.07317073170731707,1.0,4.006740289239254,197,7,190,0.03553299492385787,1.0,3.816105134591652,203,13,190,0.06403940886699508,1.0,10.657708
gaussian,gaussian,500,120,120,0.65,20,168,206,16,190,190,2,188,0.07766990291262135,1.0,0.010526315789473684,0.9894736842105263,216,26,190,193,4,189,0.12037037037037036,1.0,0.02072538860103627,0.9947368421052631,3.9417820452391332,208,18,190,0.08653846153846154,1.0,3.7720641982356686,216,26,190,0.12037037037037036,1.0,4.00313454374884,204,14,190,0.06862745098039216,1.0,3.8290503904191455,215,25,190,0.11627906976744186,1.0,11.010946
gaussian,gaussian,500,120,120,0.65,20,169,185,7,178,159,1,158,0.03783783783783784,0.9368421052631579,0.006289308176100629,0.8315789473684211,201,19,182,164,2,162,0.0945273631840796,0.9578947368421052,0.012195121951219513,0.8526315789473684,3.9634016120115416,199,9,190,0.04522613065326633,1.0,3.765414326319329,211,21,190,0.0995260663507109,1.0,4.064034788286711,196,7,189,0.03571428571428571,0.9947368421052631,3.8158621807100666,208,18,190,0.08653846153846154,1.0,11.060492
gaussian,gaussian,500,120,120,0.65,20,170,193,8,185,183,0,183,0.04145077720207254,0.9736842105263158,0.0,0.9631578947368421,212,23,189,184,0,184,0.10849056603773585,0.9947368421052631,0.0,0.968421052631579,3.953001076665369,197,7,190,0.03553299492385787,1.0,3.7809808064227943,207,17,190,0.0821256038647343,1.0,4.004169270382711,196,6,190,0.030612244897959183,1.0,3.7963839104205155,206,16,190,0.07766990291262135,1.0,11.344722
gaussian,gaussian,500,120,120,0.65,20,171,179,4,175,156,1,155,0.0223463687150838,0.9210526315789473,0.00641025641025641,0.8157894736842105,191,10,181,167,1,166,0.05235602094240838,0.9526315789473684,0.005988023952095809,0.8736842105263158,3.974705576454046,194,5,189,0.02577319587628866,0.9947368421052631,3.8008012148896517,203,13,190,0.06403940886699508,1.0,4.024257158101102,193,5,188,0.025906735751295335,0.9894736842105263,3.8008012148896517,203,13,190,0.06403940886699508,1.0,11.134577
gaussian,gaussian,500,120,120,0.65,20,172,196,9,187,180,1,179,0.04591836734693878,0.9842105263157894,0.005555555555555556,0.9421052631578948,208,20,188,187,3,184,0.09615384615384616,0.9894736842105263,0.016042780748663103,0.968421052631579,3.946932091172646,199,10,189,0.05025125628140704,0.9947368421052631,3.784658598369631,207,17,190,0.0821256038647343,1.0,4.007374233975721,197,8,189,0.04060913705583756,0.9947368421052631,3.7934754974105145,206,16,190,0.07766990291262135,1.0,11.338202
gaussian,gaussian,500,120,120,0.65,20,173,206,18,188,179,0,179,0.08737864077669903,0.9894736842105263,0.0,0.9421052631578948,227,37,190,188,2,186,0.16299559471365638,1.0,0.010638297872340425,0.9789473684210527,3.9379208293237036,210,20,190,0.09523809523809523,1.0,3.755543085385089,227,37,190,0.16299559471365638,1.0,3.9860705730278556,207,17,190,0.0821256038647343,1.0,3.7769236540742526,223,33,190,0.14798206278026907,1.0,10.720955
gaussian,gaussian,500,120,120,0.65,20,174,190,5,185,177,0,177,0.02631578947368421,0.9736842105263158,0.0,0.9315789473684211,200,14,186,182,0,182,0.07,0.9789473684210527,0.0,0.9578947368421052,3.9694340277251463,193,5,188,0.025906735751295335,0.9894736842105263,3.80923634263703,203,15,188,0.07389162561576355,0.9894736842105263,4.017017227131608,191,3,188,0.015706806282722512,0.9894736842105263,3.80923634263703,203,15,188,0.07389162561576355,0.9894736842105263,10.933321
gaussian,gaussian,500,120,120,0.65,20,175,189,3,186,180,0,180,0.015873015873015872,0.9789473684210527,0.0,0.9473684210526315,201,13,188,186,0,186,0.06467661691542288,0.9894736842105263,0.0,0.9789473684210527,4.212148893575944,193,3,190,0.015544041450777202,1.0,3.772054427650605,205,15,190,0.07317073170731707,1.0,4.212148893575944,193,3,190,0.015544041450777202,1.0,3.800799233927661,202,12,190,0.0594059405940594,1.0,12.061048
gaussian,gaussian,500,120,120,0.65,20,176,196,7,189,183,1,182,0.03571428571428571,0.9947368421052631,0.00546448087431694,0.9578947368421052,208,19,189,183,1,182,0.09134615384615384,0.9947368421052631,0.00546448087431694,0.9578947368421052,3.9495006874468577,202,12,190,0.0594059405940594,1.0,3.7726361610988812,212,22,190,0.10377358490566038,1.0,4.006261481763446,201,11,190,0.05472636815920398,1.0,3.819443004686634,209,19,190,0.09090909090909091,1.0,10.797174
gaussian,gaussian,500,120,120,0.65,20,177,200,13,187,173,0,173,0.065,0.9842105263157894,0.0,0.9105263157894737,214,26,188,181,1,180,0.12149532710280374,0.9894736842105263,0.0055248618784530384,0.9473684210526315,3.9392275877443788,205,15,190,0.07317073170731707,1.0,3.7893449300912647,216,26,190,0.12037037037037036,1.0,4.004888887962514,202,13,189,0.06435643564356436,0.9947368421052631,3.8204717701771127,215,25,190,0.11627906976744186,1.0,10.734858
gaussian,gaussian,500,120,120,0.65,20,178,198,8,190,186,1,185,0.04040404040404041,1.0,0.005376344086021506,0.9736842105263158,211,21,190,188,1,187,0.0995260663507109,1.0,0.005319148936170213,0.9842105263157894,3.9939980262553285,196,6,190,0.030612244897959183,1.0,3.7666037073748604,209,19,190,0.09090909090909091,1.0,4.1469211619450155,194,4,190,0.020618556701030927,1.0,3.8137133314908223,204,14,190,0.06862745098039216,1.0,10.734884
gaussian,gaussian,500,120,120,0.65,20,179,197,16,181,159,1,158,0.08121827411167512,0.9526315789473684,0.006289308176100629,0.8315789473684211,209,26,183,170,3,167,0.12440191387559808,0.9631578947368421,0.01764705882352941,0.8789473684210526,3.9482625189956466,205,16,189,0.07804878048780488,0.9947368421052631,3.761299405317884,216,27,189,0.125,0.9947368421052631,4.0159332983280045,203,14,189,0.06896551724137931,0.9947368421052631,3.788845357116307,215,26,189,0.12093023255813953,0.9947368421052631,10.912782
gaussian,gaussian,500,120,120,0.65,20,180,197,9,188,185,0,185,0.04568527918781726,0.9894736842105263,0.0,0.9736842105263158,208,19,189,190,2,188,0.09134615384615384,0.9947368421052631,0.010526315789473684,0.9894736842105263,3.988799758843141,200,10,190,0.05,1.0,3.763982283364926,212,22,190,0.10377358490566038,1.0,4.019226782808325,198,8,190,0.04040404040404041,1.0,3.807292078174117,210,20,190,0.09523809523809523,1.0,10.989345
gaussian,gaussian,500,120,120,0.65,20,181,202,13,189,187,1,186,0.06435643564356436,0.9947368421052631,0.0053475935828877,0.9789473684210527,211,22,189,189,2,187,0.10426540284360189,0.9947368421052631,0.010582010582010581,0.9842105263157894,3.977881330981635,205,15,190,0.07317073170731707,1.0,3.7616146272667916,216,26,190,0.12037037037037036,1.0,3.977881330981635,205,15,190,0.07317073170731707,1.0,3.7907892616554686,212,22,190,0.10377358490566038,1.0,10.944604
gaussian,gaussian,500,120,120,0.65,20,182,184,9,175,152,0,152,0.04891304347826087,0.9210526315789473,0.0,0.8,198,18,180,157,1,156,0.09090909090909091,0.9473684210526315,0.006369426751592357,0.8210526315789474,3.955935821788698,195,10,185,0.05128205128205128,0.9736842105263158,3.775804432336157,205,19,186,0.09268292682926829,0.9789473684210527,4.019286717625426,194,9,185,0.04639175257731959,0.9736842105263158,3.785485027561155,203,17,186,0.08374384236453201,0.9789473684210527,10.832114
gaussian,gaussian,500,120,120,0.65,20,183,201,11,190,186,0,186,0.05472636815920398,1.0,0.0,0.9789473684210527,212,22,190,188,0,188,0.10377358490566038,1.0,0.0,0.9894736842105263,3.9740956701259886,201,11,190,0.05472636815920398,1.0,3.766748681610704,213,23,190,0.107981220657277,1.0,3.9811033162011698,200,10,190,0.05,1.0,3.8080097946412357,212,22,190,0.10377358490566038,1.0,10.694434
gaussian,gaussian,500,120,120,0.65,20,184,187,11,176,154,1,153,0.058823529411764705,0.9263157894736842,0.006493506493506494,0.8052631578947368,198,18,180,162,1,161,0.09090909090909091,0.9473684210526315,0.006172839506172839,0.8473684210526315,3.967928224781858,199,12,187,0.06030150753768844,0.9842105263157894,3.773316271446359,208,20,188,0.09615384615384616,0.9894736842105263,3.981874804469234,198,11,187,0.05555555555555555,0.9842105263157894,3.8026512478138565,206,18,188,0.08737864077669903,0.9894736842105263,10.774101
gaussian,gaussian,500,120,120,0.65,20,185,192,7,185,168,1,167,0.036458333333333336,0.9736842105263158,0.005952380952380952,0.8789473684210526,202,15,187,173,1,172,0.07425742574257425,0.9842105263157894,0.005780346820809248,0.9052631578947369,4.0015312034503605,197,7,190,0.03553299492385787,1.0,3.7663302253923137,207,17,190,0.0821256038647343,1.0,4.0015312034503605,197,7,190,0.03553299492385787,1.0,3.8070622626192523,204,14,190,0.06862745098039216,1.0,10.854139
gaussian,gaussian,500,120,120,0.65,20,186,190,9,181,159,3,156,0.04736842105263158,0.9526315789473684,0.018867924528301886,0.8210526315789474,203,19,184,166,3,163,0.09359605911330049,0.968421052631579,0.018072289156626505,0.8578947368421053,3.985089260426408,199,10,189,0.05025125628140704,0.9947368421052631,3.763862855790539,211,21,190,0.0995260663507109,1.0,3.9977754377842785,198,9,189,0.045454545454545456,0.9947368421052631,3.8057862067024875,208,18,190,0.08653846153846154,1.0,10.83505
gaussian,gaussian,500,120,120,0.65,20,187,167,5,162,105,0,105,0.029940119760479042,0.8526315789473684,0.0,0.5526315789473685,182,12,170,122,0,122,0.06593406593406594,0.8947368421052632,0.0,0.6421052631578947,4.002230588464615,188,5,183,0.026595744680851064,0.9631578947368421,3.781803698109847,199,15,184,0.07537688442211055,0.968421052631579,4.023274710781866,186,3,183,0.016129032258064516,0.9631578947368421,3.836996568939317,195,11,184,0.05641025641025641,0.968421052631579,10.712477
gaussian,gaussian,500,120,120,0.65,20,188,192,8,184,172,0,172,0.041666666666666664,0.968421052631579,0.0,0.9052631578947369,207,22,185,176,0,176,0.10628019323671498,0.9736842105263158,0.0,0.9263157894736842,3.966889688272688,197,8,189,0.04060913705583756,0.9947368421052631,3.7766449213185838,210,21,189,0.1,0.9947368421052631,3.966889688272688,197,8,189,0.04060913705583756,0.9947368421052631,3.7766449213185838,210,21,189,0.1,0.9947368421052631,10.681653
gaussian,gaussian,500,120,120,0.65,20,189,193,9,184,177,0,177,0.046632124352331605,0.968421052631579,0.0,0.9315789473684211,205,19,186,180,0,180,0.09268292682926829,0.9789473684210527,0.0,0.9473684210526315,3.9695842807413633,198,8,190,0.04040404040404041,1.0,3.7704246081069055,208,18,190,0.08653846153846154,1.0,4.0182627779473385,195,5,190,0.02564102564102564,1.0,3.8101577778000357,206,16,190,0.07766990291262135,1.0,10.71069
gaussian,gaussian,500,120,120,0.65,20,190,200,14,186,169,1,168,0.07,0.9789473684210527,0.005917159763313609,0.8842105263157894,214,25,189,176,4,172,0.11682242990654206,0.9947368421052631,0.022727272727272728,0.9052631578947369,3.954072703927871,203,13,190,0.06403940886699508,1.0,3.768840943257411,216,26,190,0.12037037037037036,1.0,3.9867149685948604,202,12,190,0.0594059405940594,1.0,3.7798046859814662,214,24,190,0.11214953271028037,1.0,10.711006
gaussian,gaussian,500,120,120,0.65,20,191,186,8,178,161,1,160,0.043010752688172046,0.9368421052631579,0.006211180124223602,0.8421052631578947,200,19,181,171,2,169,0.095,0.9526315789473684,0.011695906432748537,0.8894736842105263,3.9759718065805076,197,9,188,0.04568527918781726,0.9894736842105263,3.7681145577189628,209,20,189,0.09569377990430622,0.9947368421052631,4.078315448571956,196,8,188,0.04081632653061224,0.9894736842105263,3.824775769787659,206,17,189,0.0825242718446602,0.9947368421052631,10.772766
gaussian,gaussian,500,120,120,0.65,20,192,198,10,188,177,3,174,0.050505050505050504,0.9894736842105263,0.01694915254237288,0.9157894736842105,217,28,189,182,3,179,0.12903225806451613,0.9947368421052631,0.016483516483516484,0.9421052631578948,3.9531040940365236,200,10,190,0.05,1.0,3.7570514421099444,219,29,190,0.1324200913242009,1.0,4.001354699955575,199,9,190,0.04522613065326633,1.0,3.792800965203655,215,25,190,0.11627906976744186,1.0,11.554064
gaussian,gaussian,500,120,120,0.65,20,193,195,7,188,186,2,184,0.035897435897435895,0.9894736842105263,0.010752688172043012,0.968421052631579,204,16,188,187,2,185,0.0784313725490196,0.9894736842105263,0.0106951871657754,0.9736842105263158,3.9595792429962624,195,5,190,0.02564102564102564,1.0,3.764943140179466,208,18,190,0.08653846153846154,1.0,4.043570637189036,194,5,189,0.02577319587628866,0.9947368421052631,3.8149271564768257,203,13,190,0.06403940886699508,1.0,10.741104
gaussian,gaussian,500,120,120,0.65,20,194,196,13,183,157,3,154,0.0663265306122449,0.9631578947368421,0.01910828025477707,0.8105263157894737,217,32,185,164,3,161,0.14746543778801843,0.9736842105263158,0.018292682926829267,0.8473684210526315,3.9430146577671477,203,14,189,0.06896551724137931,0.9947368421052631,3.763551561862724,221,32,189,0.14479638009049775,0.9947368421052631,3.96382365729008,200,11,189,0.055,0.9947368421052631,3.763551561862724,221,32,189,0.14479638009049775,0.9947368421052631,10.791517
gaussian,gaussian,500,120,120,0.65,20,195,200,13,187,175,1,174,0.065,0.9842105263157894,0.005714285714285714,0.9157894736842105,211,23,188,176,1,175,0.10900473933649289,0.9894736842105263,0.005681818181818182,0.9210526315789473,3.959889738564283,204,14,190,0.06862745098039216,1.0,3.7634862131393922,214,24,190,0.11214953271028037,1.0,3.9843197054401003,201,11,190,0.05472636815920398,1.0,3.7904905772217,210,20,190,0.09523809523809523,1.0,11.227086
gaussian,gaussian,500,120,120,0.65,20,196,194,12,182,161,1,160,0.061855670103092786,0.9578947368421052,0.006211180124223602,0.8421052631578947,210,25,185,169,3,166,0.11904761904761904,0.9736842105263158,0.01775147928994083,0.8736842105263158,3.9671584205581585,203,13,190,0.06403940886699508,1.0,3.755921104774288,217,27,190,0.12442396313364056,1.0,4.060864841735032,202,12,190,0.0594059405940594,1.0,3.7991303777234156,213,23,190,0.107981220657277,1.0,10.976593
gaussian,gaussian,500,120,120,0.65,20,197,201,14,187,181,0,181,0.06965174129353234,0.9842105263157894,0.0,0.9526315789473684,213,23,190,187,3,184,0.107981220657277,1.0,0.016042780748663103,0.968421052631579,3.976916857023283,203,13,190,0.06403940886699508,1.0,3.77983019311468,213,23,190,0.107981220657277,1.0,3.976916857023283,203,13,190,0.06403940886699508,1.0,3.77983019311468,213,23,190,0.107981220657277,1.0,11.413377
gaussian,gaussian,500,120,120,0.65,20,198,198,10,188,181,1,180,0.050505050505050504,0.9894736842105263,0.0055248618784530384,0.9473684210526315,208,20,188,185,2,183,0.09615384615384616,0.9894736842105263,0.010810810810810811,0.9631578947368421,3.9684751508444,201,11,190,0.05472636815920398,1.0,3.7929970732047664,210,20,190,0.09523809523809523,1.0,4.014738689231522,199,9,190,0.04522613065326633,1.0,3.8256672635976,207,17,190,0.0821256038647343,1.0,11.238342
gaussian,gaussian,500,120,120,0.65,20,199,197,8,189,185,1,184,0.04060913705583756,0.9947368421052631,0.005405405405405406,0.968421052631579,207,17,190,189,1,188,0.0821256038647343,1.0,0.005291005291005291,0.9894736842105263,3.9653423357765956,201,11,190,0.05472636815920398,1.0,3.791132564223021,208,18,190,0.08653846153846154,1.0,4.001684786154681,200,10,190,0.05,1.0,3.8095595600513006,207,17,190,0.0821256038647343,1.0,11.663757
gaussian,gaussian,500,120,120,0.65,20,200,198,10,188,179,2,177,0.050505050505050504,0.9894736842105263,0.0111731843575419,0.9315789473684211,218,29,189,185,4,181,0.13302752293577982,0.9947368421052631,0.021621621621621623,0.9526315789473684,3.9626343498959904,201,11,190,0.05472636815920398,1.0,3.7525540144124845,219,29,190,0.1324200913242009,1.0,4.07638816271724,198,8,190,0.04040404040404041,1.0,3.7875529092894933,215,25,190,0.11627906976744186,1.0,11.2696
gaussian,gaussian,500,120,120,0.65,20,201,196,8,188,187,0,187,0.04081632653061224,0.9894736842105263,0.0,0.9842105263157894,208,19,189,187,0,187,0.09134615384615384,0.9947368421052631,0.0,0.9842105263157894,3.9617262218718867,198,8,190,0.04040404040404041,1.0,3.7709688062071125,207,17,190,0.0821256038647343,1.0,3.9890480393864567,197,7,190,0.03553299492385787,1.0,3.7827931448502903,205,15,190,0.07317073170731707,1.0,11.380323
gaussian,gaussian,500,120,120,0.65,20,202,199,9,190,191,2,189,0.04522613065326633,1.0,0.010471204188481676,0.9947368421052631,212,22,190,192,3,189,0.10377358490566038,1.0,0.015625,0.9947368421052631,3.961497781251151,201,11,190,0.05472636815920398,1.0,3.772542500669643,215,25,190,0.11627906976744186,1.0,4.012504724817482,199,9,190,0.04522613065326633,1.0,3.8177441925561686,214,24,190,0.11214953271028037,1.0,11.376842
gaussian,gaussian,500,120,120,0.65,20,203,207,23,184,164,3,161,0.1111111111111111,0.968421052631579,0.018292682926829267,0.8473684210526315,220,35,185,173,5,168,0.1590909090909091,0.9736842105263158,0.028901734104046242,0.8842105263157894,3.969120222749174,211,22,189,0.10426540284360189,0.9947368421052631,3.7430912669578693,227,37,190,0.16299559471365638,1.0,3.9864956571685997,210,21,189,0.1,0.9947368421052631,3.7846392297152835,221,31,190,0.14027149321266968,1.0,11.528507
gaussian,gaussian,500,120,120,0.65,20,204,182,6,176,145,1,144,0.03296703296703297,0.9263157894736842,0.006896551724137931,0.7578947368421053,199,18,181,154,1,153,0.09045226130653267,0.9526315789473684,0.006493506493506494,0.8052631578947368,3.952364409152802,194,6,188,0.030927835051546393,0.9894736842105263,3.7707189134049135,207,19,188,0.09178743961352658,0.9894736842105263,4.008230796330271,192,5,187,0.026041666666666668,0.9842105263157894,3.7862042602928287,206,18,188,0.08737864077669903,0.9894736842105263,11.311871
gaussian,gaussian,500,120,120,0.65,20,205,198,10,188,170,1,169,0.050505050505050504,0.9894736842105263,0.0058823529411764705,0.8894736842105263,209,20,189,180,1,179,0.09569377990430622,0.9947368421052631,0.005555555555555556,0.9421052631578948,3.9672104073728978,201,11,190,0.05472636815920398,1.0,3.775224321974637,211,21,190,0.0995260663507109,1.0,4.011605938068637,200,11,189,0.055,0.9947368421052631,3.797227191510534,208,18,190,0.08653846153846154,1.0,11.492409
gaussian,gaussian,500,120,120,0.65,20,206,181,7,174,152,0,152,0.03867403314917127,0.9157894736842105,0.0,0.8,196,14,182,162,0,162,0.07142857142857142,0.9578947368421052,0.0,0.8526315789473684,3.950359451884223,196,8,188,0.04081632653061224,0.9894736842105263,3.783573817302858,204,15,189,0.07352941176470588,0.9947368421052631,4.06698131716148,193,5,188,0.025906735751295335,0.9894736842105263,3.80409020239048,202,13,189,0.06435643564356436,0.9947368421052631,11.211057
gaussian,gaussian,500,120,120,0.65,20,207,196,7,189,179,1,178,0.03571428571428571,0.9947368421052631,0.00558659217877095,0.9368421052631579,204,14,190,185,1,184,0.06862745098039216,1.0,0.005405405405405406,0.968421052631579,3.9809064586621234,197,7,190,0.03553299492385787,1.0,3.776242919275366,204,14,190,0.06862745098039216,1.0,4.046375311460233,195,5,190,0.02564102564102564,1.0,3.825266599250529,201,11,190,0.05472636815920398,1.0,11.359794
gaussian,gaussian,500,120,120,0.65,20,208,199,12,187,178,0,178,0.06030150753768844,0.9842105263157894,0.0,0.9368421052631579,209,21,188,180,0,180,0.10047846889952153,0.9894736842105263,0.0,0.9473684210526315,3.966829194645763,203,13,190,0.06403940886699508,1.0,3.7716117897278663,215,25,190,0.11627906976744186,1.0,4.010473716454416,201,11,190,0.05472636815920398,1.0,3.8201696700234766,210,20,190,0.09523809523809523,1.0,12.434066
gaussian,gaussian,500,120,120,0.65,20,209,212,22,190,191,3,188,0.10377358490566038,1.0,0.015706806282722512,0.9894736842105263,226,36,190,191,3,188,0.1592920353982301,1.0,0.015706806282722512,0.9894736842105263,3.930746992137656,213,23,190,0.107981220657277,1.0,3.7438012821795494,229,39,190,0.1703056768558952,1.0,4.053774661106109,203,13,190,0.06403940886699508,1.0,3.8089653694463883,225,35,190,0.15555555555555556,1.0,11.409069
gaussian,gaussian,500,120,120,0.65,20,210,196,8,188,185,0,185,0.04081632653061224,0.9894736842105263,0.0,0.9736842105263158,210,21,189,188,2,186,0.1,0.9947368421052631,0.010638297872340425,0.9789473684210527,4.019976840084568,197,7,190,0.03553299492385787,1.0,3.773428928940134,208,18,190,0.08653846153846154,1.0,4.019976840084568,197,7,190,0.03553299492385787,1.0,3.8051101540186423,204,14,190,0.06862745098039216,1.0,11.199928
gaussian,gaussian,500,120,120,0.65,20,211,201,13,188,180,2,178,0.06467661691542288,0.9894736842105263,0.011111111111111112,0.9368421052631579,217,29,188,188,4,184,0.1336405529953917,0.9894736842105263,0.02127659574468085,0.968421052631579,4.0172613076500525,203,13,190,0.06403940886699508,1.0,3.761037610264928,218,28,190,0.12844036697247707,1.0,4.0172613076500525,203,13,190,0.06403940886699508,1.0,3.796522653279358,213,23,190,0.107981220657277,1.0,11.056152
gaussian,gaussian,500,120,120,0.65,20,212,192,7,185,169,1,168,0.036458333333333336,0.9736842105263158,0.005917159763313609,0.8842105263157894,211,23,188,177,1,176,0.10900473933649289,0.9894736842105263,0.005649717514124294,0.9263157894736842,3.950942983563483,195,6,189,0.03076923076923077,0.9947368421052631,3.7631957785120225,211,22,189,0.10426540284360189,0.9947368421052631,4.007633815228947,194,5,189,0.02577319587628866,0.9947368421052631,3.7907218992698604,209,20,189,0.09569377990430622,0.9947368421052631,11.194378
gaussian,gaussian,500,120,120,0.65,20,213,199,12,187,180,1,179,0.06030150753768844,0.9842105263157894,0.005555555555555556,0.9421052631578948,212,24,188,185,2,183,0.11320754716981132,0.9894736842105263,0.010810810810810811,0.9631578947368421,3.970794695059259,202,12,190,0.0594059405940594,1.0,3.7611975698526745,216,26,190,0.12037037037037036,1.0,3.997772041659981,201,11,190,0.05472636815920398,1.0,3.8050595333396893,213,23,190,0.107981220657277,1.0,11.004193
gaussian,gaussian,500,120,120,0.65,20,214,197,8,189,186,2,184,0.04060913705583756,0.9947368421052631,0.010752688172043012,0.968421052631579,215,25,190,189,2,187,0.11627906976744186,1.0,0.010582010582010581,0.9842105263157894,3.9492665906013094,199,9,190,0.04522613065326633,1.0,3.757610857551814,218,28,190,0.12844036697247707,1.0,4.029222135522773,197,7,190,0.03553299492385787,1.0,3.798836031516485,213,23,190,0.107981220657277,1.0,10.755394
gaussian,gaussian,500,120,120,0.65,20,215,194,5,189,185,0,185,0.02577319587628866,0.9947368421052631,0.0,0.9736842105263158,205,16,189,189,3,186,0.07804878048780488,0.9947368421052631,0.015873015873015872,0.9789473684210527,3.949649385900788,196,7,189,0.03571428571428571,0.9947368421052631,3.790137365822649,205,16,189,0.07804878048780488,0.9947368421052631,4.270779484348095,194,5,189,0.02577319587628866,0.9947368421052631,3.790137365822649,205,16,189,0.07804878048780488,0.9947368421052631,10.699194
gaussian,gaussian,500,120,120,0.65,20,216,180,10,170,137,1,136,0.05555555555555555,0.8947368421052632,0.0072992700729927005,0.7157894736842105,197,19,178,148,1,147,0.09644670050761421,0.9368421052631579,0.006756756756756757,0.7736842105263158,3.9702149904910757,199,12,187,0.06030150753768844,0.9842105263157894,3.762208693563878,211,23,188,0.10900473933649289,0.9894736842105263,4.008676508387975,195,9,186,0.046153846153846156,0.9789473684210527,3.822701731086465,206,19,187,0.09223300970873786,0.9842105263157894,11.36875
gaussian,gaussian,500,120,120,0.65,20,217,200,13,187,179,2,177,0.065,0.9842105263157894,0.0111731843575419,0.9315789473684211,215,27,188,184,3,181,0.12558139534883722,0.9894736842105263,0.016304347826086956,0.9526315789473684,3.951607990233113,205,16,189,0.07804878048780488,0.9947368421052631,3.77529611541066,217,28,189,0.12903225806451613,0.9947368421052631,3.987740692979051,203,14,189,0.06896551724137931,0.9947368421052631,3.77863652827931,216,27,189,0.125,0.9947368421052631,10.953892
gaussian,gaussian,500,120,120,0.65,20,218,186,9,177,163,0,163,0.04838709677419355,0.9315789473684211,0.0,0.8578947368421053,205,23,182,168,0,168,0.11219512195121951,0.9578947368421052,0.0,0.8842105263157894,3.951167396119497,198,10,188,0.050505050505050504,0.9894736842105263,3.7627186216421795,215,26,189,0.12093023255813953,0.9947368421052631,4.029763179164148,197,9,188,0.04568527918781726,0.9894736842105263,3.792077102613721,212,23,189,0.10849056603773585,0.9947368421052631,11.174263
gaussian,gaussian,500,120,120,0.65,20,219,195,6,189,182,0,182,0.03076923076923077,0.9947368421052631,0.0,0.9578947368421052,217,27,190,182,0,182,0.12442396313364056,1.0,0.0,0.9578947368421052,3.9686847334703437,196,6,190,0.030612244897959183,1.0,3.7599672309921033,217,27,190,0.12442396313364056,1.0,4.004212423727685,195,5,190,0.02564102564102564,1.0,3.79313912767924,210,20,190,0.09523809523809523,1.0,10.895226
gaussian,gaussian,500,120,120,0.65,20,220,200,11,189,178,1,177,0.055,0.9947368421052631,0.0056179775280898875,0.9315789473684211,217,28,189,183,1,182,0.12903225806451613,0.9947368421052631,0.00546448087431694,0.9578947368421052,4.003820381314288,200,10,190,0.05,1.0,3.769891593149595,218,28,190,0.12844036697247707,1.0,4.003820381314288,200,10,190,0.05,1.0,3.7781482331442096,217,27,190,0.12442396313364056,1.0,11.265671
gaussian,gaussian,500,120,120,0.65,20,221,200,11,189,178,1,177,0.055,0.9947368421052631,0.0056179775280898875,0.9315789473684211,213,23,190,186,3,183,0.107981220657277,1.0,0.016129032258064516,0.9631578947368421,3.9735209549298003,201,11,190,0.05472636815920398,1.0,3.792295136740945,213,23,190,0.107981220657277,1.0,4.025012303760411,199,9,190,0.04522613065326633,1.0,3.8108668710796603,212,22,190,0.10377358490566038,1.0,11.252261
gaussian,gaussian,500,120,120,0.65,20,222,204,16,188,186,0,186,0.0784313725490196,0.9894736842105263,0.0,0.9789473684210527,211,21,190,186,0,186,0.0995260663507109,1.0,0.0,0.9789473684210527,3.977903135753798,205,15,190,0.07317073170731707,1.0,3.8322450136797523,213,23,190,0.107981220657277,1.0,3.977903135753798,205,15,190,0.07317073170731707,1.0,3.8322450136797523,213,23,190,0.107981220657277,1.0,10.882655
gaussian,gaussian,500,120,120,0.65,20,223,200,11,189,186,1,185,0.055,0.9947368421052631,0.005376344086021506,0.9736842105263158,210,20,190,191,3,188,0.09523809523809523,1.0,0.015706806282722512,0.9894736842105263,3.9841399966651516,206,16,190,0.07766990291262135,1.0,3.7659497221297706,213,23,190,0.107981220657277,1.0,4.0285579359521,205,15,190,0.07317073170731707,1.0,3.794279405702507,211,21,190,0.0995260663507109,1.0,11.456874
gaussian,gaussian,500,120,120,0.65,20,224,173,7,166,124,0,124,0.04046242774566474,0.8736842105263158,0.0,0.6526315789473685,197,20,177,142,1,141,0.10152284263959391,0.9315789473684211,0.007042253521126761,0.7421052631578947,3.9499915360605744,195,10,185,0.05128205128205128,0.9736842105263158,3.7792802030573163,207,21,186,0.10144927536231885,0.9789473684210527,4.056771242145255,192,7,185,0.036458333333333336,0.9736842105263158,3.8100195496426297,203,17,186,0.08374384236453201,0.9789473684210527,11.981219
gaussian,gaussian,500,120,120,0.65,20,225,197,9,188,185,2,183,0.04568527918781726,0.9894736842105263,0.010810810810810811,0.9631578947368421,205,16,189,187,2,185,0.07804878048780488,0.9947368421052631,0.0106951871657754,0.9736842105263158,3.9522306015135102,198,8,190,0.04040404040404041,1.0,3.76754125091325,208,18,190,0.08653846153846154,1.0,4.026825737264634,196,7,189,0.03571428571428571,0.9947368421052631,3.8533053240692934,204,14,190,0.06862745098039216,1.0,11.124173
gaussian,gaussian,500,120,120,0.65,20,226,193,7,186,179,2,177,0.03626943005181347,0.9789473684210527,0.0111731843575419,0.9315789473684211,209,22,187,181,2,179,0.10526315789473684,0.9842105263157894,0.011049723756906077,0.9421052631578948,3.980123834011715,197,7,190,0.03553299492385787,1.0,3.7620383818984537,212,22,190,0.10377358490566038,1.0,3.980123834011715,197,7,190,0.03553299492385787,1.0,3.7841491315396705,209,19,190,0.09090909090909091,1.0,11.622956
gaussian,gaussian,500,120,120,0.65,20,227,208,20,188,170,1,169,0.09615384615384616,0.9894736842105263,0.0058823529411764705,0.8894736842105263,218,29,189,177,4,173,0.13302752293577982,0.9947368421052631,0.022598870056497175,0.9105263157894737,3.9802612502180565,207,17,190,0.0821256038647343,1.0,3.798279323643754,218,28,190,0.12844036697247707,1.0,3.986351584313917,206,16,190,0.07766990291262135,1.0,3.798279323643754,218,28,190,0.12844036697247707,1.0,10.89313
gaussian,gaussian,500,120,120,0.65,20,228,198,12,186,173,1,172,0.06060606060606061,0.9789473684210527,0.005780346820809248,0.9052631578947369,210,23,187,181,2,179,0.10952380952380952,0.9842105263157894,0.011049723756906077,0.9421052631578948,3.9461995253444018,200,11,189,0.055,0.9947368421052631,3.7614844091368975,211,22,189,0.10426540284360189,0.9947368421052631,4.051254966009177,198,9,189,0.045454545454545456,0.9947368421052631,3.8075668921775128,208,19,189,0.09134615384615384,0.9947368421052631,11.423107
gaussian,gaussian,500,120,120,0.65,20,229,191,10,181,170,1,169,0.05235602094240838,0.9526315789473684,0.0058823529411764705,0.8894736842105263,205,21,184,174,1,173,0.1024390243902439,0.968421052631579,0.005747126436781609,0.9105263157894737,3.979809473612949,201,11,190,0.05472636815920398,1.0,3.7599127541894615,213,23,190,0.107981220657277,1.0,4.006733757648068,197,7,190,0.03553299492385787,1.0,3.8315579278682748,207,17,190,0.0821256038647343,1.0,10.790153
gaussian,gaussian,500,120,120,0.65,20,230,202,15,187,167,0,167,0.07425742574257425,0.9842105263157894,0.0,0.8789473684210526,226,37,189,177,2,175,0.16371681415929204,0.9947368421052631,0.011299435028248588,0.9210526315789473,3.944252725012401,206,17,189,0.0825242718446602,0.9947368421052631,3.7453880480802595,225,36,189,0.16,0.9947368421052631,3.9790395922698445,202,13,189,0.06435643564356436,0.9947368421052631,3.78022914515888,222,33,189,0.14864864864864866,0.9947368421052631,11.202701
gaussian,gaussian,500,120,120,0.65,20,231,202,19,183,166,1,165,0.09405940594059406,0.9631578947368421,0.006024096385542169,0.868421052631579,211,26,185,172,2,170,0.12322274881516587,0.9736842105263158,0.011627906976744186,0.8947368421052632,3.9435181752621657,210,20,190,0.09523809523809523,1.0,3.762231129954574,219,29,190,0.1324200913242009,1.0,3.972107362058072,207,17,190,0.0821256038647343,1.0,3.781909429148932,217,27,190,0.12442396313364056,1.0,11.075163
gaussian,gaussian,500,120,120,0.65,20,232,195,8,187,175,0,175,0.041025641025641026,0.9842105263157894,0.0,0.9210526315789473,212,22,190,177,0,177,0.10377358490566038,1.0,0.0,0.9315789473684211,3.9610068934819767,197,7,190,0.03553299492385787,1.0,3.7588140786657123,213,23,190,0.107981220657277,1.0,4.0457418437669235,195,5,190,0.02564102564102564,1.0,3.795681996068336,209,19,190,0.09090909090909091,1.0,10.772333
gaussian,gaussian,500,120,120,0.65,20,233,199,13,186,183,3,180,0.06532663316582915,0.9789473684210527,0.01639344262295082,0.9473684210526315,217,29,188,187,4,183,0.1336405529953917,0.9894736842105263,0.0213903743315508,0.9631578947368421,3.9822274778267603,202,12,190,0.0594059405940594,1.0,3.7829998742986684,219,29,190,0.1324200913242009,1.0,3.9822274778267603,202,12,190,0.0594059405940594,1.0,3.801377057383832,218,28,190,0.12844036697247707,1.0,10.729906
gaussian,gaussian,500,120,120,0.65,20,234,205,15,190,185,0,185,0.07317073170731707,1.0,0.0,0.9736842105263158,216,26,190,188,1,187,0.12037037037037036,1.0,0.005319148936170213,0.9842105263157894,3.982586805439342,206,16,190,0.07766990291262135,1.0,3.754677775654629,218,28,190,0.12844036697247707,1.0,3.982586805439342,206,16,190,0.07766990291262135,1.0,3.8036152295867276,214,24,190,0.11214953271028037,1.0,10.986091
gaussian,gaussian,500,120,120,0.65,20,235,195,7,188,179,1,178,0.035897435897435895,0.9894736842105263,0.00558659217877095,0.9368421052631579,203,14,189,184,1,183,0.06896551724137931,0.9947368421052631,0.005434782608695652,0.9631578947368421,4.029839212501144,196,6,190,0.030612244897959183,1.0,3.779790542737567,202,12,190,0.0594059405940594,1.0,4.029839212501144,196,6,190,0.030612244897959183,1.0,3.7965900267075385,201,11,190,0.05472636815920398,1.0,11.06056
gaussian,gaussian,500,120,120,0.65,20,236,186,6,180,151,0,151,0.03225806451612903,0.9473684210526315,0.0,0.7947368421052632,194,11,183,161,0,161,0.05670103092783505,0.9631578947368421,0.0,0.8473684210526315,3.9741103395343713,195,7,188,0.035897435897435895,0.9894736842105263,3.7761197940708415,200,12,188,0.06,0.9894736842105263,4.033492458180207,194,6,188,0.030927835051546393,0.9894736842105263,3.801119866912455,199,11,188,0.05527638190954774,0.9894736842105263,10.69079
gaussian,gaussian,500,120,120,0.65,20,237,197,7,190,185,1,184,0.03553299492385787,1.0,0.005405405405405406,0.968421052631579,206,16,190,187,2,185,0.07766990291262135,1.0,0.0106951871657754,0.9736842105263158,3.949282828565428,197,7,190,0.03553299492385787,1.0,3.7731992646159433,207,17,190,0.0821256038647343,1.0,4.068323137099548,196,6,190,0.030612244897959183,1.0,3.814743156564485,204,14,190,0.06862745098039216,1.0,11.154898
gaussian,gaussian,500,120,120,0.65,20,238,199,9,190,185,0,185,0.04522613065326633,1.0,0.0,0.9736842105263158,212,22,190,186,0,186,0.10377358490566038,1.0,0.0,0.9789473684210527,3.976807531594054,197,7,190,0.03553299492385787,1.0,3.7608810829405126,213,23,190,0.107981220657277,1.0,4.010459339256831,196,6,190,0.030612244897959183,1.0,3.814889031361474,208,18,190,0.08653846153846154,1.0,10.776404
gaussian,gaussian,500,120,120,0.65,20,239,205,16,189,174,1,173,0.07804878048780488,0.9947368421052631,0.005747126436781609,0.9105263157894737,220,30,190,178,1,177,0.13636363636363635,1.0,0.0056179775280898875,0.9315789473684211,3.938368370782993,206,16,190,0.07766990291262135,1.0,3.756993332799962,219,29,190,0.1324200913242009,1.0,3.9917480146394975,204,14,190,0.06862745098039216,1.0,3.7867798617269,216,26,190,0.12037037037037036,1.0,11.017911
gaussian,gaussian,500,120,120,0.65,20,240,192,14,178,155,1,154,0.07291666666666667,0.9368421052631579,0.0064516129032258064,0.8105263157894737,211,28,183,159,2,157,0.13270142180094788,0.9631578947368421,0.012578616352201259,0.8263157894736842,3.946862670406704,202,14,188,0.06930693069306931,0.9894736842105263,3.765876690944131,219,31,188,0.1415525114155251,0.9894736842105263,3.997976284913389,200,12,188,0.06,0.9894736842105263,3.7890633622632612,218,30,188,0.13761467889908258,0.9894736842105263,11.575314
gaussian,gaussian,500,120,120,0.65,20,241,200,11,189,179,0,179,0.055,0.9947368421052631,0.0,0.9421052631578948,217,27,190,182,0,182,0.12442396313364056,1.0,0.0,0.9578947368421052,3.953208703561205,202,12,190,0.0594059405940594,1.0,3.756366901748604,219,29,190,0.1324200913242009,1.0,4.046222011294091,199,9,190,0.04522613065326633,1.0,3.795214355020588,214,24,190,0.11214953271028037,1.0,10.794917
gaussian,gaussian,500,120,120,0.65,20,242,193,15,178,159,0,159,0.07772020725388601,0.9368421052631579,0.0,0.8368421052631579,206,25,181,168,2,166,0.12135922330097088,0.9526315789473684,0.011904761904761904,0.8736842105263158,3.9556947860350875,201,15,186,0.07462686567164178,0.9789473684210527,3.77187379288273,211,25,186,0.11848341232227488,0.9789473684210527,3.9905774991484226,200,14,186,0.07,0.9789473684210527,3.803255793924144,209,23,186,0.11004784688995216,0.9789473684210527,11.412732
gaussian,gaussian,500,120,120,0.65,20,243,199,9,190,189,2,187,0.04522613065326633,1.0,0.010582010582010581,0.9842105263157894,209,19,190,192,3,189,0.09090909090909091,1.0,0.015625,0.9947368421052631,4.010311499670752,197,7,190,0.03553299492385787,1.0,3.8017214573951894,204,14,190,0.06862745098039216,1.0,4.010311499670752,197,7,190,0.03553299492385787,1.0,3.8017214573951894,204,14,190,0.06862745098039216,1.0,11.091882
gaussian,gaussian,500,120,120,0.65,20,244,193,10,183,176,2,174,0.05181347150259067,0.9631578947368421,0.011363636363636364,0.9157894736842105,207,21,186,178,2,176,0.10144927536231885,0.9789473684210527,0.011235955056179775,0.9263157894736842,3.95474750370803,198,10,188,0.050505050505050504,0.9894736842105263,3.7702929863252694,209,19,190,0.09090909090909091,1.0,4.000408707977863,197,9,188,0.04568527918781726,0.9894736842105263,3.7936881688746045,206,16,190,0.07766990291262135,1.0,11.221584
gaussian,gaussian,500,120,120,0.65,20,245,200,12,188,182,0,182,0.06,0.9894736842105263,0.0,0.9578947368421052,215,26,189,186,1,185,0.12093023255813953,0.9947368421052631,0.005376344086021506,0.9736842105263158,3.977817609956729,203,13,190,0.06403940886699508,1.0,3.7693837324928907,215,25,190,0.11627906976744186,1.0,3.977817609956729,203,13,190,0.06403940886699508,1.0,3.789355850457331,213,23,190,0.107981220657277,1.0,11.542841
gaussian,gaussian,500,120,120,0.65,20,246,191,7,184,178,2,176,0.03664921465968586,0.968421052631579,0.011235955056179775,0.9263157894736842,207,21,186,184,3,181,0.10144927536231885,0.9789473684210527,0.016304347826086956,0.9526315789473684,3.965095705021924,198,8,190,0.04040404040404041,1.0,3.762067243617207,211,21,190,0.0995260663507109,1.0,4.05906786142033,197,7,190,0.03553299492385787,1.0,3.783459517668593,209,19,190,0.09090909090909091,1.0,11.085209
gaussian,gaussian,500,120,120,0.65,20,247,194,12,182,171,3,168,0.061855670103092786,0.9578947368421052,0.017543859649122806,0.8842105263157894,205,18,187,179,4,175,0.08780487804878048,0.9842105263157894,0.0223463687150838,0.9210526315789473,3.9508007918053076,202,12,190,0.0594059405940594,1.0,3.8042436253356757,208,18,190,0.08653846153846154,1.0,3.9508007918053076,202,12,190,0.0594059405940594,1.0,3.8042436253356757,208,18,190,0.08653846153846154,1.0,11.458115
gaussian,gaussian,500,120,120,0.65,20,248,205,15,190,187,1,186,0.07317073170731707,1.0,0.0053475935828877,0.9789473684210527,210,20,190,191,2,189,0.09523809523809523,1.0,0.010471204188481676,0.9947368421052631,3.9421002607916598,206,16,190,0.07766990291262135,1.0,3.7622693037645063,211,21,190,0.0995260663507109,1.0,4.028133395365771,199,9,190,0.04522613065326633,1.0,3.8653069606475987,208,18,190,0.08653846153846154,1.0,11.129564
gaussian,gaussian,500,120,120,0.65,20,249,193,5,188,182,0,182,0.025906735751295335,0.9894736842105263,0.0,0.9578947368421052,208,20,188,187,1,186,0.09615384615384616,0.9894736842105263,0.0053475935828877,0.9789473684210527,3.965394362263264,195,5,190,0.02564102564102564,1.0,3.77614412244468,209,19,190,0.09090909090909091,1.0,4.000245110661904,194,4,190,0.020618556701030927,1.0,3.7816930572965566,208,18,190,0.08653846153846154,1.0,11.019927
gaussian,gaussian,500,120,120,0.65,20,250,203,13,190,178,1,177,0.06403940886699508,1.0,0.0056179775280898875,0.9315789473684211,216,26,190,189,3,186,0.12037037037037036,1.0,0.015873015873015872,0.9789473684210527,3.9654483905340485,204,14,190,0.06862745098039216,1.0,3.7571366942145876,215,25,190,0.11627906976744186,1.0,3.9654483905340485,204,14,190,0.06862745098039216,1.0,3.7916473113512015,214,24,190,0.11214953271028037,1.0,11.484709
gaussian,gaussian,500,120,120,0.65,20,251,205,18,187,176,0,176,0.08780487804878048,0.9842105263157894,0.0,0.9263157894736842,216,27,189,181,2,179,0.125,0.9947368421052631,0.011049723756906077,0.9421052631578948,3.9745901547794835,209,19,190,0.09090909090909091,1.0,3.792724821307815,216,26,190,0.12037037037037036,1.0,3.995332984567273,207,17,190,0.0821256038647343,1.0,3.8059986491464866,215,25,190,0.11627906976744186,1.0,11.496593
gaussian,gaussian,500,120,120,0.65,20,252,199,12,187,172,0,172,0.06030150753768844,0.9842105263157894,0.0,0.9052631578947369,213,23,190,174,0,174,0.107981220657277,1.0,0.0,0.9157894736842105,3.9793999282580637,203,13,190,0.06403940886699508,1.0,3.7854783192227193,214,24,190,0.11214953271028037,1.0,3.9793999282580637,203,13,190,0.06403940886699508,1.0,3.7854783192227193,214,24,190,0.11214953271028037,1.0,11.668925
gaussian,gaussian,500,120,120,0.65,20,253,205,15,190,189,1,188,0.07317073170731707,1.0,0.005291005291005291,0.9894736842105263,213,23,190,190,1,189,0.107981220657277,1.0,0.005263157894736842,0.9947368421052631,3.9463168994402014,206,16,190,0.07766990291262135,1.0,3.7718789905694035,213,23,190,0.107981220657277,1.0,4.0181363684291425,199,9,190,0.04522613065326633,1.0,3.8433328101538673,210,20,190,0.09523809523809523,1.0,11.674603
gaussian,gaussian,500,120,120,0.65,20,254,190,12,178,153,1,152,0.06315789473684211,0.9368421052631579,0.006535947712418301,0.8,205,25,180,166,1,165,0.12195121951219512,0.9473684210526315,0.006024096385542169,0.868421052631579,3.9559108122456736,201,11,190,0.05472636815920398,1.0,3.794079840115893,213,23,190,0.107981220657277,1.0,4.00748403065487,197,7,190,0.03553299492385787,1.0,3.794079840115893,213,23,190,0.107981220657277,1.0,11.476046
gaussian,gaussian,500,120,120,0.65,20,255,192,6,186,165,1,164,0.03125,0.9789473684210527,0.006060606060606061,0.8631578947368421,204,16,188,174,1,173,0.0784313725490196,0.9894736842105263,0.005747126436781609,0.9105263157894737,3.9703691732067634,196,6,190,0.030612244897959183,1.0,3.767575378821717,206,16,190,0.07766990291262135,1.0,4.013309774513941,194,4,190,0.020618556701030927,1.0,3.824747945809137,202,12,190,0.0594059405940594,1.0,11.373217
gaussian,gaussian,500,120,120,0.65,20,256,198,8,190,189,0,189,0.04040404040404041,1.0,0.0,0.9947368421052631,210,20,190,189,0,189,0.09523809523809523,1.0,0.0,0.9947368421052631,3.9456210846617283,199,9,190,0.04522613065326633,1.0,3.7898815411515767,211,21,190,0.0995260663507109,1.0,4.0067252662549775,196,6,190,0.030612244897959183,1.0,3.8081796938746075,207,17,190,0.0821256038647343,1.0,12.213137
gaussian,gaussian,500,120,120,0.65,20,257,199,11,188,180,0,180,0.05527638190954774,0.9894736842105263,0.0,0.9473684210526315,219,30,189,186,2,184,0.136986301369863,0.9947368421052631,0.010752688172043012,0.968421052631579,3.955028282976904,201,11,190,0.05472636815920398,1.0,3.7587589891166155,218,28,190,0.12844036697247707,1.0,3.967443140805678,199,9,190,0.04522613065326633,1.0,3.787504880056489,214,24,190,0.11214953271028037,1.0,11.33274
gaussian,gaussian,500,120,120,0.65,20,258,192,13,179,145,1,144,0.06770833333333333,0.9421052631578948,0.006896551724137931,0.7578947368421053,210,26,184,162,1,161,0.12380952380952381,0.968421052631579,0.006172839506172839,0.8473684210526315,3.946261348361263,202,13,189,0.06435643564356436,0.9947368421052631,3.7622110636074817,217,28,189,0.12903225806451613,0.9947368421052631,4.00071381372066,199,10,189,0.05025125628140704,0.9947368421052631,3.7955062915893096,215,26,189,0.12093023255813953,0.9947368421052631,11.462988
gaussian,gaussian,500,120,120,0.65,20,259,188,8,180,157,0,157,0.0425531914893617,0.9473684210526315,0.0,0.8263157894736842,203,16,187,165,1,164,0.07881773399014778,0.9842105263157894,0.006060606060606061,0.8631578947368421,3.994044940292591,197,8,189,0.04060913705583756,0.9947368421052631,3.7961224006278314,207,18,189,0.08695652173913043,0.9947368421052631,3.994044940292591,197,8,189,0.04060913705583756,0.9947368421052631,3.7961224006278314,207,18,189,0.08695652173913043,0.9947368421052631,11.456747
gaussian,gaussian,500,120,120,0.65,20,260,195,7,188,174,1,173,0.035897435897435895,0.9894736842105263,0.005747126436781609,0.9105263157894737,219,29,190,181,2,179,0.1324200913242009,1.0,0.011049723756906077,0.9421052631578948,4.032477115754876,198,8,190,0.04040404040404041,1.0,3.7496533651054227,224,34,190,0.15178571428571427,1.0,4.032477115754876,198,8,190,0.04040404040404041,1.0,3.8021038728931402,213,23,190,0.107981220657277,1.0,11.713795
gaussian,gaussian,500,120,120,0.65,20,261,198,9,189,186,1,185,0.045454545454545456,0.9947368421052631,0.005376344086021506,0.9736842105263158,212,23,189,187,1,186,0.10849056603773585,0.9947368421052631,0.0053475935828877,0.9789473684210527,4.001270159871233,199,9,190,0.04522613065326633,1.0,3.757812734206388,214,24,190,0.11214953271028037,1.0,4.001270159871233,199,9,190,0.04522613065326633,1.0,3.801647978536504,208,18,190,0.08653846153846154,1.0,11.486298
gaussian,gaussian,500,120,120,0.65,20,262,185,7,178,154,0,154,0.03783783783783784,0.9368421052631579,0.0,0.8105263157894737,195,14,181,163,0,163,0.07179487179487179,0.9526315789473684,0.0,0.8578947368421053,4.0659232692960785,194,7,187,0.03608247422680412,0.9842105263157894,3.7782330156091373,205,17,188,0.08292682926829269,0.9894736842105263,4.0659232692960785,194,7,187,0.03608247422680412,0.9842105263157894,3.852944571596234,201,13,188,0.06467661691542288,0.9894736842105263,11.313851
gaussian,gaussian,500,120,120,0.65,20,263,186,12,174,153,1,152,0.06451612903225806,0.9157894736842105,0.006535947712418301,0.8,198,17,181,164,1,163,0.08585858585858586,0.9526315789473684,0.006097560975609756,0.8578947368421053,3.9582361596089766,202,12,190,0.0594059405940594,1.0,3.790438315457983,208,18,190,0.08653846153846154,1.0,3.979886561790397,201,12,189,0.05970149253731343,0.9947368421052631,3.790438315457983,208,18,190,0.08653846153846154,1.0,11.362728
gaussian,gaussian,500,120,120,0.65,20,264,200,18,182,164,0,164,0.09,0.9578947368421052,0.0,0.8631578947368421,211,27,184,168,0,168,0.12796208530805686,0.968421052631579,0.0,0.8842105263157894,3.937372119636271,207,18,189,0.08695652173913043,0.9947368421052631,3.7535231890272747,219,29,190,0.1324200913242009,1.0,3.9769794326521826,205,16,189,0.07804878048780488,0.9947368421052631,3.7844016553566893,216,27,189,0.125,0.9947368421052631,11.363718
gaussian,gaussian,500,120,120,0.65,20,265,189,10,179,162,0,162,0.05291005291005291,0.9421052631578948,0.0,0.8526315789473684,211,27,184,167,1,166,0.12796208530805686,0.968421052631579,0.005988023952095809,0.8736842105263158,3.9458784737042287,200,11,189,0.055,0.9947368421052631,3.771364734777302,215,26,189,0.12093023255813953,0.9947368421052631,4.006491003049474,199,10,189,0.05025125628140704,0.9947368421052631,3.7857343187332506,212,23,189,0.10849056603773585,0.9947368421052631,11.153897
gaussian,gaussian,500,120,120,0.65,20,266,194,8,186,175,0,175,0.041237113402061855,0.9789473684210527,0.0,0.9210526315789473,206,19,187,178,0,178,0.09223300970873786,0.9842105263157894,0.0,0.9368421052631579,3.987417536144811,196,7,189,0.03571428571428571,0.9947368421052631,3.763969370110376,211,21,190,0.0995260663507109,1.0,4.078828289071778,195,6,189,0.03076923076923077,0.9947368421052631,3.794080499407782,209,19,190,0.09090909090909091,1.0,11.077598
gaussian,gaussian,500,120,120,0.65,20,267,189,5,184,176,0,176,0.026455026455026454,0.968421052631579,0.0,0.9263157894736842,202,16,186,179,0,179,0.07920792079207921,0.9789473684210527,0.0,0.9421052631578948,3.96056457321902,196,6,190,0.030612244897959183,1.0,3.7787757331283145,205,15,190,0.07317073170731707,1.0,3.996056700742538,195,5,190,0.02564102564102564,1.0,3.8030148958228582,202,12,190,0.0594059405940594,1.0,11.301645
gaussian,gaussian,500,120,120,0.65,20,268,197,9,188,178,0,178,0.04568527918781726,0.9894736842105263,0.0,0.9368421052631579,203,15,188,182,0,182,0.07389162561576355,0.9894736842105263,0.0,0.9578947368421052,3.980474555064335,198,8,190,0.04040404040404041,1.0,3.777360089206804,204,14,190,0.06862745098039216,1.0,3.980474555064335,198,8,190,0.04040404040404041,1.0,3.777360089206804,204,14,190,0.06862745098039216,1.0,10.975515
gaussian,gaussian,500,120,120,0.65,20,269,178,8,170,132,1,131,0.0449438202247191,0.8947368421052632,0.007575757575757576,0.6894736842105263,201,22,179,142,2,140,0.10945273631840796,0.9421052631578948,0.014084507042253521,0.7368421052631579,3.9491689157156933,199,11,188,0.05527638190954774,0.9894736842105263,3.767883364564699,211,22,189,0.10426540284360189,0.9947368421052631,3.974553913357692,197,9,188,0.04568527918781726,0.9894736842105263,3.7854679447685746,210,21,189,0.1,0.9947368421052631,11.04442
gaussian,gaussian,500,120,120,0.65,20,270,188,11,177,165,1,164,0.05851063829787234,0.9315789473684211,0.006060606060606061,0.8631578947368421,213,33,180,171,3,168,0.15492957746478872,0.9473684210526315,0.017543859649122806,0.8842105263157894,3.9525329709363914,202,14,188,0.06930693069306931,0.9894736842105263,3.7416036622771474,229,40,189,0.17467248908296942,0.9947368421052631,4.018743982577561,197,11,186,0.05583756345177665,0.9789473684210527,3.816783827741954,213,25,188,0.11737089201877934,0.9894736842105263,11.405679
gaussian,gaussian,500,120,120,0.65,20,271,188,7,181,164,0,164,0.03723404255319149,0.9526315789473684,0.0,0.8631578947368421,198,14,184,168,0,168,0.0707070707070707,0.968421052631579,0.0,0.8842105263157894,4.013296169087272,195,7,188,0.035897435897435895,0.9894736842105263,3.785845117048537,201,12,189,0.05970149253731343,0.9947368421052631,4.013296169087272,195,7,188,0.035897435897435895,0.9894736842105263,3.823616999205333,199,10,189,0.05025125628140704,0.9947368421052631,11.304315
gaussian,gaussian,500,120,120,0.65,20,272,199,12,187,180,1,179,0.06030150753768844,0.9842105263157894,0.005555555555555556,0.9421052631578948,213,24,189,185,1,184,0.11267605633802817,0.9947368421052631,0.005405405405405406,0.968421052631579,3.9358574012447227,207,17,190,0.0821256038647343,1.0,3.7648444510379226,215,25,190,0.11627906976744186,1.0,3.9889124075814566,202,12,190,0.0594059405940594,1.0,3.83740603052596,213,23,190,0.107981220657277,1.0,11.734118
gaussian,gaussian,500,120,120,0.65,20,273,198,13,185,174,0,174,0.06565656565656566,0.9736842105263158,0.0,0.9157894736842105,207,22,185,178,1,177,0.10628019323671498,0.9736842105263158,0.0056179775280898875,0.9315789473684211,3.9549154236852253,201,13,188,0.06467661691542288,0.9894736842105263,3.780095875997588,209,21,188,0.10047846889952153,0.9894736842105263,3.99418661162878,198,10,188,0.050505050505050504,0.9894736842105263,3.8001057060632792,206,18,188,0.08737864077669903,0.9894736842105263,11.416968
gaussian,gaussian,500,120,120,0.65,20,274,187,7,180,159,1,158,0.0374331550802139,0.9473684210526315,0.006289308176100629,0.8315789473684211,203,19,184,168,2,166,0.09359605911330049,0.968421052631579,0.011904761904761904,0.8736842105263158,4.047362100183476,195,6,189,0.03076923076923077,0.9947368421052631,3.768570942152879,210,21,189,0.1,0.9947368421052631,4.047362100183476,195,6,189,0.03076923076923077,0.9947368421052631,3.821923228142285,204,15,189,0.07352941176470588,0.9947368421052631,11.103473
gaussian,gaussian,500,120,120,0.65,20,275,194,7,187,181,1,180,0.03608247422680412,0.9842105263157894,0.0055248618784530384,0.9473684210526315,201,12,189,184,1,183,0.05970149253731343,0.9947368421052631,0.005434782608695652,0.9631578947368421,3.9593008804087586,196,7,189,0.03571428571428571,0.9947368421052631,3.777092900315207,201,12,189,0.05970149253731343,0.9947368421052631,4.007893959828309,195,6,189,0.03076923076923077,0.9947368421052631,3.7973069407537428,199,10,189,0.05025125628140704,0.9947368421052631,11.209764
gaussian,gaussian,500,120,120,0.65,20,276,193,11,182,161,0,161,0.05699481865284974,0.9578947368421052,0.0,0.8473684210526315,201,16,185,167,0,167,0.07960199004975124,0.9736842105263158,0.0,0.8789473684210526,3.9564182350401387,200,11,189,0.055,0.9947368421052631,3.781021108369992,206,17,189,0.0825242718446602,0.9947368421052631,3.980566468629277,199,11,188,0.05527638190954774,0.9894736842105263,3.781021108369992,206,17,189,0.0825242718446602,0.9947368421052631,11.442938
gaussian,gaussian,500,120,120,0.65,20,277,189,15,174,148,0,148,0.07936507936507936,0.9157894736842105,0.0,0.7789473684210526,206,26,180,157,1,156,0.1262135922330097,0.9473684210526315,0.006369426751592357,0.8210526315789474,3.952196730384012,205,16,189,0.07804878048780488,0.9947368421052631,3.7546700059208526,218,29,189,0.13302752293577982,0.9947368421052631,3.9877811309363653,201,13,188,0.06467661691542288,0.9894736842105263,3.7846782734780198,217,28,189,0.12903225806451613,0.9947368421052631,11.051779
gaussian,gaussian,500,120,120,0.65,20,278,197,13,184,166,1,165,0.06598984771573604,0.968421052631579,0.006024096385542169,0.868421052631579,209,21,188,172,1,171,0.10047846889952153,0.9894736842105263,0.005813953488372093,0.9,3.9389527936205457,205,15,190,0.07317073170731707,1.0,3.7633307707005383,214,24,190,0.11214953271028037,1.0,3.9999097768147966,198,8,190,0.04040404040404041,1.0,3.823934238698949,211,21,190,0.0995260663507109,1.0,11.185075
gaussian,gaussian,500,120,120,0.65,20,279,195,8,187,178,0,178,0.041025641025641026,0.9842105263157894,0.0,0.9368421052631579,204,17,187,182,0,182,0.08333333333333333,0.9842105263157894,0.0,0.9578947368421052,3.9495459075905175,198,8,190,0.04040404040404041,1.0,3.7932802117632964,206,16,190,0.07766990291262135,1.0,4.068909893513079,193,3,190,0.015544041450777202,1.0,3.7932802117632964,206,16,190,0.07766990291262135,1.0,11.807957
gaussian,gaussian,500,120,120,0.65,20,280,203,14,189,183,0,183,0.06896551724137931,0.9947368421052631,0.0,0.9631578947368421,213,24,189,185,1,184,0.11267605633802817,0.9947368421052631,0.005405405405405406,0.968421052631579,3.9734665326506966,203,13,190,0.06403940886699508,1.0,3.7579250657812695,216,26,190,0.12037037037037036,1.0,4.001100511696166,201,11,190,0.05472636815920398,1.0,3.80483182014845,210,20,190,0.09523809523809523,1.0,11.146486
gaussian,gaussian,500,120,120,0.65,20,281,194,7,187,179,0,179,0.03608247422680412,0.9842105263157894,0.0,0.9421052631578948,205,16,189,182,0,182,0.07804878048780488,0.9947368421052631,0.0,0.9578947368421052,3.958926282630191,195,6,189,0.03076923076923077,0.9947368421052631,3.778309240518957,203,14,189,0.06896551724137931,0.9947368421052631,3.992064549930672,193,4,189,0.02072538860103627,0.9947368421052631,3.8614475001351525,200,11,189,0.055,0.9947368421052631,11.295719
gaussian,gaussian,500,120,120,0.65,20,282,192,10,182,151,0,151,0.052083333333333336,0.9578947368421052,0.0,0.7947368421052632,210,26,184,161,2,159,0.12380952380952381,0.968421052631579,0.012422360248447204,0.8368421052631579,3.964200478849183,196,8,188,0.04081632653061224,0.9894736842105263,3.7788184920116277,212,23,189,0.10849056603773585,0.9947368421052631,3.979470804599753,194,6,188,0.030927835051546393,0.9894736842105263,3.7788184920116277,212,23,189,0.10849056603773585,0.9947368421052631,11.5649
gaussian,gaussian,500,120,120,0.65,20,283,188,9,179,159,1,158,0.047872340425531915,0.9421052631578948,0.006289308176100629,0.8315789473684211,202,20,182,168,2,166,0.09900990099009901,0.9578947368421052,0.011904761904761904,0.8736842105263158,3.947545145298655,197,9,188,0.04568527918781726,0.9894736842105263,3.7677216724413225,209,21,188,0.10047846889952153,0.9894736842105263,4.020142951306701,193,6,187,0.031088082901554404,0.9842105263157894,3.777705024214014,208,20,188,0.09615384615384616,0.9894736842105263,11.010012
gaussian,gaussian,500,120,120,0.65,20,284,191,9,182,168,2,166,0.04712041884816754,0.9578947368421052,0.011904761904761904,0.8736842105263158,209,23,186,178,3,175,0.11004784688995216,0.9789473684210527,0.016853932584269662,0.9210526315789473,3.9610339232944947,199,9,190,0.04522613065326633,1.0,3.769161606260223,214,24,190,0.11214953271028037,1.0,4.078973969449493,198,8,190,0.04040404040404041,1.0,3.7997473309668406,210,20,190,0.09523809523809523,1.0,11.230996
gaussian,gaussian,500,120,120,0.65,20,285,197,9,188,180,0,180,0.04568527918781726,0.9894736842105263,0.0,0.9473684210526315,207,19,188,183,1,182,0.09178743961352658,0.9894736842105263,0.00546448087431694,0.9578947368421052,3.977698258650637,200,11,189,0.055,0.9947368421052631,3.7762006630635994,212,23,189,0.10849056603773585,0.9947368421052631,4.039012856334546,199,10,189,0.05025125628140704,0.9947368421052631,3.821870780888574,210,21,189,0.1,0.9947368421052631,11.697271
gaussian,gaussian,500,120,120,0.65,20,286,196,8,188,182,1,181,0.04081632653061224,0.9894736842105263,0.005494505494505495,0.9526315789473684,206,17,189,187,3,184,0.0825242718446602,0.9947368421052631,0.016042780748663103,0.968421052631579,3.951495178564294,198,9,189,0.045454545454545456,0.9947368421052631,3.7711330143875106,205,15,190,0.07317073170731707,1.0,4.008248275628065,197,8,189,0.04060913705583756,0.9947368421052631,3.8057235855670033,204,14,190,0.06862745098039216,1.0,10.999361
gaussian,gaussian,500,120,120,0.65,20,287,195,7,188,181,0,181,0.035897435897435895,0.9894736842105263,0.0,0.9526315789473684,201,12,189,184,0,184,0.05970149253731343,0.9947368421052631,0.0,0.968421052631579,3.9762480676253036,196,6,190,0.030612244897959183,1.0,3.788563449337576,200,10,190,0.05,1.0,3.9867097169562813,195,5,190,0.02564102564102564,1.0,3.8457988170935016,199,9,190,0.04522613065326633,1.0,11.153
gaussian,gaussian,500,120,120,0.65,20,288,195,8,187,179,2,177,0.041025641025641026,0.9842105263157894,0.0111731843575419,0.9315789473684211,201,13,188,180,2,178,0.06467661691542288,0.9894736842105263,0.011111111111111112,0.9368421052631579,3.96917092385999,199,9,190,0.04522613065326633,1.0,3.7716588039962593,204,14,190,0.06862745098039216,1.0,4.104863830986772,197,7,190,0.03553299492385787,1.0,3.8267587996672505,203,13,190,0.06403940886699508,1.0,12.118592
gaussian,gaussian,500,120,120,0.65,20,289,190,7,183,175,1,174,0.03684210526315789,0.9631578947368421,0.005714285714285714,0.9157894736842105,203,17,186,180,1,179,0.08374384236453201,0.9789473684210527,0.005555555555555556,0.9421052631578948,3.946638081748569,198,9,189,0.045454545454545456,0.9947368421052631,3.8412159733570896,207,18,189,0.08695652173913043,0.9947368421052631,4.008618496369174,197,8,189,0.04060913705583756,0.9947368421052631,3.8412159733570896,207,18,189,0.08695652173913043,0.9947368421052631,11.115618
gaussian,gaussian,500,120,120,0.65,20,290,201,11,190,183,1,182,0.05472636815920398,1.0,0.00546448087431694,0.9578947368421052,221,31,190,189,2,187,0.14027149321266968,1.0,0.010582010582010581,0.9842105263157894,4.074248946937465,199,9,190,0.04522613065326633,1.0,3.7791023590463,218,28,190,0.12844036697247707,1.0,4.074248946937465,199,9,190,0.04522613065326633,1.0,3.8070223233736074,217,27,190,0.12442396313364056,1.0,11.084055
gaussian,gaussian,500,120,120,0.65,20,291,201,12,189,170,0,170,0.05970149253731343,0.9947368421052631,0.0,0.8947368421052632,212,22,190,178,1,177,0.10377358490566038,1.0,0.0056179775280898875,0.9315789473684211,3.948268074453605,203,13,190,0.06403940886699508,1.0,3.762783285517558,215,25,190,0.11627906976744186,1.0,4.050056825887574,199,9,190,0.04522613065326633,1.0,3.792455428797816,211,21,190,0.0995260663507109,1.0,11.445427
gaussian,gaussian,500,120,120,0.65,20,292,204,14,190,188,1,187,0.06862745098039216,1.0,0.005319148936170213,0.9842105263157894,218,28,190,191,3,188,0.12844036697247707,1.0,0.015706806282722512,0.9894736842105263,3.9465951153879675,204,14,190,0.06862745098039216,1.0,3.756745337650248,219,29,190,0.1324200913242009,1.0,4.038617962025366,203,13,190,0.06403940886699508,1.0,3.7924894711528667,214,24,190,0.11214953271028037,1.0,11.448369
gaussian,gaussian,500,120,120,0.65,20,293,204,16,188,183,0,183,0.0784313725490196,0.9894736842105263,0.0,0.9631578947368421,221,33,188,185,2,183,0.1493212669683258,0.9894736842105263,0.010810810810810811,0.9631578947368421,3.9996162585903487,205,15,190,0.07317073170731707,1.0,3.7479467535170072,223,33,190,0.14798206278026907,1.0,3.9996162585903487,205,15,190,0.07317073170731707,1.0,3.789371649602575,218,28,190,0.12844036697247707,1.0,11.059668
gaussian,gaussian,500,120,120,0.65,20,294,204,14,190,185,0,185,0.06862745098039216,1.0,0.0,0.9736842105263158,219,29,190,190,4,186,0.1324200913242009,1.0,0.021052631578947368,0.9789473684210527,3.9822072846705705,203,13,190,0.06403940886699508,1.0,3.7587453989335566,218,28,190,0.12844036697247707,1.0,4.022455955688188,202,12,190,0.0594059405940594,1.0,3.8002584852614043,215,25,190,0.11627906976744186,1.0,10.953518
gaussian,gaussian,500,120,120,0.65,20,295,198,10,188,181,0,181,0.050505050505050504,0.9894736842105263,0.0,0.9526315789473684,202,14,188,182,0,182,0.06930693069306931,0.9894736842105263,0.0,0.9578947368421052,3.9612101164716194,199,10,189,0.05025125628140704,0.9947368421052631,3.8508947589136535,204,14,190,0.06862745098039216,1.0,3.980557304539481,198,9,189,0.045454545454545456,0.9947368421052631,3.8508947589136535,204,14,190,0.06862745098039216,1.0,11.070849
gaussian,gaussian,500,120,120,0.65,20,296,206,16,190,191,1,190,0.07766990291262135,1.0,0.005235602094240838,1.0,221,31,190,195,5,190,0.14027149321266968,1.0,0.02564102564102564,1.0,3.9696799847778528,202,12,190,0.0594059405940594,1.0,3.7635490019081415,216,26,190,0.12037037037037036,1.0,3.9696799847778528,202,12,190,0.0594059405940594,1.0,3.7672890458601795,215,25,190,0.11627906976744186,1.0,10.98711
gaussian,gaussian,500,120,120,0.65,20,297,201,11,190,189,1,188,0.05472636815920398,1.0,0.005291005291005291,0.9894736842105263,216,26,190,191,1,190,0.12037037037037036,1.0,0.005235602094240838,1.0,3.9466405571482133,199,9,190,0.04522613065326633,1.0,3.7707329331687154,216,26,190,0.12037037037037036,1.0,4.196789418680062,195,5,190,0.02564102564102564,1.0,3.8126087607283696,212,22,190,0.10377358490566038,1.0,10.935956
gaussian,gaussian,500,120,120,0.65,20,298,196,8,188,182,0,182,0.04081632653061224,0.9894736842105263,0.0,0.9578947368421052,212,23,189,185,0,185,0.10849056603773585,0.9947368421052631,0.0,0.9736842105263158,4.032400639123465,197,7,190,0.03553299492385787,1.0,3.759496618201489,214,24,190,0.11214953271028037,1.0,4.032400639123465,197,7,190,0.03553299492385787,1.0,3.802714459397465,210,20,190,0.09523809523809523,1.0,11.072324
gaussian,gaussian,500,120,120,0.65,20,299,195,14,181,167,3,164,0.07179487179487179,0.9526315789473684,0.017964071856287425,0.8631578947368421,209,26,183,172,3,169,0.12440191387559808,0.9631578947368421,0.01744186046511628,0.8894736842105263,3.9647936070091205,202,13,189,0.06435643564356436,0.9947368421052631,3.775583314007244,216,26,190,0.12037037037037036,1.0,4.064556915882845,201,12,189,0.05970149253731343,0.9947368421052631,3.795276499512057,212,22,190,0.10377358490566038,1.0,10.904414
