model,x_model,p,n1,n2,rho,block,seed,R_bh_0.05,V_bh_0.05,S_bh_0.05,R_by_0.05,V_by_0.05,S_by_0.05,fdr_bh_0.05,power_bh_0.05,fdr_by_0.05,power_by_0.05,R_bh_0.1,V_bh_0.1,S_bh_0.1,R_by_0.1,V_by_0.1,S_by_0.1,fdr_bh_0.1,power_bh_0.1,fdr_by_0.1,power_by_0.1,t_lct_0.05,R_lct_0.05,V_lct_0.05,S_lct_0.05,fdr_lct_0.05,power_lct_0.05,t_lct_0.1,R_lct_0.1,V_lct_0.1,S_lct_0.1,fdr_lct_0.1,power_lct_0.1,t_lctb_0.05_B100,R_lctb_0.05_B100,V_lctb_0.05_B100,S_lctb_0.05_B100,fdr_lctb_0.05_B100,power_lctb_0.05_B100,t_lctb_0.1_B100,R_lctb_0.1_B100,V_lctb_0.1_B100,S_lctb_0.1_B100,fdr_lctb_0.1_B100,power_lctb_0.1_B100,wall_time_s
gaussian,gaussian,250,80,80,0.7,20,0,149,7,142,93,0,93,0.04697986577181208,0.7473684210526316,0.0,0.48947368421052634,178,19,159,109,1,108,0.10674157303370786,0.8368421052631579,0.009174311926605505,0.5684210526315789,3.622320104133917,190,10,180,0.05263157894736842,0.9473684210526315,3.400645455395179,212,25,187,0.1179245283018868,0.9842105263157894,3.7407085623449268,187,9,178,0.0481283422459893,0.9368421052631579,3.448058975173736,209,23,186,0.11004784688995216,0.9789473684210527,1.631012
gaussian,gaussian,250,80,80,0.7,20,1,172,7,165,132,2,130,0.040697674418604654,0.868421052631579,0.015151515151515152,0.6842105263157895,190,16,174,143,2,141,0.08421052631578947,0.9157894736842105,0.013986013986013986,0.7421052631578947,3.611765246565877,201,12,189,0.05970149253731343,0.9947368421052631,3.4072614067058096,210,21,189,0.1,0.9947368421052631,3.7428859643461307,198,9,189,0.045454545454545456,0.9947368421052631,3.5003823321945564,203,14,189,0.06896551724137931,0.9947368421052631,1.32146
gaussian,gaussian,250,80,80,0.7,20,2,172,9,163,127,0,127,0.05232558139534884,0.8578947368421053,0.0,0.6684210526315789,187,19,168,140,1,139,0.10160427807486631,0.8842105263157894,0.007142857142857143,0.7315789473684211,3.6134959716211044,195,11,184,0.05641025641025641,0.968421052631579,3.435734131370162,208,22,186,0.10576923076923077,0.9789473684210527,3.7522592817368148,192,8,184,0.041666666666666664,0.968421052631579,3.4962617968879264,203,18,185,0.08866995073891626,0.9736842105263158,1.173665
gaussian,gaussian,250,80,80,0.7,20,3,198,11,187,187,3,184,0.05555555555555555,0.9842105263157894,0.016042780748663103,0.968421052631579,212,24,188,191,5,186,0.11320754716981132,0.9894736842105263,0.02617801047120419,0.9789473684210527,3.5965938973711222,201,12,189,0.05970149253731343,0.9947368421052631,3.3992696795285346,221,32,189,0.14479638009049775,0.9947368421052631,3.774151232649615,198,9,189,0.045454545454545456,0.9947368421052631,3.5149184038707886,204,15,189,0.07352941176470588,0.9947368421052631,1.211234
gaussian,gaussian,250,80,80,0.7,20,4,154,13,141,91,3,88,0.08441558441558442,0.7421052631578947,0.03296703296703297,0.4631578947368421,190,30,160,104,5,99,0.15789473684210525,0.8421052631578947,0.04807692307692308,0.5210526315789473,3.592543362887885,205,22,183,0.1073170731707317,0.9631578947368421,3.4367928934846943,216,32,184,0.14814814814814814,0.968421052631579,3.720459518306105,194,13,181,0.06701030927835051,0.9526315789473684,3.4689871073941854,215,31,184,0.14418604651162792,0.968421052631579,1.388723
gaussian,gaussian,250,80,80,0.7,20,5,194,11,183,162,1,161,0.05670103092783505,0.9631578947368421,0.006172839506172839,0.8473684210526315,204,21,183,173,2,171,0.10294117647058823,0.9631578947368421,0.011560693641618497,0.9,3.6000034335669575,201,12,189,0.05970149253731343,0.9947368421052631,3.409719280698704,213,23,190,0.107981220657277,1.0,3.7601750869904125,196,10,186,0.05102040816326531,0.9789473684210527,3.6000034335669575,201,12,189,0.05970149253731343,0.9947368421052631,1.352404
gaussian,gaussian,250,80,80,0.7,20,6,199,12,187,183,1,182,0.06030150753768844,0.9842105263157894,0.00546448087431694,0.9578947368421052,210,20,190,186,1,185,0.09523809523809523,1.0,0.005376344086021506,0.9736842105263158,3.629363672579059,202,12,190,0.0594059405940594,1.0,3.400233300977724,210,20,190,0.09523809523809523,1.0,3.7547415528131847,196,6,190,0.030612244897959183,1.0,3.5109618907749787,203,13,190,0.06403940886699508,1.0,1.157037
gaussian,gaussian,250,80,80,0.7,20,7,197,11,186,179,1,178,0.05583756345177665,0.9789473684210527,0.00558659217877095,0.9368421052631579,213,25,188,184,2,182,0.11737089201877934,0.9894736842105263,0.010869565217391304,0.9578947368421052,3.5983265992207616,200,11,189,0.055,0.9947368421052631,3.4032078022951886,213,23,190,0.107981220657277,1.0,3.7777873686385175,194,5,189,0.02577319587628866,0.9947368421052631,3.4638108872820688,208,18,190,0.08653846153846154,1.0,1.235544
gaussian,gaussian,250,80,80,0.7,20,8,194,11,183,159,0,159,0.05670103092783505,0.9631578947368421,0.0,0.8368421052631579,211,25,186,165,0,165,0.11848341232227488,0.9789473684210527,0.0,0.868421052631579,3.66945944514395,203,14,189,0.06896551724137931,0.9947368421052631,3.39696047172323,218,28,190,0.12844036697247707,1.0,3.699609922951464,202,13,189,0.06435643564356436,0.9947368421052631,3.4853602525793947,206,17,189,0.0825242718446602,0.9947368421052631,1.186566
gaussian,gaussian,250,80,80,0.7,20,9,192,11,181,166,1,165,0.057291666666666664,0.9526315789473684,0.006024096385542169,0.868421052631579,211,25,186,174,1,173,0.11848341232227488,0.9789473684210527,0.005747126436781609,0.9105263157894737,3.648872541283009,200,12,188,0.06,0.9894736842105263,3.416972913753844,218,30,188,0.13761467889908258,0.9894736842105263,3.8527924283112274,194,6,188,0.030927835051546393,0.9894736842105263,3.5354348069626944,205,17,188,0.08292682926829269,0.9894736842105263,1.195193
gaussian,gaussian,250,80,80,0.7,20,10,195,9,186,175,2,173,0.046153846153846156,0.9789473684210527,0.011428571428571429,0.9105263157894737,208,19,189,180,3,177,0.09134615384615384,0.9947368421052631,0.016666666666666666,0.9315789473684211,3.6373789666895218,199,9,190,0.04522613065326633,1.0,3.411784603552837,210,20,190,0.09523809523809523,1.0,3.785579211629327,198,8,190,0.04040404040404041,1.0,3.513896279232037,202,12,190,0.0594059405940594,1.0,1.128629
gaussian,gaussian,250,80,80,0.7,20,11,188,8,180,160,0,160,0.0425531914893617,0.9473684210526315,0.0,0.8421052631578947,207,21,186,167,0,167,0.10144927536231885,0.9789473684210527,0.0,0.8789473684210526,3.596682434646462,206,16,190,0.07766990291262135,1.0,3.3975664851040124,222,32,190,0.14414414414414414,1.0,3.7446973146210842,197,7,190,0.03553299492385787,1.0,3.493112477528361,211,21,190,0.0995260663507109,1.0,1.208048
gaussian,gaussian,250,80,80,0.7,20,12,201,14,187,176,0,176,0.06965174129353234,0.9842105263157894,0.0,0.9263157894736842,210,22,188,188,5,183,0.10476190476190476,0.9894736842105263,0.026595744680851064,0.9631578947368421,3.5928577148168825,205,15,190,0.07317073170731707,1.0,3.432828361035659,212,22,190,0.10377358490566038,1.0,3.7486187002619,200,10,190,0.05,1.0,3.4834111029104826,210,20,190,0.09523809523809523,1.0,1.292685
gaussian,gaussian,250,80,80,0.7,20,13,186,4,182,161,1,160,0.021505376344086023,0.9578947368421052,0.006211180124223602,0.8421052631578947,194,11,183,174,2,172,0.05670103092783505,0.9631578947368421,0.011494252873563218,0.9052631578947369,3.6135197146560936,196,6,190,0.030612244897959183,1.0,3.408576984761529,208,18,190,0.08653846153846154,1.0,3.8082954349682336,194,4,190,0.020618556701030927,1.0,3.512718027560333,200,10,190,0.05,1.0,1.24325
gaussian,gaussian,250,80,80,0.7,20,14,192,13,179,154,0,154,0.06770833333333333,0.9421052631578948,0.0,0.8105263157894737,212,28,184,163,1,162,0.1320754716981132,0.968421052631579,0.006134969325153374,0.8526315789473684,3.593928495599375,204,16,188,0.0784313725490196,0.9894736842105263,3.3950074162586517,218,30,188,0.13761467889908258,0.9894736842105263,3.702820551036314,198,11,187,0.05555555555555555,0.9842105263157894,3.4811397552106427,210,22,188,0.10476190476190476,0.9894736842105263,1.32603
gaussian,gaussian,250,80,80,0.7,20,15,199,14,185,156,1,155,0.07035175879396985,0.9736842105263158,0.00641025641025641,0.8157894736842105,217,30,187,169,2,167,0.1382488479262673,0.9842105263157894,0.011834319526627219,0.8789473684210526,3.6175204292500047,203,14,189,0.06896551724137931,0.9947368421052631,3.3901176099058645,221,32,189,0.14479638009049775,0.9947368421052631,3.7765020057265883,197,8,189,0.04060913705583756,0.9947368421052631,3.5063049819426517,209,20,189,0.09569377990430622,0.9947368421052631,1.260654
gaussian,gaussian,250,80,80,0.7,20,16,201,13,188,182,1,181,0.06467661691542288,0.9894736842105263,0.005494505494505495,0.9526315789473684,215,27,188,185,2,183,0.12558139534883722,0.9894736842105263,0.010810810810810811,0.9631578947368421,3.598601397724411,207,17,190,0.0821256038647343,1.0,3.4026350044142846,217,27,190,0.12442396313364056,1.0,3.7790174475553124,203,13,190,0.06403940886699508,1.0,3.5176820003525724,211,21,190,0.0995260663507109,1.0,1.309988
gaussian,gaussian,250,80,80,0.7,20,17,203,14,189,188,1,187,0.06896551724137931,0.9947368421052631,0.005319148936170213,0.9842105263157894,206,17,189,190,3,187,0.0825242718446602,0.9947368421052631,0.015789473684210527,0.9842105263157894,3.610089954496747,205,16,189,0.07804878048780488,0.9947368421052631,3.4063345517816255,209,20,189,0.09569377990430622,0.9947368421052631,3.7321232487193647,200,11,189,0.055,0.9947368421052631,3.533681230762014,207,18,189,0.08695652173913043,0.9947368421052631,1.675411
gaussian,gaussian,250,80,80,0.7,20,18,200,14,186,179,2,177,0.07,0.9789473684210527,0.0111731843575419,0.9315789473684211,212,26,186,187,3,184,0.12264150943396226,0.9789473684210527,0.016042780748663103,0.968421052631579,3.5970042528567294,204,15,189,0.07352941176470588,0.9947368421052631,3.407101132776976,216,26,190,0.12037037037037036,1.0,3.7308883534365895,199,10,189,0.05025125628140704,0.9947368421052631,3.4774417344807538,211,22,189,0.10426540284360189,0.9947368421052631,1.104844
gaussian,gaussian,250,80,80,0.7,20,19,190,7,183,176,1,175,0.03684210526315789,0.9631578947368421,0.005681818181818182,0.9210526315789473,204,20,184,181,1,180,0.09803921568627451,0.968421052631579,0.0055248618784530384,0.9473684210526315,3.6176163466875,199,9,190,0.04522613065326633,1.0,3.3966314631506673,213,23,190,0.107981220657277,1.0,3.812983694628379,195,6,189,0.03076923076923077,0.9947368421052631,3.551391319705418,202,12,190,0.0594059405940594,1.0,1.266501
gaussian,gaussian,250,80,80,0.7,20,20,191,6,185,171,0,171,0.031413612565445025,0.9736842105263158,0.0,0.9,203,17,186,176,1,175,0.08374384236453201,0.9789473684210527,0.005681818181818182,0.9210526315789473,3.602742390190106,197,7,190,0.03553299492385787,1.0,3.4192211833314468,205,15,190,0.07317073170731707,1.0,3.6823581389947795,196,6,190,0.030612244897959183,1.0,3.505943224244007,201,11,190,0.05472636815920398,1.0,1.139857
gaussian,gaussian,250,80,80,0.7,20,21,187,7,180,166,0,166,0.0374331550802139,0.9473684210526315,0.0,0.8736842105263158,203,18,185,173,0,173,0.08866995073891626,0.9736842105263158,0.0,0.9105263157894737,3.615041118625692,197,9,188,0.04568527918781726,0.9894736842105263,3.398460858440601,213,24,189,0.11267605633802817,0.9947368421052631,3.745714734060811,192,4,188,0.020833333333333332,0.9894736842105263,3.5183640483902443,200,11,189,0.055,0.9947368421052631,1.273506
gaussian,gaussian,250,80,80,0.7,20,22,177,13,164,121,0,121,0.07344632768361582,0.8631578947368421,0.0,0.6368421052631579,197,28,169,135,0,135,0.14213197969543148,0.8894736842105263,0.0,0.7105263157894737,3.597914888012031,201,17,184,0.0845771144278607,0.968421052631579,3.392212677016715,222,35,187,0.15765765765765766,0.9842105263157894,3.748048531610261,191,8,183,0.041884816753926704,0.9631578947368421,3.4862684936833674,210,25,185,0.11904761904761904,0.9736842105263158,1.257318
gaussian,gaussian,250,80,80,0.7,20,23,190,7,183,156,0,156,0.03684210526315789,0.9631578947368421,0.0,0.8210526315789474,203,17,186,166,1,165,0.08374384236453201,0.9789473684210527,0.006024096385542169,0.868421052631579,3.601124529711618,200,11,189,0.055,0.9947368421052631,3.397248259019873,212,23,189,0.10849056603773585,0.9947368421052631,3.8009820842934987,195,6,189,0.03076923076923077,0.9947368421052631,3.4970902379924613,202,13,189,0.06435643564356436,0.9947368421052631,1.200942
gaussian,gaussian,250,80,80,0.7,20,24,186,7,179,161,0,161,0.03763440860215054,0.9421052631578948,0.0,0.8473684210526315,202,18,184,167,0,167,0.0891089108910891,0.968421052631579,0.0,0.8789473684210526,3.602136140920985,201,12,189,0.05970149253731343,0.9947368421052631,3.4324024758984177,211,21,190,0.0995260663507109,1.0,3.751203452847445,198,9,189,0.045454545454545456,0.9947368421052631,3.484111558950456,205,15,190,0.07317073170731707,1.0,1.17056
gaussian,gaussian,250,80,80,0.7,20,25,198,9,189,185,0,185,0.045454545454545456,0.9947368421052631,0.0,0.9736842105263158,207,17,190,187,1,186,0.0821256038647343,1.0,0.0053475935828877,0.9789473684210527,3.6247296588166273,198,8,190,0.04040404040404041,1.0,3.405814651703006,208,18,190,0.08653846153846154,1.0,3.7890020869467405,197,7,190,0.03553299492385787,1.0,3.4652070927359038,204,14,190,0.06862745098039216,1.0,1.170642
gaussian,gaussian,250,80,80,0.7,20,26,183,6,177,159,0,159,0.03278688524590164,0.9315789473684211,0.0,0.8368421052631579,198,15,183,164,0,164,0.07575757575757576,0.9631578947368421,0.0,0.8631578947368421,3.6041458691746002,197,9,188,0.04568527918781726,0.9894736842105263,3.40485599225806,212,23,189,0.10849056603773585,0.9947368421052631,3.720737084175747,195,7,188,0.035897435897435895,0.9894736842105263,3.4949252945359435,201,13,188,0.06467661691542288,0.9894736842105263,1.214451
gaussian,gaussian,250,80,80,0.7,20,27,200,12,188,179,1,178,0.06,0.9894736842105263,0.00558659217877095,0.9368421052631579,215,25,190,184,2,182,0.11627906976744186,1.0,0.010869565217391304,0.9578947368421052,3.6200233160980626,203,13,190,0.06403940886699508,1.0,3.3919512011722976,217,27,190,0.12442396313364056,1.0,3.718060082884309,198,8,190,0.04040404040404041,1.0,3.4724468979193546,209,19,190,0.09090909090909091,1.0,1.106031
gaussian,gaussian,250,80,80,0.7,20,28,194,10,184,172,2,170,0.05154639175257732,0.968421052631579,0.011627906976744186,0.8947368421052632,202,17,185,178,2,176,0.08415841584158416,0.9736842105263158,0.011235955056179775,0.9263157894736842,3.6234793417317723,200,11,189,0.055,0.9947368421052631,3.421838952345143,210,20,190,0.09523809523809523,1.0,3.8769455100114407,195,6,189,0.03076923076923077,0.9947368421052631,3.5252187041891276,203,14,189,0.06896551724137931,0.9947368421052631,1.188799
gaussian,gaussian,250,80,80,0.7,20,29,176,10,166,131,0,131,0.056818181818181816,0.8736842105263158,0.0,0.6894736842105263,198,25,173,144,0,144,0.12626262626262627,0.9105263157894737,0.0,0.7578947368421053,3.602351662964152,199,11,188,0.05527638190954774,0.9894736842105263,3.398336980635969,217,28,189,0.12903225806451613,0.9947368421052631,3.7375671093914424,194,8,186,0.041237113402061855,0.9789473684210527,3.4751946336706423,208,20,188,0.09615384615384616,0.9894736842105263,1.080423
gaussian,gaussian,250,80,80,0.7,20,30,192,7,185,175,1,174,0.036458333333333336,0.9736842105263158,0.005714285714285714,0.9157894736842105,203,16,187,185,3,182,0.07881773399014778,0.9842105263157894,0.016216216216216217,0.9578947368421052,3.619258566673299,198,8,190,0.04040404040404041,1.0,3.4041975266722035,208,18,190,0.08653846153846154,1.0,3.835278551931443,195,6,189,0.03076923076923077,0.9947368421052631,3.4884345088389663,204,14,190,0.06862745098039216,1.0,1.301558
gaussian,gaussian,250,80,80,0.7,20,31,194,8,186,174,0,174,0.041237113402061855,0.9789473684210527,0.0,0.9157894736842105,212,25,187,179,2,177,0.1179245283018868,0.9842105263157894,0.0111731843575419,0.9315789473684211,3.604711247996679,199,10,189,0.05025125628140704,0.9947368421052631,3.4182044367696585,218,29,189,0.13302752293577982,0.9947368421052631,3.746068309333346,195,6,189,0.03076923076923077,0.9947368421052631,3.503470479473965,210,21,189,0.1,0.9947368421052631,1.283194
gaussian,gaussian,250,80,80,0.7,20,32,200,11,189,179,1,178,0.055,0.9947368421052631,0.00558659217877095,0.9368421052631579,219,29,190,184,2,182,0.1324200913242009,1.0,0.010869565217391304,0.9578947368421052,3.605503013830246,205,15,190,0.07317073170731707,1.0,3.399469537389311,220,30,190,0.13636363636363635,1.0,3.716596142482216,200,10,190,0.05,1.0,3.4599489900460005,215,25,190,0.11627906976744186,1.0,1.089718
gaussian,gaussian,250,80,80,0.7,20,33,201,12,189,179,2,177,0.05970149253731343,0.9947368421052631,0.0111731843575419,0.9315789473684211,211,21,190,192,5,187,0.0995260663507109,1.0,0.026041666666666668,0.9842105263157894,3.6515100431039342,204,14,190,0.06862745098039216,1.0,3.457019023533588,213,23,190,0.107981220657277,1.0,3.7591778669103264,201,11,190,0.05472636815920398,1.0,3.5164619891158737,207,17,190,0.0821256038647343,1.0,1.191175
gaussian,gaussian,250,80,80,0.7,20,34,196,10,186,181,0,181,0.05102040816326531,0.9789473684210527,0.0,0.9526315789473684,214,27,187,184,1,183,0.1261682242990654,0.9842105263157894,0.005434782608695652,0.9631578947368421,3.601361874680105,205,15,190,0.07317073170731707,1.0,3.3848790122715786,222,32,190,0.14414414414414414,1.0,3.796976431658683,197,7,190,0.03553299492385787,1.0,3.521374592812863,214,24,190,0.11214953271028037,1.0,1.119882
gaussian,gaussian,250,80,80,0.7,20,35,174,9,165,131,1,130,0.05172413793103448,0.868421052631579,0.007633587786259542,0.6842105263157895,193,22,171,142,1,141,0.11398963730569948,0.9,0.007042253521126761,0.7421052631578947,3.607452851861757,197,11,186,0.05583756345177665,0.9789473684210527,3.4429093712820826,208,22,186,0.10576923076923077,0.9789473684210527,3.787717609163063,194,8,186,0.041237113402061855,0.9789473684210527,3.4696243884442155,205,19,186,0.09268292682926829,0.9789473684210527,1.22352
gaussian,gaussian,250,80,80,0.7,20,36,194,9,185,175,1,174,0.04639175257731959,0.9736842105263158,0.005714285714285714,0.9157894736842105,202,16,186,180,2,178,0.07920792079207921,0.9789473684210527,0.011111111111111112,0.9368421052631579,3.6180829064752174,199,10,189,0.05025125628140704,0.9947368421052631,3.3990484448228,213,24,189,0.11267605633802817,0.9947368421052631,3.788576473638116,195,6,189,0.03076923076923077,0.9947368421052631,3.52146811289013,202,13,189,0.06435643564356436,0.9947368421052631,1.126599
gaussian,gaussian,250,80,80,0.7,20,37,208,19,189,186,3,183,0.09134615384615384,0.9947368421052631,0.016129032258064516,0.9631578947368421,227,38,189,190,3,187,0.16740088105726872,0.9947368421052631,0.015789473684210527,0.9842105263157894,3.587735719026338,214,24,190,0.11214953271028037,1.0,3.3754574018708063,232,42,190,0.1810344827586207,1.0,3.7357906840023265,205,15,190,0.07317073170731707,1.0,3.4807454832073597,220,30,190,0.13636363636363635,1.0,1.185879
gaussian,gaussian,250,80,80,0.7,20,38,197,12,185,178,3,175,0.06091370558375635,0.9736842105263158,0.016853932584269662,0.9210526315789473,211,23,188,190,6,184,0.10900473933649289,0.9894736842105263,0.031578947368421054,0.968421052631579,3.6698869669860152,202,13,189,0.06435643564356436,0.9947368421052631,3.3978600799712617,214,24,190,0.11214953271028037,1.0,3.791906132386817,200,11,189,0.055,0.9947368421052631,3.53381866759116,206,17,189,0.0825242718446602,0.9947368421052631,1.118271
gaussian,gaussian,250,80,80,0.7,20,39,199,10,189,183,1,182,0.05025125628140704,0.9947368421052631,0.00546448087431694,0.9578947368421052,208,18,190,185,2,183,0.08653846153846154,1.0,0.010810810810810811,0.9631578947368421,3.6150359805171,204,14,190,0.06862745098039216,1.0,3.4193230426857655,213,23,190,0.107981220657277,1.0,3.726238387118094,202,12,190,0.0594059405940594,1.0,3.511913225948118,206,16,190,0.07766990291262135,1.0,1.270701
gaussian,gaussian,250,80,80,0.7,20,40,197,11,186,179,1,178,0.05583756345177665,0.9789473684210527,0.00558659217877095,0.9368421052631579,211,22,189,183,1,182,0.10426540284360189,0.9947368421052631,0.00546448087431694,0.9578947368421052,3.6006708715966824,207,17,190,0.0821256038647343,1.0,3.3924141947450215,217,27,190,0.12442396313364056,1.0,3.748005734883265,199,9,190,0.04522613065326633,1.0,3.4905191379093186,212,22,190,0.10377358490566038,1.0,1.279509
gaussian,gaussian,250,80,80,0.7,20,41,196,12,184,156,0,156,0.061224489795918366,0.968421052631579,0.0,0.8210526315789474,208,23,185,168,1,167,0.11057692307692307,0.9736842105263158,0.005952380952380952,0.8789473684210526,3.6072913813547705,202,12,190,0.0594059405940594,1.0,3.402022742066157,215,25,190,0.11627906976744186,1.0,3.6931815212873986,199,9,190,0.04522613065326633,1.0,3.4774325480357677,209,19,190,0.09090909090909091,1.0,1.170936
gaussian,gaussian,250,80,80,0.7,20,42,199,13,186,171,0,171,0.06532663316582915,0.9789473684210527,0.0,0.9,210,20,190,181,2,179,0.09523809523809523,1.0,0.011049723756906077,0.9421052631578948,3.6261959075271375,204,14,190,0.06862745098039216,1.0,3.398355715478086,212,22,190,0.10377358490566038,1.0,3.7187673139335393,201,11,190,0.05472636815920398,1.0,3.4991317845080396,209,19,190,0.09090909090909091,1.0,1.609958
gaussian,gaussian,250,80,80,0.7,20,43,198,15,183,158,0,158,0.07575757575757576,0.9631578947368421,0.0,0.8315789473684211,210,26,184,166,1,165,0.12380952380952381,0.968421052631579,0.006024096385542169,0.868421052631579,3.6008445382529106,204,15,189,0.07352941176470588,0.9947368421052631,3.3990898799120313,216,27,189,0.125,0.9947368421052631,3.724108606348606,196,7,189,0.03571428571428571,0.9947368421052631,3.4761277349397415,212,23,189,0.10849056603773585,0.9947368421052631,1.12488
gaussian,gaussian,250,80,80,0.7,20,44,204,15,189,183,2,181,0.07352941176470588,0.9947368421052631,0.01092896174863388,0.9526315789473684,211,22,189,187,2,185,0.10426540284360189,0.9947368421052631,0.0106951871657754,0.9736842105263158,3.613262740872573,208,18,190,0.08653846153846154,1.0,3.3911827557634195,219,29,190,0.1324200913242009,1.0,3.8564716466662188,200,10,190,0.05,1.0,3.613262740872573,208,18,190,0.08653846153846154,1.0,1.350708
gaussian,gaussian,250,80,80,0.7,20,45,190,10,180,149,1,148,0.05263157894736842,0.9473684210526315,0.006711409395973154,0.7789473684210526,211,25,186,158,1,157,0.11848341232227488,0.9789473684210527,0.006329113924050633,0.8263157894736842,3.605099920286156,203,14,189,0.06896551724137931,0.9947368421052631,3.456620550388025,217,28,189,0.12903225806451613,0.9947368421052631,3.7275374826529526,196,7,189,0.03571428571428571,0.9947368421052631,3.456620550388025,217,28,189,0.12903225806451613,0.9947368421052631,1.116629
gaussian,gaussian,250,80,80,0.7,20,46,175,6,169,122,0,122,0.03428571428571429,0.8894736842105263,0.0,0.6421052631578947,195,18,177,140,0,140,0.09230769230769231,0.9315789473684211,0.0,0.7368421052631579,3.6273326850977687,195,8,187,0.041025641025641026,0.9842105263157894,3.4079322007773802,209,20,189,0.09569377990430622,0.9947368421052631,3.749523709531313,191,4,187,0.020942408376963352,0.9842105263157894,3.504544016844694,203,15,188,0.07389162561576355,0.9894736842105263,1.211477
gaussian,gaussian,250,80,80,0.7,20,47,200,14,186,177,2,175,0.07,0.9789473684210527,0.011299435028248588,0.9210526315789473,213,25,188,181,4,177,0.11737089201877934,0.9894736842105263,0.022099447513812154,0.9315789473684211,3.618830577812204,208,18,190,0.08653846153846154,1.0,3.4021865812644543,222,32,190,0.14414414414414414,1.0,3.7130104063405494,206,16,190,0.07766990291262135,1.0,3.4928791821424214,212,22,190,0.10377358490566038,1.0,1.257076
gaussian,gaussian,250,80,80,0.7,20,48,173,10,163,126,0,126,0.057803468208092484,0.8578947368421053,0.0,0.6631578947368421,194,24,170,142,0,142,0.12371134020618557,0.8947368421052632,0.0,0.7473684210526316,3.5995138407745273,203,14,189,0.06896551724137931,0.9947368421052631,3.3924153111965047,218,29,189,0.13302752293577982,0.9947368421052631,3.725109380625246,196,7,189,0.03571428571428571,0.9947368421052631,3.487756198833372,210,21,189,0.1,0.9947368421052631,1.153977
gaussian,gaussian,250,80,80,0.7,20,49,193,9,184,151,0,151,0.046632124352331605,0.968421052631579,0.0,0.7947368421052632,202,18,184,166,0,166,0.0891089108910891,0.968421052631579,0.0,0.8736842105263158,3.5977370016954024,203,13,190,0.06403940886699508,1.0,3.392704681460113,216,26,190,0.12037037037037036,1.0,3.7158012540459,197,7,190,0.03553299492385787,1.0,3.545530787087931,206,16,190,0.07766990291262135,1.0,1.248801
gaussian,gaussian,250,80,80,0.7,20,50,195,7,188,179,1,178,0.035897435897435895,0.9894736842105263,0.00558659217877095,0.9368421052631579,204,16,188,182,1,181,0.0784313725490196,0.9894736842105263,0.005494505494505495,0.9526315789473684,3.684333983035777,197,7,190,0.03553299492385787,1.0,3.4350025207973056,207,17,190,0.0821256038647343,1.0,3.818313134734714,194,4,190,0.020618556701030927,1.0,3.541572682127648,202,12,190,0.0594059405940594,1.0,1.151586
gaussian,gaussian,250,80,80,0.7,20,51,191,7,184,159,0,159,0.03664921465968586,0.968421052631579,0.0,0.8368421052631579,206,19,187,176,3,173,0.09223300970873786,0.9842105263157894,0.017045454545454544,0.9105263157894737,3.6681683532086504,196,6,190,0.030612244897959183,1.0,3.4412788616193444,209,19,190,0.09090909090909091,1.0,3.840080298409195,194,4,190,0.020618556701030927,1.0,3.5052279443776215,205,15,190,0.07317073170731707,1.0,1.159912
gaussian,gaussian,250,80,80,0.7,20,52,196,13,183,159,1,158,0.0663265306122449,0.9631578947368421,0.006289308176100629,0.8315789473684211,209,23,186,166,1,165,0.11004784688995216,0.9789473684210527,0.006024096385542169,0.868421052631579,3.605508765970631,205,15,190,0.07317073170731707,1.0,3.3900041560724055,219,29,190,0.1324200913242009,1.0,3.753830039948882,199,9,190,0.04522613065326633,1.0,3.499617544879631,210,20,190,0.09523809523809523,1.0,1.111891
gaussian,gaussian,250,80,80,0.7,20,53,198,8,190,188,0,188,0.04040404040404041,1.0,0.0,0.9894736842105263,215,25,190,189,0,189,0.11627906976744186,1.0,0.0,0.9947368421052631,3.6064763748714097,201,11,190,0.05472636815920398,1.0,3.391299914382137,217,27,190,0.12442396313364056,1.0,3.9068519591535007,193,3,190,0.015544041450777202,1.0,3.5369007877970713,206,16,190,0.07766990291262135,1.0,1.271943
gaussian,gaussian,250,80,80,0.7,20,54,195,7,188,179,0,179,0.035897435897435895,0.9894736842105263,0.0,0.9421052631578948,202,14,188,182,0,182,0.06930693069306931,0.9894736842105263,0.0,0.9578947368421052,3.6287110009012924,198,8,190,0.04040404040404041,1.0,3.421328314899497,206,16,190,0.07766990291262135,1.0,3.742801694375462,195,5,190,0.02564102564102564,1.0,3.4927203524800134,204,14,190,0.06862745098039216,1.0,1.324224
gaussian,gaussian,250,80,80,0.7,20,55,187,10,177,152,0,152,0.053475935828877004,0.9315789473684211,0.0,0.8,199,18,181,165,0,165,0.09045226130653267,0.9526315789473684,0.0,0.868421052631579,3.6202297790236404,203,14,189,0.06896551724137931,0.9947368421052631,3.3996010454800794,213,24,189,0.11267605633802817,0.9947368421052631,3.783446283887257,197,8,189,0.04060913705583756,0.9947368421052631,3.509927112828663,206,17,189,0.0825242718446602,0.9947368421052631,1.17135
gaussian,gaussian,250,80,80,0.7,20,56,201,13,188,176,1,175,0.06467661691542288,0.9894736842105263,0.005681818181818182,0.9210526315789473,210,21,189,183,3,180,0.1,0.9947368421052631,0.01639344262295082,0.9473684210526315,3.6251914125890123,203,13,190,0.06403940886699508,1.0,3.4287341926076556,213,23,190,0.107981220657277,1.0,3.7755136664340805,199,9,190,0.04522613065326633,1.0,3.5433539675244807,209,19,190,0.09090909090909091,1.0,1.333098
gaussian,gaussian,250,80,80,0.7,20,57,199,10,189,185,1,184,0.05025125628140704,0.9947368421052631,0.005405405405405406,0.968421052631579,209,20,189,187,2,185,0.09569377990430622,0.9947368421052631,0.0106951871657754,0.9736842105263158,3.631900272976146,200,10,190,0.05,1.0,3.4028119142646425,213,23,190,0.107981220657277,1.0,3.7982445003091767,193,3,190,0.015544041450777202,1.0,3.5164126117864454,207,17,190,0.0821256038647343,1.0,1.133374
gaussian,gaussian,250,80,80,0.7,20,58,189,16,173,128,1,127,0.08465608465608465,0.9105263157894737,0.0078125,0.6684210526315789,215,36,179,148,2,146,0.16744186046511628,0.9421052631578948,0.013513513513513514,0.7684210526315789,3.597072165310973,206,18,188,0.08737864077669903,0.9894736842105263,3.389276470779618,224,35,189,0.15625,0.9947368421052631,3.7116224143407908,196,8,188,0.04081632653061224,0.9894736842105263,3.4645535884041756,213,25,188,0.11737089201877934,0.9894736842105263,1.370808
gaussian,gaussian,250,80,80,0.7,20,59,209,19,190,177,1,176,0.09090909090909091,1.0,0.005649717514124294,0.9263157894736842,218,28,190,183,3,180,0.12844036697247707,1.0,0.01639344262295082,0.9473684210526315,3.6122009567005233,207,17,190,0.0821256038647343,1.0,3.413146396026195,216,26,190,0.12037037037037036,1.0,3.7131562268811926,203,13,190,0.06403940886699508,1.0,3.497779039020048,212,22,190,0.10377358490566038,1.0,1.113888
gaussian,gaussian,250,80,80,0.7,20,60,187,13,174,133,1,132,0.06951871657754011,0.9157894736842105,0.007518796992481203,0.6947368421052632,200,20,180,154,4,150,0.1,0.9473684210526315,0.025974025974025976,0.7894736842105263,3.593411057210259,204,17,187,0.08333333333333333,0.9842105263157894,3.389940970421044,218,30,188,0.13761467889908258,0.9894736842105263,3.7502445420215413,199,12,187,0.06030150753768844,0.9842105263157894,3.4976555214417715,208,21,187,0.10096153846153846,0.9842105263157894,1.455295
gaussian,gaussian,250,80,80,0.7,20,61,185,6,179,160,0,160,0.032432432432432434,0.9421052631578948,0.0,0.8421052631578947,198,15,183,163,1,162,0.07575757575757576,0.9631578947368421,0.006134969325153374,0.8526315789473684,3.608584052438624,198,11,187,0.05555555555555555,0.9842105263157894,3.436753755667858,207,19,188,0.09178743961352658,0.9894736842105263,3.707761912856184,196,9,187,0.04591836734693878,0.9842105263157894,3.469190720398555,205,17,188,0.08292682926829269,0.9894736842105263,1.268086
gaussian,gaussian,250,80,80,0.7,20,62,201,15,186,173,0,173,0.07462686567164178,0.9789473684210527,0.0,0.9105263157894737,211,23,188,177,1,176,0.10900473933649289,0.9894736842105263,0.005649717514124294,0.9263157894736842,3.609172699588039,208,18,190,0.08653846153846154,1.0,3.403034307718395,218,28,190,0.12844036697247707,1.0,3.7953889785010366,196,7,189,0.03571428571428571,0.9947368421052631,3.518055926041175,211,21,190,0.0995260663507109,1.0,1.330137
gaussian,gaussian,250,80,80,0.7,20,63,199,12,187,181,1,180,0.06030150753768844,0.9842105263157894,0.0055248618784530384,0.9473684210526315,209,21,188,188,4,184,0.10047846889952153,0.9894736842105263,0.02127659574468085,0.968421052631579,3.5954435521956443,204,14,190,0.06862745098039216,1.0,3.398513689077842,217,27,190,0.12442396313364056,1.0,3.798876943418946,199,9,190,0.04522613065326633,1.0,3.5451789820062696,207,17,190,0.0821256038647343,1.0,1.166999
gaussian,gaussian,250,80,80,0.7,20,64,188,15,173,142,1,141,0.0797872340425532,0.9105263157894737,0.007042253521126761,0.7421052631578947,198,23,175,159,3,156,0.11616161616161616,0.9210526315789473,0.018867924528301886,0.8210526315789474,3.5904584590582083,208,20,188,0.09615384615384616,0.9894736842105263,3.3982583791421925,218,28,190,0.12844036697247707,1.0,3.712115652895102,201,14,187,0.06965174129353234,0.9842105263157894,3.470868336759658,214,24,190,0.11214953271028037,1.0,1.2275
gaussian,gaussian,250,80,80,0.7,20,65,175,15,160,117,1,116,0.08571428571428572,0.8421052631578947,0.008547008547008548,0.6105263157894737,198,27,171,127,2,125,0.13636363636363635,0.9,0.015748031496062992,0.6578947368421053,3.5911343426194855,209,24,185,0.11483253588516747,0.9736842105263158,3.4146530649939746,222,37,185,0.16666666666666666,0.9736842105263158,3.730965964668347,195,13,182,0.06666666666666667,0.9578947368421052,3.4774606069212872,215,30,185,0.13953488372093023,0.9736842105263158,1.233589
gaussian,gaussian,250,80,80,0.7,20,66,190,8,182,166,0,166,0.042105263157894736,0.9578947368421052,0.0,0.8736842105263158,203,16,187,174,0,174,0.07881773399014778,0.9842105263157894,0.0,0.9157894736842105,3.6349457373305443,198,8,190,0.04040404040404041,1.0,3.406902604371947,207,17,190,0.0821256038647343,1.0,3.7792485594350635,196,6,190,0.030612244897959183,1.0,3.5103338826075636,201,11,190,0.05472636815920398,1.0,1.280399
gaussian,gaussian,250,80,80,0.7,20,67,176,9,167,132,3,129,0.05113636363636364,0.8789473684210526,0.022727272727272728,0.6789473684210526,183,12,171,148,5,143,0.06557377049180328,0.9,0.033783783783783786,0.7526315789473684,3.633764958171408,198,11,187,0.05555555555555555,0.9842105263157894,3.4220701991069857,200,13,187,0.065,0.9842105263157894,3.7697537289621437,195,9,186,0.046153846153846156,0.9789473684210527,3.633764958171408,198,11,187,0.05555555555555555,0.9842105263157894,1.155844
gaussian,gaussian,250,80,80,0.7,20,68,193,10,183,165,0,165,0.05181347150259067,0.9631578947368421,0.0,0.868421052631579,203,19,184,174,1,173,0.09359605911330049,0.968421052631579,0.005747126436781609,0.9105263157894737,3.597689176175475,202,12,190,0.0594059405940594,1.0,3.4140467464003086,210,20,190,0.09523809523809523,1.0,3.7385258340549936,197,7,190,0.03553299492385787,1.0,3.5536290716947168,205,15,190,0.07317073170731707,1.0,1.129967
gaussian,gaussian,250,80,80,0.7,20,69,199,9,190,191,1,190,0.04522613065326633,1.0,0.005235602094240838,1.0,208,18,190,192,2,190,0.08653846153846154,1.0,0.010416666666666666,1.0,3.649028087211944,199,9,190,0.04522613065326633,1.0,3.4158142655499044,208,18,190,0.08653846153846154,1.0,3.8445576663547905,196,6,190,0.030612244897959183,1.0,3.5463789263930465,200,10,190,0.05,1.0,1.113444
gaussian,gaussian,250,80,80,0.7,20,70,199,11,188,184,1,183,0.05527638190954774,0.9894736842105263,0.005434782608695652,0.9631578947368421,211,22,189,189,2,187,0.10426540284360189,0.9947368421052631,0.010582010582010581,0.9842105263157894,3.615537857388604,202,12,190,0.0594059405940594,1.0,3.3961714753447585,215,25,190,0.11627906976744186,1.0,4.0125784450292015,195,5,190,0.02564102564102564,1.0,3.5176096813597466,207,17,190,0.0821256038647343,1.0,1.169848
gaussian,gaussian,250,80,80,0.7,20,71,200,13,187,181,1,180,0.065,0.9842105263157894,0.0055248618784530384,0.9473684210526315,214,26,188,185,1,184,0.12149532710280374,0.9894736842105263,0.005405405405405406,0.968421052631579,3.5887327923483348,210,20,190,0.09523809523809523,1.0,3.3854886362326444,231,41,190,0.1774891774891775,1.0,3.7643824190348343,203,13,190,0.06403940886699508,1.0,3.525752562310211,213,23,190,0.107981220657277,1.0,1.181548
gaussian,gaussian,250,80,80,0.7,20,72,191,18,173,138,2,136,0.09424083769633508,0.9105263157894737,0.014492753623188406,0.7157894736842105,207,27,180,156,4,152,0.13043478260869565,0.9473684210526315,0.02564102564102564,0.8,3.591137724535265,207,21,186,0.10144927536231885,0.9789473684210527,3.3975093326362784,218,31,187,0.14220183486238533,0.9842105263157894,3.7459505919300655,197,12,185,0.06091370558375635,0.9736842105263158,3.498589692527824,212,26,186,0.12264150943396226,0.9789473684210527,1.183079
gaussian,gaussian,250,80,80,0.7,20,73,194,10,184,173,3,170,0.05154639175257732,0.968421052631579,0.017341040462427744,0.8947368421052632,214,28,186,180,3,177,0.1308411214953271,0.9789473684210527,0.016666666666666666,0.9315789473684211,3.6079814574087594,199,10,189,0.05025125628140704,0.9947368421052631,3.3936772713552,216,27,189,0.125,0.9947368421052631,3.7210253354162135,194,6,188,0.030927835051546393,0.9894736842105263,3.4730321414031113,211,22,189,0.10426540284360189,0.9947368421052631,1.230614
gaussian,gaussian,250,80,80,0.7,20,74,191,6,185,177,1,176,0.031413612565445025,0.9736842105263158,0.005649717514124294,0.9263157894736842,199,12,187,182,1,181,0.06030150753768844,0.9842105263157894,0.005494505494505495,0.9526315789473684,3.641867448431908,197,7,190,0.03553299492385787,1.0,3.416970507196383,204,14,190,0.06862745098039216,1.0,3.7554723508666563,196,6,190,0.030612244897959183,1.0,3.5218134926276643,201,11,190,0.05472636815920398,1.0,1.144419
gaussian,gaussian,250,80,80,0.7,20,75,200,10,190,188,1,187,0.05,1.0,0.005319148936170213,0.9842105263157894,211,21,190,190,1,189,0.0995260663507109,1.0,0.005263157894736842,0.9947368421052631,3.621211399892814,201,11,190,0.05472636815920398,1.0,3.404707392968875,213,23,190,0.107981220657277,1.0,3.7432274490272603,197,7,190,0.03553299492385787,1.0,3.500306921414386,204,14,190,0.06862745098039216,1.0,1.241484
gaussian,gaussian,250,80,80,0.7,20,76,198,11,187,182,1,181,0.05555555555555555,0.9842105263157894,0.005494505494505495,0.9526315789473684,210,20,190,183,1,182,0.09523809523809523,1.0,0.00546448087431694,0.9578947368421052,3.611631329958155,203,13,190,0.06403940886699508,1.0,3.433833789792088,213,23,190,0.107981220657277,1.0,3.761150634073556,198,8,190,0.04040404040404041,1.0,3.5348207408310257,206,16,190,0.07766990291262135,1.0,1.208096
gaussian,gaussian,250,80,80,0.7,20,77,195,9,186,175,1,174,0.046153846153846156,0.9789473684210527,0.005714285714285714,0.9157894736842105,208,20,188,183,4,179,0.09615384615384616,0.9894736842105263,0.02185792349726776,0.9421052631578948,3.6136902261474684,202,13,189,0.06435643564356436,0.9947368421052631,3.4070970254799837,213,23,190,0.107981220657277,1.0,3.7377117728006515,199,11,188,0.05527638190954774,0.9894736842105263,3.489172648938981,207,17,190,0.0821256038647343,1.0,1.166305
gaussian,gaussian,250,80,80,0.7,20,78,200,11,189,186,3,183,0.055,0.9947368421052631,0.016129032258064516,0.9631578947368421,215,25,190,187,3,184,0.11627906976744186,1.0,0.016042780748663103,0.968421052631579,3.641219420975687,204,14,190,0.06862745098039216,1.0,3.4260838249148344,217,27,190,0.12442396313364056,1.0,3.7137196651971354,203,13,190,0.06403940886699508,1.0,3.5035528754133125,211,21,190,0.0995260663507109,1.0,1.095104
gaussian,gaussian,250,80,80,0.7,20,79,197,13,184,172,1,171,0.06598984771573604,0.968421052631579,0.005813953488372093,0.9,215,28,187,176,1,175,0.13023255813953488,0.9842105263157894,0.005681818181818182,0.9210526315789473,3.6662792924503904,206,16,190,0.07766990291262135,1.0,3.3830147283895977,226,36,190,0.1592920353982301,1.0,3.7622462149493576,203,13,190,0.06403940886699508,1.0,3.512472297869267,212,22,190,0.10377358490566038,1.0,1.241371
gaussian,gaussian,250,80,80,0.7,20,80,197,8,189,185,2,183,0.04060913705583756,0.9947368421052631,0.010810810810810811,0.9631578947368421,208,19,189,188,2,186,0.09134615384615384,0.9947368421052631,0.010638297872340425,0.9789473684210527,3.627005333865415,199,9,190,0.04522613065326633,1.0,3.4021578148732936,210,20,190,0.09523809523809523,1.0,3.776326571808166,197,7,190,0.03553299492385787,1.0,3.48899177026618,206,16,190,0.07766990291262135,1.0,1.113986
gaussian,gaussian,250,80,80,0.7,20,81,200,11,189,182,0,182,0.055,0.9947368421052631,0.0,0.9578947368421052,214,24,190,187,2,185,0.11214953271028037,1.0,0.0106951871657754,0.9736842105263158,3.5982037383410903,203,13,190,0.06403940886699508,1.0,3.3988756851981394,215,25,190,0.11627906976744186,1.0,3.807181990276908,195,5,190,0.02564102564102564,1.0,3.508935153922603,208,18,190,0.08653846153846154,1.0,1.360997
gaussian,gaussian,250,80,80,0.7,20,82,198,8,190,184,1,183,0.04040404040404041,1.0,0.005434782608695652,0.9631578947368421,209,19,190,186,1,185,0.09090909090909091,1.0,0.005376344086021506,0.9736842105263158,3.620928812782167,198,8,190,0.04040404040404041,1.0,3.4060591533789,213,23,190,0.107981220657277,1.0,3.722776710600501,195,5,190,0.02564102564102564,1.0,3.4772418300138437,206,16,190,0.07766990291262135,1.0,1.125343
gaussian,gaussian,250,80,80,0.7,20,83,208,22,186,178,2,176,0.10576923076923077,0.9789473684210527,0.011235955056179775,0.9263157894736842,216,27,189,181,3,178,0.125,0.9947368421052631,0.016574585635359115,0.9368421052631579,3.5798835074737068,216,26,190,0.12037037037037036,1.0,3.377052902573258,229,39,190,0.1703056768558952,1.0,3.751361671368344,204,14,190,0.06862745098039216,1.0,3.5798835074737068,216,26,190,0.12037037037037036,1.0,1.23658
gaussian,gaussian,250,80,80,0.7,20,84,188,7,181,167,0,167,0.03723404255319149,0.9526315789473684,0.0,0.8789473684210526,205,19,186,171,1,170,0.09268292682926829,0.9789473684210527,0.005847953216374269,0.8947368421052632,3.5989361707295577,199,10,189,0.05025125628140704,0.9947368421052631,3.406262464313905,212,22,190,0.10377358490566038,1.0,3.717710685255025,194,5,189,0.02577319587628866,0.9947368421052631,3.499581622377767,207,17,190,0.0821256038647343,1.0,1.158306
gaussian,gaussian,250,80,80,0.7,20,85,205,17,188,178,0,178,0.08292682926829269,0.9894736842105263,0.0,0.9368421052631579,218,29,189,182,3,179,0.13302752293577982,0.9947368421052631,0.016483516483516484,0.9421052631578948,3.6252088666825224,208,18,190,0.08653846153846154,1.0,3.3873900294327637,223,33,190,0.14798206278026907,1.0,3.716781420211533,204,14,190,0.06862745098039216,1.0,3.507996261174501,214,24,190,0.11214953271028037,1.0,1.151779
gaussian,gaussian,250,80,80,0.7,20,86,197,8,189,179,0,179,0.04060913705583756,0.9947368421052631,0.0,0.9421052631578948,209,19,190,185,0,185,0.09090909090909091,1.0,0.0,0.9736842105263158,3.6519792409036547,200,10,190,0.05,1.0,3.4121865949518404,211,21,190,0.0995260663507109,1.0,3.8244409536054595,195,5,190,0.02564102564102564,1.0,3.512201672829126,203,13,190,0.06403940886699508,1.0,1.199891
gaussian,gaussian,250,80,80,0.7,20,87,184,15,169,122,0,122,0.08152173913043478,0.8894736842105263,0.0,0.6421052631578947,200,28,172,137,2,135,0.14,0.9052631578947369,0.014598540145985401,0.7105263157894737,3.596270690896406,206,19,187,0.09223300970873786,0.9842105263157894,3.3959328359802785,219,31,188,0.1415525114155251,0.9894736842105263,3.6939715969417874,201,15,186,0.07462686567164178,0.9789473684210527,3.4774668590802413,213,26,187,0.12206572769953052,0.9842105263157894,1.139437
gaussian,gaussian,250,80,80,0.7,20,88,202,12,190,189,2,187,0.0594059405940594,1.0,0.010582010582010581,0.9842105263157894,208,18,190,192,2,190,0.08653846153846154,1.0,0.010416666666666666,1.0,3.604384833498442,204,14,190,0.06862745098039216,1.0,3.4078845783088356,211,21,190,0.0995260663507109,1.0,3.801975389447832,197,7,190,0.03553299492385787,1.0,3.577275021278089,206,16,190,0.07766990291262135,1.0,1.204683
gaussian,gaussian,250,80,80,0.7,20,89,195,10,185,179,0,179,0.05128205128205128,0.9736842105263158,0.0,0.9421052631578948,215,28,187,182,0,182,0.13023255813953488,0.9842105263157894,0.0,0.9578947368421052,3.615250850754603,201,11,190,0.05472636815920398,1.0,3.397642677604547,219,29,190,0.1324200913242009,1.0,3.7117838898497357,197,7,190,0.03553299492385787,1.0,3.460889709450177,211,21,190,0.0995260663507109,1.0,1.111739
gaussian,gaussian,250,80,80,0.7,20,90,192,7,185,166,0,166,0.036458333333333336,0.9736842105263158,0.0,0.8736842105263158,206,20,186,174,0,174,0.0970873786407767,0.9789473684210527,0.0,0.9157894736842105,3.6296356850999487,197,8,189,0.04060913705583756,0.9947368421052631,3.398645412095915,211,21,190,0.0995260663507109,1.0,3.766082601335078,194,5,189,0.02577319587628866,0.9947368421052631,3.4979903686091394,205,15,190,0.07317073170731707,1.0,1.397835
gaussian,gaussian,250,80,80,0.7,20,91,208,19,189,189,3,186,0.09134615384615384,0.9947368421052631,0.015873015873015872,0.9789473684210527,224,35,189,192,6,186,0.15625,0.9947368421052631,0.03125,0.9789473684210527,3.6054264176333453,207,17,190,0.0821256038647343,1.0,3.3868291653125433,223,33,190,0.14798206278026907,1.0,3.7178741491746576,199,10,189,0.05025125628140704,0.9947368421052631,3.451901960120343,215,25,190,0.11627906976744186,1.0,1.08085
gaussian,gaussian,250,80,80,0.7,20,92,192,8,184,176,1,175,0.041666666666666664,0.968421052631579,0.005681818181818182,0.9210526315789473,207,21,186,181,1,180,0.10144927536231885,0.9789473684210527,0.0055248618784530384,0.9473684210526315,3.631314428560104,198,9,189,0.045454545454545456,0.9947368421052631,3.407673771744988,212,22,190,0.10377358490566038,1.0,3.721184708807828,196,7,189,0.03571428571428571,0.9947368421052631,3.543994753454568,201,11,190,0.05472636815920398,1.0,1.282589
gaussian,gaussian,250,80,80,0.7,20,93,201,11,190,189,1,188,0.05472636815920398,1.0,0.005291005291005291,0.9894736842105263,213,23,190,191,2,189,0.107981220657277,1.0,0.010471204188481676,0.9947368421052631,3.595384647690702,204,14,190,0.06862745098039216,1.0,3.402619865245629,217,27,190,0.12442396313364056,1.0,3.8451410103172545,197,7,190,0.03553299492385787,1.0,3.5196114988902285,213,23,190,0.107981220657277,1.0,1.130249
gaussian,gaussian,250,80,80,0.7,20,94,192,4,188,181,0,181,0.020833333333333332,0.9894736842105263,0.0,0.9526315789473684,196,8,188,183,2,181,0.04081632653061224,0.9894736842105263,0.01092896174863388,0.9526315789473684,3.7007193162563445,195,6,189,0.03076923076923077,0.9947368421052631,3.4178171133946953,199,10,189,0.05025125628140704,0.9947368421052631,3.919161057940933,192,3,189,0.015625,0.9947368421052631,3.5995576481479974,196,7,189,0.03571428571428571,0.9947368421052631,1.090464
gaussian,gaussian,250,80,80,0.7,20,95,203,14,189,187,1,186,0.06896551724137931,0.9947368421052631,0.0053475935828877,0.9789473684210527,209,19,190,189,2,187,0.09090909090909091,1.0,0.010582010582010581,0.9842105263157894,3.629176169258056,207,17,190,0.0821256038647343,1.0,3.403707709098504,214,24,190,0.11214953271028037,1.0,3.726210314355629,202,12,190,0.0594059405940594,1.0,3.5129910942789877,209,19,190,0.09090909090909091,1.0,1.248766
gaussian,gaussian,250,80,80,0.7,20,96,197,13,184,170,1,169,0.06598984771573604,0.968421052631579,0.0058823529411764705,0.8894736842105263,225,36,189,178,4,174,0.16,0.9947368421052631,0.02247191011235955,0.9157894736842105,3.6435319212415433,204,14,190,0.06862745098039216,1.0,3.396535947942597,225,35,190,0.15555555555555556,1.0,3.76417081014789,198,9,189,0.045454545454545456,0.9947368421052631,3.5123561085002803,210,20,190,0.09523809523809523,1.0,1.170837
gaussian,gaussian,250,80,80,0.7,20,97,196,8,188,185,1,184,0.04081632653061224,0.9894736842105263,0.005405405405405406,0.968421052631579,207,19,188,190,3,187,0.09178743961352658,0.9894736842105263,0.015789473684210527,0.9842105263157894,3.6559913080411803,199,9,190,0.04522613065326633,1.0,3.4053123374071634,207,17,190,0.0821256038647343,1.0,3.855591304375543,195,5,190,0.02564102564102564,1.0,3.5061725072577166,202,12,190,0.0594059405940594,1.0,1.168181
gaussian,gaussian,250,80,80,0.7,20,98,192,13,179,159,1,158,0.06770833333333333,0.9421052631578948,0.006289308176100629,0.8315789473684211,206,24,182,169,3,166,0.11650485436893204,0.9578947368421052,0.01775147928994083,0.8736842105263158,3.593922391491559,203,14,189,0.06896551724137931,0.9947368421052631,3.3908628144612387,217,28,189,0.12903225806451613,0.9947368421052631,3.7490232831067063,200,11,189,0.055,0.9947368421052631,3.488779097066929,209,20,189,0.09569377990430622,0.9947368421052631,1.083523
gaussian,gaussian,250,80,80,0.7,20,99,196,10,186,174,2,172,0.05102040816326531,0.9789473684210527,0.011494252873563218,0.9052631578947369,203,16,187,179,2,177,0.07881773399014778,0.9842105263157894,0.0111731843575419,0.9315789473684211,3.6100859216008465,205,15,190,0.07317073170731707,1.0,3.3978169969251484,214,24,190,0.11214953271028037,1.0,3.729555575200834,201,11,190,0.05472636815920398,1.0,3.4927663230026402,208,18,190,0.08653846153846154,1.0,1.372142
gaussian,gaussian,250,80,80,0.7,20,100,200,19,181,166,3,163,0.095,0.9526315789473684,0.018072289156626505,0.8578947368421053,214,30,184,173,5,168,0.14018691588785046,0.968421052631579,0.028901734104046242,0.8842105263157894,3.609315510003057,208,20,188,0.09615384615384616,0.9894736842105263,3.392845088112403,220,31,189,0.1409090909090909,0.9947368421052631,3.666024925286642,204,16,188,0.0784313725490196,0.9894736842105263,3.4277111937168026,215,26,189,0.12093023255813953,0.9947368421052631,1.378308
gaussian,gaussian,250,80,80,0.7,20,101,207,18,189,179,1,178,0.08695652173913043,0.9947368421052631,0.00558659217877095,0.9368421052631579,221,31,190,188,6,182,0.14027149321266968,1.0,0.031914893617021274,0.9578947368421052,3.590731317448985,213,23,190,0.107981220657277,1.0,3.3836585162893664,225,35,190,0.15555555555555556,1.0,3.7290410402128638,206,16,190,0.07766990291262135,1.0,3.4724589248519293,220,30,190,0.13636363636363635,1.0,1.11687
gaussian,gaussian,250,80,80,0.7,20,102,185,12,173,142,2,140,0.06486486486486487,0.9105263157894737,0.014084507042253521,0.7368421052631579,209,29,180,152,5,147,0.13875598086124402,0.9473684210526315,0.03289473684210526,0.7736842105263158,3.59687985243695,205,16,189,0.07804878048780488,0.9947368421052631,3.3858668488083072,221,32,189,0.14479638009049775,0.9947368421052631,3.7277345403072686,201,12,189,0.05970149253731343,0.9947368421052631,3.4850379892588577,211,22,189,0.10426540284360189,0.9947368421052631,1.136624
gaussian,gaussian,250,80,80,0.7,20,103,198,12,186,175,0,175,0.06060606060606061,0.9789473684210527,0.0,0.9210526315789473,210,23,187,179,1,178,0.10952380952380952,0.9842105263157894,0.00558659217877095,0.9368421052631579,3.5934206454046254,205,15,190,0.07317073170731707,1.0,3.416154400505148,215,25,190,0.11627906976744186,1.0,3.767959943278136,197,7,190,0.03553299492385787,1.0,3.506856521539867,208,18,190,0.08653846153846154,1.0,1.097807
gaussian,gaussian,250,80,80,0.7,20,104,207,18,189,182,1,181,0.08695652173913043,0.9947368421052631,0.005494505494505495,0.9526315789473684,220,31,189,188,2,186,0.1409090909090909,0.9947368421052631,0.010638297872340425,0.9789473684210527,3.589024091327032,210,21,189,0.1,0.9947368421052631,3.3847382612420835,227,38,189,0.16740088105726872,0.9947368421052631,3.7425073719883573,202,13,189,0.06435643564356436,0.9947368421052631,3.5006285013488174,214,25,189,0.11682242990654206,0.9947368421052631,1.238878
gaussian,gaussian,250,80,80,0.7,20,105,199,11,188,175,0,175,0.05527638190954774,0.9894736842105263,0.0,0.9210526315789473,218,29,189,184,0,184,0.13302752293577982,0.9947368421052631,0.0,0.968421052631579,3.606179991307537,201,12,189,0.05970149253731343,0.9947368421052631,3.3936033729096673,221,31,190,0.14027149321266968,1.0,3.7655243471972875,196,7,189,0.03571428571428571,0.9947368421052631,3.460831273479973,213,24,189,0.11267605633802817,0.9947368421052631,1.172764
gaussian,gaussian,250,80,80,0.7,20,106,201,12,189,183,1,182,0.05970149253731343,0.9947368421052631,0.00546448087431694,0.9578947368421052,208,19,189,185,2,183,0.09134615384615384,0.9947368421052631,0.010810810810810811,0.9631578947368421,3.613921625197201,201,11,190,0.05472636815920398,1.0,3.4240160478425876,210,20,190,0.09523809523809523,1.0,3.7660695989976514,196,6,190,0.030612244897959183,1.0,3.48495253134729,207,17,190,0.0821256038647343,1.0,1.140596
gaussian,gaussian,250,80,80,0.7,20,107,199,11,188,186,2,184,0.05527638190954774,0.9894736842105263,0.010752688172043012,0.968421052631579,209,20,189,189,2,187,0.09569377990430622,0.9947368421052631,0.010582010582010581,0.9842105263157894,3.6022579729928283,203,13,190,0.06403940886699508,1.0,3.394359048388879,215,25,190,0.11627906976744186,1.0,3.851850421844922,196,6,190,0.030612244897959183,1.0,3.530644021251544,206,16,190,0.07766990291262135,1.0,1.184909
gaussian,gaussian,250,80,80,0.7,20,108,197,9,188,181,0,181,0.04568527918781726,0.9894736842105263,0.0,0.9526315789473684,213,24,189,184,2,182,0.11267605633802817,0.9947368421052631,0.010869565217391304,0.9578947368421052,3.630184682269808,201,11,190,0.05472636815920398,1.0,3.3904090094772807,219,29,190,0.1324200913242009,1.0,3.7548837328431612,198,8,190,0.04040404040404041,1.0,3.496980583054273,209,19,190,0.09090909090909091,1.0,1.237989
gaussian,gaussian,250,80,80,0.7,20,109,199,12,187,178,2,176,0.06030150753768844,0.9842105263157894,0.011235955056179775,0.9263157894736842,211,22,189,181,3,178,0.10426540284360189,0.9947368421052631,0.016574585635359115,0.9368421052631579,3.6382398797964854,202,13,189,0.06435643564356436,0.9947368421052631,3.408820357564705,213,24,189,0.11267605633802817,0.9947368421052631,3.7502970313664625,199,10,189,0.05025125628140704,0.9947368421052631,3.4820054915078726,208,19,189,0.09134615384615384,0.9947368421052631,1.279413
gaussian,gaussian,250,80,80,0.7,20,110,190,5,185,163,0,163,0.02631578947368421,0.9736842105263158,0.0,0.8578947368421053,201,14,187,168,1,167,0.06965174129353234,0.9842105263157894,0.005952380952380952,0.8789473684210526,3.636775903451973,198,8,190,0.04040404040404041,1.0,3.4018666519621577,210,20,190,0.09523809523809523,1.0,3.701380100903728,197,7,190,0.03553299492385787,1.0,3.4925907317998752,204,14,190,0.06862745098039216,1.0,1.133895
gaussian,gaussian,250,80,80,0.7,20,111,175,6,169,133,1,132,0.03428571428571429,0.8894736842105263,0.007518796992481203,0.6947368421052632,187,11,176,144,1,143,0.058823529411764705,0.9263157894736842,0.006944444444444444,0.7526315789473684,3.6691709426170553,189,7,182,0.037037037037037035,0.9578947368421052,3.47288848133785,197,12,185,0.06091370558375635,0.9736842105263158,3.727356096127345,186,4,182,0.021505376344086023,0.9578947368421052,3.488558789992423,196,11,185,0.05612244897959184,0.9736842105263158,1.547371
gaussian,gaussian,250,80,80,0.7,20,112,188,8,180,162,3,159,0.0425531914893617,0.9473684210526315,0.018518518518518517,0.8368421052631579,205,21,184,166,3,163,0.1024390243902439,0.968421052631579,0.018072289156626505,0.8578947368421053,3.686527125710787,200,10,190,0.05,1.0,3.4149342179035496,215,25,190,0.11627906976744186,1.0,3.785598825825797,199,10,189,0.05025125628140704,0.9947368421052631,3.5263748309126335,206,16,190,0.07766990291262135,1.0,1.582407
gaussian,gaussian,250,80,80,0.7,20,113,196,7,189,183,0,183,0.03571428571428571,0.9947368421052631,0.0,0.9631578947368421,208,18,190,189,2,187,0.08653846153846154,1.0,0.010582010582010581,0.9842105263157894,3.615649804811181,199,9,190,0.04522613065326633,1.0,3.4256814974551895,209,19,190,0.09090909090909091,1.0,3.7792736010922776,196,6,190,0.030612244897959183,1.0,3.507741153629919,205,15,190,0.07317073170731707,1.0,1.53496
gaussian,gaussian,250,80,80,0.7,20,114,192,9,183,170,0,170,0.046875,0.9631578947368421,0.0,0.8947368421052632,206,20,186,180,3,177,0.0970873786407767,0.9789473684210527,0.016666666666666666,0.9315789473684211,3.5996398128550045,204,14,190,0.06862745098039216,1.0,3.4476844951925374,213,23,190,0.107981220657277,1.0,3.7430572625669036,199,9,190,0.04522613065326633,1.0,3.5165442579331274,208,18,190,0.08653846153846154,1.0,1.28789
gaussian,gaussian,250,80,80,0.7,20,115,197,8,189,183,2,181,0.04060913705583756,0.9947368421052631,0.01092896174863388,0.9526315789473684,207,18,189,189,3,186,0.08695652173913043,0.9947368421052631,0.015873015873015872,0.9789473684210527,3.638176896872257,198,8,190,0.04040404040404041,1.0,3.4010368089584104,209,19,190,0.09090909090909091,1.0,3.8431549363032844,195,5,190,0.02564102564102564,1.0,3.5464415413530235,199,9,190,0.04522613065326633,1.0,1.244734
gaussian,gaussian,250,80,80,0.7,20,116,169,8,161,133,1,132,0.047337278106508875,0.8473684210526315,0.007518796992481203,0.6947368421052632,184,14,170,144,2,142,0.07608695652173914,0.8947368421052632,0.013888888888888888,0.7473684210526316,3.628287418286725,194,10,184,0.05154639175257732,0.968421052631579,3.4037412276993155,207,18,189,0.08695652173913043,0.9947368421052631,3.7511070486972318,191,7,184,0.03664921465968586,0.968421052631579,3.5041616625423537,200,14,186,0.07,0.9789473684210527,1.178384
gaussian,gaussian,250,80,80,0.7,20,117,196,8,188,176,0,176,0.04081632653061224,0.9894736842105263,0.0,0.9263157894736842,206,17,189,184,1,183,0.0825242718446602,0.9947368421052631,0.005434782608695652,0.9631578947368421,3.6184962441230626,198,8,190,0.04040404040404041,1.0,3.4106707737979565,209,19,190,0.09090909090909091,1.0,3.7760796126714786,194,4,190,0.020618556701030927,1.0,3.518304017487983,202,12,190,0.0594059405940594,1.0,1.201677
gaussian,gaussian,250,80,80,0.7,20,118,185,3,182,164,0,164,0.016216216216216217,0.9578947368421052,0.0,0.8631578947368421,202,18,184,170,0,170,0.0891089108910891,0.968421052631579,0.0,0.8947368421052632,3.600813083060857,198,8,190,0.04040404040404041,1.0,3.404820693834887,214,24,190,0.11214953271028037,1.0,3.764457313038396,193,3,190,0.015544041450777202,1.0,3.5100581281425143,202,12,190,0.0594059405940594,1.0,1.234661
gaussian,gaussian,250,80,80,0.7,20,119,190,5,185,173,2,171,0.02631578947368421,0.9736842105263158,0.011560693641618497,0.9,201,15,186,178,2,176,0.07462686567164178,0.9789473684210527,0.011235955056179775,0.9263157894736842,3.606178480589087,198,9,189,0.045454545454545456,0.9947368421052631,3.400550583816108,210,20,190,0.09523809523809523,1.0,3.7718836374141675,195,6,189,0.03076923076923077,0.9947368421052631,3.521415111291782,201,12,189,0.05970149253731343,0.9947368421052631,1.162357
gaussian,gaussian,250,80,80,0.7,20,120,202,15,187,177,3,174,0.07425742574257425,0.9842105263157894,0.01694915254237288,0.9157894736842105,218,29,189,181,4,177,0.13302752293577982,0.9947368421052631,0.022099447513812154,0.9315789473684211,3.5986080154305524,207,17,190,0.0821256038647343,1.0,3.3872877810343707,221,31,190,0.14027149321266968,1.0,3.7099143649711133,201,11,190,0.05472636815920398,1.0,3.460373736088334,214,24,190,0.11214953271028037,1.0,1.124487
gaussian,gaussian,250,80,80,0.7,20,121,191,11,180,156,1,155,0.05759162303664921,0.9473684210526315,0.00641025641025641,0.8157894736842105,206,19,187,166,3,163,0.09223300970873786,0.9842105263157894,0.018072289156626505,0.8578947368421053,3.610443803517489,202,12,190,0.0594059405940594,1.0,3.468842035732855,209,19,190,0.09090909090909091,1.0,3.8427187923410853,196,6,190,0.030612244897959183,1.0,3.5126290849030806,207,17,190,0.0821256038647343,1.0,1.184097
gaussian,gaussian,250,80,80,0.7,20,122,180,6,174,150,1,149,0.03333333333333333,0.9157894736842105,0.006666666666666667,0.7842105263157895,201,19,182,156,1,155,0.0945273631840796,0.9578947368421052,0.00641025641025641,0.8157894736842105,3.6149510490665575,199,9,190,0.04522613065326633,1.0,3.433739217714886,212,22,190,0.10377358490566038,1.0,3.7581993278104107,196,7,189,0.03571428571428571,0.9947368421052631,3.4650965499979196,210,20,190,0.09523809523809523,1.0,1.167192
gaussian,gaussian,250,80,80,0.7,20,123,199,10,189,186,0,186,0.05025125628140704,0.9947368421052631,0.0,0.9789473684210527,215,25,190,191,3,188,0.11627906976744186,1.0,0.015706806282722512,0.9894736842105263,3.6346654950373507,206,16,190,0.07766990291262135,1.0,3.3869406942611624,223,33,190,0.14798206278026907,1.0,3.7729418500203877,200,10,190,0.05,1.0,3.5089161473228994,211,21,190,0.0995260663507109,1.0,1.179143
gaussian,gaussian,250,80,80,0.7,20,124,176,5,171,128,0,128,0.028409090909090908,0.9,0.0,0.6736842105263158,187,10,177,143,1,142,0.053475935828877004,0.9315789473684211,0.006993006993006993,0.7473684210526316,3.6139081685274044,196,9,187,0.04591836734693878,0.9842105263157894,3.4487045027008936,201,13,188,0.06467661691542288,0.9894736842105263,3.7710272963011917,192,5,187,0.026041666666666668,0.9842105263157894,3.5236997116982374,198,11,187,0.05555555555555555,0.9842105263157894,1.611196
gaussian,gaussian,250,80,80,0.7,20,125,195,8,187,172,0,172,0.041025641025641026,0.9842105263157894,0.0,0.9052631578947369,204,16,188,177,0,177,0.0784313725490196,0.9894736842105263,0.0,0.9315789473684211,3.6557009593157934,198,9,189,0.045454545454545456,0.9947368421052631,3.417350814052349,206,17,189,0.0825242718446602,0.9947368421052631,3.803801134265288,194,5,189,0.02577319587628866,0.9947368421052631,3.533369217244578,202,13,189,0.06435643564356436,0.9947368421052631,1.612162
gaussian,gaussian,250,80,80,0.7,20,126,186,7,179,145,1,144,0.03763440860215054,0.9421052631578948,0.006896551724137931,0.7578947368421053,193,13,180,160,1,159,0.06735751295336788,0.9473684210526315,0.00625,0.8368421052631579,3.6066849503408354,198,11,187,0.05555555555555555,0.9842105263157894,3.407592221025313,204,17,187,0.08333333333333333,0.9842105263157894,3.7446461624534124,191,5,186,0.02617801047120419,0.9789473684210527,3.543698249948963,200,13,187,0.065,0.9842105263157894,1.242441
gaussian,gaussian,250,80,80,0.7,20,127,179,10,169,145,1,144,0.055865921787709494,0.8894736842105263,0.006896551724137931,0.7578947368421053,200,20,180,151,1,150,0.1,0.9473684210526315,0.006622516556291391,0.7894736842105263,3.6241313672574393,200,12,188,0.06,0.9894736842105263,3.4035911590643706,212,24,188,0.11320754716981132,0.9894736842105263,3.7740068406680303,195,8,187,0.041025641025641026,0.9842105263157894,3.518879417185761,205,17,188,0.08292682926829269,0.9894736842105263,1.199242
gaussian,gaussian,250,80,80,0.7,20,128,189,9,180,163,1,162,0.047619047619047616,0.9473684210526315,0.006134969325153374,0.8526315789473684,202,19,183,170,2,168,0.09405940594059406,0.9631578947368421,0.011764705882352941,0.8842105263157894,3.6535733569849715,198,11,187,0.05555555555555555,0.9842105263157894,3.41653585188729,209,20,189,0.09569377990430622,0.9947368421052631,3.7139148750119233,195,8,187,0.041025641025641026,0.9842105263157894,3.4866165104557743,206,17,189,0.0825242718446602,0.9947368421052631,1.224853
gaussian,gaussian,250,80,80,0.7,20,129,190,12,178,145,0,145,0.06315789473684211,0.9368421052631579,0.0,0.7631578947368421,207,25,182,156,1,155,0.12077294685990338,0.9578947368421052,0.00641025641025641,0.8157894736842105,3.611162141439828,201,13,188,0.06467661691542288,0.9894736842105263,3.413784947738657,214,25,189,0.11682242990654206,0.9947368421052631,3.7862101229586407,193,6,187,0.031088082901554404,0.9842105263157894,3.4624831845198383,212,23,189,0.10849056603773585,0.9947368421052631,1.191232
gaussian,gaussian,250,80,80,0.7,20,130,191,9,182,157,0,157,0.04712041884816754,0.9578947368421052,0.0,0.8263157894736842,210,24,186,165,0,165,0.11428571428571428,0.9789473684210527,0.0,0.868421052631579,3.6257357921811164,197,8,189,0.04060913705583756,0.9947368421052631,3.4063783476813327,216,26,190,0.12037037037037036,1.0,3.7164075537221546,195,6,189,0.03076923076923077,0.9947368421052631,3.5023171627137444,209,20,189,0.09569377990430622,0.9947368421052631,1.132192
gaussian,gaussian,250,80,80,0.7,20,131,206,17,189,184,2,182,0.0825242718446602,0.9947368421052631,0.010869565217391304,0.9578947368421052,213,24,189,190,4,186,0.11267605633802817,0.9947368421052631,0.021052631578947368,0.9789473684210527,3.6623462105347864,209,19,190,0.09090909090909091,1.0,3.426388479106892,217,27,190,0.12442396313364056,1.0,3.6929953809791467,208,18,190,0.08653846153846154,1.0,3.5002738111154232,212,22,190,0.10377358490566038,1.0,1.272332
gaussian,gaussian,250,80,80,0.7,20,132,179,12,167,138,0,138,0.0670391061452514,0.8789473684210526,0.0,0.7263157894736842,207,29,178,149,1,148,0.14009661835748793,0.9368421052631579,0.006711409395973154,0.7789473684210526,3.6007956604218894,202,15,187,0.07425742574257425,0.9842105263157894,3.399760679809634,218,30,188,0.13761467889908258,0.9894736842105263,3.672019197425328,198,11,187,0.05555555555555555,0.9842105263157894,3.435692162835212,216,28,188,0.12962962962962962,0.9894736842105263,1.289339
gaussian,gaussian,250,80,80,0.7,20,133,193,10,183,175,3,172,0.05181347150259067,0.9631578947368421,0.017142857142857144,0.9052631578947369,201,14,187,177,3,174,0.06965174129353234,0.9842105263157894,0.01694915254237288,0.9157894736842105,3.6343598453071286,201,11,190,0.05472636815920398,1.0,3.4220827985692,206,16,190,0.07766990291262135,1.0,3.739550848317769,198,8,190,0.04040404040404041,1.0,3.5318678496319307,203,13,190,0.06403940886699508,1.0,1.204556
gaussian,gaussian,250,80,80,0.7,20,134,195,5,190,190,1,189,0.02564102564102564,1.0,0.005263157894736842,0.9947368421052631,210,20,190,192,2,190,0.09523809523809523,1.0,0.010416666666666666,1.0,3.6026621086676407,198,8,190,0.04040404040404041,1.0,3.4063378964355917,212,22,190,0.10377358490566038,1.0,3.872913005109123,195,5,190,0.02564102564102564,1.0,3.510864355866246,204,14,190,0.06862745098039216,1.0,1.102795
gaussian,gaussian,250,80,80,0.7,20,135,190,8,182,155,1,154,0.042105263157894736,0.9578947368421052,0.0064516129032258064,0.8105263157894737,208,23,185,163,1,162,0.11057692307692307,0.9736842105263158,0.006134969325153374,0.8526315789473684,3.612216908853121,200,10,190,0.05,1.0,3.3971798996714377,214,24,190,0.11214953271028037,1.0,3.7785070063502344,195,5,190,0.02564102564102564,1.0,3.481069660506138,207,17,190,0.0821256038647343,1.0,1.252272
gaussian,gaussian,250,80,80,0.7,20,136,197,11,186,179,0,179,0.05583756345177665,0.9789473684210527,0.0,0.9421052631578948,201,12,189,183,1,182,0.05970149253731343,0.9947368421052631,0.00546448087431694,0.9578947368421052,3.6094752295045764,201,12,189,0.05970149253731343,0.9947368421052631,3.4112465171405355,204,15,189,0.07352941176470588,0.9947368421052631,3.745937677459672,197,8,189,0.04060913705583756,0.9947368421052631,3.6094752295045764,201,12,189,0.05970149253731343,0.9947368421052631,1.129927
gaussian,gaussian,250,80,80,0.7,20,137,191,8,183,162,0,162,0.041884816753926704,0.9631578947368421,0.0,0.8526315789473684,200,16,184,173,2,171,0.08,0.968421052631579,0.011560693641618497,0.9,3.655653887650507,200,10,190,0.05,1.0,3.4015319693094273,214,24,190,0.11214953271028037,1.0,3.770264642931567,198,8,190,0.04040404040404041,1.0,3.5121553650419934,204,14,190,0.06862745098039216,1.0,1.208937
gaussian,gaussian,250,80,80,0.7,20,138,201,16,185,174,1,173,0.07960199004975124,0.9736842105263158,0.005747126436781609,0.9105263157894737,217,30,187,181,1,180,0.1382488479262673,0.9842105263157894,0.0055248618784530384,0.9473684210526315,3.6032450617003517,206,17,189,0.0825242718446602,0.9947368421052631,3.3864585142339347,223,34,189,0.15246636771300448,0.9947368421052631,3.724921646500623,196,7,189,0.03571428571428571,0.9947368421052631,3.5063825288107777,215,26,189,0.12093023255813953,0.9947368421052631,1.141716
gaussian,gaussian,250,80,80,0.7,20,139,194,8,186,174,0,174,0.041237113402061855,0.9789473684210527,0.0,0.9157894736842105,207,20,187,178,0,178,0.0966183574879227,0.9842105263157894,0.0,0.9368421052631579,3.6062525361760818,200,10,190,0.05,1.0,3.422456424496174,211,21,190,0.0995260663507109,1.0,3.753315100630901,197,7,190,0.03553299492385787,1.0,3.5021379487095183,206,16,190,0.07766990291262135,1.0,1.088263
gaussian,gaussian,250,80,80,0.7,20,140,172,9,163,126,1,125,0.05232558139534884,0.8578947368421053,0.007936507936507936,0.6578947368421053,190,17,173,138,1,137,0.08947368421052632,0.9105263157894737,0.007246376811594203,0.7210526315789474,3.626277676735728,196,12,184,0.061224489795918366,0.968421052631579,3.4400720734185404,206,20,186,0.0970873786407767,0.9789473684210527,3.7122260386775303,192,9,183,0.046875,0.9631578947368421,3.4968371716157964,202,18,184,0.0891089108910891,0.968421052631579,1.417591
gaussian,gaussian,250,80,80,0.7,20,141,201,12,189,183,1,182,0.05970149253731343,0.9947368421052631,0.00546448087431694,0.9578947368421052,208,19,189,186,3,183,0.09134615384615384,0.9947368421052631,0.016129032258064516,0.9631578947368421,3.596184278063119,202,12,190,0.0594059405940594,1.0,3.4503870266531713,210,20,190,0.09523809523809523,1.0,3.8777556652176397,195,5,190,0.02564102564102564,1.0,3.488097839172452,208,18,190,0.08653846153846154,1.0,1.111701
gaussian,gaussian,250,80,80,0.7,20,142,199,11,188,179,0,179,0.05527638190954774,0.9894736842105263,0.0,0.9421052631578948,212,24,188,183,1,182,0.11320754716981132,0.9894736842105263,0.00546448087431694,0.9578947368421052,3.6359167998832027,200,10,190,0.05,1.0,3.399883387926331,216,26,190,0.12037037037037036,1.0,3.7931991366820728,198,8,190,0.04040404040404041,1.0,3.4885247139824407,210,20,190,0.09523809523809523,1.0,1.231255
gaussian,gaussian,250,80,80,0.7,20,143,194,9,185,177,2,175,0.04639175257731959,0.9736842105263158,0.011299435028248588,0.9210526315789473,215,28,187,183,2,181,0.13023255813953488,0.9842105263157894,0.01092896174863388,0.9526315789473684,3.6075121815694797,198,10,188,0.050505050505050504,0.9894736842105263,3.398418680821934,218,30,188,0.13761467889908258,0.9894736842105263,3.9366551587649927,191,3,188,0.015706806282722512,0.9894736842105263,3.478583562319787,209,21,188,0.10047846889952153,0.9894736842105263,1.094126
gaussian,gaussian,250,80,80,0.7,20,144,193,6,187,168,1,167,0.031088082901554404,0.9842105263157894,0.005952380952380952,0.8789473684210526,203,16,187,176,1,175,0.07881773399014778,0.9842105263157894,0.005681818181818182,0.9210526315789473,3.6564227496266017,197,7,190,0.03553299492385787,1.0,3.422253396215687,207,17,190,0.0821256038647343,1.0,3.792182126746335,195,5,190,0.02564102564102564,1.0,3.5133508856710614,200,10,190,0.05,1.0,1.208542
gaussian,gaussian,250,80,80,0.7,20,145,191,12,179,156,3,153,0.06282722513089005,0.9421052631578948,0.019230769230769232,0.8052631578947368,199,17,182,170,6,164,0.08542713567839195,0.9578947368421052,0.03529411764705882,0.8631578947368421,3.648904953314753,201,13,188,0.06467661691542288,0.9894736842105263,3.4877669934642705,206,17,189,0.0825242718446602,0.9947368421052631,3.7304828630063303,199,12,187,0.06030150753768844,0.9842105263157894,3.4877669934642705,206,17,189,0.0825242718446602,0.9947368421052631,1.211307
gaussian,gaussian,250,80,80,0.7,20,146,187,11,176,148,1,147,0.058823529411764705,0.9263157894736842,0.006756756756756757,0.7736842105263158,207,22,185,160,3,157,0.10628019323671498,0.9736842105263158,0.01875,0.8263157894736842,3.6692929959800527,202,12,190,0.0594059405940594,1.0,3.39999444377459,213,23,190,0.107981220657277,1.0,3.6927868388387357,201,11,190,0.05472636815920398,1.0,3.4764454350948646,208,18,190,0.08653846153846154,1.0,1.211818
gaussian,gaussian,250,80,80,0.7,20,147,199,9,190,183,0,183,0.04522613065326633,1.0,0.0,0.9631578947368421,214,24,190,185,0,185,0.11214953271028037,1.0,0.0,0.9736842105263158,3.601068491818544,202,12,190,0.0594059405940594,1.0,3.3978388006988927,217,27,190,0.12442396313364056,1.0,3.84516568362797,195,5,190,0.02564102564102564,1.0,3.529356884310783,207,17,190,0.0821256038647343,1.0,1.127522
gaussian,gaussian,250,80,80,0.7,20,148,186,7,179,150,0,150,0.03763440860215054,0.9421052631578948,0.0,0.7894736842105263,193,12,181,158,0,158,0.06217616580310881,0.9526315789473684,0.0,0.8315789473684211,3.6051631482365094,197,8,189,0.04060913705583756,0.9947368421052631,3.411839212047718,203,14,189,0.06896551724137931,0.9947368421052631,3.7754300946322386,192,4,188,0.020833333333333332,0.9894736842105263,3.516065469414232,198,9,189,0.045454545454545456,0.9947368421052631,1.122672
gaussian,gaussian,250,80,80,0.7,20,149,203,14,189,178,0,178,0.06896551724137931,0.9947368421052631,0.0,0.9368421052631579,212,23,189,188,4,184,0.10849056603773585,0.9947368421052631,0.02127659574468085,0.968421052631579,3.5905260633053397,207,17,190,0.0821256038647343,1.0,3.4211021395857455,217,27,190,0.12442396313364056,1.0,3.9060250649532033,200,10,190,0.05,1.0,3.5426430709058314,209,19,190,0.09090909090909091,1.0,1.371649
gaussian,gaussian,250,80,80,0.7,20,150,193,14,179,157,0,157,0.07253886010362694,0.9421052631578948,0.0,0.8263157894736842,206,23,183,169,1,168,0.11165048543689321,0.9631578947368421,0.005917159763313609,0.8842105263157894,3.6428360871226633,204,14,190,0.06862745098039216,1.0,3.3968295078179485,215,25,190,0.11627906976744186,1.0,3.676006058624097,203,13,190,0.06403940886699508,1.0,3.457539296222706,211,21,190,0.0995260663507109,1.0,1.198296
gaussian,gaussian,250,80,80,0.7,20,151,179,9,170,146,1,145,0.05027932960893855,0.8947368421052632,0.00684931506849315,0.7631578947368421,194,18,176,155,1,154,0.09278350515463918,0.9263157894736842,0.0064516129032258064,0.8105263157894737,3.6010619784671523,198,12,186,0.06060606060606061,0.9789473684210527,3.4046941004111346,212,23,189,0.10849056603773585,0.9947368421052631,3.7051585302701184,196,10,186,0.05102040816326531,0.9789473684210527,3.4649111121237546,207,19,188,0.09178743961352658,0.9894736842105263,1.187281
gaussian,gaussian,250,80,80,0.7,20,152,192,13,179,162,1,161,0.06770833333333333,0.9421052631578948,0.006172839506172839,0.8473684210526315,203,20,183,168,3,165,0.09852216748768473,0.9631578947368421,0.017857142857142856,0.868421052631579,3.5996217203716014,204,16,188,0.0784313725490196,0.9894736842105263,3.398737810068284,212,24,188,0.11320754716981132,0.9894736842105263,3.752453395827855,198,10,188,0.050505050505050504,0.9894736842105263,3.4735864560559553,208,20,188,0.09615384615384616,0.9894736842105263,1.095006
gaussian,gaussian,250,80,80,0.7,20,153,195,13,182,145,0,145,0.06666666666666667,0.9578947368421052,0.0,0.7631578947368421,215,28,187,160,1,159,0.13023255813953488,0.9842105263157894,0.00625,0.8368421052631579,3.59656410979223,202,13,189,0.06435643564356436,0.9947368421052631,3.400086059674213,217,28,189,0.12903225806451613,0.9947368421052631,3.7033818472617956,197,8,189,0.04060913705583756,0.9947368421052631,3.4612674361314184,212,23,189,0.10849056603773585,0.9947368421052631,1.241377
gaussian,gaussian,250,80,80,0.7,20,154,201,14,187,183,1,182,0.06965174129353234,0.9842105263157894,0.00546448087431694,0.9578947368421052,216,26,190,184,2,182,0.12037037037037036,1.0,0.010869565217391304,0.9578947368421052,3.590983878130788,208,18,190,0.08653846153846154,1.0,3.40058277711421,221,31,190,0.14027149321266968,1.0,3.8171922484726455,200,10,190,0.05,1.0,3.5379261092388825,213,23,190,0.107981220657277,1.0,1.239365
gaussian,gaussian,250,80,80,0.7,20,155,188,10,178,158,0,158,0.05319148936170213,0.9368421052631579,0.0,0.8315789473684211,211,26,185,165,1,164,0.12322274881516587,0.9736842105263158,0.006060606060606061,0.8631578947368421,3.6379321267197633,202,13,189,0.06435643564356436,0.9947368421052631,3.403867898532602,220,30,190,0.13636363636363635,1.0,3.754171234635201,198,10,188,0.050505050505050504,0.9894736842105263,3.515298679680172,207,18,189,0.08695652173913043,0.9947368421052631,1.148702
gaussian,gaussian,250,80,80,0.7,20,156,193,6,187,180,0,180,0.031088082901554404,0.9842105263157894,0.0,0.9473684210526315,210,21,189,183,1,182,0.1,0.9947368421052631,0.00546448087431694,0.9578947368421052,3.631352084848812,197,7,190,0.03553299492385787,1.0,3.404517427704861,216,26,190,0.12037037037037036,1.0,3.7649471573354876,195,6,189,0.03076923076923077,0.9947368421052631,3.513819436612324,205,15,190,0.07317073170731707,1.0,1.128658
gaussian,gaussian,250,80,80,0.7,20,157,203,15,188,181,2,179,0.07389162561576355,0.9894736842105263,0.011049723756906077,0.9421052631578948,214,24,190,187,5,182,0.11214953271028037,1.0,0.026737967914438502,0.9578947368421052,3.5984095473243056,210,20,190,0.09523809523809523,1.0,3.3922243870267033,221,31,190,0.14027149321266968,1.0,3.719086647683961,206,16,190,0.07766990291262135,1.0,3.480328918066415,214,24,190,0.11214953271028037,1.0,1.1582
gaussian,gaussian,250,80,80,0.7,20,158,188,12,176,143,0,143,0.06382978723404255,0.9263157894736842,0.0,0.7526315789473684,208,26,182,160,0,160,0.125,0.9578947368421052,0.0,0.8421052631578947,3.595359645686894,202,14,188,0.06930693069306931,0.9894736842105263,3.3917835194918875,217,28,189,0.12903225806451613,0.9947368421052631,3.7297214059686556,196,8,188,0.04081632653061224,0.9894736842105263,3.4757140987445525,214,25,189,0.11682242990654206,0.9947368421052631,1.347564
gaussian,gaussian,250,80,80,0.7,20,159,201,11,190,192,3,189,0.05472636815920398,1.0,0.015625,0.9947368421052631,216,26,190,192,3,189,0.12037037037037036,1.0,0.015625,0.9947368421052631,3.5928641777723316,204,14,190,0.06862745098039216,1.0,3.39269950628697,219,29,190,0.1324200913242009,1.0,3.8130370936317917,197,7,190,0.03553299492385787,1.0,3.5335613971140707,209,19,190,0.09090909090909091,1.0,1.17542
gaussian,gaussian,250,80,80,0.7,20,160,200,13,187,174,2,172,0.065,0.9842105263157894,0.011494252873563218,0.9052631578947369,214,27,187,185,4,181,0.1261682242990654,0.9842105263157894,0.021621621621621623,0.9526315789473684,3.5955793027494267,204,15,189,0.07352941176470588,0.9947368421052631,3.398279785667032,221,32,189,0.14479638009049775,0.9947368421052631,3.7721922847122853,197,8,189,0.04060913705583756,0.9947368421052631,3.5029573230926303,208,19,189,0.09134615384615384,0.9947368421052631,1.293797
gaussian,gaussian,250,80,80,0.7,20,161,186,10,176,154,1,153,0.053763440860215055,0.9263157894736842,0.006493506493506494,0.8052631578947368,198,18,180,160,2,158,0.09090909090909091,0.9473684210526315,0.0125,0.8315789473684211,3.6062645752149867,196,9,187,0.04591836734693878,0.9842105263157894,3.4087056032721152,209,21,188,0.10047846889952153,0.9894736842105263,3.8291323286442034,191,4,187,0.020942408376963352,0.9842105263157894,3.4738986199858974,207,19,188,0.09178743961352658,0.9894736842105263,1.217499
gaussian,gaussian,250,80,80,0.7,20,162,193,10,183,156,0,156,0.05181347150259067,0.9631578947368421,0.0,0.8210526315789474,210,24,186,166,1,165,0.11428571428571428,0.9789473684210527,0.006024096385542169,0.868421052631579,3.605719072979632,201,12,189,0.05970149253731343,0.9947368421052631,3.4260471681507187,213,24,189,0.11267605633802817,0.9947368421052631,3.7620932741416477,195,7,188,0.035897435897435895,0.9894736842105263,3.508513484750752,209,20,189,0.09569377990430622,0.9947368421052631,1.091996
gaussian,gaussian,250,80,80,0.7,20,163,196,11,185,168,0,168,0.05612244897959184,0.9736842105263158,0.0,0.8842105263157894,212,25,187,179,4,175,0.1179245283018868,0.9842105263157894,0.0223463687150838,0.9210526315789473,3.6396175499726025,200,11,189,0.055,0.9947368421052631,3.404534899262913,212,22,190,0.10377358490566038,1.0,3.7319180538445367,197,8,189,0.04060913705583756,0.9947368421052631,3.4964459842702293,204,14,190,0.06862745098039216,1.0,1.233695
gaussian,gaussian,250,80,80,0.7,20,164,204,14,190,184,2,182,0.06862745098039216,1.0,0.010869565217391304,0.9578947368421052,216,26,190,191,3,188,0.12037037037037036,1.0,0.015706806282722512,0.9894736842105263,3.6449574169193033,204,14,190,0.06862745098039216,1.0,3.4045005454705937,219,29,190,0.1324200913242009,1.0,3.7645722139413835,200,10,190,0.05,1.0,3.500841360165609,213,23,190,0.107981220657277,1.0,1.121074
gaussian,gaussian,250,80,80,0.7,20,165,200,11,189,181,0,181,0.055,0.9947368421052631,0.0,0.9526315789473684,209,20,189,188,3,185,0.09569377990430622,0.9947368421052631,0.015957446808510637,0.9736842105263158,3.6582424725084524,203,13,190,0.06403940886699508,1.0,3.425549212708432,213,23,190,0.107981220657277,1.0,3.7308916603362263,201,11,190,0.05472636815920398,1.0,3.4913470895832472,211,21,190,0.0995260663507109,1.0,1.192453
gaussian,gaussian,250,80,80,0.7,20,166,166,7,159,119,0,119,0.04216867469879518,0.8368421052631579,0.0,0.6263157894736842,188,13,175,129,0,129,0.06914893617021277,0.9210526315789473,0.0,0.6789473684210526,3.6081490100014273,194,12,182,0.061855670103092786,0.9578947368421052,3.426414098308394,204,19,185,0.09313725490196079,0.9736842105263158,3.7909656544367567,189,7,182,0.037037037037037035,0.9578947368421052,3.5180951476930713,196,13,183,0.0663265306122449,0.9631578947368421,1.214559
gaussian,gaussian,250,80,80,0.7,20,167,195,10,185,168,0,168,0.05128205128205128,0.9736842105263158,0.0,0.8842105263157894,209,22,187,175,1,174,0.10526315789473684,0.9842105263157894,0.005714285714285714,0.9157894736842105,3.612596481517784,201,12,189,0.05970149253731343,0.9947368421052631,3.394951765238276,215,25,190,0.11627906976744186,1.0,3.7688174751065144,194,5,189,0.02577319587628866,0.9947368421052631,3.485428033704285,210,20,190,0.09523809523809523,1.0,1.192855
gaussian,gaussian,250,80,80,0.7,20,168,200,10,190,195,6,189,0.05,1.0,0.03076923076923077,0.9947368421052631,212,22,190,196,6,190,0.10377358490566038,1.0,0.030612244897959183,1.0,3.6020083926349784,201,11,190,0.05472636815920398,1.0,3.400381273761695,214,24,190,0.11214953271028037,1.0,4.007960782297188,198,8,190,0.04040404040404041,1.0,3.5432179824914796,203,13,190,0.06403940886699508,1.0,1.206537
gaussian,gaussian,250,80,80,0.7,20,169,191,11,180,167,1,166,0.05759162303664921,0.9473684210526315,0.005988023952095809,0.8736842105263158,205,19,186,171,2,169,0.09268292682926829,0.9789473684210527,0.011695906432748537,0.8894736842105263,3.6002487505029537,203,14,189,0.06896551724137931,0.9947368421052631,3.407768935844847,215,26,189,0.12093023255813953,0.9947368421052631,3.7573749263562015,197,8,189,0.04060913705583756,0.9947368421052631,3.5018686690900016,206,17,189,0.0825242718446602,0.9947368421052631,1.218471
gaussian,gaussian,250,80,80,0.7,20,170,202,16,186,179,1,178,0.07920792079207921,0.9789473684210527,0.00558659217877095,0.9368421052631579,216,27,189,183,2,181,0.125,0.9947368421052631,0.01092896174863388,0.9526315789473684,3.6062030578011806,206,16,190,0.07766990291262135,1.0,3.420167586357669,217,27,190,0.12442396313364056,1.0,3.6987510123963987,201,11,190,0.05472636815920398,1.0,3.487841770878593,212,22,190,0.10377358490566038,1.0,1.160885
gaussian,gaussian,250,80,80,0.7,20,171,162,10,152,113,1,112,0.06172839506172839,0.8,0.008849557522123894,0.5894736842105263,193,26,167,125,2,123,0.13471502590673576,0.8789473684210526,0.016,0.6473684210526316,3.6128950779671736,195,13,182,0.06666666666666667,0.9578947368421052,3.410271878173966,212,29,183,0.13679245283018868,0.9631578947368421,3.6914774877335734,191,11,180,0.05759162303664921,0.9473684210526315,3.4582320983747206,206,23,183,0.11165048543689321,0.9631578947368421,1.094812
gaussian,gaussian,250,80,80,0.7,20,172,192,9,183,164,1,163,0.046875,0.9631578947368421,0.006097560975609756,0.8578947368421053,215,28,187,170,1,169,0.13023255813953488,0.9842105263157894,0.0058823529411764705,0.8894736842105263,3.6249494761455128,199,9,190,0.04522613065326633,1.0,3.3886536079555962,220,30,190,0.13636363636363635,1.0,3.7657629422321777,197,7,190,0.03553299492385787,1.0,3.5162754326624306,207,17,190,0.0821256038647343,1.0,1.170706
gaussian,gaussian,250,80,80,0.7,20,173,193,7,186,165,0,165,0.03626943005181347,0.9789473684210527,0.0,0.868421052631579,207,20,187,175,0,175,0.0966183574879227,0.9842105263157894,0.0,0.9210526315789473,3.626578793020091,200,10,190,0.05,1.0,3.402110406946524,213,23,190,0.107981220657277,1.0,3.757627084890612,192,3,189,0.015625,0.9947368421052631,3.5367572691372757,204,14,190,0.06862745098039216,1.0,1.167947
gaussian,gaussian,250,80,80,0.7,20,174,196,14,182,160,3,157,0.07142857142857142,0.9578947368421052,0.01875,0.8263157894736842,211,25,186,169,3,166,0.11848341232227488,0.9789473684210527,0.01775147928994083,0.8736842105263158,3.594045784246188,207,17,190,0.0821256038647343,1.0,3.392047348834333,220,30,190,0.13636363636363635,1.0,3.75205276004857,199,9,190,0.04522613065326633,1.0,3.4922523032823434,213,23,190,0.107981220657277,1.0,1.231442
gaussian,gaussian,250,80,80,0.7,20,175,194,15,179,155,1,154,0.07731958762886598,0.9421052631578948,0.0064516129032258064,0.8105263157894737,218,33,185,166,3,163,0.15137614678899083,0.9736842105263158,0.018072289156626505,0.8578947368421053,3.635072078436225,203,13,190,0.06403940886699508,1.0,3.404877402366509,218,28,190,0.12844036697247707,1.0,3.734273487313767,198,8,190,0.04040404040404041,1.0,3.435534295585647,215,25,190,0.11627906976744186,1.0,1.258324
gaussian,gaussian,250,80,80,0.7,20,176,196,10,186,172,1,171,0.05102040816326531,0.9789473684210527,0.005813953488372093,0.9,213,26,187,180,2,178,0.12206572769953052,0.9842105263157894,0.011111111111111112,0.9368421052631579,3.5941099988136354,204,14,190,0.06862745098039216,1.0,3.3904786490784447,220,30,190,0.13636363636363635,1.0,3.7978781614162336,197,7,190,0.03553299492385787,1.0,3.492321170806221,210,20,190,0.09523809523809523,1.0,1.1974
gaussian,gaussian,250,80,80,0.7,20,177,184,13,171,147,0,147,0.07065217391304347,0.9,0.0,0.7736842105263158,200,22,178,156,0,156,0.11,0.9368421052631579,0.0,0.8210526315789474,3.6389462809279545,205,17,188,0.08292682926829269,0.9894736842105263,3.414544106380783,215,26,189,0.12093023255813953,0.9947368421052631,3.7175559369230684,202,14,188,0.06930693069306931,0.9894736842105263,3.5195307794292874,210,22,188,0.10476190476190476,0.9894736842105263,1.145942
gaussian,gaussian,250,80,80,0.7,20,178,179,4,175,144,0,144,0.0223463687150838,0.9210526315789473,0.0,0.7578947368421053,196,16,180,158,0,158,0.08163265306122448,0.9473684210526315,0.0,0.8315789473684211,3.6284105921905763,192,3,189,0.015625,0.9947368421052631,3.408585532199367,206,17,189,0.0825242718446602,0.9947368421052631,3.759492905213604,187,0,187,0.0,0.9842105263157894,3.51303912592878,199,10,189,0.05025125628140704,0.9947368421052631,1.282572
gaussian,gaussian,250,80,80,0.7,20,179,172,7,165,124,0,124,0.040697674418604654,0.868421052631579,0.0,0.6526315789473685,187,16,171,139,1,138,0.0855614973262032,0.9,0.007194244604316547,0.7263157894736842,3.605258971476709,199,11,188,0.05527638190954774,0.9894736842105263,3.4038708072599393,210,21,189,0.1,0.9947368421052631,3.7207296919619175,192,6,186,0.03125,0.9789473684210527,3.492896704298699,204,15,189,0.07352941176470588,0.9947368421052631,1.151001
gaussian,gaussian,250,80,80,0.7,20,180,189,12,177,159,2,157,0.06349206349206349,0.9315789473684211,0.012578616352201259,0.8263157894736842,211,27,184,169,4,165,0.12796208530805686,0.968421052631579,0.023668639053254437,0.868421052631579,3.5989882550800094,204,15,189,0.07352941176470588,0.9947368421052631,3.394112354928332,220,30,190,0.13636363636363635,1.0,3.7046356923314256,198,9,189,0.045454545454545456,0.9947368421052631,3.4676983665245538,215,26,189,0.12093023255813953,0.9947368421052631,1.129745
gaussian,gaussian,250,80,80,0.7,20,181,190,7,183,163,0,163,0.03684210526315789,0.9631578947368421,0.0,0.8578947368421053,207,22,185,170,0,170,0.10628019323671498,0.9736842105263158,0.0,0.8947368421052632,3.601969110093984,200,11,189,0.055,0.9947368421052631,3.4262090931926403,214,25,189,0.11682242990654206,0.9947368421052631,3.8874858450905823,191,3,188,0.015706806282722512,0.9894736842105263,3.5193528223970096,205,16,189,0.07804878048780488,0.9947368421052631,1.13603
gaussian,gaussian,250,80,80,0.7,20,182,198,14,184,177,1,176,0.0707070707070707,0.968421052631579,0.005649717514124294,0.9263157894736842,209,20,189,181,1,180,0.09569377990430622,0.9947368421052631,0.0055248618784530384,0.9473684210526315,3.6372765110736176,205,15,190,0.07317073170731707,1.0,3.4212027252554424,213,23,190,0.107981220657277,1.0,3.790411850046369,201,11,190,0.05472636815920398,1.0,3.4831930917716454,211,21,190,0.0995260663507109,1.0,1.228646
gaussian,gaussian,250,80,80,0.7,20,183,196,8,188,176,1,175,0.04081632653061224,0.9894736842105263,0.005681818181818182,0.9210526315789473,199,11,188,182,1,181,0.05527638190954774,0.9894736842105263,0.005494505494505495,0.9526315789473684,3.6247436650753246,196,8,188,0.04081632653061224,0.9894736842105263,3.4036921298264526,208,19,189,0.09134615384615384,0.9947368421052631,3.7876427145247846,191,3,188,0.015706806282722512,0.9894736842105263,3.521364283421766,200,11,189,0.055,0.9947368421052631,1.147815
gaussian,gaussian,250,80,80,0.7,20,184,197,12,185,157,0,157,0.06091370558375635,0.9736842105263158,0.0,0.8263157894736842,212,23,189,168,0,168,0.10849056603773585,0.9947368421052631,0.0,0.8842105263157894,3.6220585065452764,203,13,190,0.06403940886699508,1.0,3.3945773194769817,217,27,190,0.12442396313364056,1.0,3.738055892441495,199,9,190,0.04522613065326633,1.0,3.4799835773122854,207,17,190,0.0821256038647343,1.0,1.284071
gaussian,gaussian,250,80,80,0.7,20,185,199,11,188,177,0,177,0.05527638190954774,0.9894736842105263,0.0,0.9315789473684211,214,24,190,183,1,182,0.11214953271028037,1.0,0.00546448087431694,0.9578947368421052,3.6027817127243726,202,12,190,0.0594059405940594,1.0,3.397000024018323,215,25,190,0.11627906976744186,1.0,3.8176817552187723,196,6,190,0.030612244897959183,1.0,3.4893933997095847,210,20,190,0.09523809523809523,1.0,1.216098
gaussian,gaussian,250,80,80,0.7,20,186,193,11,182,149,1,148,0.05699481865284974,0.9578947368421052,0.006711409395973154,0.7789473684210526,203,18,185,163,1,162,0.08866995073891626,0.9736842105263158,0.006134969325153374,0.8526315789473684,3.598285633580314,204,15,189,0.07352941176470588,0.9947368421052631,3.3972170327453175,214,25,189,0.11682242990654206,0.9947368421052631,3.7078011190867723,201,12,189,0.05970149253731343,0.9947368421052631,3.4950867052393852,206,17,189,0.0825242718446602,0.9947368421052631,1.12093
gaussian,gaussian,250,80,80,0.7,20,187,198,10,188,183,2,181,0.050505050505050504,0.9894736842105263,0.01092896174863388,0.9526315789473684,208,19,189,185,2,183,0.09134615384615384,0.9947368421052631,0.010810810810810811,0.9631578947368421,3.624043903152264,202,12,190,0.0594059405940594,1.0,3.396149438850139,213,23,190,0.107981220657277,1.0,3.770716364767737,197,7,190,0.03553299492385787,1.0,3.534139551760772,205,15,190,0.07317073170731707,1.0,1.324385
gaussian,gaussian,250,80,80,0.7,20,188,190,6,184,169,0,169,0.031578947368421054,0.968421052631579,0.0,0.8894736842105263,198,10,188,175,0,175,0.050505050505050504,0.9894736842105263,0.0,0.9210526315789473,3.651056178467143,197,8,189,0.04060913705583756,0.9947368421052631,3.41942540558853,202,12,190,0.0594059405940594,1.0,3.7147964650131864,194,5,189,0.02577319587628866,0.9947368421052631,3.479454220092862,200,10,190,0.05,1.0,1.135062
gaussian,gaussian,250,80,80,0.7,20,189,200,13,187,180,2,178,0.065,0.9842105263157894,0.011111111111111112,0.9368421052631579,210,22,188,183,2,181,0.10476190476190476,0.9894736842105263,0.01092896174863388,0.9526315789473684,3.5902681214267673,206,16,190,0.07766990291262135,1.0,3.4217657248536084,213,23,190,0.107981220657277,1.0,3.7298004477473143,199,9,190,0.04522613065326633,1.0,3.518752137466437,211,21,190,0.0995260663507109,1.0,1.133595
gaussian,gaussian,250,80,80,0.7,20,190,198,11,187,174,1,173,0.05555555555555555,0.9842105263157894,0.005747126436781609,0.9105263157894737,215,27,188,180,1,179,0.12558139534883722,0.9894736842105263,0.005555555555555556,0.9421052631578948,3.602559243135567,203,13,190,0.06403940886699508,1.0,3.4052616697086604,221,31,190,0.14027149321266968,1.0,3.739198080634593,199,9,190,0.04522613065326633,1.0,3.5158645625362164,207,17,190,0.0821256038647343,1.0,1.168967
gaussian,gaussian,250,80,80,0.7,20,191,198,12,186,174,0,174,0.06060606060606061,0.9789473684210527,0.0,0.9157894736842105,203,15,188,177,1,176,0.07389162561576355,0.9894736842105263,0.005649717514124294,0.9263157894736842,3.6328696434334518,202,12,190,0.0594059405940594,1.0,3.3984554454770715,211,21,190,0.0995260663507109,1.0,3.7566880109806338,197,7,190,0.03553299492385787,1.0,3.5373649933702116,205,15,190,0.07317073170731707,1.0,1.169082
gaussian,gaussian,250,80,80,0.7,20,192,197,9,188,181,2,179,0.04568527918781726,0.9894736842105263,0.011049723756906077,0.9421052631578948,212,22,190,187,3,184,0.10377358490566038,1.0,0.016042780748663103,0.968421052631579,3.6486712839423148,200,10,190,0.05,1.0,3.3923528416260305,217,27,190,0.12442396313364056,1.0,3.752442315687777,198,8,190,0.04040404040404041,1.0,3.5029803807158038,211,21,190,0.0995260663507109,1.0,1.35148
gaussian,gaussian,250,80,80,0.7,20,193,205,15,190,186,1,185,0.07317073170731707,1.0,0.005376344086021506,0.9736842105263158,219,29,190,190,2,188,0.1324200913242009,1.0,0.010526315789473684,0.9894736842105263,3.5831715420084196,213,23,190,0.107981220657277,1.0,3.3864687956017803,225,35,190,0.15555555555555556,1.0,3.7698282959526184,206,16,190,0.07766990291262135,1.0,3.5394433406740538,215,25,190,0.11627906976744186,1.0,1.122601
gaussian,gaussian,250,80,80,0.7,20,194,209,23,186,180,4,176,0.11004784688995216,0.9789473684210527,0.022222222222222223,0.9263157894736842,223,37,186,183,5,178,0.16591928251121077,0.9789473684210527,0.0273224043715847,0.9368421052631579,3.59366342161995,213,23,190,0.107981220657277,1.0,3.386331336404969,225,35,190,0.15555555555555556,1.0,3.687256571584854,211,22,189,0.10426540284360189,0.9947368421052631,3.4683736121832416,221,31,190,0.14027149321266968,1.0,1.155823
gaussian,gaussian,250,80,80,0.7,20,195,194,12,182,170,0,170,0.061855670103092786,0.9578947368421052,0.0,0.8947368421052632,208,23,185,172,1,171,0.11057692307692307,0.9736842105263158,0.005813953488372093,0.9,3.6322435048054587,202,12,190,0.0594059405940594,1.0,3.403542614415113,214,24,190,0.11214953271028037,1.0,3.728672877846544,195,5,190,0.02564102564102564,1.0,3.4662811271687355,210,20,190,0.09523809523809523,1.0,1.174233
gaussian,gaussian,250,80,80,0.7,20,196,192,12,180,173,3,170,0.0625,0.9473684210526315,0.017341040462427744,0.8947368421052632,213,27,186,180,6,174,0.1267605633802817,0.9789473684210527,0.03333333333333333,0.9157894736842105,3.6089200554309584,205,15,190,0.07317073170731707,1.0,3.3993504958824166,220,30,190,0.13636363636363635,1.0,3.771953934573285,201,11,190,0.05472636815920398,1.0,3.477353317147696,215,25,190,0.11627906976744186,1.0,1.260777
gaussian,gaussian,250,80,80,0.7,20,197,196,13,183,166,0,166,0.0663265306122449,0.9631578947368421,0.0,0.8736842105263158,208,21,187,171,0,171,0.10096153846153846,0.9842105263157894,0.0,0.9,3.605687410812079,202,13,189,0.06435643564356436,0.9947368421052631,3.396354662937706,214,24,190,0.11214953271028037,1.0,3.736110348241574,198,9,189,0.045454545454545456,0.9947368421052631,3.5013404724572137,209,20,189,0.09569377990430622,0.9947368421052631,1.149824
gaussian,gaussian,250,80,80,0.7,20,198,188,9,179,153,0,153,0.047872340425531915,0.9421052631578948,0.0,0.8052631578947368,211,26,185,162,2,160,0.12322274881516587,0.9736842105263158,0.012345679012345678,0.8421052631578947,3.6749259187006795,200,11,189,0.055,0.9947368421052631,3.391448583352183,218,29,189,0.13302752293577982,0.9947368421052631,3.6749259187006795,200,11,189,0.055,0.9947368421052631,3.469026113665942,209,20,189,0.09569377990430622,0.9947368421052631,1.118012
gaussian,gaussian,250,80,80,0.7,20,199,196,8,188,187,1,186,0.04081632653061224,0.9894736842105263,0.0053475935828877,0.9789473684210527,208,19,189,189,2,187,0.09134615384615384,0.9947368421052631,0.010582010582010581,0.9842105263157894,3.6012204632918032,199,9,190,0.04522613065326633,1.0,3.4073194238275897,211,21,190,0.0995260663507109,1.0,3.8821596593381886,193,3,190,0.015544041450777202,1.0,3.550381863717638,202,12,190,0.0594059405940594,1.0,1.217106
gaussian,gaussian,250,80,80,0.7,20,200,200,13,187,172,0,172,0.065,0.9842105263157894,0.0,0.9052631578947369,209,20,189,177,1,176,0.09569377990430622,0.9947368421052631,0.005649717514124294,0.9263157894736842,3.638571970804893,203,14,189,0.06896551724137931,0.9947368421052631,3.399524686717978,212,23,189,0.10849056603773585,0.9947368421052631,3.7576882246367207,199,10,189,0.05025125628140704,0.9947368421052631,3.4908187952756693,206,17,189,0.0825242718446602,0.9947368421052631,1.122289
gaussian,gaussian,250,80,80,0.7,20,201,183,10,173,130,0,130,0.0546448087431694,0.9105263157894737,0.0,0.6842105263157895,198,20,178,152,2,150,0.10101010101010101,0.9368421052631579,0.013157894736842105,0.7894736842105263,3.614588922594393,201,15,186,0.07462686567164178,0.9789473684210527,3.3969308131260667,213,26,187,0.12206572769953052,0.9842105263157894,3.695789558378095,195,10,185,0.05128205128205128,0.9736842105263158,3.5127765299895746,208,21,187,0.10096153846153846,0.9842105263157894,1.47319
gaussian,gaussian,250,80,80,0.7,20,202,201,17,184,176,3,173,0.0845771144278607,0.968421052631579,0.017045454545454544,0.9105263157894737,216,31,185,180,4,176,0.14351851851851852,0.9736842105263158,0.022222222222222223,0.9263157894736842,3.6067729517451728,209,19,190,0.09090909090909091,1.0,3.3851203882124348,223,33,190,0.14798206278026907,1.0,3.7389437079112153,201,11,190,0.05472636815920398,1.0,3.5396273637581035,213,23,190,0.107981220657277,1.0,1.165543
gaussian,gaussian,250,80,80,0.7,20,203,197,14,183,156,0,156,0.07106598984771574,0.9631578947368421,0.0,0.8210526315789474,207,23,184,173,4,169,0.1111111111111111,0.968421052631579,0.023121387283236993,0.8894736842105263,3.592705570413506,204,15,189,0.07352941176470588,0.9947368421052631,3.409651147376294,216,26,190,0.12037037037037036,1.0,3.719836615165665,198,9,189,0.045454545454545456,0.9947368421052631,3.4745331558288304,212,23,189,0.10849056603773585,0.9947368421052631,1.223372
gaussian,gaussian,250,80,80,0.7,20,204,157,7,150,105,0,105,0.044585987261146494,0.7894736842105263,0.0,0.5526315789473685,180,15,165,114,1,113,0.08333333333333333,0.868421052631579,0.008771929824561403,0.5947368421052631,3.623934948665913,200,11,189,0.055,0.9947368421052631,3.42592431772149,207,18,189,0.08695652173913043,0.9947368421052631,3.701108910241,198,9,189,0.045454545454545456,0.9947368421052631,3.5394353545122006,204,15,189,0.07352941176470588,0.9947368421052631,1.182384
gaussian,gaussian,250,80,80,0.7,20,205,194,6,188,177,1,176,0.030927835051546393,0.9894736842105263,0.005649717514124294,0.9263157894736842,209,21,188,180,1,179,0.10047846889952153,0.9894736842105263,0.005555555555555556,0.9421052631578948,3.71162168430029,196,6,190,0.030612244897959183,1.0,3.4065710707488175,216,26,190,0.12037037037037036,1.0,3.787099675867308,195,5,190,0.02564102564102564,1.0,3.5263670007869905,203,13,190,0.06403940886699508,1.0,1.128339
gaussian,gaussian,250,80,80,0.7,20,206,202,14,188,182,0,182,0.06930693069306931,0.9894736842105263,0.0,0.9578947368421052,215,27,188,184,0,184,0.12558139534883722,0.9894736842105263,0.0,0.968421052631579,3.6048314123101677,203,13,190,0.06403940886699508,1.0,3.394492460627294,218,28,190,0.12844036697247707,1.0,3.706365013348499,196,6,190,0.030612244897959183,1.0,3.452479469918859,212,22,190,0.10377358490566038,1.0,1.242371
gaussian,gaussian,250,80,80,0.7,20,207,193,7,186,168,0,168,0.03626943005181347,0.9789473684210527,0.0,0.8842105263157894,206,18,188,179,0,179,0.08737864077669903,0.9894736842105263,0.0,0.9421052631578948,3.6119055225663845,199,9,190,0.04522613065326633,1.0,3.4158599608126496,210,20,190,0.09523809523809523,1.0,3.8650594402752256,196,6,190,0.030612244897959183,1.0,3.489370462067887,205,15,190,0.07317073170731707,1.0,1.118096
gaussian,gaussian,250,80,80,0.7,20,208,199,9,190,190,1,189,0.04522613065326633,1.0,0.005263157894736842,0.9947368421052631,210,20,190,192,3,189,0.09523809523809523,1.0,0.015625,0.9947368421052631,3.6590303401421864,199,9,190,0.04522613065326633,1.0,3.3961942807886607,214,24,190,0.11214953271028037,1.0,3.7607630031174444,195,5,190,0.02564102564102564,1.0,3.5108958901536043,204,14,190,0.06862745098039216,1.0,1.173637
gaussian,gaussian,250,80,80,0.7,20,209,204,16,188,184,2,182,0.0784313725490196,0.9894736842105263,0.010869565217391304,0.9578947368421052,211,23,188,189,4,185,0.10900473933649289,0.9894736842105263,0.021164021164021163,0.9736842105263158,3.600575477162724,206,17,189,0.0825242718446602,0.9947368421052631,3.3930215233881347,216,27,189,0.125,0.9947368421052631,3.838818780478809,198,9,189,0.045454545454545456,0.9947368421052631,3.5173853368276102,209,20,189,0.09569377990430622,0.9947368421052631,1.115995
gaussian,gaussian,250,80,80,0.7,20,210,200,11,189,179,2,177,0.055,0.9947368421052631,0.0111731843575419,0.9315789473684211,212,23,189,188,3,185,0.10849056603773585,0.9947368421052631,0.015957446808510637,0.9736842105263158,3.601103402715288,204,14,190,0.06862745098039216,1.0,3.4022681524018017,214,24,190,0.11214953271028037,1.0,3.6911148578888455,201,11,190,0.05472636815920398,1.0,3.499100727162781,210,20,190,0.09523809523809523,1.0,1.473956
gaussian,gaussian,250,80,80,0.7,20,211,194,7,187,171,0,171,0.03608247422680412,0.9842105263157894,0.0,0.9,199,11,188,181,1,180,0.05527638190954774,0.9894736842105263,0.0055248618784530384,0.9473684210526315,3.646625041730659,200,10,190,0.05,1.0,3.411764376386932,206,16,190,0.07766990291262135,1.0,3.8017075274033116,198,8,190,0.04040404040404041,1.0,3.562370119566066,201,11,190,0.05472636815920398,1.0,1.11407
gaussian,gaussian,250,80,80,0.7,20,212,170,13,157,114,0,114,0.07647058823529412,0.8263157894736842,0.0,0.6,185,18,167,130,0,130,0.0972972972972973,0.8789473684210526,0.0,0.6842105263157895,3.622753328417437,200,15,185,0.075,0.9736842105263158,3.4039272831091147,210,24,186,0.11428571428571428,0.9789473684210527,3.7337137411220622,195,11,184,0.05641025641025641,0.968421052631579,3.481919269678761,204,19,185,0.09313725490196079,0.9736842105263158,1.209561
gaussian,gaussian,250,80,80,0.7,20,213,192,6,186,176,1,175,0.03125,0.9789473684210527,0.005681818181818182,0.9210526315789473,203,15,188,180,1,179,0.07389162561576355,0.9894736842105263,0.005555555555555556,0.9421052631578948,3.6102492881889012,198,8,190,0.04040404040404041,1.0,3.39988441778207,210,20,190,0.09523809523809523,1.0,3.708887673816107,196,6,190,0.030612244897959183,1.0,3.512453567022183,202,12,190,0.0594059405940594,1.0,1.138505
gaussian,gaussian,250,80,80,0.7,20,214,196,6,190,185,0,185,0.030612244897959183,1.0,0.0,0.9736842105263158,204,14,190,188,0,188,0.06862745098039216,1.0,0.0,0.9894736842105263,3.7055326571754694,195,5,190,0.02564102564102564,1.0,3.4065998619275324,205,15,190,0.07317073170731707,1.0,3.8165458550500033,192,2,190,0.010416666666666666,1.0,3.5941580224064826,196,6,190,0.030612244897959183,1.0,1.117366
gaussian,gaussian,250,80,80,0.7,20,215,196,10,186,171,1,170,0.05102040816326531,0.9789473684210527,0.005847953216374269,0.8947368421052632,207,20,187,176,2,174,0.0966183574879227,0.9842105263157894,0.011363636363636364,0.9157894736842105,3.596441968514848,204,14,190,0.06862745098039216,1.0,3.39276474598192,218,28,190,0.12844036697247707,1.0,3.833525430312203,194,4,190,0.020618556701030927,1.0,3.549842952685327,207,17,190,0.0821256038647343,1.0,1.392426
gaussian,gaussian,250,80,80,0.7,20,216,184,11,173,140,2,138,0.059782608695652176,0.9105263157894737,0.014285714285714285,0.7263157894736842,198,24,174,151,2,149,0.12121212121212122,0.9157894736842105,0.013245033112582781,0.7842105263157895,3.5981012834547412,200,15,185,0.075,0.9736842105263158,3.3980455204805575,218,30,188,0.13761467889908258,0.9894736842105263,3.7385621999035954,195,10,185,0.05128205128205128,0.9736842105263158,3.531362976034703,206,21,185,0.10194174757281553,0.9736842105263158,1.135667
gaussian,gaussian,250,80,80,0.7,20,217,195,6,189,181,1,180,0.03076923076923077,0.9947368421052631,0.0055248618784530384,0.9473684210526315,207,17,190,185,1,184,0.0821256038647343,1.0,0.005405405405405406,0.968421052631579,3.6312320066526365,197,7,190,0.03553299492385787,1.0,3.4146868115206233,206,16,190,0.07766990291262135,1.0,3.9729940067969944,194,4,190,0.020618556701030927,1.0,3.4936835972611586,201,11,190,0.05472636815920398,1.0,1.144305
gaussian,gaussian,250,80,80,0.7,20,218,193,10,183,155,3,152,0.05181347150259067,0.9631578947368421,0.01935483870967742,0.8,209,23,186,165,3,162,0.11004784688995216,0.9789473684210527,0.01818181818181818,0.8526315789473684,3.597092553044556,202,14,188,0.06930693069306931,0.9894736842105263,3.4023393596080598,213,25,188,0.11737089201877934,0.9894736842105263,3.732854079313807,197,9,188,0.04568527918781726,0.9894736842105263,3.483024278692191,208,20,188,0.09615384615384616,0.9894736842105263,1.194454
gaussian,gaussian,250,80,80,0.7,20,219,187,4,183,165,0,165,0.0213903743315508,0.9631578947368421,0.0,0.868421052631579,203,18,185,174,0,174,0.08866995073891626,0.9736842105263158,0.0,0.9157894736842105,3.6277480464854817,194,6,188,0.030927835051546393,0.9894736842105263,3.4078406403793156,209,20,189,0.09569377990430622,0.9947368421052631,3.7161030342691515,192,5,187,0.026041666666666668,0.9842105263157894,3.503040521316158,205,16,189,0.07804878048780488,0.9947368421052631,1.245444
gaussian,gaussian,250,80,80,0.7,20,220,200,11,189,181,1,180,0.055,0.9947368421052631,0.0055248618784530384,0.9473684210526315,213,23,190,187,4,183,0.107981220657277,1.0,0.0213903743315508,0.9631578947368421,3.6096244192849305,201,11,190,0.05472636815920398,1.0,3.3927598376461603,216,26,190,0.12037037037037036,1.0,3.7798455896066425,198,8,190,0.04040404040404041,1.0,3.4918940596811456,208,18,190,0.08653846153846154,1.0,1.2746
gaussian,gaussian,250,80,80,0.7,20,221,184,7,177,140,1,139,0.03804347826086957,0.9315789473684211,0.007142857142857143,0.7315789473684211,202,22,180,152,2,150,0.10891089108910891,0.9473684210526315,0.013157894736842105,0.7894736842105263,3.618808753637298,199,12,187,0.06030150753768844,0.9842105263157894,3.392132732535287,217,30,187,0.1382488479262673,0.9842105263157894,3.8524393521790308,194,9,185,0.04639175257731959,0.9736842105263158,3.479915019161751,208,21,187,0.10096153846153846,0.9842105263157894,1.081526
gaussian,gaussian,250,80,80,0.7,20,222,200,11,189,175,1,174,0.055,0.9947368421052631,0.005714285714285714,0.9157894736842105,208,18,190,185,1,184,0.08653846153846154,1.0,0.005405405405405406,0.968421052631579,3.5978944190573987,204,14,190,0.06862745098039216,1.0,3.4168994175152965,210,20,190,0.09523809523809523,1.0,3.6947134657424416,200,10,190,0.05,1.0,3.529080826712265,208,18,190,0.08653846153846154,1.0,1.123527
gaussian,gaussian,250,80,80,0.7,20,223,196,10,186,181,1,180,0.05102040816326531,0.9789473684210527,0.0055248618784530384,0.9473684210526315,205,17,188,186,2,184,0.08292682926829269,0.9894736842105263,0.010752688172043012,0.968421052631579,3.6162110360908826,200,10,190,0.05,1.0,3.4194616825189703,208,18,190,0.08653846153846154,1.0,3.8299646667545844,194,4,190,0.020618556701030927,1.0,3.5446246259347687,202,12,190,0.0594059405940594,1.0,1.134129
gaussian,gaussian,250,80,80,0.7,20,224,193,9,184,171,1,170,0.046632124352331605,0.968421052631579,0.005847953216374269,0.8947368421052632,210,24,186,179,1,178,0.11428571428571428,0.9789473684210527,0.00558659217877095,0.9368421052631579,3.629064215744025,198,9,189,0.045454545454545456,0.9947368421052631,3.39207297104014,219,29,190,0.1324200913242009,1.0,3.7730541867273635,195,6,189,0.03076923076923077,0.9947368421052631,3.5273912595126324,204,14,190,0.06862745098039216,1.0,1.269949
gaussian,gaussian,250,80,80,0.7,20,225,198,9,189,182,0,182,0.045454545454545456,0.9947368421052631,0.0,0.9578947368421052,211,21,190,183,0,183,0.0995260663507109,1.0,0.0,0.9631578947368421,3.6540607320892233,202,12,190,0.0594059405940594,1.0,3.3916576075669322,219,29,190,0.1324200913242009,1.0,3.754198013613196,197,7,190,0.03553299492385787,1.0,3.5110227540521945,211,21,190,0.0995260663507109,1.0,1.122119
gaussian,gaussian,250,80,80,0.7,20,226,204,14,190,183,0,183,0.06862745098039216,1.0,0.0,0.9631578947368421,216,26,190,189,4,185,0.12037037037037036,1.0,0.021164021164021163,0.9736842105263158,3.6088184702751214,204,14,190,0.06862745098039216,1.0,3.4229613376437165,213,23,190,0.107981220657277,1.0,3.787322054264306,197,7,190,0.03553299492385787,1.0,3.497332652309498,208,18,190,0.08653846153846154,1.0,1.163065
gaussian,gaussian,250,80,80,0.7,20,227,196,10,186,167,0,167,0.05102040816326531,0.9789473684210527,0.0,0.8789473684210526,219,31,188,174,1,173,0.1415525114155251,0.9894736842105263,0.005747126436781609,0.9105263157894737,3.6342222979070886,202,12,190,0.0594059405940594,1.0,3.402905733217152,223,33,190,0.14798206278026907,1.0,3.724144513732156,196,7,189,0.03571428571428571,0.9947368421052631,3.4924492320837173,209,19,190,0.09090909090909091,1.0,1.234099
gaussian,gaussian,250,80,80,0.7,20,228,199,11,188,185,0,185,0.05527638190954774,0.9894736842105263,0.0,0.9736842105263158,213,24,189,186,0,186,0.11267605633802817,0.9947368421052631,0.0,0.9789473684210527,3.593064984917208,205,15,190,0.07317073170731707,1.0,3.3897975726836775,218,28,190,0.12844036697247707,1.0,3.734172045051452,199,9,190,0.04522613065326633,1.0,3.496928904674847,209,19,190,0.09090909090909091,1.0,1.246155
gaussian,gaussian,250,80,80,0.7,20,229,177,5,172,157,0,157,0.02824858757062147,0.9052631578947369,0.0,0.8263157894736842,196,17,179,162,2,160,0.08673469387755102,0.9421052631578948,0.012345679012345678,0.8421052631578947,3.624335711896884,191,6,185,0.031413612565445025,0.9736842105263158,3.435204730311981,203,17,186,0.08374384236453201,0.9789473684210527,3.8033741058923827,190,5,185,0.02631578947368421,0.9736842105263158,3.498532302620253,198,12,186,0.06060606060606061,0.9789473684210527,1.269515
gaussian,gaussian,250,80,80,0.7,20,230,203,15,188,184,2,182,0.07389162561576355,0.9894736842105263,0.010869565217391304,0.9578947368421052,214,24,190,185,2,183,0.11214953271028037,1.0,0.010810810810810811,0.9631578947368421,3.595042194341597,204,14,190,0.06862745098039216,1.0,3.4221829721790145,215,25,190,0.11627906976744186,1.0,3.735556005016318,200,10,190,0.05,1.0,3.469785174753553,211,21,190,0.0995260663507109,1.0,1.087246
gaussian,gaussian,250,80,80,0.7,20,231,194,7,187,181,2,179,0.03608247422680412,0.9842105263157894,0.011049723756906077,0.9421052631578948,201,13,188,185,3,182,0.06467661691542288,0.9894736842105263,0.016216216216216217,0.9578947368421052,3.604680917817297,198,8,190,0.04040404040404041,1.0,3.4223703409004047,204,14,190,0.06862745098039216,1.0,3.967016924411592,195,5,190,0.02564102564102564,1.0,3.531825736173152,201,11,190,0.05472636815920398,1.0,1.133581
gaussian,gaussian,250,80,80,0.7,20,232,198,8,190,180,0,180,0.04040404040404041,1.0,0.0,0.9473684210526315,212,22,190,186,1,185,0.10377358490566038,1.0,0.005376344086021506,0.9736842105263158,3.632042146674638,199,9,190,0.04522613065326633,1.0,3.3978711396638466,213,23,190,0.107981220657277,1.0,3.7167261917927115,195,5,190,0.02564102564102564,1.0,3.4718193165951305,208,18,190,0.08653846153846154,1.0,1.154011
gaussian,gaussian,250,80,80,0.7,20,233,166,7,159,133,1,132,0.04216867469879518,0.8368421052631579,0.007518796992481203,0.6947368421052632,191,23,168,139,1,138,0.12041884816753927,0.8842105263157894,0.007194244604316547,0.7263157894736842,3.611682491043199,191,10,181,0.05235602094240838,0.9526315789473684,3.403080972764703,213,30,183,0.14084507042253522,0.9631578947368421,3.7227827329032235,190,9,181,0.04736842105263158,0.9526315789473684,3.4655925169111836,207,24,183,0.11594202898550725,0.9631578947368421,1.183768
gaussian,gaussian,250,80,80,0.7,20,234,198,11,187,186,0,186,0.05555555555555555,0.9842105263157894,0.0,0.9789473684210527,218,29,189,187,0,187,0.13302752293577982,0.9947368421052631,0.0,0.9842105263157894,3.6055461386621124,207,17,190,0.0821256038647343,1.0,3.379093125836073,227,37,190,0.16299559471365638,1.0,3.7593160464457775,199,9,190,0.04522613065326633,1.0,3.5233962140404658,209,19,190,0.09090909090909091,1.0,1.255581
gaussian,gaussian,250,80,80,0.7,20,235,200,10,190,189,1,188,0.05,1.0,0.005291005291005291,0.9894736842105263,208,18,190,191,2,189,0.08653846153846154,1.0,0.010471204188481676,0.9947368421052631,3.601472671808823,197,7,190,0.03553299492385787,1.0,3.411267798951824,208,18,190,0.08653846153846154,1.0,3.7398773816760835,194,4,190,0.020618556701030927,1.0,3.4907189489530945,204,14,190,0.06862745098039216,1.0,1.280723
gaussian,gaussian,250,80,80,0.7,20,236,175,6,169,140,0,140,0.03428571428571429,0.8894736842105263,0.0,0.7368421052631579,193,18,175,153,1,152,0.09326424870466321,0.9210526315789473,0.006535947712418301,0.8,3.632705041285095,191,8,183,0.041884816753926704,0.9631578947368421,3.419290860424391,205,20,185,0.0975609756097561,0.9736842105263158,3.800688308953621,190,7,183,0.03684210526315789,0.9631578947368421,3.4666719777013597,200,15,185,0.075,0.9736842105263158,1.179318
gaussian,gaussian,250,80,80,0.7,20,237,197,7,190,190,1,189,0.03553299492385787,1.0,0.005263157894736842,0.9947368421052631,212,22,190,191,1,190,0.10377358490566038,1.0,0.005235602094240838,1.0,3.628714927998473,197,7,190,0.03553299492385787,1.0,3.4001300451460934,212,22,190,0.10377358490566038,1.0,3.805836164882732,193,3,190,0.015544041450777202,1.0,3.528131777682869,201,11,190,0.05472636815920398,1.0,1.142725
gaussian,gaussian,250,80,80,0.7,20,238,200,11,189,176,2,174,0.055,0.9947368421052631,0.011363636363636364,0.9157894736842105,208,19,189,181,2,179,0.09134615384615384,0.9947368421052631,0.011049723756906077,0.9421052631578948,3.6072723117995515,204,14,190,0.06862745098039216,1.0,3.40531313234783,211,21,190,0.0995260663507109,1.0,3.7952098020980904,201,11,190,0.05472636815920398,1.0,3.508727997166239,208,18,190,0.08653846153846154,1.0,1.23689
gaussian,gaussian,250,80,80,0.7,20,239,202,13,189,183,0,183,0.06435643564356436,0.9947368421052631,0.0,0.9631578947368421,216,26,190,185,1,184,0.12037037037037036,1.0,0.005405405405405406,0.968421052631579,3.6061133212252185,205,15,190,0.07317073170731707,1.0,3.399410768913644,218,28,190,0.12844036697247707,1.0,3.8074193917894275,195,5,190,0.02564102564102564,1.0,3.540728744691051,210,20,190,0.09523809523809523,1.0,1.121751
gaussian,gaussian,250,80,80,0.7,20,240,191,8,183,163,1,162,0.041884816753926704,0.9631578947368421,0.006134969325153374,0.8526315789473684,210,23,187,172,3,169,0.10952380952380952,0.9842105263157894,0.01744186046511628,0.8894736842105263,3.65437933518975,197,9,188,0.04568527918781726,0.9894736842105263,3.396110903582467,213,25,188,0.11737089201877934,0.9894736842105263,3.775291030014708,196,8,188,0.04081632653061224,0.9894736842105263,3.4797709297242134,208,20,188,0.09615384615384616,0.9894736842105263,1.145123
gaussian,gaussian,250,80,80,0.7,20,241,154,15,139,91,0,91,0.09740259740259741,0.7315789473684211,0.0,0.4789473684210526,174,19,155,106,0,106,0.10919540229885058,0.8157894736842105,0.0,0.5578947368421052,3.6245100078937207,191,18,173,0.09424083769633508,0.9105263157894737,3.4110115539305146,207,29,178,0.14009661835748793,0.9368421052631579,3.7305086277039328,188,16,172,0.0851063829787234,0.9052631578947369,3.4946164063950937,198,20,178,0.10101010101010101,0.9368421052631579,1.185282
gaussian,gaussian,250,80,80,0.7,20,242,195,12,183,170,1,169,0.06153846153846154,0.9631578947368421,0.0058823529411764705,0.8894736842105263,208,24,184,174,2,172,0.11538461538461539,0.968421052631579,0.011494252873563218,0.9052631578947369,3.6563489649187906,203,13,190,0.06403940886699508,1.0,3.3983359909136137,215,25,190,0.11627906976744186,1.0,3.6917465505391536,201,11,190,0.05472636815920398,1.0,3.4652735810705293,211,21,190,0.0995260663507109,1.0,1.191011
gaussian,gaussian,250,80,80,0.7,20,243,191,9,182,145,0,145,0.04712041884816754,0.9578947368421052,0.0,0.7631578947368421,205,20,185,162,0,162,0.0975609756097561,0.9736842105263158,0.0,0.8526315789473684,3.632606213214429,199,9,190,0.04522613065326633,1.0,3.4145350140707813,209,19,190,0.09090909090909091,1.0,3.834551263925223,195,5,190,0.02564102564102564,1.0,3.5220261221104407,203,13,190,0.06403940886699508,1.0,1.183859
gaussian,gaussian,250,80,80,0.7,20,244,171,8,163,134,2,132,0.04678362573099415,0.8578947368421053,0.014925373134328358,0.6947368421052632,196,22,174,145,2,143,0.11224489795918367,0.9157894736842105,0.013793103448275862,0.7526315789473684,3.6082093166655915,202,14,188,0.06930693069306931,0.9894736842105263,3.4043066372970596,215,27,188,0.12558139534883722,0.9894736842105263,3.700667482424343,197,10,187,0.050761421319796954,0.9842105263157894,3.475520297972389,210,22,188,0.10476190476190476,0.9894736842105263,1.265025
gaussian,gaussian,250,80,80,0.7,20,245,186,12,174,145,3,142,0.06451612903225806,0.9157894736842105,0.020689655172413793,0.7473684210526316,202,27,175,161,3,158,0.13366336633663367,0.9210526315789473,0.018633540372670808,0.8315789473684211,3.6204191631198537,199,15,184,0.07537688442211055,0.968421052631579,3.397265721465734,217,32,185,0.14746543778801843,0.9736842105263158,3.764695197333779,196,12,184,0.061224489795918366,0.968421052631579,3.487296502440755,207,22,185,0.10628019323671498,0.9736842105263158,1.222074
gaussian,gaussian,250,80,80,0.7,20,246,193,12,181,167,0,167,0.06217616580310881,0.9526315789473684,0.0,0.8789473684210526,202,18,184,173,1,172,0.0891089108910891,0.968421052631579,0.005780346820809248,0.9052631578947369,3.6036466006802783,204,14,190,0.06862745098039216,1.0,3.400971694868636,211,21,190,0.0995260663507109,1.0,3.751940667005155,197,7,190,0.03553299492385787,1.0,3.4954957291614273,207,17,190,0.0821256038647343,1.0,1.126486
gaussian,gaussian,250,80,80,0.7,20,247,193,9,184,169,1,168,0.046632124352331605,0.968421052631579,0.005917159763313609,0.8842105263157894,212,25,187,176,1,175,0.1179245283018868,0.9842105263157894,0.005681818181818182,0.9210526315789473,3.6934436582355725,200,10,190,0.05,1.0,3.3902050022079533,219,29,190,0.1324200913242009,1.0,3.7966101783925654,199,9,190,0.04522613065326633,1.0,3.4744421759042874,211,21,190,0.0995260663507109,1.0,1.130755
gaussian,gaussian,250,80,80,0.7,20,248,182,6,176,164,0,164,0.03296703296703297,0.9263157894736842,0.0,0.8631578947368421,192,13,179,170,0,170,0.06770833333333333,0.9421052631578948,0.0,0.8947368421052632,3.6435132362620193,194,6,188,0.030927835051546393,0.9894736842105263,3.414404356074171,203,14,189,0.06896551724137931,0.9947368421052631,3.7304496081686014,190,4,186,0.021052631578947368,0.9789473684210527,3.5052308965882983,197,8,189,0.04060913705583756,0.9947368421052631,1.217153
gaussian,gaussian,250,80,80,0.7,20,249,182,11,171,138,0,138,0.06043956043956044,0.9,0.0,0.7263157894736842,199,20,179,150,0,150,0.10050251256281408,0.9421052631578948,0.0,0.7894736842105263,3.5990207316400036,200,14,186,0.07,0.9789473684210527,3.4250268516386373,212,24,188,0.11320754716981132,0.9894736842105263,3.736589099390039,192,6,186,0.03125,0.9789473684210527,3.5070922417080554,205,19,186,0.09268292682926829,0.9789473684210527,1.202303
gaussian,gaussian,250,80,80,0.7,20,250,202,12,190,185,2,183,0.0594059405940594,1.0,0.010810810810810811,0.9631578947368421,218,28,190,190,3,187,0.12844036697247707,1.0,0.015789473684210527,0.9842105263157894,3.594064838356574,203,13,190,0.06403940886699508,1.0,3.3940416774278326,221,31,190,0.14027149321266968,1.0,3.743234363244049,197,7,190,0.03553299492385787,1.0,3.4797875985053897,213,23,190,0.107981220657277,1.0,1.095746
gaussian,gaussian,250,80,80,0.7,20,251,173,9,164,137,0,137,0.05202312138728324,0.8631578947368421,0.0,0.7210526315789474,195,21,174,151,2,149,0.1076923076923077,0.9157894736842105,0.013245033112582781,0.7842105263157895,3.6016192571421657,202,14,188,0.06930693069306931,0.9894736842105263,3.433575844161162,214,26,188,0.12149532710280374,0.9894736842105263,3.7100276570831654,195,8,187,0.041025641025641026,0.9842105263157894,3.46827571773899,210,22,188,0.10476190476190476,0.9894736842105263,1.193639
gaussian,gaussian,250,80,80,0.7,20,252,197,12,185,165,2,163,0.06091370558375635,0.9736842105263158,0.012121212121212121,0.8578947368421053,209,22,187,172,2,170,0.10526315789473684,0.9842105263157894,0.011627906976744186,0.8947368421052632,3.6179987788640564,201,11,190,0.05472636815920398,1.0,3.41812794093304,212,22,190,0.10377358490566038,1.0,3.817355179602629,195,5,190,0.02564102564102564,1.0,3.53307038767001,206,16,190,0.07766990291262135,1.0,1.13055
gaussian,gaussian,250,80,80,0.7,20,253,194,12,182,159,2,157,0.061855670103092786,0.9578947368421052,0.012578616352201259,0.8263157894736842,208,24,184,168,2,166,0.11538461538461539,0.968421052631579,0.011904761904761904,0.8736842105263158,3.5990087851350605,204,14,190,0.06862745098039216,1.0,3.3940009547293717,218,28,190,0.12844036697247707,1.0,3.8271132636047365,196,6,190,0.030612244897959183,1.0,3.5095348517525866,213,23,190,0.107981220657277,1.0,1.53916
gaussian,gaussian,250,80,80,0.7,20,254,200,12,188,182,1,181,0.06,0.9894736842105263,0.005494505494505495,0.9526315789473684,215,25,190,184,1,183,0.11627906976744186,1.0,0.005434782608695652,0.9631578947368421,3.6017937922740275,203,13,190,0.06403940886699508,1.0,3.389960082923207,218,28,190,0.12844036697247707,1.0,3.7727613226500836,197,7,190,0.03553299492385787,1.0,3.4883102517948443,212,22,190,0.10377358490566038,1.0,1.148758
gaussian,gaussian,250,80,80,0.7,20,255,199,12,187,174,0,174,0.06030150753768844,0.9842105263157894,0.0,0.9157894736842105,216,28,188,179,0,179,0.12962962962962962,0.9894736842105263,0.0,0.9421052631578948,3.6126199400317613,204,14,190,0.06862745098039216,1.0,3.3882105505716598,221,31,190,0.14027149321266968,1.0,3.752965722982999,197,7,190,0.03553299492385787,1.0,3.48259481542736,212,22,190,0.10377358490566038,1.0,1.123777
gaussian,gaussian,250,80,80,0.7,20,256,198,11,187,181,0,181,0.05555555555555555,0.9842105263157894,0.0,0.9526315789473684,206,18,188,183,0,183,0.08737864077669903,0.9894736842105263,0.0,0.9631578947368421,3.706174200711422,201,12,189,0.05970149253731343,0.9947368421052631,3.401187755568479,209,20,189,0.09569377990430622,0.9947368421052631,3.744588253112424,197,8,189,0.04060913705583756,0.9947368421052631,3.5061487075168976,206,17,189,0.0825242718446602,0.9947368421052631,1.133736
gaussian,gaussian,250,80,80,0.7,20,257,194,9,185,174,0,174,0.04639175257731959,0.9736842105263158,0.0,0.9157894736842105,200,14,186,178,0,178,0.07,0.9789473684210527,0.0,0.9368421052631579,3.626124002806288,199,9,190,0.04522613065326633,1.0,3.403685208987766,207,17,190,0.0821256038647343,1.0,3.742942073956947,196,6,190,0.030612244897959183,1.0,3.5119275149437037,200,10,190,0.05,1.0,1.202925
gaussian,gaussian,250,80,80,0.7,20,258,167,9,158,126,1,125,0.05389221556886228,0.8315789473684211,0.007936507936507936,0.6578947368421053,192,23,169,133,2,131,0.11979166666666667,0.8894736842105263,0.015037593984962405,0.6894736842105263,3.6344564939303634,201,14,187,0.06965174129353234,0.9842105263157894,3.400315635160809,215,28,187,0.13023255813953488,0.9842105263157894,3.757746077017742,195,10,185,0.05128205128205128,0.9736842105263158,3.5140667587757517,205,18,187,0.08780487804878048,0.9842105263157894,1.232066
gaussian,gaussian,250,80,80,0.7,20,259,202,12,190,187,2,185,0.0594059405940594,1.0,0.0106951871657754,0.9736842105263158,215,25,190,192,3,189,0.11627906976744186,1.0,0.015625,0.9947368421052631,3.598096247485497,206,16,190,0.07766990291262135,1.0,3.394694427872055,217,27,190,0.12442396313364056,1.0,3.714276743272911,202,12,190,0.0594059405940594,1.0,3.514931247911348,210,20,190,0.09523809523809523,1.0,1.134419
gaussian,gaussian,250,80,80,0.7,20,260,172,12,160,122,0,122,0.06976744186046512,0.8421052631578947,0.0,0.6421052631578947,202,27,175,135,2,133,0.13366336633663367,0.9210526315789473,0.014814814814814815,0.7,3.5936133392620238,205,19,186,0.09268292682926829,0.9789473684210527,3.3833007548366467,224,36,188,0.16071428571428573,0.9894736842105263,3.7062203219779684,198,13,185,0.06565656565656566,0.9736842105263158,3.492252999867832,214,27,187,0.1261682242990654,0.9842105263157894,1.176543
gaussian,gaussian,250,80,80,0.7,20,261,193,13,180,149,0,149,0.06735751295336788,0.9473684210526315,0.0,0.7842105263157895,210,26,184,158,1,157,0.12380952380952381,0.968421052631579,0.006329113924050633,0.8263157894736842,3.6315170426885923,203,14,189,0.06896551724137931,0.9947368421052631,3.4170996328168637,217,28,189,0.12903225806451613,0.9947368421052631,3.752053192222574,199,10,189,0.05025125628140704,0.9947368421052631,3.479671819665494,212,23,189,0.10849056603773585,0.9947368421052631,2.094412
gaussian,gaussian,250,80,80,0.7,20,262,192,10,182,170,0,170,0.052083333333333336,0.9578947368421052,0.0,0.8947368421052632,212,27,185,173,2,171,0.12735849056603774,0.9736842105263158,0.011560693641618497,0.9,3.607872837280346,204,14,190,0.06862745098039216,1.0,3.384779385576474,225,35,190,0.15555555555555556,1.0,3.7490618745219555,198,9,189,0.045454545454545456,0.9947368421052631,3.5010621278774248,211,21,190,0.0995260663507109,1.0,1.097466
gaussian,gaussian,250,80,80,0.7,20,263,188,8,180,160,0,160,0.0425531914893617,0.9473684210526315,0.0,0.8421052631578947,203,19,184,167,0,167,0.09359605911330049,0.968421052631579,0.0,0.8789473684210526,3.618037176941014,196,7,189,0.03571428571428571,0.9947368421052631,3.4156720743682567,206,17,189,0.0825242718446602,0.9947368421052631,3.9015395580732655,191,2,189,0.010471204188481676,0.9947368421052631,3.498436918804172,202,13,189,0.06435643564356436,0.9947368421052631,1.187277
gaussian,gaussian,250,80,80,0.7,20,264,202,14,188,174,3,171,0.06930693069306931,0.9894736842105263,0.017241379310344827,0.9,209,21,188,183,5,178,0.10047846889952153,0.9894736842105263,0.0273224043715847,0.9368421052631579,3.5969671167376447,206,16,190,0.07766990291262135,1.0,3.419300355270506,215,25,190,0.11627906976744186,1.0,3.7130526929426217,201,11,190,0.05472636815920398,1.0,3.516945637612151,209,19,190,0.09090909090909091,1.0,1.091444
gaussian,gaussian,250,80,80,0.7,20,265,197,10,187,175,0,175,0.050761421319796954,0.9842105263157894,0.0,0.9210526315789473,209,21,188,182,3,179,0.10047846889952153,0.9894736842105263,0.016483516483516484,0.9421052631578948,3.596239082844179,202,12,190,0.0594059405940594,1.0,3.4065513682909585,212,22,190,0.10377358490566038,1.0,3.6953208945073555,200,10,190,0.05,1.0,3.4871983837760046,209,19,190,0.09090909090909091,1.0,1.172362
gaussian,gaussian,250,80,80,0.7,20,266,201,13,188,187,5,182,0.06467661691542288,0.9894736842105263,0.026737967914438502,0.9578947368421052,215,26,189,189,5,184,0.12093023255813953,0.9947368421052631,0.026455026455026454,0.968421052631579,3.6418022938763404,203,13,190,0.06403940886699508,1.0,3.436421576801069,216,26,190,0.12037037037037036,1.0,3.8157849845206,201,11,190,0.05472636815920398,1.0,3.5165706636130913,206,16,190,0.07766990291262135,1.0,1.31781
gaussian,gaussian,250,80,80,0.7,20,267,198,15,183,166,0,166,0.07575757575757576,0.9631578947368421,0.0,0.8736842105263158,218,31,187,173,2,171,0.14220183486238533,0.9842105263157894,0.011560693641618497,0.9,3.6165755482784965,206,16,190,0.07766990291262135,1.0,3.391349970823276,226,36,190,0.1592920353982301,1.0,3.7098609889659544,200,11,189,0.055,0.9947368421052631,3.4933272959367376,218,28,190,0.12844036697247707,1.0,1.171641
gaussian,gaussian,250,80,80,0.7,20,268,190,5,185,183,0,183,0.02631578947368421,0.9736842105263158,0.0,0.9631578947368421,205,17,188,185,1,184,0.08292682926829269,0.9894736842105263,0.005405405405405406,0.968421052631579,3.6517842114344305,195,5,190,0.02564102564102564,1.0,3.429651236030956,205,15,190,0.07317073170731707,1.0,3.805620514079651,194,4,190,0.020618556701030927,1.0,3.4934420311675285,200,10,190,0.05,1.0,1.170541
gaussian,gaussian,250,80,80,0.7,20,269,176,8,168,138,1,137,0.045454545454545456,0.8842105263157894,0.007246376811594203,0.7210526315789474,204,26,178,147,3,144,0.12745098039215685,0.9368421052631579,0.02040816326530612,0.7578947368421053,3.6008316659785993,198,11,187,0.05555555555555555,0.9842105263157894,3.390083680662388,218,28,190,0.12844036697247707,1.0,3.8006872670897804,195,9,186,0.046153846153846156,0.9789473684210527,3.4770004061507502,204,16,188,0.0784313725490196,0.9894736842105263,1.152429
gaussian,gaussian,250,80,80,0.7,20,270,186,9,177,140,0,140,0.04838709677419355,0.9315789473684211,0.0,0.7368421052631579,197,17,180,151,2,149,0.08629441624365482,0.9473684210526315,0.013245033112582781,0.7842105263157895,3.62500402507045,200,12,188,0.06,0.9894736842105263,3.409838302637901,211,23,188,0.10900473933649289,0.9894736842105263,3.758308920399723,197,9,188,0.04568527918781726,0.9894736842105263,3.5392775855884544,203,15,188,0.07389162561576355,0.9894736842105263,1.452156
gaussian,gaussian,250,80,80,0.7,20,271,198,9,189,183,2,181,0.045454545454545456,0.9947368421052631,0.01092896174863388,0.9526315789473684,206,17,189,186,2,184,0.0825242718446602,0.9947368421052631,0.010752688172043012,0.968421052631579,3.6870861138132334,200,10,190,0.05,1.0,3.4195790599330627,207,17,190,0.0821256038647343,1.0,3.784003096443125,198,9,189,0.045454545454545456,0.9947368421052631,3.5286905513004525,204,14,190,0.06862745098039216,1.0,1.201522
gaussian,gaussian,250,80,80,0.7,20,272,198,9,189,184,1,183,0.045454545454545456,0.9947368421052631,0.005434782608695652,0.9631578947368421,210,21,189,186,1,185,0.1,0.9947368421052631,0.005376344086021506,0.9736842105263158,3.610671074460823,203,13,190,0.06403940886699508,1.0,3.430284038972754,214,24,190,0.11214953271028037,1.0,3.741140391467646,199,9,190,0.04522613065326633,1.0,3.532331928685756,211,21,190,0.0995260663507109,1.0,1.182137
gaussian,gaussian,250,80,80,0.7,20,273,159,6,153,106,0,106,0.03773584905660377,0.8052631578947368,0.0,0.5578947368421052,178,16,162,129,1,128,0.0898876404494382,0.8526315789473684,0.007751937984496124,0.6736842105263158,3.6123962674182812,189,8,181,0.042328042328042326,0.9526315789473684,3.4172961504861483,207,23,184,0.1111111111111111,0.968421052631579,3.703944279959211,185,6,179,0.032432432432432434,0.9421052631578948,3.479226559494308,198,15,183,0.07575757575757576,0.9631578947368421,1.189681
gaussian,gaussian,250,80,80,0.7,20,274,196,10,186,166,1,165,0.05102040816326531,0.9789473684210527,0.006024096385542169,0.868421052631579,214,25,189,175,1,174,0.11682242990654206,0.9947368421052631,0.005714285714285714,0.9157894736842105,3.6143269157672724,202,13,189,0.06435643564356436,0.9947368421052631,3.3949599636304777,216,26,190,0.12037037037037036,1.0,3.756633608580745,194,5,189,0.02577319587628866,0.9947368421052631,3.4981783381478904,208,19,189,0.09134615384615384,0.9947368421052631,1.16609
gaussian,gaussian,250,80,80,0.7,20,275,189,7,182,159,0,159,0.037037037037037035,0.9578947368421052,0.0,0.8368421052631579,205,17,188,167,1,166,0.08292682926829269,0.9894736842105263,0.005988023952095809,0.8736842105263158,3.602365255181071,197,8,189,0.04060913705583756,0.9947368421052631,3.4085977189381924,205,16,189,0.07804878048780488,0.9947368421052631,3.7907763822116234,194,5,189,0.02577319587628866,0.9947368421052631,3.510119786851297,201,12,189,0.05970149253731343,0.9947368421052631,1.275816
gaussian,gaussian,250,80,80,0.7,20,276,203,13,190,184,1,183,0.06403940886699508,1.0,0.005434782608695652,0.9631578947368421,214,24,190,187,1,186,0.11214953271028037,1.0,0.0053475935828877,0.9789473684210527,3.633118696123574,204,14,190,0.06862745098039216,1.0,3.3950226933393517,215,25,190,0.11627906976744186,1.0,3.7612746011926945,199,9,190,0.04522613065326633,1.0,3.478523178413948,212,22,190,0.10377358490566038,1.0,1.113036
gaussian,gaussian,250,80,80,0.7,20,277,200,13,187,165,1,164,0.065,0.9842105263157894,0.006060606060606061,0.8631578947368421,212,23,189,172,1,171,0.10849056603773585,0.9947368421052631,0.005813953488372093,0.9,3.625648707564739,208,18,190,0.08653846153846154,1.0,3.423877048393824,218,28,190,0.12844036697247707,1.0,3.730758823583657,198,8,190,0.04040404040404041,1.0,3.4942516455578483,214,24,190,0.11214953271028037,1.0,1.158013
gaussian,gaussian,250,80,80,0.7,20,278,199,11,188,183,2,181,0.05527638190954774,0.9894736842105263,0.01092896174863388,0.9526315789473684,206,18,188,186,2,184,0.08737864077669903,0.9894736842105263,0.010752688172043012,0.968421052631579,3.6088373677109193,203,13,190,0.06403940886699508,1.0,3.408684876966337,213,23,190,0.107981220657277,1.0,3.72704329937677,200,10,190,0.05,1.0,3.495160977727626,208,18,190,0.08653846153846154,1.0,1.304434
gaussian,gaussian,250,80,80,0.7,20,279,192,7,185,167,2,165,0.036458333333333336,0.9736842105263158,0.011976047904191617,0.868421052631579,204,18,186,174,2,172,0.08823529411764706,0.9789473684210527,0.011494252873563218,0.9052631578947369,3.6459877205028466,196,7,189,0.03571428571428571,0.9947368421052631,3.413376948848712,205,16,189,0.07804878048780488,0.9947368421052631,3.7387367917666525,195,6,189,0.03076923076923077,0.9947368421052631,3.5222549502381355,198,9,189,0.045454545454545456,0.9947368421052631,1.25629
gaussian,gaussian,250,80,80,0.7,20,280,179,8,171,143,1,142,0.0446927374301676,0.9,0.006993006993006993,0.7473684210526316,199,18,181,151,1,150,0.09045226130653267,0.9526315789473684,0.006622516556291391,0.7894736842105263,3.6035048202803868,196,9,187,0.04591836734693878,0.9842105263157894,3.4044906756612,208,21,187,0.10096153846153846,0.9842105263157894,3.7777713927678658,193,6,187,0.031088082901554404,0.9842105263157894,3.478721841449656,204,17,187,0.08333333333333333,0.9842105263157894,1.212814
gaussian,gaussian,250,80,80,0.7,20,281,199,12,187,175,0,175,0.06030150753768844,0.9842105263157894,0.0,0.9210526315789473,213,25,188,176,0,176,0.11737089201877934,0.9894736842105263,0.0,0.9263157894736842,3.593162699379106,205,15,190,0.07317073170731707,1.0,3.3928509720361295,217,27,190,0.12442396313364056,1.0,3.8504180942291435,196,7,189,0.03571428571428571,0.9947368421052631,3.557503448195215,207,17,190,0.0821256038647343,1.0,1.098615
gaussian,gaussian,250,80,80,0.7,20,282,189,6,183,163,0,163,0.031746031746031744,0.9631578947368421,0.0,0.8578947368421053,210,23,187,169,2,167,0.10952380952380952,0.9842105263157894,0.011834319526627219,0.8789473684210526,3.596992839870737,201,11,190,0.05472636815920398,1.0,3.397709705358599,215,25,190,0.11627906976744186,1.0,3.7542355582461693,195,5,190,0.02564102564102564,1.0,3.4615408827436696,209,19,190,0.09090909090909091,1.0,1.196238
gaussian,gaussian,250,80,80,0.7,20,283,196,9,187,181,1,180,0.04591836734693878,0.9842105263157894,0.0055248618784530384,0.9473684210526315,205,18,187,184,2,182,0.08780487804878048,0.9842105263157894,0.010869565217391304,0.9578947368421052,3.630997654351779,199,10,189,0.05025125628140704,0.9947368421052631,3.410821318246306,210,20,190,0.09523809523809523,1.0,3.818654646649244,197,8,189,0.04060913705583756,0.9947368421052631,3.476532774171752,206,16,190,0.07766990291262135,1.0,1.151818
gaussian,gaussian,250,80,80,0.7,20,284,187,5,182,148,0,148,0.026737967914438502,0.9578947368421052,0.0,0.7789473684210526,204,18,186,158,2,156,0.08823529411764706,0.9789473684210527,0.012658227848101266,0.8210526315789474,3.611800594533276,196,6,190,0.030612244897959183,1.0,3.409866838240187,208,18,190,0.08653846153846154,1.0,4.198562431527069,192,2,190,0.010416666666666666,1.0,3.480977926776059,201,11,190,0.05472636815920398,1.0,1.277041
gaussian,gaussian,250,80,80,0.7,20,285,202,12,190,186,1,185,0.0594059405940594,1.0,0.005376344086021506,0.9736842105263158,213,23,190,188,1,187,0.107981220657277,1.0,0.005319148936170213,0.9842105263157894,3.6003042463508526,202,12,190,0.0594059405940594,1.0,3.397091662175048,213,23,190,0.107981220657277,1.0,3.771205799879795,197,7,190,0.03553299492385787,1.0,3.5542764936713067,204,14,190,0.06862745098039216,1.0,1.114795
gaussian,gaussian,250,80,80,0.7,20,286,201,16,185,174,0,174,0.07960199004975124,0.9736842105263158,0.0,0.9157894736842105,215,28,187,177,1,176,0.13023255813953488,0.9842105263157894,0.005649717514124294,0.9263157894736842,3.5887743279003645,208,18,190,0.08653846153846154,1.0,3.3946984452017506,220,30,190,0.13636363636363635,1.0,3.817693944842261,199,10,189,0.05025125628140704,0.9947368421052631,3.502542488646741,213,23,190,0.107981220657277,1.0,1.218878
gaussian,gaussian,250,80,80,0.7,20,287,202,14,188,179,0,179,0.06930693069306931,0.9894736842105263,0.0,0.9421052631578948,208,20,188,187,3,184,0.09615384615384616,0.9894736842105263,0.016042780748663103,0.968421052631579,3.591738682011565,205,15,190,0.07317073170731707,1.0,3.3952102044682295,214,24,190,0.11214953271028037,1.0,3.7002456260024177,200,10,190,0.05,1.0,3.4991565080431855,210,20,190,0.09523809523809523,1.0,1.380085
gaussian,gaussian,250,80,80,0.7,20,288,192,8,184,177,0,177,0.041666666666666664,0.968421052631579,0.0,0.9315789473684211,203,17,186,181,0,181,0.08374384236453201,0.9789473684210527,0.0,0.9526315789473684,3.6373900315039642,198,8,190,0.04040404040404041,1.0,3.4640874734759977,207,17,190,0.0821256038647343,1.0,3.8744212428540976,195,5,190,0.02564102564102564,1.0,3.4640874734759977,207,17,190,0.0821256038647343,1.0,1.135606
gaussian,gaussian,250,80,80,0.7,20,289,193,13,180,162,1,161,0.06735751295336788,0.9473684210526315,0.006172839506172839,0.8473684210526315,207,25,182,169,1,168,0.12077294685990338,0.9578947368421052,0.005917159763313609,0.8842105263157894,3.6619377782760005,206,16,190,0.07766990291262135,1.0,3.3956523574668753,217,27,190,0.12442396313364056,1.0,3.727251242461592,204,14,190,0.06862745098039216,1.0,3.4844933358931076,213,23,190,0.107981220657277,1.0,1.262948
gaussian,gaussian,250,80,80,0.7,20,290,200,13,187,181,0,181,0.065,0.9842105263157894,0.0,0.9526315789473684,211,24,187,186,2,184,0.11374407582938388,0.9842105263157894,0.010752688172043012,0.968421052631579,3.605013934682722,203,13,190,0.06403940886699508,1.0,3.3962017436431147,216,26,190,0.12037037037037036,1.0,3.743220694689561,201,11,190,0.05472636815920398,1.0,3.489444986822519,210,20,190,0.09523809523809523,1.0,1.135059
gaussian,gaussian,250,80,80,0.7,20,291,200,10,190,185,0,185,0.05,1.0,0.0,0.9736842105263158,210,20,190,188,0,188,0.09523809523809523,1.0,0.0,0.9894736842105263,3.6083993793603333,199,9,190,0.04522613065326633,1.0,3.401244617183708,210,20,190,0.09523809523809523,1.0,3.785479492885076,194,4,190,0.020618556701030927,1.0,3.516538644867512,203,13,190,0.06403940886699508,1.0,1.214478
gaussian,gaussian,250,80,80,0.7,20,292,200,11,189,180,1,179,0.055,0.9947368421052631,0.005555555555555556,0.9421052631578948,215,25,190,184,1,183,0.11627906976744186,1.0,0.005434782608695652,0.9631578947368421,3.6298251981835232,199,9,190,0.04522613065326633,1.0,3.404717161625071,214,24,190,0.11214953271028037,1.0,3.7229747517364764,196,6,190,0.030612244897959183,1.0,3.500230920518595,206,16,190,0.07766990291262135,1.0,1.129599
gaussian,gaussian,250,80,80,0.7,20,293,196,14,182,163,2,161,0.07142857142857142,0.9578947368421052,0.012269938650306749,0.8473684210526315,210,24,186,171,3,168,0.11428571428571428,0.9789473684210527,0.017543859649122806,0.8842105263157894,3.5938273053640186,206,16,190,0.07766990291262135,1.0,3.3969862536214164,221,31,190,0.14027149321266968,1.0,3.7147499336319596,201,11,190,0.05472636815920398,1.0,3.4755231014336903,211,21,190,0.0995260663507109,1.0,1.203399
gaussian,gaussian,250,80,80,0.7,20,294,186,7,179,160,1,159,0.03763440860215054,0.9421052631578948,0.00625,0.8368421052631579,193,13,180,173,1,172,0.06735751295336788,0.9473684210526315,0.005780346820809248,0.9052631578947369,3.6016558599324147,197,9,188,0.04568527918781726,0.9894736842105263,3.4175900742679737,206,17,189,0.0825242718446602,0.9947368421052631,3.7718863001265666,192,5,187,0.026041666666666668,0.9842105263157894,3.5279671668998698,199,11,188,0.05527638190954774,0.9894736842105263,1.195461
gaussian,gaussian,250,80,80,0.7,20,295,204,16,188,177,2,175,0.0784313725490196,0.9894736842105263,0.011299435028248588,0.9210526315789473,214,25,189,186,3,183,0.11682242990654206,0.9947368421052631,0.016129032258064516,0.9631578947368421,3.616805074717593,204,15,189,0.07352941176470588,0.9947368421052631,3.40421817957523,218,29,189,0.13302752293577982,0.9947368421052631,3.7329516136587046,199,10,189,0.05025125628140704,0.9947368421052631,3.4775473759980384,210,21,189,0.1,0.9947368421052631,1.359446
gaussian,gaussian,250,80,80,0.7,20,296,197,7,190,188,0,188,0.03553299492385787,1.0,0.0,0.9894736842105263,214,24,190,191,1,190,0.11214953271028037,1.0,0.005235602094240838,1.0,3.6055716193322356,200,10,190,0.05,1.0,3.4001661377418055,216,26,190,0.12037037037037036,1.0,3.830165055399512,195,5,190,0.02564102564102564,1.0,3.5314135193795333,203,13,190,0.06403940886699508,1.0,1.190666
gaussian,gaussian,250,80,80,0.7,20,297,198,9,189,189,1,188,0.045454545454545456,0.9947368421052631,0.005291005291005291,0.9894736842105263,210,20,190,189,1,188,0.09523809523809523,1.0,0.005291005291005291,0.9894736842105263,3.599484790972067,203,13,190,0.06403940886699508,1.0,3.3986480637711542,216,26,190,0.12037037037037036,1.0,3.78285830091415,199,9,190,0.04522613065326633,1.0,3.5507395649317894,207,17,190,0.0821256038647343,1.0,1.104132
gaussian,gaussian,250,80,80,0.7,20,298,183,5,178,159,0,159,0.0273224043715847,0.9368421052631579,0.0,0.8368421052631579,205,18,187,163,0,163,0.08780487804878048,0.9842105263157894,0.0,0.8578947368421053,3.602038414829714,199,9,190,0.04522613065326633,1.0,3.40401994421724,212,22,190,0.10377358490566038,1.0,3.724438553877417,196,6,190,0.030612244897959183,1.0,3.4810108701017426,208,18,190,0.08653846153846154,1.0,1.265644
gaussian,gaussian,250,80,80,0.7,20,299,189,10,179,152,3,149,0.05291005291005291,0.9421052631578948,0.019736842105263157,0.7842105263157895,212,28,184,165,4,161,0.1320754716981132,0.968421052631579,0.024242424242424242,0.8473684210526315,3.5978834220659244,200,12,188,0.06,0.9894736842105263,3.3959092803006548,220,31,189,0.1409090909090909,0.9947368421052631,3.7918052969778473,197,9,188,0.04568527918781726,0.9894736842105263,3.485991365149232,208,19,189,0.09134615384615384,0.9947368421052631,1.120535
