model,x_model,p,n,rho,block,seed,R_bh_0.05,V_bh_0.05,S_bh_0.05,R_by_0.05,V_by_0.05,S_by_0.05,fdr_bh_0.05,power_bh_0.05,fdr_by_0.05,power_by_0.05,R_bh_0.1,V_bh_0.1,S_bh_0.1,R_by_0.1,V_by_0.1,S_by_0.1,fdr_bh_0.1,power_bh_0.1,fdr_by_0.1,power_by_0.1,t_lct_0.05,R_lct_0.05,V_lct_0.05,S_lct_0.05,fdr_lct_0.05,power_lct_0.05,t_lct_0.1,R_lct_0.1,V_lct_0.1,S_lct_0.1,fdr_lct_0.1,power_lct_0.1,t_lctb_0.05_B100,R_lctb_0.05_B100,V_lctb_0.05_B100,S_lctb_0.05_B100,fdr_lctb_0.05_B100,power_lctb_0.05_B100,t_lctb_0.1_B100,R_lctb_0.1_B100,V_lctb_0.1_B100,S_lctb_0.1_B100,fdr_lctb_0.1_B100,power_lctb_0.1_B100,wall_time_s
gaussian,gaussian,250,200,0.7,20,0,198,8,190,190,0,190,0.04040404040404041,1.0,0.0,1.0,209,19,190,191,1,190,0.09090909090909091,1.0,0.005235602094240838,1.0,3.6200238519272383,199,9,190,0.04522613065326633,1.0,3.4250982538897614,208,18,190,0.08653846153846154,1.0,3.691444997826059,197,7,190,0.03553299492385787,1.0,3.4593689623957795,204,14,190,0.06862745098039216,1.0,1.844505
gaussian,gaussian,250,200,0.7,20,1,204,14,190,192,2,190,0.06862745098039216,1.0,0.010416666666666666,1.0,214,24,190,192,2,190,0.11214953271028037,1.0,0.010416666666666666,1.0,3.5974319452276884,204,14,190,0.06862745098039216,1.0,3.4001564941110214,212,22,190,0.10377358490566038,1.0,3.657038288082498,203,13,190,0.06403940886699508,1.0,3.4319736882119916,209,19,190,0.09090909090909091,1.0,1.746454
gaussian,gaussian,250,200,0.7,20,2,198,8,190,191,1,190,0.04040404040404041,1.0,0.005235602094240838,1.0,215,25,190,191,1,190,0.11627906976744186,1.0,0.005235602094240838,1.0,3.617015783248523,198,8,190,0.04040404040404041,1.0,3.4016031315409583,215,25,190,0.11627906976744186,1.0,3.617015783248523,198,8,190,0.04040404040404041,1.0,3.407531823474386,214,24,190,0.11214953271028037,1.0,1.616944
gaussian,gaussian,250,200,0.7,20,3,199,9,190,191,1,190,0.04522613065326633,1.0,0.005235602094240838,1.0,209,19,190,191,1,190,0.09090909090909091,1.0,0.005235602094240838,1.0,3.6385249591444007,199,9,190,0.04522613065326633,1.0,3.4083141338739957,211,21,190,0.0995260663507109,1.0,3.693322664615078,197,7,190,0.03553299492385787,1.0,3.4700257024783983,206,16,190,0.07766990291262135,1.0,2.061416
gaussian,gaussian,250,200,0.7,20,4,205,15,190,193,3,190,0.07317073170731707,1.0,0.015544041450777202,1.0,226,36,190,195,5,190,0.1592920353982301,1.0,0.02564102564102564,1.0,3.599670684004713,205,15,190,0.07317073170731707,1.0,3.388699088570975,227,37,190,0.16299559471365638,1.0,3.695564519128435,203,13,190,0.06403940886699508,1.0,3.4509917436949555,221,31,190,0.14027149321266968,1.0,1.658789
gaussian,gaussian,250,200,0.7,20,5,203,13,190,190,0,190,0.06403940886699508,1.0,0.0,1.0,215,25,190,190,0,190,0.11627906976744186,1.0,0.0,1.0,3.622059702709347,203,13,190,0.06403940886699508,1.0,3.398422897470707,216,26,190,0.12037037037037036,1.0,3.654288667410307,202,12,190,0.0594059405940594,1.0,3.446971789257658,213,23,190,0.107981220657277,1.0,1.679259
gaussian,gaussian,250,200,0.7,20,6,198,8,190,190,0,190,0.04040404040404041,1.0,0.0,1.0,212,22,190,190,0,190,0.10377358490566038,1.0,0.0,1.0,3.655205287633286,198,8,190,0.04040404040404041,1.0,3.4418389182294,210,20,190,0.09523809523809523,1.0,3.655205287633286,198,8,190,0.04040404040404041,1.0,3.4418389182294,210,20,190,0.09523809523809523,1.0,1.893637
gaussian,gaussian,250,200,0.7,20,7,198,8,190,192,2,190,0.04040404040404041,1.0,0.010416666666666666,1.0,211,21,190,193,3,190,0.0995260663507109,1.0,0.015544041450777202,1.0,3.6112585113488165,198,8,190,0.04040404040404041,1.0,3.3995859011591683,213,23,190,0.107981220657277,1.0,3.677221126907546,195,5,190,0.02564102564102564,1.0,3.4683747672086467,207,17,190,0.0821256038647343,1.0,1.708989
gaussian,gaussian,250,200,0.7,20,8,200,10,190,192,2,190,0.05,1.0,0.010416666666666666,1.0,215,25,190,193,3,190,0.11627906976744186,1.0,0.015544041450777202,1.0,3.613663765819325,200,10,190,0.05,1.0,3.3965582379265173,214,24,190,0.11214953271028037,1.0,3.6497248525406394,199,9,190,0.04522613065326633,1.0,3.4502816514543193,209,19,190,0.09090909090909091,1.0,1.658781
gaussian,gaussian,250,200,0.7,20,9,204,14,190,190,0,190,0.06862745098039216,1.0,0.0,1.0,216,26,190,191,1,190,0.12037037037037036,1.0,0.005235602094240838,1.0,3.618089175664155,204,14,190,0.06862745098039216,1.0,3.394503485899449,217,27,190,0.12442396313364056,1.0,3.6621608127035685,203,13,190,0.06403940886699508,1.0,3.4409665623877137,212,22,190,0.10377358490566038,1.0,1.958572
gaussian,gaussian,250,200,0.7,20,10,197,7,190,190,0,190,0.03553299492385787,1.0,0.0,1.0,211,21,190,190,0,190,0.0995260663507109,1.0,0.0,1.0,3.6294482087576783,197,7,190,0.03553299492385787,1.0,3.4049200435567917,210,20,190,0.09523809523809523,1.0,3.6294482087576783,197,7,190,0.03553299492385787,1.0,3.416162727216973,208,18,190,0.08653846153846154,1.0,1.681698
gaussian,gaussian,250,200,0.7,20,11,202,12,190,190,0,190,0.0594059405940594,1.0,0.0,1.0,213,23,190,192,2,190,0.107981220657277,1.0,0.010416666666666666,1.0,3.5920704399784205,205,15,190,0.07317073170731707,1.0,3.435343709716826,213,23,190,0.107981220657277,1.0,3.6799382856951097,200,10,190,0.05,1.0,3.4439090271044432,212,22,190,0.10377358490566038,1.0,1.622857
gaussian,gaussian,250,200,0.7,20,12,206,16,190,191,1,190,0.07766990291262135,1.0,0.005235602094240838,1.0,222,32,190,191,1,190,0.14414414414414414,1.0,0.005235602094240838,1.0,3.597929061849877,206,16,190,0.07766990291262135,1.0,3.386740805771499,222,32,190,0.14414414414414414,1.0,3.6837767585745045,200,10,190,0.05,1.0,3.44729480623721,219,29,190,0.1324200913242009,1.0,1.847935
gaussian,gaussian,250,200,0.7,20,13,202,12,190,192,2,190,0.0594059405940594,1.0,0.010416666666666666,1.0,210,20,190,193,3,190,0.09523809523809523,1.0,0.015544041450777202,1.0,3.5925057389371617,205,15,190,0.07317073170731707,1.0,3.413499938232313,210,20,190,0.09523809523809523,1.0,3.6503260217724605,201,11,190,0.05472636815920398,1.0,3.4673012411701585,208,18,190,0.08653846153846154,1.0,1.654123
gaussian,gaussian,250,200,0.7,20,14,200,10,190,192,2,190,0.05,1.0,0.010416666666666666,1.0,212,22,190,193,3,190,0.10377358490566038,1.0,0.015544041450777202,1.0,3.61909393998863,199,9,190,0.04522613065326633,1.0,3.399012673176084,212,22,190,0.10377358490566038,1.0,3.6795307647692526,198,8,190,0.04040404040404041,1.0,3.4233959840854196,209,19,190,0.09090909090909091,1.0,1.591148
gaussian,gaussian,250,200,0.7,20,15,200,10,190,190,0,190,0.05,1.0,0.0,1.0,209,19,190,193,3,190,0.09090909090909091,1.0,0.015544041450777202,1.0,3.651978245417996,200,10,190,0.05,1.0,3.4272909938122,209,19,190,0.09090909090909091,1.0,3.651978245417996,200,10,190,0.05,1.0,3.4567422040024964,206,16,190,0.07766990291262135,1.0,2.053268
gaussian,gaussian,250,200,0.7,20,16,205,15,190,190,0,190,0.07317073170731707,1.0,0.0,1.0,214,24,190,191,1,190,0.11214953271028037,1.0,0.005235602094240838,1.0,3.6091496236288365,205,15,190,0.07317073170731707,1.0,3.3981772529135963,215,25,190,0.11627906976744186,1.0,3.675463230708233,200,10,190,0.05,1.0,3.4396320237328157,211,21,190,0.0995260663507109,1.0,1.698563
gaussian,gaussian,250,200,0.7,20,17,205,15,190,194,4,190,0.07317073170731707,1.0,0.020618556701030927,1.0,217,27,190,196,6,190,0.12442396313364056,1.0,0.030612244897959183,1.0,3.6125507213540797,206,16,190,0.07766990291262135,1.0,3.4317975928980613,217,27,190,0.12442396313364056,1.0,3.637444572651242,205,15,190,0.07317073170731707,1.0,3.4317975928980613,217,27,190,0.12442396313364056,1.0,1.693389
gaussian,gaussian,250,200,0.7,20,18,202,12,190,190,0,190,0.0594059405940594,1.0,0.0,1.0,215,25,190,192,2,190,0.11627906976744186,1.0,0.010416666666666666,1.0,3.606107285693741,202,12,190,0.0594059405940594,1.0,3.4040650997092774,212,22,190,0.10377358490566038,1.0,3.6541529766022043,201,11,190,0.05472636815920398,1.0,3.4305154822930715,209,19,190,0.09090909090909091,1.0,1.702883
gaussian,gaussian,250,200,0.7,20,19,198,8,190,190,0,190,0.04040404040404041,1.0,0.0,1.0,207,17,190,192,2,190,0.0821256038647343,1.0,0.010416666666666666,1.0,3.6107958531063726,198,8,190,0.04040404040404041,1.0,3.4088536951007558,208,18,190,0.08653846153846154,1.0,3.697212511292246,197,7,190,0.03553299492385787,1.0,3.4379738232052883,206,16,190,0.07766990291262135,1.0,1.756154
gaussian,gaussian,250,200,0.7,20,20,201,11,190,191,1,190,0.05472636815920398,1.0,0.005235602094240838,1.0,212,22,190,192,2,190,0.10377358490566038,1.0,0.010416666666666666,1.0,3.6389876538105286,201,11,190,0.05472636815920398,1.0,3.407649778099937,212,22,190,0.10377358490566038,1.0,3.6389876538105286,201,11,190,0.05472636815920398,1.0,3.421004475769885,211,21,190,0.0995260663507109,1.0,1.782225
gaussian,gaussian,250,200,0.7,20,21,201,11,190,190,0,190,0.05472636815920398,1.0,0.0,1.0,218,28,190,190,0,190,0.12844036697247707,1.0,0.0,1.0,3.599771466490393,201,11,190,0.05472636815920398,1.0,3.3927183677625896,220,30,190,0.13636363636363635,1.0,3.7045758384968037,197,7,190,0.03553299492385787,1.0,3.4519026154923798,215,25,190,0.11627906976744186,1.0,1.830211
gaussian,gaussian,250,200,0.7,20,22,207,17,190,191,1,190,0.0821256038647343,1.0,0.005235602094240838,1.0,220,30,190,192,2,190,0.13636363636363635,1.0,0.010416666666666666,1.0,3.589631832851543,208,18,190,0.08653846153846154,1.0,3.387157548795822,222,32,190,0.14414414414414414,1.0,3.6685906270629434,201,11,190,0.05472636815920398,1.0,3.423172064401946,220,30,190,0.13636363636363635,1.0,1.765645
gaussian,gaussian,250,200,0.7,20,23,197,7,190,192,2,190,0.03553299492385787,1.0,0.010416666666666666,1.0,209,19,190,192,2,190,0.09090909090909091,1.0,0.010416666666666666,1.0,3.6460923314199265,197,7,190,0.03553299492385787,1.0,3.407242288249265,210,20,190,0.09523809523809523,1.0,3.695944110879326,196,6,190,0.030612244897959183,1.0,3.4656444602884595,207,17,190,0.0821256038647343,1.0,1.654589
gaussian,gaussian,250,200,0.7,20,24,203,13,190,191,1,190,0.06403940886699508,1.0,0.005235602094240838,1.0,223,33,190,193,3,190,0.14798206278026907,1.0,0.015544041450777202,1.0,3.599839954929991,202,12,190,0.0594059405940594,1.0,3.395820802087061,218,28,190,0.12844036697247707,1.0,3.599839954929991,202,12,190,0.0594059405940594,1.0,3.395820802087061,218,28,190,0.12844036697247707,1.0,1.714793
gaussian,gaussian,250,200,0.7,20,25,200,10,190,192,2,190,0.05,1.0,0.010416666666666666,1.0,209,19,190,194,4,190,0.09090909090909091,1.0,0.020618556701030927,1.0,3.6005094888786844,198,8,190,0.04040404040404041,1.0,3.441041956063451,208,18,190,0.08653846153846154,1.0,3.638984574920357,197,7,190,0.03553299492385787,1.0,3.441041956063451,208,18,190,0.08653846153846154,1.0,1.72406
gaussian,gaussian,250,200,0.7,20,26,199,9,190,190,0,190,0.04522613065326633,1.0,0.0,1.0,212,22,190,192,2,190,0.10377358490566038,1.0,0.010416666666666666,1.0,3.6593190095747103,199,9,190,0.04522613065326633,1.0,3.3991635961396027,214,24,190,0.11214953271028037,1.0,3.6593190095747103,199,9,190,0.04522613065326633,1.0,3.454218440923981,208,18,190,0.08653846153846154,1.0,1.733745
gaussian,gaussian,250,200,0.7,20,27,195,5,190,191,1,190,0.02564102564102564,1.0,0.005235602094240838,1.0,206,16,190,191,1,190,0.07766990291262135,1.0,0.005235602094240838,1.0,3.6838588901902236,195,5,190,0.02564102564102564,1.0,3.414080290077481,206,16,190,0.07766990291262135,1.0,3.6838588901902236,195,5,190,0.02564102564102564,1.0,3.4240187486827764,205,15,190,0.07317073170731707,1.0,1.853155
gaussian,gaussian,250,200,0.7,20,28,203,13,190,192,2,190,0.06403940886699508,1.0,0.010416666666666666,1.0,211,21,190,193,3,190,0.0995260663507109,1.0,0.015544041450777202,1.0,3.6398321685408876,203,13,190,0.06403940886699508,1.0,3.400664995639522,211,21,190,0.0995260663507109,1.0,3.6617631629450424,202,12,190,0.0594059405940594,1.0,3.4972763176603636,207,17,190,0.0821256038647343,1.0,1.664955
gaussian,gaussian,250,200,0.7,20,29,200,10,190,191,1,190,0.05,1.0,0.005235602094240838,1.0,208,18,190,191,1,190,0.08653846153846154,1.0,0.005235602094240838,1.0,3.6182239015146265,200,10,190,0.05,1.0,3.405522260619266,208,18,190,0.08653846153846154,1.0,3.6536972864937263,197,7,190,0.03553299492385787,1.0,3.4491633545687566,205,15,190,0.07317073170731707,1.0,1.699745
gaussian,gaussian,250,200,0.7,20,30,207,17,190,191,1,190,0.0821256038647343,1.0,0.005235602094240838,1.0,219,29,190,191,1,190,0.1324200913242009,1.0,0.005235602094240838,1.0,3.5975731846346912,208,18,190,0.08653846153846154,1.0,3.3997798214047625,219,29,190,0.1324200913242009,1.0,3.644791103441907,205,15,190,0.07317073170731707,1.0,3.442401898206865,217,27,190,0.12442396313364056,1.0,1.701224
gaussian,gaussian,250,200,0.7,20,31,197,7,190,191,1,190,0.03553299492385787,1.0,0.005235602094240838,1.0,207,17,190,191,1,190,0.0821256038647343,1.0,0.005235602094240838,1.0,3.6474978750273825,196,6,190,0.030612244897959183,1.0,3.4030822469956896,208,18,190,0.08653846153846154,1.0,3.6474978750273825,196,6,190,0.030612244897959183,1.0,3.4209493587728637,206,16,190,0.07766990291262135,1.0,1.730473
gaussian,gaussian,250,200,0.7,20,32,198,8,190,190,0,190,0.04040404040404041,1.0,0.0,1.0,208,18,190,192,2,190,0.08653846153846154,1.0,0.010416666666666666,1.0,3.603666213571004,198,8,190,0.04040404040404041,1.0,3.417712872645268,208,18,190,0.08653846153846154,1.0,3.6468123369825642,197,7,190,0.03553299492385787,1.0,3.4372936699919205,207,17,190,0.0821256038647343,1.0,1.702575
gaussian,gaussian,250,200,0.7,20,33,197,7,190,190,0,190,0.03553299492385787,1.0,0.0,1.0,212,22,190,191,1,190,0.10377358490566038,1.0,0.005235602094240838,1.0,3.6976139622280435,197,7,190,0.03553299492385787,1.0,3.4196304104655457,212,22,190,0.10377358490566038,1.0,3.6976139622280435,197,7,190,0.03553299492385787,1.0,3.4196304104655457,212,22,190,0.10377358490566038,1.0,1.86736
gaussian,gaussian,250,200,0.7,20,34,203,13,190,191,1,190,0.06403940886699508,1.0,0.005235602094240838,1.0,209,19,190,191,1,190,0.09090909090909091,1.0,0.005235602094240838,1.0,3.63473333544862,204,14,190,0.06862745098039216,1.0,3.4813741022508014,209,19,190,0.09090909090909091,1.0,3.63473333544862,204,14,190,0.06862745098039216,1.0,3.4813741022508014,209,19,190,0.09090909090909091,1.0,1.640395
gaussian,gaussian,250,200,0.7,20,35,197,7,190,192,2,190,0.03553299492385787,1.0,0.010416666666666666,1.0,210,20,190,192,2,190,0.09523809523809523,1.0,0.010416666666666666,1.0,3.6366379844142274,196,6,190,0.030612244897959183,1.0,3.410769644053029,210,20,190,0.09523809523809523,1.0,3.6366379844142274,196,6,190,0.030612244897959183,1.0,3.426556573595309,208,18,190,0.08653846153846154,1.0,1.771924
gaussian,gaussian,250,200,0.7,20,36,201,11,190,190,0,190,0.05472636815920398,1.0,0.0,1.0,211,21,190,191,1,190,0.0995260663507109,1.0,0.005235602094240838,1.0,3.600119641152251,202,12,190,0.0594059405940594,1.0,3.3967218684261278,217,27,190,0.12442396313364056,1.0,3.6986384033687605,200,10,190,0.05,1.0,3.4489618006622305,209,19,190,0.09090909090909091,1.0,1.817568
gaussian,gaussian,250,200,0.7,20,37,206,16,190,194,4,190,0.07766990291262135,1.0,0.020618556701030927,1.0,226,36,190,196,6,190,0.1592920353982301,1.0,0.030612244897959183,1.0,3.6986433367289626,206,16,190,0.07766990291262135,1.0,3.382650606761316,227,37,190,0.16299559471365638,1.0,3.6986433367289626,206,16,190,0.07766990291262135,1.0,3.4453380157082485,222,32,190,0.14414414414414414,1.0,1.907543
gaussian,gaussian,250,200,0.7,20,38,199,9,190,190,0,190,0.04522613065326633,1.0,0.0,1.0,204,14,190,191,1,190,0.06862745098039216,1.0,0.005235602094240838,1.0,3.609944478345735,199,9,190,0.04522613065326633,1.0,3.462414971877907,204,14,190,0.06862745098039216,1.0,3.650745660771525,198,8,190,0.04040404040404041,1.0,3.462414971877907,204,14,190,0.06862745098039216,1.0,2.112592
gaussian,gaussian,250,200,0.7,20,39,202,12,190,191,1,190,0.0594059405940594,1.0,0.005235602094240838,1.0,214,24,190,193,3,190,0.11214953271028037,1.0,0.015544041450777202,1.0,3.6195364018978595,201,11,190,0.05472636815920398,1.0,3.404609422636439,214,24,190,0.11214953271028037,1.0,3.6610463427497195,200,10,190,0.05,1.0,3.439425285558616,212,22,190,0.10377358490566038,1.0,1.726362
gaussian,gaussian,250,200,0.7,20,40,201,11,190,192,2,190,0.05472636815920398,1.0,0.010416666666666666,1.0,212,22,190,194,4,190,0.10377358490566038,1.0,0.020618556701030927,1.0,3.5993874292101484,201,11,190,0.05472636815920398,1.0,3.431353958949828,212,22,190,0.10377358490566038,1.0,3.6521747715709245,200,10,190,0.05,1.0,3.431353958949828,212,22,190,0.10377358490566038,1.0,1.65569
gaussian,gaussian,250,200,0.7,20,41,200,10,190,191,1,190,0.05,1.0,0.005235602094240838,1.0,209,19,190,192,2,190,0.09090909090909091,1.0,0.010416666666666666,1.0,3.613692176755302,201,11,190,0.05472636815920398,1.0,3.4042822905129464,210,20,190,0.09523809523809523,1.0,3.6461630968749037,199,9,190,0.04522613065326633,1.0,3.436740424578354,207,17,190,0.0821256038647343,1.0,1.969345
gaussian,gaussian,250,200,0.7,20,42,202,12,190,190,0,190,0.0594059405940594,1.0,0.0,1.0,214,24,190,190,0,190,0.11214953271028037,1.0,0.0,1.0,3.6361380174202163,202,12,190,0.0594059405940594,1.0,3.4019548986586567,214,24,190,0.11214953271028037,1.0,3.6700061266662436,199,9,190,0.04522613065326633,1.0,3.4408374784305717,211,21,190,0.0995260663507109,1.0,1.600946
gaussian,gaussian,250,200,0.7,20,43,198,8,190,191,1,190,0.04040404040404041,1.0,0.005235602094240838,1.0,210,20,190,192,2,190,0.09523809523809523,1.0,0.010416666666666666,1.0,3.602267879875672,199,9,190,0.04522613065326633,1.0,3.4086741131329386,213,23,190,0.107981220657277,1.0,3.6512702230996066,196,6,190,0.030612244897959183,1.0,3.4571605236677865,205,15,190,0.07317073170731707,1.0,1.646894
gaussian,gaussian,250,200,0.7,20,44,198,8,190,190,0,190,0.04040404040404041,1.0,0.0,1.0,208,18,190,190,0,190,0.08653846153846154,1.0,0.0,1.0,3.608333380513729,199,9,190,0.04522613065326633,1.0,3.4083418198481907,209,19,190,0.09090909090909091,1.0,3.6597768916018447,197,7,190,0.03553299492385787,1.0,3.4457712533759097,208,18,190,0.08653846153846154,1.0,1.934585
gaussian,gaussian,250,200,0.7,20,45,202,12,190,191,1,190,0.0594059405940594,1.0,0.005235602094240838,1.0,212,22,190,192,2,190,0.10377358490566038,1.0,0.010416666666666666,1.0,3.614546854939569,202,12,190,0.0594059405940594,1.0,3.4026004287630713,213,23,190,0.107981220657277,1.0,3.6981317277652628,201,11,190,0.05472636815920398,1.0,3.45739904507491,210,20,190,0.09523809523809523,1.0,1.659792
gaussian,gaussian,250,200,0.7,20,46,201,11,190,191,1,190,0.05472636815920398,1.0,0.005235602094240838,1.0,207,17,190,192,2,190,0.0821256038647343,1.0,0.010416666666666666,1.0,3.64666602787735,202,12,190,0.0594059405940594,1.0,3.4164381296612434,209,19,190,0.09090909090909091,1.0,3.661993509204806,201,11,190,0.05472636815920398,1.0,3.4536261429382873,207,17,190,0.0821256038647343,1.0,1.660843
gaussian,gaussian,250,200,0.7,20,47,201,11,190,191,1,190,0.05472636815920398,1.0,0.005235602094240838,1.0,214,24,190,192,2,190,0.11214953271028037,1.0,0.010416666666666666,1.0,3.609733019029407,202,12,190,0.0594059405940594,1.0,3.4053280371110244,215,25,190,0.11627906976744186,1.0,3.6430654833645026,199,9,190,0.04522613065326633,1.0,3.4479541754929137,212,22,190,0.10377358490566038,1.0,1.809841
gaussian,gaussian,250,200,0.7,20,48,197,7,190,191,1,190,0.03553299492385787,1.0,0.005235602094240838,1.0,208,18,190,192,2,190,0.08653846153846154,1.0,0.010416666666666666,1.0,3.737813634903661,198,8,190,0.04040404040404041,1.0,3.4280072410642095,207,17,190,0.0821256038647343,1.0,3.737813634903661,198,8,190,0.04040404040404041,1.0,3.4361210482656097,206,16,190,0.07766990291262135,1.0,1.667919
gaussian,gaussian,250,200,0.7,20,49,194,4,190,190,0,190,0.020618556701030927,1.0,0.0,1.0,204,14,190,190,0,190,0.06862745098039216,1.0,0.0,1.0,3.646460790874658,194,4,190,0.020618556701030927,1.0,3.4373908713280055,204,14,190,0.06862745098039216,1.0,3.646460790874658,194,4,190,0.020618556701030927,1.0,3.4448988894055126,202,12,190,0.0594059405940594,1.0,1.68034
gaussian,gaussian,250,200,0.7,20,50,201,11,190,191,1,190,0.05472636815920398,1.0,0.005235602094240838,1.0,221,31,190,193,3,190,0.14027149321266968,1.0,0.015544041450777202,1.0,3.634104130338457,201,11,190,0.05472636815920398,1.0,3.3904440697473475,221,31,190,0.14027149321266968,1.0,3.634104130338457,201,11,190,0.05472636815920398,1.0,3.419897721745013,217,27,190,0.12442396313364056,1.0,1.968825
gaussian,gaussian,250,200,0.7,20,51,201,11,190,191,1,190,0.05472636815920398,1.0,0.005235602094240838,1.0,212,22,190,191,1,190,0.10377358490566038,1.0,0.005235602094240838,1.0,3.642926848977797,201,11,190,0.05472636815920398,1.0,3.419815523002576,212,22,190,0.10377358490566038,1.0,3.642926848977797,201,11,190,0.05472636815920398,1.0,3.4437168582393998,210,20,190,0.09523809523809523,1.0,1.68245
gaussian,gaussian,250,200,0.7,20,52,201,11,190,190,0,190,0.05472636815920398,1.0,0.0,1.0,213,23,190,191,1,190,0.107981220657277,1.0,0.005235602094240838,1.0,3.614434685457055,199,9,190,0.04522613065326633,1.0,3.4329493122695918,213,23,190,0.107981220657277,1.0,3.6715802356535594,198,8,190,0.04040404040404041,1.0,3.4329493122695918,213,23,190,0.107981220657277,1.0,1.579573
gaussian,gaussian,250,200,0.7,20,53,198,8,190,190,0,190,0.04040404040404041,1.0,0.0,1.0,212,22,190,190,0,190,0.10377358490566038,1.0,0.0,1.0,3.6294964949098056,198,8,190,0.04040404040404041,1.0,3.3963287603652756,213,23,190,0.107981220657277,1.0,3.6719114740975796,197,7,190,0.03553299492385787,1.0,3.450543106174164,209,19,190,0.09090909090909091,1.0,1.714815
gaussian,gaussian,250,200,0.7,20,54,198,8,190,190,0,190,0.04040404040404041,1.0,0.0,1.0,213,23,190,191,1,190,0.107981220657277,1.0,0.005235602094240838,1.0,3.6255110197163005,199,9,190,0.04522613065326633,1.0,3.4389532271859786,214,24,190,0.11214953271028037,1.0,3.6255110197163005,199,9,190,0.04522613065326633,1.0,3.4389532271859786,214,24,190,0.11214953271028037,1.0,1.689454
gaussian,gaussian,250,200,0.7,20,55,204,14,190,191,1,190,0.06862745098039216,1.0,0.005235602094240838,1.0,210,20,190,192,2,190,0.09523809523809523,1.0,0.010416666666666666,1.0,3.610169987993621,204,14,190,0.06862745098039216,1.0,3.421506677536424,210,20,190,0.09523809523809523,1.0,3.6183798486379373,203,13,190,0.06403940886699508,1.0,3.4407606771815837,209,19,190,0.09090909090909091,1.0,1.691851
gaussian,gaussian,250,200,0.7,20,56,194,4,190,190,0,190,0.020618556701030927,1.0,0.0,1.0,209,19,190,190,0,190,0.09090909090909091,1.0,0.0,1.0,3.6544895921280283,194,4,190,0.020618556701030927,1.0,3.3997258430929858,210,20,190,0.09523809523809523,1.0,3.7365400226796446,193,3,190,0.015544041450777202,1.0,3.469660967972565,203,13,190,0.06403940886699508,1.0,1.809153
gaussian,gaussian,250,200,0.7,20,57,207,17,190,190,0,190,0.0821256038647343,1.0,0.0,1.0,216,26,190,192,2,190,0.12037037037037036,1.0,0.010416666666666666,1.0,3.588921892673943,208,18,190,0.08653846153846154,1.0,3.4358443305492474,217,27,190,0.12442396313364056,1.0,3.6510857385327604,203,13,190,0.06403940886699508,1.0,3.4358443305492474,217,27,190,0.12442396313364056,1.0,1.754493
gaussian,gaussian,250,200,0.7,20,58,202,12,190,192,2,190,0.0594059405940594,1.0,0.010416666666666666,1.0,212,22,190,193,3,190,0.10377358490566038,1.0,0.015544041450777202,1.0,3.6087397757047763,203,13,190,0.06403940886699508,1.0,3.408406184106732,213,23,190,0.107981220657277,1.0,3.6294859618644733,201,11,190,0.05472636815920398,1.0,3.4398102879385153,211,21,190,0.0995260663507109,1.0,1.591128
gaussian,gaussian,250,200,0.7,20,59,198,8,190,190,0,190,0.04040404040404041,1.0,0.0,1.0,218,28,190,193,3,190,0.12844036697247707,1.0,0.015544041450777202,1.0,3.60484504622378,199,9,190,0.04522613065326633,1.0,3.3930611625477067,217,27,190,0.12442396313364056,1.0,3.6413661021358625,198,8,190,0.04040404040404041,1.0,3.421229444675453,210,20,190,0.09523809523809523,1.0,1.767943
gaussian,gaussian,250,200,0.7,20,60,197,7,190,190,0,190,0.03553299492385787,1.0,0.0,1.0,209,19,190,192,2,190,0.09090909090909091,1.0,0.010416666666666666,1.0,3.6069326390967316,198,8,190,0.04040404040404041,1.0,3.4049928600112835,209,19,190,0.09090909090909091,1.0,3.6815085852360148,195,5,190,0.02564102564102564,1.0,3.4354375162529562,208,18,190,0.08653846153846154,1.0,1.794896
gaussian,gaussian,250,200,0.7,20,61,202,12,190,191,1,190,0.0594059405940594,1.0,0.005235602094240838,1.0,211,21,190,191,1,190,0.0995260663507109,1.0,0.005235602094240838,1.0,3.5953768387961422,202,12,190,0.0594059405940594,1.0,3.4196298146478536,211,21,190,0.0995260663507109,1.0,3.6853855537297555,198,8,190,0.04040404040404041,1.0,3.432890381679536,207,17,190,0.0821256038647343,1.0,1.595161
gaussian,gaussian,250,200,0.7,20,62,198,8,190,191,1,190,0.04040404040404041,1.0,0.005235602094240838,1.0,206,16,190,191,1,190,0.07766990291262135,1.0,0.005235602094240838,1.0,3.656876769707787,198,8,190,0.04040404040404041,1.0,3.456924045547959,204,14,190,0.06862745098039216,1.0,3.656876769707787,198,8,190,0.04040404040404041,1.0,3.456924045547959,204,14,190,0.06862745098039216,1.0,1.848914
gaussian,gaussian,250,200,0.7,20,63,199,9,190,190,0,190,0.04522613065326633,1.0,0.0,1.0,208,18,190,190,0,190,0.08653846153846154,1.0,0.0,1.0,3.6003988753205594,199,9,190,0.04522613065326633,1.0,3.42983471005703,207,17,190,0.0821256038647343,1.0,3.7177744562480375,196,6,190,0.030612244897959183,1.0,3.480069381348478,206,16,190,0.07766990291262135,1.0,1.613551
gaussian,gaussian,250,200,0.7,20,64,204,14,190,191,1,190,0.06862745098039216,1.0,0.005235602094240838,1.0,212,22,190,193,3,190,0.10377358490566038,1.0,0.015544041450777202,1.0,3.711355047170766,203,13,190,0.06403940886699508,1.0,3.402665501549981,212,22,190,0.10377358490566038,1.0,3.711355047170766,203,13,190,0.06403940886699508,1.0,3.426032439238313,211,21,190,0.0995260663507109,1.0,1.682587
gaussian,gaussian,250,200,0.7,20,65,200,10,190,191,1,190,0.05,1.0,0.005235602094240838,1.0,208,18,190,191,1,190,0.08653846153846154,1.0,0.005235602094240838,1.0,3.6217028064545125,200,10,190,0.05,1.0,3.4093965067158023,212,22,190,0.10377358490566038,1.0,3.6618686597361383,196,6,190,0.030612244897959183,1.0,3.474177629507571,207,17,190,0.0821256038647343,1.0,1.734311
gaussian,gaussian,250,200,0.7,20,66,197,7,190,190,0,190,0.03553299492385787,1.0,0.0,1.0,212,22,190,191,1,190,0.10377358490566038,1.0,0.005235602094240838,1.0,3.6004676550358092,199,9,190,0.04522613065326633,1.0,3.3985702722483913,215,25,190,0.11627906976744186,1.0,3.668138572693291,197,7,190,0.03553299492385787,1.0,3.4229774501337036,212,22,190,0.10377358490566038,1.0,1.659049
gaussian,gaussian,250,200,0.7,20,67,196,6,190,190,0,190,0.030612244897959183,1.0,0.0,1.0,207,17,190,191,1,190,0.0821256038647343,1.0,0.005235602094240838,1.0,3.64836131211354,196,6,190,0.030612244897959183,1.0,3.4202936736126683,208,18,190,0.08653846153846154,1.0,3.64836131211354,196,6,190,0.030612244897959183,1.0,3.4202936736126683,208,18,190,0.08653846153846154,1.0,1.692246
gaussian,gaussian,250,200,0.7,20,68,200,10,190,191,1,190,0.05,1.0,0.005235602094240838,1.0,209,19,190,192,2,190,0.09090909090909091,1.0,0.010416666666666666,1.0,3.7062954071686343,201,11,190,0.05472636815920398,1.0,3.4410601259062323,210,20,190,0.09523809523809523,1.0,3.7062954071686343,201,11,190,0.05472636815920398,1.0,3.4410601259062323,210,20,190,0.09523809523809523,1.0,1.87317
gaussian,gaussian,250,200,0.7,20,69,202,12,190,191,1,190,0.0594059405940594,1.0,0.005235602094240838,1.0,217,27,190,191,1,190,0.12442396313364056,1.0,0.005235602094240838,1.0,3.6210650469968146,202,12,190,0.0594059405940594,1.0,3.3895701859658818,219,29,190,0.1324200913242009,1.0,3.6210650469968146,202,12,190,0.0594059405940594,1.0,3.4333002379655206,215,25,190,0.11627906976744186,1.0,1.628594
gaussian,gaussian,250,200,0.7,20,70,201,11,190,190,0,190,0.05472636815920398,1.0,0.0,1.0,213,23,190,191,1,190,0.107981220657277,1.0,0.005235602094240838,1.0,3.6321306696970432,201,11,190,0.05472636815920398,1.0,3.405974131054576,213,23,190,0.107981220657277,1.0,3.6321306696970432,201,11,190,0.05472636815920398,1.0,3.4233936301403856,212,22,190,0.10377358490566038,1.0,1.723087
gaussian,gaussian,250,200,0.7,20,71,204,14,190,192,2,190,0.06862745098039216,1.0,0.010416666666666666,1.0,218,28,190,192,2,190,0.12844036697247707,1.0,0.010416666666666666,1.0,3.6299688731129076,204,14,190,0.06862745098039216,1.0,3.39903117313763,220,30,190,0.13636363636363635,1.0,3.693707967813385,203,13,190,0.06403940886699508,1.0,3.4633751719543344,215,25,190,0.11627906976744186,1.0,1.739153
gaussian,gaussian,250,200,0.7,20,72,206,16,190,192,2,190,0.07766990291262135,1.0,0.010416666666666666,1.0,217,27,190,192,2,190,0.12442396313364056,1.0,0.010416666666666666,1.0,3.608022605642685,206,16,190,0.07766990291262135,1.0,3.4001510306154623,218,28,190,0.12844036697247707,1.0,3.6791702934571395,205,15,190,0.07317073170731707,1.0,3.4387751190273734,215,25,190,0.11627906976744186,1.0,1.576599
gaussian,gaussian,250,200,0.7,20,73,204,14,190,191,1,190,0.06862745098039216,1.0,0.005235602094240838,1.0,220,30,190,192,2,190,0.13636363636363635,1.0,0.010416666666666666,1.0,3.5960419827226024,203,13,190,0.06403940886699508,1.0,3.387447815372386,221,31,190,0.14027149321266968,1.0,3.626824673973728,202,12,190,0.0594059405940594,1.0,3.413266889446986,218,28,190,0.12844036697247707,1.0,1.743855
gaussian,gaussian,250,200,0.7,20,74,203,13,190,193,3,190,0.06403940886699508,1.0,0.015544041450777202,1.0,211,21,190,193,3,190,0.0995260663507109,1.0,0.015544041450777202,1.0,3.594840625015693,203,13,190,0.06403940886699508,1.0,3.431456406961036,211,21,190,0.0995260663507109,1.0,3.6706760476510696,201,11,190,0.05472636815920398,1.0,3.431456406961036,211,21,190,0.0995260663507109,1.0,1.848262
gaussian,gaussian,250,200,0.7,20,75,200,10,190,190,0,190,0.05,1.0,0.0,1.0,209,19,190,191,1,190,0.09090909090909091,1.0,0.005235602094240838,1.0,3.6182807541883535,200,10,190,0.05,1.0,3.4039641665348204,210,20,190,0.09523809523809523,1.0,3.6732170406523017,194,4,190,0.020618556701030927,1.0,3.4589106303412582,205,15,190,0.07317073170731707,1.0,1.706064
gaussian,gaussian,250,200,0.7,20,76,198,8,190,190,0,190,0.04040404040404041,1.0,0.0,1.0,215,25,190,190,0,190,0.11627906976744186,1.0,0.0,1.0,3.6359566108802532,198,8,190,0.04040404040404041,1.0,3.405468702101197,216,26,190,0.12037037037037036,1.0,3.7696003588853024,195,5,190,0.02564102564102564,1.0,3.4413552374174508,215,25,190,0.11627906976744186,1.0,1.772743
gaussian,gaussian,250,200,0.7,20,77,198,8,190,191,1,190,0.04040404040404041,1.0,0.005235602094240838,1.0,210,20,190,191,1,190,0.09523809523809523,1.0,0.005235602094240838,1.0,3.670698656737356,198,8,190,0.04040404040404041,1.0,3.408964370173198,210,20,190,0.09523809523809523,1.0,3.670698656737356,198,8,190,0.04040404040404041,1.0,3.4561921734946894,204,14,190,0.06862745098039216,1.0,1.697453
gaussian,gaussian,250,200,0.7,20,78,203,13,190,193,3,190,0.06403940886699508,1.0,0.015544041450777202,1.0,211,21,190,193,3,190,0.0995260663507109,1.0,0.015544041450777202,1.0,3.641494171481585,203,13,190,0.06403940886699508,1.0,3.4056059628462094,212,22,190,0.10377358490566038,1.0,3.641494171481585,203,13,190,0.06403940886699508,1.0,3.4532491388231477,209,19,190,0.09090909090909091,1.0,1.66491
gaussian,gaussian,250,200,0.7,20,79,198,8,190,190,0,190,0.04040404040404041,1.0,0.0,1.0,206,16,190,190,0,190,0.07766990291262135,1.0,0.0,1.0,3.610832132926352,199,9,190,0.04522613065326633,1.0,3.4127524751612817,209,19,190,0.09090909090909091,1.0,3.66759092328696,198,8,190,0.04040404040404041,1.0,3.464500072000186,206,16,190,0.07766990291262135,1.0,1.610441
gaussian,gaussian,250,200,0.7,20,80,200,10,190,190,0,190,0.05,1.0,0.0,1.0,203,13,190,190,0,190,0.06403940886699508,1.0,0.0,1.0,3.600193635373205,199,9,190,0.04522613065326633,1.0,3.4229165780084343,203,13,190,0.06403940886699508,1.0,3.6279897898965396,197,7,190,0.03553299492385787,1.0,3.4581352327836106,202,12,190,0.0594059405940594,1.0,2.014326
gaussian,gaussian,250,200,0.7,20,81,202,12,190,192,2,190,0.0594059405940594,1.0,0.010416666666666666,1.0,217,27,190,192,2,190,0.12442396313364056,1.0,0.010416666666666666,1.0,3.610611066737588,199,9,190,0.04522613065326633,1.0,3.394603913225471,215,25,190,0.11627906976744186,1.0,3.6859825092250014,197,7,190,0.03553299492385787,1.0,3.422649500922365,212,22,190,0.10377358490566038,1.0,1.600915
gaussian,gaussian,250,200,0.7,20,82,204,14,190,192,2,190,0.06862745098039216,1.0,0.010416666666666666,1.0,215,25,190,193,3,190,0.11627906976744186,1.0,0.015544041450777202,1.0,3.603871959762612,201,11,190,0.05472636815920398,1.0,3.406331684118042,214,24,190,0.11214953271028037,1.0,3.643193038219635,200,10,190,0.05,1.0,3.426946945223864,213,23,190,0.107981220657277,1.0,1.740999
gaussian,gaussian,250,200,0.7,20,83,211,21,190,192,2,190,0.0995260663507109,1.0,0.010416666666666666,1.0,226,36,190,194,4,190,0.1592920353982301,1.0,0.020618556701030927,1.0,3.591141864373815,211,21,190,0.0995260663507109,1.0,3.3807788270351913,226,36,190,0.1592920353982301,1.0,3.6187198327412715,208,18,190,0.08653846153846154,1.0,3.4178728434462005,222,32,190,0.14414414414414414,1.0,1.783608
gaussian,gaussian,250,200,0.7,20,84,199,9,190,190,0,190,0.04522613065326633,1.0,0.0,1.0,207,17,190,190,0,190,0.0821256038647343,1.0,0.0,1.0,3.631420144403701,199,9,190,0.04522613065326633,1.0,3.461220500401676,207,17,190,0.0821256038647343,1.0,3.7420844829905775,196,6,190,0.030612244897959183,1.0,3.461220500401676,207,17,190,0.0821256038647343,1.0,1.573621
gaussian,gaussian,250,200,0.7,20,85,209,19,190,192,2,190,0.09090909090909091,1.0,0.010416666666666666,1.0,227,37,190,193,3,190,0.16299559471365638,1.0,0.015544041450777202,1.0,3.6069062680703197,209,19,190,0.09090909090909091,1.0,3.38382686188316,228,38,190,0.16666666666666666,1.0,3.6507947787408845,205,15,190,0.07317073170731707,1.0,3.4360300374389494,224,34,190,0.15178571428571427,1.0,1.803833
gaussian,gaussian,250,200,0.7,20,86,203,13,190,191,1,190,0.06403940886699508,1.0,0.005235602094240838,1.0,215,25,190,192,2,190,0.11627906976744186,1.0,0.010416666666666666,1.0,3.613040771747731,202,12,190,0.0594059405940594,1.0,3.401386903334365,214,24,190,0.11214953271028037,1.0,3.6568386906368295,201,11,190,0.05472636815920398,1.0,3.4315298868833657,211,21,190,0.0995260663507109,1.0,1.835327
gaussian,gaussian,250,200,0.7,20,87,207,17,190,193,3,190,0.0821256038647343,1.0,0.015544041450777202,1.0,221,31,190,194,4,190,0.14027149321266968,1.0,0.020618556701030927,1.0,3.5991572412679003,206,16,190,0.07766990291262135,1.0,3.3945522888528794,220,30,190,0.13636363636363635,1.0,3.6759460272449784,204,14,190,0.06862745098039216,1.0,3.413198109119984,219,29,190,0.1324200913242009,1.0,1.6911
gaussian,gaussian,250,200,0.7,20,88,204,14,190,191,1,190,0.06862745098039216,1.0,0.005235602094240838,1.0,214,24,190,192,2,190,0.11214953271028037,1.0,0.010416666666666666,1.0,3.6107100320646768,204,14,190,0.06862745098039216,1.0,3.3951426069450377,216,26,190,0.12037037037037036,1.0,3.6781995636391067,201,11,190,0.05472636815920398,1.0,3.4610364843627544,214,24,190,0.11214953271028037,1.0,1.641336
gaussian,gaussian,250,200,0.7,20,89,199,9,190,191,1,190,0.04522613065326633,1.0,0.005235602094240838,1.0,208,18,190,191,1,190,0.08653846153846154,1.0,0.005235602094240838,1.0,3.6125952578048004,199,9,190,0.04522613065326633,1.0,3.419536697591328,208,18,190,0.08653846153846154,1.0,3.662844001375418,198,8,190,0.04040404040404041,1.0,3.4316402831733863,207,17,190,0.0821256038647343,1.0,1.734351
gaussian,gaussian,250,200,0.7,20,90,201,11,190,190,0,190,0.05472636815920398,1.0,0.0,1.0,212,22,190,191,1,190,0.10377358490566038,1.0,0.005235602094240838,1.0,3.6060383861760794,202,12,190,0.0594059405940594,1.0,3.3996543876842624,213,23,190,0.107981220657277,1.0,3.740083358385346,198,8,190,0.04040404040404041,1.0,3.4388147809713026,212,22,190,0.10377358490566038,1.0,1.711828
gaussian,gaussian,250,200,0.7,20,91,195,5,190,191,1,190,0.02564102564102564,1.0,0.005235602094240838,1.0,209,19,190,192,2,190,0.09090909090909091,1.0,0.010416666666666666,1.0,3.6245810658878455,195,5,190,0.02564102564102564,1.0,3.422682928747718,207,17,190,0.0821256038647343,1.0,3.929131359215614,194,4,190,0.020618556701030927,1.0,3.4349317754563913,206,16,190,0.07766990291262135,1.0,1.679166
gaussian,gaussian,250,200,0.7,20,92,200,10,190,192,2,190,0.05,1.0,0.010416666666666666,1.0,210,20,190,192,2,190,0.09523809523809523,1.0,0.010416666666666666,1.0,3.6050878609839736,200,10,190,0.05,1.0,3.41165891283837,210,20,190,0.09523809523809523,1.0,3.6969080413620823,198,8,190,0.04040404040404041,1.0,3.4545403310015863,207,17,190,0.0821256038647343,1.0,1.806097
gaussian,gaussian,250,200,0.7,20,93,197,7,190,192,2,190,0.03553299492385787,1.0,0.010416666666666666,1.0,203,13,190,193,3,190,0.06403940886699508,1.0,0.015544041450777202,1.0,3.638830986806219,197,7,190,0.03553299492385787,1.0,3.4285803645535045,203,13,190,0.06403940886699508,1.0,3.6990038230228897,195,5,190,0.02564102564102564,1.0,3.472935935521652,202,12,190,0.0594059405940594,1.0,1.664612
gaussian,gaussian,250,200,0.7,20,94,204,14,190,192,2,190,0.06862745098039216,1.0,0.010416666666666666,1.0,218,28,190,193,3,190,0.12844036697247707,1.0,0.015544041450777202,1.0,3.6198560769020856,204,14,190,0.06862745098039216,1.0,3.3914640884864142,218,28,190,0.12844036697247707,1.0,3.6788671148568004,201,11,190,0.05472636815920398,1.0,3.453938000063729,211,21,190,0.0995260663507109,1.0,1.708703
gaussian,gaussian,250,200,0.7,20,95,200,10,190,190,0,190,0.05,1.0,0.0,1.0,212,22,190,190,0,190,0.10377358490566038,1.0,0.0,1.0,3.6123573469251826,199,9,190,0.04522613065326633,1.0,3.4014835289869456,211,21,190,0.0995260663507109,1.0,3.6377537167205625,198,8,190,0.04040404040404041,1.0,3.4284970369111036,209,19,190,0.09090909090909091,1.0,1.62535
gaussian,gaussian,250,200,0.7,20,96,199,9,190,192,2,190,0.04522613065326633,1.0,0.010416666666666666,1.0,207,17,190,193,3,190,0.0821256038647343,1.0,0.015544041450777202,1.0,3.615722873333004,199,9,190,0.04522613065326633,1.0,3.4062371372192213,207,17,190,0.0821256038647343,1.0,3.6625859596199173,198,8,190,0.04040404040404041,1.0,3.452685312341777,204,14,190,0.06862745098039216,1.0,1.753176
gaussian,gaussian,250,200,0.7,20,97,207,17,190,193,3,190,0.0821256038647343,1.0,0.015544041450777202,1.0,219,29,190,194,4,190,0.1324200913242009,1.0,0.020618556701030927,1.0,3.6089097215022594,206,16,190,0.07766990291262135,1.0,3.4017500128206555,218,28,190,0.12844036697247707,1.0,3.6751072160389486,203,13,190,0.06403940886699508,1.0,3.451605036161758,213,23,190,0.107981220657277,1.0,1.648556
gaussian,gaussian,250,200,0.7,20,98,203,13,190,191,1,190,0.06403940886699508,1.0,0.005235602094240838,1.0,217,27,190,191,1,190,0.12442396313364056,1.0,0.005235602094240838,1.0,3.596948463435262,203,13,190,0.06403940886699508,1.0,3.3977787603690044,217,27,190,0.12442396313364056,1.0,3.6476786909072976,201,11,190,0.05472636815920398,1.0,3.446553162781371,212,22,190,0.10377358490566038,1.0,1.773024
gaussian,gaussian,250,200,0.7,20,99,199,9,190,190,0,190,0.04522613065326633,1.0,0.0,1.0,215,25,190,191,1,190,0.11627906976744186,1.0,0.005235602094240838,1.0,3.6237209849521466,199,9,190,0.04522613065326633,1.0,3.4032669939214446,216,26,190,0.12037037037037036,1.0,3.6314513474696124,198,8,190,0.04040404040404041,1.0,3.4184725972207852,215,25,190,0.11627906976744186,1.0,1.723192
gaussian,gaussian,250,200,0.7,20,100,206,16,190,191,1,190,0.07766990291262135,1.0,0.005235602094240838,1.0,217,27,190,192,2,190,0.12442396313364056,1.0,0.010416666666666666,1.0,3.597790478760251,206,16,190,0.07766990291262135,1.0,3.421599390998653,217,27,190,0.12442396313364056,1.0,3.6357786040356577,203,13,190,0.06403940886699508,1.0,3.421599390998653,217,27,190,0.12442396313364056,1.0,1.703596
gaussian,gaussian,250,200,0.7,20,101,204,14,190,193,3,190,0.06862745098039216,1.0,0.015544041450777202,1.0,218,28,190,194,4,190,0.12844036697247707,1.0,0.020618556701030927,1.0,3.611303301943485,204,14,190,0.06862745098039216,1.0,3.3882769918157964,223,33,190,0.14798206278026907,1.0,3.709168972684673,202,12,190,0.0594059405940594,1.0,3.4564828852317757,215,25,190,0.11627906976744186,1.0,1.650647
gaussian,gaussian,250,200,0.7,20,102,199,9,190,191,1,190,0.04522613065326633,1.0,0.005235602094240838,1.0,208,18,190,192,2,190,0.08653846153846154,1.0,0.010416666666666666,1.0,3.6200998212069297,199,9,190,0.04522613065326633,1.0,3.4080032606542763,210,20,190,0.09523809523809523,1.0,3.6649633995436415,198,8,190,0.04040404040404041,1.0,3.4902827073567275,206,16,190,0.07766990291262135,1.0,1.650763
gaussian,gaussian,250,200,0.7,20,103,199,9,190,190,0,190,0.04522613065326633,1.0,0.0,1.0,211,21,190,193,3,190,0.0995260663507109,1.0,0.015544041450777202,1.0,3.6427277406793004,200,10,190,0.05,1.0,3.401798976194465,210,20,190,0.09523809523809523,1.0,3.6427277406793004,200,10,190,0.05,1.0,3.4310063666613675,207,17,190,0.0821256038647343,1.0,1.803209
gaussian,gaussian,250,200,0.7,20,104,199,9,190,190,0,190,0.04522613065326633,1.0,0.0,1.0,213,23,190,191,1,190,0.107981220657277,1.0,0.005235602094240838,1.0,3.6224337475057693,200,10,190,0.05,1.0,3.436522070089737,213,23,190,0.107981220657277,1.0,3.654835709403878,198,8,190,0.04040404040404041,1.0,3.436522070089737,213,23,190,0.107981220657277,1.0,1.710057
gaussian,gaussian,250,200,0.7,20,105,196,6,190,190,0,190,0.030612244897959183,1.0,0.0,1.0,206,16,190,191,1,190,0.07766990291262135,1.0,0.005235602094240838,1.0,3.6235674451328275,196,6,190,0.030612244897959183,1.0,3.415281854643595,205,15,190,0.07317073170731707,1.0,3.648845571710315,195,5,190,0.02564102564102564,1.0,3.444969416804404,203,13,190,0.06403940886699508,1.0,1.697188
gaussian,gaussian,250,200,0.7,20,106,197,7,190,190,0,190,0.03553299492385787,1.0,0.0,1.0,210,20,190,191,1,190,0.09523809523809523,1.0,0.005235602094240838,1.0,3.601498396295248,198,8,190,0.04040404040404041,1.0,3.413273951586307,209,19,190,0.09090909090909091,1.0,3.736518170510353,197,7,190,0.03553299492385787,1.0,3.4560184386892088,204,14,190,0.06862745098039216,1.0,1.752985
gaussian,gaussian,250,200,0.7,20,107,195,5,190,191,1,190,0.02564102564102564,1.0,0.005235602094240838,1.0,206,16,190,192,2,190,0.07766990291262135,1.0,0.010416666666666666,1.0,3.692986624734452,195,5,190,0.02564102564102564,1.0,3.4071717561013255,209,19,190,0.09090909090909091,1.0,3.692986624734452,195,5,190,0.02564102564102564,1.0,3.4679176481341734,205,15,190,0.07317073170731707,1.0,1.652349
gaussian,gaussian,250,200,0.7,20,108,204,14,190,190,0,190,0.06862745098039216,1.0,0.0,1.0,217,27,190,192,2,190,0.12442396313364056,1.0,0.010416666666666666,1.0,3.6124960798021006,204,14,190,0.06862745098039216,1.0,3.3910159941296496,217,27,190,0.12442396313364056,1.0,3.6705762128975423,203,13,190,0.06403940886699508,1.0,3.437318821747739,215,25,190,0.11627906976744186,1.0,1.623062
gaussian,gaussian,250,200,0.7,20,109,197,7,190,193,3,190,0.03553299492385787,1.0,0.015544041450777202,1.0,207,17,190,193,3,190,0.0821256038647343,1.0,0.015544041450777202,1.0,3.606126281060907,198,8,190,0.04040404040404041,1.0,3.4590490214585103,208,18,190,0.08653846153846154,1.0,3.6641633922257792,197,7,190,0.03553299492385787,1.0,3.4590490214585103,208,18,190,0.08653846153846154,1.0,1.780732
gaussian,gaussian,250,200,0.7,20,110,197,7,190,190,0,190,0.03553299492385787,1.0,0.0,1.0,207,17,190,190,0,190,0.0821256038647343,1.0,0.0,1.0,3.700246842331673,196,6,190,0.030612244897959183,1.0,3.4165665809784307,207,17,190,0.0821256038647343,1.0,3.700246842331673,196,6,190,0.030612244897959183,1.0,3.4670252456948685,206,16,190,0.07766990291262135,1.0,1.811118
gaussian,gaussian,250,200,0.7,20,111,202,12,190,190,0,190,0.0594059405940594,1.0,0.0,1.0,217,27,190,190,0,190,0.12442396313364056,1.0,0.0,1.0,3.6059574294260424,202,12,190,0.0594059405940594,1.0,3.407495843365951,214,24,190,0.11214953271028037,1.0,3.636403205482547,199,9,190,0.04522613065326633,1.0,3.407495843365951,214,24,190,0.11214953271028037,1.0,1.63215
gaussian,gaussian,250,200,0.7,20,112,205,15,190,190,0,190,0.07317073170731707,1.0,0.0,1.0,214,24,190,194,4,190,0.11214953271028037,1.0,0.020618556701030927,1.0,3.5999570192517685,205,15,190,0.07317073170731707,1.0,3.4029325063331317,214,24,190,0.11214953271028037,1.0,3.67006797317402,200,10,190,0.05,1.0,3.439244880015001,211,21,190,0.0995260663507109,1.0,1.813582
gaussian,gaussian,250,200,0.7,20,113,202,12,190,190,0,190,0.0594059405940594,1.0,0.0,1.0,210,20,190,192,2,190,0.09523809523809523,1.0,0.010416666666666666,1.0,3.5941481183980013,203,13,190,0.06403940886699508,1.0,3.4051997038523885,212,22,190,0.10377358490566038,1.0,3.702755632992225,198,8,190,0.04040404040404041,1.0,3.436593060956765,208,18,190,0.08653846153846154,1.0,1.599539
gaussian,gaussian,250,200,0.7,20,114,193,3,190,191,1,190,0.015544041450777202,1.0,0.005235602094240838,1.0,206,16,190,191,1,190,0.07766990291262135,1.0,0.005235602094240838,1.0,3.6114865042796107,196,6,190,0.030612244897959183,1.0,3.4284446530394646,206,16,190,0.07766990291262135,1.0,3.6847336088208995,195,5,190,0.02564102564102564,1.0,3.452286666954656,205,15,190,0.07317073170731707,1.0,1.645629
gaussian,gaussian,250,200,0.7,20,115,201,11,190,190,0,190,0.05472636815920398,1.0,0.0,1.0,205,15,190,191,1,190,0.07317073170731707,1.0,0.005235602094240838,1.0,3.626235054289163,200,10,190,0.05,1.0,3.4233811699010563,205,15,190,0.07317073170731707,1.0,3.6957252288216567,198,8,190,0.04040404040404041,1.0,3.47337235021364,204,14,190,0.06862745098039216,1.0,1.739795
gaussian,gaussian,250,200,0.7,20,116,196,6,190,191,1,190,0.030612244897959183,1.0,0.005235602094240838,1.0,203,13,190,191,1,190,0.06403940886699508,1.0,0.005235602094240838,1.0,3.6106816227398295,196,6,190,0.030612244897959183,1.0,3.4098211679075026,205,15,190,0.07317073170731707,1.0,3.667198974746401,195,5,190,0.02564102564102564,1.0,3.4812469019341967,202,12,190,0.0594059405940594,1.0,1.874296
gaussian,gaussian,250,200,0.7,20,117,201,11,190,193,3,190,0.05472636815920398,1.0,0.015544041450777202,1.0,219,29,190,194,4,190,0.1324200913242009,1.0,0.020618556701030927,1.0,3.667714687472736,201,11,190,0.05472636815920398,1.0,3.3899073801260036,219,29,190,0.1324200913242009,1.0,3.667714687472736,201,11,190,0.05472636815920398,1.0,3.4277430618408338,214,24,190,0.11214953271028037,1.0,1.633634
gaussian,gaussian,250,200,0.7,20,118,199,9,190,191,1,190,0.04522613065326633,1.0,0.005235602094240838,1.0,207,17,190,191,1,190,0.0821256038647343,1.0,0.005235602094240838,1.0,3.6163953615121014,198,8,190,0.04040404040404041,1.0,3.413695710796005,207,17,190,0.0821256038647343,1.0,3.6672113493242193,197,7,190,0.03553299492385787,1.0,3.4893555140831096,203,13,190,0.06403940886699508,1.0,1.615322
gaussian,gaussian,250,200,0.7,20,119,200,10,190,192,2,190,0.05,1.0,0.010416666666666666,1.0,206,16,190,194,4,190,0.07766990291262135,1.0,0.020618556701030927,1.0,3.701584677571279,199,9,190,0.04522613065326633,1.0,3.461835392195788,204,14,190,0.06862745098039216,1.0,3.701584677571279,199,9,190,0.04522613065326633,1.0,3.461835392195788,204,14,190,0.06862745098039216,1.0,1.763161
gaussian,gaussian,250,200,0.7,20,120,204,14,190,192,2,190,0.06862745098039216,1.0,0.010416666666666666,1.0,222,32,190,195,5,190,0.14414414414414414,1.0,0.02564102564102564,1.0,3.5967378992413894,205,15,190,0.07317073170731707,1.0,3.3867183762768533,224,34,190,0.15178571428571427,1.0,3.669329005095507,203,13,190,0.06403940886699508,1.0,3.4383617184247846,220,30,190,0.13636363636363635,1.0,1.650588
gaussian,gaussian,250,200,0.7,20,121,201,11,190,192,2,190,0.05472636815920398,1.0,0.010416666666666666,1.0,212,22,190,194,4,190,0.10377358490566038,1.0,0.020618556701030927,1.0,3.604434388738175,202,12,190,0.0594059405940594,1.0,3.404966098177794,213,23,190,0.107981220657277,1.0,3.64361756040505,200,10,190,0.05,1.0,3.4340591991043565,211,21,190,0.0995260663507109,1.0,1.688337
gaussian,gaussian,250,200,0.7,20,122,205,15,190,192,2,190,0.07317073170731707,1.0,0.010416666666666666,1.0,219,29,190,196,6,190,0.1324200913242009,1.0,0.030612244897959183,1.0,3.6462608307178788,206,16,190,0.07766990291262135,1.0,3.398226137497659,219,29,190,0.1324200913242009,1.0,3.6462608307178788,206,16,190,0.07766990291262135,1.0,3.417781308181358,217,27,190,0.12442396313364056,1.0,1.791369
gaussian,gaussian,250,200,0.7,20,123,199,9,190,190,0,190,0.04522613065326633,1.0,0.0,1.0,206,16,190,190,0,190,0.07766990291262135,1.0,0.0,1.0,3.627715777596898,199,9,190,0.04522613065326633,1.0,3.411938566444663,208,18,190,0.08653846153846154,1.0,3.673110786227149,196,6,190,0.030612244897959183,1.0,3.4785691293450753,205,15,190,0.07317073170731707,1.0,1.678166
gaussian,gaussian,250,200,0.7,20,124,207,17,190,191,1,190,0.0821256038647343,1.0,0.005235602094240838,1.0,217,27,190,193,3,190,0.12442396313364056,1.0,0.015544041450777202,1.0,3.6024233971913326,207,17,190,0.0821256038647343,1.0,3.387923565553705,220,30,190,0.13636363636363635,1.0,3.7131680995879175,202,12,190,0.0594059405940594,1.0,3.4433131190343715,213,23,190,0.107981220657277,1.0,1.731282
gaussian,gaussian,250,200,0.7,20,125,203,13,190,192,2,190,0.06403940886699508,1.0,0.010416666666666666,1.0,211,21,190,194,4,190,0.0995260663507109,1.0,0.020618556701030927,1.0,3.6527003340036175,202,12,190,0.0594059405940594,1.0,3.397432530291055,212,22,190,0.10377358490566038,1.0,3.6527003340036175,202,12,190,0.0594059405940594,1.0,3.423185124529832,211,21,190,0.0995260663507109,1.0,1.659014
gaussian,gaussian,250,200,0.7,20,126,202,12,190,190,0,190,0.0594059405940594,1.0,0.0,1.0,212,22,190,190,0,190,0.10377358490566038,1.0,0.0,1.0,3.6319318711786157,200,10,190,0.05,1.0,3.404254478842738,211,21,190,0.0995260663507109,1.0,3.6319318711786157,200,10,190,0.05,1.0,3.442558983083601,209,19,190,0.09090909090909091,1.0,1.724229
gaussian,gaussian,250,200,0.7,20,127,202,12,190,191,1,190,0.0594059405940594,1.0,0.005235602094240838,1.0,214,24,190,191,1,190,0.11214953271028037,1.0,0.005235602094240838,1.0,3.6186721707160077,204,14,190,0.06862745098039216,1.0,3.3940847370465455,216,26,190,0.12037037037037036,1.0,3.688618920145504,202,12,190,0.0594059405940594,1.0,3.445394617783698,212,22,190,0.10377358490566038,1.0,1.662018
gaussian,gaussian,250,200,0.7,20,128,199,9,190,190,0,190,0.04522613065326633,1.0,0.0,1.0,213,23,190,190,0,190,0.107981220657277,1.0,0.0,1.0,3.6305120663640174,199,9,190,0.04522613065326633,1.0,3.3988077908980427,212,22,190,0.10377358490566038,1.0,3.6305120663640174,199,9,190,0.04522613065326633,1.0,3.437023333653867,209,19,190,0.09090909090909091,1.0,1.82481
gaussian,gaussian,250,200,0.7,20,129,206,16,190,192,2,190,0.07766990291262135,1.0,0.010416666666666666,1.0,219,29,190,193,3,190,0.1324200913242009,1.0,0.015544041450777202,1.0,3.6144846793371905,206,16,190,0.07766990291262135,1.0,3.3908458675953135,218,28,190,0.12844036697247707,1.0,3.6399501044348592,205,15,190,0.07317073170731707,1.0,3.4346930679712577,213,23,190,0.107981220657277,1.0,1.642029
gaussian,gaussian,250,200,0.7,20,130,200,10,190,191,1,190,0.05,1.0,0.005235602094240838,1.0,216,26,190,191,1,190,0.12037037037037036,1.0,0.005235602094240838,1.0,3.600053832232951,200,10,190,0.05,1.0,3.3976003720966337,216,26,190,0.12037037037037036,1.0,3.654410293182973,197,7,190,0.03553299492385787,1.0,3.4371060348423073,212,22,190,0.10377358490566038,1.0,1.744447
gaussian,gaussian,250,200,0.7,20,131,201,11,190,193,3,190,0.05472636815920398,1.0,0.015544041450777202,1.0,211,21,190,196,6,190,0.0995260663507109,1.0,0.030612244897959183,1.0,3.6156140855977545,200,10,190,0.05,1.0,3.399616686771628,211,21,190,0.0995260663507109,1.0,3.658847147119169,199,9,190,0.04522613065326633,1.0,3.428994958544811,209,19,190,0.09090909090909091,1.0,1.612727
gaussian,gaussian,250,200,0.7,20,132,199,9,190,192,2,190,0.04522613065326633,1.0,0.010416666666666666,1.0,210,20,190,194,4,190,0.09523809523809523,1.0,0.020618556701030927,1.0,3.6192332623864494,199,9,190,0.04522613065326633,1.0,3.4397837758801186,210,20,190,0.09523809523809523,1.0,3.647437301980761,198,8,190,0.04040404040404041,1.0,3.4397837758801186,210,20,190,0.09523809523809523,1.0,1.743161
gaussian,gaussian,250,200,0.7,20,133,198,8,190,190,0,190,0.04040404040404041,1.0,0.0,1.0,209,19,190,190,0,190,0.09090909090909091,1.0,0.0,1.0,3.6499908343730874,198,8,190,0.04040404040404041,1.0,3.4230490136088907,209,19,190,0.09090909090909091,1.0,3.692859180315218,196,6,190,0.030612244897959183,1.0,3.4672549554180363,205,15,190,0.07317073170731707,1.0,1.726671
gaussian,gaussian,250,200,0.7,20,134,198,8,190,190,0,190,0.04040404040404041,1.0,0.0,1.0,210,20,190,190,0,190,0.09523809523809523,1.0,0.0,1.0,3.609796964789116,198,8,190,0.04040404040404041,1.0,3.4151150453792405,210,20,190,0.09523809523809523,1.0,3.6678300905681254,195,5,190,0.02564102564102564,1.0,3.448236169840099,208,18,190,0.08653846153846154,1.0,1.671378
gaussian,gaussian,250,200,0.7,20,135,200,10,190,191,1,190,0.05,1.0,0.005235602094240838,1.0,208,18,190,192,2,190,0.08653846153846154,1.0,0.010416666666666666,1.0,3.644366114940307,200,10,190,0.05,1.0,3.4168395940262997,208,18,190,0.08653846153846154,1.0,3.644366114940307,200,10,190,0.05,1.0,3.443521775308818,207,17,190,0.0821256038647343,1.0,1.835561
gaussian,gaussian,250,200,0.7,20,136,205,15,190,192,2,190,0.07317073170731707,1.0,0.010416666666666666,1.0,221,31,190,193,3,190,0.14027149321266968,1.0,0.015544041450777202,1.0,3.612926390017691,205,15,190,0.07317073170731707,1.0,3.3873085579850457,222,32,190,0.14414414414414414,1.0,3.760889554978532,203,13,190,0.06403940886699508,1.0,3.42892952143388,219,29,190,0.1324200913242009,1.0,1.663777
gaussian,gaussian,250,200,0.7,20,137,198,8,190,191,1,190,0.04040404040404041,1.0,0.005235602094240838,1.0,213,23,190,193,3,190,0.107981220657277,1.0,0.015544041450777202,1.0,3.7298418673384535,198,8,190,0.04040404040404041,1.0,3.4189434706940207,211,21,190,0.0995260663507109,1.0,3.7298418673384535,198,8,190,0.04040404040404041,1.0,3.455150733024419,206,16,190,0.07766990291262135,1.0,1.643052
gaussian,gaussian,250,200,0.7,20,138,196,6,190,192,2,190,0.030612244897959183,1.0,0.010416666666666666,1.0,208,18,190,192,2,190,0.08653846153846154,1.0,0.010416666666666666,1.0,3.6133213890062077,196,6,190,0.030612244897959183,1.0,3.404961687740676,209,19,190,0.09090909090909091,1.0,3.746350900510548,195,5,190,0.02564102564102564,1.0,3.4598180263380303,205,15,190,0.07317073170731707,1.0,1.687973
gaussian,gaussian,250,200,0.7,20,139,203,13,190,192,2,190,0.06403940886699508,1.0,0.010416666666666666,1.0,210,20,190,192,2,190,0.09523809523809523,1.0,0.010416666666666666,1.0,3.6085639389385644,203,13,190,0.06403940886699508,1.0,3.404568396114412,210,20,190,0.09523809523809523,1.0,3.651055518885687,199,9,190,0.04522613065326633,1.0,3.4645472524151266,207,17,190,0.0821256038647343,1.0,1.778412
gaussian,gaussian,250,200,0.7,20,140,200,10,190,191,1,190,0.05,1.0,0.005235602094240838,1.0,210,20,190,192,2,190,0.09523809523809523,1.0,0.010416666666666666,1.0,3.601162865093524,199,9,190,0.04522613065326633,1.0,3.410719262095188,210,20,190,0.09523809523809523,1.0,3.7126968739311543,195,5,190,0.02564102564102564,1.0,3.4519244317573112,207,17,190,0.0821256038647343,1.0,1.787961
gaussian,gaussian,250,200,0.7,20,141,204,14,190,190,0,190,0.06862745098039216,1.0,0.0,1.0,213,23,190,193,3,190,0.107981220657277,1.0,0.015544041450777202,1.0,3.6085630519833476,204,14,190,0.06862745098039216,1.0,3.41683084453344,212,22,190,0.10377358490566038,1.0,3.6400502065319658,203,13,190,0.06403940886699508,1.0,3.4244626501559416,211,21,190,0.0995260663507109,1.0,1.634464
gaussian,gaussian,250,200,0.7,20,142,202,12,190,190,0,190,0.0594059405940594,1.0,0.0,1.0,216,26,190,191,1,190,0.12037037037037036,1.0,0.005235602094240838,1.0,3.6202953465902574,202,12,190,0.0594059405940594,1.0,3.4056382292054805,216,26,190,0.12037037037037036,1.0,3.7472668737176655,199,9,190,0.04522613065326633,1.0,3.464692865128194,211,21,190,0.0995260663507109,1.0,1.87369
gaussian,gaussian,250,200,0.7,20,143,198,8,190,193,3,190,0.04040404040404041,1.0,0.015544041450777202,1.0,203,13,190,193,3,190,0.06403940886699508,1.0,0.015544041450777202,1.0,3.613555722021193,198,8,190,0.04040404040404041,1.0,3.4720969443379053,203,13,190,0.06403940886699508,1.0,3.667290518583397,195,5,190,0.02564102564102564,1.0,3.4720969443379053,203,13,190,0.06403940886699508,1.0,1.603959
gaussian,gaussian,250,200,0.7,20,144,199,9,190,191,1,190,0.04522613065326633,1.0,0.005235602094240838,1.0,202,12,190,191,1,190,0.0594059405940594,1.0,0.005235602094240838,1.0,3.6079360630853183,196,6,190,0.030612244897959183,1.0,3.4162046214983675,202,12,190,0.0594059405940594,1.0,3.760524542869217,195,5,190,0.02564102564102564,1.0,3.462375401907408,201,11,190,0.05472636815920398,1.0,1.659491
gaussian,gaussian,250,200,0.7,20,145,200,10,190,190,0,190,0.05,1.0,0.0,1.0,208,18,190,190,0,190,0.08653846153846154,1.0,0.0,1.0,3.618220608354219,200,10,190,0.05,1.0,3.4229047431764865,205,15,190,0.07317073170731707,1.0,3.618220608354219,200,10,190,0.05,1.0,3.4229047431764865,205,15,190,0.07317073170731707,1.0,1.835728
gaussian,gaussian,250,200,0.7,20,146,197,7,190,191,1,190,0.03553299492385787,1.0,0.005235602094240838,1.0,207,17,190,191,1,190,0.0821256038647343,1.0,0.005235602094240838,1.0,3.6272820322244974,197,7,190,0.03553299492385787,1.0,3.4065362082726347,209,19,190,0.09090909090909091,1.0,3.713888030019948,196,6,190,0.030612244897959183,1.0,3.4735763301076177,205,15,190,0.07317073170731707,1.0,1.868686
gaussian,gaussian,250,200,0.7,20,147,202,12,190,190,0,190,0.0594059405940594,1.0,0.0,1.0,213,23,190,193,3,190,0.107981220657277,1.0,0.015544041450777202,1.0,3.6589927545372976,202,12,190,0.0594059405940594,1.0,3.395632090709397,214,24,190,0.11214953271028037,1.0,3.6589927545372976,202,12,190,0.0594059405940594,1.0,3.4662291154387272,211,21,190,0.0995260663507109,1.0,1.621484
gaussian,gaussian,250,200,0.7,20,148,204,14,190,193,3,190,0.06862745098039216,1.0,0.015544041450777202,1.0,218,28,190,193,3,190,0.12844036697247707,1.0,0.015544041450777202,1.0,3.591540026982893,205,15,190,0.07317073170731707,1.0,3.396175118458745,218,28,190,0.12844036697247707,1.0,3.664854363968584,203,13,190,0.06403940886699508,1.0,3.4367976098662156,215,25,190,0.11627906976744186,1.0,1.752615
gaussian,gaussian,250,200,0.7,20,149,200,10,190,191,1,190,0.05,1.0,0.005235602094240838,1.0,215,25,190,191,1,190,0.11627906976744186,1.0,0.005235602094240838,1.0,3.62269717896846,200,10,190,0.05,1.0,3.4376503376382166,214,24,190,0.11214953271028037,1.0,3.6674828291807517,197,7,190,0.03553299492385787,1.0,3.4376503376382166,214,24,190,0.11214953271028037,1.0,1.62789
gaussian,gaussian,250,200,0.7,20,150,200,10,190,193,3,190,0.05,1.0,0.015544041450777202,1.0,207,17,190,194,4,190,0.0821256038647343,1.0,0.020618556701030927,1.0,3.64435130916467,200,10,190,0.05,1.0,3.412791750386989,207,17,190,0.0821256038647343,1.0,3.64435130916467,200,10,190,0.05,1.0,3.4320279749588667,206,16,190,0.07766990291262135,1.0,1.614039
gaussian,gaussian,250,200,0.7,20,151,199,9,190,192,2,190,0.04522613065326633,1.0,0.010416666666666666,1.0,215,25,190,193,3,190,0.11627906976744186,1.0,0.015544041450777202,1.0,3.6045391631407893,199,9,190,0.04522613065326633,1.0,3.4107527693936865,216,26,190,0.12037037037037036,1.0,3.924752365921752,195,5,190,0.02564102564102564,1.0,3.4559431728536025,212,22,190,0.10377358490566038,1.0,1.838151
gaussian,gaussian,250,200,0.7,20,152,203,13,190,193,3,190,0.06403940886699508,1.0,0.015544041450777202,1.0,214,24,190,194,4,190,0.11214953271028037,1.0,0.020618556701030927,1.0,3.5929537960128304,204,14,190,0.06862745098039216,1.0,3.40646963273889,213,23,190,0.107981220657277,1.0,3.64718792156347,202,12,190,0.0594059405940594,1.0,3.4505271405085596,211,21,190,0.0995260663507109,1.0,1.762178
gaussian,gaussian,250,200,0.7,20,153,202,12,190,192,2,190,0.0594059405940594,1.0,0.010416666666666666,1.0,215,25,190,192,2,190,0.11627906976744186,1.0,0.010416666666666666,1.0,3.6114176266432896,202,12,190,0.0594059405940594,1.0,3.419972975311019,215,25,190,0.11627906976744186,1.0,3.725833273430506,198,8,190,0.04040404040404041,1.0,3.4228221699452512,214,24,190,0.11214953271028037,1.0,1.641576
gaussian,gaussian,250,200,0.7,20,154,202,12,190,190,0,190,0.0594059405940594,1.0,0.0,1.0,214,24,190,191,1,190,0.11214953271028037,1.0,0.005235602094240838,1.0,3.6904358116386633,201,11,190,0.05472636815920398,1.0,3.4196760099743475,214,24,190,0.11214953271028037,1.0,3.6904358116386633,201,11,190,0.05472636815920398,1.0,3.4472922683951355,213,23,190,0.107981220657277,1.0,1.687083
gaussian,gaussian,250,200,0.7,20,155,198,8,190,191,1,190,0.04040404040404041,1.0,0.005235602094240838,1.0,209,19,190,192,2,190,0.09090909090909091,1.0,0.010416666666666666,1.0,3.7113276894547442,198,8,190,0.04040404040404041,1.0,3.411941532790246,209,19,190,0.09090909090909091,1.0,3.7113276894547442,198,8,190,0.04040404040404041,1.0,3.4541238293613863,208,18,190,0.08653846153846154,1.0,1.818417
gaussian,gaussian,250,200,0.7,20,156,198,8,190,190,0,190,0.04040404040404041,1.0,0.0,1.0,219,29,190,193,3,190,0.1324200913242009,1.0,0.015544041450777202,1.0,3.6374578054456066,198,8,190,0.04040404040404041,1.0,3.3917896326639965,219,29,190,0.1324200913242009,1.0,3.6374578054456066,198,8,190,0.04040404040404041,1.0,3.421595571890912,215,25,190,0.11627906976744186,1.0,1.664569
gaussian,gaussian,250,200,0.7,20,157,204,14,190,190,0,190,0.06862745098039216,1.0,0.0,1.0,217,27,190,194,4,190,0.12442396313364056,1.0,0.020618556701030927,1.0,3.592098408944462,205,15,190,0.07317073170731707,1.0,3.3930421220708857,218,28,190,0.12844036697247707,1.0,3.6698269191880777,204,14,190,0.06862745098039216,1.0,3.4246365557686667,215,25,190,0.11627906976744186,1.0,1.677129
gaussian,gaussian,250,200,0.7,20,158,204,14,190,192,2,190,0.06862745098039216,1.0,0.010416666666666666,1.0,221,31,190,193,3,190,0.14027149321266968,1.0,0.015544041450777202,1.0,3.5992976431362953,204,14,190,0.06862745098039216,1.0,3.3910686939964894,222,32,190,0.14414414414414414,1.0,3.6269423153452522,200,10,190,0.05,1.0,3.4101690787441954,221,31,190,0.14027149321266968,1.0,1.860414
gaussian,gaussian,250,200,0.7,20,159,196,6,190,191,1,190,0.030612244897959183,1.0,0.005235602094240838,1.0,208,18,190,192,2,190,0.08653846153846154,1.0,0.010416666666666666,1.0,3.6860675815797292,196,6,190,0.030612244897959183,1.0,3.430855044531251,207,17,190,0.0821256038647343,1.0,3.6860675815797292,196,6,190,0.030612244897959183,1.0,3.4574929129254954,206,16,190,0.07766990291262135,1.0,1.618634
gaussian,gaussian,250,200,0.7,20,160,199,9,190,190,0,190,0.04522613065326633,1.0,0.0,1.0,203,13,190,192,2,190,0.06403940886699508,1.0,0.010416666666666666,1.0,3.6247069194598396,199,9,190,0.04522613065326633,1.0,3.480549090259042,203,13,190,0.06403940886699508,1.0,3.6754255346927343,198,8,190,0.04040404040404041,1.0,3.480549090259042,203,13,190,0.06403940886699508,1.0,1.774551
gaussian,gaussian,250,200,0.7,20,161,199,9,190,191,1,190,0.04522613065326633,1.0,0.005235602094240838,1.0,206,16,190,191,1,190,0.07766990291262135,1.0,0.005235602094240838,1.0,3.63458655146523,197,7,190,0.03553299492385787,1.0,3.4284979393224435,206,16,190,0.07766990291262135,1.0,3.63458655146523,197,7,190,0.03553299492385787,1.0,3.4284979393224435,206,16,190,0.07766990291262135,1.0,1.69011
gaussian,gaussian,250,200,0.7,20,162,200,10,190,190,0,190,0.05,1.0,0.0,1.0,205,15,190,190,0,190,0.07317073170731707,1.0,0.0,1.0,3.63953294689294,199,9,190,0.04522613065326633,1.0,3.410257345419108,206,16,190,0.07766990291262135,1.0,3.63953294689294,199,9,190,0.04522613065326633,1.0,3.4470086589868885,205,15,190,0.07317073170731707,1.0,1.663263
gaussian,gaussian,250,200,0.7,20,163,196,6,190,190,0,190,0.030612244897959183,1.0,0.0,1.0,211,21,190,190,0,190,0.0995260663507109,1.0,0.0,1.0,3.6191709991535466,196,6,190,0.030612244897959183,1.0,3.3977084535003406,212,22,190,0.10377358490566038,1.0,3.6335026816111453,195,5,190,0.02564102564102564,1.0,3.452566739358827,210,20,190,0.09523809523809523,1.0,1.731461
gaussian,gaussian,250,200,0.7,20,164,199,9,190,190,0,190,0.04522613065326633,1.0,0.0,1.0,210,20,190,190,0,190,0.09523809523809523,1.0,0.0,1.0,3.621778576534658,199,9,190,0.04522613065326633,1.0,3.40535861921315,211,21,190,0.0995260663507109,1.0,3.6865602439091623,196,6,190,0.030612244897959183,1.0,3.457086737505584,208,18,190,0.08653846153846154,1.0,1.748693
gaussian,gaussian,250,200,0.7,20,165,208,18,190,193,3,190,0.08653846153846154,1.0,0.015544041450777202,1.0,221,31,190,194,4,190,0.14027149321266968,1.0,0.020618556701030927,1.0,3.589594046841029,208,18,190,0.08653846153846154,1.0,3.3907713179371477,219,29,190,0.1324200913242009,1.0,3.632438758454004,202,12,190,0.0594059405940594,1.0,3.430718797662681,217,27,190,0.12442396313364056,1.0,1.739199
gaussian,gaussian,250,200,0.7,20,166,200,10,190,190,0,190,0.05,1.0,0.0,1.0,212,22,190,190,0,190,0.10377358490566038,1.0,0.0,1.0,3.647830897070642,200,10,190,0.05,1.0,3.396917442637581,216,26,190,0.12037037037037036,1.0,3.670956317550563,198,8,190,0.04040404040404041,1.0,3.465530633847773,209,19,190,0.09090909090909091,1.0,1.661085
gaussian,gaussian,250,200,0.7,20,167,204,14,190,191,1,190,0.06862745098039216,1.0,0.005235602094240838,1.0,213,23,190,191,1,190,0.107981220657277,1.0,0.005235602094240838,1.0,3.594343414375088,204,14,190,0.06862745098039216,1.0,3.437287017291968,213,23,190,0.107981220657277,1.0,3.65011428598336,201,11,190,0.05472636815920398,1.0,3.437287017291968,213,23,190,0.107981220657277,1.0,1.65253
gaussian,gaussian,250,200,0.7,20,168,202,12,190,191,1,190,0.0594059405940594,1.0,0.005235602094240838,1.0,218,28,190,191,1,190,0.12844036697247707,1.0,0.005235602094240838,1.0,3.599035058727297,202,12,190,0.0594059405940594,1.0,3.3937625080047447,219,29,190,0.1324200913242009,1.0,3.674452019958883,200,10,190,0.05,1.0,3.4439028274870984,213,23,190,0.107981220657277,1.0,1.742397
gaussian,gaussian,250,200,0.7,20,169,207,17,190,191,1,190,0.0821256038647343,1.0,0.005235602094240838,1.0,224,34,190,193,3,190,0.15178571428571427,1.0,0.015544041450777202,1.0,3.6107086525262435,207,17,190,0.0821256038647343,1.0,3.3976180716803452,225,35,190,0.15555555555555556,1.0,3.6555760725242923,206,16,190,0.07766990291262135,1.0,3.483265415604474,223,33,190,0.14798206278026907,1.0,1.745951
gaussian,gaussian,250,200,0.7,20,170,197,7,190,190,0,190,0.03553299492385787,1.0,0.0,1.0,207,17,190,190,0,190,0.0821256038647343,1.0,0.0,1.0,3.612956804836243,196,6,190,0.030612244897959183,1.0,3.416624140436233,207,17,190,0.0821256038647343,1.0,3.646653115236259,195,5,190,0.02564102564102564,1.0,3.4446204342087925,205,15,190,0.07317073170731707,1.0,1.824626
gaussian,gaussian,250,200,0.7,20,171,194,4,190,191,1,190,0.020618556701030927,1.0,0.005235602094240838,1.0,211,21,190,192,2,190,0.0995260663507109,1.0,0.010416666666666666,1.0,3.651686411553812,194,4,190,0.020618556701030927,1.0,3.4118003748888746,211,21,190,0.0995260663507109,1.0,3.651686411553812,194,4,190,0.020618556701030927,1.0,3.4429036206990036,210,20,190,0.09523809523809523,1.0,1.708502
gaussian,gaussian,250,200,0.7,20,172,197,7,190,192,2,190,0.03553299492385787,1.0,0.010416666666666666,1.0,209,19,190,193,3,190,0.09090909090909091,1.0,0.015544041450777202,1.0,3.688792135745945,196,6,190,0.030612244897959183,1.0,3.402358582973832,208,18,190,0.08653846153846154,1.0,3.688792135745945,196,6,190,0.030612244897959183,1.0,3.43078688327931,206,16,190,0.07766990291262135,1.0,1.707679
gaussian,gaussian,250,200,0.7,20,173,202,12,190,190,0,190,0.0594059405940594,1.0,0.0,1.0,214,24,190,191,1,190,0.11214953271028037,1.0,0.005235602094240838,1.0,3.6087854829493944,202,12,190,0.0594059405940594,1.0,3.393195726269805,216,26,190,0.12037037037037036,1.0,3.6701447682686363,199,9,190,0.04522613065326633,1.0,3.4269689016644915,213,23,190,0.107981220657277,1.0,1.600803
gaussian,gaussian,250,200,0.7,20,174,197,7,190,190,0,190,0.03553299492385787,1.0,0.0,1.0,205,15,190,190,0,190,0.07317073170731707,1.0,0.0,1.0,3.604220428232115,197,7,190,0.03553299492385787,1.0,3.411717222927707,206,16,190,0.07766990291262135,1.0,3.7146867269742097,196,6,190,0.030612244897959183,1.0,3.4392042513974235,205,15,190,0.07317073170731707,1.0,1.771328
gaussian,gaussian,250,200,0.7,20,175,199,9,190,191,1,190,0.04522613065326633,1.0,0.005235602094240838,1.0,214,24,190,192,2,190,0.11214953271028037,1.0,0.010416666666666666,1.0,3.647971194537057,197,7,190,0.03553299492385787,1.0,3.411544406916538,208,18,190,0.08653846153846154,1.0,3.647971194537057,197,7,190,0.03553299492385787,1.0,3.411544406916538,208,18,190,0.08653846153846154,1.0,1.685691
gaussian,gaussian,250,200,0.7,20,176,204,14,190,190,0,190,0.06862745098039216,1.0,0.0,1.0,212,22,190,191,1,190,0.10377358490566038,1.0,0.005235602094240838,1.0,3.6081400542655206,204,14,190,0.06862745098039216,1.0,3.405892562841529,213,23,190,0.107981220657277,1.0,3.663747123913213,202,12,190,0.0594059405940594,1.0,3.478453759942568,211,21,190,0.0995260663507109,1.0,1.8114
gaussian,gaussian,250,200,0.7,20,177,198,8,190,191,1,190,0.04040404040404041,1.0,0.005235602094240838,1.0,202,12,190,191,1,190,0.0594059405940594,1.0,0.005235602094240838,1.0,3.6346652206429533,198,8,190,0.04040404040404041,1.0,3.41028779155649,205,15,190,0.07317073170731707,1.0,3.739954995898644,196,6,190,0.030612244897959183,1.0,3.4650420014259473,201,11,190,0.05472636815920398,1.0,1.684974
gaussian,gaussian,250,200,0.7,20,178,197,7,190,190,0,190,0.03553299492385787,1.0,0.0,1.0,204,14,190,190,0,190,0.06862745098039216,1.0,0.0,1.0,3.6064025979116487,197,7,190,0.03553299492385787,1.0,3.4132657020187467,204,14,190,0.06862745098039216,1.0,3.6873775318592488,196,6,190,0.030612244897959183,1.0,3.4900096007849655,201,11,190,0.05472636815920398,1.0,1.783856
gaussian,gaussian,250,200,0.7,20,179,197,7,190,191,1,190,0.03553299492385787,1.0,0.005235602094240838,1.0,205,15,190,191,1,190,0.07317073170731707,1.0,0.005235602094240838,1.0,3.6192871005134175,196,6,190,0.030612244897959183,1.0,3.4057560146386945,207,17,190,0.0821256038647343,1.0,3.6669286108493,195,5,190,0.02564102564102564,1.0,3.4750465724674844,204,14,190,0.06862745098039216,1.0,1.640332
gaussian,gaussian,250,200,0.7,20,180,198,8,190,190,0,190,0.04040404040404041,1.0,0.0,1.0,213,23,190,191,1,190,0.107981220657277,1.0,0.005235602094240838,1.0,3.6930716670733847,197,7,190,0.03553299492385787,1.0,3.4021979486427614,214,24,190,0.11214953271028037,1.0,3.6930716670733847,197,7,190,0.03553299492385787,1.0,3.462076444599969,208,18,190,0.08653846153846154,1.0,1.654299
gaussian,gaussian,250,200,0.7,20,181,197,7,190,190,0,190,0.03553299492385787,1.0,0.0,1.0,208,18,190,190,0,190,0.08653846153846154,1.0,0.0,1.0,3.665984316097603,197,7,190,0.03553299492385787,1.0,3.411512651572049,209,19,190,0.09090909090909091,1.0,3.665984316097603,197,7,190,0.03553299492385787,1.0,3.4456396686496196,205,15,190,0.07317073170731707,1.0,1.914367
gaussian,gaussian,250,200,0.7,20,182,198,8,190,192,2,190,0.04040404040404041,1.0,0.010416666666666666,1.0,212,22,190,193,3,190,0.10377358490566038,1.0,0.015544041450777202,1.0,3.665243163107854,198,8,190,0.04040404040404041,1.0,3.3974797095675147,213,23,190,0.107981220657277,1.0,3.665243163107854,198,8,190,0.04040404040404041,1.0,3.4346516507976785,210,20,190,0.09523809523809523,1.0,1.708158
gaussian,gaussian,250,200,0.7,20,183,201,11,190,190,0,190,0.05472636815920398,1.0,0.0,1.0,209,19,190,191,1,190,0.09090909090909091,1.0,0.005235602094240838,1.0,3.6204259060698454,201,11,190,0.05472636815920398,1.0,3.405096220694633,211,21,190,0.0995260663507109,1.0,3.626701212828714,200,10,190,0.05,1.0,3.424214914475278,208,18,190,0.08653846153846154,1.0,1.687817
gaussian,gaussian,250,200,0.7,20,184,202,12,190,193,3,190,0.0594059405940594,1.0,0.015544041450777202,1.0,212,22,190,195,5,190,0.10377358490566038,1.0,0.02564102564102564,1.0,3.6433772458084728,202,12,190,0.0594059405940594,1.0,3.402205775701597,215,25,190,0.11627906976744186,1.0,3.7825125018065644,200,10,190,0.05,1.0,3.4630976687296338,208,18,190,0.08653846153846154,1.0,1.722064
gaussian,gaussian,250,200,0.7,20,185,195,5,190,191,1,190,0.02564102564102564,1.0,0.005235602094240838,1.0,206,16,190,192,2,190,0.07766990291262135,1.0,0.010416666666666666,1.0,3.602130501001601,197,7,190,0.03553299492385787,1.0,3.4258286965191695,205,15,190,0.07317073170731707,1.0,3.786413539773316,195,5,190,0.02564102564102564,1.0,3.4781244012848003,204,14,190,0.06862745098039216,1.0,1.783984
gaussian,gaussian,250,200,0.7,20,186,202,12,190,192,2,190,0.0594059405940594,1.0,0.010416666666666666,1.0,216,26,190,192,2,190,0.12037037037037036,1.0,0.010416666666666666,1.0,3.5926418529850532,204,14,190,0.06862745098039216,1.0,3.394137271127634,217,27,190,0.12442396313364056,1.0,3.6807195192140085,198,8,190,0.04040404040404041,1.0,3.4442686898899395,214,24,190,0.11214953271028037,1.0,1.686102
gaussian,gaussian,250,200,0.7,20,187,196,6,190,190,0,190,0.030612244897959183,1.0,0.0,1.0,213,23,190,190,0,190,0.107981220657277,1.0,0.0,1.0,3.694353357212442,196,6,190,0.030612244897959183,1.0,3.396701321660758,214,24,190,0.11214953271028037,1.0,3.694353357212442,196,6,190,0.030612244897959183,1.0,3.435999296454231,210,20,190,0.09523809523809523,1.0,1.743599
gaussian,gaussian,250,200,0.7,20,188,199,9,190,190,0,190,0.04522613065326633,1.0,0.0,1.0,208,18,190,191,1,190,0.08653846153846154,1.0,0.005235602094240838,1.0,3.6559159165979094,198,8,190,0.04040404040404041,1.0,3.4436330852357746,208,18,190,0.08653846153846154,1.0,3.6559159165979094,198,8,190,0.04040404040404041,1.0,3.4436330852357746,208,18,190,0.08653846153846154,1.0,1.775853
gaussian,gaussian,250,200,0.7,20,189,198,8,190,190,0,190,0.04040404040404041,1.0,0.0,1.0,211,21,190,190,0,190,0.0995260663507109,1.0,0.0,1.0,3.6464185504652327,197,7,190,0.03553299492385787,1.0,3.399311190383231,212,22,190,0.10377358490566038,1.0,3.6464185504652327,197,7,190,0.03553299492385787,1.0,3.4546365137688695,207,17,190,0.0821256038647343,1.0,1.630722
gaussian,gaussian,250,200,0.7,20,190,202,12,190,191,1,190,0.0594059405940594,1.0,0.005235602094240838,1.0,209,19,190,192,2,190,0.09090909090909091,1.0,0.010416666666666666,1.0,3.6268955529323965,202,12,190,0.0594059405940594,1.0,3.4236169575956112,208,18,190,0.08653846153846154,1.0,3.641579122950304,200,10,190,0.05,1.0,3.475199983389604,207,17,190,0.0821256038647343,1.0,1.862606
gaussian,gaussian,250,200,0.7,20,191,197,7,190,192,2,190,0.03553299492385787,1.0,0.010416666666666666,1.0,209,19,190,192,2,190,0.09090909090909091,1.0,0.010416666666666666,1.0,3.5988370206207785,199,9,190,0.04522613065326633,1.0,3.4126900013686643,211,21,190,0.0995260663507109,1.0,3.7943553104179792,196,6,190,0.030612244897959183,1.0,3.4394541444634457,209,19,190,0.09090909090909091,1.0,1.62654
gaussian,gaussian,250,200,0.7,20,192,198,8,190,193,3,190,0.04040404040404041,1.0,0.015544041450777202,1.0,216,26,190,193,3,190,0.12037037037037036,1.0,0.015544041450777202,1.0,3.6523742332240547,198,8,190,0.04040404040404041,1.0,3.4025496451396195,216,26,190,0.12037037037037036,1.0,3.6523742332240547,198,8,190,0.04040404040404041,1.0,3.4580885095227307,209,19,190,0.09090909090909091,1.0,1.681085
gaussian,gaussian,250,200,0.7,20,193,204,14,190,190,0,190,0.06862745098039216,1.0,0.0,1.0,217,27,190,195,5,190,0.12442396313364056,1.0,0.02564102564102564,1.0,3.608894543459981,204,14,190,0.06862745098039216,1.0,3.395343961333627,219,29,190,0.1324200913242009,1.0,3.679030571722078,202,12,190,0.0594059405940594,1.0,3.445898881679013,212,22,190,0.10377358490566038,1.0,1.703161
gaussian,gaussian,250,200,0.7,20,194,200,10,190,190,0,190,0.05,1.0,0.0,1.0,209,19,190,191,1,190,0.09090909090909091,1.0,0.005235602094240838,1.0,3.6124076771428646,200,10,190,0.05,1.0,3.4045743592873614,208,18,190,0.08653846153846154,1.0,3.648596548654618,196,6,190,0.030612244897959183,1.0,3.4754491448030747,205,15,190,0.07317073170731707,1.0,1.827324
gaussian,gaussian,250,200,0.7,20,195,201,11,190,190,0,190,0.05472636815920398,1.0,0.0,1.0,211,21,190,192,2,190,0.0995260663507109,1.0,0.010416666666666666,1.0,3.61888823466234,200,10,190,0.05,1.0,3.410176738382015,211,21,190,0.0995260663507109,1.0,3.61888823466234,200,10,190,0.05,1.0,3.490747138236071,207,17,190,0.0821256038647343,1.0,1.741669
gaussian,gaussian,250,200,0.7,20,196,197,7,190,190,0,190,0.03553299492385787,1.0,0.0,1.0,208,18,190,190,0,190,0.08653846153846154,1.0,0.0,1.0,3.614223385572923,199,9,190,0.04522613065326633,1.0,3.4026541811775273,211,21,190,0.0995260663507109,1.0,3.6792418179698303,197,7,190,0.03553299492385787,1.0,3.4641727949005388,207,17,190,0.0821256038647343,1.0,1.653065
gaussian,gaussian,250,200,0.7,20,197,198,8,190,190,0,190,0.04040404040404041,1.0,0.0,1.0,210,20,190,190,0,190,0.09523809523809523,1.0,0.0,1.0,3.605855319840301,198,8,190,0.04040404040404041,1.0,3.40304591718403,210,20,190,0.09523809523809523,1.0,3.7578420875643483,194,4,190,0.020618556701030927,1.0,3.457793439797457,208,18,190,0.08653846153846154,1.0,1.741189
gaussian,gaussian,250,200,0.7,20,198,199,9,190,190,0,190,0.04522613065326633,1.0,0.0,1.0,206,16,190,190,0,190,0.07766990291262135,1.0,0.0,1.0,3.609537436720451,198,8,190,0.04040404040404041,1.0,3.464359249030414,206,16,190,0.07766990291262135,1.0,3.743409153127408,196,6,190,0.030612244897959183,1.0,3.5073480336240825,205,15,190,0.07317073170731707,1.0,1.632814
gaussian,gaussian,250,200,0.7,20,199,194,4,190,190,0,190,0.020618556701030927,1.0,0.0,1.0,199,9,190,190,0,190,0.04522613065326633,1.0,0.0,1.0,3.7072631258323456,194,4,190,0.020618556701030927,1.0,3.440414009547869,199,9,190,0.04522613065326633,1.0,3.7072631258323456,194,4,190,0.020618556701030927,1.0,3.496477318787951,198,8,190,0.04040404040404041,1.0,1.698707
gaussian,gaussian,250,200,0.7,20,200,199,9,190,191,1,190,0.04522613065326633,1.0,0.005235602094240838,1.0,204,14,190,192,2,190,0.06862745098039216,1.0,0.010416666666666666,1.0,3.603337301098612,200,10,190,0.05,1.0,3.448341084325458,204,14,190,0.06862745098039216,1.0,3.6372609623003216,199,9,190,0.04522613065326633,1.0,3.448341084325458,204,14,190,0.06862745098039216,1.0,1.892696
gaussian,gaussian,250,200,0.7,20,201,197,7,190,190,0,190,0.03553299492385787,1.0,0.0,1.0,206,16,190,191,1,190,0.07766990291262135,1.0,0.005235602094240838,1.0,3.634634532659404,196,6,190,0.030612244897959183,1.0,3.436536345601025,203,13,190,0.06403940886699508,1.0,3.634634532659404,196,6,190,0.030612244897959183,1.0,3.436536345601025,203,13,190,0.06403940886699508,1.0,1.674451
gaussian,gaussian,250,200,0.7,20,202,201,11,190,190,0,190,0.05472636815920398,1.0,0.0,1.0,209,19,190,191,1,190,0.09090909090909091,1.0,0.005235602094240838,1.0,3.6643272908278535,201,11,190,0.05472636815920398,1.0,3.40640643075676,210,20,190,0.09523809523809523,1.0,3.6643272908278535,201,11,190,0.05472636815920398,1.0,3.4638461473329696,206,16,190,0.07766990291262135,1.0,1.691586
gaussian,gaussian,250,200,0.7,20,203,205,15,190,190,0,190,0.07317073170731707,1.0,0.0,1.0,218,28,190,191,1,190,0.12844036697247707,1.0,0.005235602094240838,1.0,3.5969709729607584,206,16,190,0.07766990291262135,1.0,3.4343358910473936,218,28,190,0.12844036697247707,1.0,3.665697504451804,203,13,190,0.06403940886699508,1.0,3.454746598460315,216,26,190,0.12037037037037036,1.0,1.657699
gaussian,gaussian,250,200,0.7,20,204,196,6,190,192,2,190,0.030612244897959183,1.0,0.010416666666666666,1.0,209,19,190,192,2,190,0.09090909090909091,1.0,0.010416666666666666,1.0,3.637409966884502,196,6,190,0.030612244897959183,1.0,3.4084383768786206,209,19,190,0.09090909090909091,1.0,3.637409966884502,196,6,190,0.030612244897959183,1.0,3.4258405059884667,208,18,190,0.08653846153846154,1.0,1.716242
gaussian,gaussian,250,200,0.7,20,205,201,11,190,192,2,190,0.05472636815920398,1.0,0.010416666666666666,1.0,215,25,190,192,2,190,0.11627906976744186,1.0,0.010416666666666666,1.0,3.6137360885084493,201,11,190,0.05472636815920398,1.0,3.397934153250931,217,27,190,0.12442396313364056,1.0,3.7070976808760094,200,10,190,0.05,1.0,3.4286467811537458,214,24,190,0.11214953271028037,1.0,1.657823
gaussian,gaussian,250,200,0.7,20,206,200,10,190,193,3,190,0.05,1.0,0.015544041450777202,1.0,211,21,190,194,4,190,0.0995260663507109,1.0,0.020618556701030927,1.0,3.641053454010259,200,10,190,0.05,1.0,3.411948289234733,209,19,190,0.09090909090909091,1.0,3.641053454010259,200,10,190,0.05,1.0,3.430896819897581,206,16,190,0.07766990291262135,1.0,1.810053
gaussian,gaussian,250,200,0.7,20,207,198,8,190,192,2,190,0.04040404040404041,1.0,0.010416666666666666,1.0,212,22,190,192,2,190,0.10377358490566038,1.0,0.010416666666666666,1.0,3.600697043560234,199,9,190,0.04522613065326633,1.0,3.3950862923135308,214,24,190,0.11214953271028037,1.0,3.6816517187979203,197,7,190,0.03553299492385787,1.0,3.438367766692981,208,18,190,0.08653846153846154,1.0,1.790457
gaussian,gaussian,250,200,0.7,20,208,200,10,190,192,2,190,0.05,1.0,0.010416666666666666,1.0,207,17,190,193,3,190,0.0821256038647343,1.0,0.015544041450777202,1.0,3.6225122088468185,200,10,190,0.05,1.0,3.424147703272848,207,17,190,0.0821256038647343,1.0,3.660490916713155,198,8,190,0.04040404040404041,1.0,3.4720404007983814,205,15,190,0.07317073170731707,1.0,1.678162
gaussian,gaussian,250,200,0.7,20,209,197,7,190,191,1,190,0.03553299492385787,1.0,0.005235602094240838,1.0,212,22,190,191,1,190,0.10377358490566038,1.0,0.005235602094240838,1.0,3.6261991692330056,197,7,190,0.03553299492385787,1.0,3.4162116788202015,212,22,190,0.10377358490566038,1.0,3.7131805059057106,195,5,190,0.02564102564102564,1.0,3.470154397727616,209,19,190,0.09090909090909091,1.0,1.622476
gaussian,gaussian,250,200,0.7,20,210,205,15,190,190,0,190,0.07317073170731707,1.0,0.0,1.0,216,26,190,191,1,190,0.12037037037037036,1.0,0.005235602094240838,1.0,3.5943795503867433,206,16,190,0.07766990291262135,1.0,3.415321696289725,217,27,190,0.12442396313364056,1.0,3.6715115328508516,202,12,190,0.0594059405940594,1.0,3.4494571674020382,215,25,190,0.11627906976744186,1.0,1.82046
gaussian,gaussian,250,200,0.7,20,211,204,14,190,190,0,190,0.06862745098039216,1.0,0.0,1.0,218,28,190,193,3,190,0.12844036697247707,1.0,0.015544041450777202,1.0,3.596820123273105,206,16,190,0.07766990291262135,1.0,3.4078856848342447,219,29,190,0.1324200913242009,1.0,3.6431623717327932,202,12,190,0.0594059405940594,1.0,3.4243550281968473,218,28,190,0.12844036697247707,1.0,2.034333
gaussian,gaussian,250,200,0.7,20,212,198,8,190,190,0,190,0.04040404040404041,1.0,0.0,1.0,206,16,190,190,0,190,0.07766990291262135,1.0,0.0,1.0,3.6238575152779715,199,9,190,0.04522613065326633,1.0,3.421991152089094,205,15,190,0.07317073170731707,1.0,3.6492091567132623,198,8,190,0.04040404040404041,1.0,3.44853777189878,203,13,190,0.06403940886699508,1.0,1.894548
gaussian,gaussian,250,200,0.7,20,213,202,12,190,192,2,190,0.0594059405940594,1.0,0.010416666666666666,1.0,214,24,190,193,3,190,0.11214953271028037,1.0,0.015544041450777202,1.0,3.66669136297886,202,12,190,0.0594059405940594,1.0,3.3926603148980052,218,28,190,0.12844036697247707,1.0,3.66669136297886,202,12,190,0.0594059405940594,1.0,3.413874206830284,215,25,190,0.11627906976744186,1.0,1.829
gaussian,gaussian,250,200,0.7,20,214,205,15,190,191,1,190,0.07317073170731707,1.0,0.005235602094240838,1.0,214,24,190,193,3,190,0.11214953271028037,1.0,0.015544041450777202,1.0,3.6092479299672986,206,16,190,0.07766990291262135,1.0,3.412115446848771,215,25,190,0.11627906976744186,1.0,3.7197590857971172,201,11,190,0.05472636815920398,1.0,3.5042142036033233,214,24,190,0.11214953271028037,1.0,1.687885
gaussian,gaussian,250,200,0.7,20,215,197,7,190,193,3,190,0.03553299492385787,1.0,0.015544041450777202,1.0,208,18,190,193,3,190,0.08653846153846154,1.0,0.015544041450777202,1.0,3.614620492921575,197,7,190,0.03553299492385787,1.0,3.403857254349553,209,19,190,0.09090909090909091,1.0,3.704997050528369,196,6,190,0.030612244897959183,1.0,3.4499627152436685,204,14,190,0.06862745098039216,1.0,1.772395
gaussian,gaussian,250,200,0.7,20,216,203,13,190,191,1,190,0.06403940886699508,1.0,0.005235602094240838,1.0,211,21,190,193,3,190,0.0995260663507109,1.0,0.015544041450777202,1.0,3.6077721081513365,203,13,190,0.06403940886699508,1.0,3.400275721554392,213,23,190,0.107981220657277,1.0,3.670711957330239,202,12,190,0.0594059405940594,1.0,3.450240249317337,210,20,190,0.09523809523809523,1.0,1.807796
gaussian,gaussian,250,200,0.7,20,217,196,6,190,190,0,190,0.030612244897959183,1.0,0.0,1.0,215,25,190,190,0,190,0.11627906976744186,1.0,0.0,1.0,3.638930812171704,195,5,190,0.02564102564102564,1.0,3.3953751255064217,214,24,190,0.11214953271028037,1.0,3.638930812171704,195,5,190,0.02564102564102564,1.0,3.4249892398420707,211,21,190,0.0995260663507109,1.0,1.624237
gaussian,gaussian,250,200,0.7,20,218,198,8,190,191,1,190,0.04040404040404041,1.0,0.005235602094240838,1.0,213,23,190,193,3,190,0.107981220657277,1.0,0.015544041450777202,1.0,3.607779815298452,198,8,190,0.04040404040404041,1.0,3.4039794879749463,211,21,190,0.0995260663507109,1.0,3.643218139951132,196,6,190,0.030612244897959183,1.0,3.437358300750092,208,18,190,0.08653846153846154,1.0,1.862481
gaussian,gaussian,250,200,0.7,20,219,199,9,190,190,0,190,0.04522613065326633,1.0,0.0,1.0,215,25,190,193,3,190,0.11627906976744186,1.0,0.015544041450777202,1.0,3.660821292092137,199,9,190,0.04522613065326633,1.0,3.4064812989284574,213,23,190,0.107981220657277,1.0,3.660821292092137,199,9,190,0.04522613065326633,1.0,3.4564029918247736,210,20,190,0.09523809523809523,1.0,1.764566
gaussian,gaussian,250,200,0.7,20,220,197,7,190,190,0,190,0.03553299492385787,1.0,0.0,1.0,214,24,190,190,0,190,0.11214953271028037,1.0,0.0,1.0,3.6088041072994193,198,8,190,0.04040404040404041,1.0,3.3937209474949097,215,25,190,0.11627906976744186,1.0,3.685318655630539,196,6,190,0.030612244897959183,1.0,3.421866894602483,212,22,190,0.10377358490566038,1.0,1.627145
gaussian,gaussian,250,200,0.7,20,221,198,8,190,192,2,190,0.04040404040404041,1.0,0.010416666666666666,1.0,205,15,190,193,3,190,0.07317073170731707,1.0,0.015544041450777202,1.0,3.600951893575795,200,10,190,0.05,1.0,3.4087374068922385,205,15,190,0.07317073170731707,1.0,3.6775031755278538,197,7,190,0.03553299492385787,1.0,3.4564090450934746,204,14,190,0.06862745098039216,1.0,1.698867
gaussian,gaussian,250,200,0.7,20,222,203,13,190,190,0,190,0.06403940886699508,1.0,0.0,1.0,211,21,190,192,2,190,0.0995260663507109,1.0,0.010416666666666666,1.0,3.596894075088589,204,14,190,0.06862745098039216,1.0,3.4192807491397756,211,21,190,0.0995260663507109,1.0,3.6677851051828054,202,12,190,0.0594059405940594,1.0,3.444307117501557,210,20,190,0.09523809523809523,1.0,1.587665
gaussian,gaussian,250,200,0.7,20,223,204,14,190,190,0,190,0.06862745098039216,1.0,0.0,1.0,217,27,190,192,2,190,0.12442396313364056,1.0,0.010416666666666666,1.0,3.611022364381394,203,13,190,0.06403940886699508,1.0,3.3955034875589067,216,26,190,0.12037037037037036,1.0,3.675698811665583,201,11,190,0.05472636815920398,1.0,3.436622070126551,214,24,190,0.11214953271028037,1.0,1.786592
gaussian,gaussian,250,200,0.7,20,224,202,12,190,191,1,190,0.0594059405940594,1.0,0.005235602094240838,1.0,215,25,190,191,1,190,0.11627906976744186,1.0,0.005235602094240838,1.0,3.600517126265429,203,13,190,0.06403940886699508,1.0,3.3901632650986504,220,30,190,0.13636363636363635,1.0,3.6799103105297357,199,9,190,0.04522613065326633,1.0,3.4568171213662797,214,24,190,0.11214953271028037,1.0,1.920456
gaussian,gaussian,250,200,0.7,20,225,199,9,190,191,1,190,0.04522613065326633,1.0,0.005235602094240838,1.0,212,22,190,192,2,190,0.10377358490566038,1.0,0.010416666666666666,1.0,3.6024235134876537,201,11,190,0.05472636815920398,1.0,3.4133089661438816,212,22,190,0.10377358490566038,1.0,3.7077888721019088,197,7,190,0.03553299492385787,1.0,3.443666186623361,208,18,190,0.08653846153846154,1.0,1.738614
gaussian,gaussian,250,200,0.7,20,226,194,4,190,191,1,190,0.020618556701030927,1.0,0.005235602094240838,1.0,214,24,190,192,2,190,0.11214953271028037,1.0,0.010416666666666666,1.0,4.12773924873793,192,2,190,0.010416666666666666,1.0,3.401186356306627,212,22,190,0.10377358490566038,1.0,4.12773924873793,192,2,190,0.010416666666666666,1.0,3.423427862975685,210,20,190,0.09523809523809523,1.0,1.681405
gaussian,gaussian,250,200,0.7,20,227,200,10,190,191,1,190,0.05,1.0,0.005235602094240838,1.0,210,20,190,191,1,190,0.09523809523809523,1.0,0.005235602094240838,1.0,3.6035387910598407,200,10,190,0.05,1.0,3.4111092226697477,210,20,190,0.09523809523809523,1.0,3.6406940798980645,198,8,190,0.04040404040404041,1.0,3.433892464023004,209,19,190,0.09090909090909091,1.0,1.685404
gaussian,gaussian,250,200,0.7,20,228,201,11,190,192,2,190,0.05472636815920398,1.0,0.010416666666666666,1.0,215,25,190,192,2,190,0.11627906976744186,1.0,0.010416666666666666,1.0,3.598721868870953,203,13,190,0.06403940886699508,1.0,3.4212094737234624,214,24,190,0.11214953271028037,1.0,3.6535781711746664,200,10,190,0.05,1.0,3.4385746455958137,213,23,190,0.107981220657277,1.0,1.680315
gaussian,gaussian,250,200,0.7,20,229,202,12,190,190,0,190,0.0594059405940594,1.0,0.0,1.0,210,20,190,191,1,190,0.09523809523809523,1.0,0.005235602094240838,1.0,3.622407150603951,202,12,190,0.0594059405940594,1.0,3.419355218541261,210,20,190,0.09523809523809523,1.0,3.6843723708646308,200,10,190,0.05,1.0,3.4648118229194598,207,17,190,0.0821256038647343,1.0,1.665902
gaussian,gaussian,250,200,0.7,20,230,200,10,190,192,2,190,0.05,1.0,0.010416666666666666,1.0,210,20,190,193,3,190,0.09523809523809523,1.0,0.015544041450777202,1.0,3.615857876552321,200,10,190,0.05,1.0,3.4017453842897996,210,20,190,0.09523809523809523,1.0,3.7205712664335824,197,7,190,0.03553299492385787,1.0,3.494411810431507,203,13,190,0.06403940886699508,1.0,1.855346
gaussian,gaussian,250,200,0.7,20,231,202,12,190,191,1,190,0.0594059405940594,1.0,0.005235602094240838,1.0,210,20,190,192,2,190,0.09523809523809523,1.0,0.010416666666666666,1.0,3.5960775040597146,202,12,190,0.0594059405940594,1.0,3.399034528233269,211,21,190,0.0995260663507109,1.0,3.6289084749747444,200,10,190,0.05,1.0,3.4577154653690987,209,19,190,0.09090909090909091,1.0,1.627116
gaussian,gaussian,250,200,0.7,20,232,199,9,190,191,1,190,0.04522613065326633,1.0,0.005235602094240838,1.0,212,22,190,191,1,190,0.10377358490566038,1.0,0.005235602094240838,1.0,3.6276239298932897,199,9,190,0.04522613065326633,1.0,3.3976854269189984,212,22,190,0.10377358490566038,1.0,3.6276239298932897,199,9,190,0.04522613065326633,1.0,3.4231557668651833,209,19,190,0.09090909090909091,1.0,1.764354
gaussian,gaussian,250,200,0.7,20,233,200,10,190,192,2,190,0.05,1.0,0.010416666666666666,1.0,213,23,190,192,2,190,0.107981220657277,1.0,0.010416666666666666,1.0,3.5991867299567484,202,12,190,0.0594059405940594,1.0,3.398633969260819,214,24,190,0.11214953271028037,1.0,3.6464627076007203,200,10,190,0.05,1.0,3.428091574991859,212,22,190,0.10377358490566038,1.0,1.603983
gaussian,gaussian,250,200,0.7,20,234,195,5,190,190,0,190,0.02564102564102564,1.0,0.0,1.0,205,15,190,191,1,190,0.07317073170731707,1.0,0.005235602094240838,1.0,3.60519171193904,196,6,190,0.030612244897959183,1.0,3.43062908366948,207,17,190,0.0821256038647343,1.0,3.746216262987993,195,5,190,0.02564102564102564,1.0,3.4874530301181155,205,15,190,0.07317073170731707,1.0,1.688963
gaussian,gaussian,250,200,0.7,20,235,206,16,190,193,3,190,0.07766990291262135,1.0,0.015544041450777202,1.0,212,22,190,194,4,190,0.10377358490566038,1.0,0.020618556701030927,1.0,3.593948184650864,205,15,190,0.07317073170731707,1.0,3.401732837396195,210,20,190,0.09523809523809523,1.0,3.6296995517154507,203,13,190,0.06403940886699508,1.0,3.4782421426896457,208,18,190,0.08653846153846154,1.0,1.606029
gaussian,gaussian,250,200,0.7,20,236,198,8,190,191,1,190,0.04040404040404041,1.0,0.005235602094240838,1.0,212,22,190,193,3,190,0.10377358490566038,1.0,0.015544041450777202,1.0,3.615954952811792,198,8,190,0.04040404040404041,1.0,3.4046330648286087,211,21,190,0.0995260663507109,1.0,3.6660957286338003,197,7,190,0.03553299492385787,1.0,3.479975829048304,207,17,190,0.0821256038647343,1.0,1.952954
gaussian,gaussian,250,200,0.7,20,237,198,8,190,190,0,190,0.04040404040404041,1.0,0.0,1.0,209,19,190,192,2,190,0.09090909090909091,1.0,0.010416666666666666,1.0,3.6155392956648753,198,8,190,0.04040404040404041,1.0,3.4025124478593343,210,20,190,0.09523809523809523,1.0,3.642668148412286,197,7,190,0.03553299492385787,1.0,3.451954375116132,207,17,190,0.0821256038647343,1.0,1.676889
gaussian,gaussian,250,200,0.7,20,238,203,13,190,192,2,190,0.06403940886699508,1.0,0.010416666666666666,1.0,215,25,190,193,3,190,0.11627906976744186,1.0,0.015544041450777202,1.0,3.661747685021268,203,13,190,0.06403940886699508,1.0,3.4522951049511845,215,25,190,0.11627906976744186,1.0,3.661747685021268,203,13,190,0.06403940886699508,1.0,3.4522951049511845,215,25,190,0.11627906976744186,1.0,1.594495
gaussian,gaussian,250,200,0.7,20,239,202,12,190,191,1,190,0.0594059405940594,1.0,0.005235602094240838,1.0,212,22,190,192,2,190,0.10377358490566038,1.0,0.010416666666666666,1.0,3.622527077393669,202,12,190,0.0594059405940594,1.0,3.4013356715448,214,24,190,0.11214953271028037,1.0,3.66867215827245,201,11,190,0.05472636815920398,1.0,3.435467077389219,210,20,190,0.09523809523809523,1.0,1.780461
gaussian,gaussian,250,200,0.7,20,240,200,10,190,191,1,190,0.05,1.0,0.005235602094240838,1.0,212,22,190,192,2,190,0.10377358490566038,1.0,0.010416666666666666,1.0,3.607206877202741,202,12,190,0.0594059405940594,1.0,3.4204461158097956,211,21,190,0.0995260663507109,1.0,3.6824233051715787,199,9,190,0.04522613065326633,1.0,3.445017336345389,209,19,190,0.09090909090909091,1.0,1.6562
gaussian,gaussian,250,200,0.7,20,241,199,9,190,190,0,190,0.04522613065326633,1.0,0.0,1.0,213,23,190,190,0,190,0.107981220657277,1.0,0.0,1.0,3.654052110706405,199,9,190,0.04522613065326633,1.0,3.399571201282618,215,25,190,0.11627906976744186,1.0,3.7216097411170623,196,6,190,0.030612244897959183,1.0,3.4541651099123847,209,19,190,0.09090909090909091,1.0,1.639558
gaussian,gaussian,250,200,0.7,20,242,193,3,190,190,0,190,0.015544041450777202,1.0,0.0,1.0,204,14,190,190,0,190,0.06862745098039216,1.0,0.0,1.0,3.6433777275550536,193,3,190,0.015544041450777202,1.0,3.410447558153789,206,16,190,0.07766990291262135,1.0,3.70447857954066,192,2,190,0.010416666666666666,1.0,3.4596206539714713,200,10,190,0.05,1.0,1.851817
gaussian,gaussian,250,200,0.7,20,243,201,11,190,191,1,190,0.05472636815920398,1.0,0.005235602094240838,1.0,217,27,190,191,1,190,0.12442396313364056,1.0,0.005235602094240838,1.0,3.6173382047257547,199,9,190,0.04522613065326633,1.0,3.4019481080601532,215,25,190,0.11627906976744186,1.0,3.6785994524868726,198,8,190,0.04040404040404041,1.0,3.4019481080601532,215,25,190,0.11627906976744186,1.0,1.680728
gaussian,gaussian,250,200,0.7,20,244,197,7,190,190,0,190,0.03553299492385787,1.0,0.0,1.0,206,16,190,192,2,190,0.07766990291262135,1.0,0.010416666666666666,1.0,3.6140299970139407,197,7,190,0.03553299492385787,1.0,3.4204048452917166,206,16,190,0.07766990291262135,1.0,3.64813711671251,196,6,190,0.030612244897959183,1.0,3.4258182784978217,205,15,190,0.07317073170731707,1.0,1.647118
gaussian,gaussian,250,200,0.7,20,245,200,10,190,193,3,190,0.05,1.0,0.015544041450777202,1.0,207,17,190,194,4,190,0.0821256038647343,1.0,0.020618556701030927,1.0,3.6641442130342083,200,10,190,0.05,1.0,3.4006722805053036,210,20,190,0.09523809523809523,1.0,3.6641442130342083,200,10,190,0.05,1.0,3.4672923614823596,206,16,190,0.07766990291262135,1.0,1.701541
gaussian,gaussian,250,200,0.7,20,246,202,12,190,191,1,190,0.0594059405940594,1.0,0.005235602094240838,1.0,218,28,190,192,2,190,0.12844036697247707,1.0,0.010416666666666666,1.0,3.613468183168483,201,11,190,0.05472636815920398,1.0,3.3994311658496232,218,28,190,0.12844036697247707,1.0,3.649565427195849,199,9,190,0.04522613065326633,1.0,3.4303873824694207,217,27,190,0.12442396313364056,1.0,1.760706
gaussian,gaussian,250,200,0.7,20,247,205,15,190,191,1,190,0.07317073170731707,1.0,0.005235602094240838,1.0,220,30,190,191,1,190,0.13636363636363635,1.0,0.005235602094240838,1.0,3.646041829359073,205,15,190,0.07317073170731707,1.0,3.4118053371270913,219,29,190,0.1324200913242009,1.0,3.646041829359073,205,15,190,0.07317073170731707,1.0,3.423193908251337,218,28,190,0.12844036697247707,1.0,1.590522
gaussian,gaussian,250,200,0.7,20,248,197,7,190,190,0,190,0.03553299492385787,1.0,0.0,1.0,205,15,190,190,0,190,0.07317073170731707,1.0,0.0,1.0,3.6244717085193146,197,7,190,0.03553299492385787,1.0,3.4135988800888653,206,16,190,0.07766990291262135,1.0,3.6565995993913667,196,6,190,0.030612244897959183,1.0,3.4806094493734525,202,12,190,0.0594059405940594,1.0,1.817862
gaussian,gaussian,250,200,0.7,20,249,196,6,190,190,0,190,0.030612244897959183,1.0,0.0,1.0,207,17,190,191,1,190,0.0821256038647343,1.0,0.005235602094240838,1.0,3.606336340320607,198,8,190,0.04040404040404041,1.0,3.406206076107062,209,19,190,0.09090909090909091,1.0,3.6479456159796726,196,6,190,0.030612244897959183,1.0,3.442103044531448,204,14,190,0.06862745098039216,1.0,1.752671
gaussian,gaussian,250,200,0.7,20,250,197,7,190,191,1,190,0.03553299492385787,1.0,0.005235602094240838,1.0,204,14,190,193,3,190,0.06862745098039216,1.0,0.015544041450777202,1.0,3.6020553099354107,198,8,190,0.04040404040404041,1.0,3.4249540400482985,204,14,190,0.06862745098039216,1.0,3.6462835700185696,196,6,190,0.030612244897959183,1.0,3.461063273898326,202,12,190,0.0594059405940594,1.0,1.778977
gaussian,gaussian,250,200,0.7,20,251,200,10,190,190,0,190,0.05,1.0,0.0,1.0,213,23,190,192,2,190,0.107981220657277,1.0,0.010416666666666666,1.0,3.6161361010128776,201,11,190,0.05472636815920398,1.0,3.391974511823875,216,26,190,0.12037037037037036,1.0,3.664682104320655,199,9,190,0.04522613065326633,1.0,3.4475373973311743,212,22,190,0.10377358490566038,1.0,1.656103
gaussian,gaussian,250,200,0.7,20,252,195,5,190,191,1,190,0.02564102564102564,1.0,0.005235602094240838,1.0,202,12,190,192,2,190,0.0594059405940594,1.0,0.010416666666666666,1.0,3.63890807374842,195,5,190,0.02564102564102564,1.0,3.4144972700206746,202,12,190,0.0594059405940594,1.0,3.6644376548592748,194,4,190,0.020618556701030927,1.0,3.495528018789335,199,9,190,0.04522613065326633,1.0,1.782228
gaussian,gaussian,250,200,0.7,20,253,197,7,190,190,0,190,0.03553299492385787,1.0,0.0,1.0,216,26,190,190,0,190,0.12037037037037036,1.0,0.0,1.0,3.5998140816000777,199,9,190,0.04522613065326633,1.0,3.3911917188113123,218,28,190,0.12844036697247707,1.0,3.638705143912107,197,7,190,0.03553299492385787,1.0,3.420777919142301,214,24,190,0.11214953271028037,1.0,1.642342
gaussian,gaussian,250,200,0.7,20,254,200,10,190,191,1,190,0.05,1.0,0.005235602094240838,1.0,208,18,190,192,2,190,0.08653846153846154,1.0,0.010416666666666666,1.0,3.700848934586356,200,10,190,0.05,1.0,3.41839851598681,208,18,190,0.08653846153846154,1.0,3.700848934586356,200,10,190,0.05,1.0,3.4392436474103807,206,16,190,0.07766990291262135,1.0,1.764131
gaussian,gaussian,250,200,0.7,20,255,202,12,190,191,1,190,0.0594059405940594,1.0,0.005235602094240838,1.0,213,23,190,194,4,190,0.107981220657277,1.0,0.020618556701030927,1.0,3.632432112698455,202,12,190,0.0594059405940594,1.0,3.4032204478729087,213,23,190,0.107981220657277,1.0,3.632432112698455,202,12,190,0.0594059405940594,1.0,3.4293969415588528,210,20,190,0.09523809523809523,1.0,1.83673
gaussian,gaussian,250,200,0.7,20,256,201,11,190,191,1,190,0.05472636815920398,1.0,0.005235602094240838,1.0,213,23,190,192,2,190,0.107981220657277,1.0,0.010416666666666666,1.0,3.6204773214330235,201,11,190,0.05472636815920398,1.0,3.411221855311325,215,25,190,0.11627906976744186,1.0,3.7023220441720435,198,8,190,0.04040404040404041,1.0,3.437079481344712,212,22,190,0.10377358490566038,1.0,1.589394
gaussian,gaussian,250,200,0.7,20,257,198,8,190,190,0,190,0.04040404040404041,1.0,0.0,1.0,203,13,190,190,0,190,0.06403940886699508,1.0,0.0,1.0,3.611808998982615,198,8,190,0.04040404040404041,1.0,3.433375493718848,204,14,190,0.06862745098039216,1.0,3.656089738007336,197,7,190,0.03553299492385787,1.0,3.433375493718848,204,14,190,0.06862745098039216,1.0,1.694401
gaussian,gaussian,250,200,0.7,20,258,196,6,190,190,0,190,0.030612244897959183,1.0,0.0,1.0,206,16,190,190,0,190,0.07766990291262135,1.0,0.0,1.0,3.6435303268064674,196,6,190,0.030612244897959183,1.0,3.408291553023655,205,15,190,0.07317073170731707,1.0,3.690486905624012,195,5,190,0.02564102564102564,1.0,3.505701306649718,201,11,190,0.05472636815920398,1.0,1.667522
gaussian,gaussian,250,200,0.7,20,259,200,10,190,192,2,190,0.05,1.0,0.010416666666666666,1.0,206,16,190,195,5,190,0.07766990291262135,1.0,0.02564102564102564,1.0,3.656659712312454,200,10,190,0.05,1.0,3.4158296888579534,206,16,190,0.07766990291262135,1.0,3.656659712312454,200,10,190,0.05,1.0,3.454566296560442,205,15,190,0.07317073170731707,1.0,1.735117
gaussian,gaussian,250,200,0.7,20,260,194,4,190,190,0,190,0.020618556701030927,1.0,0.0,1.0,201,11,190,190,0,190,0.05472636815920398,1.0,0.0,1.0,3.609862303053208,197,7,190,0.03553299492385787,1.0,3.417304433805576,203,13,190,0.06403940886699508,1.0,3.651449810253907,195,5,190,0.02564102564102564,1.0,3.457716240153136,200,10,190,0.05,1.0,1.925484
gaussian,gaussian,250,200,0.7,20,261,200,10,190,191,1,190,0.05,1.0,0.005235602094240838,1.0,213,23,190,191,1,190,0.107981220657277,1.0,0.005235602094240838,1.0,3.61468570985293,200,10,190,0.05,1.0,3.3983885914611505,213,23,190,0.107981220657277,1.0,3.659201214406898,198,8,190,0.04040404040404041,1.0,3.445676837065906,210,20,190,0.09523809523809523,1.0,1.678967
gaussian,gaussian,250,200,0.7,20,262,202,12,190,190,0,190,0.0594059405940594,1.0,0.0,1.0,217,27,190,192,2,190,0.12442396313364056,1.0,0.010416666666666666,1.0,3.6565744765819326,202,12,190,0.0594059405940594,1.0,3.4077960336145314,217,27,190,0.12442396313364056,1.0,3.6565744765819326,202,12,190,0.0594059405940594,1.0,3.474325985186208,211,21,190,0.0995260663507109,1.0,1.725809
gaussian,gaussian,250,200,0.7,20,263,198,8,190,191,1,190,0.04040404040404041,1.0,0.005235602094240838,1.0,205,15,190,193,3,190,0.07317073170731707,1.0,0.015544041450777202,1.0,3.6595115509549716,198,8,190,0.04040404040404041,1.0,3.4140849401640394,205,15,190,0.07317073170731707,1.0,3.6595115509549716,198,8,190,0.04040404040404041,1.0,3.4140849401640394,205,15,190,0.07317073170731707,1.0,1.597617
gaussian,gaussian,250,200,0.7,20,264,201,11,190,191,1,190,0.05472636815920398,1.0,0.005235602094240838,1.0,213,23,190,192,2,190,0.107981220657277,1.0,0.010416666666666666,1.0,3.600878797507869,201,11,190,0.05472636815920398,1.0,3.399138952031449,213,23,190,0.107981220657277,1.0,3.6583646668881658,198,8,190,0.04040404040404041,1.0,3.4519420348137086,211,21,190,0.0995260663507109,1.0,1.660474
gaussian,gaussian,250,200,0.7,20,265,195,5,190,190,0,190,0.02564102564102564,1.0,0.0,1.0,204,14,190,191,1,190,0.06862745098039216,1.0,0.005235602094240838,1.0,3.605699356226859,195,5,190,0.02564102564102564,1.0,3.4081385880823545,205,15,190,0.07317073170731707,1.0,3.7246463909454977,194,4,190,0.020618556701030927,1.0,3.4925254354426394,201,11,190,0.05472636815920398,1.0,1.743565
gaussian,gaussian,250,200,0.7,20,266,196,6,190,191,1,190,0.030612244897959183,1.0,0.005235602094240838,1.0,202,12,190,191,1,190,0.0594059405940594,1.0,0.005235602094240838,1.0,3.604820168866531,197,7,190,0.03553299492385787,1.0,3.4122179818690332,203,13,190,0.06403940886699508,1.0,3.6783370614830413,195,5,190,0.02564102564102564,1.0,3.4589713267923425,201,11,190,0.05472636815920398,1.0,1.825848
gaussian,gaussian,250,200,0.7,20,267,197,7,190,190,0,190,0.03553299492385787,1.0,0.0,1.0,211,21,190,190,0,190,0.0995260663507109,1.0,0.0,1.0,3.6056140248506794,197,7,190,0.03553299492385787,1.0,3.399902752319781,212,22,190,0.10377358490566038,1.0,3.6510171343887183,195,5,190,0.02564102564102564,1.0,3.4188023343127205,211,21,190,0.0995260663507109,1.0,1.695554
gaussian,gaussian,250,200,0.7,20,268,200,10,190,190,0,190,0.05,1.0,0.0,1.0,208,18,190,190,0,190,0.08653846153846154,1.0,0.0,1.0,3.637353382093637,200,10,190,0.05,1.0,3.4151691254415124,208,18,190,0.08653846153846154,1.0,3.637353382093637,200,10,190,0.05,1.0,3.4151691254415124,208,18,190,0.08653846153846154,1.0,1.665261
gaussian,gaussian,250,200,0.7,20,269,197,7,190,192,2,190,0.03553299492385787,1.0,0.010416666666666666,1.0,205,15,190,192,2,190,0.07317073170731707,1.0,0.010416666666666666,1.0,3.608386681525087,198,8,190,0.04040404040404041,1.0,3.4423539827213054,204,14,190,0.06862745098039216,1.0,3.6301649334043864,196,6,190,0.030612244897959183,1.0,3.4423539827213054,204,14,190,0.06862745098039216,1.0,1.677415
gaussian,gaussian,250,200,0.7,20,270,198,8,190,190,0,190,0.04040404040404041,1.0,0.0,1.0,211,21,190,191,1,190,0.0995260663507109,1.0,0.005235602094240838,1.0,3.6334540066400516,198,8,190,0.04040404040404041,1.0,3.3959008423850205,214,24,190,0.11214953271028037,1.0,3.6506625337674357,197,7,190,0.03553299492385787,1.0,3.4779719597835634,209,19,190,0.09090909090909091,1.0,1.692859
gaussian,gaussian,250,200,0.7,20,271,199,9,190,190,0,190,0.04522613065326633,1.0,0.0,1.0,210,20,190,191,1,190,0.09523809523809523,1.0,0.005235602094240838,1.0,3.6165237564333985,199,9,190,0.04522613065326633,1.0,3.3998303565562464,210,20,190,0.09523809523809523,1.0,3.646022762007102,198,8,190,0.04040404040404041,1.0,3.426115734052325,209,19,190,0.09090909090909091,1.0,1.734154
gaussian,gaussian,250,200,0.7,20,272,199,9,190,190,0,190,0.04522613065326633,1.0,0.0,1.0,214,24,190,190,0,190,0.11214953271028037,1.0,0.0,1.0,3.64345990635702,198,8,190,0.04040404040404041,1.0,3.4092229920033463,213,23,190,0.107981220657277,1.0,3.6907912816790067,196,6,190,0.030612244897959183,1.0,3.4474528198770464,207,17,190,0.0821256038647343,1.0,1.781044
gaussian,gaussian,250,200,0.7,20,273,199,9,190,192,2,190,0.04522613065326633,1.0,0.010416666666666666,1.0,207,17,190,192,2,190,0.0821256038647343,1.0,0.010416666666666666,1.0,3.618124283665144,198,8,190,0.04040404040404041,1.0,3.411274095274754,207,17,190,0.0821256038647343,1.0,3.6283821577903654,197,7,190,0.03553299492385787,1.0,3.44689161266359,206,16,190,0.07766990291262135,1.0,1.734272
gaussian,gaussian,250,200,0.7,20,274,196,6,190,192,2,190,0.030612244897959183,1.0,0.010416666666666666,1.0,211,21,190,192,2,190,0.0995260663507109,1.0,0.010416666666666666,1.0,3.6703187636963976,196,6,190,0.030612244897959183,1.0,3.400543728242532,214,24,190,0.11214953271028037,1.0,3.699132031693536,195,5,190,0.02564102564102564,1.0,3.4601637516915873,208,18,190,0.08653846153846154,1.0,1.591979
gaussian,gaussian,250,200,0.7,20,275,198,8,190,191,1,190,0.04040404040404041,1.0,0.005235602094240838,1.0,208,18,190,193,3,190,0.08653846153846154,1.0,0.015544041450777202,1.0,3.605483736576731,198,8,190,0.04040404040404041,1.0,3.4189952917940425,208,18,190,0.08653846153846154,1.0,3.6453382196836843,197,7,190,0.03553299492385787,1.0,3.4494244167991353,207,17,190,0.0821256038647343,1.0,1.830971
gaussian,gaussian,250,200,0.7,20,276,198,8,190,190,0,190,0.04040404040404041,1.0,0.0,1.0,208,18,190,192,2,190,0.08653846153846154,1.0,0.010416666666666666,1.0,3.715799016282436,198,8,190,0.04040404040404041,1.0,3.4333298132281835,208,18,190,0.08653846153846154,1.0,3.715799016282436,198,8,190,0.04040404040404041,1.0,3.4333298132281835,208,18,190,0.08653846153846154,1.0,1.694541
gaussian,gaussian,250,200,0.7,20,277,203,13,190,190,0,190,0.06403940886699508,1.0,0.0,1.0,213,23,190,194,4,190,0.107981220657277,1.0,0.020618556701030927,1.0,3.624138775436436,203,13,190,0.06403940886699508,1.0,3.3994676179914527,214,24,190,0.11214953271028037,1.0,3.6438208167909507,202,12,190,0.0594059405940594,1.0,3.4434677913113836,209,19,190,0.09090909090909091,1.0,1.58226
gaussian,gaussian,250,200,0.7,20,278,206,16,190,191,1,190,0.07766990291262135,1.0,0.005235602094240838,1.0,218,28,190,191,1,190,0.12844036697247707,1.0,0.005235602094240838,1.0,3.603424925449522,206,16,190,0.07766990291262135,1.0,3.388230502420429,221,31,190,0.14027149321266968,1.0,3.661246486112578,202,12,190,0.0594059405940594,1.0,3.4510088677636475,216,26,190,0.12037037037037036,1.0,1.896
gaussian,gaussian,250,200,0.7,20,279,198,8,190,191,1,190,0.04040404040404041,1.0,0.005235602094240838,1.0,215,25,190,193,3,190,0.11627906976744186,1.0,0.015544041450777202,1.0,3.610282346827248,198,8,190,0.04040404040404041,1.0,3.3962295952971755,215,25,190,0.11627906976744186,1.0,3.707811633017021,196,6,190,0.030612244897959183,1.0,3.4433301966097543,210,20,190,0.09523809523809523,1.0,1.626888
gaussian,gaussian,250,200,0.7,20,280,200,10,190,191,1,190,0.05,1.0,0.005235602094240838,1.0,207,17,190,191,1,190,0.0821256038647343,1.0,0.005235602094240838,1.0,3.6147731623267503,201,11,190,0.05472636815920398,1.0,3.403645695632916,209,19,190,0.09090909090909091,1.0,3.6673974314183995,198,8,190,0.04040404040404041,1.0,3.463384687227202,206,16,190,0.07766990291262135,1.0,1.677199
gaussian,gaussian,250,200,0.7,20,281,197,7,190,191,1,190,0.03553299492385787,1.0,0.005235602094240838,1.0,206,16,190,191,1,190,0.07766990291262135,1.0,0.005235602094240838,1.0,3.605522840146899,197,7,190,0.03553299492385787,1.0,3.42259993602792,206,16,190,0.07766990291262135,1.0,3.674401808804374,195,5,190,0.02564102564102564,1.0,3.461128779946671,201,11,190,0.05472636815920398,1.0,1.724659
gaussian,gaussian,250,200,0.7,20,282,203,13,190,193,3,190,0.06403940886699508,1.0,0.015544041450777202,1.0,212,22,190,195,5,190,0.10377358490566038,1.0,0.02564102564102564,1.0,3.598064307450636,201,11,190,0.05472636815920398,1.0,3.425971144426716,211,21,190,0.0995260663507109,1.0,3.608780845853295,200,10,190,0.05,1.0,3.425971144426716,211,21,190,0.0995260663507109,1.0,1.704773
gaussian,gaussian,250,200,0.7,20,283,199,9,190,191,1,190,0.04522613065326633,1.0,0.005235602094240838,1.0,210,20,190,192,2,190,0.09523809523809523,1.0,0.010416666666666666,1.0,3.7329324507969748,199,9,190,0.04522613065326633,1.0,3.4122171709213145,210,20,190,0.09523809523809523,1.0,3.7329324507969748,199,9,190,0.04522613065326633,1.0,3.4362568576568595,208,18,190,0.08653846153846154,1.0,1.570528
gaussian,gaussian,250,200,0.7,20,284,195,5,190,190,0,190,0.02564102564102564,1.0,0.0,1.0,207,17,190,190,0,190,0.0821256038647343,1.0,0.0,1.0,3.6066243714358155,196,6,190,0.030612244897959183,1.0,3.421215243455509,207,17,190,0.0821256038647343,1.0,3.6972267746656966,194,4,190,0.020618556701030927,1.0,3.4485972304994115,204,14,190,0.06862745098039216,1.0,1.867717
gaussian,gaussian,250,200,0.7,20,285,196,6,190,191,1,190,0.030612244897959183,1.0,0.005235602094240838,1.0,210,20,190,191,1,190,0.09523809523809523,1.0,0.005235602094240838,1.0,3.6030377881831157,196,6,190,0.030612244897959183,1.0,3.4037306598306114,210,20,190,0.09523809523809523,1.0,3.6561761534878077,194,4,190,0.020618556701030927,1.0,3.4194803771682616,209,19,190,0.09090909090909091,1.0,1.896877
gaussian,gaussian,250,200,0.7,20,286,201,11,190,192,2,190,0.05472636815920398,1.0,0.010416666666666666,1.0,219,29,190,192,2,190,0.1324200913242009,1.0,0.010416666666666666,1.0,3.6068869489588256,201,11,190,0.05472636815920398,1.0,3.3978041935388337,218,28,190,0.12844036697247707,1.0,3.723904175558974,198,8,190,0.04040404040404041,1.0,3.4276833593167204,217,27,190,0.12442396313364056,1.0,1.621186
gaussian,gaussian,250,200,0.7,20,287,201,11,190,190,0,190,0.05472636815920398,1.0,0.0,1.0,218,28,190,190,0,190,0.12844036697247707,1.0,0.0,1.0,3.5988197421064245,201,11,190,0.05472636815920398,1.0,3.399161575273456,219,29,190,0.1324200913242009,1.0,3.6308913547282664,200,10,190,0.05,1.0,3.428700897909232,216,26,190,0.12037037037037036,1.0,1.647053
gaussian,gaussian,250,200,0.7,20,288,200,10,190,190,0,190,0.05,1.0,0.0,1.0,213,23,190,191,1,190,0.107981220657277,1.0,0.005235602094240838,1.0,3.6463649308719805,200,10,190,0.05,1.0,3.3996682422881674,213,23,190,0.107981220657277,1.0,3.6463649308719805,200,10,190,0.05,1.0,3.443017263792978,211,21,190,0.0995260663507109,1.0,1.770358
gaussian,gaussian,250,200,0.7,20,289,206,16,190,191,1,190,0.07766990291262135,1.0,0.005235602094240838,1.0,220,30,190,192,2,190,0.13636363636363635,1.0,0.010416666666666666,1.0,3.61966678560509,206,16,190,0.07766990291262135,1.0,3.388962747015962,221,31,190,0.14027149321266968,1.0,3.631494002451024,205,15,190,0.07317073170731707,1.0,3.419603348420984,219,29,190,0.1324200913242009,1.0,1.674429
gaussian,gaussian,250,200,0.7,20,290,201,11,190,192,2,190,0.05472636815920398,1.0,0.010416666666666666,1.0,207,17,190,195,5,190,0.0821256038647343,1.0,0.02564102564102564,1.0,3.6211569542907958,201,11,190,0.05472636815920398,1.0,3.4038194822907197,208,18,190,0.08653846153846154,1.0,3.658590770289841,200,10,190,0.05,1.0,3.4424462918856396,207,17,190,0.0821256038647343,1.0,1.740944
gaussian,gaussian,250,200,0.7,20,291,200,10,190,190,0,190,0.05,1.0,0.0,1.0,210,20,190,190,0,190,0.09523809523809523,1.0,0.0,1.0,3.6143862309241586,199,9,190,0.04522613065326633,1.0,3.41202174298695,209,19,190,0.09090909090909091,1.0,3.6353659484061573,198,8,190,0.04040404040404041,1.0,3.4303187407808235,208,18,190,0.08653846153846154,1.0,1.781522
gaussian,gaussian,250,200,0.7,20,292,198,8,190,190,0,190,0.04040404040404041,1.0,0.0,1.0,213,23,190,191,1,190,0.107981220657277,1.0,0.005235602094240838,1.0,3.6183864716016867,197,7,190,0.03553299492385787,1.0,3.4121620537658512,213,23,190,0.107981220657277,1.0,3.63266523870625,196,6,190,0.030612244897959183,1.0,3.4281353617442596,210,20,190,0.09523809523809523,1.0,1.670443
gaussian,gaussian,250,200,0.7,20,293,202,12,190,191,1,190,0.0594059405940594,1.0,0.005235602094240838,1.0,214,24,190,192,2,190,0.11214953271028037,1.0,0.010416666666666666,1.0,3.672635881178698,200,10,190,0.05,1.0,3.405533763367402,214,24,190,0.11214953271028037,1.0,3.672635881178698,200,10,190,0.05,1.0,3.4426561146540897,213,23,190,0.107981220657277,1.0,1.585848
gaussian,gaussian,250,200,0.7,20,294,195,5,190,190,0,190,0.02564102564102564,1.0,0.0,1.0,203,13,190,190,0,190,0.06403940886699508,1.0,0.0,1.0,3.604656915389518,196,6,190,0.030612244897959183,1.0,3.4081950025137755,206,16,190,0.07766990291262135,1.0,3.702392668276633,195,5,190,0.02564102564102564,1.0,3.493689761595893,201,11,190,0.05472636815920398,1.0,1.807335
gaussian,gaussian,250,200,0.7,20,295,197,7,190,190,0,190,0.03553299492385787,1.0,0.0,1.0,220,30,190,190,0,190,0.13636363636363635,1.0,0.0,1.0,3.6078561569825087,198,8,190,0.04040404040404041,1.0,3.397500476759405,220,30,190,0.13636363636363635,1.0,3.6684569455668354,195,5,190,0.02564102564102564,1.0,3.4289477815958365,217,27,190,0.12442396313364056,1.0,1.637496
gaussian,gaussian,250,200,0.7,20,296,198,8,190,191,1,190,0.04040404040404041,1.0,0.005235602094240838,1.0,205,15,190,191,1,190,0.07317073170731707,1.0,0.005235602094240838,1.0,3.6310765325327736,197,7,190,0.03553299492385787,1.0,3.4705752763003117,204,14,190,0.06862745098039216,1.0,3.6310765325327736,197,7,190,0.03553299492385787,1.0,3.4705752763003117,204,14,190,0.06862745098039216,1.0,1.801843
gaussian,gaussian,250,200,0.7,20,297,203,13,190,192,2,190,0.06403940886699508,1.0,0.010416666666666666,1.0,216,26,190,192,2,190,0.12037037037037036,1.0,0.010416666666666666,1.0,3.5994076104118755,203,13,190,0.06403940886699508,1.0,3.3977825872969576,217,27,190,0.12442396313364056,1.0,3.6941719285007175,200,10,190,0.05,1.0,3.44613164345491,214,24,190,0.11214953271028037,1.0,1.664131
gaussian,gaussian,250,200,0.7,20,298,202,12,190,192,2,190,0.0594059405940594,1.0,0.010416666666666666,1.0,214,24,190,194,4,190,0.11214953271028037,1.0,0.020618556701030927,1.0,3.605311660735741,202,12,190,0.0594059405940594,1.0,3.41017755520329,214,24,190,0.11214953271028037,1.0,3.701899916311272,199,9,190,0.04522613065326633,1.0,3.454481915622514,212,22,190,0.10377358490566038,1.0,1.761278
gaussian,gaussian,250,200,0.7,20,299,200,10,190,193,3,190,0.05,1.0,0.015544041450777202,1.0,215,25,190,193,3,190,0.11627906976744186,1.0,0.015544041450777202,1.0,3.597335585140471,201,11,190,0.05472636815920398,1.0,3.395397944186097,215,25,190,0.11627906976744186,1.0,3.6388772947343395,200,10,190,0.05,1.0,3.4616830851328015,209,19,190,0.09090909090909091,1.0,1.578356
