model,x_model,p,n,rho,block,seed,R_bh_0.05,V_bh_0.05,S_bh_0.05,R_by_0.05,V_by_0.05,S_by_0.05,fdr_bh_0.05,power_bh_0.05,fdr_by_0.05,power_by_0.05,R_bh_0.1,V_bh_0.1,S_bh_0.1,R_by_0.1,V_by_0.1,S_by_0.1,fdr_bh_0.1,power_bh_0.1,fdr_by_0.1,power_by_0.1,t_lct_0.05,R_lct_0.05,V_lct_0.05,S_lct_0.05,fdr_lct_0.05,power_lct_0.05,t_lct_0.1,R_lct_0.1,V_lct_0.1,S_lct_0.1,fdr_lct_0.1,power_lct_0.1,t_lctb_0.05_B100,R_lctb_0.05_B100,V_lctb_0.05_B100,S_lctb_0.05_B100,fdr_lctb_0.05_B100,power_lctb_0.05_B100,t_lctb_0.1_B100,R_lctb_0.1_B100,V_lctb_0.1_B100,S_lctb_0.1_B100,fdr_lctb_0.1_B100,power_lctb_0.1_B100,wall_time_s
nmix,nmix,250,120,0.5,20,0,463,348,115,87,30,57,0.7516198704103672,0.6052631578947368,0.3448275862068966,0.3,920,788,132,119,52,67,0.8565217391304348,0.6947368421052632,0.4369747899159664,0.3526315789473684,3.887139373467883,64,3,61,0.046875,0.32105263157894737,3.6627480272175457,79,8,71,0.10126582278481013,0.3736842105263158,4.475491549618686,36,1,35,0.027777777777777776,0.18421052631578946,3.838191657241582,67,5,62,0.07462686567164178,0.3263157894736842,1.280133
nmix,nmix,250,120,0.5,20,1,583,418,165,183,54,129,0.7169811320754716,0.868421052631579,0.29508196721311475,0.6789473684210526,1030,857,173,234,92,142,0.8320388349514564,0.9105263157894737,0.39316239316239315,0.7473684210526316,3.6567922889818565,160,11,149,0.06875,0.7842105263157895,3.4705026755284263,175,21,154,0.12,0.8105263157894737,3.8132151380201393,146,7,139,0.04794520547945205,0.7315789473684211,3.526510165976331,172,19,153,0.11046511627906977,0.8052631578947368,1.228332
nmix,nmix,250,120,0.5,20,2,326,209,117,79,18,61,0.6411042944785276,0.6157894736842106,0.22784810126582278,0.32105263157894737,667,527,140,103,32,71,0.7901049475262368,0.7368421052631579,0.3106796116504854,0.3736842105263158,3.8769532166833063,76,6,70,0.07894736842105263,0.3684210526315789,3.638915392480549,87,9,78,0.10344827586206896,0.4105263157894737,4.13059676864319,63,4,59,0.06349206349206349,0.3105263157894737,3.755768800369185,80,7,73,0.0875,0.38421052631578945,1.232961
nmix,nmix,250,120,0.5,20,3,459,310,149,138,36,102,0.6753812636165577,0.7842105263157895,0.2608695652173913,0.5368421052631579,835,669,166,203,85,118,0.8011976047904191,0.8736842105263158,0.4187192118226601,0.6210526315789474,3.717574623520963,132,12,120,0.09090909090909091,0.631578947368421,3.4845597995738116,155,23,132,0.14838709677419354,0.6947368421052632,3.8840937361974466,117,6,111,0.05128205128205128,0.5842105263157895,3.605820210841287,144,18,126,0.125,0.6631578947368421,1.367821
nmix,nmix,250,120,0.5,20,4,344,237,107,72,21,51,0.688953488372093,0.5631578947368421,0.2916666666666667,0.26842105263157895,684,559,125,106,43,63,0.8172514619883041,0.6578947368421053,0.4056603773584906,0.33157894736842103,3.9230383797981063,61,2,59,0.03278688524590164,0.3105263157894737,3.6779950655239833,76,9,67,0.11842105263157894,0.3526315789473684,4.239479328713196,46,1,45,0.021739130434782608,0.23684210526315788,3.838459196934803,63,4,59,0.06349206349206349,0.3105263157894737,1.418375
nmix,nmix,250,120,0.5,20,5,565,398,167,152,33,119,0.7044247787610619,0.8789473684210526,0.21710526315789475,0.6263157894736842,1046,866,180,204,73,131,0.8279158699808795,0.9473684210526315,0.35784313725490197,0.6894736842105263,3.689684405353224,142,6,136,0.04225352112676056,0.7157894736842105,3.481484265940799,162,15,147,0.09259259259259259,0.7736842105263158,3.879361798184282,134,5,129,0.03731343283582089,0.6789473684210526,3.585978467211912,154,12,142,0.07792207792207792,0.7473684210526316,1.317186
nmix,nmix,250,120,0.5,20,6,394,308,86,63,26,37,0.7817258883248731,0.45263157894736844,0.4126984126984127,0.19473684210526315,800,691,109,98,52,46,0.86375,0.5736842105263158,0.5306122448979592,0.24210526315789474,4.072617301360931,40,3,37,0.075,0.19473684210526315,3.8008265091050286,47,6,41,0.1276595744680851,0.21578947368421053,4.545295613576243,27,3,24,0.1111111111111111,0.12631578947368421,4.072617301360931,40,3,37,0.075,0.19473684210526315,1.248199
nmix,nmix,250,120,0.5,20,7,743,616,127,134,73,61,0.82907133243607,0.6684210526315789,0.5447761194029851,0.32105263157894737,1417,1274,143,209,129,80,0.8990825688073395,0.7526315789473684,0.6172248803827751,0.42105263157894735,3.9346587320695496,52,6,46,0.11538461538461539,0.24210526315789474,3.753323061188311,66,11,55,0.16666666666666666,0.2894736842105263,4.598428156353672,29,2,27,0.06896551724137931,0.14210526315789473,3.9346587320695496,52,6,46,0.11538461538461539,0.24210526315789474,1.3605
nmix,nmix,250,120,0.5,20,8,386,262,124,99,31,68,0.6787564766839378,0.6526315789473685,0.31313131313131315,0.35789473684210527,797,651,146,123,47,76,0.8168130489335006,0.7684210526315789,0.3821138211382114,0.4,3.8228037056001436,84,7,77,0.08333333333333333,0.4052631578947368,3.6191096981458197,93,11,82,0.11827956989247312,0.43157894736842106,4.131338196714036,67,3,64,0.04477611940298507,0.3368421052631579,3.7689532063351767,86,8,78,0.09302325581395349,0.4105263157894737,1.473349
nmix,nmix,250,120,0.5,20,9,696,548,148,158,61,97,0.7873563218390804,0.7789473684210526,0.3860759493670886,0.5105263157894737,1321,1155,166,217,105,112,0.874337623012869,0.8736842105263158,0.4838709677419355,0.5894736842105263,3.7627412207358324,116,8,108,0.06896551724137931,0.5684210526315789,3.5620851217757163,133,18,115,0.13533834586466165,0.6052631578947368,4.032480203653967,97,4,93,0.041237113402061855,0.48947368421052634,3.6800772830979724,123,11,112,0.08943089430894309,0.5894736842105263,1.288114
nmix,nmix,250,120,0.5,20,10,704,531,173,207,77,130,0.7542613636363636,0.9105263157894737,0.3719806763285024,0.6842105263157895,1287,1107,180,285,142,143,0.8601398601398601,0.9473684210526315,0.4982456140350877,0.7526315789473684,3.685108563282872,145,12,133,0.08275862068965517,0.7,3.4716598207446747,161,18,143,0.11180124223602485,0.7526315789473684,3.766939880741856,138,9,129,0.06521739130434782,0.6789473684210526,3.531756310414343,158,17,141,0.10759493670886076,0.7421052631578947,1.26063
nmix,nmix,250,120,0.5,20,11,732,560,172,233,88,145,0.7650273224043715,0.9052631578947369,0.3776824034334764,0.7631578947368421,1345,1167,178,288,135,153,0.8676579925650557,0.9368421052631579,0.46875,0.8052631578947368,3.6501456794845253,168,13,155,0.07738095238095238,0.8157894736842105,3.4690954540457346,180,24,156,0.13333333333333333,0.8210526315789474,3.839709682179378,159,7,152,0.0440251572327044,0.8,3.621991264716577,169,14,155,0.08284023668639054,0.8157894736842105,1.2804
nmix,nmix,250,120,0.5,20,12,415,330,85,68,31,37,0.7951807228915663,0.4473684210526316,0.45588235294117646,0.19473684210526315,853,739,114,107,57,50,0.8663540445486518,0.6,0.5327102803738317,0.2631578947368421,4.028683785554092,38,3,35,0.07894736842105263,0.18421052631578946,3.815995493435939,51,10,41,0.19607843137254902,0.21578947368421053,4.713160332390301,19,1,18,0.05263157894736842,0.09473684210526316,3.9068393484597403,47,6,41,0.1276595744680851,0.21578947368421053,1.588723
nmix,nmix,250,120,0.5,20,13,573,409,164,163,51,112,0.7137870855148342,0.8631578947368421,0.3128834355828221,0.5894736842105263,1136,958,178,222,90,132,0.8433098591549296,0.9368421052631579,0.40540540540540543,0.6947368421052632,3.736987735178121,135,6,129,0.044444444444444446,0.6789473684210526,3.5000877382947535,148,12,136,0.08108108108108109,0.7157894736842105,3.8652332801182827,126,5,121,0.03968253968253968,0.6368421052631579,3.6228693216029884,142,9,133,0.06338028169014084,0.7,1.215927
nmix,nmix,250,120,0.5,20,14,692,524,168,177,56,121,0.7572254335260116,0.8842105263157894,0.3163841807909605,0.6368421052631579,1259,1083,176,239,99,140,0.8602065131056394,0.9263157894736842,0.41422594142259417,0.7368421052631579,3.695025246066043,146,8,138,0.0547945205479452,0.7263157894736842,3.467163136020016,169,24,145,0.14201183431952663,0.7631578947368421,3.9558720421672384,132,7,125,0.05303030303030303,0.6578947368421053,3.6211545380094585,153,13,140,0.08496732026143791,0.7368421052631579,1.35141
nmix,nmix,250,120,0.5,20,15,512,365,147,139,40,99,0.712890625,0.7736842105263158,0.28776978417266186,0.5210526315789473,953,798,155,189,72,117,0.8373557187827911,0.8157894736842105,0.38095238095238093,0.6157894736842106,3.7367138396513604,118,8,110,0.06779661016949153,0.5789473684210527,3.5308165522594517,131,13,118,0.09923664122137404,0.6210526315789474,3.927878877233176,108,4,104,0.037037037037037035,0.5473684210526316,3.661793002159496,124,10,114,0.08064516129032258,0.6,1.226096
nmix,nmix,250,120,0.5,20,16,439,322,117,101,37,64,0.7334851936218679,0.6157894736842106,0.36633663366336633,0.3368421052631579,889,754,135,136,60,76,0.8481439820022497,0.7105263157894737,0.4411764705882353,0.4,3.8830868184511558,72,6,66,0.08333333333333333,0.3473684210526316,3.6750971015291536,78,9,69,0.11538461538461539,0.3631578947368421,4.132619260366371,60,4,56,0.06666666666666667,0.29473684210526313,3.799074337709968,75,7,68,0.09333333333333334,0.35789473684210527,1.375172
nmix,nmix,250,120,0.5,20,17,626,475,151,153,51,102,0.7587859424920128,0.7947368421052632,0.3333333333333333,0.5368421052631579,1168,1006,162,194,82,112,0.8613013698630136,0.8526315789473684,0.422680412371134,0.5894736842105263,3.7963172840411494,108,8,100,0.07407407407407407,0.5263157894736842,3.5515361295957546,124,12,112,0.0967741935483871,0.5894736842105263,3.922969072197967,102,5,97,0.049019607843137254,0.5105263157894737,3.6763857106386704,114,8,106,0.07017543859649122,0.5578947368421052,1.178756
nmix,nmix,250,120,0.5,20,18,555,422,133,117,42,75,0.7603603603603604,0.7,0.358974358974359,0.39473684210526316,1133,980,153,168,78,90,0.8649602824360106,0.8052631578947368,0.4642857142857143,0.47368421052631576,3.801378743297079,95,8,87,0.08421052631578947,0.45789473684210524,3.6148071423372254,105,12,93,0.11428571428571428,0.48947368421052634,4.084552288642989,78,7,71,0.08974358974358974,0.3736842105263158,3.751044182303203,97,9,88,0.09278350515463918,0.4631578947368421,1.238468
nmix,nmix,250,120,0.5,20,19,754,586,168,233,94,139,0.7771883289124668,0.8842105263157894,0.4034334763948498,0.7315789473684211,1377,1201,176,289,141,148,0.8721859114015976,0.9263157894736842,0.48788927335640137,0.7789473684210526,3.6722057723449195,150,10,140,0.06666666666666667,0.7368421052631579,3.4690840060942363,165,22,143,0.13333333333333333,0.7526315789473684,3.877870055101727,140,6,134,0.04285714285714286,0.7052631578947368,3.6196709347469245,152,11,141,0.07236842105263158,0.7421052631578947,1.248082
nmix,nmix,250,120,0.5,20,20,513,382,131,133,46,87,0.7446393762183235,0.6894736842105263,0.3458646616541353,0.45789473684210524,1019,875,144,181,83,98,0.858684985279686,0.7578947368421053,0.4585635359116022,0.5157894736842106,3.8873094883462653,86,5,81,0.05813953488372093,0.4263157894736842,3.6035909695921386,103,10,93,0.0970873786407767,0.48947368421052634,4.0105986288037325,81,4,77,0.04938271604938271,0.4052631578947368,3.7045172270311237,97,9,88,0.09278350515463918,0.4631578947368421,1.512335
nmix,nmix,250,120,0.5,20,21,537,363,174,182,42,140,0.6759776536312849,0.9157894736842105,0.23076923076923078,0.7368421052631579,914,731,183,218,72,146,0.799781181619256,0.9631578947368421,0.3302752293577982,0.7684210526315789,3.661549292154469,166,10,156,0.060240963855421686,0.8210526315789474,3.4332057439121875,188,23,165,0.12234042553191489,0.868421052631579,3.8159865186135584,157,6,151,0.03821656050955414,0.7947368421052632,3.561994157078383,176,15,161,0.08522727272727272,0.8473684210526315,1.309324
nmix,nmix,250,120,0.5,20,22,702,572,130,129,68,61,0.8148148148148148,0.6842105263157895,0.5271317829457365,0.32105263157894737,1358,1215,143,185,108,77,0.894698085419735,0.7526315789473684,0.5837837837837838,0.4052631578947368,3.890398459938865,63,7,56,0.1111111111111111,0.29473684210526313,3.6643819791522425,83,12,71,0.14457831325301204,0.3736842105263158,4.350074449285862,52,4,48,0.07692307692307693,0.25263157894736843,3.908122789027357,62,7,55,0.11290322580645161,0.2894736842105263,1.205266
nmix,nmix,250,120,0.5,20,23,514,338,176,180,37,143,0.6575875486381323,0.9263157894736842,0.20555555555555555,0.7526315789473684,881,697,184,212,57,155,0.7911464245175936,0.968421052631579,0.2688679245283019,0.8157894736842105,3.665740227734657,166,6,160,0.03614457831325301,0.8421052631578947,3.4401368386128723,181,15,166,0.08287292817679558,0.8736842105263158,3.7403668027525248,162,5,157,0.030864197530864196,0.8263157894736842,3.499934707389766,172,10,162,0.05813953488372093,0.8526315789473684,1.23156
nmix,nmix,250,120,0.5,20,24,499,403,96,62,27,35,0.8076152304609219,0.5052631578947369,0.43548387096774194,0.18421052631578946,1127,992,135,120,68,52,0.8802129547471162,0.7105263157894737,0.5666666666666667,0.2736842105263158,4.00240681180435,41,4,37,0.0975609756097561,0.19473684210526315,3.7622198617186053,53,8,45,0.1509433962264151,0.23684210526315788,5.332631855987346,7,0,7,0.0,0.03684210526315789,4.1719274634234225,36,3,33,0.08333333333333333,0.1736842105263158,1.269254
nmix,nmix,250,120,0.5,20,25,530,380,150,138,31,107,0.7169811320754716,0.7894736842105263,0.2246376811594203,0.5631578947368421,1040,877,163,182,61,121,0.8432692307692308,0.8578947368421053,0.33516483516483514,0.6368421052631579,3.7391829743611447,127,3,124,0.023622047244094488,0.6526315789473685,3.503778586336281,145,12,133,0.08275862068965517,0.7,3.9981558903592593,112,1,111,0.008928571428571428,0.5842105263157895,3.660440346510651,133,5,128,0.03759398496240601,0.6736842105263158,1.274642
nmix,nmix,250,120,0.5,20,26,356,232,124,98,22,76,0.651685393258427,0.6526315789473685,0.22448979591836735,0.4,680,542,138,129,40,89,0.7970588235294118,0.7263157894736842,0.31007751937984496,0.46842105263157896,3.8054035994801576,92,4,88,0.043478260869565216,0.4631578947368421,3.5706182291649733,113,16,97,0.1415929203539823,0.5105263157894737,3.9625744260537474,87,1,86,0.011494252873563218,0.45263157894736844,3.6793259091756405,97,7,90,0.07216494845360824,0.47368421052631576,1.307926
nmix,nmix,250,120,0.5,20,27,639,503,136,148,63,85,0.7871674491392802,0.7157894736842105,0.42567567567567566,0.4473684210526316,1354,1198,156,207,114,93,0.8847858197932054,0.8210526315789474,0.5507246376811594,0.48947368421052634,3.855746930959947,74,6,68,0.08108108108108109,0.35789473684210527,3.63168938491138,88,11,77,0.125,0.4052631578947368,4.182647072381294,64,2,62,0.03125,0.3263157894736842,3.777102069814189,81,8,73,0.09876543209876543,0.38421052631578945,1.181848
nmix,nmix,250,120,0.5,20,28,535,411,124,113,50,63,0.7682242990654206,0.6526315789473685,0.4424778761061947,0.33157894736842103,945,804,141,155,81,74,0.8507936507936508,0.7421052631578947,0.5225806451612903,0.3894736842105263,3.884545066727777,65,4,61,0.06153846153846154,0.32105263157894737,3.667725316077567,84,12,72,0.14285714285714285,0.37894736842105264,4.290899143056927,51,0,51,0.0,0.26842105263157895,3.8163896062424643,72,7,65,0.09722222222222222,0.34210526315789475,1.445168
nmix,nmix,250,120,0.5,20,29,547,409,138,150,50,100,0.7477148080438757,0.7263157894736842,0.3333333333333333,0.5263157894736842,1061,905,156,201,90,111,0.8529688972667295,0.8210526315789474,0.44776119402985076,0.5842105263157895,3.7397808906912453,118,9,109,0.07627118644067797,0.5736842105263158,3.513649887421392,138,23,115,0.16666666666666666,0.6052631578947368,3.989325013815757,103,4,99,0.038834951456310676,0.5210526315789473,3.6907300290463003,123,14,109,0.11382113821138211,0.5736842105263158,1.294547
nmix,nmix,250,120,0.5,20,30,475,346,129,135,55,80,0.728421052631579,0.6789473684210526,0.4074074074074074,0.42105263157894735,910,767,143,174,77,97,0.8428571428571429,0.7526315789473684,0.4425287356321839,0.5105263157894737,3.780547203343922,100,9,91,0.09,0.4789473684210526,3.546435926049137,125,23,102,0.184,0.5368421052631579,4.047587669246229,84,6,78,0.07142857142857142,0.4105263157894737,3.7219403996202005,105,11,94,0.10476190476190476,0.49473684210526314,1.295749
nmix,nmix,250,120,0.5,20,31,456,335,121,76,25,51,0.7346491228070176,0.6368421052631579,0.32894736842105265,0.26842105263157895,838,698,140,137,61,76,0.8329355608591885,0.7368421052631579,0.44525547445255476,0.4,3.9270201859858584,60,3,57,0.05,0.3,3.6797339225375376,79,8,71,0.10126582278481013,0.3736842105263158,4.270883880867158,48,2,46,0.041666666666666664,0.24210526315789474,3.9270201859858584,60,3,57,0.05,0.3,1.179574
nmix,nmix,250,120,0.5,20,32,528,377,151,148,46,102,0.7140151515151515,0.7947368421052632,0.3108108108108108,0.5368421052631579,1027,859,168,192,74,118,0.8364167478091529,0.8842105263157894,0.3854166666666667,0.6210526315789474,3.765989714935972,117,4,113,0.03418803418803419,0.5947368421052631,3.5400386974170535,135,11,124,0.08148148148148149,0.6526315789473685,3.91378697260618,103,2,101,0.019417475728155338,0.531578947368421,3.589914882533285,131,9,122,0.06870229007633588,0.6421052631578947,1.204271
nmix,nmix,250,120,0.5,20,33,945,791,154,205,101,104,0.837037037037037,0.8105263157894737,0.4926829268292683,0.5473684210526316,1755,1586,169,307,185,122,0.9037037037037037,0.8894736842105263,0.6026058631921825,0.6421052631578947,3.7722970170333676,105,3,102,0.02857142857142857,0.5368421052631579,3.55637551778169,125,8,117,0.064,0.6157894736842106,3.9751029348083025,96,2,94,0.020833333333333332,0.49473684210526314,3.6654125068291004,116,6,110,0.05172413793103448,0.5789473684210527,1.347764
nmix,nmix,250,120,0.5,20,34,866,695,171,233,94,139,0.8025404157043879,0.9,0.4034334763948498,0.7315789473684211,1550,1367,183,279,135,144,0.8819354838709678,0.9631578947368421,0.4838709677419355,0.7578947368421053,3.6985211973895304,152,11,141,0.07236842105263158,0.7421052631578947,3.5022553446537996,163,18,145,0.11042944785276074,0.7631578947368421,3.865526264119462,145,9,136,0.06206896551724138,0.7157894736842105,3.6169955296260365,156,12,144,0.07692307692307693,0.7578947368421053,1.22647
nmix,nmix,250,120,0.5,20,35,650,528,122,143,70,73,0.8123076923076923,0.6421052631578947,0.48951048951048953,0.38421052631578945,1253,1106,147,196,114,82,0.88268156424581,0.7736842105263158,0.5816326530612245,0.43157894736842106,3.8715351778638696,71,11,60,0.15492957746478872,0.3157894736842105,3.645498069137503,84,16,68,0.19047619047619047,0.35789473684210527,4.198630257599304,59,5,54,0.0847457627118644,0.28421052631578947,3.8334743272412517,73,11,62,0.1506849315068493,0.3263157894736842,1.288404
nmix,nmix,250,120,0.5,20,36,573,438,135,134,36,98,0.7643979057591623,0.7105263157894737,0.26865671641791045,0.5157894736842106,1010,861,149,182,76,106,0.8524752475247525,0.7842105263157895,0.4175824175824176,0.5578947368421052,3.733261103539191,118,12,106,0.1016949152542373,0.5578947368421052,3.586771130771948,124,14,110,0.11290322580645161,0.5789473684210527,3.9845259810875704,103,7,96,0.06796116504854369,0.5052631578947369,3.733261103539191,118,12,106,0.1016949152542373,0.5578947368421052,1.381189
nmix,nmix,250,120,0.5,20,37,576,413,163,178,54,124,0.7170138888888888,0.8578947368421053,0.30337078651685395,0.6526315789473685,1006,837,169,226,90,136,0.8320079522862823,0.8894736842105263,0.39823008849557523,0.7157894736842105,3.6834405743671206,150,12,138,0.08,0.7263157894736842,3.470255455967238,166,20,146,0.12048192771084337,0.7684210526315789,3.859220512674552,137,8,129,0.058394160583941604,0.6789473684210526,3.5791916712746916,160,18,142,0.1125,0.7473684210526316,1.240251
nmix,nmix,250,120,0.5,20,38,591,405,186,220,61,159,0.6852791878172588,0.9789473684210527,0.2772727272727273,0.8368421052631579,953,766,187,262,96,166,0.8037775445960126,0.9842105263157894,0.366412213740458,0.8736842105263158,3.6212152097784753,186,14,172,0.07526881720430108,0.9052631578947369,3.4137781287465208,203,27,176,0.1330049261083744,0.9263157894736842,3.776229107465763,179,10,169,0.055865921787709494,0.8894736842105263,3.5132439724574267,194,20,174,0.10309278350515463,0.9157894736842105,1.333315
nmix,nmix,250,120,0.5,20,39,760,629,131,142,56,86,0.8276315789473684,0.6894736842105263,0.39436619718309857,0.45263157894736844,1466,1307,159,205,109,96,0.8915416098226466,0.8368421052631579,0.5317073170731708,0.5052631578947369,3.8039718042649193,95,4,91,0.042105263157894736,0.4789473684210526,3.5819274831171755,107,10,97,0.09345794392523364,0.5105263157894737,4.174000715947396,75,3,72,0.04,0.37894736842105264,3.745527096307146,99,6,93,0.06060606060606061,0.48947368421052634,1.168465
nmix,nmix,250,120,0.5,20,40,438,284,154,131,36,95,0.6484018264840182,0.8105263157894737,0.2748091603053435,0.5,769,604,165,189,73,116,0.7854356306892067,0.868421052631579,0.3862433862433862,0.6105263157894737,3.6812573715033428,145,17,128,0.11724137931034483,0.6736842105263158,3.475900262491548,167,28,139,0.16766467065868262,0.7315789473684211,3.832352483042582,125,7,118,0.056,0.6210526315789474,3.5562548336683975,157,23,134,0.1464968152866242,0.7052631578947368,1.454729
nmix,nmix,250,120,0.5,20,41,623,462,161,187,56,131,0.7415730337078652,0.8473684210526315,0.2994652406417112,0.6894736842105263,1337,1162,175,238,98,140,0.8691099476439791,0.9210526315789473,0.4117647058823529,0.7368421052631579,3.681260659397543,153,10,143,0.06535947712418301,0.7526315789473684,3.464283196892523,174,24,150,0.13793103448275862,0.7894736842105263,3.845357449543518,142,6,136,0.04225352112676056,0.7157894736842105,3.5794842618149962,161,15,146,0.09316770186335403,0.7684210526315789,1.206898
nmix,nmix,250,120,0.5,20,42,770,616,154,176,73,103,0.8,0.8105263157894737,0.4147727272727273,0.5421052631578948,1524,1356,168,242,128,114,0.889763779527559,0.8842105263157894,0.5289256198347108,0.6,3.7823373270469003,98,6,92,0.061224489795918366,0.4842105263157895,3.5910649130928025,115,10,105,0.08695652173913043,0.5526315789473685,4.079777390495839,87,3,84,0.034482758620689655,0.4421052631578947,3.7056696884353753,105,8,97,0.0761904761904762,0.5105263157894737,1.38866
nmix,nmix,250,120,0.5,20,43,367,203,164,150,28,122,0.553133514986376,0.8631578947368421,0.18666666666666668,0.6421052631578947,674,502,172,169,41,128,0.744807121661721,0.9052631578947369,0.24260355029585798,0.6736842105263158,3.6646121861051486,157,12,145,0.07643312101910828,0.7631578947368421,3.4565111584016424,176,19,157,0.10795454545454546,0.8263157894736842,3.8169919457862096,149,11,138,0.0738255033557047,0.7263157894736842,3.57107578374173,165,14,151,0.08484848484848485,0.7947368421052632,1.174048
nmix,nmix,250,120,0.5,20,44,805,652,153,189,77,112,0.8099378881987578,0.8052631578947368,0.4074074074074074,0.5894736842105263,1496,1327,169,265,140,125,0.8870320855614974,0.8894736842105263,0.5283018867924528,0.6578947368421053,3.743169099955751,115,6,109,0.05217391304347826,0.5736842105263158,3.507691564789388,141,21,120,0.14893617021276595,0.631578947368421,4.144944635951717,89,2,87,0.02247191011235955,0.45789473684210524,3.7185254002234784,116,7,109,0.0603448275862069,0.5736842105263158,1.389449
nmix,nmix,250,120,0.5,20,45,478,334,144,144,46,98,0.698744769874477,0.7578947368421053,0.3194444444444444,0.5157894736842106,939,775,164,188,74,114,0.825346112886049,0.8631578947368421,0.39361702127659576,0.6,3.745548852423457,114,7,107,0.06140350877192982,0.5631578947368421,3.626138835666524,126,12,114,0.09523809523809523,0.6,3.898358103298782,110,5,105,0.045454545454545456,0.5526315789473685,3.626138835666524,126,12,114,0.09523809523809523,0.6,1.347032
nmix,nmix,250,120,0.5,20,46,346,210,136,115,30,85,0.6069364161849711,0.7157894736842105,0.2608695652173913,0.4473684210526316,704,547,157,145,52,93,0.7769886363636364,0.8263157894736842,0.3586206896551724,0.48947368421052634,3.73625332030947,119,12,107,0.10084033613445378,0.5631578947368421,3.49539325849528,148,27,121,0.18243243243243243,0.6368421052631579,3.919516844434028,107,11,96,0.102803738317757,0.5052631578947369,3.619016469112322,131,18,113,0.13740458015267176,0.5947368421052631,1.286664
nmix,nmix,250,120,0.5,20,47,354,223,131,115,24,91,0.6299435028248588,0.6894736842105263,0.20869565217391303,0.4789473684210526,660,508,152,149,46,103,0.7696969696969697,0.8,0.3087248322147651,0.5421052631578948,3.7563956589639527,111,6,105,0.05405405405405406,0.5526315789473685,3.5355013669499114,127,14,113,0.11023622047244094,0.5947368421052631,3.91859581381346,104,3,101,0.028846153846153848,0.531578947368421,3.6474217116000442,117,8,109,0.06837606837606838,0.5736842105263158,1.241267
nmix,nmix,250,120,0.5,20,48,720,601,119,110,46,64,0.8347222222222223,0.6263157894736842,0.41818181818181815,0.3368421052631579,1447,1311,136,174,96,78,0.9060124395300622,0.7157894736842105,0.5517241379310345,0.4105263157894737,4.001026429144069,58,2,56,0.034482758620689655,0.29473684210526313,3.7151282810567143,66,6,60,0.09090909090909091,0.3157894736842105,4.469189052384554,41,1,40,0.024390243902439025,0.21052631578947367,4.001026429144069,58,2,56,0.034482758620689655,0.29473684210526313,1.243149
nmix,nmix,250,120,0.5,20,49,808,650,158,185,90,95,0.8044554455445545,0.8315789473684211,0.4864864864864865,0.5,1471,1301,170,263,150,113,0.8844323589394969,0.8947368421052632,0.5703422053231939,0.5947368421052631,3.751057482164836,110,20,90,0.18181818181818182,0.47368421052631576,3.54928176562078,125,26,99,0.208,0.5210526315789473,4.0361362458561745,90,14,76,0.15555555555555556,0.4,3.6875640952399538,115,21,94,0.1826086956521739,0.49473684210526314,1.246101
nmix,nmix,250,120,0.5,20,50,480,368,112,100,40,60,0.7666666666666667,0.5894736842105263,0.4,0.3157894736842105,946,817,129,150,82,68,0.8636363636363636,0.6789473684210526,0.5466666666666666,0.35789473684210527,4.025523524512111,56,4,52,0.07142857142857142,0.2736842105263158,3.7086502020099306,65,7,58,0.1076923076923077,0.30526315789473685,4.316758541863161,42,3,39,0.07142857142857142,0.20526315789473684,4.025523524512111,56,4,52,0.07142857142857142,0.2736842105263158,1.389402
nmix,nmix,250,120,0.5,20,51,478,330,148,128,33,95,0.6903765690376569,0.7789473684210526,0.2578125,0.5,910,748,162,172,69,103,0.8219780219780219,0.8526315789473684,0.4011627906976744,0.5421052631578948,3.737403591477717,116,11,105,0.09482758620689655,0.5526315789473685,3.5330830710325416,135,19,116,0.14074074074074075,0.6105263157894737,3.960084916272003,100,4,96,0.04,0.5052631578947369,3.6812411097529103,120,13,107,0.10833333333333334,0.5631578947368421,1.230415
nmix,nmix,250,120,0.5,20,52,704,522,182,218,62,156,0.7414772727272727,0.9578947368421052,0.28440366972477066,0.8210526315789474,1303,1118,185,274,110,164,0.8580199539524175,0.9736842105263158,0.40145985401459855,0.8631578947368421,3.6365201182421973,179,10,169,0.055865921787709494,0.8894736842105263,3.4327152514428985,191,19,172,0.09947643979057591,0.9052631578947369,3.8089814488971063,166,3,163,0.018072289156626505,0.8578947368421053,3.5463986763203397,183,12,171,0.06557377049180328,0.9,1.395452
nmix,nmix,250,120,0.5,20,53,636,468,168,187,55,132,0.7358490566037735,0.8842105263157894,0.29411764705882354,0.6947368421052632,1132,954,178,241,97,144,0.842756183745583,0.9368421052631579,0.4024896265560166,0.7578947368421053,3.6771141870193538,151,12,139,0.07947019867549669,0.7315789473684211,3.4618166076810457,169,22,147,0.1301775147928994,0.7736842105263158,3.828092423753882,142,6,136,0.04225352112676056,0.7157894736842105,3.5683044224617757,159,16,143,0.10062893081761007,0.7526315789473684,1.242975
nmix,nmix,250,120,0.5,20,54,541,392,149,140,42,98,0.7245841035120147,0.7842105263157895,0.3,0.5157894736842106,975,804,171,202,89,113,0.8246153846153846,0.9,0.4405940594059406,0.5947368421052631,3.758269972170436,119,7,112,0.058823529411764705,0.5894736842105263,3.498238252000415,147,20,127,0.1360544217687075,0.6684210526315789,3.937184212398493,108,4,104,0.037037037037037035,0.5473684210526316,3.634300689433904,130,12,118,0.09230769230769231,0.6210526315789474,1.225676
nmix,nmix,250,120,0.5,20,55,396,270,126,95,22,73,0.6818181818181818,0.6631578947368421,0.23157894736842105,0.38421052631578945,781,638,143,133,44,89,0.8169014084507042,0.7526315789473684,0.3308270676691729,0.46842105263157896,3.8227352492592885,93,6,87,0.06451612903225806,0.45789473684210524,3.5705791556967097,112,13,99,0.11607142857142858,0.5210526315789473,4.046927562417784,81,3,78,0.037037037037037035,0.4105263157894737,3.7807822800232342,94,7,87,0.07446808510638298,0.45789473684210524,1.350266
nmix,nmix,250,120,0.5,20,56,640,462,178,197,44,153,0.721875,0.9368421052631579,0.2233502538071066,0.8052631578947368,1181,998,183,247,84,163,0.8450465707027942,0.9631578947368421,0.340080971659919,0.8578947368421053,3.655284223119312,175,10,165,0.05714285714285714,0.868421052631579,3.434472706137049,187,15,172,0.08021390374331551,0.9052631578947369,3.8045294393242886,165,5,160,0.030303030303030304,0.8421052631578947,3.5445522081647725,177,11,166,0.062146892655367235,0.8736842105263158,1.217524
nmix,nmix,250,120,0.5,20,57,633,483,150,171,62,109,0.7630331753554502,0.7894736842105263,0.36257309941520466,0.5736842105263158,1112,950,162,229,105,124,0.85431654676259,0.8526315789473684,0.4585152838427948,0.6526315789473685,3.729694366192426,121,6,115,0.049586776859504134,0.6052631578947368,3.5669504235878127,129,10,119,0.07751937984496124,0.6263157894736842,3.9283646174099363,109,1,108,0.009174311926605505,0.5684210526315789,3.645480277806907,125,8,117,0.064,0.6157894736842106,1.231284
nmix,nmix,250,120,0.5,20,58,462,349,113,87,30,57,0.7554112554112554,0.5947368421052631,0.3448275862068966,0.3,1005,870,135,130,60,70,0.8656716417910447,0.7105263157894737,0.46153846153846156,0.3684210526315789,3.8668196362781986,69,6,63,0.08695652173913043,0.33157894736842103,3.6801715126688803,81,12,69,0.14814814814814814,0.3631578947368421,4.236617391985682,53,2,51,0.03773584905660377,0.26842105263157895,3.8668196362781986,69,6,63,0.08695652173913043,0.33157894736842103,1.226918
nmix,nmix,250,120,0.5,20,59,803,637,166,187,80,107,0.7932752179327521,0.8736842105263158,0.42780748663101603,0.5631578947368421,1438,1262,176,255,131,124,0.8776077885952712,0.9263157894736842,0.5137254901960784,0.6526315789473685,3.7543741150163834,113,10,103,0.08849557522123894,0.5421052631578948,3.5482753164853147,134,22,112,0.16417910447761194,0.5894736842105263,4.026186676834588,102,8,94,0.0784313725490196,0.49473684210526314,3.6385502811584822,125,16,109,0.128,0.5736842105263158,1.369702
nmix,nmix,250,120,0.5,20,60,654,490,164,166,57,109,0.7492354740061162,0.8631578947368421,0.3433734939759036,0.5736842105263158,1165,989,176,223,95,128,0.8489270386266095,0.9263157894736842,0.4260089686098655,0.6736842105263158,3.7074352961325108,131,8,123,0.061068702290076333,0.6473684210526316,3.508100822508527,148,16,132,0.10810810810810811,0.6947368421052632,3.918724767471849,118,4,114,0.03389830508474576,0.6,3.619250658267111,141,12,129,0.0851063829787234,0.6789473684210526,1.353516
nmix,nmix,250,120,0.5,20,61,624,455,169,176,57,119,0.7291666666666666,0.8894736842105263,0.32386363636363635,0.6263157894736842,1157,981,176,236,100,136,0.8478824546240277,0.9263157894736842,0.423728813559322,0.7157894736842105,3.6985651820956638,138,7,131,0.050724637681159424,0.6894736842105263,3.4865708972042704,155,16,139,0.1032258064516129,0.7315789473684211,3.827970013621269,130,5,125,0.038461538461538464,0.6578947368421053,3.5541761081424545,146,13,133,0.08904109589041095,0.7,1.280697
nmix,nmix,250,120,0.5,20,62,380,281,99,76,30,46,0.7394736842105263,0.5210526315789473,0.39473684210526316,0.24210526315789474,823,705,118,112,47,65,0.8566221142162819,0.6210526315789474,0.41964285714285715,0.34210526315789475,3.9190302080406756,58,6,52,0.10344827586206896,0.2736842105263158,3.7133564930658816,68,9,59,0.1323529411764706,0.3105263157894737,4.385262970823126,36,3,33,0.08333333333333333,0.1736842105263158,3.9030382643546466,59,6,53,0.1016949152542373,0.2789473684210526,1.17441
nmix,nmix,250,120,0.5,20,63,688,507,181,208,63,145,0.7369186046511628,0.9526315789473684,0.30288461538461536,0.7631578947368421,1235,1050,185,275,117,158,0.8502024291497976,0.9736842105263158,0.4254545454545455,0.8315789473684211,3.6540859619709196,175,15,160,0.08571428571428572,0.8421052631578947,3.4319607165449066,192,27,165,0.140625,0.868421052631579,3.838542680563608,164,10,154,0.06097560975609756,0.8105263157894737,3.5654793190154295,180,18,162,0.1,0.8526315789473684,1.260191
nmix,nmix,250,120,0.5,20,64,622,474,148,156,59,97,0.7620578778135049,0.7789473684210526,0.3782051282051282,0.5105263157894737,1104,946,158,201,91,110,0.8568840579710145,0.8315789473684211,0.4527363184079602,0.5789473684210527,3.759227049359949,114,13,101,0.11403508771929824,0.531578947368421,3.525684375655135,134,21,113,0.15671641791044777,0.5947368421052631,3.999697290229553,96,8,88,0.08333333333333333,0.4631578947368421,3.6631859537230365,124,17,107,0.13709677419354838,0.5631578947368421,1.328636
nmix,nmix,250,120,0.5,20,65,571,409,162,161,51,110,0.7162872154115587,0.8526315789473684,0.3167701863354037,0.5789473684210527,1037,864,173,219,94,125,0.8331726133076182,0.9105263157894737,0.4292237442922374,0.6578947368421053,3.7258302532368526,135,10,125,0.07407407407407407,0.6578947368421053,3.4857039515257044,162,20,142,0.12345679012345678,0.7473684210526316,3.9423154430667733,125,8,117,0.064,0.6157894736842106,3.6151098130273716,145,13,132,0.0896551724137931,0.6947368421052632,1.243485
nmix,nmix,250,120,0.5,20,66,548,379,169,193,60,133,0.6916058394160584,0.8894736842105263,0.31088082901554404,0.7,970,787,183,227,88,139,0.811340206185567,0.9631578947368421,0.3876651982378855,0.7315789473684211,3.6768531961665185,158,15,143,0.0949367088607595,0.7526315789473684,3.453969348043515,174,21,153,0.1206896551724138,0.8052631578947368,3.869411600652943,146,8,138,0.0547945205479452,0.7263157894736842,3.5516384183676295,170,19,151,0.11176470588235295,0.7947368421052632,1.293686
nmix,nmix,250,120,0.5,20,67,478,379,99,95,50,45,0.7928870292887029,0.5210526315789473,0.5263157894736842,0.23684210526315788,1019,896,123,122,70,52,0.8792934249263984,0.6473684210526316,0.5737704918032787,0.2736842105263158,3.970073371361165,48,10,38,0.20833333333333334,0.2,3.7573370403209942,55,12,43,0.21818181818181817,0.22631578947368422,4.662547326150546,22,4,18,0.18181818181818182,0.09473684210526316,4.017058212222726,47,9,38,0.19148936170212766,0.2,1.21137
nmix,nmix,250,120,0.5,20,68,634,459,175,212,68,144,0.7239747634069401,0.9210526315789473,0.32075471698113206,0.7578947368421053,1050,871,179,272,120,152,0.8295238095238096,0.9421052631578948,0.4411764705882353,0.8,3.653945850939084,169,10,159,0.05917159763313609,0.8368421052631579,3.4285144209303016,191,24,167,0.1256544502617801,0.8789473684210526,3.834237965850683,157,5,152,0.03184713375796178,0.8,3.5503937407537594,181,15,166,0.08287292817679558,0.8736842105263158,1.470995
nmix,nmix,250,120,0.5,20,69,727,554,173,198,74,124,0.7620357634112792,0.9105263157894737,0.37373737373737376,0.6526315789473685,1409,1226,183,262,122,140,0.8701206529453513,0.9631578947368421,0.46564885496183206,0.7368421052631579,3.6910609898480042,146,9,137,0.06164383561643835,0.7210526315789474,3.466285277241138,166,19,147,0.1144578313253012,0.7736842105263158,3.8626813390131085,131,5,126,0.03816793893129771,0.6631578947368421,3.5844577830017084,154,12,142,0.07792207792207792,0.7473684210526316,1.226429
nmix,nmix,250,120,0.5,20,70,438,342,96,84,35,49,0.7808219178082192,0.5052631578947369,0.4166666666666667,0.2578947368421053,888,759,129,122,64,58,0.8547297297297297,0.6789473684210526,0.5245901639344263,0.30526315789473685,3.9540004358833944,50,6,44,0.12,0.23157894736842105,3.858306971019531,53,8,45,0.1509433962264151,0.23684210526315788,4.308601219419222,38,2,36,0.05263157894736842,0.18947368421052632,3.9031646562101483,52,7,45,0.1346153846153846,0.23684210526315788,1.206291
nmix,nmix,250,120,0.5,20,71,468,295,173,196,56,140,0.6303418803418803,0.9105263157894737,0.2857142857142857,0.7368421052631579,833,652,181,236,87,149,0.7827130852340937,0.9526315789473684,0.3686440677966102,0.7842105263157895,3.653662951776795,173,19,154,0.10982658959537572,0.8105263157894737,3.4251507472740386,194,30,164,0.15463917525773196,0.8631578947368421,3.7976972225487944,164,14,150,0.08536585365853659,0.7894736842105263,3.5380902118521402,184,25,159,0.1358695652173913,0.8368421052631579,1.280166
nmix,nmix,250,120,0.5,20,72,522,372,150,140,43,97,0.7126436781609196,0.7894736842105263,0.30714285714285716,0.5105263157894737,949,788,161,197,81,116,0.8303477344573235,0.8473684210526315,0.41116751269035534,0.6105263157894737,3.7265466081521947,128,5,123,0.0390625,0.6473684210526316,3.505820248493194,146,18,128,0.1232876712328767,0.6736842105263158,3.957000462062975,110,3,107,0.02727272727272727,0.5631578947368421,3.6737492022131404,131,7,124,0.05343511450381679,0.6526315789473685,1.266811
nmix,nmix,250,120,0.5,20,73,490,360,130,118,44,74,0.7346938775510204,0.6842105263157895,0.3728813559322034,0.3894736842105263,974,825,149,181,85,96,0.8470225872689938,0.7842105263157895,0.4696132596685083,0.5052631578947369,3.808564048447206,89,3,86,0.033707865168539325,0.45263157894736844,3.599237532217096,104,13,91,0.125,0.4789473684210526,4.05041101673865,74,2,72,0.02702702702702703,0.37894736842105264,3.697617500953733,98,9,89,0.09183673469387756,0.46842105263157896,1.219982
nmix,nmix,250,120,0.5,20,74,478,360,118,103,39,64,0.7531380753138075,0.6210526315789474,0.3786407766990291,0.3368421052631579,997,863,134,146,71,75,0.8655967903711134,0.7052631578947368,0.4863013698630137,0.39473684210526316,3.8997464262569306,60,4,56,0.06666666666666667,0.29473684210526313,3.669633961133446,79,13,66,0.16455696202531644,0.3473684210526316,4.314218582920238,43,0,43,0.0,0.22631578947368422,3.8997464262569306,60,4,56,0.06666666666666667,0.29473684210526313,1.228043
nmix,nmix,250,120,0.5,20,75,477,325,152,140,38,102,0.6813417190775681,0.8,0.2714285714285714,0.5368421052631579,900,729,171,183,71,112,0.81,0.9,0.3879781420765027,0.5894736842105263,3.7641875313930235,123,7,116,0.056910569105691054,0.6105263157894737,3.4989276491450143,153,21,132,0.13725490196078433,0.6947368421052632,3.898561525138964,113,4,109,0.035398230088495575,0.5736842105263158,3.5990490298802897,137,14,123,0.10218978102189781,0.6473684210526316,1.271934
nmix,nmix,250,120,0.5,20,76,548,391,157,157,51,106,0.7135036496350365,0.8263157894736842,0.3248407643312102,0.5578947368421052,1066,896,170,198,80,118,0.8405253283302064,0.8947368421052632,0.40404040404040403,0.6210526315789474,3.7376615839934435,127,9,118,0.07086614173228346,0.6210526315789474,3.4908666925551533,152,19,133,0.125,0.7,4.039344587310328,109,3,106,0.027522935779816515,0.5578947368421052,3.677352509590306,132,10,122,0.07575757575757576,0.6421052631578947,1.400974
nmix,nmix,250,120,0.5,20,77,629,492,137,130,52,78,0.7821939586645469,0.7210526315789474,0.4,0.4105263157894737,1160,1009,151,196,103,93,0.8698275862068966,0.7947368421052632,0.5255102040816326,0.48947368421052634,3.799915006918538,93,10,83,0.10752688172043011,0.4368421052631579,3.5705405719141785,115,19,96,0.16521739130434782,0.5052631578947369,4.134094127712837,70,3,67,0.04285714285714286,0.3526315789473684,3.721090421077728,99,13,86,0.13131313131313133,0.45263157894736844,1.229409
nmix,nmix,250,120,0.5,20,78,467,335,132,95,24,71,0.7173447537473233,0.6947368421052632,0.25263157894736843,0.3736842105263158,738,591,147,139,52,87,0.8008130081300813,0.7736842105263158,0.37410071942446044,0.45789473684210524,3.812407865007309,87,6,81,0.06896551724137931,0.4263157894736842,3.6207251400610128,95,9,86,0.09473684210526316,0.45263157894736844,3.951489793861648,81,4,77,0.04938271604938271,0.4052631578947368,3.69093755985277,91,8,83,0.08791208791208792,0.4368421052631579,1.305555
nmix,nmix,250,120,0.5,20,79,625,475,150,134,36,98,0.76,0.7894736842105263,0.26865671641791045,0.5157894736842106,1256,1090,166,180,71,109,0.8678343949044586,0.8736842105263158,0.39444444444444443,0.5736842105263158,3.7763048615492316,110,8,102,0.07272727272727272,0.5368421052631579,3.554586554441767,120,13,107,0.10833333333333334,0.5631578947368421,3.9963489144334963,96,4,92,0.041666666666666664,0.4842105263157895,3.688197237960879,114,9,105,0.07894736842105263,0.5526315789473685,1.207449
nmix,nmix,250,120,0.5,20,80,507,360,147,162,51,111,0.7100591715976331,0.7736842105263158,0.3148148148148148,0.5842105263157895,962,802,160,205,90,115,0.8336798336798337,0.8421052631578947,0.43902439024390244,0.6052631578947368,3.7310437872308393,123,6,117,0.04878048780487805,0.6157894736842106,3.5097885920416947,141,17,124,0.12056737588652482,0.6526315789473685,3.8715119723025464,118,4,114,0.03389830508474576,0.6,3.607377727694333,132,11,121,0.08333333333333333,0.6368421052631579,1.26768
nmix,nmix,250,120,0.5,20,81,573,438,135,117,36,81,0.7643979057591623,0.7105263157894737,0.3076923076923077,0.4263157894736842,989,843,146,161,74,87,0.8523761375126391,0.7684210526315789,0.45962732919254656,0.45789473684210524,3.8395310044925366,85,5,80,0.058823529411764705,0.42105263157894735,3.624828875144682,99,9,90,0.09090909090909091,0.47368421052631576,4.030155609257794,77,3,74,0.03896103896103896,0.3894736842105263,3.720784673180172,93,7,86,0.07526881720430108,0.45263157894736844,1.274378
nmix,nmix,250,120,0.5,20,82,616,466,150,142,51,91,0.7564935064935064,0.7894736842105263,0.3591549295774648,0.4789473684210526,1158,988,170,209,96,113,0.853195164075993,0.8947368421052632,0.45933014354066987,0.5947368421052631,3.7838398521609666,100,2,98,0.02,0.5157894736842106,3.5437540190376926,127,13,114,0.10236220472440945,0.6,4.055236611026502,81,0,81,0.0,0.4263157894736842,3.7075832850337553,109,6,103,0.05504587155963303,0.5421052631578948,1.249778
nmix,nmix,250,120,0.5,20,83,392,294,98,50,21,29,0.75,0.5157894736842106,0.42,0.15263157894736842,813,686,127,74,34,40,0.8437884378843789,0.6684210526315789,0.4594594594594595,0.21052631578947367,4.151376146019404,32,4,28,0.125,0.14736842105263157,3.801106254317018,46,7,39,0.15217391304347827,0.20526315789473684,5.708092230414208,6,0,6,0.0,0.031578947368421054,4.151376146019404,32,4,28,0.125,0.14736842105263157,1.308248
nmix,nmix,250,120,0.5,20,84,557,415,142,149,56,93,0.7450628366247756,0.7473684210526316,0.37583892617449666,0.48947368421052634,1134,975,159,202,95,107,0.8597883597883598,0.8368421052631579,0.47029702970297027,0.5631578947368421,3.771078429917648,115,8,107,0.06956521739130435,0.5631578947368421,3.5274596634706596,131,18,113,0.13740458015267176,0.5947368421052631,3.975380743451356,99,2,97,0.020202020202020204,0.5105263157894737,3.657560518688976,123,13,110,0.10569105691056911,0.5789473684210527,1.311391
nmix,nmix,250,120,0.5,20,85,612,453,159,172,56,116,0.7401960784313726,0.8368421052631579,0.32558139534883723,0.6105263157894737,1147,980,167,209,85,124,0.8544027898866609,0.8789473684210526,0.40669856459330145,0.6526315789473685,3.700531586708023,143,11,132,0.07692307692307693,0.6947368421052632,3.472374575309897,163,22,141,0.13496932515337423,0.7421052631578947,3.915810642900198,126,6,120,0.047619047619047616,0.631578947368421,3.6218807153051253,148,12,136,0.08108108108108109,0.7157894736842105,1.339182
nmix,nmix,250,120,0.5,20,86,761,667,94,114,68,46,0.8764783180026281,0.49473684210526314,0.5964912280701754,0.24210526315789474,1525,1410,115,166,111,55,0.9245901639344263,0.6052631578947368,0.6686746987951807,0.2894736842105263,4.034420396457623,35,6,29,0.17142857142857143,0.15263157894736842,3.795677230124217,46,10,36,0.21739130434782608,0.18947368421052632,inf,0,0,0,0.0,0.0,4.300756735522907,28,2,26,0.07142857142857142,0.1368421052631579,1.289743
nmix,nmix,250,120,0.5,20,87,581,426,155,143,41,102,0.7332185886402753,0.8157894736842105,0.2867132867132867,0.5368421052631579,1050,883,167,190,76,114,0.840952380952381,0.8789473684210526,0.4,0.6,3.72965257338463,120,8,112,0.06666666666666667,0.5894736842105263,3.5347708624823904,131,14,117,0.10687022900763359,0.6157894736842106,3.9439923469497273,106,4,102,0.03773584905660377,0.5368421052631579,3.622656390473337,127,11,116,0.08661417322834646,0.6105263157894737,1.340098
nmix,nmix,250,120,0.5,20,88,625,458,167,188,64,124,0.7328,0.8789473684210526,0.3404255319148936,0.6526315789473685,1126,944,182,260,123,137,0.8383658969804618,0.9578947368421052,0.47307692307692306,0.7210526315789474,3.681737557207284,145,13,132,0.0896551724137931,0.6947368421052632,3.478621565587777,159,23,136,0.14465408805031446,0.7157894736842105,3.915841678284301,133,7,126,0.05263157894736842,0.6631578947368421,3.649281438571409,147,14,133,0.09523809523809523,0.7,1.168132
nmix,nmix,250,120,0.5,20,89,539,369,170,192,55,137,0.6846011131725418,0.8947368421052632,0.2864583333333333,0.7210526315789474,1038,860,178,242,91,151,0.8285163776493256,0.9368421052631579,0.3760330578512397,0.7947368421052632,3.6544360262397575,164,12,152,0.07317073170731707,0.8,3.453651315091943,177,20,157,0.11299435028248588,0.8263157894736842,3.787043863465359,154,8,146,0.05194805194805195,0.7684210526315789,3.550577135472794,171,18,153,0.10526315789473684,0.8052631578947368,1.177197
nmix,nmix,250,120,0.5,20,90,556,402,154,165,53,112,0.7230215827338129,0.8105263157894737,0.3212121212121212,0.5894736842105263,1000,839,161,193,78,115,0.839,0.8473684210526315,0.40414507772020725,0.6052631578947368,3.7446472935617248,121,8,113,0.06611570247933884,0.5947368421052631,3.5279136210160074,137,13,124,0.0948905109489051,0.6526315789473685,3.896957506783608,114,6,108,0.05263157894736842,0.5684210526315789,3.5969415770007007,135,12,123,0.08888888888888889,0.6473684210526316,1.456169
nmix,nmix,250,120,0.5,20,91,640,485,155,154,46,108,0.7578125,0.8157894736842105,0.2987012987012987,0.5684210526315789,1259,1097,162,205,88,117,0.8713264495631453,0.8526315789473684,0.4292682926829268,0.6157894736842106,3.7582585265239463,114,6,108,0.05263157894736842,0.5684210526315789,3.539019849392737,129,13,116,0.10077519379844961,0.6105263157894737,3.972597999638843,103,2,101,0.019417475728155338,0.531578947368421,3.6675229444421826,121,10,111,0.08264462809917356,0.5842105263157895,1.220733
nmix,nmix,250,120,0.5,20,92,506,355,151,155,57,98,0.7015810276679841,0.7947368421052632,0.36774193548387096,0.5157894736842106,893,731,162,205,89,116,0.8185890257558791,0.8526315789473684,0.43414634146341463,0.6105263157894737,3.735187334075157,117,9,108,0.07692307692307693,0.5684210526315789,3.519093888502369,140,22,118,0.15714285714285714,0.6210526315789474,4.000701415249919,99,3,96,0.030303030303030304,0.5052631578947369,3.6319681451867125,128,16,112,0.125,0.5894736842105263,1.369438
nmix,nmix,250,120,0.5,20,93,782,610,172,205,74,131,0.7800511508951407,0.9052631578947369,0.36097560975609755,0.6894736842105263,1312,1133,179,273,130,143,0.8635670731707317,0.9421052631578948,0.47619047619047616,0.7526315789473684,3.7260714050847956,145,6,139,0.041379310344827586,0.7315789473684211,3.4670598959332493,164,14,150,0.08536585365853659,0.7894736842105263,3.8566654050898306,137,4,133,0.029197080291970802,0.7,3.570916821117687,154,10,144,0.06493506493506493,0.7578947368421053,1.168059
nmix,nmix,250,120,0.5,20,94,551,411,140,124,43,81,0.7459165154264973,0.7368421052631579,0.3467741935483871,0.4263157894736842,1085,924,161,175,74,101,0.8516129032258064,0.8473684210526315,0.4228571428571429,0.531578947368421,3.774980124777774,102,7,95,0.06862745098039216,0.5,3.5279942769627666,131,21,110,0.16030534351145037,0.5789473684210527,4.0907240104425835,84,2,82,0.023809523809523808,0.43157894736842106,3.7342227536258026,109,7,102,0.06422018348623854,0.5368421052631579,1.395841
nmix,nmix,250,120,0.5,20,95,456,303,153,130,27,103,0.6644736842105263,0.8052631578947368,0.2076923076923077,0.5421052631578948,871,706,165,161,46,115,0.8105625717566016,0.868421052631579,0.2857142857142857,0.6052631578947368,3.738832921786916,123,2,121,0.016260162601626018,0.6368421052631579,3.5663826302812867,134,8,126,0.05970149253731343,0.6631578947368421,3.9346351089494878,111,1,110,0.009009009009009009,0.5789473684210527,3.64365650080202,131,8,123,0.061068702290076333,0.6473684210526316,1.259803
nmix,nmix,250,120,0.5,20,96,581,437,144,148,56,92,0.7521514629948365,0.7578947368421053,0.3783783783783784,0.4842105263157895,1173,1009,164,201,96,105,0.8601875532821824,0.8631578947368421,0.47761194029850745,0.5526315789473685,3.7588028314923276,107,7,100,0.06542056074766354,0.5263157894736842,3.5480313256107388,126,17,109,0.1349206349206349,0.5736842105263158,4.027045107560063,88,4,84,0.045454545454545456,0.4421052631578947,3.692043127029128,114,9,105,0.07894736842105263,0.5526315789473685,1.204591
nmix,nmix,250,120,0.5,20,97,475,344,131,116,39,77,0.7242105263157895,0.6894736842105263,0.33620689655172414,0.4052631578947368,931,784,147,164,72,92,0.8421052631578947,0.7736842105263158,0.43902439024390244,0.4842105263157895,3.813142796667781,96,7,89,0.07291666666666667,0.46842105263157896,3.5575528092793913,117,16,101,0.13675213675213677,0.531578947368421,3.994110434177616,89,5,84,0.056179775280898875,0.4421052631578947,3.683779498864972,111,11,100,0.0990990990990991,0.5263157894736842,1.245763
nmix,nmix,250,120,0.5,20,98,528,393,135,113,38,75,0.7443181818181818,0.7105263157894737,0.336283185840708,0.39473684210526316,995,846,149,173,83,90,0.8502512562814071,0.7842105263157895,0.4797687861271676,0.47368421052631576,3.814771064511202,90,9,81,0.1,0.4263157894736842,3.5935235433760098,106,17,89,0.16037735849056603,0.46842105263157896,4.0576079082478245,74,5,69,0.06756756756756757,0.3631578947368421,3.7426917467890455,92,10,82,0.10869565217391304,0.43157894736842106,1.26323
nmix,nmix,250,120,0.5,20,99,581,409,172,188,67,121,0.7039586919104991,0.9052631578947369,0.35638297872340424,0.6368421052631579,1057,878,179,245,105,140,0.8306527909176916,0.9421052631578948,0.42857142857142855,0.7368421052631579,3.6714792115250705,153,9,144,0.058823529411764705,0.7578947368421053,3.4516522045027687,175,24,151,0.13714285714285715,0.7947368421052632,3.833450956899165,142,4,138,0.028169014084507043,0.7263157894736842,3.535618093735776,167,18,149,0.10778443113772455,0.7842105263157895,1.327769
nmix,nmix,250,120,0.5,20,100,398,258,140,134,36,98,0.6482412060301508,0.7368421052631579,0.26865671641791045,0.5157894736842106,753,597,156,167,58,109,0.7928286852589641,0.8210526315789474,0.3473053892215569,0.5736842105263158,3.720636366643934,126,9,117,0.07142857142857142,0.6157894736842106,3.521530934369233,138,13,125,0.09420289855072464,0.6578947368421053,3.8355649342274614,118,5,113,0.0423728813559322,0.5947368421052631,3.594775542315274,134,13,121,0.09701492537313433,0.6368421052631579,1.381886
nmix,nmix,250,120,0.5,20,101,872,711,161,230,110,120,0.8153669724770642,0.8473684210526315,0.4782608695652174,0.631578947368421,1637,1461,176,315,180,135,0.8924862553451436,0.9263157894736842,0.5714285714285714,0.7105263157894737,3.688751921753783,144,21,123,0.14583333333333334,0.6473684210526316,3.4678410575722523,165,33,132,0.2,0.6947368421052632,4.001608284022893,115,8,107,0.06956521739130435,0.5631578947368421,3.605957506589504,152,26,126,0.17105263157894737,0.6631578947368421,1.179227
nmix,nmix,250,120,0.5,20,102,626,466,160,162,54,108,0.744408945686901,0.8421052631578947,0.3333333333333333,0.5684210526315789,1101,921,180,235,112,123,0.8365122615803815,0.9473684210526315,0.4765957446808511,0.6473684210526316,3.7148898708976557,136,12,124,0.08823529411764706,0.6526315789473685,3.476587872190119,160,27,133,0.16875,0.7,3.9002673300047044,118,4,114,0.03389830508474576,0.6,3.5874286598905964,146,18,128,0.1232876712328767,0.6736842105263158,1.296345
nmix,nmix,250,120,0.5,20,103,547,396,151,162,50,112,0.7239488117001828,0.7947368421052632,0.30864197530864196,0.5894736842105263,1039,874,165,223,100,123,0.8411934552454283,0.868421052631579,0.4484304932735426,0.6473684210526316,3.7597204152403227,127,10,117,0.07874015748031496,0.6157894736842106,3.4972881952979717,147,23,124,0.1564625850340136,0.6526315789473685,3.862998610488804,123,9,114,0.07317073170731707,0.6,3.588678628074486,137,16,121,0.11678832116788321,0.6368421052631579,1.328433
nmix,nmix,250,120,0.5,20,104,474,349,125,107,35,72,0.7362869198312236,0.6578947368421053,0.32710280373831774,0.37894736842105264,947,801,146,144,59,85,0.8458289334741288,0.7684210526315789,0.4097222222222222,0.4473684210526316,3.8135426547485807,86,4,82,0.046511627906976744,0.43157894736842106,3.591438716454226,107,15,92,0.14018691588785046,0.4842105263157895,4.106778221386906,68,2,66,0.029411764705882353,0.3473684210526316,3.736149963587798,94,7,87,0.07446808510638298,0.45789473684210524,1.27988
nmix,nmix,250,120,0.5,20,105,665,502,163,188,68,120,0.7548872180451128,0.8578947368421053,0.3617021276595745,0.631578947368421,1394,1214,180,251,116,135,0.8708751793400287,0.9473684210526315,0.46215139442231074,0.7105263157894737,3.703677740971639,135,9,126,0.06666666666666667,0.6631578947368421,3.4867948670830673,153,17,136,0.1111111111111111,0.7157894736842105,3.9652347506717627,125,5,120,0.04,0.631578947368421,3.6092967817798804,140,10,130,0.07142857142857142,0.6842105263157895,1.216819
nmix,nmix,250,120,0.5,20,106,708,543,165,198,73,125,0.7669491525423728,0.868421052631579,0.3686868686868687,0.6578947368421053,1347,1170,177,266,127,139,0.8685968819599109,0.9315789473684211,0.4774436090225564,0.7315789473684211,3.7755514529321497,142,9,133,0.06338028169014084,0.7,3.4616456744392705,168,21,147,0.125,0.7736842105263158,3.9069519827240167,130,4,126,0.03076923076923077,0.6631578947368421,3.607842473603522,148,12,136,0.08108108108108109,0.7157894736842105,1.297837
nmix,nmix,250,120,0.5,20,107,756,590,166,215,82,133,0.7804232804232805,0.8736842105263158,0.3813953488372093,0.7,1312,1136,176,266,122,144,0.8658536585365854,0.9263157894736842,0.45864661654135336,0.7578947368421053,3.6755718915383766,150,8,142,0.05333333333333334,0.7473684210526316,3.4718196809722772,164,18,146,0.10975609756097561,0.7684210526315789,3.828561938860123,138,6,132,0.043478260869565216,0.6947368421052632,3.5627589319073976,155,12,143,0.07741935483870968,0.7526315789473684,1.308125
nmix,nmix,250,120,0.5,20,108,578,436,142,139,40,99,0.754325259515571,0.7473684210526316,0.28776978417266186,0.5210526315789473,1020,868,152,175,65,110,0.8509803921568627,0.8,0.37142857142857144,0.5789473684210527,3.7537196553644896,109,10,99,0.09174311926605505,0.5210526315789473,3.5569941484720347,121,14,107,0.11570247933884298,0.5631578947368421,3.958960651069646,99,5,94,0.050505050505050504,0.49473684210526314,3.7047406526058992,113,11,102,0.09734513274336283,0.5368421052631579,1.30902
nmix,nmix,250,120,0.5,20,109,455,304,151,141,35,106,0.6681318681318681,0.7947368421052632,0.24822695035460993,0.5578947368421052,806,650,156,180,61,119,0.8064516129032258,0.8210526315789474,0.3388888888888889,0.6263157894736842,3.782454669610082,123,6,117,0.04878048780487805,0.6157894736842106,3.512092953819736,141,12,129,0.0851063829787234,0.6789473684210526,3.9259064857526336,115,4,111,0.034782608695652174,0.5842105263157895,3.655486093952732,125,8,117,0.064,0.6157894736842106,1.235968
nmix,nmix,250,120,0.5,20,110,476,311,165,166,39,127,0.6533613445378151,0.868421052631579,0.23493975903614459,0.6684210526315789,878,700,178,206,68,138,0.7972665148063781,0.9368421052631579,0.3300970873786408,0.7263157894736842,3.6576895415748445,161,11,150,0.06832298136645963,0.7894736842105263,3.477108990708432,167,15,152,0.08982035928143713,0.8,3.819780751590721,148,6,142,0.04054054054054054,0.7473684210526316,3.578056475008915,164,13,151,0.07926829268292683,0.7947368421052632,1.264495
nmix,nmix,250,120,0.5,20,111,588,439,149,146,38,108,0.7465986394557823,0.7842105263157895,0.2602739726027397,0.5684210526315789,1022,859,163,177,62,115,0.8405088062622309,0.8578947368421053,0.3502824858757062,0.6052631578947368,3.730055455021739,121,6,115,0.049586776859504134,0.6052631578947368,3.5238988832691085,143,18,125,0.1258741258741259,0.6578947368421053,3.944828969731496,114,3,111,0.02631578947368421,0.5842105263157895,3.60142258575467,134,13,121,0.09701492537313433,0.6368421052631579,1.365816
nmix,nmix,250,120,0.5,20,112,671,526,145,121,41,80,0.7839046199701938,0.7631578947368421,0.33884297520661155,0.42105263157894735,1229,1070,159,185,87,98,0.870626525630594,0.8368421052631579,0.4702702702702703,0.5157894736842106,3.847880279521908,78,4,74,0.05128205128205128,0.3894736842105263,3.6320885886793914,92,6,86,0.06521739130434782,0.45263157894736844,4.263174276854275,58,1,57,0.017241379310344827,0.3,3.8136473572220404,81,4,77,0.04938271604938271,0.4052631578947368,1.232734
nmix,nmix,250,120,0.5,20,113,390,242,148,111,24,87,0.6205128205128205,0.7789473684210526,0.21621621621621623,0.45789473684210524,693,530,163,167,55,112,0.7647907647907648,0.8578947368421053,0.32934131736526945,0.5894736842105263,3.7229886849623117,127,7,120,0.05511811023622047,0.631578947368421,3.499100577484235,148,19,129,0.12837837837837837,0.6789473684210526,3.8756852982471917,117,5,112,0.042735042735042736,0.5894736842105263,3.604171168658068,136,12,124,0.08823529411764706,0.6526315789473685,1.240689
nmix,nmix,250,120,0.5,20,114,673,519,154,162,53,109,0.7711738484398217,0.8105263157894737,0.3271604938271605,0.5736842105263158,1162,995,167,221,100,121,0.8562822719449226,0.8789473684210526,0.45248868778280543,0.6368421052631579,3.7992709602529007,121,4,117,0.03305785123966942,0.6157894736842106,3.538374535022331,135,15,120,0.1111111111111111,0.631578947368421,3.9481064188103225,113,3,110,0.02654867256637168,0.5789473684210527,3.6595194521827903,125,7,118,0.056,0.6210526315789474,1.236029
nmix,nmix,250,120,0.5,20,115,780,653,127,178,93,85,0.8371794871794872,0.6684210526315789,0.5224719101123596,0.4473684210526316,1506,1360,146,265,166,99,0.9030544488711819,0.7684210526315789,0.6264150943396226,0.5210526315789473,3.8773692842218885,72,4,68,0.05555555555555555,0.35789473684210527,3.613760382555777,94,15,79,0.1595744680851064,0.41578947368421054,4.295441595423243,53,2,51,0.03773584905660377,0.26842105263157895,3.8773692842218885,72,4,68,0.05555555555555555,0.35789473684210527,1.248684
nmix,nmix,250,120,0.5,20,116,524,379,145,126,43,83,0.7232824427480916,0.7631578947368421,0.3412698412698413,0.4368421052631579,1021,855,166,193,90,103,0.8374142997061704,0.8736842105263158,0.46632124352331605,0.5421052631578948,3.759489577692952,117,15,102,0.1282051282051282,0.5368421052631579,3.5119899930509244,139,25,114,0.17985611510791366,0.6,4.053460079919199,89,6,83,0.06741573033707865,0.4368421052631579,3.672542645934763,124,19,105,0.1532258064516129,0.5526315789473685,1.511832
nmix,nmix,250,120,0.5,20,117,748,595,153,185,71,114,0.7954545454545454,0.8052631578947368,0.3837837837837838,0.6,1379,1215,164,254,126,128,0.8810732414793329,0.8631578947368421,0.49606299212598426,0.6736842105263158,3.721112259648792,129,10,119,0.07751937984496124,0.6263157894736842,3.5362641990045542,138,14,124,0.10144927536231885,0.6526315789473685,3.9816276982907812,111,6,105,0.05405405405405406,0.5526315789473685,3.6664234434089003,131,11,120,0.08396946564885496,0.631578947368421,1.170264
nmix,nmix,250,120,0.5,20,118,577,414,163,181,60,121,0.7175043327556326,0.8578947368421053,0.3314917127071823,0.6368421052631579,1085,910,175,243,106,137,0.8387096774193549,0.9210526315789473,0.43621399176954734,0.7210526315789474,3.695682100158365,141,8,133,0.05673758865248227,0.7,3.470281494682007,163,19,144,0.1165644171779141,0.7578947368421053,3.88848351386813,129,3,126,0.023255813953488372,0.6631578947368421,3.640765511419817,146,9,137,0.06164383561643835,0.7210526315789474,1.297337
nmix,nmix,250,120,0.5,20,119,602,448,154,165,60,105,0.7441860465116279,0.8105263157894737,0.36363636363636365,0.5526315789473685,1138,968,170,201,87,114,0.8506151142355008,0.8947368421052632,0.43283582089552236,0.6,3.7797973193392966,115,9,106,0.0782608695652174,0.5578947368421052,3.5064946917234296,142,20,122,0.14084507042253522,0.6421052631578947,3.9166110964215393,106,5,101,0.04716981132075472,0.531578947368421,3.621459597620433,127,15,112,0.11811023622047244,0.5894736842105263,1.230906
nmix,nmix,250,120,0.5,20,120,700,559,141,161,87,74,0.7985714285714286,0.7421052631578947,0.5403726708074534,0.3894736842105263,1415,1254,161,219,132,87,0.8862190812720848,0.8473684210526315,0.6027397260273972,0.45789473684210524,3.8160972960969466,86,19,67,0.22093023255813954,0.3526315789473684,3.601964077717711,102,26,76,0.2549019607843137,0.4,4.225264687490691,62,6,56,0.0967741935483871,0.29473684210526313,3.7810002909863263,89,19,70,0.21348314606741572,0.3684210526315789,1.344136
nmix,nmix,250,120,0.5,20,121,444,347,97,92,45,47,0.7815315315315315,0.5105263157894737,0.4891304347826087,0.24736842105263157,973,849,124,145,85,60,0.8725590955806783,0.6526315789473685,0.5862068965517241,0.3157894736842105,3.969890406161471,48,5,43,0.10416666666666667,0.22631578947368422,3.728598584091137,61,9,52,0.14754098360655737,0.2736842105263158,4.418943266430332,36,1,35,0.027777777777777776,0.18421052631578946,3.903065798946435,52,5,47,0.09615384615384616,0.24736842105263157,1.236886
nmix,nmix,250,120,0.5,20,122,853,728,125,146,75,71,0.8534583821805393,0.6578947368421053,0.5136986301369864,0.3736842105263158,1685,1536,149,225,141,84,0.9115727002967359,0.7842105263157895,0.6266666666666667,0.4421052631578947,3.894957022265057,71,8,63,0.11267605633802817,0.33157894736842103,3.651195254134252,83,16,67,0.1927710843373494,0.3526315789473684,4.4973616551780795,46,3,43,0.06521739130434782,0.22631578947368422,3.894957022265057,71,8,63,0.11267605633802817,0.33157894736842103,1.268014
nmix,nmix,250,120,0.5,20,123,565,402,163,176,43,133,0.7115044247787611,0.8578947368421053,0.24431818181818182,0.7,933,761,172,235,91,144,0.8156484458735263,0.9052631578947369,0.3872340425531915,0.7578947368421053,3.6630385110781476,159,11,148,0.06918238993710692,0.7789473684210526,3.4510780432340287,177,23,154,0.12994350282485875,0.8105263157894737,3.8139854647918354,152,6,146,0.039473684210526314,0.7684210526315789,3.567560823346627,169,18,151,0.10650887573964497,0.7947368421052632,1.297176
nmix,nmix,250,120,0.5,20,124,603,486,117,108,44,64,0.8059701492537313,0.6157894736842106,0.4074074074074074,0.3368421052631579,1196,1061,135,159,83,76,0.887123745819398,0.7105263157894737,0.5220125786163522,0.4,3.923089636302026,58,2,56,0.034482758620689655,0.29473684210526313,3.72341982088882,69,5,64,0.07246376811594203,0.3368421052631579,4.38066621089984,39,1,38,0.02564102564102564,0.2,3.9019565166577626,59,2,57,0.03389830508474576,0.3,1.346113
nmix,nmix,250,120,0.5,20,125,444,319,125,102,32,70,0.7184684684684685,0.6578947368421053,0.3137254901960784,0.3684210526315789,871,732,139,140,56,84,0.8404133180252583,0.7315789473684211,0.4,0.4421052631578947,3.83716709347876,85,9,76,0.10588235294117647,0.4,3.6305958346570555,93,10,83,0.10752688172043011,0.4368421052631579,4.165106370985279,67,3,64,0.04477611940298507,0.3368421052631579,3.7868012874724486,87,10,77,0.11494252873563218,0.4052631578947368,1.353259
nmix,nmix,250,120,0.5,20,126,801,654,147,158,65,93,0.8164794007490637,0.7736842105263158,0.41139240506329117,0.48947368421052634,1447,1287,160,263,153,110,0.889426399447132,0.8421052631578947,0.5817490494296578,0.5789473684210527,3.79578137469431,94,7,87,0.07446808510638298,0.45789473684210524,3.5362396384312826,127,20,107,0.15748031496062992,0.5631578947368421,4.1726712921869495,78,3,75,0.038461538461538464,0.39473684210526316,3.7370683240321743,103,10,93,0.0970873786407767,0.48947368421052634,1.278459
nmix,nmix,250,120,0.5,20,127,588,435,153,152,50,102,0.7397959183673469,0.8052631578947368,0.32894736842105265,0.5368421052631579,1135,970,165,203,85,118,0.8546255506607929,0.868421052631579,0.4187192118226601,0.6210526315789474,3.714158630024357,127,12,115,0.09448818897637795,0.6052631578947368,3.5512192499969064,136,16,120,0.11764705882352941,0.631578947368421,3.9418152152055197,104,6,98,0.057692307692307696,0.5157894736842106,3.6468895126035474,129,12,117,0.09302325581395349,0.6157894736842106,1.234598
nmix,nmix,250,120,0.5,20,128,428,300,128,114,36,78,0.7009345794392523,0.6736842105263158,0.3157894736842105,0.4105263157894737,952,809,143,142,52,90,0.8497899159663865,0.7526315789473684,0.36619718309859156,0.47368421052631576,3.78928487170049,96,7,89,0.07291666666666667,0.46842105263157896,3.58273784336763,108,8,100,0.07407407407407407,0.5263157894736842,3.9943243600843163,85,4,81,0.047058823529411764,0.4263157894736842,3.7147278421326213,100,8,92,0.08,0.4842105263157895,1.26879
nmix,nmix,250,120,0.5,20,129,441,303,138,112,26,86,0.6870748299319728,0.7263157894736842,0.23214285714285715,0.45263157894736844,911,756,155,155,56,99,0.8298572996706916,0.8157894736842105,0.36129032258064514,0.5210526315789473,3.8768287742824423,90,1,89,0.011111111111111112,0.46842105263157896,3.5907467509039708,103,2,101,0.019417475728155338,0.531578947368421,4.050884342145645,81,0,81,0.0,0.4263157894736842,3.739317279103354,93,1,92,0.010752688172043012,0.4842105263157895,1.315043
nmix,nmix,250,120,0.5,20,130,455,307,148,142,35,107,0.6747252747252748,0.7789473684210526,0.24647887323943662,0.5631578947368421,922,762,160,173,60,113,0.8264642082429501,0.8421052631578947,0.3468208092485549,0.5947368421052631,3.735402114898181,122,2,120,0.01639344262295082,0.631578947368421,3.5263553074369725,139,12,127,0.08633093525179857,0.6684210526315789,3.9178762186905067,108,0,108,0.0,0.5684210526315789,3.630863766786382,130,5,125,0.038461538461538464,0.6578947368421053,1.409394
nmix,nmix,250,120,0.5,20,131,357,269,88,58,29,29,0.7535014005602241,0.4631578947368421,0.5,0.15263157894736842,825,713,112,79,43,36,0.8642424242424243,0.5894736842105263,0.5443037974683544,0.18947368421052632,4.036026046296179,34,5,29,0.14705882352941177,0.15263157894736842,3.8093291182104667,45,9,36,0.2,0.18947368421052632,4.726536428135802,18,3,15,0.16666666666666666,0.07894736842105263,4.036026046296179,34,5,29,0.14705882352941177,0.15263157894736842,1.250962
nmix,nmix,250,120,0.5,20,132,464,346,118,53,8,45,0.7456896551724138,0.6210526315789474,0.1509433962264151,0.23684210526315788,880,740,140,109,45,64,0.8409090909090909,0.7368421052631579,0.41284403669724773,0.3368421052631579,3.92706171910044,58,1,57,0.017241379310344827,0.3,3.7288814533439516,65,1,64,0.015384615384615385,0.3368421052631579,4.234363248814275,44,0,44,0.0,0.23157894736842105,3.8314453654948073,62,1,61,0.016129032258064516,0.32105263157894737,1.379728
nmix,nmix,250,120,0.5,20,133,576,420,156,164,56,108,0.7291666666666666,0.8210526315789474,0.34146341463414637,0.5684210526315789,1203,1032,171,233,106,127,0.85785536159601,0.9,0.45493562231759654,0.6684210526315789,3.7293697269949306,132,9,123,0.06818181818181818,0.6473684210526316,3.5098714079178626,146,19,127,0.13013698630136986,0.6684210526315789,3.982093106880973,116,5,111,0.04310344827586207,0.5842105263157895,3.6673881349058832,134,11,123,0.08208955223880597,0.6473684210526316,1.406071
nmix,nmix,250,120,0.5,20,134,556,393,163,171,50,121,0.7068345323741008,0.8578947368421053,0.29239766081871343,0.6368421052631579,1002,824,178,206,76,130,0.8223552894211577,0.9368421052631579,0.36893203883495146,0.6842105263157895,3.6645913989875423,156,19,137,0.12179487179487179,0.7210526315789474,3.465283487624155,175,28,147,0.16,0.7736842105263158,3.8548197887564157,141,11,130,0.07801418439716312,0.6842105263157895,3.563393944103733,163,23,140,0.1411042944785276,0.7368421052631579,1.255669
nmix,nmix,250,120,0.5,20,135,529,361,168,172,48,124,0.6824196597353497,0.8842105263157894,0.27906976744186046,0.6526315789473685,959,783,176,219,80,139,0.8164754953076121,0.9263157894736842,0.365296803652968,0.7315789473684211,3.680486736780582,148,5,143,0.033783783783783786,0.7526315789473684,3.4772582516436494,160,8,152,0.05,0.8,3.8420876126287213,136,3,133,0.022058823529411766,0.7,3.5780648116135234,153,5,148,0.032679738562091505,0.7789473684210526,1.28658
nmix,nmix,250,120,0.5,20,136,355,262,93,52,18,34,0.7380281690140845,0.48947368421052634,0.34615384615384615,0.17894736842105263,797,680,117,102,44,58,0.8531994981179423,0.6157894736842106,0.43137254901960786,0.30526315789473685,3.9389954133927443,51,3,48,0.058823529411764705,0.25263157894736843,3.8156920782953168,57,4,53,0.07017543859649122,0.2789473684210526,4.862655613989178,14,0,14,0.0,0.07368421052631578,3.9034953113180797,55,4,51,0.07272727272727272,0.26842105263157895,1.205008
nmix,nmix,250,120,0.5,20,137,394,273,121,84,20,64,0.6928934010152284,0.6368421052631579,0.23809523809523808,0.3368421052631579,796,656,140,120,41,79,0.8241206030150754,0.7368421052631579,0.3416666666666667,0.41578947368421054,3.8335657620079897,84,9,75,0.10714285714285714,0.39473684210526316,3.64846174695838,92,10,82,0.10869565217391304,0.43157894736842106,4.162377713292987,61,2,59,0.03278688524590164,0.3105263157894737,3.7432742420624314,89,10,79,0.11235955056179775,0.41578947368421054,1.368418
nmix,nmix,250,120,0.5,20,138,537,370,167,162,46,116,0.6890130353817505,0.8789473684210526,0.2839506172839506,0.6105263157894737,959,783,176,204,71,133,0.8164754953076121,0.9263157894736842,0.3480392156862745,0.7,3.6948130776725985,147,11,136,0.07482993197278912,0.7157894736842105,3.483610505800223,169,24,145,0.14201183431952663,0.7631578947368421,3.789167396100855,143,9,134,0.06293706293706294,0.7052631578947368,3.524107797407287,166,22,144,0.13253012048192772,0.7578947368421053,1.307565
nmix,nmix,250,120,0.5,20,139,585,437,148,161,61,100,0.747008547008547,0.7789473684210526,0.37888198757763975,0.5263157894736842,1067,900,167,235,123,112,0.8434864104967198,0.8789473684210526,0.5234042553191489,0.5894736842105263,3.7427435778896996,114,10,104,0.08771929824561403,0.5473684210526316,3.541177495261537,132,16,116,0.12121212121212122,0.6105263157894737,4.037515893307926,100,6,94,0.06,0.49473684210526314,3.6887309445122223,117,11,106,0.09401709401709402,0.5578947368421052,1.25283
nmix,nmix,250,120,0.5,20,140,439,322,117,89,30,59,0.7334851936218679,0.6157894736842106,0.33707865168539325,0.3105263157894737,831,694,137,132,59,73,0.8351383874849578,0.7210526315789474,0.44696969696969696,0.38421052631578945,3.833592308637818,79,13,66,0.16455696202531644,0.3473684210526316,3.6027622038128886,100,20,80,0.2,0.42105263157894735,4.242415937404876,55,4,51,0.07272727272727272,0.26842105263157895,3.7668972003962065,84,15,69,0.17857142857142858,0.3631578947368421,1.343619
nmix,nmix,250,120,0.5,20,141,427,308,119,84,28,56,0.7213114754098361,0.6263157894736842,0.3333333333333333,0.29473684210526313,835,696,139,122,50,72,0.8335329341317366,0.7315789473684211,0.4098360655737705,0.37894736842105264,3.8545276285982557,73,6,67,0.0821917808219178,0.3526315789473684,3.625739899643729,91,12,79,0.13186813186813187,0.41578947368421054,4.1121845395185606,58,3,55,0.05172413793103448,0.2894736842105263,3.7462915715538685,81,7,74,0.08641975308641975,0.3894736842105263,1.323326
nmix,nmix,250,120,0.5,20,142,386,260,126,96,26,70,0.6735751295336787,0.6631578947368421,0.2708333333333333,0.3684210526315789,747,604,143,125,44,81,0.8085676037483266,0.7526315789473684,0.352,0.4263157894736842,3.798961648388818,91,6,85,0.06593406593406594,0.4473684210526316,3.586575894000915,111,15,96,0.13513513513513514,0.5052631578947369,4.043116751895323,74,3,71,0.04054054054054054,0.3736842105263158,3.716235304248857,96,9,87,0.09375,0.45789473684210524,1.339619
nmix,nmix,250,120,0.5,20,143,686,529,157,181,71,110,0.7711370262390671,0.8263157894736842,0.39226519337016574,0.5789473684210527,1272,1100,172,236,115,121,0.8647798742138365,0.9052631578947369,0.4872881355932203,0.6368421052631579,3.7168242117596964,126,12,114,0.09523809523809523,0.6,3.509822032503998,146,23,123,0.15753424657534246,0.6473684210526316,3.8530895847282296,110,8,102,0.07272727272727272,0.5368421052631579,3.5465209606132215,141,20,121,0.14184397163120568,0.6368421052631579,1.191864
nmix,nmix,250,120,0.5,20,144,679,546,133,142,53,89,0.8041237113402062,0.7,0.3732394366197183,0.46842105263157896,1335,1181,154,181,82,99,0.8846441947565543,0.8105263157894737,0.4530386740331492,0.5210526315789473,3.812539041698025,88,3,85,0.03409090909090909,0.4473684210526316,3.580067705820395,108,13,95,0.12037037037037036,0.5,4.055169101305758,77,3,74,0.03896103896103896,0.3894736842105263,3.701825186856243,97,7,90,0.07216494845360824,0.47368421052631576,1.26439
nmix,nmix,250,120,0.5,20,145,520,350,170,152,29,123,0.6730769230769231,0.8947368421052632,0.19078947368421054,0.6473684210526316,939,765,174,212,77,135,0.8146964856230032,0.9157894736842105,0.3632075471698113,0.7105263157894737,3.7042619763226865,145,5,140,0.034482758620689655,0.7368421052631579,3.4819393759610358,155,9,146,0.05806451612903226,0.7684210526315789,3.811900826314466,139,5,134,0.03597122302158273,0.7052631578947368,3.5425839061076103,154,9,145,0.05844155844155844,0.7631578947368421,1.281088
nmix,nmix,250,120,0.5,20,146,603,453,150,155,59,96,0.7512437810945274,0.7894736842105263,0.38064516129032255,0.5052631578947369,1213,1048,165,221,106,115,0.8639736191261336,0.868421052631579,0.4796380090497738,0.6052631578947368,3.7536201629276578,110,10,100,0.09090909090909091,0.5263157894736842,3.533083159152387,135,22,113,0.16296296296296298,0.5947368421052631,3.976961245242978,90,5,85,0.05555555555555555,0.4473684210526316,3.6194662651968974,124,15,109,0.12096774193548387,0.5736842105263158,1.386825
nmix,nmix,250,120,0.5,20,147,330,224,106,74,20,54,0.6787878787878788,0.5578947368421052,0.2702702702702703,0.28421052631578947,617,493,124,115,45,70,0.7990275526742301,0.6526315789473685,0.391304347826087,0.3684210526315789,3.96331968550746,67,5,62,0.07462686567164178,0.3263157894736842,3.6647453961805407,80,10,70,0.125,0.3684210526315789,3.9984766704495387,65,4,61,0.06153846153846154,0.32105263157894737,3.7599919483197772,75,7,68,0.09333333333333334,0.35789473684210527,1.199181
nmix,nmix,250,120,0.5,20,148,452,326,126,100,29,71,0.7212389380530974,0.6631578947368421,0.29,0.3736842105263158,841,698,143,138,51,87,0.8299643281807372,0.7526315789473684,0.3695652173913043,0.45789473684210524,3.884260797491764,78,7,71,0.08974358974358974,0.3736842105263158,3.667163094294035,83,9,74,0.10843373493975904,0.3894736842105263,4.067227631092363,69,5,64,0.07246376811594203,0.3368421052631579,3.8100515280102334,79,7,72,0.08860759493670886,0.37894736842105264,1.367321
nmix,nmix,250,120,0.5,20,149,349,198,151,116,24,92,0.5673352435530086,0.7947368421052632,0.20689655172413793,0.4842105263157895,636,474,162,155,46,109,0.7452830188679245,0.8526315789473684,0.2967741935483871,0.5736842105263158,3.7196676693304576,125,7,118,0.056,0.6210526315789474,3.49923029581536,149,16,133,0.10738255033557047,0.7,3.899973024013704,109,2,107,0.01834862385321101,0.5631578947368421,3.5766819422887517,143,13,130,0.09090909090909091,0.6842105263157895,1.258987
nmix,nmix,250,120,0.5,20,150,536,369,167,163,36,127,0.6884328358208955,0.8789473684210526,0.22085889570552147,0.6684210526315789,994,821,173,209,71,138,0.8259557344064387,0.9105263157894737,0.3397129186602871,0.7263157894736842,3.690201006952176,143,6,137,0.04195804195804196,0.7210526315789474,3.483009478945072,155,11,144,0.07096774193548387,0.7578947368421053,3.8362667821389898,139,3,136,0.02158273381294964,0.7157894736842105,3.5834368924801243,148,8,140,0.05405405405405406,0.7368421052631579,1.385589
nmix,nmix,250,120,0.5,20,151,767,603,164,188,80,108,0.7861799217731421,0.8631578947368421,0.425531914893617,0.5684210526315789,1388,1213,175,262,139,123,0.8739193083573487,0.9210526315789473,0.5305343511450382,0.6473684210526316,3.738151425771869,128,9,119,0.0703125,0.6263157894736842,3.5218528748940776,144,19,125,0.13194444444444445,0.6578947368421053,4.021966137664031,101,3,98,0.0297029702970297,0.5157894736842106,3.6566950827011935,131,10,121,0.07633587786259542,0.6368421052631579,1.276789
nmix,nmix,250,120,0.5,20,152,664,494,170,199,60,139,0.7439759036144579,0.8947368421052632,0.3015075376884422,0.7315789473684211,1237,1060,177,247,101,146,0.856911883589329,0.9315789473684211,0.4089068825910931,0.7684210526315789,3.7452579200915945,142,4,138,0.028169014084507043,0.7263157894736842,3.5186314127648375,155,11,144,0.07096774193548387,0.7578947368421053,3.8046328540519716,139,3,136,0.02158273381294964,0.7157894736842105,3.549772544224232,150,7,143,0.04666666666666667,0.7526315789473684,1.204684
nmix,nmix,250,120,0.5,20,153,937,783,154,175,88,87,0.8356456776947705,0.8105263157894737,0.5028571428571429,0.45789473684210524,1713,1547,166,255,148,107,0.9030939871570345,0.8736842105263158,0.5803921568627451,0.5631578947368421,3.828270161738461,85,5,80,0.058823529411764705,0.42105263157894735,3.606128134475831,100,11,89,0.11,0.46842105263157896,4.2350480262190375,67,0,67,0.0,0.3526315789473684,3.779818435529874,88,5,83,0.056818181818181816,0.4368421052631579,1.290567
nmix,nmix,250,120,0.5,20,154,602,459,143,168,70,98,0.7624584717607974,0.7526315789473684,0.4166666666666667,0.5157894736842106,1109,950,159,245,131,114,0.8566275924256087,0.8368421052631579,0.5346938775510204,0.6,3.774475555377139,107,9,98,0.08411214953271028,0.5157894736842106,3.5390768937042822,125,17,108,0.136,0.5684210526315789,3.915452810427228,92,4,88,0.043478260869565216,0.4631578947368421,3.6170191560185256,117,13,104,0.1111111111111111,0.5473684210526316,1.21652
nmix,nmix,250,120,0.5,20,155,591,441,150,142,47,95,0.7461928934010152,0.7894736842105263,0.33098591549295775,0.5,1080,918,162,195,86,109,0.85,0.8526315789473684,0.441025641025641,0.5736842105263158,3.764113591130776,108,4,104,0.037037037037037035,0.5473684210526316,3.576434852097528,117,9,108,0.07692307692307693,0.5684210526315789,3.9653746779259538,101,3,98,0.0297029702970297,0.5157894736842106,3.6954592812831093,111,6,105,0.05405405405405406,0.5526315789473685,1.393098
nmix,nmix,250,120,0.5,20,156,528,389,139,124,41,83,0.7367424242424242,0.7315789473684211,0.33064516129032256,0.4368421052631579,1080,919,161,173,73,100,0.850925925925926,0.8473684210526315,0.42196531791907516,0.5263157894736842,3.809566650198798,87,3,84,0.034482758620689655,0.4421052631578947,3.586130972874133,110,14,96,0.12727272727272726,0.5052631578947369,4.192499958083679,71,2,69,0.028169014084507043,0.3631578947368421,3.768009793987107,89,4,85,0.0449438202247191,0.4473684210526316,1.373726
nmix,nmix,250,120,0.5,20,157,630,460,170,180,46,134,0.7301587301587301,0.8947368421052632,0.25555555555555554,0.7052631578947368,1191,1012,179,209,69,140,0.8497061293031066,0.9421052631578948,0.33014354066985646,0.7368421052631579,3.661683615630844,156,11,145,0.07051282051282051,0.7631578947368421,3.450632803069642,179,23,156,0.12849162011173185,0.8210526315789474,3.8266180901163733,143,6,137,0.04195804195804196,0.7210526315789474,3.562517565662198,168,18,150,0.10714285714285714,0.7894736842105263,1.236599
nmix,nmix,250,120,0.5,20,158,412,291,121,91,24,67,0.7063106796116505,0.6368421052631579,0.26373626373626374,0.3526315789473684,858,715,143,123,49,74,0.8333333333333334,0.7526315789473684,0.3983739837398374,0.3894736842105263,3.9006194865379786,66,2,64,0.030303030303030304,0.3368421052631579,3.651391052171795,82,8,74,0.0975609756097561,0.3894736842105263,4.139480327667987,57,1,56,0.017543859649122806,0.29473684210526313,3.8327923048237253,68,3,65,0.04411764705882353,0.34210526315789475,1.307417
nmix,nmix,250,120,0.5,20,159,453,289,164,166,46,120,0.6379690949227373,0.8631578947368421,0.27710843373493976,0.631578947368421,815,639,176,190,58,132,0.7840490797546013,0.9263157894736842,0.30526315789473685,0.6947368421052632,3.677421272864598,153,14,139,0.0915032679738562,0.7315789473684211,3.4360057058255293,184,34,150,0.18478260869565216,0.7894736842105263,3.818766306490292,144,10,134,0.06944444444444445,0.7052631578947368,3.544583075893684,171,25,146,0.14619883040935672,0.7684210526315789,1.298151
nmix,nmix,250,120,0.5,20,160,659,523,136,131,57,74,0.7936267071320182,0.7157894736842105,0.4351145038167939,0.3894736842105263,1231,1076,155,190,100,90,0.8740861088545898,0.8157894736842105,0.5263157894736842,0.47368421052631576,3.8275295084575838,90,9,81,0.1,0.4263157894736842,3.582153994900893,109,18,91,0.1651376146788991,0.4789473684210526,4.133693942362431,66,4,62,0.06060606060606061,0.3263157894736842,3.7199117618566424,96,12,84,0.125,0.4421052631578947,1.289297
nmix,nmix,250,120,0.5,20,161,506,377,129,113,38,75,0.7450592885375494,0.6789473684210526,0.336283185840708,0.39473684210526316,1071,919,152,151,64,87,0.8580765639589168,0.8,0.423841059602649,0.45789473684210524,3.784511631468222,96,7,89,0.07291666666666667,0.46842105263157896,3.5887452813301204,110,13,97,0.11818181818181818,0.5105263157894737,4.0035602588418255,79,2,77,0.02531645569620253,0.4052631578947368,3.7032643659737428,103,11,92,0.10679611650485436,0.4842105263157895,1.250367
nmix,nmix,250,120,0.5,20,162,450,321,129,104,27,77,0.7133333333333334,0.6789473684210526,0.25961538461538464,0.4052631578947368,824,675,149,137,48,89,0.8191747572815534,0.7842105263157895,0.35036496350364965,0.46842105263157896,3.8491675309743694,85,4,81,0.047058823529411764,0.4263157894736842,3.5904699336975763,110,14,96,0.12727272727272726,0.5052631578947369,4.142272597417858,76,3,73,0.039473684210526314,0.38421052631578945,3.731274637309437,91,6,85,0.06593406593406594,0.4473684210526316,1.257417
nmix,nmix,250,120,0.5,20,163,390,260,130,87,27,60,0.6666666666666666,0.6842105263157895,0.3103448275862069,0.3157894736842105,854,703,151,118,45,73,0.8231850117096019,0.7947368421052632,0.3813559322033898,0.38421052631578945,3.830216207252141,82,7,75,0.08536585365853659,0.39473684210526316,3.605715560609786,102,16,86,0.1568627450980392,0.45263157894736844,4.106896708180294,66,3,63,0.045454545454545456,0.33157894736842103,3.7197677817799937,89,10,79,0.11235955056179775,0.41578947368421054,1.269551
nmix,nmix,250,120,0.5,20,164,475,328,147,141,40,101,0.6905263157894737,0.7736842105263158,0.28368794326241137,0.531578947368421,899,738,161,172,61,111,0.8209121245828699,0.8473684210526315,0.3546511627906977,0.5842105263157895,3.7724240824846924,120,11,109,0.09166666666666666,0.5736842105263158,3.523520707347103,136,19,117,0.13970588235294118,0.6157894736842106,3.974192312297946,109,6,103,0.05504587155963303,0.5421052631578948,3.671799570495785,123,11,112,0.08943089430894309,0.5894736842105263,1.393391
nmix,nmix,250,120,0.5,20,165,600,478,122,133,63,70,0.7966666666666666,0.6421052631578947,0.47368421052631576,0.3684210526315789,1224,1079,145,186,106,80,0.8815359477124183,0.7631578947368421,0.5698924731182796,0.42105263157894735,3.895601332190106,61,6,55,0.09836065573770492,0.2894736842105263,3.6846441882642615,73,10,63,0.136986301369863,0.33157894736842103,4.312927579694696,42,4,38,0.09523809523809523,0.2,3.812978318383674,66,7,59,0.10606060606060606,0.3105263157894737,1.322349
nmix,nmix,250,120,0.5,20,166,400,314,86,75,32,43,0.785,0.45263157894736844,0.4266666666666667,0.22631578947368422,865,761,104,109,55,54,0.8797687861271676,0.5473684210526316,0.5045871559633027,0.28421052631578947,3.991797867505836,43,3,40,0.06976744186046512,0.21052631578947367,3.8131064462561404,56,7,49,0.125,0.2578947368421053,4.517740104698146,30,0,30,0.0,0.15789473684210525,4.115821353697105,41,2,39,0.04878048780487805,0.20526315789473684,1.257794
nmix,nmix,250,120,0.5,20,167,377,266,111,70,22,48,0.7055702917771883,0.5842105263157895,0.3142857142857143,0.25263157894736843,748,616,132,90,32,58,0.8235294117647058,0.6947368421052632,0.35555555555555557,0.30526315789473685,4.113418693496354,43,3,40,0.06976744186046512,0.21052631578947367,3.7403376424472894,61,7,54,0.11475409836065574,0.28421052631578947,4.370649262982282,37,3,34,0.08108108108108109,0.17894736842105263,4.113418693496354,43,3,40,0.06976744186046512,0.21052631578947367,1.298926
nmix,nmix,250,120,0.5,20,168,896,716,180,261,104,157,0.7991071428571429,0.9473684210526315,0.39846743295019155,0.8263157894736842,1584,1397,187,355,187,168,0.8819444444444444,0.9842105263157894,0.5267605633802817,0.8842105263157894,3.6367461300205055,180,12,168,0.06666666666666667,0.8842105263157894,3.4298963781389475,190,22,168,0.11578947368421053,0.8842105263157894,3.8488859443420584,161,3,158,0.018633540372670808,0.8315789473684211,3.553607141275005,185,17,168,0.0918918918918919,0.8842105263157894,1.244611
nmix,nmix,250,120,0.5,20,169,483,349,134,97,25,72,0.722567287784679,0.7052631578947368,0.25773195876288657,0.37894736842105264,1003,851,152,138,50,88,0.8484546360917248,0.8,0.36231884057971014,0.4631578947368421,3.8280830600716484,84,7,77,0.08333333333333333,0.4052631578947368,3.602412739694636,99,13,86,0.13131313131313133,0.45263157894736844,4.049378320402115,71,3,68,0.04225352112676056,0.35789473684210527,3.7384459496413687,88,10,78,0.11363636363636363,0.4105263157894737,1.279413
nmix,nmix,250,120,0.5,20,170,459,320,139,108,25,83,0.6971677559912854,0.7315789473684211,0.23148148148148148,0.4368421052631579,837,677,160,137,45,92,0.8088410991636799,0.8421052631578947,0.3284671532846715,0.4842105263157895,3.759571337315135,109,5,104,0.045871559633027525,0.5473684210526316,3.5681789793172487,123,12,111,0.0975609756097561,0.5842105263157895,4.007426706182599,88,3,85,0.03409090909090909,0.4473684210526316,3.6951210279655258,112,5,107,0.044642857142857144,0.5631578947368421,1.272597
nmix,nmix,250,120,0.5,20,171,735,569,166,172,49,123,0.7741496598639456,0.8736842105263158,0.28488372093023256,0.6473684210526316,1381,1207,174,227,94,133,0.8740043446777698,0.9157894736842105,0.41409691629955947,0.7,3.7570524284711158,120,1,119,0.008333333333333333,0.6263157894736842,3.561619462295016,133,4,129,0.03007518796992481,0.6789473684210526,3.883512763043118,116,0,116,0.0,0.6105263157894737,3.6084297862628296,131,3,128,0.022900763358778626,0.6736842105263158,1.203989
nmix,nmix,250,120,0.5,20,172,357,227,130,104,27,77,0.6358543417366946,0.6842105263157895,0.25961538461538464,0.4052631578947368,681,536,145,128,44,84,0.7870778267254038,0.7631578947368421,0.34375,0.4421052631578947,3.818480308157439,94,11,83,0.11702127659574468,0.4368421052631579,3.587362867165562,114,17,97,0.14912280701754385,0.5105263157894737,3.9788294928512773,79,5,74,0.06329113924050633,0.3894736842105263,3.664665082115787,105,15,90,0.14285714285714285,0.47368421052631576,1.513921
nmix,nmix,250,120,0.5,20,173,418,312,106,70,24,46,0.7464114832535885,0.5578947368421052,0.34285714285714286,0.24210526315789474,813,676,137,124,59,65,0.8314883148831488,0.7210526315789474,0.47580645161290325,0.34210526315789475,3.876851407693759,67,7,60,0.1044776119402985,0.3157894736842105,3.6368878918179455,86,19,67,0.22093023255813954,0.3526315789473684,4.096450618657468,57,4,53,0.07017543859649122,0.2789473684210526,3.791376609958941,72,10,62,0.1388888888888889,0.3263157894736842,1.265572
nmix,nmix,250,120,0.5,20,174,507,358,149,136,36,100,0.7061143984220908,0.7842105263157895,0.2647058823529412,0.5263157894736842,885,719,166,173,61,112,0.8124293785310734,0.8736842105263158,0.35260115606936415,0.5894736842105263,3.755949416783538,121,4,117,0.03305785123966942,0.6157894736842106,3.52117733902103,134,13,121,0.09701492537313433,0.6368421052631579,3.868388122563878,114,3,111,0.02631578947368421,0.5842105263157895,3.6077440456422685,133,12,121,0.09022556390977443,0.6368421052631579,1.294702
nmix,nmix,250,120,0.5,20,175,390,275,115,88,28,60,0.7051282051282052,0.6052631578947368,0.3181818181818182,0.3157894736842105,764,624,140,115,41,74,0.8167539267015707,0.7368421052631579,0.3565217391304348,0.3894736842105263,3.835653982814073,80,3,77,0.0375,0.4052631578947368,3.6149705911672005,101,16,85,0.15841584158415842,0.4473684210526316,4.129602302876414,61,0,61,0.0,0.32105263157894737,3.7233694802550312,87,8,79,0.09195402298850575,0.41578947368421054,1.257419
nmix,nmix,250,120,0.5,20,176,653,510,143,142,59,83,0.781010719754977,0.7526315789473684,0.4154929577464789,0.4368421052631579,1234,1073,161,195,95,100,0.8695299837925445,0.8473684210526315,0.48717948717948717,0.5263157894736842,3.812921052622409,86,6,80,0.06976744186046512,0.42105263157894735,3.729595259196275,98,10,88,0.10204081632653061,0.4631578947368421,4.1202035134812105,75,5,70,0.06666666666666667,0.3684210526315789,3.729595259196275,98,10,88,0.10204081632653061,0.4631578947368421,1.339596
nmix,nmix,250,120,0.5,20,177,482,329,153,143,43,100,0.6825726141078838,0.8052631578947368,0.3006993006993007,0.5263157894736842,862,698,164,178,63,115,0.8097447795823666,0.8631578947368421,0.3539325842696629,0.6052631578947368,3.747584871674142,116,9,107,0.07758620689655173,0.5631578947368421,3.5264177638082157,140,21,119,0.15,0.6263157894736842,3.871982921915457,108,7,101,0.06481481481481481,0.531578947368421,3.6070655046965223,130,16,114,0.12307692307692308,0.6,1.27039
nmix,nmix,250,120,0.5,20,178,564,400,164,188,70,118,0.7092198581560284,0.8631578947368421,0.3723404255319149,0.6210526315789474,1065,892,173,237,107,130,0.8375586854460094,0.9105263157894737,0.45147679324894513,0.6842105263157895,3.683747200570236,144,15,129,0.10416666666666667,0.6789473684210526,3.4545334952184223,177,31,146,0.1751412429378531,0.7684210526315789,3.90767083672384,128,9,119,0.0703125,0.6263157894736842,3.5913606904327775,156,18,138,0.11538461538461539,0.7263157894736842,1.23866
nmix,nmix,250,120,0.5,20,179,402,333,69,60,34,26,0.8283582089552238,0.3631578947368421,0.5666666666666667,0.1368421052631579,828,736,92,89,60,29,0.8888888888888888,0.4842105263157895,0.6741573033707865,0.15263157894736842,4.139632426548104,29,6,23,0.20689655172413793,0.12105263157894737,3.866771966672957,35,8,27,0.22857142857142856,0.14210526315789473,5.332749739366514,8,0,8,0.0,0.042105263157894736,4.213910362662848,26,4,22,0.15384615384615385,0.11578947368421053,1.25355
nmix,nmix,250,120,0.5,20,180,721,566,155,195,81,114,0.7850208044382802,0.8157894736842105,0.4153846153846154,0.6,1332,1167,165,263,137,126,0.8761261261261262,0.868421052631579,0.5209125475285171,0.6631578947368421,3.760199278280084,131,11,120,0.08396946564885496,0.631578947368421,3.487878784492136,152,25,127,0.16447368421052633,0.6684210526315789,4.014698249136541,106,5,101,0.04716981132075472,0.531578947368421,3.682780869245119,132,12,120,0.09090909090909091,0.631578947368421,1.536657
nmix,nmix,250,120,0.5,20,181,357,218,139,101,21,80,0.6106442577030813,0.7315789473684211,0.2079207920792079,0.42105263157894735,668,515,153,122,34,88,0.7709580838323353,0.8052631578947368,0.2786885245901639,0.4631578947368421,3.7931423176103176,99,3,96,0.030303030303030304,0.5052631578947369,3.552076097529179,122,9,113,0.07377049180327869,0.5947368421052631,3.9628783218989483,89,0,89,0.0,0.46842105263157896,3.691659060301212,110,5,105,0.045454545454545456,0.5526315789473685,1.385112
nmix,nmix,250,120,0.5,20,182,359,288,71,58,25,33,0.8022284122562674,0.3736842105263158,0.43103448275862066,0.1736842105263158,813,718,95,95,47,48,0.8831488314883149,0.5,0.49473684210526314,0.25263157894736843,4.064210988240679,36,3,33,0.08333333333333333,0.1736842105263158,3.792101395104376,48,9,39,0.1875,0.20526315789473684,5.896622231751321,2,0,2,0.0,0.010526315789473684,4.064210988240679,36,3,33,0.08333333333333333,0.1736842105263158,1.225042
nmix,nmix,250,120,0.5,20,183,499,332,167,178,45,133,0.6653306613226453,0.8789473684210526,0.25280898876404495,0.7,952,772,180,222,78,144,0.8109243697478992,0.9473684210526315,0.35135135135135137,0.7578947368421053,3.642000782377298,169,12,157,0.07100591715976332,0.8263157894736842,3.4351979790705296,188,26,162,0.13829787234042554,0.8526315789473684,3.8255711013825344,154,5,149,0.032467532467532464,0.7842105263157895,3.580469338097451,176,17,159,0.09659090909090909,0.8368421052631579,1.250211
nmix,nmix,250,120,0.5,20,184,816,652,164,188,73,115,0.7990196078431373,0.8631578947368421,0.3882978723404255,0.6052631578947368,1470,1293,177,256,126,130,0.8795918367346939,0.9315789473684211,0.4921875,0.6842105263157895,3.7150986902695236,130,11,119,0.08461538461538462,0.6263157894736842,3.5119942041047096,146,19,127,0.13013698630136986,0.6684210526315789,3.989938701446242,109,5,104,0.045871559633027525,0.5473684210526316,3.7035134621421526,131,11,120,0.08396946564885496,0.631578947368421,1.187319
nmix,nmix,250,120,0.5,20,185,614,443,171,211,65,146,0.7214983713355049,0.9,0.3080568720379147,0.7684210526315789,1085,903,182,273,117,156,0.832258064516129,0.9578947368421052,0.42857142857142855,0.8210526315789474,3.6575495894692516,171,16,155,0.0935672514619883,0.8157894736842105,3.415127195011977,201,40,161,0.19900497512437812,0.8473684210526315,3.816831831694832,160,7,153,0.04375,0.8052631578947368,3.5405355633987208,184,26,158,0.14130434782608695,0.8315789473684211,1.439517
nmix,nmix,250,120,0.5,20,186,534,388,146,142,41,101,0.7265917602996255,0.7684210526315789,0.2887323943661972,0.531578947368421,1021,855,166,197,83,114,0.8374142997061704,0.8736842105263158,0.4213197969543147,0.6,3.7660232610226054,108,4,104,0.037037037037037035,0.5473684210526316,3.550148397535352,124,10,114,0.08064516129032258,0.6,4.002022400006346,98,2,96,0.02040816326530612,0.5052631578947369,3.7224506008160385,111,6,105,0.05405405405405406,0.5526315789473685,1.326719
nmix,nmix,250,120,0.5,20,187,517,387,130,99,38,61,0.7485493230174082,0.6842105263157895,0.3838383838383838,0.32105263157894737,946,796,150,143,60,83,0.8414376321353065,0.7894736842105263,0.4195804195804196,0.4368421052631579,3.8560843325188654,79,10,69,0.12658227848101267,0.3631578947368421,3.593278539495779,102,21,81,0.20588235294117646,0.4263157894736842,4.063206035199436,66,5,61,0.07575757575757576,0.32105263157894737,3.774826753678364,89,14,75,0.15730337078651685,0.39473684210526316,1.189207
nmix,nmix,250,120,0.5,20,188,559,385,174,197,49,148,0.6887298747763864,0.9157894736842105,0.24873096446700507,0.7789473684210526,997,812,185,245,87,158,0.8144433299899699,0.9736842105263158,0.3551020408163265,0.8315789473684211,3.677237208624016,171,9,162,0.05263157894736842,0.8526315789473684,3.4338612428327457,186,17,169,0.0913978494623656,0.8894736842105263,3.7789764896069507,166,6,160,0.03614457831325301,0.8421052631578947,3.5328005253682884,178,13,165,0.07303370786516854,0.868421052631579,1.413286
nmix,nmix,250,120,0.5,20,189,780,631,149,174,78,96,0.808974358974359,0.7842105263157895,0.4482758620689655,0.5052631578947369,1597,1428,169,248,144,104,0.8941765810895429,0.8894736842105263,0.5806451612903226,0.5473684210526316,3.781685895390296,98,10,88,0.10204081632653061,0.4631578947368421,3.54997927491954,120,17,103,0.14166666666666666,0.5421052631578948,4.085755532469066,81,2,79,0.024691358024691357,0.41578947368421054,3.6879220475115675,108,13,95,0.12037037037037036,0.5,1.410538
nmix,nmix,250,120,0.5,20,190,538,417,121,122,53,69,0.775092936802974,0.6368421052631579,0.4344262295081967,0.3631578947368421,1157,1015,142,172,90,82,0.8772687986171133,0.7473684210526316,0.5232558139534884,0.43157894736842106,3.842022933268163,77,9,68,0.11688311688311688,0.35789473684210527,3.619559542249906,94,17,77,0.18085106382978725,0.4052631578947368,4.242156856717667,58,5,53,0.08620689655172414,0.2789473684210526,3.782056125878543,81,11,70,0.13580246913580246,0.3684210526315789,1.290424
nmix,nmix,250,120,0.5,20,191,884,742,142,178,96,82,0.8393665158371041,0.7473684210526316,0.5393258426966292,0.43157894736842106,1541,1381,160,263,161,102,0.8961713173264114,0.8421052631578947,0.6121673003802282,0.5368421052631579,3.8326840151820494,85,6,79,0.07058823529411765,0.41578947368421054,3.6049346386686976,102,13,89,0.12745098039215685,0.46842105263157896,4.1799852436249845,70,4,66,0.05714285714285714,0.3473684210526316,3.7452863664448053,93,9,84,0.0967741935483871,0.4421052631578947,1.204322
nmix,nmix,250,120,0.5,20,192,588,502,86,98,55,43,0.8537414965986394,0.45263157894736844,0.5612244897959183,0.22631578947368422,1245,1130,115,163,106,57,0.9076305220883534,0.6052631578947368,0.6503067484662577,0.3,4.079305228229566,40,3,37,0.075,0.19473684210526315,3.780431757704589,54,7,47,0.12962962962962962,0.24736842105263157,4.52432840495518,30,1,29,0.03333333333333333,0.15263157894736842,3.9623419742552377,44,3,41,0.06818181818181818,0.21578947368421053,1.19656
nmix,nmix,250,120,0.5,20,193,347,284,63,35,17,18,0.8184438040345822,0.33157894736842103,0.4857142857142857,0.09473684210526316,880,786,94,63,36,27,0.8931818181818182,0.49473684210526314,0.5714285714285714,0.14210526315789473,4.286863766395274,16,3,13,0.1875,0.06842105263157895,3.939074743837004,28,9,19,0.32142857142857145,0.1,5.554912071969095,5,0,5,0.0,0.02631578947368421,4.478437292587458,14,2,12,0.14285714285714285,0.06315789473684211,1.457706
nmix,nmix,250,120,0.5,20,194,607,424,183,219,57,162,0.6985172981878089,0.9631578947368421,0.2602739726027397,0.8526315789473684,1128,943,185,267,97,170,0.8359929078014184,0.9736842105263158,0.36329588014981273,0.8947368421052632,3.624457843251978,185,14,171,0.07567567567567568,0.9,3.4312852962015477,197,23,174,0.116751269035533,0.9157894736842105,3.8090078644190117,178,10,168,0.056179775280898875,0.8842105263157894,3.541874807405616,189,17,172,0.08994708994708994,0.9052631578947369,1.18537
nmix,nmix,250,120,0.5,20,195,488,339,149,139,38,101,0.694672131147541,0.7842105263157895,0.2733812949640288,0.531578947368421,1061,893,168,173,59,114,0.8416588124410933,0.8842105263157894,0.34104046242774566,0.6,3.7181976662388743,126,9,117,0.07142857142857142,0.6157894736842106,3.527553657375857,141,14,127,0.09929078014184398,0.6684210526315789,3.885276246195865,116,8,108,0.06896551724137931,0.5684210526315789,3.6127466544942055,133,10,123,0.07518796992481203,0.6473684210526316,1.282716
nmix,nmix,250,120,0.5,20,196,587,444,143,153,52,101,0.7563884156729132,0.7526315789473684,0.33986928104575165,0.531578947368421,1165,1001,164,210,97,113,0.8592274678111588,0.8631578947368421,0.46190476190476193,0.5947368421052631,3.7601410269798405,106,5,101,0.04716981132075472,0.531578947368421,3.5575281337228213,125,17,108,0.136,0.5684210526315789,3.945970059169903,102,4,98,0.0392156862745098,0.5157894736842106,3.6766802126862874,114,9,105,0.07894736842105263,0.5526315789473685,1.422443
nmix,nmix,250,120,0.5,20,197,634,503,131,120,52,68,0.7933753943217665,0.6894736842105263,0.43333333333333335,0.35789473684210527,1265,1113,152,172,93,79,0.8798418972332016,0.8,0.5406976744186046,0.41578947368421054,3.8612871368915513,74,5,69,0.06756756756756757,0.3631578947368421,3.6416874343811685,86,8,78,0.09302325581395349,0.4105263157894737,4.1384254240407365,62,3,59,0.04838709677419355,0.3105263157894737,3.7837871571693094,78,6,72,0.07692307692307693,0.37894736842105264,1.380146
nmix,nmix,250,120,0.5,20,198,712,553,159,191,78,113,0.776685393258427,0.8368421052631579,0.4083769633507853,0.5947368421052631,1357,1191,166,266,135,131,0.8776713338246132,0.8736842105263158,0.5075187969924813,0.6894736842105263,3.7033241090243396,138,14,124,0.10144927536231885,0.6526315789473685,3.4730811325832995,167,32,135,0.19161676646706588,0.7105263157894737,3.924133975854044,120,9,111,0.075,0.5842105263157895,3.6004481142141755,148,20,128,0.13513513513513514,0.6736842105263158,1.279209
nmix,nmix,250,120,0.5,20,199,520,365,155,138,28,110,0.7019230769230769,0.8157894736842105,0.2028985507246377,0.5789473684210527,1018,846,172,184,57,127,0.831041257367387,0.9052631578947369,0.30978260869565216,0.6684210526315789,3.7047439614921345,138,11,127,0.07971014492753623,0.6684210526315789,3.490703881639619,155,19,136,0.12258064516129032,0.7157894736842105,3.9146782752039853,123,6,117,0.04878048780487805,0.6157894736842106,3.6117564605248025,146,15,131,0.10273972602739725,0.6894736842105263,1.202262
nmix,nmix,250,120,0.5,20,200,672,560,112,101,47,54,0.8333333333333334,0.5894736842105263,0.46534653465346537,0.28421052631578947,1264,1133,131,168,101,67,0.8963607594936709,0.6894736842105263,0.6011904761904762,0.3526315789473684,3.999345782347968,40,2,38,0.05,0.2,3.7850993476089743,51,5,46,0.09803921568627451,0.24210526315789474,5.0366971669517575,13,0,13,0.0,0.06842105263157895,4.204099018075967,31,0,31,0.0,0.1631578947368421,1.363456
nmix,nmix,250,120,0.5,20,201,596,428,168,193,69,124,0.7181208053691275,0.8842105263157894,0.35751295336787564,0.6526315789473685,1064,888,176,262,121,141,0.8345864661654135,0.9263157894736842,0.4618320610687023,0.7421052631578947,3.696069910133963,141,2,139,0.014184397163120567,0.7315789473684211,3.4751649625093015,166,19,147,0.1144578313253012,0.7736842105263158,3.7898326255215617,138,2,136,0.014492753623188406,0.7157894736842105,3.5340515501512044,153,9,144,0.058823529411764705,0.7578947368421053,1.309176
nmix,nmix,250,120,0.5,20,202,489,318,171,174,40,134,0.6503067484662577,0.9,0.22988505747126436,0.7052631578947368,887,708,179,213,66,147,0.798196166854566,0.9421052631578948,0.30985915492957744,0.7736842105263158,3.6720765971478904,168,11,157,0.06547619047619048,0.8263157894736842,3.4583147584213996,187,24,163,0.12834224598930483,0.8578947368421053,3.8128305700066107,157,6,151,0.03821656050955414,0.7947368421052632,3.5349674100949575,180,19,161,0.10555555555555556,0.8473684210526315,1.399687
nmix,nmix,250,120,0.5,20,203,614,464,150,152,57,95,0.755700325732899,0.7894736842105263,0.375,0.5,1229,1062,167,210,103,107,0.8641171684296176,0.8789473684210526,0.49047619047619045,0.5631578947368421,3.7606512946238415,115,12,103,0.10434782608695652,0.5421052631578948,3.5320049206663215,136,20,116,0.14705882352941177,0.6105263157894737,4.019513888296653,94,7,87,0.07446808510638298,0.45789473684210524,3.6384318524117716,129,16,113,0.12403100775193798,0.5947368421052631,1.211424
nmix,nmix,250,120,0.5,20,204,361,292,69,38,16,22,0.8088642659279779,0.3631578947368421,0.42105263157894735,0.11578947368421053,740,641,99,79,45,34,0.8662162162162163,0.5210526315789473,0.569620253164557,0.17894736842105263,4.115278831950421,26,4,22,0.15384615384615385,0.11578947368421053,3.9720304092132004,30,4,26,0.13333333333333333,0.1368421052631579,4.966655669848176,9,2,7,0.2222222222222222,0.03684210526315789,4.0790553627166215,27,4,23,0.14814814814814814,0.12105263157894737,1.426794
nmix,nmix,250,120,0.5,20,205,755,604,151,163,77,86,0.8,0.7947368421052632,0.4723926380368098,0.45263157894736844,1377,1211,166,228,124,104,0.879448075526507,0.8736842105263158,0.543859649122807,0.5473684210526316,3.793391291880181,97,9,88,0.09278350515463918,0.4631578947368421,3.54696601893092,122,20,102,0.16393442622950818,0.5368421052631579,4.085209450705206,78,5,73,0.0641025641025641,0.38421052631578945,3.7070936443128226,107,13,94,0.12149532710280374,0.49473684210526314,1.319624
nmix,nmix,250,120,0.5,20,206,659,499,160,169,54,115,0.7572078907435509,0.8421052631578947,0.31952662721893493,0.6052631578947368,1200,1024,176,232,103,129,0.8533333333333334,0.9263157894736842,0.44396551724137934,0.6789473684210526,3.7195590796099194,135,10,125,0.07407407407407407,0.6578947368421053,3.4941874780818156,153,22,131,0.1437908496732026,0.6894736842105263,3.8603574563061986,122,7,115,0.05737704918032787,0.6052631578947368,3.5775098859738628,145,15,130,0.10344827586206896,0.6842105263157895,1.350134
nmix,nmix,250,120,0.5,20,207,516,371,145,135,39,96,0.7189922480620154,0.7631578947368421,0.28888888888888886,0.5052631578947369,979,815,164,169,62,107,0.832482124616956,0.8631578947368421,0.3668639053254438,0.5631578947368421,3.7435394401610136,113,9,104,0.07964601769911504,0.5473684210526316,3.533870657014193,132,17,115,0.12878787878787878,0.6052631578947368,3.9057344099095883,104,6,98,0.057692307692307696,0.5157894736842106,3.5983097621777467,125,13,112,0.104,0.5894736842105263,1.206675
nmix,nmix,250,120,0.5,20,208,551,412,139,145,59,86,0.7477313974591652,0.7315789473684211,0.4068965517241379,0.45263157894736844,1051,898,153,186,90,96,0.8544243577545195,0.8052631578947368,0.4838709677419355,0.5052631578947369,3.7674952465304696,104,7,97,0.0673076923076923,0.5105263157894737,3.531965129513899,129,24,105,0.18604651162790697,0.5526315789473685,4.107547454251132,79,4,75,0.05063291139240506,0.39473684210526316,3.6995466994784527,107,10,97,0.09345794392523364,0.5105263157894737,1.212133
nmix,nmix,250,120,0.5,20,209,669,533,136,144,62,82,0.796711509715994,0.7157894736842105,0.4305555555555556,0.43157894736842106,1349,1193,156,198,104,94,0.8843587842846553,0.8210526315789474,0.5252525252525253,0.49473684210526314,3.818419584120682,86,11,75,0.12790697674418605,0.39473684210526316,3.5946344451240857,105,20,85,0.19047619047619047,0.4473684210526316,4.08008860024608,71,4,67,0.056338028169014086,0.3526315789473684,3.7477598688456912,89,11,78,0.12359550561797752,0.4105263157894737,1.318275
nmix,nmix,250,120,0.5,20,210,628,489,139,136,56,80,0.7786624203821656,0.7315789473684211,0.4117647058823529,0.42105263157894735,1235,1083,152,199,105,94,0.8769230769230769,0.8,0.5276381909547738,0.49473684210526314,3.8232240413097673,86,4,82,0.046511627906976744,0.43157894736842106,3.6118780617193944,99,10,89,0.10101010101010101,0.46842105263157896,4.0433106307138065,77,1,76,0.012987012987012988,0.4,3.7377157091265447,92,6,86,0.06521739130434782,0.45263157894736844,1.292378
nmix,nmix,250,120,0.5,20,211,577,427,150,160,54,106,0.7400346620450606,0.7894736842105263,0.3375,0.5578947368421052,1136,967,169,202,86,116,0.8512323943661971,0.8894736842105263,0.42574257425742573,0.6105263157894737,3.7280666672135663,124,13,111,0.10483870967741936,0.5842105263157895,3.5045798999993183,147,24,123,0.16326530612244897,0.6473684210526316,3.886404805647591,113,7,106,0.061946902654867256,0.5578947368421052,3.5772478111561017,138,18,120,0.13043478260869565,0.631578947368421,1.41839
nmix,nmix,250,120,0.5,20,212,535,392,143,146,57,89,0.7327102803738318,0.7526315789473684,0.3904109589041096,0.46842105263157896,1052,892,160,209,103,106,0.8479087452471483,0.8421052631578947,0.49282296650717705,0.5578947368421052,3.7717682487438298,109,7,102,0.06422018348623854,0.5368421052631579,3.5402602787601407,125,13,112,0.104,0.5894736842105263,3.9433016649712758,96,4,92,0.041666666666666664,0.4842105263157895,3.643582976034982,115,9,106,0.0782608695652174,0.5578947368421052,1.281518
nmix,nmix,250,120,0.5,20,213,663,504,159,165,64,101,0.7601809954751131,0.8368421052631579,0.3878787878787879,0.531578947368421,1236,1064,172,216,103,113,0.86084142394822,0.9052631578947369,0.47685185185185186,0.5947368421052631,3.725325006129353,125,15,110,0.12,0.5789473684210527,3.499173089245406,146,25,121,0.17123287671232876,0.6368421052631579,3.8743668008774734,116,11,105,0.09482758620689655,0.5526315789473685,3.57317674141955,139,20,119,0.14388489208633093,0.6263157894736842,1.269462
nmix,nmix,250,120,0.5,20,214,415,304,111,79,25,54,0.7325301204819277,0.5842105263157895,0.31645569620253167,0.28421052631578947,848,715,133,130,64,66,0.8431603773584906,0.7,0.49230769230769234,0.3473684210526316,3.95425326079749,55,1,54,0.01818181818181818,0.28421052631578947,3.706597118173727,67,7,60,0.1044776119402985,0.3157894736842105,4.2056136062417195,49,1,48,0.02040816326530612,0.25263157894736843,3.876036427899434,57,2,55,0.03508771929824561,0.2894736842105263,1.250919
nmix,nmix,250,120,0.5,20,215,587,425,162,178,43,135,0.7240204429301533,0.8526315789473684,0.24157303370786518,0.7105263157894737,1034,867,167,218,76,142,0.8384912959381045,0.8789473684210526,0.3486238532110092,0.7473684210526316,3.697684806628218,152,13,139,0.08552631578947369,0.7315789473684211,3.470737977355772,164,17,147,0.10365853658536585,0.7736842105263158,3.8025012111659713,148,10,138,0.06756756756756757,0.7263157894736842,3.584744531200931,158,16,142,0.10126582278481013,0.7473684210526316,1.336638
nmix,nmix,250,120,0.5,20,216,724,575,149,148,51,97,0.7941988950276243,0.7842105263157895,0.34459459459459457,0.5105263157894737,1285,1129,156,206,94,112,0.8785992217898833,0.8210526315789474,0.4563106796116505,0.5894736842105263,3.760180224677274,114,7,107,0.06140350877192982,0.5631578947368421,3.5556932697336467,123,14,109,0.11382113821138211,0.5736842105263158,4.012219666127707,97,3,94,0.030927835051546393,0.49473684210526314,3.6864404069591736,117,10,107,0.08547008547008547,0.5631578947368421,1.327385
nmix,nmix,250,120,0.5,20,217,567,448,119,93,31,62,0.7901234567901234,0.6263157894736842,0.3333333333333333,0.3263157894736842,1128,980,148,155,79,76,0.8687943262411347,0.7789473684210526,0.5096774193548387,0.4,3.9757738447321715,54,3,51,0.05555555555555555,0.26842105263157895,3.717019313874285,63,6,57,0.09523809523809523,0.3,4.271155021384274,43,2,41,0.046511627906976744,0.21578947368421053,3.875146673410754,56,4,52,0.07142857142857142,0.2736842105263158,1.220497
nmix,nmix,250,120,0.5,20,218,526,388,138,118,37,81,0.7376425855513308,0.7263157894736842,0.3135593220338983,0.4263157894736842,1107,954,153,173,76,97,0.8617886178861789,0.8052631578947368,0.4393063583815029,0.5105263157894737,3.798163950071006,92,10,82,0.10869565217391304,0.43157894736842106,3.614364224308247,106,13,93,0.12264150943396226,0.48947368421052634,4.1281313673140545,70,4,66,0.05714285714285714,0.3473684210526316,3.718577178144058,100,11,89,0.11,0.46842105263157896,1.255141
nmix,nmix,250,120,0.5,20,219,501,389,112,86,27,59,0.7764471057884231,0.5894736842105263,0.313953488372093,0.3105263157894737,955,822,133,150,74,76,0.8607329842931937,0.7,0.49333333333333335,0.4,3.842192543658878,76,7,69,0.09210526315789473,0.3631578947368421,3.6411381770646254,89,11,78,0.12359550561797752,0.4105263157894737,4.148706909814769,62,4,58,0.06451612903225806,0.30526315789473685,3.757520638716113,83,8,75,0.0963855421686747,0.39473684210526316,1.439689
nmix,nmix,250,120,0.5,20,220,390,289,101,83,35,48,0.7410256410256411,0.531578947368421,0.42168674698795183,0.25263157894736843,785,657,128,113,56,57,0.8369426751592357,0.6736842105263158,0.49557522123893805,0.3,3.9121537941912043,58,5,53,0.08620689655172414,0.2789473684210526,3.677015134437488,75,10,65,0.13333333333333333,0.34210526315789475,4.1891580001532684,48,3,45,0.0625,0.23684210526315788,3.822142615228562,63,7,56,0.1111111111111111,0.29473684210526313,1.379157
nmix,nmix,250,120,0.5,20,221,615,496,119,116,59,57,0.8065040650406504,0.6263157894736842,0.5086206896551724,0.3,1312,1166,146,174,106,68,0.8887195121951219,0.7684210526315789,0.6091954022988506,0.35789473684210527,3.9252878190768374,56,4,52,0.07142857142857142,0.2736842105263158,3.7333870599147003,60,7,53,0.11666666666666667,0.2789473684210526,4.865763120543585,24,2,22,0.08333333333333333,0.11578947368421053,3.9252878190768374,56,4,52,0.07142857142857142,0.2736842105263158,1.294504
nmix,nmix,250,120,0.5,20,222,681,512,169,191,51,140,0.7518355359765051,0.8894736842105263,0.2670157068062827,0.7368421052631579,1163,984,179,241,95,146,0.8460877042132416,0.9421052631578948,0.3941908713692946,0.7684210526315789,3.664546740994273,158,11,147,0.06962025316455696,0.7736842105263158,3.470139698966323,165,15,150,0.09090909090909091,0.7894736842105263,3.839753607243909,149,6,143,0.040268456375838924,0.7526315789473684,3.664546740994273,158,11,147,0.06962025316455696,0.7736842105263158,1.194047
nmix,nmix,250,120,0.5,20,223,618,440,178,224,66,158,0.7119741100323624,0.9368421052631579,0.29464285714285715,0.8315789473684211,1153,969,184,280,116,164,0.8404163052905465,0.968421052631579,0.4142857142857143,0.8631578947368421,3.658187522625207,174,12,162,0.06896551724137931,0.8526315789473684,3.44264409570466,191,23,168,0.12041884816753927,0.8842105263157894,3.869754348892165,169,8,161,0.047337278106508875,0.8473684210526315,3.5447541273990284,181,15,166,0.08287292817679558,0.8736842105263158,1.366757
nmix,nmix,250,120,0.5,20,224,633,478,155,161,51,110,0.7551342812006319,0.8157894736842105,0.3167701863354037,0.5789473684210527,1096,926,170,209,90,119,0.8448905109489051,0.8947368421052632,0.430622009569378,0.6263157894736842,3.735415850930353,127,11,116,0.08661417322834646,0.6105263157894737,3.508039516008146,144,21,123,0.14583333333333334,0.6473684210526316,3.950634580805993,113,4,109,0.035398230088495575,0.5736842105263158,3.6381142862678812,132,13,119,0.09848484848484848,0.6263157894736842,1.259809
nmix,nmix,250,120,0.5,20,225,587,449,138,136,57,79,0.7649063032367973,0.7263157894736842,0.41911764705882354,0.41578947368421054,1200,1039,161,195,98,97,0.8658333333333333,0.8473684210526315,0.5025641025641026,0.5105263157894737,3.7998399407922334,91,10,81,0.10989010989010989,0.4263157894736842,3.57755389917689,111,16,95,0.14414414414414414,0.5,4.04653491278726,75,4,71,0.05333333333333334,0.3736842105263158,3.7057477710472275,99,11,88,0.1111111111111111,0.4631578947368421,1.30727
nmix,nmix,250,120,0.5,20,226,549,375,174,195,49,146,0.6830601092896175,0.9157894736842105,0.2512820512820513,0.7684210526315789,976,795,181,240,84,156,0.8145491803278688,0.9526315789473684,0.35,0.8210526315789474,3.7117612581749095,166,9,157,0.05421686746987952,0.8263157894736842,3.4398567751550595,182,19,163,0.1043956043956044,0.8578947368421053,3.7358620101981868,165,9,156,0.05454545454545454,0.8210526315789474,3.5080828322142708,175,13,162,0.07428571428571429,0.8526315789473684,1.261073
nmix,nmix,250,120,0.5,20,227,559,395,164,146,31,115,0.7066189624329159,0.8631578947368421,0.21232876712328766,0.6052631578947368,975,795,180,202,70,132,0.8153846153846154,0.9473684210526315,0.3465346534653465,0.6947368421052632,3.6882107171601906,141,7,134,0.04964539007092199,0.7052631578947368,3.4970404673035262,152,16,136,0.10526315789473684,0.7157894736842105,3.773967855461903,140,7,133,0.05,0.7,3.5427288458879307,148,12,136,0.08108108108108109,0.7157894736842105,1.442522
nmix,nmix,250,120,0.5,20,228,764,609,155,155,65,90,0.7971204188481675,0.8157894736842105,0.41935483870967744,0.47368421052631576,1479,1314,165,208,106,102,0.8884381338742393,0.868421052631579,0.5096153846153846,0.5368421052631579,3.8010952578106654,93,8,85,0.08602150537634409,0.4473684210526316,3.572670111288978,112,19,93,0.16964285714285715,0.48947368421052634,4.153509093607635,75,3,72,0.04,0.37894736842105264,3.7805231619479787,95,9,86,0.09473684210526316,0.45263157894736844,1.684149
nmix,nmix,250,120,0.5,20,229,507,390,117,88,37,51,0.7692307692307693,0.6157894736842106,0.42045454545454547,0.26842105263157895,980,828,152,131,69,62,0.8448979591836735,0.8,0.5267175572519084,0.3263157894736842,3.9831040829046693,51,5,46,0.09803921568627451,0.24210526315789474,3.724716461955185,64,9,55,0.140625,0.2894736842105263,4.562468221826988,28,0,28,0.0,0.14736842105263157,3.910788539649771,53,5,48,0.09433962264150944,0.25263157894736843,1.257788
nmix,nmix,250,120,0.5,20,230,500,373,127,78,20,58,0.746,0.6684210526315789,0.2564102564102564,0.30526315789473685,954,808,146,127,55,72,0.8469601677148847,0.7684210526315789,0.4330708661417323,0.37894736842105264,3.9127351040918805,58,0,58,0.0,0.30526315789473685,3.7059935587982116,69,3,66,0.043478260869565216,0.3473684210526316,4.100906122180075,50,0,50,0.0,0.2631578947368421,3.750682097059909,66,1,65,0.015151515151515152,0.34210526315789475,1.33761
nmix,nmix,250,120,0.5,20,231,634,476,158,168,62,106,0.750788643533123,0.8315789473684211,0.36904761904761907,0.5578947368421052,1157,984,173,217,101,116,0.8504753673293,0.9105263157894737,0.46543778801843316,0.6105263157894737,3.7165947725308093,126,6,120,0.047619047619047616,0.631578947368421,3.519042217032573,141,12,129,0.0851063829787234,0.6789473684210526,3.8797930239098237,114,4,110,0.03508771929824561,0.5789473684210527,3.6366556759694095,133,8,125,0.06015037593984962,0.6578947368421053,1.275534
nmix,nmix,250,120,0.5,20,232,508,391,117,82,24,58,0.7696850393700787,0.6157894736842106,0.2926829268292683,0.30526315789473685,988,845,143,123,49,74,0.8552631578947368,0.7526315789473684,0.3983739837398374,0.3894736842105263,3.9248257604505525,56,3,53,0.05357142857142857,0.2789473684210526,3.7135011926716612,68,7,61,0.10294117647058823,0.32105263157894737,4.2372599312042665,48,1,47,0.020833333333333332,0.24736842105263157,3.8318888133331117,62,4,58,0.06451612903225806,0.30526315789473685,1.382779
nmix,nmix,250,120,0.5,20,233,488,332,156,151,47,104,0.680327868852459,0.8210526315789474,0.31125827814569534,0.5473684210526316,919,748,171,200,79,121,0.8139281828073993,0.9,0.395,0.6368421052631579,3.74450520720058,119,5,114,0.04201680672268908,0.6,3.513464675518955,141,12,129,0.0851063829787234,0.6789473684210526,3.955327801958396,109,3,106,0.027522935779816515,0.5578947368421052,3.634604282995281,126,7,119,0.05555555555555555,0.6263157894736842,1.205086
nmix,nmix,250,120,0.5,20,234,473,342,131,103,37,66,0.7230443974630021,0.6894736842105263,0.3592233009708738,0.3473684210526316,859,715,144,142,62,80,0.8323632130384168,0.7578947368421053,0.43661971830985913,0.42105263157894735,3.904198290889324,71,4,67,0.056338028169014086,0.3526315789473684,3.6330889424442403,94,15,79,0.1595744680851064,0.41578947368421054,4.115179649921912,62,2,60,0.03225806451612903,0.3157894736842105,3.7348522171809857,83,11,72,0.13253012048192772,0.37894736842105264,1.236107
nmix,nmix,250,120,0.5,20,235,516,375,141,143,45,98,0.7267441860465116,0.7421052631578947,0.3146853146853147,0.5157894736842106,990,822,168,216,103,113,0.8303030303030303,0.8842105263157894,0.47685185185185186,0.5947368421052631,3.7455476033908206,117,9,108,0.07692307692307693,0.5684210526315789,3.5450235049380088,130,17,113,0.13076923076923078,0.5947368421052631,3.9106967920922426,110,6,104,0.05454545454545454,0.5473684210526316,3.628238279593659,126,15,111,0.11904761904761904,0.5842105263157895,1.446919
nmix,nmix,250,120,0.5,20,236,503,356,147,146,45,101,0.7077534791252486,0.7736842105263158,0.3082191780821918,0.531578947368421,932,770,162,180,66,114,0.8261802575107297,0.8526315789473684,0.36666666666666664,0.6,3.738237924643372,117,8,109,0.06837606837606838,0.5736842105263158,3.539812466322125,129,14,115,0.10852713178294573,0.6052631578947368,3.9145605126477037,106,5,101,0.04716981132075472,0.531578947368421,3.6154134036774637,127,13,114,0.10236220472440945,0.6,1.450414
nmix,nmix,250,120,0.5,20,237,694,559,135,131,64,67,0.8054755043227666,0.7105263157894737,0.48854961832061067,0.3526315789473684,1426,1271,155,227,142,85,0.8913043478260869,0.8157894736842105,0.6255506607929515,0.4473684210526316,3.8819526466490406,66,3,63,0.045454545454545456,0.33157894736842103,3.669427886561766,79,10,69,0.12658227848101267,0.3631578947368421,4.405052676145724,42,1,41,0.023809523809523808,0.21578947368421053,3.8819526466490406,66,3,63,0.045454545454545456,0.33157894736842103,1.192733
nmix,nmix,250,120,0.5,20,238,508,374,134,113,40,73,0.7362204724409449,0.7052631578947368,0.35398230088495575,0.38421052631578945,1032,882,150,153,69,84,0.8546511627906976,0.7894736842105263,0.45098039215686275,0.4421052631578947,3.825554669123013,83,8,75,0.0963855421686747,0.39473684210526316,3.6065564442424933,97,11,86,0.1134020618556701,0.45263157894736844,4.131865512669589,68,4,64,0.058823529411764705,0.3368421052631579,3.773348368003134,85,8,77,0.09411764705882353,0.4052631578947368,1.215182
nmix,nmix,250,120,0.5,20,239,650,490,160,169,60,109,0.7538461538461538,0.8421052631578947,0.35502958579881655,0.5736842105263158,1221,1049,172,218,94,124,0.8591318591318591,0.9052631578947369,0.43119266055045874,0.6526315789473685,3.7189819908307085,126,8,118,0.06349206349206349,0.6210526315789474,3.518112134734936,149,20,129,0.1342281879194631,0.6789473684210526,3.967684643273776,111,3,108,0.02702702702702703,0.5684210526315789,3.5919632133781545,143,18,125,0.1258741258741259,0.6578947368421053,1.273415
nmix,nmix,250,120,0.5,20,240,476,323,153,154,43,111,0.6785714285714286,0.8052631578947368,0.2792207792207792,0.5842105263157895,916,748,168,191,70,121,0.8165938864628821,0.8842105263157894,0.36649214659685864,0.6368421052631579,3.7223093010058492,131,6,125,0.04580152671755725,0.6578947368421053,3.5020038813336547,145,15,130,0.10344827586206896,0.6842105263157895,3.876301568447979,120,3,117,0.025,0.6157894736842106,3.59186830207795,141,11,130,0.07801418439716312,0.6842105263157895,1.54482
nmix,nmix,250,120,0.5,20,241,447,321,126,96,34,62,0.7181208053691275,0.6631578947368421,0.3541666666666667,0.3263157894736842,918,769,149,150,68,82,0.8376906318082789,0.7842105263157895,0.4533333333333333,0.43157894736842106,3.8193256475625437,88,10,78,0.11363636363636363,0.4105263157894737,3.594550899248155,104,17,87,0.16346153846153846,0.45789473684210524,4.2326133624002455,54,1,53,0.018518518518518517,0.2789473684210526,3.7592716420197188,91,11,80,0.12087912087912088,0.42105263157894735,1.291332
nmix,nmix,250,120,0.5,20,242,513,401,112,108,45,63,0.7816764132553606,0.5894736842105263,0.4166666666666667,0.33157894736842103,952,829,123,164,82,82,0.8707983193277311,0.6473684210526316,0.5,0.43157894736842106,3.8905700704114627,63,4,59,0.06349206349206349,0.3105263157894737,3.670837770382217,76,8,68,0.10526315789473684,0.35789473684210527,4.212033719880902,50,1,49,0.02,0.2578947368421053,3.7992181558161904,70,6,64,0.08571428571428572,0.3368421052631579,1.227354
nmix,nmix,250,120,0.5,20,243,619,488,131,125,57,68,0.7883683360258481,0.6894736842105263,0.456,0.35789473684210527,1159,1010,149,173,91,82,0.8714408973252804,0.7842105263157895,0.5260115606936416,0.43157894736842106,3.914872211693083,70,2,68,0.02857142857142857,0.35789473684210527,3.6104128382283474,100,11,89,0.11,0.46842105263157896,4.292176761354077,53,2,51,0.03773584905660377,0.26842105263157895,3.8096254404707066,80,6,74,0.075,0.3894736842105263,1.470318
nmix,nmix,250,120,0.5,20,244,479,350,129,112,44,68,0.7306889352818372,0.6789473684210526,0.39285714285714285,0.35789473684210527,903,759,144,148,67,81,0.840531561461794,0.7578947368421053,0.4527027027027027,0.4263157894736842,3.8680626436473977,82,5,77,0.06097560975609756,0.4052631578947368,3.6019186896447275,99,12,87,0.12121212121212122,0.45789473684210524,3.950403115567718,76,5,71,0.06578947368421052,0.3736842105263158,3.674130490523468,94,9,85,0.09574468085106383,0.4473684210526316,1.286271
nmix,nmix,250,120,0.5,20,245,432,349,83,48,25,23,0.8078703703703703,0.4368421052631579,0.5208333333333334,0.12105263157894737,882,775,107,118,82,36,0.8786848072562359,0.5631578947368421,0.6949152542372882,0.18947368421052632,4.169815224472007,21,3,18,0.14285714285714285,0.09473684210526316,3.982856737073964,27,5,22,0.18518518518518517,0.11578947368421053,5.047561539588239,13,1,12,0.07692307692307693,0.06315789473684211,4.414114073921407,17,1,16,0.058823529411764705,0.08421052631578947,1.306435
nmix,nmix,250,120,0.5,20,246,260,171,89,51,14,37,0.6576923076923077,0.46842105263157896,0.27450980392156865,0.19473684210526315,540,420,120,75,29,46,0.7777777777777778,0.631578947368421,0.38666666666666666,0.24210526315789474,3.9608018593036878,47,2,45,0.0425531914893617,0.23684210526315788,3.757549104559347,56,7,49,0.125,0.2578947368421053,4.208668651811751,38,1,37,0.02631578947368421,0.19473684210526315,3.873000057751683,52,5,47,0.09615384615384616,0.24736842105263157,1.206406
nmix,nmix,250,120,0.5,20,247,528,367,161,170,42,128,0.6950757575757576,0.8473684210526315,0.24705882352941178,0.6736842105263158,930,758,172,209,71,138,0.8150537634408602,0.9052631578947369,0.3397129186602871,0.7263157894736842,3.6701197482751375,156,15,141,0.09615384615384616,0.7421052631578947,3.4826345447385565,164,21,143,0.12804878048780488,0.7526315789473684,3.8630807647903165,140,6,134,0.04285714285714286,0.7052631578947368,3.629113056050134,159,17,142,0.1069182389937107,0.7473684210526316,1.255213
nmix,nmix,250,120,0.5,20,248,565,451,114,101,37,64,0.7982300884955752,0.6,0.36633663366336633,0.3368421052631579,1120,981,139,143,69,74,0.8758928571428571,0.7315789473684211,0.4825174825174825,0.3894736842105263,3.8531840064555083,74,10,64,0.13513513513513514,0.3368421052631579,3.6523681227240656,83,12,71,0.14457831325301204,0.3736842105263158,4.241373122595618,58,4,54,0.06896551724137931,0.28421052631578947,3.8531840064555083,74,10,64,0.13513513513513514,0.3368421052631579,1.33121
nmix,nmix,250,120,0.5,20,249,481,335,146,126,33,93,0.6964656964656964,0.7684210526315789,0.2619047619047619,0.48947368421052634,974,810,164,182,67,115,0.8316221765913757,0.8631578947368421,0.36813186813186816,0.6052631578947368,3.7895598538175177,105,3,102,0.02857142857142857,0.5368421052631579,3.5540587368802545,120,10,110,0.08333333333333333,0.5789473684210527,3.954697984978126,96,2,94,0.020833333333333332,0.49473684210526314,3.6431179849347983,113,6,107,0.05309734513274336,0.5631578947368421,1.271388
nmix,nmix,250,120,0.5,20,250,649,487,162,166,47,119,0.7503852080123267,0.8526315789473684,0.28313253012048195,0.6263157894736842,1151,979,172,227,96,131,0.8505647263249348,0.9052631578947369,0.42290748898678415,0.6894736842105263,3.744038566439849,134,6,128,0.04477611940298507,0.6736842105263158,3.4905734626060356,152,16,136,0.10526315789473684,0.7157894736842105,3.939305310382781,127,3,124,0.023622047244094488,0.6526315789473685,3.6354275376789453,140,9,131,0.06428571428571428,0.6894736842105263,1.298821
nmix,nmix,250,120,0.5,20,251,483,356,127,110,35,75,0.7370600414078675,0.6684210526315789,0.3181818181818182,0.39473684210526316,981,831,150,178,82,96,0.8470948012232415,0.7894736842105263,0.4606741573033708,0.5052631578947369,3.816471377339877,94,7,87,0.07446808510638298,0.45789473684210524,3.595686905193295,103,12,91,0.11650485436893204,0.4789473684210526,4.0385602212942615,78,1,77,0.01282051282051282,0.4052631578947368,3.7332751504604027,97,8,89,0.08247422680412371,0.46842105263157896,1.411406
nmix,nmix,250,120,0.5,20,252,329,212,117,81,16,65,0.6443768996960486,0.6157894736842106,0.19753086419753085,0.34210526315789475,681,542,139,95,25,70,0.7958883994126285,0.7315789473684211,0.2631578947368421,0.3684210526315789,3.889177972989638,71,1,70,0.014084507042253521,0.3684210526315789,3.634254082759568,88,3,85,0.03409090909090909,0.4473684210526316,4.082579339935179,65,1,64,0.015384615384615385,0.3368421052631579,3.765538870562716,80,1,79,0.0125,0.41578947368421054,1.290328
nmix,nmix,250,120,0.5,20,253,633,514,119,133,65,68,0.8120063191153238,0.6263157894736842,0.48872180451127817,0.35789473684210527,1187,1049,138,193,107,86,0.8837405223251895,0.7263157894736842,0.5544041450777202,0.45263157894736844,3.8354866342336793,79,7,72,0.08860759493670886,0.37894736842105264,3.6291854516511273,90,12,78,0.13333333333333333,0.4105263157894737,4.1823367023887394,60,3,57,0.05,0.3,3.797503929352063,80,7,73,0.0875,0.38421052631578945,1.252567
nmix,nmix,250,120,0.5,20,254,648,480,168,191,67,124,0.7407407407407407,0.8842105263157894,0.3507853403141361,0.6526315789473685,1236,1059,177,239,105,134,0.8567961165048543,0.9315789473684211,0.4393305439330544,0.7052631578947368,3.702502056899805,137,9,128,0.06569343065693431,0.6736842105263158,3.495476330460351,162,23,139,0.1419753086419753,0.7315789473684211,3.895798524153205,129,6,123,0.046511627906976744,0.6473684210526316,3.596156846831182,150,17,133,0.11333333333333333,0.7,1.195576
nmix,nmix,250,120,0.5,20,255,565,446,119,102,37,65,0.7893805309734513,0.6263157894736842,0.3627450980392157,0.34210526315789475,1048,903,145,159,81,78,0.8616412213740458,0.7631578947368421,0.5094339622641509,0.4105263157894737,3.8982591180917336,64,1,63,0.015625,0.33157894736842103,3.6700997940369926,85,9,76,0.10588235294117647,0.4,4.337166146184171,50,0,50,0.0,0.2631578947368421,3.8982591180917336,64,1,63,0.015625,0.33157894736842103,1.386833
nmix,nmix,250,120,0.5,20,256,399,256,143,138,33,105,0.6416040100250626,0.7526315789473684,0.2391304347826087,0.5526315789473685,796,635,161,166,53,113,0.7977386934673367,0.8473684210526315,0.3192771084337349,0.5947368421052631,3.7374860611161997,116,3,113,0.02586206896551724,0.5947368421052631,3.492562039109077,150,23,127,0.15333333333333332,0.6684210526315789,3.924865639114747,108,2,106,0.018518518518518517,0.5578947368421052,3.64698280432077,130,13,117,0.1,0.6157894736842106,1.20756
nmix,nmix,250,120,0.5,20,257,598,437,161,176,54,122,0.7307692307692307,0.8473684210526315,0.3068181818181818,0.6421052631578947,1189,1011,178,228,92,136,0.8502943650126157,0.9368421052631579,0.40350877192982454,0.7157894736842105,3.681350446555113,145,8,137,0.05517241379310345,0.7210526315789474,3.4701437133663258,165,24,141,0.14545454545454545,0.7421052631578947,3.8953887406819465,138,6,132,0.043478260869565216,0.6947368421052632,3.6076857696646956,148,9,139,0.060810810810810814,0.7315789473684211,1.440798
nmix,nmix,250,120,0.5,20,258,471,348,123,98,28,70,0.7388535031847133,0.6473684210526316,0.2857142857142857,0.3684210526315789,909,766,143,139,54,85,0.8426842684268426,0.7526315789473684,0.38848920863309355,0.4473684210526316,3.795947429054757,95,7,88,0.07368421052631578,0.4631578947368421,3.585752354856214,110,16,94,0.14545454545454545,0.49473684210526314,4.107668394090025,76,2,74,0.02631578947368421,0.3894736842105263,3.7430535718143014,99,9,90,0.09090909090909091,0.47368421052631576,1.215713
nmix,nmix,250,120,0.5,20,259,578,444,134,123,43,80,0.7681660899653979,0.7052631578947368,0.34959349593495936,0.42105263157894735,1192,1036,156,179,80,99,0.8691275167785235,0.8210526315789474,0.44692737430167595,0.5210526315789473,3.8120855027529035,94,7,87,0.07446808510638298,0.45789473684210524,3.553876382430009,119,18,101,0.15126050420168066,0.531578947368421,3.9918358962390257,86,5,81,0.05813953488372093,0.4263157894736842,3.6832846268498605,105,10,95,0.09523809523809523,0.5,1.479189
nmix,nmix,250,120,0.5,20,260,627,479,148,166,64,102,0.7639553429027113,0.7789473684210526,0.3855421686746988,0.5368421052631579,1122,956,166,241,122,119,0.8520499108734403,0.8736842105263158,0.5062240663900415,0.6263157894736842,3.7391463782911876,115,9,106,0.0782608695652174,0.5578947368421052,3.5268653321860644,131,15,116,0.11450381679389313,0.6105263157894737,3.9774924825928837,101,6,95,0.0594059405940594,0.5,3.6876955968420644,123,12,111,0.0975609756097561,0.5842105263157895,1.222957
nmix,nmix,250,120,0.5,20,261,550,396,154,159,50,109,0.72,0.8105263157894737,0.31446540880503143,0.5736842105263158,1061,889,172,213,91,122,0.8378887841658812,0.9052631578947369,0.4272300469483568,0.6421052631578947,3.74366800960377,115,4,111,0.034782608695652174,0.5842105263157895,3.5262047805114705,134,14,120,0.1044776119402985,0.631578947368421,3.959535111231527,98,1,97,0.01020408163265306,0.5105263157894737,3.6446952513247317,122,5,117,0.040983606557377046,0.6157894736842106,1.28066
nmix,nmix,250,120,0.5,20,262,446,322,124,84,24,60,0.7219730941704036,0.6526315789473685,0.2857142857142857,0.3157894736842105,916,773,143,132,54,78,0.8438864628820961,0.7526315789473684,0.4090909090909091,0.4105263157894737,3.82970534953724,80,5,75,0.0625,0.39473684210526316,3.7107467092238515,89,7,82,0.07865168539325842,0.43157894736842106,4.2723949114738655,53,2,51,0.03773584905660377,0.26842105263157895,3.810197589899773,82,5,77,0.06097560975609756,0.4052631578947368,1.274255
nmix,nmix,250,120,0.5,20,263,622,476,146,165,65,100,0.7652733118971061,0.7684210526315789,0.3939393939393939,0.5263157894736842,1214,1055,159,202,96,106,0.8690280065897859,0.8368421052631579,0.4752475247524752,0.5578947368421052,3.7758277586985565,100,8,92,0.08,0.4842105263157895,3.5622869078960955,116,13,103,0.11206896551724138,0.5421052631578948,3.995869112874572,94,5,89,0.05319148936170213,0.46842105263157896,3.644609618460186,109,12,97,0.11009174311926606,0.5105263157894737,1.300377
nmix,nmix,250,120,0.5,20,264,550,391,159,173,48,125,0.7109090909090909,0.8368421052631579,0.2774566473988439,0.6578947368421053,988,818,170,229,91,138,0.8279352226720648,0.8947368421052632,0.39737991266375544,0.7263157894736842,3.6708303820424453,154,12,142,0.07792207792207792,0.7473684210526316,3.4620475730865143,168,20,148,0.11904761904761904,0.7789473684210526,3.810611808767819,144,7,137,0.04861111111111111,0.7210526315789474,3.5404977875550436,165,19,146,0.11515151515151516,0.7684210526315789,1.239571
nmix,nmix,250,120,0.5,20,265,507,393,114,103,36,67,0.7751479289940828,0.6,0.34951456310679613,0.3526315789473684,1103,958,145,141,66,75,0.8685403445149592,0.7631578947368421,0.46808510638297873,0.39473684210526316,3.882784753563019,69,5,64,0.07246376811594203,0.3368421052631579,3.6519945551815454,82,11,71,0.13414634146341464,0.3736842105263158,4.191487500528594,61,5,56,0.08196721311475409,0.29473684210526313,3.8335453183617565,71,5,66,0.07042253521126761,0.3473684210526316,1.26783
nmix,nmix,250,120,0.5,20,266,574,431,143,137,56,81,0.7508710801393729,0.7526315789473684,0.40875912408759124,0.4263157894736842,1132,972,160,193,98,95,0.8586572438162544,0.8421052631578947,0.5077720207253886,0.5,3.785251129365671,97,10,87,0.10309278350515463,0.45789473684210524,3.54532834140806,127,27,100,0.2125984251968504,0.5263157894736842,4.066847388906777,81,5,76,0.06172839506172839,0.4,3.728586576058428,104,15,89,0.14423076923076922,0.46842105263157896,1.337657
nmix,nmix,250,120,0.5,20,267,460,312,148,131,36,95,0.6782608695652174,0.7789473684210526,0.2748091603053435,0.5,947,782,165,166,60,106,0.8257655755015839,0.868421052631579,0.3614457831325301,0.5578947368421052,3.750035033642631,116,3,113,0.02586206896551724,0.5947368421052631,3.524257224302632,135,11,124,0.08148148148148149,0.6526315789473685,3.9189124456531497,105,3,102,0.02857142857142857,0.5368421052631579,3.633592116056595,126,7,119,0.05555555555555555,0.6263157894736842,1.473238
nmix,nmix,250,120,0.5,20,268,525,400,125,122,45,77,0.7619047619047619,0.6578947368421053,0.36885245901639346,0.4052631578947368,1068,924,144,165,74,91,0.8651685393258427,0.7578947368421053,0.4484848484848485,0.4789473684210526,3.8362692394736952,87,4,83,0.04597701149425287,0.4368421052631579,3.6095784615306656,104,14,90,0.1346153846153846,0.47368421052631576,4.127726243431563,68,1,67,0.014705882352941176,0.3526315789473684,3.707382799725945,97,9,88,0.09278350515463918,0.4631578947368421,1.200318
nmix,nmix,250,120,0.5,20,269,444,285,159,156,44,112,0.6418918918918919,0.8368421052631579,0.28205128205128205,0.5894736842105263,733,568,165,189,62,127,0.7748976807639836,0.868421052631579,0.328042328042328,0.6684210526315789,3.709049917484139,139,7,132,0.050359712230215826,0.6947368421052632,3.472161685566725,162,19,143,0.11728395061728394,0.7526315789473684,3.8513209755863227,132,5,127,0.03787878787878788,0.6684210526315789,3.606363902139383,148,11,137,0.07432432432432433,0.7210526315789474,1.264473
nmix,nmix,250,120,0.5,20,270,673,521,152,145,49,96,0.774145616641902,0.8,0.33793103448275863,0.5052631578947369,1163,1003,160,209,98,111,0.8624247635425624,0.8421052631578947,0.4688995215311005,0.5842105263157895,3.763677860669374,106,5,101,0.04716981132075472,0.531578947368421,3.5593964765942734,116,10,106,0.08620689655172414,0.5578947368421052,4.031682788412362,91,4,87,0.04395604395604396,0.45789473684210524,3.731221579320365,107,5,102,0.04672897196261682,0.5368421052631579,1.291995
nmix,nmix,250,120,0.5,20,271,575,437,138,115,38,77,0.76,0.7263157894736842,0.33043478260869563,0.4052631578947368,1184,1023,161,148,60,88,0.8640202702702703,0.8473684210526315,0.40540540540540543,0.4631578947368421,3.8742973637102245,75,2,73,0.02666666666666667,0.38421052631578945,3.622681449745658,91,7,84,0.07692307692307693,0.4421052631578947,4.198058241262388,62,1,61,0.016129032258064516,0.32105263157894737,3.833479421653084,77,2,75,0.025974025974025976,0.39473684210526316,1.437459
nmix,nmix,250,120,0.5,20,272,857,681,176,232,105,127,0.79463243873979,0.9263157894736842,0.4525862068965517,0.6684210526315789,1627,1448,179,306,166,140,0.8899815611555009,0.9421052631578948,0.5424836601307189,0.7368421052631579,3.6823219409563457,150,14,136,0.09333333333333334,0.7157894736842105,3.473463943097684,165,22,143,0.13333333333333333,0.7526315789473684,3.905579822602106,135,8,127,0.05925925925925926,0.6684210526315789,3.615829245717112,154,16,138,0.1038961038961039,0.7263157894736842,1.193172
nmix,nmix,250,120,0.5,20,273,642,514,128,123,50,73,0.8006230529595015,0.6736842105263158,0.4065040650406504,0.38421052631578945,1125,983,142,191,98,93,0.8737777777777778,0.7473684210526316,0.5130890052356021,0.48947368421052634,3.8635553029302265,72,6,66,0.08333333333333333,0.3473684210526316,3.6587402955160644,87,11,76,0.12643678160919541,0.4,4.483105872928308,38,0,38,0.0,0.2,3.827555477784736,75,7,68,0.09333333333333334,0.35789473684210527,1.259481
nmix,nmix,250,120,0.5,20,274,501,320,181,185,45,140,0.6387225548902196,0.9526315789473684,0.24324324324324326,0.7368421052631579,844,659,185,217,67,150,0.7808056872037915,0.9736842105263158,0.3087557603686636,0.7894736842105263,3.646812966795256,166,8,158,0.04819277108433735,0.8315789473684211,3.4282872422798856,192,23,169,0.11979166666666667,0.8894736842105263,3.7979458306567264,159,5,154,0.031446540880503145,0.8105263157894737,3.525025708799166,182,18,164,0.0989010989010989,0.8631578947368421,1.264604
nmix,nmix,250,120,0.5,20,275,478,340,138,113,30,83,0.7112970711297071,0.7263157894736842,0.26548672566371684,0.4368421052631579,844,691,153,145,50,95,0.8187203791469194,0.8052631578947368,0.3448275862068966,0.5,3.8335500661058477,102,4,98,0.0392156862745098,0.5157894736842106,3.5845930043704235,113,8,105,0.07079646017699115,0.5526315789473685,3.8919216943215913,97,2,95,0.020618556701030927,0.5,3.6296694664934415,108,7,101,0.06481481481481481,0.531578947368421,1.484629
nmix,nmix,250,120,0.5,20,276,641,491,150,168,69,99,0.765990639625585,0.7894736842105263,0.4107142857142857,0.5210526315789473,1210,1045,165,256,129,127,0.8636363636363636,0.868421052631579,0.50390625,0.6684210526315789,3.734780579115809,117,8,109,0.06837606837606838,0.5736842105263158,3.543023433974505,127,13,114,0.10236220472440945,0.6,3.97445125288521,94,5,89,0.05319148936170213,0.46842105263157896,3.6321927046699622,123,9,114,0.07317073170731707,0.6,1.273641
nmix,nmix,250,120,0.5,20,277,609,462,147,173,60,113,0.7586206896551724,0.7736842105263158,0.3468208092485549,0.5947368421052631,1105,940,165,226,104,122,0.8506787330316742,0.868421052631579,0.46017699115044247,0.6421052631578947,3.7187310139296614,128,10,118,0.078125,0.6210526315789474,3.528515301563715,137,15,122,0.10948905109489052,0.6421052631578947,3.8704171249845385,116,5,111,0.04310344827586207,0.5842105263157895,3.593828672244494,136,14,122,0.10294117647058823,0.6421052631578947,1.190102
nmix,nmix,250,120,0.5,20,278,721,581,140,175,83,92,0.8058252427184466,0.7368421052631579,0.4742857142857143,0.4842105263157895,1340,1183,157,238,137,101,0.8828358208955224,0.8263157894736842,0.5756302521008403,0.531578947368421,3.7961188483781916,96,7,89,0.07291666666666667,0.46842105263157896,3.5864941554140053,106,11,95,0.10377358490566038,0.5,4.0416939976957345,84,6,78,0.07142857142857142,0.4105263157894737,3.7102197864754163,100,8,92,0.08,0.4842105263157895,1.280201
nmix,nmix,250,120,0.5,20,279,575,426,149,170,59,111,0.7408695652173913,0.7842105263157895,0.34705882352941175,0.5842105263157895,1119,959,160,225,100,125,0.8570151921358355,0.8421052631578947,0.4444444444444444,0.6578947368421053,3.737897043865247,128,11,117,0.0859375,0.6157894736842106,3.506005015987784,149,22,127,0.1476510067114094,0.6684210526315789,3.9237584086886503,110,4,106,0.03636363636363636,0.5578947368421052,3.620214489303196,135,14,121,0.1037037037037037,0.6368421052631579,1.322797
nmix,nmix,250,120,0.5,20,280,421,296,125,88,24,64,0.7030878859857482,0.6578947368421053,0.2727272727272727,0.3368421052631579,759,613,146,110,42,68,0.8076416337285902,0.7684210526315789,0.38181818181818183,0.35789473684210527,3.836467913317095,84,5,79,0.05952380952380952,0.41578947368421054,3.6108745140343252,95,11,84,0.11578947368421053,0.4421052631578947,4.046649308841128,68,2,66,0.029411764705882353,0.3473684210526316,3.7401381297338143,89,7,82,0.07865168539325842,0.43157894736842106,1.278893
nmix,nmix,250,120,0.5,20,281,616,483,133,148,67,81,0.7840909090909091,0.7,0.4527027027027027,0.4263157894736842,1319,1165,154,212,118,94,0.8832448824867324,0.8105263157894737,0.5566037735849056,0.49473684210526314,3.802615128010629,90,16,74,0.17777777777777778,0.3894736842105263,3.606313427365907,100,21,79,0.21,0.41578947368421054,4.130677129443221,75,9,66,0.12,0.3473684210526316,3.764272888137653,92,17,75,0.18478260869565216,0.39473684210526316,1.209199
nmix,nmix,250,120,0.5,20,282,543,431,112,88,40,48,0.7937384898710865,0.5894736842105263,0.45454545454545453,0.25263157894736843,1193,1046,147,141,72,69,0.8767812238055323,0.7736842105263158,0.5106382978723404,0.3631578947368421,3.9746611724882257,55,6,49,0.10909090909090909,0.2578947368421053,3.704373114171347,71,11,60,0.15492957746478872,0.3157894736842105,4.509165485184941,35,4,31,0.11428571428571428,0.1631578947368421,3.8628921378640784,63,8,55,0.12698412698412698,0.2894736842105263,1.194755
nmix,nmix,250,120,0.5,20,283,597,452,145,122,45,77,0.7571189279731994,0.7631578947368421,0.36885245901639346,0.4052631578947368,1161,1004,157,164,79,85,0.8647717484926787,0.8263157894736842,0.4817073170731707,0.4473684210526316,3.8134366387997263,86,7,79,0.08139534883720931,0.41578947368421054,3.6144974314786,96,12,84,0.125,0.4421052631578947,4.125867590014418,74,5,69,0.06756756756756757,0.3631578947368421,3.7494991645525584,89,8,81,0.0898876404494382,0.4263157894736842,1.567229
nmix,nmix,250,120,0.5,20,284,764,619,145,159,77,82,0.8102094240837696,0.7631578947368421,0.48427672955974843,0.43157894736842106,1404,1244,160,240,141,99,0.886039886039886,0.8421052631578947,0.5875,0.5210526315789473,3.7873539287280407,97,15,82,0.15463917525773196,0.43157894736842106,3.5649267833410563,118,21,97,0.17796610169491525,0.5105263157894737,4.123990885283521,78,9,69,0.11538461538461539,0.3631578947368421,3.712925470479216,105,16,89,0.1523809523809524,0.46842105263157896,1.191846
nmix,nmix,250,120,0.5,20,285,666,514,152,166,57,109,0.7717717717717718,0.8,0.3433734939759036,0.5736842105263158,1220,1058,162,229,109,120,0.8672131147540983,0.8526315789473684,0.4759825327510917,0.631578947368421,3.766211029166434,110,7,103,0.06363636363636363,0.5421052631578948,3.554418319262781,124,12,112,0.0967741935483871,0.5894736842105263,3.9360811673805864,101,3,98,0.0297029702970297,0.5157894736842106,3.6158731541950893,122,12,110,0.09836065573770492,0.5789473684210527,1.293031
nmix,nmix,250,120,0.5,20,286,568,446,122,115,47,68,0.7852112676056338,0.6421052631578947,0.40869565217391307,0.35789473684210527,1066,924,142,176,96,80,0.8667917448405253,0.7473684210526316,0.5454545454545454,0.42105263157894735,3.8518573379373087,73,11,62,0.1506849315068493,0.3263157894736842,3.6460826330944767,90,18,72,0.2,0.37894736842105264,4.3773322952292455,44,3,41,0.06818181818181818,0.21578947368421053,3.799711485110467,77,11,66,0.14285714285714285,0.3473684210526316,1.203156
nmix,nmix,250,120,0.5,20,287,491,339,152,171,58,113,0.6904276985743381,0.8,0.3391812865497076,0.5947368421052631,880,712,168,219,95,124,0.8090909090909091,0.8842105263157894,0.4337899543378995,0.6526315789473685,3.745235067983286,130,9,121,0.06923076923076923,0.6368421052631579,3.4780308085424596,159,27,132,0.16981132075471697,0.6947368421052632,3.879272741518109,125,6,119,0.048,0.6263157894736842,3.579071479714302,143,16,127,0.11188811188811189,0.6684210526315789,1.383259
nmix,nmix,250,120,0.5,20,288,362,250,112,76,22,54,0.6906077348066298,0.5894736842105263,0.2894736842105263,0.28421052631578947,710,579,131,101,32,69,0.8154929577464789,0.6894736842105263,0.31683168316831684,0.3631578947368421,3.873719526143206,69,3,66,0.043478260869565216,0.3473684210526316,3.6460149444981593,89,12,77,0.1348314606741573,0.4052631578947368,4.195693394325169,55,2,53,0.03636363636363636,0.2789473684210526,3.7999036377676867,75,4,71,0.05333333333333334,0.3736842105263158,1.223968
nmix,nmix,250,120,0.5,20,289,498,375,123,94,32,62,0.7530120481927711,0.6473684210526316,0.3404255319148936,0.3263157894736842,1039,899,140,144,66,78,0.865255052935515,0.7368421052631579,0.4583333333333333,0.4105263157894737,3.8611702620359694,73,6,67,0.0821917808219178,0.3526315789473684,3.64588804539205,83,10,73,0.12048192771084337,0.38421052631578945,4.259906372605414,49,2,47,0.04081632653061224,0.24736842105263157,3.791451176515542,75,8,67,0.10666666666666667,0.3526315789473684,1.203716
nmix,nmix,250,120,0.5,20,290,484,330,154,143,28,115,0.6818181818181818,0.8105263157894737,0.1958041958041958,0.6052631578947368,951,779,172,169,48,121,0.8191377497371188,0.9052631578947369,0.28402366863905326,0.6368421052631579,3.757900074142589,129,5,124,0.03875968992248062,0.6526315789473685,3.5100718483572573,140,12,128,0.08571428571428572,0.6736842105263158,3.8741698642313085,122,5,117,0.040983606557377046,0.6157894736842106,3.624431256320582,132,8,124,0.06060606060606061,0.6526315789473685,1.336844
nmix,nmix,250,120,0.5,20,291,670,490,180,210,60,150,0.7313432835820896,0.9473684210526315,0.2857142857142857,0.7894736842105263,1256,1070,186,249,92,157,0.8519108280254777,0.9789473684210527,0.36947791164658633,0.8263157894736842,3.6400368612184337,173,12,161,0.06936416184971098,0.8473684210526315,3.431189436998101,188,20,168,0.10638297872340426,0.8842105263157894,3.839767940809984,165,8,157,0.048484848484848485,0.8263157894736842,3.578579978438554,178,14,164,0.07865168539325842,0.8631578947368421,1.452672
nmix,nmix,250,120,0.5,20,292,505,353,152,157,43,114,0.699009900990099,0.8,0.27388535031847133,0.6,942,775,167,195,70,125,0.8227176220806794,0.8789473684210526,0.358974358974359,0.6578947368421053,3.703820065314765,137,9,128,0.06569343065693431,0.6736842105263158,3.4760684816964478,159,25,134,0.15723270440251572,0.7052631578947368,3.919602211740237,123,3,120,0.024390243902439025,0.631578947368421,3.607157358738754,149,18,131,0.12080536912751678,0.6894736842105263,1.261696
nmix,nmix,250,120,0.5,20,293,397,263,134,104,27,77,0.6624685138539043,0.7052631578947368,0.25961538461538464,0.4052631578947368,709,552,157,139,45,94,0.7785613540197461,0.8263157894736842,0.3237410071942446,0.49473684210526314,3.785958905766422,96,4,92,0.041666666666666664,0.4842105263157895,3.5542540789119625,119,13,106,0.1092436974789916,0.5578947368421052,3.9399601569725093,88,2,86,0.022727272727272728,0.45263157894736844,3.6491307989184363,110,10,100,0.09090909090909091,0.5263157894736842,1.214834
nmix,nmix,250,120,0.5,20,294,436,322,114,96,29,67,0.7385321100917431,0.6,0.3020833333333333,0.3526315789473684,774,637,137,128,49,79,0.8229974160206718,0.7210526315789474,0.3828125,0.41578947368421054,3.8537003884119034,80,6,74,0.075,0.3894736842105263,3.5900580042821093,103,16,87,0.1553398058252427,0.45789473684210524,4.262311582469904,62,1,61,0.016129032258064516,0.32105263157894737,3.77835657172583,85,8,77,0.09411764705882353,0.4052631578947368,1.259377
nmix,nmix,250,120,0.5,20,295,825,677,148,197,98,99,0.8206060606060606,0.7789473684210526,0.49746192893401014,0.5210526315789473,1508,1343,165,266,150,116,0.8905835543766578,0.868421052631579,0.5639097744360902,0.6105263157894737,3.773875424568397,104,6,98,0.057692307692307696,0.5157894736842106,3.542962466038155,132,20,112,0.15151515151515152,0.5894736842105263,4.08262228341022,86,2,84,0.023255813953488372,0.4421052631578947,3.6739138524445023,112,10,102,0.08928571428571429,0.5368421052631579,1.342653
nmix,nmix,250,120,0.5,20,296,444,303,141,137,40,97,0.6824324324324325,0.7421052631578947,0.291970802919708,0.5105263157894737,804,645,159,173,64,109,0.8022388059701493,0.8368421052631579,0.3699421965317919,0.5736842105263158,3.75409892930392,113,7,106,0.061946902654867256,0.5578947368421052,3.536602009178096,136,19,117,0.13970588235294118,0.6157894736842106,3.948231398399776,104,2,102,0.019230769230769232,0.5368421052631579,3.61502864059246,128,14,114,0.109375,0.6,1.300032
nmix,nmix,250,120,0.5,20,297,563,419,144,132,38,94,0.7442273534635879,0.7578947368421053,0.2878787878787879,0.49473684210526314,1075,918,157,184,77,107,0.8539534883720931,0.8263157894736842,0.41847826086956524,0.5631578947368421,3.773012364524661,110,6,104,0.05454545454545454,0.5473684210526316,3.5667376154349437,123,11,112,0.08943089430894309,0.5894736842105263,3.9519646429690307,100,2,98,0.02,0.5157894736842106,3.6918202104704743,113,7,106,0.061946902654867256,0.5578947368421052,1.275691
nmix,nmix,250,120,0.5,20,298,526,423,103,69,31,38,0.8041825095057035,0.5421052631578948,0.4492753623188406,0.2,1043,921,122,132,72,60,0.8830297219558965,0.6421052631578947,0.5454545454545454,0.3157894736842105,4.079730010403618,35,1,34,0.02857142857142857,0.17894736842105263,3.7746839393268767,50,7,43,0.14,0.22631578947368422,4.636403749777887,21,0,21,0.0,0.11052631578947368,4.079730010403618,35,1,34,0.02857142857142857,0.17894736842105263,1.219909
nmix,nmix,250,120,0.5,20,299,913,755,158,195,96,99,0.8269441401971522,0.8315789473684211,0.49230769230769234,0.5210526315789473,1668,1501,167,305,186,119,0.8998800959232613,0.8789473684210526,0.6098360655737705,0.6263157894736842,3.7937087135025114,100,7,93,0.07,0.48947368421052634,3.550771674019322,120,14,106,0.11666666666666667,0.5578947368421052,4.0709531419462275,86,4,82,0.046511627906976744,0.43157894736842106,3.683701913661267,110,11,99,0.1,0.5210526315789473,1.476447
