model,x_model,p,n,rho,block,seed,R_bh_0.05,V_bh_0.05,S_bh_0.05,R_by_0.05,V_by_0.05,S_by_0.05,fdr_bh_0.05,power_bh_0.05,fdr_by_0.05,power_by_0.05,R_bh_0.1,V_bh_0.1,S_bh_0.1,R_by_0.1,V_by_0.1,S_by_0.1,fdr_bh_0.1,power_bh_0.1,fdr_by_0.1,power_by_0.1,t_lct_0.05,R_lct_0.05,V_lct_0.05,S_lct_0.05,fdr_lct_0.05,power_lct_0.05,t_lct_0.1,R_lct_0.1,V_lct_0.1,S_lct_0.1,fdr_lct_0.1,power_lct_0.1,t_lctb_0.05_B100,R_lctb_0.05_B100,V_lctb_0.05_B100,S_lctb_0.05_B100,fdr_lctb_0.05_B100,power_lctb_0.05_B100,t_lctb_0.1_B100,R_lctb_0.1_B100,V_lctb_0.1_B100,S_lctb_0.1_B100,fdr_lctb_0.1_B100,power_lctb_0.1_B100,wall_time_s
gaussian,gaussian,250,200,0.5,20,0,189,9,180,162,0,162,0.047619047619047616,0.9473684210526315,0.0,0.8526315789473684,203,20,183,174,1,173,0.09852216748768473,0.9631578947368421,0.005747126436781609,0.9105263157894737,3.626324363253995,197,10,187,0.050761421319796954,0.9842105263157894,3.4310595047617394,207,20,187,0.0966183574879227,0.9842105263157894,3.626324363253995,197,10,187,0.050761421319796954,0.9842105263157894,3.4310595047617394,207,20,187,0.0966183574879227,0.9842105263157894,1.9621
gaussian,gaussian,250,200,0.5,20,1,188,13,175,143,1,142,0.06914893617021277,0.9210526315789473,0.006993006993006993,0.7473684210526316,206,21,185,157,2,155,0.10194174757281553,0.9736842105263158,0.012738853503184714,0.8157894736842105,3.6023308831653225,200,13,187,0.065,0.9842105263157894,3.4009805390332795,210,21,189,0.1,0.9947368421052631,3.6102118337196036,199,12,187,0.06030150753768844,0.9842105263157894,3.4159191453315145,209,20,189,0.09569377990430622,0.9947368421052631,1.702407
gaussian,gaussian,250,200,0.5,20,2,194,8,186,176,1,175,0.041237113402061855,0.9789473684210527,0.005681818181818182,0.9210526315789473,211,25,186,179,1,178,0.11848341232227488,0.9789473684210527,0.00558659217877095,0.9368421052631579,3.613056030983139,195,8,187,0.041025641025641026,0.9842105263157894,3.4014613805076035,212,25,187,0.1179245283018868,0.9842105263157894,3.613056030983139,195,8,187,0.041025641025641026,0.9842105263157894,3.4014613805076035,212,25,187,0.1179245283018868,0.9842105263157894,1.620965
gaussian,gaussian,250,200,0.5,20,3,196,10,186,184,1,183,0.05102040816326531,0.9789473684210527,0.005434782608695652,0.9631578947368421,209,21,188,184,1,183,0.10047846889952153,0.9894736842105263,0.005434782608695652,0.9631578947368421,3.6378040077972438,199,10,189,0.05025125628140704,0.9947368421052631,3.3968678961096583,213,23,190,0.107981220657277,1.0,3.6378040077972438,199,10,189,0.05025125628140704,0.9947368421052631,3.4237292127006373,211,21,190,0.0995260663507109,1.0,1.878196
gaussian,gaussian,250,200,0.5,20,4,197,13,184,162,1,161,0.06598984771573604,0.968421052631579,0.006172839506172839,0.8473684210526315,216,31,185,169,3,166,0.14351851851851852,0.9736842105263158,0.01775147928994083,0.8736842105263158,3.6028629657430598,202,14,188,0.06930693069306931,0.9894736842105263,3.389301153241118,221,32,189,0.14479638009049775,0.9947368421052631,3.697046442265909,199,11,188,0.05527638190954774,0.9894736842105263,3.454052173075769,217,28,189,0.12903225806451613,0.9947368421052631,1.731859
gaussian,gaussian,250,200,0.5,20,5,197,12,185,163,0,163,0.06091370558375635,0.9736842105263158,0.0,0.8578947368421053,214,26,188,170,0,170,0.12149532710280374,0.9894736842105263,0.0,0.8947368421052632,3.620295582605227,200,12,188,0.06,0.9894736842105263,3.39676769942103,217,27,190,0.12442396313364056,1.0,3.620295582605227,200,12,188,0.06,0.9894736842105263,3.417627469795533,216,26,190,0.12037037037037036,1.0,1.634885
gaussian,gaussian,250,200,0.5,20,6,198,9,189,185,0,185,0.045454545454545456,0.9947368421052631,0.0,0.9736842105263158,213,23,190,186,0,186,0.107981220657277,1.0,0.0,0.9789473684210527,3.655681870404374,199,9,190,0.04522613065326633,1.0,3.4422876812947303,211,21,190,0.0995260663507109,1.0,3.655681870404374,199,9,190,0.04522613065326633,1.0,3.4422876812947303,211,21,190,0.0995260663507109,1.0,2.02932
gaussian,gaussian,250,200,0.5,20,7,193,7,186,173,2,171,0.03626943005181347,0.9789473684210527,0.011560693641618497,0.9,205,19,186,180,2,178,0.09268292682926829,0.9789473684210527,0.011111111111111112,0.9368421052631579,3.633145743572381,194,7,187,0.03608247422680412,0.9842105263157894,3.3995186900076044,211,22,189,0.10426540284360189,0.9947368421052631,3.644309428232719,193,6,187,0.031088082901554404,0.9842105263157894,3.426913486131771,208,19,189,0.09134615384615384,0.9947368421052631,1.670487
gaussian,gaussian,250,200,0.5,20,8,191,12,179,154,3,151,0.06282722513089005,0.9421052631578948,0.01948051948051948,0.7947368421052632,205,22,183,162,4,158,0.1073170731707317,0.9631578947368421,0.024691358024691357,0.8315789473684211,3.6146012468906163,195,12,183,0.06153846153846154,0.9631578947368421,3.4064017799135122,206,22,184,0.10679611650485436,0.968421052631579,3.650671688822708,194,11,183,0.05670103092783505,0.9631578947368421,3.4511767468335437,204,20,184,0.09803921568627451,0.968421052631579,1.717315
gaussian,gaussian,250,200,0.5,20,9,199,12,187,171,0,171,0.06030150753768844,0.9842105263157894,0.0,0.9,212,22,190,180,2,178,0.10377358490566038,1.0,0.011111111111111112,0.9368421052631579,3.6626187407463564,202,12,190,0.0594059405940594,1.0,3.394927945232896,214,24,190,0.11214953271028037,1.0,3.6626187407463564,202,12,190,0.0594059405940594,1.0,3.431016585834481,211,21,190,0.0995260663507109,1.0,1.635809
gaussian,gaussian,250,200,0.5,20,10,194,9,185,171,0,171,0.04639175257731959,0.9736842105263158,0.0,0.9,213,26,187,176,0,176,0.12206572769953052,0.9842105263157894,0.0,0.9263157894736842,3.6292417421629897,199,9,190,0.04522613065326633,1.0,3.3936866956938343,215,25,190,0.11627906976744186,1.0,3.6292417421629897,199,9,190,0.04522613065326633,1.0,3.4047263495829028,214,24,190,0.11214953271028037,1.0,1.787782
gaussian,gaussian,250,200,0.5,20,11,195,12,183,163,0,163,0.06153846153846154,0.9631578947368421,0.0,0.8578947368421053,210,27,183,171,1,170,0.12857142857142856,0.9631578947368421,0.005847953216374269,0.8947368421052632,3.5986583556564278,200,16,184,0.08,0.968421052631579,3.4265420038027368,214,27,187,0.1261682242990654,0.9842105263157894,3.6401142562460054,196,12,184,0.061224489795918366,0.968421052631579,3.4265420038027368,214,27,187,0.1261682242990654,0.9842105263157894,1.649763
gaussian,gaussian,250,200,0.5,20,12,200,15,185,178,1,177,0.075,0.9736842105263158,0.0056179775280898875,0.9315789473684211,216,29,187,183,1,182,0.13425925925925927,0.9842105263157894,0.00546448087431694,0.9578947368421052,3.5910401490357597,206,16,190,0.07766990291262135,1.0,3.3884832761534738,219,29,190,0.1324200913242009,1.0,3.6363408814383233,202,13,189,0.06435643564356436,0.9947368421052631,3.4490684315136315,216,26,190,0.12037037037037036,1.0,1.844155
gaussian,gaussian,250,200,0.5,20,13,200,12,188,186,2,184,0.06,0.9894736842105263,0.010752688172043012,0.968421052631579,209,20,189,188,3,185,0.09569377990430622,0.9947368421052631,0.015957446808510637,0.9736842105263158,3.601771522168753,204,14,190,0.06862745098039216,1.0,3.4110584212705315,210,20,190,0.09523809523809523,1.0,3.647715114182169,201,11,190,0.05472636815920398,1.0,3.489124546223703,208,18,190,0.08653846153846154,1.0,1.794067
gaussian,gaussian,250,200,0.5,20,14,196,10,186,177,2,175,0.05102040816326531,0.9789473684210527,0.011299435028248588,0.9210526315789473,210,22,188,180,3,177,0.10476190476190476,0.9894736842105263,0.016666666666666666,0.9315789473684211,3.600106561914529,199,10,189,0.05025125628140704,0.9947368421052631,3.3982727982871874,212,22,190,0.10377358490566038,1.0,3.6831917608548816,197,8,189,0.04060913705583756,0.9947368421052631,3.418984621862687,210,20,190,0.09523809523809523,1.0,1.649754
gaussian,gaussian,250,200,0.5,20,15,192,12,180,155,0,155,0.0625,0.9473684210526315,0.0,0.8157894736842105,202,21,181,166,2,164,0.10396039603960396,0.9526315789473684,0.012048192771084338,0.8631578947368421,3.65387583242184,195,12,183,0.06153846153846154,0.9631578947368421,3.441436910335626,207,21,186,0.10144927536231885,0.9789473684210527,3.65387583242184,195,12,183,0.06153846153846154,0.9631578947368421,3.441436910335626,207,21,186,0.10144927536231885,0.9789473684210527,1.766002
gaussian,gaussian,250,200,0.5,20,16,205,16,189,179,0,179,0.07804878048780488,0.9947368421052631,0.0,0.9421052631578948,209,20,189,187,3,184,0.09569377990430622,0.9947368421052631,0.016042780748663103,0.968421052631579,3.611938236379463,206,16,190,0.07766990291262135,1.0,3.4008028576694436,211,21,190,0.0995260663507109,1.0,3.6292346914993328,204,14,190,0.06862745098039216,1.0,3.4422896585551706,208,18,190,0.08653846153846154,1.0,1.693258
gaussian,gaussian,250,200,0.5,20,17,202,15,187,183,4,179,0.07425742574257425,0.9842105263157894,0.02185792349726776,0.9421052631578948,215,26,189,185,5,180,0.12093023255813953,0.9947368421052631,0.02702702702702703,0.9473684210526315,3.6124955372983156,204,15,189,0.07352941176470588,0.9947368421052631,3.4317451699635924,215,26,189,0.12093023255813953,0.9947368421052631,3.6124955372983156,204,15,189,0.07352941176470588,0.9947368421052631,3.4317451699635924,215,26,189,0.12093023255813953,0.9947368421052631,1.798244
gaussian,gaussian,250,200,0.5,20,18,196,13,183,167,1,166,0.0663265306122449,0.9631578947368421,0.005988023952095809,0.8736842105263158,214,27,187,175,2,173,0.1261682242990654,0.9842105263157894,0.011428571428571429,0.9105263157894737,3.6041328387397145,202,13,189,0.06435643564356436,0.9947368421052631,3.393900533181457,215,25,190,0.11627906976744186,1.0,3.6041328387397145,202,13,189,0.06435643564356436,0.9947368421052631,3.4126647806294708,213,23,190,0.107981220657277,1.0,1.856068
gaussian,gaussian,250,200,0.5,20,19,188,7,181,160,0,160,0.03723404255319149,0.9526315789473684,0.0,0.8421052631578947,204,18,186,166,0,166,0.08823529411764706,0.9789473684210527,0.0,0.8736842105263158,3.6122199877258416,195,8,187,0.041025641025641026,0.9842105263157894,3.401781047170681,211,23,188,0.10900473933649289,0.9894736842105263,3.6122199877258416,195,8,187,0.041025641025641026,0.9842105263157894,3.4238911454568015,206,18,188,0.08737864077669903,0.9894736842105263,1.709965
gaussian,gaussian,250,200,0.5,20,20,190,10,180,162,0,162,0.05263157894736842,0.9473684210526315,0.0,0.8526315789473684,202,20,182,172,2,170,0.09900990099009901,0.9578947368421052,0.011627906976744186,0.8947368421052632,3.6407766951101608,196,10,186,0.05102040816326531,0.9789473684210527,3.4093250863910542,207,20,187,0.0966183574879227,0.9842105263157894,3.6407766951101608,196,10,186,0.05102040816326531,0.9789473684210527,3.4226863496523006,206,19,187,0.09223300970873786,0.9842105263157894,1.824245
gaussian,gaussian,250,200,0.5,20,21,197,9,188,184,1,183,0.04568527918781726,0.9894736842105263,0.005434782608695652,0.9631578947368421,215,25,190,186,1,185,0.11627906976744186,1.0,0.005376344086021506,0.9736842105263158,3.602281416179889,199,9,190,0.04522613065326633,1.0,3.3895404394898003,218,28,190,0.12844036697247707,1.0,3.6389372232192527,196,6,190,0.030612244897959183,1.0,3.4134691069828746,214,24,190,0.11214953271028037,1.0,1.609402
gaussian,gaussian,250,200,0.5,20,22,201,16,185,166,1,165,0.07960199004975124,0.9736842105263158,0.006024096385542169,0.868421052631579,216,29,187,176,2,174,0.13425925925925927,0.9842105263157894,0.011363636363636364,0.9157894736842105,3.6035745954377094,206,16,190,0.07766990291262135,1.0,3.38673362801442,221,31,190,0.14027149321266968,1.0,3.608072547204934,205,15,190,0.07317073170731707,1.0,3.422743636212377,219,29,190,0.1324200913242009,1.0,1.697833
gaussian,gaussian,250,200,0.5,20,23,188,7,181,156,2,154,0.03723404255319149,0.9526315789473684,0.01282051282051282,0.8105263157894737,201,17,184,165,2,163,0.0845771144278607,0.968421052631579,0.012121212121212121,0.8578947368421053,3.646030199801835,193,7,186,0.03626943005181347,0.9789473684210527,3.407184226780341,206,18,188,0.08737864077669903,0.9894736842105263,3.646030199801835,193,7,186,0.03626943005181347,0.9789473684210527,3.465585403611209,203,15,188,0.07389162561576355,0.9894736842105263,1.828223
gaussian,gaussian,250,200,0.5,20,24,198,14,184,167,1,166,0.0707070707070707,0.968421052631579,0.005988023952095809,0.8736842105263158,220,33,187,179,3,176,0.15,0.9842105263157894,0.01675977653631285,0.9263157894736842,3.653836620752159,198,11,187,0.05555555555555555,0.9842105263157894,3.3938201031087973,218,30,188,0.13761467889908258,0.9894736842105263,3.591174617779444,200,13,187,0.065,0.9842105263157894,3.3938201031087973,218,30,188,0.13761467889908258,0.9894736842105263,1.850705
gaussian,gaussian,250,200,0.5,20,25,197,8,189,179,2,177,0.04060913705583756,0.9947368421052631,0.0111731843575419,0.9315789473684211,209,19,190,185,4,181,0.09090909090909091,1.0,0.021621621621621623,0.9526315789473684,3.6031116021334357,197,7,190,0.03553299492385787,1.0,3.4195518045793576,208,18,190,0.08653846153846154,1.0,3.8345226065519546,196,6,190,0.030612244897959183,1.0,3.4195518045793576,208,18,190,0.08653846153846154,1.0,1.674191
gaussian,gaussian,250,200,0.5,20,26,198,11,187,178,0,178,0.05555555555555555,0.9842105263157894,0.0,0.9368421052631579,212,25,187,184,1,183,0.1179245283018868,0.9842105263157894,0.005434782608695652,0.9631578947368421,3.5984762768490355,202,12,190,0.0594059405940594,1.0,3.3953965309803387,217,27,190,0.12442396313364056,1.0,3.653913875330392,201,11,190,0.05472636815920398,1.0,3.4128699437990244,215,25,190,0.11627906976744186,1.0,1.836037
gaussian,gaussian,250,200,0.5,20,27,193,5,188,184,1,183,0.025906735751295335,0.9894736842105263,0.005434782608695652,0.9631578947368421,208,19,189,185,1,184,0.09134615384615384,0.9947368421052631,0.005405405405405406,0.968421052631579,3.685529343520914,194,5,189,0.02577319587628866,0.9947368421052631,3.4156284117514657,208,19,189,0.09134615384615384,0.9947368421052631,3.685529343520914,194,5,189,0.02577319587628866,0.9947368421052631,3.4156284117514657,208,19,189,0.09134615384615384,0.9947368421052631,1.717785
gaussian,gaussian,250,200,0.5,20,28,193,15,178,163,1,162,0.07772020725388601,0.9368421052631579,0.006134969325153374,0.8526315789473684,201,21,180,170,3,167,0.1044776119402985,0.9473684210526315,0.01764705882352941,0.8789473684210526,3.632770172044623,201,15,186,0.07462686567164178,0.9789473684210527,3.4036762376670486,211,24,187,0.11374407582938388,0.9842105263157894,3.6430551898067596,200,15,185,0.075,0.9736842105263158,3.4409207906980552,208,21,187,0.10096153846153846,0.9842105263157894,1.60407
gaussian,gaussian,250,200,0.5,20,29,183,12,171,143,1,142,0.06557377049180328,0.9,0.006993006993006993,0.7473684210526316,193,15,178,153,2,151,0.07772020725388601,0.9368421052631579,0.013071895424836602,0.7947368421052632,3.6207192278790568,192,12,180,0.0625,0.9473684210526315,3.421632561478056,200,14,186,0.07,0.9789473684210527,3.645244431487754,189,9,180,0.047619047619047616,0.9473684210526315,3.4408239335699293,199,13,186,0.06532663316582915,0.9789473684210527,1.896412
gaussian,gaussian,250,200,0.5,20,30,208,19,189,181,2,179,0.09134615384615384,0.9947368421052631,0.011049723756906077,0.9421052631578948,218,29,189,184,3,181,0.13302752293577982,0.9947368421052631,0.016304347826086956,0.9526315789473684,3.596991339153929,210,20,190,0.09523809523809523,1.0,3.4207847298623233,219,29,190,0.1324200913242009,1.0,3.631208070363713,207,17,190,0.0821256038647343,1.0,3.4207847298623233,219,29,190,0.1324200913242009,1.0,1.829666
gaussian,gaussian,250,200,0.5,20,31,192,7,185,163,0,163,0.036458333333333336,0.9736842105263158,0.0,0.8578947368421053,201,16,185,174,1,173,0.07960199004975124,0.9736842105263158,0.005747126436781609,0.9105263157894737,3.646641734472759,194,6,188,0.030927835051546393,0.9894736842105263,3.415909539112648,204,16,188,0.0784313725490196,0.9894736842105263,3.5986183999190966,195,7,188,0.035897435897435895,0.9894736842105263,3.415909539112648,204,16,188,0.0784313725490196,0.9894736842105263,1.705014
gaussian,gaussian,250,200,0.5,20,32,195,6,189,188,0,188,0.03076923076923077,0.9947368421052631,0.0,0.9894736842105263,207,18,189,190,1,189,0.08695652173913043,0.9947368421052631,0.005263157894736842,0.9947368421052631,3.644357547902854,196,6,190,0.030612244897959183,1.0,3.4154122979345076,208,18,190,0.08653846153846154,1.0,3.644357547902854,196,6,190,0.030612244897959183,1.0,3.4236660145315683,207,17,190,0.0821256038647343,1.0,1.873751
gaussian,gaussian,250,200,0.5,20,33,191,8,183,174,0,174,0.041884816753926704,0.9631578947368421,0.0,0.9157894736842105,205,20,185,179,1,178,0.0975609756097561,0.9736842105263158,0.00558659217877095,0.9368421052631579,3.617079295047042,195,8,187,0.041025641025641026,0.9842105263157894,3.421307727784216,209,20,189,0.09569377990430622,0.9947368421052631,3.617079295047042,195,8,187,0.041025641025641026,0.9842105263157894,3.421307727784216,209,20,189,0.09569377990430622,0.9947368421052631,1.613898
gaussian,gaussian,250,200,0.5,20,34,200,13,187,169,1,168,0.065,0.9842105263157894,0.005917159763313609,0.8842105263157894,206,18,188,174,1,173,0.08737864077669903,0.9894736842105263,0.005747126436781609,0.9105263157894737,3.644135063610024,203,13,190,0.06403940886699508,1.0,3.482771710113353,208,18,190,0.08653846153846154,1.0,3.644135063610024,203,13,190,0.06403940886699508,1.0,3.482771710113353,208,18,190,0.08653846153846154,1.0,1.675784
gaussian,gaussian,250,200,0.5,20,35,185,6,179,155,1,154,0.032432432432432434,0.9421052631578948,0.0064516129032258064,0.8105263157894737,206,20,186,166,1,165,0.0970873786407767,0.9789473684210527,0.006024096385542169,0.868421052631579,3.6367828088894276,193,6,187,0.031088082901554404,0.9842105263157894,3.4147538811107645,210,20,190,0.09523809523809523,1.0,3.6367828088894276,193,6,187,0.031088082901554404,0.9842105263157894,3.4147538811107645,210,20,190,0.09523809523809523,1.0,1.856382
gaussian,gaussian,250,200,0.5,20,36,198,10,188,174,0,174,0.050505050505050504,0.9894736842105263,0.0,0.9157894736842105,209,20,189,182,1,181,0.09569377990430622,0.9947368421052631,0.005494505494505495,0.9526315789473684,3.5995449581762182,200,11,189,0.055,0.9947368421052631,3.3966501431922973,215,25,190,0.11627906976744186,1.0,3.6980479939555226,198,9,189,0.045454545454545456,0.9947368421052631,3.4484112468391923,209,19,190,0.09090909090909091,1.0,1.923707
gaussian,gaussian,250,200,0.5,20,37,196,14,182,173,2,171,0.07142857142857142,0.9578947368421052,0.011560693641618497,0.9,217,30,187,181,4,177,0.1382488479262673,0.9842105263157894,0.022099447513812154,0.9315789473684211,3.602165826724527,202,14,188,0.06930693069306931,0.9894736842105263,3.405990513186748,219,31,188,0.1415525114155251,0.9894736842105263,3.6705153409497666,201,13,188,0.06467661691542288,0.9894736842105263,3.405990513186748,219,31,188,0.1415525114155251,0.9894736842105263,1.615709
gaussian,gaussian,250,200,0.5,20,38,197,9,188,182,0,182,0.04568527918781726,0.9894736842105263,0.0,0.9578947368421052,203,15,188,183,0,183,0.07389162561576355,0.9894736842105263,0.0,0.9631578947368421,3.6099161568497657,199,9,190,0.04522613065326633,1.0,3.4623878078114627,205,15,190,0.07317073170731707,1.0,3.6099161568497657,199,9,190,0.04522613065326633,1.0,3.4623878078114627,205,15,190,0.07317073170731707,1.0,1.814908
gaussian,gaussian,250,200,0.5,20,39,204,14,190,187,1,186,0.06862745098039216,1.0,0.0053475935828877,0.9789473684210527,214,24,190,188,2,186,0.11214953271028037,1.0,0.010638297872340425,0.9789473684210527,3.59449773685649,203,13,190,0.06403940886699508,1.0,3.4134690730429313,214,24,190,0.11214953271028037,1.0,3.6204600092692476,202,12,190,0.0594059405940594,1.0,3.4230938262015282,213,23,190,0.107981220657277,1.0,1.746972
gaussian,gaussian,250,200,0.5,20,40,196,10,186,182,2,180,0.05102040816326531,0.9789473684210527,0.01098901098901099,0.9473684210526315,207,20,187,185,3,182,0.0966183574879227,0.9842105263157894,0.016216216216216217,0.9578947368421052,3.6003271333375633,199,11,188,0.05527638190954774,0.9894736842105263,3.432249794016561,208,20,188,0.09615384615384616,0.9894736842105263,3.653128257066549,198,10,188,0.050505050505050504,0.9894736842105263,3.432249794016561,208,20,188,0.09615384615384616,0.9894736842105263,1.660714
gaussian,gaussian,250,200,0.5,20,41,195,8,187,169,1,168,0.041025641025641026,0.9842105263157894,0.005917159763313609,0.8842105263157894,207,19,188,181,2,179,0.09178743961352658,0.9894736842105263,0.011049723756906077,0.9421052631578948,3.6172380747215747,198,9,189,0.045454545454545456,0.9947368421052631,3.4076227072003986,210,20,190,0.09523809523809523,1.0,3.6497408565947467,197,8,189,0.04060913705583756,0.9947368421052631,3.428193523831873,208,18,190,0.08653846153846154,1.0,1.800516
gaussian,gaussian,250,200,0.5,20,42,202,12,190,182,0,182,0.0594059405940594,1.0,0.0,0.9578947368421052,213,23,190,186,0,186,0.107981220657277,1.0,0.0,0.9789473684210527,3.635846968864543,202,12,190,0.0594059405940594,1.0,3.3997281270332347,213,23,190,0.107981220657277,1.0,3.635846968864543,202,12,190,0.0594059405940594,1.0,3.434508694069471,212,22,190,0.10377358490566038,1.0,1.860477
gaussian,gaussian,250,200,0.5,20,43,192,7,185,177,2,175,0.036458333333333336,0.9736842105263158,0.011299435028248588,0.9210526315789473,209,21,188,184,3,181,0.10047846889952153,0.9894736842105263,0.016304347826086956,0.9526315789473684,3.603242510006436,199,10,189,0.05025125628140704,0.9947368421052631,3.4095963645055174,213,24,189,0.11267605633802817,0.9947368421052631,3.652258111311607,196,7,189,0.03571428571428571,0.9947368421052631,3.437289389932264,206,17,189,0.0825242718446602,0.9947368421052631,1.679649
gaussian,gaussian,250,200,0.5,20,44,198,8,190,189,0,189,0.04040404040404041,1.0,0.0,0.9947368421052631,209,19,190,189,0,189,0.09090909090909091,1.0,0.0,0.9947368421052631,3.607110881489117,199,9,190,0.04522613065326633,1.0,3.397406845074568,212,22,190,0.10377358490566038,1.0,3.635812286685071,198,8,190,0.04040404040404041,1.0,3.4446038302051356,209,19,190,0.09090909090909091,1.0,1.776363
gaussian,gaussian,250,200,0.5,20,45,200,12,188,181,1,180,0.06,0.9894736842105263,0.0055248618784530384,0.9473684210526315,208,19,189,184,2,182,0.09134615384615384,0.9947368421052631,0.010869565217391304,0.9578947368421052,3.5982303237719826,202,12,190,0.0594059405940594,1.0,3.400438157051266,210,20,190,0.09523809523809523,1.0,3.667704379363026,201,11,190,0.05472636815920398,1.0,3.4290803397110015,209,19,190,0.09090909090909091,1.0,1.767816
gaussian,gaussian,250,200,0.5,20,46,187,9,178,163,1,162,0.0481283422459893,0.9368421052631579,0.006134969325153374,0.8526315789473684,194,15,179,171,1,170,0.07731958762886598,0.9421052631578948,0.005847953216374269,0.8947368421052632,3.607685282281683,197,11,186,0.05583756345177665,0.9789473684210527,3.4156547931894297,205,17,188,0.08292682926829269,0.9894736842105263,3.6380083818966185,196,10,186,0.05102040816326531,0.9789473684210527,3.467051349946612,203,15,188,0.07389162561576355,0.9894736842105263,1.703171
gaussian,gaussian,250,200,0.5,20,47,196,10,186,185,2,183,0.05102040816326531,0.9789473684210527,0.010810810810810811,0.9631578947368421,214,25,189,187,3,184,0.11682242990654206,0.9947368421052631,0.016042780748663103,0.968421052631579,3.6052644054556966,200,11,189,0.055,0.9947368421052631,3.4011124635466223,215,26,189,0.12093023255813953,0.9947368421052631,3.622170066284224,199,10,189,0.05025125628140704,0.9947368421052631,3.4195564520144575,212,23,189,0.10849056603773585,0.9947368421052631,1.698354
gaussian,gaussian,250,200,0.5,20,48,189,8,181,165,1,164,0.042328042328042326,0.9526315789473684,0.006060606060606061,0.8631578947368421,208,21,187,172,3,169,0.10096153846153846,0.9842105263157894,0.01744186046511628,0.8894736842105263,3.7398329508790975,196,9,187,0.04591836734693878,0.9842105263157894,3.4281994526922923,207,20,187,0.0966183574879227,0.9842105263157894,3.7398329508790975,196,9,187,0.04591836734693878,0.9842105263157894,3.4281994526922923,207,20,187,0.0966183574879227,0.9842105263157894,1.880649
gaussian,gaussian,250,200,0.5,20,49,184,5,179,154,0,154,0.02717391304347826,0.9421052631578948,0.0,0.8105263157894737,199,15,184,162,0,162,0.07537688442211055,0.968421052631579,0.0,0.8526315789473684,3.6461530948417122,193,5,188,0.025906735751295335,0.9894736842105263,3.4371008170547115,204,15,189,0.07352941176470588,0.9947368421052631,3.6461530948417122,193,5,188,0.025906735751295335,0.9894736842105263,3.4371008170547115,204,15,189,0.07352941176470588,0.9947368421052631,1.728012
gaussian,gaussian,250,200,0.5,20,50,188,12,176,157,1,156,0.06382978723404255,0.9263157894736842,0.006369426751592357,0.8210526315789474,211,29,182,165,2,163,0.13744075829383887,0.9578947368421052,0.012121212121212121,0.8578947368421053,3.624457396419936,197,12,185,0.06091370558375635,0.9736842105263158,3.3943897594835506,217,29,188,0.1336405529953917,0.9894736842105263,3.624457396419936,197,12,185,0.06091370558375635,0.9736842105263158,3.422405987484134,215,27,188,0.12558139534883722,0.9894736842105263,1.74561
gaussian,gaussian,250,200,0.5,20,51,182,12,170,143,1,142,0.06593406593406594,0.8947368421052632,0.006993006993006993,0.7473684210526316,201,22,179,154,1,153,0.10945273631840796,0.9421052631578948,0.006493506493506494,0.8052631578947368,3.6364123191793105,194,12,182,0.061855670103092786,0.9578947368421052,3.417152891642613,207,24,183,0.11594202898550725,0.9631578947368421,3.6364123191793105,194,12,182,0.061855670103092786,0.9578947368421052,3.4451553308140226,204,21,183,0.10294117647058823,0.9631578947368421,1.763253
gaussian,gaussian,250,200,0.5,20,52,188,8,180,166,0,166,0.0425531914893617,0.9473684210526315,0.0,0.8736842105263158,202,20,182,173,0,173,0.09900990099009901,0.9578947368421052,0.0,0.9105263157894737,3.6160914045967107,194,8,186,0.041237113402061855,0.9789473684210527,3.4381163432016035,208,20,188,0.09615384615384616,0.9894736842105263,3.6732631481360176,193,7,186,0.03626943005181347,0.9789473684210527,3.4381163432016035,208,20,188,0.09615384615384616,0.9894736842105263,1.661244
gaussian,gaussian,250,200,0.5,20,53,197,7,190,188,0,188,0.03553299492385787,1.0,0.0,0.9894736842105263,215,25,190,189,0,189,0.11627906976744186,1.0,0.0,0.9947368421052631,3.6714474105872124,196,6,190,0.030612244897959183,1.0,3.4007285858823666,215,25,190,0.11627906976744186,1.0,3.6714474105872124,196,6,190,0.030612244897959183,1.0,3.4333585316535684,212,22,190,0.10377358490566038,1.0,1.829931
gaussian,gaussian,250,200,0.5,20,54,195,8,187,180,0,180,0.041025641025641026,0.9842105263157894,0.0,0.9473684210526315,209,21,188,182,1,181,0.10047846889952153,0.9894736842105263,0.005494505494505495,0.9526315789473684,3.623199869936759,198,9,189,0.045454545454545456,0.9947368421052631,3.4367610021590385,211,22,189,0.10426540284360189,0.9947368421052631,3.623199869936759,198,9,189,0.045454545454545456,0.9947368421052631,3.4367610021590385,211,22,189,0.10426540284360189,0.9947368421052631,1.618085
gaussian,gaussian,250,200,0.5,20,55,175,14,161,120,1,119,0.08,0.8473684210526315,0.008333333333333333,0.6263157894736842,190,21,169,133,2,131,0.11052631578947368,0.8894736842105263,0.015037593984962405,0.6894736842105263,3.6198576480246443,187,15,172,0.08021390374331551,0.9052631578947369,3.4206427374626722,199,23,176,0.11557788944723618,0.9263157894736842,3.659357329818227,186,14,172,0.07526881720430108,0.9052631578947369,3.439891875418687,198,22,176,0.1111111111111111,0.9263157894736842,1.893896
gaussian,gaussian,250,200,0.5,20,56,193,3,190,186,0,186,0.015544041450777202,1.0,0.0,0.9789473684210527,210,20,190,187,0,187,0.09523809523809523,1.0,0.0,0.9842105263157894,3.654682860445915,193,3,190,0.015544041450777202,1.0,3.3999056381856816,211,21,190,0.0995260663507109,1.0,3.654682860445915,193,3,190,0.015544041450777202,1.0,3.4372256390255087,207,17,190,0.0821256038647343,1.0,1.58447
gaussian,gaussian,250,200,0.5,20,57,199,14,185,174,0,174,0.07035175879396985,0.9736842105263158,0.0,0.9157894736842105,213,25,188,181,1,180,0.11737089201877934,0.9894736842105263,0.0055248618784530384,0.9473684210526315,3.5897614050715076,207,17,190,0.0821256038647343,1.0,3.4366480353937283,216,26,190,0.12037037037037036,1.0,3.6103231349018294,206,16,190,0.07766990291262135,1.0,3.4366480353937283,216,26,190,0.12037037037037036,1.0,1.67217
gaussian,gaussian,250,200,0.5,20,58,172,10,162,143,2,141,0.05813953488372093,0.8526315789473684,0.013986013986013986,0.7421052631578947,194,22,172,150,2,148,0.1134020618556701,0.9052631578947369,0.013333333333333334,0.7789473684210526,3.616776983028222,189,11,178,0.0582010582010582,0.9368421052631579,3.406793284280796,205,24,181,0.11707317073170732,0.9526315789473684,3.633947447376982,188,11,177,0.05851063829787234,0.9315789473684211,3.4381825273034896,203,22,181,0.10837438423645321,0.9526315789473684,1.839932
gaussian,gaussian,250,200,0.5,20,59,196,8,188,177,0,177,0.04081632653061224,0.9894736842105263,0.0,0.9315789473684211,215,26,189,185,3,182,0.12093023255813953,0.9947368421052631,0.016216216216216217,0.9578947368421052,3.603632838701819,198,9,189,0.045454545454545456,0.9947368421052631,3.4006057520632598,215,25,190,0.11627906976744186,1.0,3.6369684725245444,197,8,189,0.04060913705583756,0.9947368421052631,3.4047557953031835,214,24,190,0.11214953271028037,1.0,1.742295
gaussian,gaussian,250,200,0.5,20,60,190,5,185,168,0,168,0.02631578947368421,0.9736842105263158,0.0,0.8842105263157894,202,16,186,179,2,177,0.07920792079207921,0.9789473684210527,0.0111731843575419,0.9315789473684211,3.607918583356358,195,7,188,0.035897435897435895,0.9894736842105263,3.43637658283317,204,16,188,0.0784313725490196,0.9894736842105263,3.7151999268564455,193,5,188,0.025906735751295335,0.9894736842105263,3.43637658283317,204,16,188,0.0784313725490196,0.9894736842105263,1.711872
gaussian,gaussian,250,200,0.5,20,61,192,9,183,174,1,173,0.046875,0.9631578947368421,0.005747126436781609,0.9105263157894737,211,24,187,177,1,176,0.11374407582938388,0.9842105263157894,0.005649717514124294,0.9263157894736842,3.6043812475810295,198,10,188,0.050505050505050504,0.9894736842105263,3.4168202073261815,212,24,188,0.11320754716981132,0.9894736842105263,3.6523181661028,196,8,188,0.04081632653061224,0.9894736842105263,3.4168202073261815,212,24,188,0.11320754716981132,0.9894736842105263,1.838035
gaussian,gaussian,250,200,0.5,20,62,196,7,189,185,1,184,0.03571428571428571,0.9947368421052631,0.005405405405405406,0.968421052631579,204,15,189,186,1,185,0.07352941176470588,0.9947368421052631,0.005376344086021506,0.9736842105263158,3.672158177859429,196,7,189,0.03571428571428571,0.9947368421052631,3.4142596128722995,203,14,189,0.06896551724137931,0.9947368421052631,3.672158177859429,196,7,189,0.03571428571428571,0.9947368421052631,3.4563739317858317,202,13,189,0.06435643564356436,0.9947368421052631,1.660716
gaussian,gaussian,250,200,0.5,20,63,195,7,188,182,0,182,0.035897435897435895,0.9894736842105263,0.0,0.9578947368421052,207,17,190,186,0,186,0.0821256038647343,1.0,0.0,0.9789473684210527,3.6095077817476193,198,8,190,0.04040404040404041,1.0,3.47577087236438,207,17,190,0.0821256038647343,1.0,3.6379685150773353,196,6,190,0.030612244897959183,1.0,3.47577087236438,207,17,190,0.0821256038647343,1.0,1.623636
gaussian,gaussian,250,200,0.5,20,64,191,14,177,154,0,154,0.07329842931937172,0.9315789473684211,0.0,0.8105263157894737,204,21,183,164,3,161,0.10294117647058823,0.9631578947368421,0.018292682926829267,0.8473684210526315,3.6358350704743154,199,13,186,0.06532663316582915,0.9789473684210527,3.4060154811737524,209,21,188,0.10047846889952153,0.9894736842105263,3.6358350704743154,199,13,186,0.06532663316582915,0.9789473684210527,3.4294054239929417,208,20,188,0.09615384615384616,0.9894736842105263,1.881141
gaussian,gaussian,250,200,0.5,20,65,198,10,188,174,1,173,0.050505050505050504,0.9894736842105263,0.005747126436781609,0.9105263157894737,208,19,189,180,1,179,0.09134615384615384,0.9947368421052631,0.005555555555555556,0.9421052631578948,3.6228037185326376,199,10,189,0.05025125628140704,0.9947368421052631,3.4104328826952646,212,23,189,0.10849056603773585,0.9947368421052631,3.6460834190054006,198,9,189,0.045454545454545456,0.9947368421052631,3.4398599144261937,208,19,189,0.09134615384615384,0.9947368421052631,1.819285
gaussian,gaussian,250,200,0.5,20,66,192,4,188,185,0,185,0.020833333333333332,0.9894736842105263,0.0,0.9736842105263158,207,18,189,189,1,188,0.08695652173913043,0.9947368421052631,0.005291005291005291,0.9894736842105263,3.6691064435179714,195,5,190,0.02564102564102564,1.0,3.399467015091376,211,21,190,0.0995260663507109,1.0,3.6691064435179714,195,5,190,0.02564102564102564,1.0,3.4206045450845877,209,19,190,0.09090909090909091,1.0,1.627096
gaussian,gaussian,250,200,0.5,20,67,147,5,142,118,0,118,0.034013605442176874,0.7473684210526316,0.0,0.6210526315789474,173,13,160,126,0,126,0.07514450867052024,0.8421052631578947,0.0,0.6631578947368421,3.650672086445983,172,6,166,0.03488372093023256,0.8736842105263158,3.435231292158999,190,16,174,0.08421052631578947,0.9157894736842105,3.650672086445983,172,6,166,0.03488372093023256,0.8736842105263158,3.435231292158999,190,16,174,0.08421052631578947,0.9157894736842105,1.857205
gaussian,gaussian,250,200,0.5,20,68,198,10,188,183,1,182,0.050505050505050504,0.9894736842105263,0.00546448087431694,0.9578947368421052,210,21,189,187,3,184,0.1,0.9947368421052631,0.016042780748663103,0.968421052631579,3.7044319617557737,200,11,189,0.055,0.9947368421052631,3.405701048964897,211,22,189,0.10426540284360189,0.9947368421052631,3.7044319617557737,200,11,189,0.055,0.9947368421052631,3.4393300350735925,210,21,189,0.1,0.9947368421052631,1.602826
gaussian,gaussian,250,200,0.5,20,69,198,10,188,184,1,183,0.050505050505050504,0.9894736842105263,0.005434782608695652,0.9631578947368421,216,28,188,188,1,187,0.12962962962962962,0.9894736842105263,0.005319148936170213,0.9842105263157894,3.620009618939897,200,10,190,0.05,1.0,3.3885822314749414,220,30,190,0.13636363636363635,1.0,3.620009618939897,200,10,190,0.05,1.0,3.398866816957841,218,28,190,0.12844036697247707,1.0,1.646288
gaussian,gaussian,250,200,0.5,20,70,198,11,187,171,0,171,0.05555555555555555,0.9842105263157894,0.0,0.9,209,21,188,183,1,182,0.10047846889952153,0.9894736842105263,0.00546448087431694,0.9578947368421052,3.630384572561718,200,11,189,0.055,0.9947368421052631,3.404336755581595,210,21,189,0.1,0.9947368421052631,3.630384572561718,200,11,189,0.055,0.9947368421052631,3.4217478804815014,209,20,189,0.09569377990430622,0.9947368421052631,1.769471
gaussian,gaussian,250,200,0.5,20,71,198,13,185,175,2,173,0.06565656565656566,0.9736842105263158,0.011428571428571429,0.9105263157894737,217,30,187,181,2,179,0.1382488479262673,0.9842105263157894,0.011049723756906077,0.9421052631578948,3.607980025181855,201,14,187,0.06965174129353234,0.9842105263157894,3.398268740696579,221,32,189,0.14479638009049775,0.9947368421052631,3.6291546393245455,200,13,187,0.065,0.9842105263157894,3.4239207237213147,219,30,189,0.136986301369863,0.9947368421052631,1.847699
gaussian,gaussian,250,200,0.5,20,72,199,14,185,172,1,171,0.07035175879396985,0.9736842105263158,0.005813953488372093,0.9,211,25,186,183,2,181,0.11848341232227488,0.9789473684210527,0.01092896174863388,0.9526315789473684,3.6072474415150992,202,14,188,0.06930693069306931,0.9894736842105263,3.39942052657062,216,27,189,0.125,0.9947368421052631,3.668573946521808,201,13,188,0.06467661691542288,0.9894736842105263,3.4312648676425583,214,25,189,0.11682242990654206,0.9947368421052631,1.583311
gaussian,gaussian,250,200,0.5,20,73,198,14,184,151,0,151,0.0707070707070707,0.968421052631579,0.0,0.7947368421052632,214,29,185,167,3,164,0.13551401869158877,0.9736842105263158,0.017964071856287425,0.8631578947368421,3.6265891447643925,200,13,187,0.065,0.9842105263157894,3.43234164621068,214,27,187,0.1261682242990654,0.9842105263157894,3.6265891447643925,200,13,187,0.065,0.9842105263157894,3.43234164621068,214,27,187,0.1261682242990654,0.9842105263157894,1.771998
gaussian,gaussian,250,200,0.5,20,74,188,10,178,153,3,150,0.05319148936170213,0.9368421052631579,0.0196078431372549,0.7894736842105263,204,19,185,164,3,161,0.09313725490196079,0.9736842105263158,0.018292682926829267,0.8473684210526315,3.598197673332765,200,12,188,0.06,0.9894736842105263,3.482708846754065,207,19,188,0.09178743961352658,0.9894736842105263,3.700473425164446,198,10,188,0.050505050505050504,0.9894736842105263,3.482708846754065,207,19,188,0.09178743961352658,0.9894736842105263,1.744998
gaussian,gaussian,250,200,0.5,20,75,201,12,189,179,0,179,0.05970149253731343,0.9947368421052631,0.0,0.9421052631578948,208,19,189,184,0,184,0.09134615384615384,0.9947368421052631,0.0,0.968421052631579,3.6190628933210833,202,12,190,0.0594059405940594,1.0,3.402777660863609,210,20,190,0.09523809523809523,1.0,3.6190628933210833,202,12,190,0.0594059405940594,1.0,3.4245325920483505,207,17,190,0.0821256038647343,1.0,1.585664
gaussian,gaussian,250,200,0.5,20,76,191,8,183,163,0,163,0.041884816753926704,0.9631578947368421,0.0,0.8578947368421053,205,22,183,173,0,173,0.1073170731707317,0.9631578947368421,0.0,0.9105263157894737,3.623980412198474,192,8,184,0.041666666666666664,0.968421052631579,3.406555895712898,210,23,187,0.10952380952380952,0.9842105263157894,3.654529188187144,191,7,184,0.03664921465968586,0.968421052631579,3.4286189217021303,209,22,187,0.10526315789473684,0.9842105263157894,1.80909
gaussian,gaussian,250,200,0.5,20,77,195,7,188,182,1,181,0.035897435897435895,0.9894736842105263,0.005494505494505495,0.9526315789473684,208,19,189,186,1,185,0.09134615384615384,0.9947368421052631,0.005376344086021506,0.9736842105263158,3.6688504535392212,197,7,190,0.03553299492385787,1.0,3.4072479506464366,209,19,190,0.09090909090909091,1.0,3.6688504535392212,197,7,190,0.03553299492385787,1.0,3.4286444868553323,207,17,190,0.0821256038647343,1.0,1.831352
gaussian,gaussian,250,200,0.5,20,78,198,16,182,165,3,162,0.08080808080808081,0.9578947368421052,0.01818181818181818,0.8526315789473684,213,27,186,176,3,173,0.1267605633802817,0.9789473684210527,0.017045454545454544,0.9105263157894737,3.639188922368569,203,16,187,0.07881773399014778,0.9842105263157894,3.4034500428432013,215,27,188,0.12558139534883722,0.9894736842105263,3.639188922368569,203,16,187,0.07881773399014778,0.9842105263157894,3.428319836022238,213,25,188,0.11737089201877934,0.9894736842105263,1.660058
gaussian,gaussian,250,200,0.5,20,79,195,7,188,183,0,183,0.035897435897435895,0.9894736842105263,0.0,0.9631578947368421,207,18,189,184,0,184,0.08695652173913043,0.9947368421052631,0.0,0.968421052631579,3.612817700598343,197,8,189,0.04060913705583756,0.9947368421052631,3.414629120415819,210,21,189,0.1,0.9947368421052631,3.669607702163208,196,7,189,0.03571428571428571,0.9947368421052631,3.4453320018011007,208,19,189,0.09134615384615384,0.9947368421052631,1.672141
gaussian,gaussian,250,200,0.5,20,80,197,11,186,176,0,176,0.05583756345177665,0.9789473684210527,0.0,0.9263157894736842,202,14,188,178,0,178,0.06930693069306931,0.9894736842105263,0.0,0.9368421052631579,3.6261714920177774,197,9,188,0.04568527918781726,0.9894736842105263,3.410858533366034,203,14,189,0.06896551724137931,0.9947368421052631,3.6261714920177774,197,9,188,0.04568527918781726,0.9894736842105263,3.4564020636397097,202,14,188,0.06930693069306931,0.9894736842105263,1.797121
gaussian,gaussian,250,200,0.5,20,81,207,17,190,184,1,183,0.0821256038647343,1.0,0.005434782608695652,0.9631578947368421,220,30,190,188,2,186,0.13636363636363635,1.0,0.010638297872340425,0.9789473684210527,3.6105633641615027,203,13,190,0.06403940886699508,1.0,3.3945590644870007,219,29,190,0.1324200913242009,1.0,3.5840084279727336,206,16,190,0.07766990291262135,1.0,3.3945590644870007,219,29,190,0.1324200913242009,1.0,1.689071
gaussian,gaussian,250,200,0.5,20,82,201,12,189,185,2,183,0.05970149253731343,0.9947368421052631,0.010810810810810811,0.9631578947368421,215,25,190,188,2,186,0.11627906976744186,1.0,0.010638297872340425,0.9789473684210527,3.605598556341088,199,9,190,0.04522613065326633,1.0,3.407963640163268,213,23,190,0.107981220657277,1.0,3.605598556341088,199,9,190,0.04522613065326633,1.0,3.407963640163268,213,23,190,0.107981220657277,1.0,1.668551
gaussian,gaussian,250,200,0.5,20,83,208,23,185,174,2,172,0.11057692307692307,0.9736842105263158,0.011494252873563218,0.9052631578947369,227,39,188,182,5,177,0.17180616740088106,0.9894736842105263,0.027472527472527472,0.9315789473684211,3.589980675539571,211,23,188,0.10900473933649289,0.9894736842105263,3.379685658685607,228,40,188,0.17543859649122806,0.9894736842105263,3.6038388686440266,208,20,188,0.09615384615384616,0.9894736842105263,3.416767680817552,224,36,188,0.16071428571428573,0.9894736842105263,1.829115
gaussian,gaussian,250,200,0.5,20,84,197,9,188,179,0,179,0.04568527918781726,0.9894736842105263,0.0,0.9421052631578948,206,18,188,184,0,184,0.08737864077669903,0.9894736842105263,0.0,0.968421052631579,3.613543087392679,198,9,189,0.045454545454545456,0.9947368421052631,3.4591025900168466,208,18,190,0.08653846153846154,1.0,3.7397947127819147,194,5,189,0.02577319587628866,0.9947368421052631,3.4591025900168466,208,18,190,0.08653846153846154,1.0,1.685525
gaussian,gaussian,250,200,0.5,20,85,204,18,186,178,2,176,0.08823529411764706,0.9789473684210527,0.011235955056179775,0.9263157894736842,221,35,186,183,2,181,0.1583710407239819,0.9789473684210527,0.01092896174863388,0.9526315789473684,3.6047266106837275,207,18,189,0.08695652173913043,0.9947368421052631,3.3817820116247135,227,37,190,0.16299559471365638,1.0,3.616683424948312,205,16,189,0.07804878048780488,0.9947368421052631,3.4093702684829124,225,35,190,0.15555555555555556,1.0,1.798686
gaussian,gaussian,250,200,0.5,20,86,198,13,185,176,2,174,0.06565656565656566,0.9736842105263158,0.011363636363636364,0.9157894736842105,215,26,189,185,3,182,0.12093023255813953,0.9947368421052631,0.016216216216216217,0.9578947368421052,3.6126701017443756,202,13,189,0.06435643564356436,0.9947368421052631,3.4043518904623236,214,25,189,0.11682242990654206,0.9947368421052631,3.6126701017443756,202,13,189,0.06435643564356436,0.9947368421052631,3.4311778384911555,213,24,189,0.11267605633802817,0.9947368421052631,1.605839
gaussian,gaussian,250,200,0.5,20,87,193,15,178,159,3,156,0.07772020725388601,0.9368421052631579,0.018867924528301886,0.8210526315789474,210,29,181,167,4,163,0.1380952380952381,0.9526315789473684,0.023952095808383235,0.8578947368421053,3.6021398180694693,198,15,183,0.07575757575757576,0.9631578947368421,3.3973653120774165,215,29,186,0.13488372093023257,0.9789473684210527,3.6273770858875376,196,14,182,0.07142857142857142,0.9578947368421052,3.417651843175479,214,28,186,0.1308411214953271,0.9789473684210527,1.76723
gaussian,gaussian,250,200,0.5,20,88,203,14,189,181,2,179,0.06896551724137931,0.9947368421052631,0.011049723756906077,0.9421052631578948,210,21,189,186,3,183,0.1,0.9947368421052631,0.016129032258064516,0.9631578947368421,3.610438579974747,204,14,190,0.06862745098039216,1.0,3.460776284684948,212,22,190,0.10377358490566038,1.0,3.629135128471102,202,12,190,0.0594059405940594,1.0,3.460776284684948,212,22,190,0.10377358490566038,1.0,1.745874
gaussian,gaussian,250,200,0.5,20,89,184,11,173,150,1,149,0.059782608695652176,0.9105263157894737,0.006666666666666667,0.7842105263157895,197,16,181,160,2,158,0.08121827411167512,0.9526315789473684,0.0125,0.8315789473684211,3.6612928199412726,195,11,184,0.05641025641025641,0.968421052631579,3.430187014430866,203,16,187,0.07881773399014778,0.9842105263157894,3.6612928199412726,195,11,184,0.05641025641025641,0.968421052631579,3.430187014430866,203,16,187,0.07881773399014778,0.9842105263157894,1.747307
gaussian,gaussian,250,200,0.5,20,90,184,9,175,144,0,144,0.04891304347826087,0.9210526315789473,0.0,0.7578947368421053,200,19,181,155,1,154,0.095,0.9526315789473684,0.0064516129032258064,0.8105263157894737,3.610576170338193,195,11,184,0.05641025641025641,0.968421052631579,3.40393246134433,207,21,186,0.10144927536231885,0.9789473684210527,3.6460261925781454,193,10,183,0.05181347150259067,0.9631578947368421,3.443142133477963,206,20,186,0.0970873786407767,0.9789473684210527,1.813643
gaussian,gaussian,250,200,0.5,20,91,186,5,181,162,0,162,0.026881720430107527,0.9526315789473684,0.0,0.8526315789473684,204,20,184,169,1,168,0.09803921568627451,0.968421052631579,0.005917159763313609,0.8842105263157894,3.6735204823264733,191,5,186,0.02617801047120419,0.9789473684210527,3.4036608416272385,208,19,189,0.09134615384615384,0.9947368421052631,3.6735204823264733,191,5,186,0.02617801047120419,0.9789473684210527,3.425397116209405,207,18,189,0.08695652173913043,0.9947368421052631,1.676131
gaussian,gaussian,250,200,0.5,20,92,196,11,185,177,3,174,0.05612244897959184,0.9736842105263158,0.01694915254237288,0.9157894736842105,205,20,185,180,3,177,0.0975609756097561,0.9736842105263158,0.016666666666666666,0.9315789473684211,3.602587189737743,199,12,187,0.06030150753768844,0.9842105263157894,3.4092924136920906,210,21,189,0.1,0.9947368421052631,3.6524644140609026,196,9,187,0.04591836734693878,0.9842105263157894,3.43654537105783,208,20,188,0.09615384615384616,0.9894736842105263,1.669905
gaussian,gaussian,250,200,0.5,20,93,196,8,188,189,2,187,0.04081632653061224,0.9894736842105263,0.010582010582010581,0.9842105263157894,204,15,189,191,3,188,0.07352941176470588,0.9947368421052631,0.015706806282722512,0.9894736842105263,3.6371477920230384,197,8,189,0.04060913705583756,0.9947368421052631,3.4061190992244956,206,16,190,0.07766990291262135,1.0,3.658265986134606,196,7,189,0.03571428571428571,0.9947368421052631,3.4498834941566208,203,14,189,0.06896551724137931,0.9947368421052631,1.700483
gaussian,gaussian,250,200,0.5,20,94,205,15,190,190,2,188,0.07317073170731707,1.0,0.010526315789473684,0.9894736842105263,220,30,190,192,3,189,0.13636363636363635,1.0,0.015625,0.9947368421052631,3.62032328578687,205,15,190,0.07317073170731707,1.0,3.391901819191974,220,30,190,0.13636363636363635,1.0,3.62032328578687,205,15,190,0.07317073170731707,1.0,3.4363488345410285,213,23,190,0.107981220657277,1.0,1.702253
gaussian,gaussian,250,200,0.5,20,95,200,11,189,186,0,186,0.055,0.9947368421052631,0.0,0.9789473684210527,212,23,189,187,0,187,0.10849056603773585,0.9947368421052631,0.0,0.9842105263157894,3.6122849284333833,199,10,189,0.05025125628140704,0.9947368421052631,3.4014153379738783,211,21,190,0.0995260663507109,1.0,3.637680789096742,198,9,189,0.045454545454545456,0.9947368421052631,3.43965064713862,208,18,190,0.08653846153846154,1.0,1.753569
gaussian,gaussian,250,200,0.5,20,96,182,10,172,145,2,143,0.054945054945054944,0.9052631578947369,0.013793103448275862,0.7526315789473684,197,16,181,153,3,150,0.08121827411167512,0.9526315789473684,0.0196078431372549,0.7894736842105263,3.6143134719086,197,11,186,0.05583756345177665,0.9789473684210527,3.420965705176118,205,17,188,0.08292682926829269,0.9894736842105263,3.6143134719086,197,11,186,0.05583756345177665,0.9789473684210527,3.420965705176118,205,17,188,0.08292682926829269,0.9894736842105263,1.810578
gaussian,gaussian,250,200,0.5,20,97,201,14,187,184,2,182,0.06965174129353234,0.9842105263157894,0.010869565217391304,0.9578947368421052,213,24,189,188,4,184,0.11267605633802817,0.9947368421052631,0.02127659574468085,0.968421052631579,3.6100592202653936,202,13,189,0.06435643564356436,0.9947368421052631,3.402833527714068,214,25,189,0.11682242990654206,0.9947368421052631,3.6447408869948514,201,12,189,0.05970149253731343,0.9947368421052631,3.4396073687327227,210,21,189,0.1,0.9947368421052631,1.723397
gaussian,gaussian,250,200,0.5,20,98,194,10,184,158,1,157,0.05154639175257732,0.968421052631579,0.006329113924050633,0.8263157894736842,209,22,187,166,1,165,0.10526315789473684,0.9842105263157894,0.006024096385542169,0.868421052631579,3.6025414801616997,199,11,188,0.05527638190954774,0.9894736842105263,3.398113349394094,214,24,190,0.11214953271028037,1.0,3.648037888295682,198,10,188,0.050505050505050504,0.9894736842105263,3.415154462137234,212,22,190,0.10377358490566038,1.0,1.574368
gaussian,gaussian,250,200,0.5,20,99,198,9,189,187,1,186,0.045454545454545456,0.9947368421052631,0.0053475935828877,0.9789473684210527,213,24,189,190,2,188,0.11267605633802817,0.9947368421052631,0.010526315789473684,0.9894736842105263,3.620081354110506,199,9,190,0.04522613065326633,1.0,3.3994614247690675,216,26,190,0.12037037037037036,1.0,3.620081354110506,199,9,190,0.04522613065326633,1.0,3.415039115904808,214,24,190,0.11214953271028037,1.0,1.697174
gaussian,gaussian,250,200,0.5,20,100,194,16,178,147,1,146,0.08247422680412371,0.9368421052631579,0.006802721088435374,0.7684210526315789,214,30,184,159,2,157,0.14018691588785046,0.968421052631579,0.012578616352201259,0.8263157894736842,3.5994457570852285,202,17,185,0.08415841584158416,0.9736842105263158,3.423173606990973,215,30,185,0.13953488372093023,0.9736842105263158,3.6268790458128826,201,16,185,0.07960199004975124,0.9736842105263158,3.423173606990973,215,30,185,0.13953488372093023,0.9736842105263158,1.771069
gaussian,gaussian,250,200,0.5,20,101,204,15,189,186,3,183,0.07352941176470588,0.9947368421052631,0.016129032258064516,0.9631578947368421,219,29,190,191,4,187,0.1324200913242009,1.0,0.020942408376963352,0.9842105263157894,3.6097144055299215,205,15,190,0.07317073170731707,1.0,3.386786222220911,225,35,190,0.15555555555555556,1.0,3.6374994840247314,204,14,190,0.06862745098039216,1.0,3.434077311133612,217,27,190,0.12442396313364056,1.0,1.877313
gaussian,gaussian,250,200,0.5,20,102,194,9,185,173,1,172,0.04639175257731959,0.9736842105263158,0.005780346820809248,0.9052631578947369,208,20,188,178,2,176,0.09615384615384616,0.9894736842105263,0.011235955056179775,0.9263157894736842,3.6174883241362665,198,9,189,0.045454545454545456,0.9947368421052631,3.405832291297541,210,20,190,0.09523809523809523,1.0,3.662319538419722,197,8,189,0.04060913705583756,0.9947368421052631,3.426095288518935,208,19,189,0.09134615384615384,0.9947368421052631,1.615297
gaussian,gaussian,250,200,0.5,20,103,190,8,182,168,0,168,0.042105263157894736,0.9578947368421052,0.0,0.8842105263157894,207,20,187,178,1,177,0.0966183574879227,0.9842105263157894,0.0056179775280898875,0.9315789473684211,3.643432195701355,196,9,187,0.04591836734693878,0.9842105263157894,3.4135255811470504,206,17,189,0.0825242718446602,0.9947368421052631,3.643432195701355,196,9,187,0.04591836734693878,0.9842105263157894,3.4135255811470504,206,17,189,0.0825242718446602,0.9947368421052631,1.865929
gaussian,gaussian,250,200,0.5,20,104,199,10,189,186,0,186,0.05025125628140704,0.9947368421052631,0.0,0.9789473684210527,212,23,189,188,1,187,0.10849056603773585,0.9947368421052631,0.005319148936170213,0.9842105263157894,3.624199638191331,201,11,190,0.05472636815920398,1.0,3.4381973311813936,213,23,190,0.107981220657277,1.0,3.6343598843927687,200,10,190,0.05,1.0,3.4381973311813936,213,23,190,0.107981220657277,1.0,1.627244
gaussian,gaussian,250,200,0.5,20,105,195,8,187,180,0,180,0.041025641025641026,0.9842105263157894,0.0,0.9473684210526315,207,18,189,185,2,183,0.08695652173913043,0.9947368421052631,0.010810810810810811,0.9631578947368421,3.6262934121538497,197,8,189,0.04060913705583756,0.9947368421052631,3.41785113087323,206,17,189,0.0825242718446602,0.9947368421052631,3.6262934121538497,197,8,189,0.04060913705583756,0.9947368421052631,3.41785113087323,206,17,189,0.0825242718446602,0.9947368421052631,1.696488
gaussian,gaussian,250,200,0.5,20,106,196,9,187,185,0,185,0.04591836734693878,0.9842105263157894,0.0,0.9736842105263158,209,22,187,188,2,186,0.10526315789473684,0.9842105263157894,0.010638297872340425,0.9789473684210527,3.6835002947728333,198,9,189,0.045454545454545456,0.9947368421052631,3.4000827821100947,212,22,190,0.10377358490566038,1.0,3.6835002947728333,198,9,189,0.045454545454545456,0.9947368421052631,3.438880972539082,210,20,190,0.09523809523809523,1.0,1.808094
gaussian,gaussian,250,200,0.5,20,107,192,5,187,180,1,179,0.026041666666666668,0.9842105263157894,0.005555555555555556,0.9421052631578948,206,17,189,183,2,181,0.0825242718446602,0.9947368421052631,0.01092896174863388,0.9526315789473684,3.691607204101129,194,5,189,0.02577319587628866,0.9947368421052631,3.4113565848672356,208,19,189,0.09134615384615384,0.9947368421052631,3.691607204101129,194,5,189,0.02577319587628866,0.9947368421052631,3.4439540929852224,206,17,189,0.0825242718446602,0.9947368421052631,1.733001
gaussian,gaussian,250,200,0.5,20,108,196,14,182,168,0,168,0.07142857142857142,0.9578947368421052,0.0,0.8842105263157894,215,28,187,176,2,174,0.13023255813953488,0.9842105263157894,0.011363636363636364,0.9157894736842105,3.61203891052651,201,14,187,0.06965174129353234,0.9842105263157894,3.4148689097737726,216,27,189,0.125,0.9947368421052631,3.6701116934541456,200,13,187,0.065,0.9842105263157894,3.436883821537081,215,26,189,0.12093023255813953,0.9947368421052631,1.688863
gaussian,gaussian,250,200,0.5,20,109,187,7,180,161,3,158,0.0374331550802139,0.9473684210526315,0.018633540372670808,0.8315789473684211,197,16,181,168,3,165,0.08121827411167512,0.9526315789473684,0.017857142857142856,0.868421052631579,3.620578833031229,190,7,183,0.03684210526315789,0.9631578947368421,3.4262193493779964,203,17,186,0.08374384236453201,0.9789473684210527,3.6675143928070892,189,7,182,0.037037037037037035,0.9578947368421052,3.4262193493779964,203,17,186,0.08374384236453201,0.9789473684210527,1.721112
gaussian,gaussian,250,200,0.5,20,110,186,6,180,154,0,154,0.03225806451612903,0.9473684210526315,0.0,0.8105263157894737,199,16,183,159,0,159,0.08040201005025126,0.9631578947368421,0.0,0.8368421052631579,3.7006607025857394,189,6,183,0.031746031746031744,0.9631578947368421,3.416948712542483,203,16,187,0.07881773399014778,0.9842105263157894,3.7006607025857394,189,6,183,0.031746031746031744,0.9631578947368421,3.416948712542483,203,16,187,0.07881773399014778,0.9842105263157894,1.734026
gaussian,gaussian,250,200,0.5,20,111,188,10,178,151,0,151,0.05319148936170213,0.9368421052631579,0.0,0.7947368421052632,203,23,180,164,0,164,0.11330049261083744,0.9473684210526315,0.0,0.8631578947368421,3.6105288555937682,195,10,185,0.05128205128205128,0.9736842105263158,3.4118156713089163,211,23,188,0.10900473933649289,0.9894736842105263,3.6314296324553337,193,8,185,0.04145077720207254,0.9736842105263158,3.4118156713089163,211,23,188,0.10900473933649289,0.9894736842105263,1.793656
gaussian,gaussian,250,200,0.5,20,112,198,14,184,168,0,168,0.0707070707070707,0.968421052631579,0.0,0.8842105263157894,207,20,187,175,2,173,0.0966183574879227,0.9842105263157894,0.011428571428571429,0.9105263157894737,3.6036169912822733,202,14,188,0.06930693069306931,0.9894736842105263,3.4022066754961795,211,22,189,0.10426540284360189,0.9947368421052631,3.6282635298618335,199,11,188,0.05527638190954774,0.9894736842105263,3.4209505034071093,209,20,189,0.09569377990430622,0.9947368421052631,1.593144
gaussian,gaussian,250,200,0.5,20,113,196,10,186,169,0,169,0.05102040816326531,0.9789473684210527,0.0,0.8894736842105263,204,16,188,175,1,174,0.0784313725490196,0.9894736842105263,0.005714285714285714,0.9157894736842105,3.606138016082531,198,10,188,0.050505050505050504,0.9894736842105263,3.4076381706289665,209,20,189,0.09569377990430622,0.9947368421052631,3.62568763451756,196,8,188,0.04081632653061224,0.9894736842105263,3.425925309088008,206,17,189,0.0825242718446602,0.9947368421052631,1.931453
gaussian,gaussian,250,200,0.5,20,114,186,3,183,167,1,166,0.016129032258064516,0.9631578947368421,0.005988023952095809,0.8736842105263158,198,14,184,171,1,170,0.0707070707070707,0.968421052631579,0.005847953216374269,0.8947368421052632,3.6112109620931063,192,5,187,0.026041666666666668,0.9842105263157894,3.428183076224797,203,14,189,0.06896551724137931,0.9947368421052631,3.671218160618837,191,4,187,0.020942408376963352,0.9842105263157894,3.452023271088293,202,13,189,0.06435643564356436,0.9947368421052631,1.664893
gaussian,gaussian,250,200,0.5,20,115,195,10,185,170,0,170,0.05128205128205128,0.9736842105263158,0.0,0.8947368421052632,201,14,187,176,1,175,0.06965174129353234,0.9842105263157894,0.005681818181818182,0.9210526315789473,3.631326536231283,198,9,189,0.045454545454545456,0.9947368421052631,3.428187831120365,203,14,189,0.06896551724137931,0.9947368421052631,3.631326536231283,198,9,189,0.045454545454545456,0.9947368421052631,3.478249202468007,202,13,189,0.06435643564356436,0.9947368421052631,2.163856
gaussian,gaussian,250,200,0.5,20,116,184,7,177,138,2,136,0.03804347826086957,0.9315789473684211,0.014492753623188406,0.7157894736842105,198,17,181,152,2,150,0.08585858585858586,0.9526315789473684,0.013157894736842105,0.7894736842105263,3.610104824564505,191,7,184,0.03664921465968586,0.968421052631579,3.4092764567329015,205,19,186,0.09268292682926829,0.9789473684210527,3.6390004974894956,190,6,184,0.031578947368421054,0.968421052631579,3.4806907806610705,201,16,185,0.07960199004975124,0.9736842105263158,1.74613
gaussian,gaussian,250,200,0.5,20,117,198,12,186,166,3,163,0.06060606060606061,0.9789473684210527,0.018072289156626505,0.8578947368421053,211,24,187,181,5,176,0.11374407582938388,0.9842105263157894,0.027624309392265192,0.9263157894736842,3.63540231756938,200,12,188,0.06,0.9894736842105263,3.3949289872717703,216,26,190,0.12037037037037036,1.0,3.63540231756938,200,12,188,0.06,0.9894736842105263,3.415995716771791,214,24,190,0.11214953271028037,1.0,1.793615
gaussian,gaussian,250,200,0.5,20,118,189,11,178,141,1,140,0.0582010582010582,0.9368421052631579,0.0070921985815602835,0.7368421052631579,203,22,181,155,1,154,0.10837438423645321,0.9526315789473684,0.0064516129032258064,0.8105263157894737,3.6179945165651652,193,11,182,0.05699481865284974,0.9578947368421052,3.4152052329029186,207,22,185,0.10628019323671498,0.9736842105263158,3.668832974996661,192,10,182,0.052083333333333336,0.9578947368421052,3.431362655531398,206,21,185,0.10194174757281553,0.9736842105263158,1.694494
gaussian,gaussian,250,200,0.5,20,119,185,9,176,155,1,154,0.04864864864864865,0.9263157894736842,0.0064516129032258064,0.8105263157894737,196,14,182,163,2,161,0.07142857142857142,0.9578947368421052,0.012269938650306749,0.8473684210526315,3.702009578575125,193,9,184,0.046632124352331605,0.968421052631579,3.462232772631849,199,14,185,0.07035175879396985,0.9736842105263158,3.702009578575125,193,9,184,0.046632124352331605,0.968421052631579,3.462232772631849,199,14,185,0.07035175879396985,0.9736842105263158,1.85476
gaussian,gaussian,250,200,0.5,20,120,203,16,187,174,2,172,0.07881773399014778,0.9842105263157894,0.011494252873563218,0.9052631578947369,221,33,188,180,5,175,0.1493212669683258,0.9894736842105263,0.027777777777777776,0.9210526315789473,3.5956539651617105,205,17,188,0.08292682926829269,0.9894736842105263,3.38601514368583,224,34,190,0.15178571428571427,1.0,3.6274936128408806,204,16,188,0.0784313725490196,0.9894736842105263,3.4089703825693864,223,33,190,0.14798206278026907,1.0,1.80889
gaussian,gaussian,250,200,0.5,20,121,196,10,186,171,2,169,0.05102040816326531,0.9789473684210527,0.011695906432748537,0.8894736842105263,209,21,188,179,3,176,0.10047846889952153,0.9894736842105263,0.01675977653631285,0.9263157894736842,3.6039491823969785,200,12,188,0.06,0.9894736842105263,3.4045077430062975,211,22,189,0.10426540284360189,0.9947368421052631,3.6431270794711406,198,10,188,0.050505050505050504,0.9894736842105263,3.4197886107441384,210,21,189,0.1,0.9947368421052631,1.594674
gaussian,gaussian,250,200,0.5,20,122,192,14,178,160,2,158,0.07291666666666667,0.9368421052631579,0.0125,0.8315789473684211,208,28,180,170,3,167,0.1346153846153846,0.9473684210526315,0.01764705882352941,0.8789473684210526,3.608477972708979,197,15,182,0.07614213197969544,0.9578947368421052,3.3980283451494553,215,29,186,0.13488372093023257,0.9789473684210527,3.646048601612843,196,15,181,0.07653061224489796,0.9526315789473684,3.410483501801571,213,28,185,0.13145539906103287,0.9736842105263158,1.883062
gaussian,gaussian,250,200,0.5,20,123,197,8,189,179,0,179,0.04060913705583756,0.9947368421052631,0.0,0.9421052631578948,204,15,189,186,0,186,0.07352941176470588,0.9947368421052631,0.0,0.9789473684210527,3.6258479576674,197,8,189,0.04060913705583756,0.9947368421052631,3.410181844792989,206,17,189,0.0825242718446602,0.9947368421052631,3.6499884794531847,196,7,189,0.03571428571428571,0.9947368421052631,3.476778101286579,203,14,189,0.06896551724137931,0.9947368421052631,1.742946
gaussian,gaussian,250,200,0.5,20,124,192,14,178,150,1,149,0.07291666666666667,0.9368421052631579,0.006666666666666667,0.7842105263157895,207,25,182,160,2,158,0.12077294685990338,0.9578947368421052,0.0125,0.8315789473684211,3.6031321877735807,200,16,184,0.08,0.968421052631579,3.4005662032995962,212,27,185,0.12735849056603774,0.9736842105263158,3.6409984166944045,195,12,183,0.06153846153846154,0.9631578947368421,3.431697387099371,210,25,185,0.11904761904761904,0.9736842105263158,1.605988
gaussian,gaussian,250,200,0.5,20,125,195,12,183,170,2,168,0.06153846153846154,0.9631578947368421,0.011764705882352941,0.8842105263157894,206,20,186,175,4,171,0.0970873786407767,0.9789473684210527,0.022857142857142857,0.9,3.609225637175657,199,12,187,0.06030150753768844,0.9842105263157894,3.422912483436026,208,20,188,0.09615384615384616,0.9894736842105263,3.652409413069404,198,11,187,0.05555555555555555,0.9842105263157894,3.422912483436026,208,20,188,0.09615384615384616,0.9894736842105263,2.023081
gaussian,gaussian,250,200,0.5,20,126,192,11,181,170,0,170,0.057291666666666664,0.9526315789473684,0.0,0.8947368421052632,207,22,185,177,0,177,0.10628019323671498,0.9736842105263158,0.0,0.9315789473684211,3.6340408970865177,198,11,187,0.05555555555555555,0.9842105263157894,3.4621008852656243,210,21,189,0.1,0.9947368421052631,3.596892212120721,199,12,187,0.06030150753768844,0.9842105263157894,3.4621008852656243,210,21,189,0.1,0.9947368421052631,1.669041
gaussian,gaussian,250,200,0.5,20,127,194,13,181,160,1,159,0.06701030927835051,0.9526315789473684,0.00625,0.8368421052631579,205,22,183,164,1,163,0.1073170731707317,0.9631578947368421,0.006097560975609756,0.8578947368421053,3.597419143454995,202,16,186,0.07920792079207921,0.9789473684210527,3.4077351391573854,213,26,187,0.12206572769953052,0.9842105263157894,3.6878902598911014,199,14,185,0.07035175879396985,0.9736842105263158,3.4447140047485583,209,22,187,0.10526315789473684,0.9842105263157894,1.685982
gaussian,gaussian,250,200,0.5,20,128,195,7,188,180,0,180,0.035897435897435895,0.9894736842105263,0.0,0.9473684210526315,207,19,188,181,0,181,0.09178743961352658,0.9894736842105263,0.0,0.9526315789473684,3.634669420199417,196,7,189,0.03571428571428571,0.9947368421052631,3.4026998166913716,209,20,189,0.09569377990430622,0.9947368421052631,3.634669420199417,196,7,189,0.03571428571428571,0.9947368421052631,3.4244554295083995,207,18,189,0.08695652173913043,0.9947368421052631,1.672896
gaussian,gaussian,250,200,0.5,20,129,183,17,166,118,1,117,0.09289617486338798,0.8736842105263158,0.00847457627118644,0.6157894736842106,198,27,171,134,2,132,0.13636363636363635,0.9,0.014925373134328358,0.6947368421052632,3.6327197324542944,190,17,173,0.08947368421052632,0.9105263157894737,3.4058425298663697,207,29,178,0.14009661835748793,0.9368421052631579,3.641904930690128,189,16,173,0.08465608465608465,0.9105263157894737,3.4365376614396896,202,25,177,0.12376237623762376,0.9315789473684211,1.810184
gaussian,gaussian,250,200,0.5,20,130,184,9,175,147,0,147,0.04891304347826087,0.9210526315789473,0.0,0.7736842105263158,203,24,179,159,1,158,0.11822660098522167,0.9421052631578948,0.006289308176100629,0.8315789473684211,3.615206857529868,192,10,182,0.052083333333333336,0.9578947368421052,3.410456510830464,210,25,185,0.11904761904761904,0.9736842105263158,3.653716658257683,189,8,181,0.042328042328042326,0.9526315789473684,3.442487879411101,206,22,184,0.10679611650485436,0.968421052631579,1.712963
gaussian,gaussian,250,200,0.5,20,131,198,9,189,181,3,178,0.045454545454545456,0.9947368421052631,0.016574585635359115,0.9368421052631579,207,18,189,189,4,185,0.08695652173913043,0.9947368421052631,0.021164021164021163,0.9736842105263158,3.616508044901466,198,9,189,0.045454545454545456,0.9947368421052631,3.417630768144918,208,18,190,0.08653846153846154,1.0,3.616508044901466,198,9,189,0.045454545454545456,0.9947368421052631,3.417630768144918,208,18,190,0.08653846153846154,1.0,1.872284
gaussian,gaussian,250,200,0.5,20,132,183,10,173,143,2,141,0.0546448087431694,0.9105263157894737,0.013986013986013986,0.7421052631578947,199,21,178,156,3,153,0.10552763819095477,0.9368421052631579,0.019230769230769232,0.8052631578947368,3.6239780659313197,190,10,180,0.05263157894736842,0.9473684210526315,3.4442933217065796,204,21,183,0.10294117647058823,0.9631578947368421,3.6239780659313197,190,10,180,0.05263157894736842,0.9473684210526315,3.4442933217065796,204,21,183,0.10294117647058823,0.9631578947368421,1.776637
gaussian,gaussian,250,200,0.5,20,133,193,8,185,175,0,175,0.04145077720207254,0.9736842105263158,0.0,0.9210526315789473,209,21,188,179,0,179,0.10047846889952153,0.9894736842105263,0.0,0.9421052631578948,3.6506899530640635,196,8,188,0.04081632653061224,0.9894736842105263,3.4036787552674386,211,22,189,0.10426540284360189,0.9947368421052631,3.6506899530640635,196,8,188,0.04081632653061224,0.9894736842105263,3.4292222229275695,209,20,189,0.09569377990430622,0.9947368421052631,1.593317
gaussian,gaussian,250,200,0.5,20,134,196,7,189,188,0,188,0.03571428571428571,0.9947368421052631,0.0,0.9894736842105263,207,17,190,188,0,188,0.0821256038647343,1.0,0.0,0.9894736842105263,3.6455248559339606,197,7,190,0.03553299492385787,1.0,3.413703309746766,207,17,190,0.0821256038647343,1.0,3.6455248559339606,197,7,190,0.03553299492385787,1.0,3.428652860011943,206,16,190,0.07766990291262135,1.0,1.688617
gaussian,gaussian,250,200,0.5,20,135,195,9,186,167,1,166,0.046153846153846156,0.9789473684210527,0.005988023952095809,0.8736842105263158,206,18,188,174,1,173,0.08737864077669903,0.9894736842105263,0.005747126436781609,0.9105263157894737,3.6466921259758327,198,9,189,0.045454545454545456,0.9947368421052631,3.4457195977552546,207,18,189,0.08695652173913043,0.9947368421052631,3.6466921259758327,198,9,189,0.045454545454545456,0.9947368421052631,3.4457195977552546,207,18,189,0.08695652173913043,0.9947368421052631,1.806218
gaussian,gaussian,250,200,0.5,20,136,200,18,182,165,1,164,0.09,0.9578947368421052,0.006060606060606061,0.8631578947368421,218,33,185,171,2,169,0.15137614678899083,0.9736842105263158,0.011695906432748537,0.8894736842105263,3.612396965927357,207,18,189,0.08695652173913043,0.9947368421052631,3.386812195048633,223,34,189,0.15246636771300448,0.9947368421052631,3.6343488302186047,205,17,188,0.08292682926829269,0.9894736842105263,3.42842705952441,221,32,189,0.14479638009049775,0.9947368421052631,1.684285
gaussian,gaussian,250,200,0.5,20,137,196,8,188,176,1,175,0.04081632653061224,0.9894736842105263,0.005681818181818182,0.9210526315789473,211,21,190,179,2,177,0.0995260663507109,1.0,0.0111731843575419,0.9315789473684211,3.6959357684634604,198,8,190,0.04040404040404041,1.0,3.3988861711360467,211,21,190,0.0995260663507109,1.0,3.6959357684634604,198,8,190,0.04040404040404041,1.0,3.4438104722705885,206,16,190,0.07766990291262135,1.0,1.832927
gaussian,gaussian,250,200,0.5,20,138,189,5,184,166,1,165,0.026455026455026454,0.968421052631579,0.006024096385542169,0.868421052631579,203,18,185,175,3,172,0.08866995073891626,0.9736842105263158,0.017142857142857144,0.9052631578947369,3.612528375601785,194,6,188,0.030927835051546393,0.9894736842105263,3.401183867191944,209,21,188,0.10047846889952153,0.9894736842105263,3.6405609660246663,192,5,187,0.026041666666666668,0.9842105263157894,3.440061876688972,205,17,188,0.08292682926829269,0.9894736842105263,1.750675
gaussian,gaussian,250,200,0.5,20,139,201,12,189,182,2,180,0.05970149253731343,0.9947368421052631,0.01098901098901099,0.9473684210526315,210,21,189,184,2,182,0.1,0.9947368421052631,0.010869565217391304,0.9578947368421052,3.6095172821649157,201,12,189,0.05970149253731343,0.9947368421052631,3.405467845943764,211,21,190,0.0995260663507109,1.0,3.64227395676346,198,9,189,0.045454545454545456,0.9947368421052631,3.465462548003996,207,18,189,0.08695652173913043,0.9947368421052631,1.64226
gaussian,gaussian,250,200,0.5,20,140,182,10,172,147,1,146,0.054945054945054944,0.9052631578947369,0.006802721088435374,0.7684210526315789,195,18,177,155,2,153,0.09230769230769231,0.9315789473684211,0.012903225806451613,0.8052631578947368,3.6208852700443597,191,9,182,0.04712041884816754,0.9578947368421052,3.409850149095539,204,20,184,0.09803921568627451,0.968421052631579,3.6208852700443597,191,9,182,0.04712041884816754,0.9578947368421052,3.4422518375289077,201,17,184,0.0845771144278607,0.968421052631579,1.661479
gaussian,gaussian,250,200,0.5,20,141,200,15,185,172,0,172,0.075,0.9736842105263158,0.0,0.9052631578947369,215,26,189,182,3,179,0.12093023255813953,0.9947368421052631,0.016483516483516484,0.9421052631578948,3.60928257502569,205,15,190,0.07317073170731707,1.0,3.392107282891582,216,26,190,0.12037037037037036,1.0,3.60928257502569,205,15,190,0.07317073170731707,1.0,3.4175121374716566,214,24,190,0.11214953271028037,1.0,1.795439
gaussian,gaussian,250,200,0.5,20,142,197,8,189,186,0,186,0.04060913705583756,0.9947368421052631,0.0,0.9789473684210527,207,18,189,190,2,188,0.08695652173913043,0.9947368421052631,0.010526315789473684,0.9894736842105263,3.7497584645478064,197,8,189,0.04060913705583756,0.9947368421052631,3.40790266813354,211,21,190,0.0995260663507109,1.0,3.7497584645478064,197,8,189,0.04060913705583756,0.9947368421052631,3.441110232094063,207,17,190,0.0821256038647343,1.0,1.562538
gaussian,gaussian,250,200,0.5,20,143,192,8,184,164,3,161,0.041666666666666664,0.968421052631579,0.018292682926829267,0.8473684210526315,198,14,184,175,3,172,0.0707070707070707,0.968421052631579,0.017142857142857144,0.9052631578947369,3.6053562212440706,195,8,187,0.041025641025641026,0.9842105263157894,3.4704407742441146,201,14,187,0.06965174129353234,0.9842105263157894,3.665541242287404,191,5,186,0.02617801047120419,0.9789473684210527,3.4704407742441146,201,14,187,0.06965174129353234,0.9842105263157894,1.840416
gaussian,gaussian,250,200,0.5,20,144,195,7,188,174,1,173,0.035897435897435895,0.9894736842105263,0.005747126436781609,0.9105263157894737,200,11,189,181,1,180,0.055,0.9947368421052631,0.0055248618784530384,0.9473684210526315,3.603075011673332,196,7,189,0.03571428571428571,0.9947368421052631,3.419465154472721,200,11,189,0.055,0.9947368421052631,3.764113705589661,194,5,189,0.02577319587628866,0.9947368421052631,3.4656800017245444,199,10,189,0.05025125628140704,0.9947368421052631,1.731641
gaussian,gaussian,250,200,0.5,20,145,195,10,185,168,0,168,0.05128205128205128,0.9736842105263158,0.0,0.8842105263157894,205,17,188,176,0,176,0.08292682926829269,0.9894736842105263,0.0,0.9263157894736842,3.617170675106487,198,10,188,0.050505050505050504,0.9894736842105263,3.4219114865780966,204,15,189,0.07352941176470588,0.9947368421052631,3.617170675106487,198,10,188,0.050505050505050504,0.9894736842105263,3.4219114865780966,204,15,189,0.07352941176470588,0.9947368421052631,1.737892
gaussian,gaussian,250,200,0.5,20,146,198,9,189,184,1,183,0.045454545454545456,0.9947368421052631,0.005434782608695652,0.9631578947368421,210,20,190,187,1,186,0.09523809523809523,1.0,0.0053475935828877,0.9789473684210527,3.6251288605740535,199,9,190,0.04522613065326633,1.0,3.404514072380057,210,20,190,0.09523809523809523,1.0,3.6251288605740535,199,9,190,0.04522613065326633,1.0,3.410429224214971,209,19,190,0.09090909090909091,1.0,1.696572
gaussian,gaussian,250,200,0.5,20,147,201,13,188,181,0,181,0.06467661691542288,0.9894736842105263,0.0,0.9526315789473684,211,22,189,185,3,182,0.10426540284360189,0.9947368421052631,0.016216216216216217,0.9578947368421052,3.659346796190106,203,13,190,0.06403940886699508,1.0,3.395960649763315,214,24,190,0.11214953271028037,1.0,3.659346796190106,203,13,190,0.06403940886699508,1.0,3.4182812356192747,211,21,190,0.0995260663507109,1.0,1.631829
gaussian,gaussian,250,200,0.5,20,148,201,13,188,177,2,175,0.06467661691542288,0.9894736842105263,0.011299435028248588,0.9210526315789473,215,26,189,184,2,182,0.12093023255813953,0.9947368421052631,0.010869565217391304,0.9578947368421052,3.615170666723041,203,13,190,0.06403940886699508,1.0,3.396441002481284,216,26,190,0.12037037037037036,1.0,3.615170666723041,203,13,190,0.06403940886699508,1.0,3.4119015050380344,215,25,190,0.11627906976744186,1.0,1.753808
gaussian,gaussian,250,200,0.5,20,149,197,10,187,178,1,177,0.050761421319796954,0.9842105263157894,0.0056179775280898875,0.9315789473684211,208,21,187,183,1,182,0.10096153846153846,0.9842105263157894,0.00546448087431694,0.9578947368421052,3.6123777607691028,197,10,187,0.050761421319796954,0.9842105263157894,3.3997071435110557,210,22,188,0.10476190476190476,0.9894736842105263,3.635620661775544,196,9,187,0.04591836734693878,0.9842105263157894,3.435585463516627,208,20,188,0.09615384615384616,0.9894736842105263,1.758166
gaussian,gaussian,250,200,0.5,20,150,196,9,187,170,3,167,0.04591836734693878,0.9842105263157894,0.01764705882352941,0.8789473684210526,204,16,188,176,4,172,0.0784313725490196,0.9894736842105263,0.022727272727272728,0.9052631578947369,3.64485752385431,197,9,188,0.04568527918781726,0.9894736842105263,3.41326580054576,205,16,189,0.07804878048780488,0.9947368421052631,3.64485752385431,197,9,188,0.04568527918781726,0.9894736842105263,3.41326580054576,205,16,189,0.07804878048780488,0.9947368421052631,1.746488
gaussian,gaussian,250,200,0.5,20,151,188,9,179,163,2,161,0.047872340425531915,0.9421052631578948,0.012269938650306749,0.8473684210526315,208,25,183,174,3,171,0.1201923076923077,0.9631578947368421,0.017241379310344827,0.9,3.6058504110461684,198,10,188,0.050505050505050504,0.9894736842105263,3.411993522295019,215,26,189,0.12093023255813953,0.9947368421052631,3.629650196464615,197,9,188,0.04568527918781726,0.9894736842105263,3.411993522295019,215,26,189,0.12093023255813953,0.9947368421052631,1.662101
gaussian,gaussian,250,200,0.5,20,152,186,11,175,158,3,155,0.05913978494623656,0.9210526315789473,0.0189873417721519,0.8157894736842105,205,19,186,167,4,163,0.09268292682926829,0.9789473684210527,0.023952095808383235,0.8578947368421053,3.609457912471633,199,12,187,0.06030150753768844,0.9842105263157894,3.4083501770474505,208,20,188,0.09615384615384616,0.9894736842105263,3.6492013545975497,198,12,186,0.06060606060606061,0.9789473684210527,3.452432006799821,206,19,187,0.09223300970873786,0.9842105263157894,1.686275
gaussian,gaussian,250,200,0.5,20,153,192,13,179,156,0,156,0.06770833333333333,0.9421052631578948,0.0,0.8210526315789474,207,25,182,165,1,164,0.12077294685990338,0.9578947368421052,0.006060606060606061,0.8631578947368421,3.6127757906815576,197,13,184,0.06598984771573604,0.968421052631579,3.4183657162123473,211,25,186,0.11848341232227488,0.9789473684210527,3.6374494341544716,193,9,184,0.046632124352331605,0.968421052631579,3.4183657162123473,211,25,186,0.11848341232227488,0.9789473684210527,1.711745
gaussian,gaussian,250,200,0.5,20,154,198,11,187,181,0,181,0.05555555555555555,0.9842105263157894,0.0,0.9526315789473684,210,22,188,186,1,185,0.10476190476190476,0.9894736842105263,0.005376344086021506,0.9736842105263158,3.669455134855375,200,11,189,0.055,0.9947368421052631,3.417176990734953,212,22,190,0.10377358490566038,1.0,3.669455134855375,200,11,189,0.055,0.9947368421052631,3.417176990734953,212,22,190,0.10377358490566038,1.0,1.617979
gaussian,gaussian,250,200,0.5,20,155,190,9,181,149,0,149,0.04736842105263158,0.9526315789473684,0.0,0.7842105263157895,205,21,184,159,2,157,0.1024390243902439,0.968421052631579,0.012578616352201259,0.8263157894736842,3.711481091005223,194,9,185,0.04639175257731959,0.9736842105263158,3.4120825597124336,209,21,188,0.10047846889952153,0.9894736842105263,3.711481091005223,194,9,185,0.04639175257731959,0.9736842105263158,3.454266599818567,208,20,188,0.09615384615384616,0.9894736842105263,1.923926
gaussian,gaussian,250,200,0.5,20,156,200,10,190,187,0,187,0.05,1.0,0.0,0.9842105263157894,218,28,190,192,3,189,0.12844036697247707,1.0,0.015625,0.9947368421052631,3.638304721249821,200,10,190,0.05,1.0,3.392579349108314,218,28,190,0.12844036697247707,1.0,3.638304721249821,200,10,190,0.05,1.0,3.4110172416880475,216,26,190,0.12037037037037036,1.0,1.659376
gaussian,gaussian,250,200,0.5,20,157,189,13,176,157,0,157,0.06878306878306878,0.9263157894736842,0.0,0.8263157894736842,200,21,179,169,2,167,0.105,0.9421052631578948,0.011834319526627219,0.8789473684210526,3.623597962469622,197,13,184,0.06598984771573604,0.968421052631579,3.4072196256398843,209,22,187,0.10526315789473684,0.9842105263157894,3.64403288942299,196,13,183,0.0663265306122449,0.9631578947368421,3.4276175422704895,206,20,186,0.0970873786407767,0.9789473684210527,1.741058
gaussian,gaussian,250,200,0.5,20,158,200,15,185,177,2,175,0.075,0.9736842105263158,0.011299435028248588,0.9210526315789473,218,31,187,186,5,181,0.14220183486238533,0.9842105263157894,0.026881720430107527,0.9526315789473684,3.596065616708846,204,16,188,0.0784313725490196,0.9894736842105263,3.4071068822610617,221,31,190,0.14027149321266968,1.0,3.612971040281472,201,13,188,0.06467661691542288,0.9894736842105263,3.4071068822610617,221,31,190,0.14027149321266968,1.0,1.646206
gaussian,gaussian,250,200,0.5,20,159,194,7,187,182,1,181,0.03608247422680412,0.9842105263157894,0.005494505494505495,0.9526315789473684,202,14,188,185,2,183,0.06930693069306931,0.9894736842105263,0.010810810810810811,0.9631578947368421,3.624682460177859,196,7,189,0.03571428571428571,0.9947368421052631,3.4161261008403927,205,15,190,0.07317073170731707,1.0,3.686090528557502,194,6,188,0.030927835051546393,0.9894736842105263,3.4575144369511057,203,13,190,0.06403940886699508,1.0,1.722605
gaussian,gaussian,250,200,0.5,20,160,186,8,178,159,1,158,0.043010752688172046,0.9368421052631579,0.006289308176100629,0.8315789473684211,196,15,181,169,2,167,0.07653061224489796,0.9526315789473684,0.011834319526627219,0.8789473684210526,3.6708224850971622,192,8,184,0.041666666666666664,0.968421052631579,3.4136728540937775,201,15,186,0.07462686567164178,0.9789473684210527,3.6708224850971622,192,8,184,0.041666666666666664,0.968421052631579,3.45304340254624,199,14,185,0.07035175879396985,0.9736842105263158,1.605958
gaussian,gaussian,250,200,0.5,20,161,147,6,141,87,1,86,0.04081632653061224,0.7421052631578947,0.011494252873563218,0.45263157894736844,168,17,151,110,2,108,0.10119047619047619,0.7947368421052632,0.01818181818181818,0.5684210526315789,3.652506793209522,163,7,156,0.04294478527607362,0.8210526315789474,3.444883640681847,183,18,165,0.09836065573770492,0.868421052631579,3.7111952602611855,161,6,155,0.037267080745341616,0.8157894736842105,3.4727372126748928,182,17,165,0.09340659340659341,0.868421052631579,1.944978
gaussian,gaussian,250,200,0.5,20,162,181,5,176,162,0,162,0.027624309392265192,0.9263157894736842,0.0,0.8526315789473684,200,16,184,170,0,170,0.08,0.968421052631579,0.0,0.8947368421052632,3.6213363966167247,193,6,187,0.031088082901554404,0.9842105263157894,3.4413962826722866,203,16,187,0.07881773399014778,0.9842105263157894,3.6406489294695996,192,5,187,0.026041666666666668,0.9842105263157894,3.4413962826722866,203,16,187,0.07881773399014778,0.9842105263157894,1.711098
gaussian,gaussian,250,200,0.5,20,163,187,6,181,167,0,167,0.03208556149732621,0.9526315789473684,0.0,0.8789473684210526,208,21,187,172,0,172,0.10096153846153846,0.9842105263157894,0.0,0.9052631578947369,3.619062132229725,195,6,189,0.03076923076923077,0.9947368421052631,3.3976062483081955,212,22,190,0.10377358490566038,1.0,3.619062132229725,195,6,189,0.03076923076923077,0.9947368421052631,3.4217301790143884,211,21,190,0.0995260663507109,1.0,1.572765
gaussian,gaussian,250,200,0.5,20,164,194,7,187,172,0,172,0.03608247422680412,0.9842105263157894,0.0,0.9052631578947369,205,16,189,174,0,174,0.07804878048780488,0.9947368421052631,0.0,0.9157894736842105,3.618158014393242,197,7,190,0.03553299492385787,1.0,3.4038190924039737,209,19,190,0.09090909090909091,1.0,3.684893588803552,193,4,189,0.02072538860103627,0.9947368421052631,3.455523824958279,205,15,190,0.07317073170731707,1.0,1.732933
gaussian,gaussian,250,200,0.5,20,165,190,14,176,147,2,145,0.07368421052631578,0.9263157894736842,0.013605442176870748,0.7631578947368421,207,27,180,162,4,158,0.13043478260869565,0.9473684210526315,0.024691358024691357,0.8315789473684211,3.6086241049242695,193,13,180,0.06735751295336788,0.9473684210526315,3.4504374342282045,206,24,182,0.11650485436893204,0.9578947368421052,3.6086241049242695,193,13,180,0.06735751295336788,0.9473684210526315,3.4504374342282045,206,24,182,0.11650485436893204,0.9578947368421052,1.706954
gaussian,gaussian,250,200,0.5,20,166,193,12,181,157,0,157,0.06217616580310881,0.9526315789473684,0.0,0.8263157894736842,208,24,184,166,0,166,0.11538461538461539,0.968421052631579,0.0,0.8736842105263158,3.6449278670826883,200,12,188,0.06,0.9894736842105263,3.394214095503123,217,28,189,0.12903225806451613,0.9947368421052631,3.6449278670826883,200,12,188,0.06,0.9894736842105263,3.4480073930745805,213,24,189,0.11267605633802817,0.9947368421052631,1.630437
gaussian,gaussian,250,200,0.5,20,167,198,15,183,166,0,166,0.07575757575757576,0.9631578947368421,0.0,0.8736842105263158,212,27,185,170,1,169,0.12735849056603774,0.9736842105263158,0.0058823529411764705,0.8894736842105263,3.5983361486609517,203,16,187,0.07881773399014778,0.9842105263157894,3.393924814930479,215,28,187,0.13023255813953488,0.9842105263157894,3.6378890139260704,199,14,185,0.07035175879396985,0.9736842105263158,3.4416456721773727,213,26,187,0.12206572769953052,0.9842105263157894,1.839975
gaussian,gaussian,250,200,0.5,20,168,201,12,189,188,1,187,0.05970149253731343,0.9947368421052631,0.005319148936170213,0.9842105263157894,212,22,190,189,1,188,0.10377358490566038,1.0,0.005291005291005291,0.9894736842105263,3.5960830289022505,202,12,190,0.0594059405940594,1.0,3.4120837275236418,213,23,190,0.107981220657277,1.0,3.665207543461863,201,11,190,0.05472636815920398,1.0,3.441078041483235,210,20,190,0.09523809523809523,1.0,1.774914
gaussian,gaussian,250,200,0.5,20,169,199,15,184,165,0,165,0.07537688442211055,0.968421052631579,0.0,0.868421052631579,217,31,186,171,2,169,0.14285714285714285,0.9789473684210527,0.011695906432748537,0.8894736842105263,3.6097029216108547,202,15,187,0.07425742574257425,0.9842105263157894,3.396671695258924,220,32,188,0.14545454545454545,0.9894736842105263,3.6097029216108547,202,15,187,0.07425742574257425,0.9842105263157894,3.467835486439955,217,29,188,0.1336405529953917,0.9894736842105263,1.624786
gaussian,gaussian,250,200,0.5,20,170,197,8,189,178,0,178,0.04060913705583756,0.9947368421052631,0.0,0.9368421052631579,208,18,190,180,0,180,0.08653846153846154,1.0,0.0,0.9473684210526315,3.601882408779077,198,8,190,0.04040404040404041,1.0,3.417851572005351,208,18,190,0.08653846153846154,1.0,3.6142547694521423,197,7,190,0.03553299492385787,1.0,3.4251981150184063,207,17,190,0.0821256038647343,1.0,1.694653
gaussian,gaussian,250,200,0.5,20,171,177,4,173,151,1,150,0.022598870056497175,0.9105263157894737,0.006622516556291391,0.7894736842105263,199,21,178,161,2,159,0.10552763819095477,0.9368421052631579,0.012422360248447204,0.8368421052631579,3.6486503158562873,186,4,182,0.021505376344086023,0.9578947368421052,3.4089637259350534,206,21,185,0.10194174757281553,0.9736842105263158,3.6486503158562873,186,4,182,0.021505376344086023,0.9578947368421052,3.4299229857329534,205,20,185,0.0975609756097561,0.9736842105263158,1.818417
gaussian,gaussian,250,200,0.5,20,172,189,6,183,165,2,163,0.031746031746031744,0.9631578947368421,0.012121212121212121,0.8578947368421053,205,17,188,176,2,174,0.08292682926829269,0.9894736842105263,0.011363636363636364,0.9157894736842105,3.6763444970890373,195,6,189,0.03076923076923077,0.9947368421052631,3.415659402716451,204,15,189,0.07352941176470588,0.9947368421052631,3.6763444970890373,195,6,189,0.03076923076923077,0.9947368421052631,3.4313302838101367,203,14,189,0.06896551724137931,0.9947368421052631,1.587256
gaussian,gaussian,250,200,0.5,20,173,190,9,181,159,0,159,0.04736842105263158,0.9526315789473684,0.0,0.8368421052631579,207,22,185,167,1,166,0.10628019323671498,0.9736842105263158,0.005988023952095809,0.8736842105263158,3.6096961674435724,200,11,189,0.055,0.9947368421052631,3.4085599689035275,212,23,189,0.10849056603773585,0.9947368421052631,3.628667108352848,198,9,189,0.045454545454545456,0.9947368421052631,3.425888187630243,211,22,189,0.10426540284360189,0.9947368421052631,1.838215
gaussian,gaussian,250,200,0.5,20,174,178,5,173,147,0,147,0.028089887640449437,0.9105263157894737,0.0,0.7736842105263158,196,14,182,153,0,153,0.07142857142857142,0.9578947368421052,0.0,0.8052631578947368,3.6952898793388305,190,5,185,0.02631578947368421,0.9736842105263158,3.4121283919702967,203,15,188,0.07389162561576355,0.9894736842105263,3.6952898793388305,190,5,185,0.02631578947368421,0.9736842105263158,3.48842098489625,200,13,187,0.065,0.9842105263157894,1.818834
gaussian,gaussian,250,200,0.5,20,175,190,7,183,160,1,159,0.03684210526315789,0.9631578947368421,0.00625,0.8368421052631579,206,21,185,168,2,166,0.10194174757281553,0.9736842105263158,0.011904761904761904,0.8736842105263158,3.6492178946408687,191,6,185,0.031413612565445025,0.9736842105263158,3.4127103077801824,206,17,189,0.0825242718446602,0.9947368421052631,3.6492178946408687,191,6,185,0.031413612565445025,0.9736842105263158,3.4127103077801824,206,17,189,0.0825242718446602,0.9947368421052631,1.720541
gaussian,gaussian,250,200,0.5,20,176,199,14,185,168,1,167,0.07035175879396985,0.9736842105263158,0.005952380952380952,0.8789473684210526,212,25,187,174,2,172,0.1179245283018868,0.9842105263157894,0.011494252873563218,0.9052631578947369,3.609696209867915,202,15,187,0.07425742574257425,0.9842105263157894,3.393251490070523,215,28,187,0.13023255813953488,0.9842105263157894,3.665327262302213,200,13,187,0.065,0.9842105263157894,3.4301821138571085,212,25,187,0.1179245283018868,0.9842105263157894,1.607471
gaussian,gaussian,250,200,0.5,20,177,189,8,181,166,0,166,0.042328042328042326,0.9526315789473684,0.0,0.8736842105263158,199,13,186,174,1,173,0.06532663316582915,0.9789473684210527,0.005747126436781609,0.9105263157894737,3.633279858778458,197,8,189,0.04060913705583756,0.9947368421052631,3.4089879517179975,205,16,189,0.07804878048780488,0.9947368421052631,3.644589667097947,195,6,189,0.03076923076923077,0.9947368421052631,3.4637212918815345,200,11,189,0.055,0.9947368421052631,1.758049
gaussian,gaussian,250,200,0.5,20,178,192,7,185,168,0,168,0.036458333333333336,0.9736842105263158,0.0,0.8842105263157894,207,19,188,176,0,176,0.09178743961352658,0.9894736842105263,0.0,0.9263157894736842,3.6068510826299853,197,8,189,0.04060913705583756,0.9947368421052631,3.4136901686348327,207,18,189,0.08695652173913043,0.9947368421052631,3.666907336920207,195,6,189,0.03076923076923077,0.9947368421052631,3.4904436111125166,202,13,189,0.06435643564356436,0.9947368421052631,1.663676
gaussian,gaussian,250,200,0.5,20,179,177,6,171,144,1,143,0.03389830508474576,0.9,0.006944444444444444,0.7526315789473684,191,16,175,152,1,151,0.08376963350785341,0.9210526315789473,0.006578947368421052,0.7947368421052632,3.66794004581681,184,6,178,0.03260869565217391,0.9368421052631579,3.448532505069382,201,17,184,0.0845771144278607,0.968421052631579,3.66794004581681,184,6,178,0.03260869565217391,0.9368421052631579,3.448532505069382,201,17,184,0.0845771144278607,0.968421052631579,1.791189
gaussian,gaussian,250,200,0.5,20,180,195,10,185,179,2,177,0.05128205128205128,0.9736842105263158,0.0111731843575419,0.9315789473684211,208,21,187,181,3,178,0.10096153846153846,0.9842105263157894,0.016574585635359115,0.9368421052631579,3.6377660098494453,199,10,189,0.05025125628140704,0.9947368421052631,3.4026239817158603,212,23,189,0.10849056603773585,0.9947368421052631,3.6935341241952946,198,10,188,0.050505050505050504,0.9894736842105263,3.4319070155504106,207,18,189,0.08695652173913043,0.9947368421052631,2.120512
gaussian,gaussian,250,200,0.5,20,181,191,6,185,174,0,174,0.031413612565445025,0.9736842105263158,0.0,0.9157894736842105,208,21,187,178,0,178,0.10096153846153846,0.9842105263157894,0.0,0.9368421052631579,3.6088037231343044,197,8,189,0.04060913705583756,0.9947368421052631,3.4130570760347414,211,22,189,0.10426540284360189,0.9947368421052631,3.6568919317400037,195,6,189,0.03076923076923077,0.9947368421052631,3.4365328319950765,207,18,189,0.08695652173913043,0.9947368421052631,1.614739
gaussian,gaussian,250,200,0.5,20,182,197,9,188,174,1,173,0.04568527918781726,0.9894736842105263,0.005747126436781609,0.9105263157894737,206,18,188,179,3,176,0.08737864077669903,0.9894736842105263,0.01675977653631285,0.9263157894736842,3.663147868020946,197,9,188,0.04568527918781726,0.9894736842105263,3.407613940333576,208,19,189,0.09134615384615384,0.9947368421052631,3.663147868020946,197,9,188,0.04568527918781726,0.9894736842105263,3.4326881770501267,207,18,189,0.08695652173913043,0.9947368421052631,1.706568
gaussian,gaussian,250,200,0.5,20,183,201,13,188,181,1,180,0.06467661691542288,0.9894736842105263,0.0055248618784530384,0.9473684210526315,213,24,189,186,1,185,0.11267605633802817,0.9947368421052631,0.005376344086021506,0.9736842105263158,3.6274893056579827,202,13,189,0.06435643564356436,0.9947368421052631,3.406603899799139,213,24,189,0.11267605633802817,0.9947368421052631,3.6274893056579827,202,13,189,0.06435643564356436,0.9947368421052631,3.406603899799139,213,24,189,0.11267605633802817,0.9947368421052631,1.689836
gaussian,gaussian,250,200,0.5,20,184,198,11,187,171,3,168,0.05555555555555555,0.9842105263157894,0.017543859649122806,0.8842105263157894,212,23,189,183,6,177,0.10849056603773585,0.9947368421052631,0.03278688524590164,0.9315789473684211,3.6392518285202793,200,11,189,0.055,0.9947368421052631,3.3983534382744973,215,25,190,0.11627906976744186,1.0,3.6392518285202793,200,11,189,0.055,0.9947368421052631,3.4447483864273396,211,21,190,0.0995260663507109,1.0,1.639373
gaussian,gaussian,250,200,0.5,20,185,190,5,185,165,1,164,0.02631578947368421,0.9736842105263158,0.006060606060606061,0.8631578947368421,203,15,188,176,2,174,0.07389162561576355,0.9894736842105263,0.011363636363636364,0.9157894736842105,3.6028213448432846,197,7,190,0.03553299492385787,1.0,3.4264857278668677,204,14,190,0.06862745098039216,1.0,3.638567201412262,195,6,189,0.03076923076923077,0.9947368421052631,3.478791462298434,203,13,190,0.06403940886699508,1.0,1.906939
gaussian,gaussian,250,200,0.5,20,186,194,12,182,162,2,160,0.061855670103092786,0.9578947368421052,0.012345679012345678,0.8421052631578947,208,25,183,173,2,171,0.1201923076923077,0.9631578947368421,0.011560693641618497,0.9,3.6087270851250826,200,14,186,0.07,0.9789473684210527,3.393980873049112,217,28,189,0.12903225806451613,0.9947368421052631,3.655530867280927,196,11,185,0.05612244897959184,0.9736842105263158,3.4535394203345677,212,24,188,0.11320754716981132,0.9894736842105263,1.618526
gaussian,gaussian,250,200,0.5,20,187,186,6,180,168,0,168,0.03225806451612903,0.9473684210526315,0.0,0.8842105263157894,204,22,182,172,0,172,0.10784313725490197,0.9578947368421052,0.0,0.9052631578947369,3.6938277265379513,191,6,185,0.031413612565445025,0.9736842105263158,3.4078830496825465,207,22,185,0.10628019323671498,0.9736842105263158,3.6938277265379513,191,6,185,0.031413612565445025,0.9736842105263158,3.4370980705834118,202,17,185,0.08415841584158416,0.9736842105263158,1.766931
gaussian,gaussian,250,200,0.5,20,188,192,9,183,172,1,171,0.046875,0.9631578947368421,0.005813953488372093,0.9,207,20,187,179,2,177,0.0966183574879227,0.9842105263157894,0.0111731843575419,0.9315789473684211,3.656451449269516,196,9,187,0.04591836734693878,0.9842105263157894,3.4441375218990453,208,20,188,0.09615384615384616,0.9894736842105263,3.656451449269516,196,9,187,0.04591836734693878,0.9842105263157894,3.4441375218990453,208,20,188,0.09615384615384616,0.9894736842105263,1.633333
gaussian,gaussian,250,200,0.5,20,189,194,7,187,175,0,175,0.03608247422680412,0.9842105263157894,0.0,0.9210526315789473,207,18,189,179,0,179,0.08695652173913043,0.9947368421052631,0.0,0.9421052631578948,3.645845466845755,195,6,189,0.03076923076923077,0.9947368421052631,3.4147265448839637,207,18,189,0.08695652173913043,0.9947368421052631,3.645845466845755,195,6,189,0.03076923076923077,0.9947368421052631,3.4414905197419645,205,16,189,0.07804878048780488,0.9947368421052631,1.638002
gaussian,gaussian,250,200,0.5,20,190,197,12,185,170,1,169,0.06091370558375635,0.9736842105263158,0.0058823529411764705,0.8894736842105263,209,21,188,178,2,176,0.10047846889952153,0.9894736842105263,0.011235955056179775,0.9263157894736842,3.626290568563642,201,12,189,0.05970149253731343,0.9947368421052631,3.411702498970746,209,20,189,0.09569377990430622,0.9947368421052631,3.626290568563642,201,12,189,0.05970149253731343,0.9947368421052631,3.4230458811160918,208,19,189,0.09134615384615384,0.9947368421052631,1.753959
gaussian,gaussian,250,200,0.5,20,191,192,6,186,177,2,175,0.03125,0.9789473684210527,0.011299435028248588,0.9210526315789473,207,19,188,183,2,181,0.09178743961352658,0.9894736842105263,0.01092896174863388,0.9526315789473684,3.804061366882992,194,6,188,0.030927835051546393,0.9894736842105263,3.412761565278437,211,22,189,0.10426540284360189,0.9947368421052631,3.804061366882992,194,6,188,0.030927835051546393,0.9894736842105263,3.4395262696157336,208,19,189,0.09134615384615384,0.9947368421052631,1.922197
gaussian,gaussian,250,200,0.5,20,192,196,7,189,185,3,182,0.03571428571428571,0.9947368421052631,0.016216216216216217,0.9578947368421052,214,24,190,186,3,183,0.11214953271028037,1.0,0.016129032258064516,0.9631578947368421,3.653979019508654,197,7,190,0.03553299492385787,1.0,3.404044663079871,214,24,190,0.11214953271028037,1.0,3.653979019508654,197,7,190,0.03553299492385787,1.0,3.415308994015867,212,22,190,0.10377358490566038,1.0,1.632212
gaussian,gaussian,250,200,0.5,20,193,204,16,188,177,0,177,0.0784313725490196,0.9894736842105263,0.0,0.9315789473684211,217,28,189,187,6,181,0.12903225806451613,0.9947368421052631,0.03208556149732621,0.9526315789473684,3.590314458948933,207,17,190,0.0821256038647343,1.0,3.386481071429071,221,31,190,0.14027149321266968,1.0,3.627770347530652,205,15,190,0.07317073170731707,1.0,3.446943820013948,215,25,190,0.11627906976744186,1.0,1.721465
gaussian,gaussian,250,200,0.5,20,194,177,5,172,143,0,143,0.02824858757062147,0.9052631578947369,0.0,0.7526315789473684,203,21,182,154,1,153,0.10344827586206896,0.9578947368421052,0.006493506493506494,0.8052631578947368,3.6078262467049327,196,9,187,0.04591836734693878,0.9842105263157894,3.4142585797729628,206,19,187,0.09223300970873786,0.9842105263157894,3.6322994320477564,192,5,187,0.026041666666666668,0.9842105263157894,3.4294343685446242,204,17,187,0.08333333333333333,0.9842105263157894,1.678652
gaussian,gaussian,250,200,0.5,20,195,195,10,185,170,0,170,0.05128205128205128,0.9736842105263158,0.0,0.8947368421052632,212,24,188,180,2,178,0.11320754716981132,0.9894736842105263,0.011111111111111112,0.9368421052631579,3.6120666483149835,198,10,188,0.050505050505050504,0.9894736842105263,3.4118342199058964,212,24,188,0.11320754716981132,0.9894736842105263,3.6120666483149835,198,10,188,0.050505050505050504,0.9894736842105263,3.417434645335984,211,23,188,0.10900473933649289,0.9894736842105263,1.599372
gaussian,gaussian,250,200,0.5,20,196,194,9,185,174,0,174,0.04639175257731959,0.9736842105263158,0.0,0.9157894736842105,209,22,187,176,0,176,0.10526315789473684,0.9842105263157894,0.0,0.9263157894736842,3.6116159226745954,200,11,189,0.055,0.9947368421052631,3.4001993537950583,215,25,190,0.11627906976744186,1.0,3.6765874478573934,198,9,189,0.045454545454545456,0.9947368421052631,3.452014725519485,212,22,190,0.10377358490566038,1.0,1.772596
gaussian,gaussian,250,200,0.5,20,197,190,7,183,171,0,171,0.03684210526315789,0.9631578947368421,0.0,0.9,203,16,187,174,0,174,0.07881773399014778,0.9842105263157894,0.0,0.9157894736842105,3.623069501407355,195,7,188,0.035897435897435895,0.9894736842105263,3.4202920196633557,205,15,190,0.07317073170731707,1.0,3.623069501407355,195,7,188,0.035897435897435895,0.9894736842105263,3.4202920196633557,205,15,190,0.07317073170731707,1.0,1.811237
gaussian,gaussian,250,200,0.5,20,198,198,10,188,181,0,181,0.050505050505050504,0.9894736842105263,0.0,0.9526315789473684,206,17,189,185,0,185,0.0825242718446602,0.9947368421052631,0.0,0.9736842105263158,3.6089054372158484,199,9,190,0.04522613065326633,1.0,3.4637526689997205,207,17,190,0.0821256038647343,1.0,3.657729513255155,198,8,190,0.04040404040404041,1.0,3.4637526689997205,207,17,190,0.0821256038647343,1.0,1.663393
gaussian,gaussian,250,200,0.5,20,199,194,4,190,188,0,188,0.020618556701030927,1.0,0.0,0.9894736842105263,199,9,190,188,0,188,0.04522613065326633,1.0,0.0,0.9894736842105263,3.7051392279499518,194,4,190,0.020618556701030927,1.0,3.4384429900163673,199,9,190,0.04522613065326633,1.0,3.7051392279499518,194,4,190,0.020618556701030927,1.0,3.4944741804831834,198,8,190,0.04040404040404041,1.0,1.670205
gaussian,gaussian,250,200,0.5,20,200,197,8,189,186,1,185,0.04060913705583756,0.9947368421052631,0.005376344086021506,0.9736842105263158,206,17,189,190,3,187,0.0825242718446602,0.9947368421052631,0.015789473684210527,0.9842105263157894,3.600639217592353,198,9,189,0.045454545454545456,0.9947368421052631,3.413096273838849,207,17,190,0.0821256038647343,1.0,3.60623197647651,197,8,189,0.04060913705583756,0.9947368421052631,3.413096273838849,207,17,190,0.0821256038647343,1.0,1.78509
gaussian,gaussian,250,200,0.5,20,201,182,5,177,146,0,146,0.027472527472527472,0.9315789473684211,0.0,0.7684210526315789,194,15,179,156,1,155,0.07731958762886598,0.9421052631578948,0.00641025641025641,0.8157894736842105,3.635826023785993,188,5,183,0.026595744680851064,0.9631578947368421,3.427553154389344,197,12,185,0.06091370558375635,0.9736842105263158,3.635826023785993,188,5,183,0.026595744680851064,0.9631578947368421,3.427553154389344,197,12,185,0.06091370558375635,0.9736842105263158,1.696988
gaussian,gaussian,250,200,0.5,20,202,199,14,185,176,0,176,0.07035175879396985,0.9736842105263158,0.0,0.9263157894736842,213,26,187,180,1,179,0.12206572769953052,0.9842105263157894,0.005555555555555556,0.9421052631578948,3.6204276862907347,202,14,188,0.06930693069306931,0.9894736842105263,3.408493427073247,215,26,189,0.12093023255813953,0.9947368421052631,3.6665723070095138,201,13,188,0.06467661691542288,0.9894736842105263,3.429986224431837,214,25,189,0.11682242990654206,0.9947368421052631,1.626841
gaussian,gaussian,250,200,0.5,20,203,193,13,180,162,0,162,0.06735751295336788,0.9473684210526315,0.0,0.8526315789473684,211,27,184,169,1,168,0.12796208530805686,0.968421052631579,0.005917159763313609,0.8842105263157894,3.597573623581295,203,14,189,0.06896551724137931,0.9947368421052631,3.404756075750557,218,28,190,0.12844036697247707,1.0,3.637712590924049,200,12,188,0.06,0.9894736842105263,3.4309521278237893,217,27,190,0.12442396313364056,1.0,1.98998
gaussian,gaussian,250,200,0.5,20,204,162,7,155,135,3,132,0.043209876543209874,0.8157894736842105,0.022222222222222223,0.6947368421052632,187,19,168,143,3,140,0.10160427807486631,0.8842105263157894,0.02097902097902098,0.7368421052631579,3.6345206842628173,179,7,172,0.03910614525139665,0.9052631578947369,3.424827726586434,198,19,179,0.09595959595959595,0.9421052631578948,3.6345206842628173,179,7,172,0.03910614525139665,0.9052631578947369,3.424827726586434,198,19,179,0.09595959595959595,0.9421052631578948,1.590926
gaussian,gaussian,250,200,0.5,20,205,200,13,187,178,1,177,0.065,0.9842105263157894,0.0056179775280898875,0.9315789473684211,212,24,188,181,1,180,0.11320754716981132,0.9894736842105263,0.0055248618784530384,0.9473684210526315,3.6121407844427633,202,13,189,0.06435643564356436,0.9947368421052631,3.404684245997514,215,25,190,0.11627906976744186,1.0,3.6381991912046168,201,12,189,0.05970149253731343,0.9947368421052631,3.404684245997514,215,25,190,0.11627906976744186,1.0,1.716211
gaussian,gaussian,250,200,0.5,20,206,193,13,180,172,2,170,0.06735751295336788,0.9473684210526315,0.011627906976744186,0.8947368421052632,210,26,184,176,4,172,0.12380952380952381,0.968421052631579,0.022727272727272728,0.9052631578947369,3.613575998578895,199,12,187,0.06030150753768844,0.9842105263157894,3.4111469510427095,211,24,187,0.11374407582938388,0.9842105263157894,3.613575998578895,199,12,187,0.06030150753768844,0.9842105263157894,3.4111469510427095,211,24,187,0.11374407582938388,0.9842105263157894,1.82986
gaussian,gaussian,250,200,0.5,20,207,187,8,179,168,4,164,0.0427807486631016,0.9421052631578948,0.023809523809523808,0.8631578947368421,207,22,185,174,4,170,0.10628019323671498,0.9736842105263158,0.022988505747126436,0.8947368421052632,3.6210734938225397,195,8,187,0.041025641025641026,0.9842105263157894,3.4053390044860716,211,23,188,0.10900473933649289,0.9894736842105263,3.6210734938225397,195,8,187,0.041025641025641026,0.9842105263157894,3.420416730263743,208,20,188,0.09615384615384616,0.9894736842105263,1.600501
gaussian,gaussian,250,200,0.5,20,208,199,10,189,178,2,176,0.05025125628140704,0.9947368421052631,0.011235955056179775,0.9263157894736842,209,20,189,186,3,183,0.09569377990430622,0.9947368421052631,0.016129032258064516,0.9631578947368421,3.5993376643507666,201,11,190,0.05472636815920398,1.0,3.4017569400768126,211,21,190,0.0995260663507109,1.0,3.6333669347844313,200,10,190,0.05,1.0,3.4617304109183547,209,19,190,0.09090909090909091,1.0,1.667466
gaussian,gaussian,250,200,0.5,20,209,195,8,187,183,1,182,0.041025641025641026,0.9842105263157894,0.00546448087431694,0.9578947368421052,209,22,187,186,1,185,0.10526315789473684,0.9842105263157894,0.005376344086021506,0.9736842105263158,3.6239234726655623,196,8,188,0.04081632653061224,0.9894736842105263,3.4172201853046418,211,22,189,0.10426540284360189,0.9947368421052631,3.65889433873883,194,7,187,0.03608247422680412,0.9842105263157894,3.4745419505687667,208,19,189,0.09134615384615384,0.9947368421052631,1.832193
gaussian,gaussian,250,200,0.5,20,210,199,14,185,177,0,177,0.07035175879396985,0.9736842105263158,0.0,0.9315789473684211,214,27,187,182,2,180,0.1261682242990654,0.9842105263157894,0.01098901098901099,0.9473684210526315,3.5974793391756585,205,17,188,0.08292682926829269,0.9894736842105263,3.390837450133996,217,29,188,0.1336405529953917,0.9894736842105263,3.617245591906351,202,14,188,0.06930693069306931,0.9894736842105263,3.4074846192670223,216,28,188,0.12962962962962962,0.9894736842105263,1.752343
gaussian,gaussian,250,200,0.5,20,211,205,16,189,184,0,184,0.07804878048780488,0.9947368421052631,0.0,0.968421052631579,217,27,190,192,5,187,0.12442396313364056,1.0,0.026041666666666668,0.9842105263157894,3.594199455260326,208,18,190,0.08653846153846154,1.0,3.4381101729432424,217,27,190,0.12442396313364056,1.0,3.623886881482627,206,16,190,0.07766990291262135,1.0,3.4381101729432424,217,27,190,0.12442396313364056,1.0,1.651044
gaussian,gaussian,250,200,0.5,20,212,199,9,190,180,0,180,0.04522613065326633,1.0,0.0,0.9473684210526315,208,18,190,186,0,186,0.08653846153846154,1.0,0.0,0.9789473684210527,3.6257900052593808,200,10,190,0.05,1.0,3.423815993046554,207,17,190,0.0821256038647343,1.0,3.6257900052593808,200,10,190,0.05,1.0,3.423815993046554,207,17,190,0.0821256038647343,1.0,1.766939
gaussian,gaussian,250,200,0.5,20,213,194,13,181,157,2,155,0.06701030927835051,0.9526315789473684,0.012738853503184714,0.8157894736842105,205,22,183,163,2,161,0.1073170731707317,0.9631578947368421,0.012269938650306749,0.8473684210526315,3.666109610372294,196,13,183,0.0663265306122449,0.9631578947368421,3.402455311537005,210,27,183,0.12857142857142856,0.9631578947368421,3.666109610372294,196,13,183,0.0663265306122449,0.9631578947368421,3.4101188547074615,208,25,183,0.1201923076923077,0.9631578947368421,1.6554
gaussian,gaussian,250,200,0.5,20,214,202,13,189,188,1,187,0.06435643564356436,0.9947368421052631,0.005319148936170213,0.9842105263157894,213,24,189,190,3,187,0.11267605633802817,0.9947368421052631,0.015789473684210527,0.9842105263157894,3.611002214011339,203,14,189,0.06896551724137931,0.9947368421052631,3.413773914153035,214,25,189,0.11682242990654206,0.9947368421052631,3.6421558101663996,201,12,189,0.05970149253731343,0.9947368421052631,3.486797431129185,213,24,189,0.11267605633802817,0.9947368421052631,1.688542
gaussian,gaussian,250,200,0.5,20,215,196,8,188,180,3,177,0.04081632653061224,0.9894736842105263,0.016666666666666666,0.9315789473684211,208,19,189,184,3,181,0.09134615384615384,0.9947368421052631,0.016304347826086956,0.9526315789473684,3.6127911623205615,198,8,190,0.04040404040404041,1.0,3.402134589342519,210,20,190,0.09523809523809523,1.0,3.6689169229803036,197,7,190,0.03553299492385787,1.0,3.4233098537645152,207,17,190,0.0821256038647343,1.0,1.921864
gaussian,gaussian,250,200,0.5,20,216,175,12,163,134,1,133,0.06857142857142857,0.8578947368421053,0.007462686567164179,0.7,191,20,171,143,3,140,0.10471204188481675,0.9,0.02097902097902098,0.7368421052631579,3.669663789473567,187,12,175,0.06417112299465241,0.9210526315789473,3.4108894478467113,203,22,181,0.10837438423645321,0.9526315789473684,3.669663789473567,187,12,175,0.06417112299465241,0.9210526315789473,3.449255036920077,199,20,179,0.10050251256281408,0.9421052631578948,1.76993
gaussian,gaussian,250,200,0.5,20,217,192,6,186,173,0,173,0.03125,0.9789473684210527,0.0,0.9105263157894737,210,23,187,178,0,178,0.10952380952380952,0.9842105263157894,0.0,0.9368421052631579,3.639029167843962,194,5,189,0.02577319587628866,0.9947368421052631,3.3989420763054303,212,23,189,0.10849056603773585,0.9947368421052631,3.639029167843962,194,5,189,0.02577319587628866,0.9947368421052631,3.405534979929356,211,22,189,0.10426540284360189,0.9947368421052631,1.686094
gaussian,gaussian,250,200,0.5,20,218,189,7,182,166,1,165,0.037037037037037035,0.9578947368421052,0.006024096385542169,0.868421052631579,212,25,187,175,3,172,0.1179245283018868,0.9842105263157894,0.017142857142857144,0.9052631578947369,3.6112645566147084,196,8,188,0.04081632653061224,0.9894736842105263,3.3978788016437402,213,24,189,0.11267605633802817,0.9947368421052631,3.6308387471254497,195,7,188,0.035897435897435895,0.9894736842105263,3.4208373925719875,209,21,188,0.10047846889952153,0.9894736842105263,1.644468
gaussian,gaussian,250,200,0.5,20,219,192,9,183,164,0,164,0.046875,0.9631578947368421,0.0,0.8631578947368421,209,23,186,177,3,174,0.11004784688995216,0.9789473684210527,0.01694915254237288,0.9157894736842105,3.661222178262415,198,9,189,0.045454545454545456,0.9947368421052631,3.406854333046511,210,21,189,0.1,0.9947368421052631,3.661222178262415,198,9,189,0.045454545454545456,0.9947368421052631,3.455413271554893,207,18,189,0.08695652173913043,0.9947368421052631,1.74087
gaussian,gaussian,250,200,0.5,20,220,198,9,189,175,0,175,0.045454545454545456,0.9947368421052631,0.0,0.9210526315789473,218,28,190,179,1,178,0.12844036697247707,1.0,0.00558659217877095,0.9368421052631579,3.606912660817108,200,10,190,0.05,1.0,3.391942230402701,219,29,190,0.1324200913242009,1.0,3.6262532766116164,198,8,190,0.04040404040404041,1.0,3.4023995006487744,218,28,190,0.12844036697247707,1.0,1.687398
gaussian,gaussian,250,200,0.5,20,221,184,4,180,148,0,148,0.021739130434782608,0.9473684210526315,0.0,0.7789473684210526,193,10,183,156,1,155,0.05181347150259067,0.9631578947368421,0.00641025641025641,0.8157894736842105,3.6144247336526902,191,6,185,0.031413612565445025,0.9736842105263158,3.456346176244934,197,10,187,0.050761421319796954,0.9842105263157894,3.6913827156365677,188,4,184,0.02127659574468085,0.968421052631579,3.456346176244934,197,10,187,0.050761421319796954,0.9842105263157894,1.878098
gaussian,gaussian,250,200,0.5,20,222,199,15,184,160,0,160,0.07537688442211055,0.968421052631579,0.0,0.8421052631578947,210,22,188,171,1,170,0.10476190476190476,0.9894736842105263,0.005847953216374269,0.8947368421052632,3.5886661818171044,207,17,190,0.0821256038647343,1.0,3.4174688534081556,212,22,190,0.10377358490566038,1.0,3.6167543597046095,205,15,190,0.07317073170731707,1.0,3.442481960159282,211,21,190,0.0995260663507109,1.0,1.765281
gaussian,gaussian,250,200,0.5,20,223,203,15,188,183,0,183,0.07389162561576355,0.9894736842105263,0.0,0.9631578947368421,219,29,190,186,2,184,0.1324200913242009,1.0,0.010752688172043012,0.968421052631579,3.5930199744909843,206,16,190,0.07766990291262135,1.0,3.401554013161327,218,28,190,0.12844036697247707,1.0,3.6228662705539207,203,13,190,0.06403940886699508,1.0,3.42758297012004,217,27,190,0.12442396313364056,1.0,1.568825
gaussian,gaussian,250,200,0.5,20,224,172,9,163,111,1,110,0.05232558139534884,0.8578947368421053,0.009009009009009009,0.5789473684210527,203,24,179,127,1,126,0.11822660098522167,0.9421052631578948,0.007874015748031496,0.6631578947368421,3.616587235797554,192,11,181,0.057291666666666664,0.9526315789473684,3.4106097568151013,211,27,184,0.12796208530805686,0.968421052631579,3.6804747980522863,189,8,181,0.042328042328042326,0.9526315789473684,3.45611126842921,208,24,184,0.11538461538461539,0.968421052631579,1.693727
gaussian,gaussian,250,200,0.5,20,225,195,7,188,176,1,175,0.035897435897435895,0.9894736842105263,0.005681818181818182,0.9210526315789473,205,17,188,181,2,179,0.08292682926829269,0.9894736842105263,0.011049723756906077,0.9421052631578948,3.64976924643024,195,7,188,0.035897435897435895,0.9894736842105263,3.4126950327784398,206,18,188,0.08737864077669903,0.9894736842105263,3.64976924643024,195,7,188,0.035897435897435895,0.9894736842105263,3.4325392537843715,203,15,188,0.07389162561576355,0.9894736842105263,1.721186
gaussian,gaussian,250,200,0.5,20,226,190,5,185,177,0,177,0.02631578947368421,0.9736842105263158,0.0,0.9315789473684211,213,24,189,182,2,180,0.11267605633802817,0.9947368421052631,0.01098901098901099,0.9473684210526315,3.60826077633359,193,4,189,0.02072538860103627,0.9947368421052631,3.410433126393466,212,22,190,0.10377358490566038,1.0,3.6580761720503534,192,3,189,0.015625,0.9947368421052631,3.410433126393466,212,22,190,0.10377358490566038,1.0,1.822531
gaussian,gaussian,250,200,0.5,20,227,195,8,187,172,1,171,0.041025641025641026,0.9842105263157894,0.005813953488372093,0.9,208,19,189,178,1,177,0.09134615384615384,0.9947368421052631,0.0056179775280898875,0.9315789473684211,3.607196066522219,198,8,190,0.04040404040404041,1.0,3.411022034097726,209,19,190,0.09090909090909091,1.0,3.654536333751208,197,7,190,0.03553299492385787,1.0,3.433804693107192,208,18,190,0.08653846153846154,1.0,1.869888
gaussian,gaussian,250,200,0.5,20,228,197,13,184,172,2,170,0.06598984771573604,0.968421052631579,0.011627906976744186,0.8947368421052632,215,27,188,178,2,176,0.12558139534883722,0.9894736842105263,0.011235955056179775,0.9263157894736842,3.598669232008378,205,15,190,0.07317073170731707,1.0,3.421159433253687,216,26,190,0.12037037037037036,1.0,3.6171237745770908,203,13,190,0.06403940886699508,1.0,3.421159433253687,216,26,190,0.12037037037037036,1.0,1.606363
gaussian,gaussian,250,200,0.5,20,229,199,13,186,177,0,177,0.06532663316582915,0.9789473684210527,0.0,0.9315789473684211,212,25,187,179,1,178,0.1179245283018868,0.9842105263157894,0.00558659217877095,0.9368421052631579,3.6395053126095203,201,13,188,0.06467661691542288,0.9894736842105263,3.4180635757937328,214,25,189,0.11682242990654206,0.9947368421052631,3.6515344760242927,200,12,188,0.06,0.9894736842105263,3.4334321301262567,213,24,189,0.11267605633802817,0.9947368421052631,1.77215
gaussian,gaussian,250,200,0.5,20,230,194,9,185,178,1,177,0.04639175257731959,0.9736842105263158,0.0056179775280898875,0.9315789473684211,208,20,188,180,2,178,0.09615384615384616,0.9894736842105263,0.011111111111111112,0.9368421052631579,3.6170967007716044,199,9,190,0.04522613065326633,1.0,3.402910851715171,210,20,190,0.09523809523809523,1.0,3.7218459663669834,196,6,190,0.030612244897959183,1.0,3.433147290356431,206,16,190,0.07766990291262135,1.0,1.677613
gaussian,gaussian,250,200,0.5,20,231,198,13,185,181,3,178,0.06565656565656566,0.9736842105263158,0.016574585635359115,0.9368421052631579,208,21,187,183,3,180,0.10096153846153846,0.9842105263157894,0.01639344262295082,0.9473684210526315,3.6058108045385855,202,13,189,0.06435643564356436,0.9947368421052631,3.397139112949193,212,23,189,0.10849056603773585,0.9947368421052631,3.6058108045385855,202,13,189,0.06435643564356436,0.9947368421052631,3.4599217674110148,210,21,189,0.1,0.9947368421052631,1.705133
gaussian,gaussian,250,200,0.5,20,232,195,11,184,169,1,168,0.05641025641025641,0.968421052631579,0.005917159763313609,0.8842105263157894,208,22,186,174,1,173,0.10576923076923077,0.9789473684210527,0.005747126436781609,0.9105263157894737,3.6270784395637965,199,11,188,0.05527638190954774,0.9894736842105263,3.397174512728646,213,23,190,0.107981220657277,1.0,3.6270784395637965,199,11,188,0.05527638190954774,0.9894736842105263,3.4133437650929555,212,22,190,0.10377358490566038,1.0,1.667856
gaussian,gaussian,250,200,0.5,20,233,196,8,188,176,1,175,0.04081632653061224,0.9894736842105263,0.005681818181818182,0.9210526315789473,208,18,190,182,1,181,0.08653846153846154,1.0,0.005494505494505495,0.9526315789473684,3.5988239266071256,200,10,190,0.05,1.0,3.3997187246639475,210,20,190,0.09523809523809523,1.0,3.617500566426563,199,9,190,0.04522613065326633,1.0,3.4197509093414693,209,19,190,0.09090909090909091,1.0,1.871636
gaussian,gaussian,250,200,0.5,20,234,192,3,189,177,0,177,0.015625,0.9947368421052631,0.0,0.9315789473684211,207,17,190,180,0,180,0.0821256038647343,1.0,0.0,0.9473684210526315,3.7438359368794245,193,3,190,0.015544041450777202,1.0,3.4284492799946737,208,18,190,0.08653846153846154,1.0,3.7438359368794245,193,3,190,0.015544041450777202,1.0,3.4852371208066293,204,14,190,0.06862745098039216,1.0,1.601935
gaussian,gaussian,250,200,0.5,20,235,204,14,190,189,3,186,0.06862745098039216,1.0,0.015873015873015872,0.9789473684210527,211,21,190,191,4,187,0.0995260663507109,1.0,0.020942408376963352,0.9842105263157894,3.600017268520631,204,14,190,0.06862745098039216,1.0,3.414272018447907,208,18,190,0.08653846153846154,1.0,3.6055583704967664,203,13,190,0.06403940886699508,1.0,3.474876907607909,207,17,190,0.0821256038647343,1.0,1.765669
gaussian,gaussian,250,200,0.5,20,236,175,9,166,133,1,132,0.05142857142857143,0.8736842105263158,0.007518796992481203,0.6947368421052632,200,22,178,144,3,141,0.11,0.9368421052631579,0.020833333333333332,0.7421052631578947,3.614744194885237,192,10,182,0.052083333333333336,0.9578947368421052,3.4034930654303728,211,25,186,0.11848341232227488,0.9789473684210527,3.6648681816867623,191,9,182,0.04712041884816754,0.9578947368421052,3.4243862563240035,207,22,185,0.10628019323671498,0.9736842105263158,1.696365
gaussian,gaussian,250,200,0.5,20,237,199,9,190,186,0,186,0.04522613065326633,1.0,0.0,0.9789473684210527,209,19,190,191,2,189,0.09090909090909091,1.0,0.010471204188481676,0.9947368421052631,3.6126104663224,199,9,190,0.04522613065326633,1.0,3.3997561845523983,210,20,190,0.09523809523809523,1.0,3.6126104663224,199,9,190,0.04522613065326633,1.0,3.4491580605317913,209,19,190,0.09090909090909091,1.0,1.599119
gaussian,gaussian,250,200,0.5,20,238,182,8,174,158,1,157,0.04395604395604396,0.9157894736842105,0.006329113924050633,0.8263157894736842,200,22,178,164,2,162,0.11,0.9368421052631579,0.012195121951219513,0.8526315789473684,3.616700153821985,193,8,185,0.04145077720207254,0.9736842105263158,3.4532540921126325,208,22,186,0.10576923076923077,0.9789473684210527,3.6827553652130316,190,8,182,0.042105263157894736,0.9578947368421052,3.4532540921126325,208,22,186,0.10576923076923077,0.9789473684210527,1.664364
gaussian,gaussian,250,200,0.5,20,239,198,11,187,178,1,177,0.05555555555555555,0.9842105263157894,0.0056179775280898875,0.9315789473684211,210,20,190,181,1,180,0.09523809523809523,1.0,0.0055248618784530384,0.9473684210526315,3.621967381593402,201,11,190,0.05472636815920398,1.0,3.400810150755034,212,22,190,0.10377358490566038,1.0,3.621967381593402,201,11,190,0.05472636815920398,1.0,3.421415242432682,210,20,190,0.09523809523809523,1.0,1.794049
gaussian,gaussian,250,200,0.5,20,240,191,8,183,155,0,155,0.041884816753926704,0.9631578947368421,0.0,0.8157894736842105,208,22,186,162,1,161,0.10576923076923077,0.9789473684210527,0.006172839506172839,0.8473684210526315,3.6092977090236,200,12,188,0.06,0.9894736842105263,3.422428696189555,210,22,188,0.10476190476190476,0.9894736842105263,3.6463752749392393,197,10,187,0.050761421319796954,0.9842105263157894,3.422428696189555,210,22,188,0.10476190476190476,0.9894736842105263,1.722222
gaussian,gaussian,250,200,0.5,20,241,182,11,171,143,0,143,0.06043956043956044,0.9,0.0,0.7526315789473684,203,25,178,155,0,155,0.12315270935960591,0.9368421052631579,0.0,0.8157894736842105,3.6201566928587656,191,11,180,0.05759162303664921,0.9473684210526315,3.3984896672712606,212,28,184,0.1320754716981132,0.968421052631579,3.712619792677881,187,7,180,0.0374331550802139,0.9473684210526315,3.4530662074843943,203,20,183,0.09852216748768473,0.9631578947368421,1.599809
gaussian,gaussian,250,200,0.5,20,242,181,3,178,166,0,166,0.016574585635359115,0.9368421052631579,0.0,0.8736842105263158,191,12,179,171,0,171,0.06282722513089005,0.9421052631578948,0.0,0.9,3.642242166199311,188,3,185,0.015957446808510637,0.9736842105263158,3.4119245022627016,201,15,186,0.07462686567164178,0.9789473684210527,3.642242166199311,188,3,185,0.015957446808510637,0.9736842105263158,3.4585423656868217,196,11,185,0.05612244897959184,0.9736842105263158,1.811644
gaussian,gaussian,250,200,0.5,20,243,198,10,188,185,2,183,0.050505050505050504,0.9894736842105263,0.010810810810810811,0.9631578947368421,212,23,189,186,2,184,0.10849056603773585,0.9947368421052631,0.010752688172043012,0.968421052631579,3.621346407736828,199,9,190,0.04522613065326633,1.0,3.413831674992545,211,21,190,0.0995260663507109,1.0,3.621346407736828,199,9,190,0.04522613065326633,1.0,3.413831674992545,211,21,190,0.0995260663507109,1.0,1.611036
gaussian,gaussian,250,200,0.5,20,244,182,7,175,157,0,157,0.038461538461538464,0.9210526315789473,0.0,0.8263157894736842,195,15,180,163,1,162,0.07692307692307693,0.9473684210526315,0.006134969325153374,0.8526315789473684,3.6156512189321317,192,8,184,0.041666666666666664,0.968421052631579,3.42193920867798,202,15,187,0.07425742574257425,0.9842105263157894,3.6472018262381436,190,7,183,0.03684210526315789,0.9631578947368421,3.443344764503514,201,14,187,0.06965174129353234,0.9842105263157894,1.666014
gaussian,gaussian,250,200,0.5,20,245,197,10,187,180,3,177,0.050761421319796954,0.9842105263157894,0.016666666666666666,0.9315789473684211,211,22,189,183,4,179,0.10426540284360189,0.9947368421052631,0.02185792349726776,0.9421052631578948,3.662334078642101,200,10,190,0.05,1.0,3.402141396764436,213,23,190,0.107981220657277,1.0,3.662334078642101,200,10,190,0.05,1.0,3.4568448526712894,209,19,190,0.09090909090909091,1.0,1.957675
gaussian,gaussian,250,200,0.5,20,246,200,14,186,174,1,173,0.07,0.9789473684210527,0.005747126436781609,0.9105263157894737,219,30,189,181,2,179,0.136986301369863,0.9947368421052631,0.011049723756906077,0.9421052631578948,3.611443400596584,203,13,190,0.06403940886699508,1.0,3.39752631747956,220,30,190,0.13636363636363635,1.0,3.643820440544472,201,11,190,0.05472636815920398,1.0,3.4284651879917596,219,29,190,0.1324200913242009,1.0,1.609278
gaussian,gaussian,250,200,0.5,20,247,194,12,182,167,1,166,0.061855670103092786,0.9578947368421052,0.005988023952095809,0.8736842105263158,212,28,184,170,1,169,0.1320754716981132,0.968421052631579,0.0058823529411764705,0.8894736842105263,3.608593985312428,198,12,186,0.06060606060606061,0.9789473684210527,3.411745599088565,214,27,187,0.1261682242990654,0.9842105263157894,3.645977990023076,197,12,185,0.06091370558375635,0.9736842105263158,3.411745599088565,214,27,187,0.1261682242990654,0.9842105263157894,1.654057
gaussian,gaussian,250,200,0.5,20,248,194,7,187,164,0,164,0.03608247422680412,0.9842105263157894,0.0,0.8631578947368421,201,13,188,177,1,176,0.06467661691542288,0.9894736842105263,0.005649717514124294,0.9263157894736842,3.6245910826649475,196,7,189,0.03571428571428571,0.9947368421052631,3.413711309011648,205,16,189,0.07804878048780488,0.9947368421052631,3.656720031688321,195,6,189,0.03076923076923077,0.9947368421052631,3.435508425445563,202,13,189,0.06435643564356436,0.9947368421052631,1.702431
gaussian,gaussian,250,200,0.5,20,249,193,5,188,176,0,176,0.025906735751295335,0.9894736842105263,0.0,0.9263157894736842,200,12,188,179,0,179,0.06,0.9894736842105263,0.0,0.9421052631578948,3.6059284702425343,195,7,188,0.035897435897435895,0.9894736842105263,3.4234751591577526,201,13,188,0.06467661691542288,0.9894736842105263,3.6475330399682333,193,5,188,0.025906735751295335,0.9894736842105263,3.4643883753320255,198,10,188,0.050505050505050504,0.9894736842105263,1.723664
gaussian,gaussian,250,200,0.5,20,250,192,7,185,182,1,181,0.036458333333333336,0.9736842105263158,0.005494505494505495,0.9526315789473684,200,13,187,187,3,184,0.065,0.9842105263157894,0.016042780748663103,0.968421052631579,3.6228745528788138,196,7,189,0.03571428571428571,0.9947368421052631,3.42408664880721,202,13,189,0.06435643564356436,0.9947368421052631,3.6228745528788138,196,7,189,0.03571428571428571,0.9947368421052631,3.4352796393285474,201,12,189,0.05970149253731343,0.9947368421052631,1.618956
gaussian,gaussian,250,200,0.5,20,251,180,10,170,136,0,136,0.05555555555555555,0.8947368421052632,0.0,0.7157894736842105,198,24,174,149,1,148,0.12121212121212122,0.9157894736842105,0.006711409395973154,0.7789473684210526,3.6198992052537675,192,11,181,0.057291666666666664,0.9526315789473684,3.4208823407691917,211,26,185,0.12322274881516587,0.9736842105263158,3.642400518039057,190,9,181,0.04736842105263158,0.9526315789473684,3.451125050626881,207,24,183,0.11594202898550725,0.9631578947368421,1.905594
gaussian,gaussian,250,200,0.5,20,252,196,7,189,181,1,180,0.03571428571428571,0.9947368421052631,0.0055248618784530384,0.9473684210526315,206,17,189,185,2,183,0.0825242718446602,0.9947368421052631,0.010810810810810811,0.9631578947368421,3.6370290715611993,197,7,190,0.03553299492385787,1.0,3.4127341455589963,207,17,190,0.0821256038647343,1.0,3.6370290715611993,197,7,190,0.03553299492385787,1.0,3.4483202929100285,204,14,190,0.06862745098039216,1.0,1.723924
gaussian,gaussian,250,200,0.5,20,253,192,8,184,169,0,169,0.041666666666666664,0.968421052631579,0.0,0.8894736842105263,213,26,187,176,0,176,0.12206572769953052,0.9842105263157894,0.0,0.9263157894736842,3.6001666039271627,199,10,189,0.05025125628140704,0.9947368421052631,3.3915238111830863,219,29,190,0.1324200913242009,1.0,3.6390614747602648,197,8,189,0.04060913705583756,0.9947368421052631,3.4041328365399552,217,27,190,0.12442396313364056,1.0,1.571397
gaussian,gaussian,250,200,0.5,20,254,200,10,190,187,2,185,0.05,1.0,0.0106951871657754,0.9736842105263158,209,19,190,189,3,186,0.09090909090909091,1.0,0.015873015873015872,0.9789473684210527,3.6683468795961125,200,10,190,0.05,1.0,3.4189759859801176,209,19,190,0.09090909090909091,1.0,3.6683468795961125,200,10,190,0.05,1.0,3.4189759859801176,209,19,190,0.09090909090909091,1.0,1.695972
gaussian,gaussian,250,200,0.5,20,255,189,12,177,149,0,149,0.06349206349206349,0.9315789473684211,0.0,0.7842105263157895,205,24,181,161,3,158,0.11707317073170732,0.9526315789473684,0.018633540372670808,0.8315789473684211,3.599751310604702,199,12,187,0.06030150753768844,0.9842105263157894,3.4025918405513407,213,25,188,0.11737089201877934,0.9894736842105263,3.631761167793147,198,12,186,0.06060606060606061,0.9789473684210527,3.4133883868246775,212,24,188,0.11320754716981132,0.9894736842105263,1.760915
gaussian,gaussian,250,200,0.5,20,256,196,11,185,175,1,174,0.05612244897959184,0.9736842105263158,0.005714285714285714,0.9157894736842105,209,21,188,179,2,177,0.10047846889952153,0.9894736842105263,0.0111731843575419,0.9315789473684211,3.620305570995205,199,11,188,0.05527638190954774,0.9894736842105263,3.411889998658021,213,23,190,0.107981220657277,1.0,3.7311132576260726,196,8,188,0.04081632653061224,0.9894736842105263,3.4369164310468294,211,21,190,0.0995260663507109,1.0,1.649778
gaussian,gaussian,250,200,0.5,20,257,181,7,174,162,0,162,0.03867403314917127,0.9157894736842105,0.0,0.8526315789473684,195,14,181,164,1,163,0.07179487179487179,0.9526315789473684,0.006097560975609756,0.8578947368421053,3.61295380476944,192,8,184,0.041666666666666664,0.968421052631579,3.417076943548627,203,16,187,0.07881773399014778,0.9842105263157894,3.6572485791006493,191,7,184,0.03664921465968586,0.968421052631579,3.434463742885583,202,15,187,0.07425742574257425,0.9842105263157894,1.795662
gaussian,gaussian,250,200,0.5,20,258,184,6,178,154,0,154,0.03260869565217391,0.9368421052631579,0.0,0.8105263157894737,198,16,182,157,0,157,0.08080808080808081,0.9578947368421052,0.0,0.8263157894736842,3.6436650636210177,188,6,182,0.031914893617021274,0.9578947368421052,3.4322584193165535,203,16,187,0.07881773399014778,0.9842105263157894,3.6436650636210177,188,6,182,0.031914893617021274,0.9578947368421052,3.4322584193165535,203,16,187,0.07881773399014778,0.9842105263157894,1.79682
gaussian,gaussian,250,200,0.5,20,259,192,8,184,179,2,177,0.041666666666666664,0.968421052631579,0.0111731843575419,0.9315789473684211,201,14,187,184,5,179,0.06965174129353234,0.9842105263157894,0.02717391304347826,0.9421052631578948,3.6548334397314064,195,8,187,0.041025641025641026,0.9842105263157894,3.4141236957951357,203,14,189,0.06896551724137931,0.9947368421052631,3.6548334397314064,195,8,187,0.041025641025641026,0.9842105263157894,3.4528409569873935,201,12,189,0.05970149253731343,0.9947368421052631,1.568602
gaussian,gaussian,250,200,0.5,20,260,181,7,174,141,1,140,0.03867403314917127,0.9157894736842105,0.0070921985815602835,0.7368421052631579,186,11,175,159,1,158,0.05913978494623656,0.9210526315789473,0.006289308176100629,0.8315789473684211,3.648536707532762,189,8,181,0.042328042328042326,0.9526315789473684,3.4145781307307956,202,15,187,0.07425742574257425,0.9842105263157894,3.648536707532762,189,8,181,0.042328042328042326,0.9526315789473684,3.438135342194356,199,12,187,0.06030150753768844,0.9842105263157894,1.796868
gaussian,gaussian,250,200,0.5,20,261,197,9,188,185,1,184,0.04568527918781726,0.9894736842105263,0.005405405405405406,0.968421052631579,215,26,189,188,1,187,0.12093023255813953,0.9947368421052631,0.005319148936170213,0.9842105263157894,3.611961154095873,199,9,190,0.04522613065326633,1.0,3.395827068843475,215,25,190,0.11627906976744186,1.0,3.611961154095873,199,9,190,0.04522613065326633,1.0,3.403225904137519,213,23,190,0.107981220657277,1.0,1.880447
gaussian,gaussian,250,200,0.5,20,262,197,12,185,156,0,156,0.06091370558375635,0.9736842105263158,0.0,0.8210526315789474,211,26,185,167,2,165,0.12322274881516587,0.9736842105263158,0.011976047904191617,0.868421052631579,3.6310607608748713,199,12,187,0.06030150753768844,0.9842105263157894,3.408842976805165,217,27,190,0.12442396313364056,1.0,3.6310607608748713,199,12,187,0.06030150753768844,0.9842105263157894,3.439720485637769,213,24,189,0.11267605633802817,0.9947368421052631,1.57017
gaussian,gaussian,250,200,0.5,20,263,190,7,183,169,1,168,0.03684210526315789,0.9631578947368421,0.005917159763313609,0.8842105263157894,203,17,186,174,2,172,0.08374384236453201,0.9789473684210527,0.011494252873563218,0.9052631578947369,3.6585734233469163,194,7,187,0.03608247422680412,0.9842105263157894,3.4132097284605054,203,16,187,0.07881773399014778,0.9842105263157894,3.6585734233469163,194,7,187,0.03608247422680412,0.9842105263157894,3.4132097284605054,203,16,187,0.07881773399014778,0.9842105263157894,1.842331
gaussian,gaussian,250,200,0.5,20,264,197,8,189,183,0,183,0.04060913705583756,0.9947368421052631,0.0,0.9631578947368421,209,19,190,188,1,187,0.09090909090909091,1.0,0.005319148936170213,0.9842105263157894,3.599759031607935,199,9,190,0.04522613065326633,1.0,3.4093759481309003,210,20,190,0.09523809523809523,1.0,3.615523628401307,198,8,190,0.04040404040404041,1.0,3.4493334126439943,209,19,190,0.09090909090909091,1.0,1.656128
gaussian,gaussian,250,200,0.5,20,265,193,5,188,184,0,184,0.025906735751295335,0.9894736842105263,0.0,0.968421052631579,200,11,189,187,1,186,0.055,0.9947368421052631,0.0053475935828877,0.9789473684210527,3.608939955744309,195,5,190,0.02564102564102564,1.0,3.4112016311075233,202,12,190,0.0594059405940594,1.0,3.6719793474124676,194,4,190,0.020618556701030927,1.0,3.5021666338559263,200,10,190,0.05,1.0,1.773963
gaussian,gaussian,250,200,0.5,20,266,194,8,186,184,1,183,0.041237113402061855,0.9789473684210527,0.005434782608695652,0.9631578947368421,198,12,186,184,1,183,0.06060606060606061,0.9789473684210527,0.005434782608695652,0.9631578947368421,3.6042368484605185,197,9,188,0.04568527918781726,0.9894736842105263,3.411665827729478,203,14,189,0.06896551724137931,0.9947368421052631,3.6402725322159624,196,8,188,0.04081632653061224,0.9894736842105263,3.4584116071768793,201,12,189,0.05970149253731343,0.9947368421052631,1.676544
gaussian,gaussian,250,200,0.5,20,267,194,8,186,169,0,169,0.041237113402061855,0.9789473684210527,0.0,0.8894736842105263,207,19,188,176,0,176,0.09178743961352658,0.9894736842105263,0.0,0.9263157894736842,3.6046250187212148,196,8,188,0.04081632653061224,0.9894736842105263,3.4165517721508967,208,18,190,0.08653846153846154,1.0,3.7991420879767577,194,6,188,0.030927835051546393,0.9894736842105263,3.4165517721508967,208,18,190,0.08653846153846154,1.0,1.698165
gaussian,gaussian,250,200,0.5,20,268,194,9,185,182,0,182,0.04639175257731959,0.9736842105263158,0.0,0.9578947368421052,206,18,188,186,1,185,0.08737864077669903,0.9894736842105263,0.005376344086021506,0.9736842105263158,3.638189172815995,198,9,189,0.045454545454545456,0.9947368421052631,3.415953862686012,208,18,190,0.08653846153846154,1.0,3.5953484343190283,199,10,189,0.05025125628140704,0.9947368421052631,3.415953862686012,208,18,190,0.08653846153846154,1.0,1.728736
gaussian,gaussian,250,200,0.5,20,269,181,7,174,152,2,150,0.03867403314917127,0.9157894736842105,0.013157894736842105,0.7894736842105263,194,15,179,159,2,157,0.07731958762886598,0.9421052631578948,0.012578616352201259,0.8263157894736842,3.6211267992997924,188,7,181,0.03723404255319149,0.9526315789473684,3.4417861131818914,199,15,184,0.07537688442211055,0.968421052631579,3.6211267992997924,188,7,181,0.03723404255319149,0.9526315789473684,3.4417861131818914,199,15,184,0.07537688442211055,0.968421052631579,1.812531
gaussian,gaussian,250,200,0.5,20,270,190,8,182,147,0,147,0.042105263157894736,0.9578947368421052,0.0,0.7736842105263158,208,23,185,159,0,159,0.11057692307692307,0.9736842105263158,0.0,0.8368421052631579,3.6332222181806677,196,8,188,0.04081632653061224,0.9894736842105263,3.414370375060881,212,24,188,0.11320754716981132,0.9894736842105263,3.6504296475267166,195,7,188,0.035897435897435895,0.9894736842105263,3.4403786851973033,210,22,188,0.10476190476190476,0.9894736842105263,1.75199
gaussian,gaussian,250,200,0.5,20,271,195,11,184,170,0,170,0.05641025641025641,0.968421052631579,0.0,0.8947368421052632,206,20,186,178,1,177,0.0970873786407767,0.9789473684210527,0.0056179775280898875,0.9315789473684211,3.6121217003752046,197,11,186,0.05583756345177665,0.9789473684210527,3.4219454438679087,207,19,188,0.09178743961352658,0.9894736842105263,3.6121217003752046,197,11,186,0.05583756345177665,0.9789473684210527,3.4219454438679087,207,19,188,0.09178743961352658,0.9894736842105263,1.722229
gaussian,gaussian,250,200,0.5,20,272,195,9,186,174,0,174,0.046153846153846156,0.9789473684210527,0.0,0.9157894736842105,205,18,187,180,1,179,0.08780487804878048,0.9842105263157894,0.005555555555555556,0.9421052631578948,3.6405804962576376,197,9,188,0.04568527918781726,0.9894736842105263,3.403510140061098,208,19,189,0.09134615384615384,0.9947368421052631,3.6405804962576376,197,9,188,0.04568527918781726,0.9894736842105263,3.42669890680221,206,18,188,0.08737864077669903,0.9894736842105263,1.783071
gaussian,gaussian,250,200,0.5,20,273,193,9,184,167,2,165,0.046632124352331605,0.968421052631579,0.011976047904191617,0.868421052631579,207,18,189,173,2,171,0.08695652173913043,0.9947368421052631,0.011560693641618497,0.9,3.6295978459328238,197,7,190,0.03553299492385787,1.0,3.4124170414386237,208,18,190,0.08653846153846154,1.0,3.6295978459328238,197,7,190,0.03553299492385787,1.0,3.4124170414386237,208,18,190,0.08653846153846154,1.0,1.661166
gaussian,gaussian,250,200,0.5,20,274,192,5,187,167,1,166,0.026041666666666668,0.9842105263157894,0.005988023952095809,0.8736842105263158,209,20,189,173,1,172,0.09569377990430622,0.9947368421052631,0.005780346820809248,0.9052631578947369,3.6241307759897725,195,6,189,0.03076923076923077,0.9947368421052631,3.4024451820922765,210,21,189,0.1,0.9947368421052631,3.667885053271295,194,5,189,0.02577319587628866,0.9947368421052631,3.457869390591852,207,18,189,0.08695652173913043,0.9947368421052631,1.751445
gaussian,gaussian,250,200,0.5,20,275,196,8,188,177,1,176,0.04081632653061224,0.9894736842105263,0.005649717514124294,0.9263157894736842,205,16,189,184,2,182,0.07804878048780488,0.9947368421052631,0.010869565217391304,0.9578947368421052,3.604189692685332,197,8,189,0.04060913705583756,0.9947368421052631,3.4177681804560605,206,16,190,0.07766990291262135,1.0,3.604189692685332,197,8,189,0.04060913705583756,0.9947368421052631,3.4177681804560605,206,16,190,0.07766990291262135,1.0,2.040796
gaussian,gaussian,250,200,0.5,20,276,196,7,189,174,0,174,0.03571428571428571,0.9947368421052631,0.0,0.9157894736842105,209,20,189,179,1,178,0.09569377990430622,0.9947368421052631,0.00558659217877095,0.9368421052631579,3.6675088968979837,197,7,190,0.03553299492385787,1.0,3.421690095340737,210,20,190,0.09523809523809523,1.0,3.6675088968979837,197,7,190,0.03553299492385787,1.0,3.421690095340737,210,20,190,0.09523809523809523,1.0,1.623968
gaussian,gaussian,250,200,0.5,20,277,186,14,172,155,0,155,0.07526881720430108,0.9052631578947369,0.0,0.8157894736842105,197,20,177,160,3,157,0.10152284263959391,0.9315789473684211,0.01875,0.8263157894736842,3.6206289524479014,197,14,183,0.07106598984771574,0.9631578947368421,3.4104003350793897,205,22,183,0.1073170731707317,0.9631578947368421,3.6429002223622367,195,13,182,0.06666666666666667,0.9578947368421052,3.4422142607632127,203,20,183,0.09852216748768473,0.9631578947368421,1.76334
gaussian,gaussian,250,200,0.5,20,278,206,17,189,166,1,165,0.0825242718446602,0.9947368421052631,0.006024096385542169,0.868421052631579,220,31,189,176,1,175,0.1409090909090909,0.9947368421052631,0.005681818181818182,0.9210526315789473,3.5885577040762997,207,18,189,0.08695652173913043,0.9947368421052631,3.3884932656946245,223,34,189,0.15246636771300448,0.9947368421052631,3.661530422259674,203,14,189,0.06896551724137931,0.9947368421052631,3.4348967714551333,219,30,189,0.136986301369863,0.9947368421052631,1.662409
gaussian,gaussian,250,200,0.5,20,279,198,10,188,183,1,182,0.050505050505050504,0.9894736842105263,0.00546448087431694,0.9578947368421052,213,23,190,187,3,184,0.107981220657277,1.0,0.016042780748663103,0.968421052631579,3.61963480948441,200,10,190,0.05,1.0,3.398025445894275,213,23,190,0.107981220657277,1.0,3.706263282203829,199,9,190,0.04522613065326633,1.0,3.423041059748118,211,21,190,0.0995260663507109,1.0,1.650542
gaussian,gaussian,250,200,0.5,20,280,197,9,188,176,1,175,0.04568527918781726,0.9894736842105263,0.005681818181818182,0.9210526315789473,207,18,189,178,1,177,0.08695652173913043,0.9947368421052631,0.0056179775280898875,0.9315789473684211,3.6147281399033524,200,10,190,0.05,1.0,3.403603302826861,210,20,190,0.09523809523809523,1.0,3.629768537689047,199,9,190,0.04522613065326633,1.0,3.447541817474596,207,17,190,0.0821256038647343,1.0,1.620677
gaussian,gaussian,250,200,0.5,20,281,192,5,187,179,0,179,0.026041666666666668,0.9842105263157894,0.0,0.9421052631578948,201,13,188,180,0,180,0.06467661691542288,0.9894736842105263,0.0,0.9473684210526315,3.619626570582473,192,4,188,0.020833333333333332,0.9894736842105263,3.420666835874471,203,14,189,0.06896551724137931,0.9947368421052631,3.6723264897974226,191,3,188,0.015706806282722512,0.9894736842105263,3.4370082276675724,200,11,189,0.055,0.9947368421052631,2.054636
gaussian,gaussian,250,200,0.5,20,282,191,14,177,156,3,153,0.07329842931937172,0.9315789473684211,0.019230769230769232,0.8052631578947368,207,25,182,164,4,160,0.12077294685990338,0.9578947368421052,0.024390243902439025,0.8421052631578947,3.610688386147794,197,12,185,0.06091370558375635,0.9736842105263158,3.3949500349556976,214,26,188,0.12149532710280374,0.9894736842105263,3.5999661831648546,198,13,185,0.06565656565656566,0.9736842105263158,3.3949500349556976,214,26,188,0.12149532710280374,0.9894736842105263,1.622378
gaussian,gaussian,250,200,0.5,20,283,194,8,186,178,1,177,0.041237113402061855,0.9789473684210527,0.0056179775280898875,0.9315789473684211,208,20,188,182,2,180,0.09615384615384616,0.9894736842105263,0.01098901098901099,0.9473684210526315,3.602734910835169,198,8,190,0.04040404040404041,1.0,3.4154977560849247,210,20,190,0.09523809523809523,1.0,3.626335664328839,197,8,189,0.04060913705583756,0.9947368421052631,3.4154977560849247,210,20,190,0.09523809523809523,1.0,1.791325
gaussian,gaussian,250,200,0.5,20,284,187,5,182,169,0,169,0.026737967914438502,0.9578947368421052,0.0,0.8894736842105263,202,18,184,175,0,175,0.0891089108910891,0.968421052631579,0.0,0.9210526315789473,3.635963946358716,189,5,184,0.026455026455026454,0.968421052631579,3.4204261716935305,203,18,185,0.08866995073891626,0.9736842105263158,3.696374043388091,188,4,184,0.02127659574468085,0.968421052631579,3.4478018433345063,200,15,185,0.075,0.9736842105263158,1.804691
gaussian,gaussian,250,200,0.5,20,285,193,6,187,178,1,177,0.031088082901554404,0.9842105263157894,0.0056179775280898875,0.9315789473684211,207,19,188,180,1,179,0.09178743961352658,0.9894736842105263,0.005555555555555556,0.9421052631578948,3.6377615395195813,193,4,189,0.02072538860103627,0.9947368421052631,3.4051630709375673,209,19,190,0.09090909090909091,1.0,3.6377615395195813,193,4,189,0.02072538860103627,0.9947368421052631,3.4209194163172976,208,18,190,0.08653846153846154,1.0,1.651653
gaussian,gaussian,250,200,0.5,20,286,200,11,189,183,2,181,0.055,0.9947368421052631,0.01092896174863388,0.9526315789473684,221,31,190,188,3,185,0.14027149321266968,1.0,0.015957446808510637,0.9736842105263158,3.613999248790021,201,11,190,0.05472636815920398,1.0,3.383418307597028,223,33,190,0.14798206278026907,1.0,3.650732181805631,199,9,190,0.04522613065326633,1.0,3.422986635215747,219,29,190,0.1324200913242009,1.0,1.70816
gaussian,gaussian,250,200,0.5,20,287,196,8,188,180,0,180,0.04081632653061224,0.9894736842105263,0.0,0.9473684210526315,211,23,188,183,0,183,0.10900473933649289,0.9894736842105263,0.0,0.9631578947368421,3.6286177749426276,197,8,189,0.04060913705583756,0.9947368421052631,3.39703309929039,215,26,189,0.12093023255813953,0.9947368421052631,3.6286177749426276,197,8,189,0.04060913705583756,0.9947368421052631,3.426553925088815,212,23,189,0.10849056603773585,0.9947368421052631,1.91274
gaussian,gaussian,250,200,0.5,20,288,196,9,187,177,0,177,0.04591836734693878,0.9842105263157894,0.0,0.9315789473684211,211,22,189,183,1,182,0.10426540284360189,0.9947368421052631,0.00546448087431694,0.9578947368421052,3.645385549074055,198,9,189,0.045454545454545456,0.9947368421052631,3.410945848010168,211,22,189,0.10426540284360189,0.9947368421052631,3.645385549074055,198,9,189,0.045454545454545456,0.9947368421052631,3.4321940785660416,210,21,189,0.1,0.9947368421052631,1.669485
gaussian,gaussian,250,200,0.5,20,289,199,15,184,167,2,165,0.07537688442211055,0.968421052631579,0.011976047904191617,0.868421052631579,219,31,188,174,3,171,0.1415525114155251,0.9894736842105263,0.017241379310344827,0.9,3.6175736664314733,204,15,189,0.07352941176470588,0.9947368421052631,3.3870030354390126,221,32,189,0.14479638009049775,0.9947368421052631,3.6175736664314733,204,15,189,0.07352941176470588,0.9947368421052631,3.4276265447535335,219,30,189,0.136986301369863,0.9947368421052631,1.94025
gaussian,gaussian,250,200,0.5,20,290,198,9,189,186,1,185,0.045454545454545456,0.9947368421052631,0.005376344086021506,0.9736842105263158,203,14,189,190,4,186,0.06896551724137931,0.9947368421052631,0.021052631578947368,0.9789473684210527,3.636037052632669,199,9,190,0.04522613065326633,1.0,3.442748282345907,204,14,190,0.06862745098039216,1.0,3.636037052632669,199,9,190,0.04522613065326633,1.0,3.442748282345907,204,14,190,0.06862745098039216,1.0,1.923679
gaussian,gaussian,250,200,0.5,20,291,191,8,183,164,0,164,0.041884816753926704,0.9631578947368421,0.0,0.8631578947368421,201,17,184,170,0,170,0.0845771144278607,0.968421052631579,0.0,0.8947368421052632,3.613570782337995,196,8,188,0.04081632653061224,0.9894736842105263,3.411251950239714,206,17,189,0.0825242718446602,0.9947368421052631,3.613570782337995,196,8,188,0.04081632653061224,0.9894736842105263,3.429544820012941,205,16,189,0.07804878048780488,0.9947368421052631,1.794361
gaussian,gaussian,250,200,0.5,20,292,184,5,179,164,0,164,0.02717391304347826,0.9421052631578948,0.0,0.8631578947368421,200,18,182,171,0,171,0.09,0.9578947368421052,0.0,0.9,3.6193038681844194,191,5,186,0.02617801047120419,0.9789473684210527,3.4130271647296535,209,20,189,0.09569377990430622,0.9947368421052631,3.6193038681844194,191,5,186,0.02617801047120419,0.9789473684210527,3.4309248809287998,206,17,189,0.0825242718446602,0.9947368421052631,1.81071
gaussian,gaussian,250,200,0.5,20,293,192,10,182,170,0,170,0.052083333333333336,0.9578947368421052,0.0,0.8947368421052632,205,21,184,174,1,173,0.1024390243902439,0.968421052631579,0.005747126436781609,0.9105263157894737,3.625656325743682,196,10,186,0.05102040816326531,0.9789473684210527,3.4061203106646523,209,22,187,0.10526315789473684,0.9842105263157894,3.6797359072780575,195,9,186,0.046153846153846156,0.9789473684210527,3.443249055667076,208,21,187,0.10096153846153846,0.9842105263157894,1.829814
gaussian,gaussian,250,200,0.5,20,294,195,5,190,185,0,185,0.02564102564102564,1.0,0.0,0.9736842105263158,205,15,190,186,0,186,0.07317073170731707,1.0,0.0,0.9789473684210527,3.606585249995143,196,6,190,0.030612244897959183,1.0,3.409361587685671,208,18,190,0.08653846153846154,1.0,3.70437328725742,195,5,190,0.02564102564102564,1.0,3.456994654165339,204,14,190,0.06862745098039216,1.0,1.633112
gaussian,gaussian,250,200,0.5,20,295,197,9,188,179,0,179,0.04568527918781726,0.9894736842105263,0.0,0.9421052631578948,220,30,190,182,0,182,0.13636363636363635,1.0,0.0,0.9578947368421052,3.6033951096754055,200,10,190,0.05,1.0,3.3932995303543225,220,30,190,0.13636363636363635,1.0,3.6033951096754055,200,10,190,0.05,1.0,3.3932995303543225,220,30,190,0.13636363636363635,1.0,1.708778
gaussian,gaussian,250,200,0.5,20,296,195,6,189,189,1,188,0.03076923076923077,0.9947368421052631,0.005291005291005291,0.9894736842105263,206,16,190,189,1,188,0.07766990291262135,1.0,0.005291005291005291,0.9894736842105263,3.6313211265137464,196,6,190,0.030612244897959183,1.0,3.4198925478531814,205,15,190,0.07317073170731707,1.0,3.6313211265137464,196,6,190,0.030612244897959183,1.0,3.4198925478531814,205,15,190,0.07317073170731707,1.0,1.71819
gaussian,gaussian,250,200,0.5,20,297,205,15,190,188,0,188,0.07317073170731707,1.0,0.0,0.9894736842105263,220,30,190,191,1,190,0.13636363636363635,1.0,0.005235602094240838,1.0,3.5990277638042727,205,15,190,0.07317073170731707,1.0,3.387342304729479,221,31,190,0.14027149321266968,1.0,3.6496880124972217,203,13,190,0.06403940886699508,1.0,3.4336718430966,217,27,190,0.12442396313364056,1.0,1.607314
gaussian,gaussian,250,200,0.5,20,298,190,12,178,151,1,150,0.06315789473684211,0.9368421052631579,0.006622516556291391,0.7894736842105263,209,24,185,165,4,161,0.11483253588516747,0.9736842105263158,0.024242424242424242,0.8473684210526315,3.597597778942463,200,13,187,0.065,0.9842105263157894,3.40560554869368,214,25,189,0.11682242990654206,0.9947368421052631,3.6436976307612854,198,12,186,0.06060606060606061,0.9789473684210527,3.448498139733853,212,23,189,0.10849056603773585,0.9947368421052631,1.76463
gaussian,gaussian,250,200,0.5,20,299,172,9,163,122,3,119,0.05232558139534884,0.8578947368421053,0.02459016393442623,0.6263157894736842,190,22,168,139,3,136,0.11578947368421053,0.8842105263157894,0.02158273381294964,0.7157894736842105,3.6389182048525974,184,9,175,0.04891304347826087,0.9210526315789473,3.41257097516437,203,24,179,0.11822660098522167,0.9421052631578948,3.6834122340315485,183,8,175,0.04371584699453552,0.9210526315789473,3.461722003143198,197,20,177,0.10152284263959391,0.9315789473684211,1.733717
