model,x_model,p,n,rho,block,seed,R_bh_0.05,V_bh_0.05,S_bh_0.05,R_by_0.05,V_by_0.05,S_by_0.05,fdr_bh_0.05,power_bh_0.05,fdr_by_0.05,power_by_0.05,R_bh_0.1,V_bh_0.1,S_bh_0.1,R_by_0.1,V_by_0.1,S_by_0.1,fdr_bh_0.1,power_bh_0.1,fdr_by_0.1,power_by_0.1,t_lct_0.05,R_lct_0.05,V_lct_0.05,S_lct_0.05,fdr_lct_0.05,power_lct_0.05,t_lct_0.1,R_lct_0.1,V_lct_0.1,S_lct_0.1,fdr_lct_0.1,power_lct_0.1,t_lctb_0.05_B100,R_lctb_0.05_B100,V_lctb_0.05_B100,S_lctb_0.05_B100,fdr_lctb_0.05_B100,power_lctb_0.05_B100,t_lctb_0.1_B100,R_lctb_0.1_B100,V_lctb_0.1_B100,S_lctb_0.1_B100,fdr_lctb_0.1_B100,power_lctb_0.1_B100,wall_time_s
nmix,nmix,250,80,0.8,20,0,745,557,188,270,86,184,0.7476510067114094,0.9894736842105263,0.31851851851851853,0.968421052631579,1339,1149,190,300,115,185,0.8581030619865572,1.0,0.38333333333333336,0.9736842105263158,3.599400589719086,211,23,188,0.10900473933649289,0.9894736842105263,3.3818887196451546,227,39,188,0.17180616740088106,0.9894736842105263,4.14431626767038,194,7,187,0.03608247422680412,0.9842105263157894,3.6649699761953873,208,20,188,0.09615384615384616,0.9894736842105263,1.183559
nmix,nmix,250,80,0.8,20,1,548,358,190,243,58,185,0.6532846715328468,1.0,0.23868312757201646,0.9736842105263158,967,777,190,281,93,188,0.8035160289555325,1.0,0.3309608540925267,0.9894736842105263,3.602366010101719,205,15,190,0.07317073170731707,1.0,3.379621623136739,226,36,190,0.1592920353982301,1.0,4.38917510980974,195,5,190,0.02564102564102564,1.0,3.7627083363593634,202,12,190,0.0594059405940594,1.0,1.204018
nmix,nmix,250,80,0.8,20,2,614,424,190,252,67,185,0.6905537459283387,1.0,0.26587301587301587,0.9736842105263158,1126,936,190,284,98,186,0.8312611012433393,1.0,0.34507042253521125,0.9789473684210527,3.5903368967081315,211,21,190,0.0995260663507109,1.0,3.3839612668752,230,40,190,0.17391304347826086,1.0,4.0802630836452,197,7,190,0.03553299492385787,1.0,3.612208793693738,208,18,190,0.08653846153846154,1.0,1.283264
nmix,nmix,250,80,0.8,20,3,601,411,190,257,67,190,0.6838602329450915,1.0,0.2607003891050584,1.0,1052,862,190,308,118,190,0.8193916349809885,1.0,0.38311688311688313,1.0,3.6302426329299435,218,28,190,0.12844036697247707,1.0,3.3901691388267374,230,40,190,0.17391304347826086,1.0,3.9589412867902203,201,11,190,0.05472636815920398,1.0,3.6302426329299435,218,28,190,0.12844036697247707,1.0,1.100834
nmix,nmix,250,80,0.8,20,4,728,543,185,232,65,167,0.7458791208791209,0.9736842105263158,0.2801724137931034,0.8789473684210526,1258,1068,190,286,114,172,0.848966613672496,1.0,0.3986013986013986,0.9052631578947369,3.608629432883524,196,14,182,0.07142857142857142,0.9578947368421052,3.4306924644858223,210,27,183,0.12857142857142856,0.9631578947368421,4.1726943185254575,179,4,175,0.0223463687150838,0.9210526315789473,3.7012364154679642,193,13,180,0.06735751295336788,0.9473684210526315,1.39021
nmix,nmix,250,80,0.8,20,5,614,427,187,235,51,184,0.6954397394136808,0.9842105263157894,0.2170212765957447,0.968421052631579,1128,938,190,266,81,185,0.8315602836879432,1.0,0.30451127819548873,0.9736842105263158,3.596685914701283,211,22,189,0.10426540284360189,0.9947368421052631,3.432397460318322,218,29,189,0.13302752293577982,0.9947368421052631,4.179428144564901,192,5,187,0.026041666666666668,0.9842105263157894,3.7000108648558334,206,19,187,0.09223300970873786,0.9842105263157894,1.119284
nmix,nmix,250,80,0.8,20,6,888,698,190,299,115,184,0.786036036036036,1.0,0.38461538461538464,0.968421052631579,1515,1325,190,358,173,185,0.8745874587458746,1.0,0.48324022346368717,0.9736842105263158,3.6015870660940763,213,23,190,0.107981220657277,1.0,3.3795243556122374,234,44,190,0.18803418803418803,1.0,4.306307480785899,196,11,185,0.05612244897959184,0.9736842105263158,3.7710539259689635,207,19,188,0.09178743961352658,0.9894736842105263,1.209572
nmix,nmix,250,80,0.8,20,7,632,442,190,259,70,189,0.6993670886075949,1.0,0.2702702702702703,0.9947368421052631,1077,887,190,297,108,189,0.8235840297121634,1.0,0.36363636363636365,0.9947368421052631,3.581462581191048,215,25,190,0.11627906976744186,1.0,3.38917539575347,226,36,190,0.1592920353982301,1.0,4.455620648907774,197,7,190,0.03553299492385787,1.0,3.750144605860159,211,21,190,0.0995260663507109,1.0,1.196718
nmix,nmix,250,80,0.8,20,8,550,361,189,221,42,179,0.6563636363636364,0.9947368421052631,0.19004524886877827,0.9421052631578948,1032,842,190,241,61,180,0.8158914728682171,1.0,0.25311203319502074,0.9473684210526315,3.5955005479431605,204,14,190,0.06862745098039216,1.0,3.423163970729265,216,26,190,0.12037037037037036,1.0,4.226085531332628,192,4,188,0.020833333333333332,0.9894736842105263,3.698213647819495,201,12,189,0.05970149253731343,0.9947368421052631,1.094784
nmix,nmix,250,80,0.8,20,9,611,422,189,234,53,181,0.690671031096563,0.9947368421052631,0.2264957264957265,0.9526315789473684,1096,907,189,281,95,186,0.8275547445255474,0.9947368421052631,0.33807829181494664,0.9789473684210527,3.591830278513453,207,18,189,0.08695652173913043,0.9947368421052631,3.3918706313585814,219,30,189,0.136986301369863,0.9947368421052631,4.176323778441738,193,6,187,0.031088082901554404,0.9842105263157894,3.680948977580205,203,15,188,0.07389162561576355,0.9894736842105263,1.277593
nmix,nmix,250,80,0.8,20,10,794,607,187,267,87,180,0.7644836272040302,0.9842105263157894,0.3258426966292135,0.9473684210526315,1443,1253,190,323,141,182,0.8683298683298684,1.0,0.43653250773993807,0.9578947368421052,3.5982146999084015,204,18,186,0.08823529411764706,0.9789473684210527,3.3895967264234215,220,33,187,0.15,0.9842105263157894,4.3080637021382,187,4,183,0.0213903743315508,0.9631578947368421,3.6708598507160817,201,15,186,0.07462686567164178,0.9789473684210527,1.131406
nmix,nmix,250,80,0.8,20,11,1050,860,190,317,127,190,0.819047619047619,1.0,0.40063091482649843,1.0,1805,1615,190,381,191,190,0.8947368421052632,1.0,0.5013123359580053,1.0,3.574238403335809,227,37,190,0.16299559471365638,1.0,3.3609982236677007,244,54,190,0.22131147540983606,1.0,4.417453635065186,202,12,190,0.0594059405940594,1.0,3.857701900516619,214,24,190,0.11214953271028037,1.0,1.225818
nmix,nmix,250,80,0.8,20,12,665,476,189,256,70,186,0.7157894736842105,0.9947368421052631,0.2734375,0.9789473684210527,1238,1048,190,306,118,188,0.8465266558966075,1.0,0.38562091503267976,0.9894736842105263,3.634001005829071,203,14,189,0.06896551724137931,0.9947368421052631,3.3995942084665582,217,27,190,0.12442396313364056,1.0,4.325827410823322,192,3,189,0.015625,0.9947368421052631,3.727880590270959,201,12,189,0.05970149253731343,0.9947368421052631,1.163236
nmix,nmix,250,80,0.8,20,13,448,261,187,218,38,180,0.5825892857142857,0.9842105263157894,0.1743119266055046,0.9473684210526315,811,622,189,242,59,183,0.7669543773119606,0.9947368421052631,0.24380165289256198,0.9631578947368421,3.608471268637036,208,20,188,0.09615384615384616,0.9894736842105263,3.4207402404070617,221,32,189,0.14479638009049775,0.9947368421052631,4.107688466933114,191,5,186,0.02617801047120419,0.9789473684210527,3.671489924937498,203,16,187,0.07881773399014778,0.9842105263157894,1.358247
nmix,nmix,250,80,0.8,20,14,1063,874,189,329,142,187,0.8222013170272813,0.9947368421052631,0.4316109422492401,0.9842105263157894,1858,1669,189,418,230,188,0.8982777179763186,0.9947368421052631,0.5502392344497608,0.9894736842105263,3.6250917733253503,214,25,189,0.11682242990654206,0.9947368421052631,3.3750340610412786,231,42,189,0.18181818181818182,0.9947368421052631,4.4532071319981545,194,8,186,0.041237113402061855,0.9789473684210527,3.8053598349723563,204,15,189,0.07352941176470588,0.9947368421052631,1.225222
nmix,nmix,250,80,0.8,20,15,832,644,188,272,90,182,0.7740384615384616,0.9894736842105263,0.33088235294117646,0.9578947368421052,1514,1325,189,336,150,186,0.8751651254953765,0.9947368421052631,0.44642857142857145,0.9789473684210527,3.5773354154408974,219,31,188,0.1415525114155251,0.9894736842105263,3.373830138233826,237,49,188,0.20675105485232068,0.9894736842105263,4.349310156412487,194,10,184,0.05154639175257732,0.968421052631579,3.766640053762208,217,29,188,0.1336405529953917,0.9894736842105263,1.120007
nmix,nmix,250,80,0.8,20,16,809,619,190,268,80,188,0.765142150803461,1.0,0.29850746268656714,0.9894736842105263,1448,1258,190,326,138,188,0.8687845303867403,1.0,0.4233128834355828,0.9894736842105263,3.5919138685630103,207,17,190,0.0821256038647343,1.0,3.3945216749016853,220,30,190,0.13636363636363635,1.0,4.503381449749198,192,2,190,0.010416666666666666,1.0,3.779149629119035,200,10,190,0.05,1.0,1.242967
nmix,nmix,250,80,0.8,20,17,601,411,190,252,65,187,0.6838602329450915,1.0,0.25793650793650796,0.9842105263157894,1112,922,190,305,117,188,0.829136690647482,1.0,0.3836065573770492,0.9894736842105263,3.606687627505817,205,15,190,0.07317073170731707,1.0,3.4155878846135397,217,27,190,0.12442396313364056,1.0,4.6147636831973635,193,4,189,0.02072538860103627,0.9947368421052631,3.6799443384234425,204,14,190,0.06862745098039216,1.0,1.193962
nmix,nmix,250,80,0.8,20,18,738,554,184,260,88,172,0.7506775067750677,0.968421052631579,0.3384615384615385,0.9052631578947369,1276,1087,189,315,138,177,0.8518808777429467,0.9947368421052631,0.4380952380952381,0.9315789473684211,3.6180895999994362,196,12,184,0.061224489795918366,0.968421052631579,3.3865824511606855,224,38,186,0.16964285714285715,0.9789473684210527,4.109232529488516,185,5,180,0.02702702702702703,0.9473684210526315,3.6702693019271213,194,11,183,0.05670103092783505,0.9631578947368421,1.14546
nmix,nmix,250,80,0.8,20,19,680,490,190,250,60,190,0.7205882352941176,1.0,0.24,1.0,1237,1047,190,293,103,190,0.8464025869037995,1.0,0.3515358361774744,1.0,3.5930230201511955,205,15,190,0.07317073170731707,1.0,3.460660549802802,208,18,190,0.08653846153846154,1.0,4.562660926120277,194,4,190,0.020618556701030927,1.0,3.903325887021017,197,7,190,0.03553299492385787,1.0,1.16909
nmix,nmix,250,80,0.8,20,20,623,433,190,275,86,189,0.695024077046549,1.0,0.31272727272727274,0.9947368421052631,1112,922,190,312,122,190,0.829136690647482,1.0,0.391025641025641,1.0,3.5995020508626325,211,21,190,0.0995260663507109,1.0,3.388284128689867,228,38,190,0.16666666666666666,1.0,4.017072940227788,201,11,190,0.05472636815920398,1.0,3.628684326713615,209,19,190,0.09090909090909091,1.0,1.105626
nmix,nmix,250,80,0.8,20,21,555,366,189,254,68,186,0.6594594594594595,0.9947368421052631,0.2677165354330709,0.9789473684210527,1067,877,190,286,99,187,0.8219306466729147,1.0,0.34615384615384615,0.9842105263157894,3.6611620177776394,206,17,189,0.0825242718446602,0.9947368421052631,3.3835510358087366,227,37,190,0.16299559471365638,1.0,4.370332346899547,195,6,189,0.03076923076923077,0.9947368421052631,3.6611620177776394,206,17,189,0.0825242718446602,0.9947368421052631,1.45744
nmix,nmix,250,80,0.8,20,22,482,293,189,231,50,181,0.6078838174273858,0.9947368421052631,0.21645021645021645,0.9526315789473684,830,640,190,270,84,186,0.7710843373493976,1.0,0.3111111111111111,0.9789473684210527,3.614093653804588,214,24,190,0.11214953271028037,1.0,3.3937424111571355,226,36,190,0.1592920353982301,1.0,4.131187349905167,200,12,188,0.06,0.9894736842105263,3.6374913482129028,213,23,190,0.107981220657277,1.0,1.101372
nmix,nmix,250,80,0.8,20,23,554,364,190,231,48,183,0.6570397111913358,1.0,0.2077922077922078,0.9631578947368421,987,797,190,263,76,187,0.8074974670719351,1.0,0.2889733840304182,0.9842105263157894,3.6150509294206814,208,18,190,0.08653846153846154,1.0,3.385026319040568,223,33,190,0.14798206278026907,1.0,4.164730525416846,195,6,189,0.03076923076923077,0.9947368421052631,3.6807058381809297,205,15,190,0.07317073170731707,1.0,1.14723
nmix,nmix,250,80,0.8,20,24,604,415,189,235,52,183,0.6870860927152318,0.9947368421052631,0.22127659574468084,0.9631578947368421,1001,811,190,273,87,186,0.8101898101898102,1.0,0.31868131868131866,0.9789473684210527,3.6871226296930413,198,9,189,0.045454545454545456,0.9947368421052631,3.4308308723250476,205,16,189,0.07804878048780488,0.9947368421052631,4.2846570781058855,188,1,187,0.005319148936170213,0.9842105263157894,3.6871226296930413,198,9,189,0.045454545454545456,0.9947368421052631,1.181602
nmix,nmix,250,80,0.8,20,25,834,644,190,267,77,190,0.7721822541966427,1.0,0.2883895131086142,1.0,1532,1342,190,328,138,190,0.8759791122715405,1.0,0.42073170731707316,1.0,3.59687797401191,211,21,190,0.0995260663507109,1.0,3.4182871894197024,222,32,190,0.14414414414414414,1.0,4.855665290162268,194,4,190,0.020618556701030927,1.0,3.9969522549966587,201,11,190,0.05472636815920398,1.0,1.189651
nmix,nmix,250,80,0.8,20,26,655,467,188,268,88,180,0.7129770992366412,0.9894736842105263,0.3283582089552239,0.9473684210526315,1111,923,188,312,128,184,0.8307830783078308,0.9894736842105263,0.41025641025641024,0.968421052631579,3.58725588401339,212,24,188,0.11320754716981132,0.9894736842105263,3.3793407414580683,234,46,188,0.19658119658119658,0.9894736842105263,4.049663307249109,198,11,187,0.05555555555555555,0.9842105263157894,3.6425633387037006,208,20,188,0.09615384615384616,0.9894736842105263,1.280794
nmix,nmix,250,80,0.8,20,27,571,381,190,259,71,188,0.6672504378283712,1.0,0.27413127413127414,0.9894736842105263,988,798,190,290,102,188,0.8076923076923077,1.0,0.35172413793103446,0.9894736842105263,3.5755368618898795,218,28,190,0.12844036697247707,1.0,3.3934316804009628,231,41,190,0.1774891774891775,1.0,4.0993130686754045,200,10,190,0.05,1.0,3.657876979317939,210,20,190,0.09523809523809523,1.0,1.141893
nmix,nmix,250,80,0.8,20,28,626,438,188,241,59,182,0.6996805111821086,0.9894736842105263,0.24481327800829875,0.9578947368421052,1071,881,190,298,114,184,0.8225957049486461,1.0,0.3825503355704698,0.968421052631579,3.6051410260563674,204,16,188,0.0784313725490196,0.9894736842105263,3.387873316113371,223,35,188,0.15695067264573992,0.9894736842105263,4.129224099072948,193,6,187,0.031088082901554404,0.9842105263157894,3.6881295272098984,203,15,188,0.07389162561576355,0.9894736842105263,1.118358
nmix,nmix,250,80,0.8,20,29,526,336,190,237,51,186,0.6387832699619772,1.0,0.21518987341772153,0.9789473684210527,880,690,190,267,79,188,0.7840909090909091,1.0,0.2958801498127341,0.9894736842105263,3.5956542766957904,207,17,190,0.0821256038647343,1.0,3.4132291366446434,223,33,190,0.14798206278026907,1.0,4.1055602616112274,199,9,190,0.04522613065326633,1.0,3.6221289437453152,206,16,190,0.07766990291262135,1.0,1.167651
nmix,nmix,250,80,0.8,20,30,686,496,190,257,68,189,0.7230320699708455,1.0,0.26459143968871596,0.9947368421052631,1149,959,190,307,117,190,0.834638816362054,1.0,0.3811074918566775,1.0,3.5818672541208962,214,24,190,0.11214953271028037,1.0,3.3891074862934385,227,37,190,0.16299559471365638,1.0,4.221711822071992,200,10,190,0.05,1.0,3.751077198612026,206,16,190,0.07766990291262135,1.0,1.40644
nmix,nmix,250,80,0.8,20,31,643,453,190,270,82,188,0.7045101088646968,1.0,0.3037037037037037,0.9894736842105263,1150,960,190,329,141,188,0.8347826086956521,1.0,0.42857142857142855,0.9894736842105263,3.6056919753210157,208,18,190,0.08653846153846154,1.0,3.379485152445885,231,41,190,0.1774891774891775,1.0,4.297164746390897,195,6,189,0.03076923076923077,0.9947368421052631,3.727363593894549,204,14,190,0.06862745098039216,1.0,1.199236
nmix,nmix,250,80,0.8,20,32,1010,820,190,317,127,190,0.8118811881188119,1.0,0.40063091482649843,1.0,1791,1601,190,383,193,190,0.8939140145170296,1.0,0.5039164490861618,1.0,3.6004305728362733,208,18,190,0.08653846153846154,1.0,3.3973071764436606,226,36,190,0.1592920353982301,1.0,4.767088026398365,194,4,190,0.020618556701030927,1.0,3.973928197554545,196,6,190,0.030612244897959183,1.0,1.099122
nmix,nmix,250,80,0.8,20,33,554,364,190,253,63,190,0.6570397111913358,1.0,0.2490118577075099,1.0,946,756,190,287,97,190,0.7991543340380549,1.0,0.33797909407665505,1.0,3.607515953681744,203,13,190,0.06403940886699508,1.0,3.4044211631023207,218,28,190,0.12844036697247707,1.0,4.479924335766715,193,3,190,0.015544041450777202,1.0,3.733141144665742,199,9,190,0.04522613065326633,1.0,1.110437
nmix,nmix,250,80,0.8,20,34,572,382,190,237,47,190,0.6678321678321678,1.0,0.19831223628691982,1.0,981,791,190,279,89,190,0.8063200815494393,1.0,0.31899641577060933,1.0,3.6016378720452145,207,17,190,0.0821256038647343,1.0,3.3964837248612714,218,28,190,0.12844036697247707,1.0,4.130418574054135,196,6,190,0.030612244897959183,1.0,3.673111054416462,204,14,190,0.06862745098039216,1.0,1.201978
nmix,nmix,250,80,0.8,20,35,664,474,190,253,68,185,0.713855421686747,1.0,0.26877470355731226,0.9736842105263158,1183,993,190,307,121,186,0.8393913778529163,1.0,0.3941368078175896,0.9789473684210527,3.6217999546883908,212,22,190,0.10377358490566038,1.0,3.380794549055139,225,35,190,0.15555555555555556,1.0,4.392957860915853,193,6,187,0.031088082901554404,0.9842105263157894,3.8097359648674467,203,13,190,0.06403940886699508,1.0,1.311539
nmix,nmix,250,80,0.8,20,36,561,371,190,258,68,190,0.661319073083779,1.0,0.26356589147286824,1.0,922,732,190,303,113,190,0.7939262472885033,1.0,0.37293729372937295,1.0,3.6618704105556077,204,14,190,0.06862745098039216,1.0,3.3789638119710896,227,37,190,0.16299559471365638,1.0,4.242623188241501,197,7,190,0.03553299492385787,1.0,3.7263077266059934,203,13,190,0.06403940886699508,1.0,1.180885
nmix,nmix,250,80,0.8,20,37,819,629,190,304,117,187,0.7680097680097681,1.0,0.3848684210526316,0.9842105263157894,1412,1222,190,361,173,188,0.8654390934844193,1.0,0.4792243767313019,0.9894736842105263,3.583657276212806,212,22,190,0.10377358490566038,1.0,3.3811082007200484,227,37,190,0.16299559471365638,1.0,4.457609038876608,197,9,188,0.04568527918781726,0.9894736842105263,3.754622729282779,207,18,189,0.08695652173913043,0.9947368421052631,1.165505
nmix,nmix,250,80,0.8,20,38,617,427,190,256,66,190,0.6920583468395461,1.0,0.2578125,1.0,1072,882,190,306,116,190,0.8227611940298507,1.0,0.3790849673202614,1.0,3.606136664009032,210,20,190,0.09523809523809523,1.0,3.3896898376837554,227,37,190,0.16299559471365638,1.0,4.179591207339727,196,6,190,0.030612244897959183,1.0,3.6892329688088883,202,12,190,0.0594059405940594,1.0,1.126322
nmix,nmix,250,80,0.8,20,39,462,274,188,217,37,180,0.5930735930735931,0.9894736842105263,0.17050691244239632,0.9473684210526315,775,585,190,255,70,185,0.7548387096774194,1.0,0.27450980392156865,0.9736842105263158,3.6011276164990362,211,23,188,0.10900473933649289,0.9894736842105263,3.3877470888943892,221,32,189,0.14479638009049775,0.9947368421052631,4.010532049283655,197,9,188,0.04568527918781726,0.9894736842105263,3.622483856788809,210,22,188,0.10476190476190476,0.9894736842105263,1.423185
nmix,nmix,250,80,0.8,20,40,517,327,190,237,48,189,0.632495164410058,1.0,0.20253164556962025,0.9947368421052631,904,714,190,282,93,189,0.7898230088495575,1.0,0.32978723404255317,0.9947368421052631,3.6400750999905322,202,12,190,0.0594059405940594,1.0,3.3891838992488545,219,29,190,0.1324200913242009,1.0,4.097985810556175,196,6,190,0.030612244897959183,1.0,3.7013460231836968,200,10,190,0.05,1.0,1.236486
nmix,nmix,250,80,0.8,20,41,621,440,181,220,61,159,0.7085346215780999,0.9526315789473684,0.2772727272727273,0.8368421052631579,1167,981,186,281,114,167,0.8406169665809768,0.9789473684210527,0.40569395017793597,0.8789473684210526,3.680417994868879,193,12,181,0.06217616580310881,0.9526315789473684,3.399929271125782,213,32,181,0.15023474178403756,0.9526315789473684,4.111954792307591,180,6,174,0.03333333333333333,0.9157894736842105,3.680417994868879,193,12,181,0.06217616580310881,0.9526315789473684,1.162392
nmix,nmix,250,80,0.8,20,42,696,506,190,271,81,190,0.7270114942528736,1.0,0.2988929889298893,1.0,1222,1032,190,298,108,190,0.8445171849427169,1.0,0.3624161073825503,1.0,3.5774645588368847,219,29,190,0.1324200913242009,1.0,3.377410227196026,234,44,190,0.18803418803418803,1.0,4.096964944045702,199,9,190,0.04522613065326633,1.0,3.6658293344176656,210,20,190,0.09523809523809523,1.0,1.106226
nmix,nmix,250,80,0.8,20,43,739,550,189,272,83,189,0.7442489851150202,0.9947368421052631,0.30514705882352944,0.9947368421052631,1391,1201,190,316,127,189,0.8634076204169662,1.0,0.40189873417721517,0.9947368421052631,3.5956315237118317,210,21,189,0.1,0.9947368421052631,3.376901973530396,232,42,190,0.1810344827586207,1.0,4.271078206883518,194,5,189,0.02577319587628866,0.9947368421052631,3.756399191232991,206,17,189,0.0825242718446602,0.9947368421052631,1.141435
nmix,nmix,250,80,0.8,20,44,465,276,189,217,38,179,0.5935483870967742,0.9947368421052631,0.17511520737327188,0.9421052631578948,772,583,189,247,66,181,0.7551813471502591,0.9947368421052631,0.26720647773279355,0.9526315789473684,3.6095095466927236,209,20,189,0.09569377990430622,0.9947368421052631,3.3904680107095184,221,32,189,0.14479638009049775,0.9947368421052631,4.118337895344328,199,12,187,0.06030150753768844,0.9842105263157894,3.7119684330813056,208,19,189,0.09134615384615384,0.9947368421052631,1.320761
nmix,nmix,250,80,0.8,20,45,562,375,187,235,57,178,0.6672597864768683,0.9842105263157894,0.2425531914893617,0.9368421052631579,1027,837,190,285,105,180,0.8149951314508277,1.0,0.3684210526315789,0.9473684210526315,3.60897391292907,205,17,188,0.08292682926829269,0.9894736842105263,3.411552437529127,213,23,190,0.107981220657277,1.0,4.038597326545504,193,7,186,0.03626943005181347,0.9789473684210527,3.6163858478093935,204,16,188,0.0784313725490196,0.9894736842105263,1.386296
nmix,nmix,250,80,0.8,20,46,715,525,190,265,78,187,0.7342657342657343,1.0,0.2943396226415094,0.9842105263157894,1369,1179,190,326,138,188,0.8612125639152666,1.0,0.4233128834355828,0.9894736842105263,3.5917724291804944,205,16,189,0.07804878048780488,0.9947368421052631,3.3958962059314755,221,31,190,0.14027149321266968,1.0,4.217013589515763,193,4,189,0.02072538860103627,0.9947368421052631,3.7087267562915858,203,14,189,0.06896551724137931,0.9947368421052631,1.273871
nmix,nmix,250,80,0.8,20,47,494,304,190,244,56,188,0.6153846153846154,1.0,0.22950819672131148,0.9894736842105263,852,662,190,272,84,188,0.7769953051643192,1.0,0.3088235294117647,0.9894736842105263,3.6000564044465424,211,21,190,0.0995260663507109,1.0,3.3860795004950184,228,38,190,0.16666666666666666,1.0,4.323101463676052,196,7,189,0.03571428571428571,0.9947368421052631,3.7202800632003337,204,14,190,0.06862745098039216,1.0,1.424897
nmix,nmix,250,80,0.8,20,48,685,496,189,260,76,184,0.724087591240876,0.9947368421052631,0.2923076923076923,0.968421052631579,1168,979,189,297,111,186,0.8381849315068494,0.9947368421052631,0.37373737373737376,0.9789473684210527,3.605275004710246,208,20,188,0.09615384615384616,0.9894736842105263,3.3781527677664016,228,40,188,0.17543859649122806,0.9894736842105263,4.611676694129732,192,6,186,0.03125,0.9789473684210527,3.733867250090483,204,16,188,0.0784313725490196,0.9894736842105263,1.212464
nmix,nmix,250,80,0.8,20,49,764,574,190,302,114,188,0.7513089005235603,1.0,0.37748344370860926,0.9894736842105263,1410,1220,190,363,175,188,0.8652482269503546,1.0,0.4820936639118457,0.9894736842105263,3.5721378644370367,222,32,190,0.14414414414414414,1.0,3.3575100898015093,248,58,190,0.23387096774193547,1.0,4.2868314617515315,195,5,190,0.02564102564102564,1.0,3.7630037450840916,210,20,190,0.09523809523809523,1.0,1.206274
nmix,nmix,250,80,0.8,20,50,731,541,190,281,93,188,0.7400820793433652,1.0,0.3309608540925267,0.9894736842105263,1351,1161,190,346,158,188,0.8593634344929681,1.0,0.45664739884393063,0.9894736842105263,3.595377939768256,210,20,190,0.09523809523809523,1.0,3.390138346822352,221,31,190,0.14027149321266968,1.0,4.37866658671503,194,6,188,0.030927835051546393,0.9894736842105263,3.711058959546634,206,16,190,0.07766990291262135,1.0,1.139779
nmix,nmix,250,80,0.8,20,51,562,375,187,220,38,182,0.6672597864768683,0.9842105263157894,0.17272727272727273,0.9578947368421052,994,806,188,256,70,186,0.8108651911468813,0.9894736842105263,0.2734375,0.9789473684210527,3.618162208727994,211,24,187,0.11374407582938388,0.9842105263157894,3.404788352368804,219,32,187,0.1461187214611872,0.9842105263157894,4.2159904816721605,199,12,187,0.06030150753768844,0.9842105263157894,3.685757526796032,207,20,187,0.0966183574879227,0.9842105263157894,1.231214
nmix,nmix,250,80,0.8,20,52,714,524,190,250,62,188,0.7338935574229691,1.0,0.248,0.9894736842105263,1312,1122,190,291,103,188,0.8551829268292683,1.0,0.3539518900343643,0.9894736842105263,3.6201613296762414,210,20,190,0.09523809523809523,1.0,3.3838912849845575,224,34,190,0.15178571428571427,1.0,4.206310290290411,196,6,190,0.030612244897959183,1.0,3.71647825310807,206,16,190,0.07766990291262135,1.0,1.12628
nmix,nmix,250,80,0.8,20,53,603,413,190,251,64,187,0.6849087893864013,1.0,0.2549800796812749,0.9842105263157894,1061,871,190,299,110,189,0.820923656927427,1.0,0.36789297658862874,0.9947368421052631,3.601519648838213,211,21,190,0.0995260663507109,1.0,3.3777021637281526,232,42,190,0.1810344827586207,1.0,4.331067298138745,195,5,190,0.02564102564102564,1.0,3.714854065874624,207,17,190,0.0821256038647343,1.0,1.18668
nmix,nmix,250,80,0.8,20,54,499,313,186,215,38,177,0.627254509018036,0.9789473684210527,0.17674418604651163,0.9315789473684211,877,688,189,247,65,182,0.7844925883694412,0.9947368421052631,0.2631578947368421,0.9578947368421052,3.601177666770061,208,22,186,0.10576923076923077,0.9789473684210527,3.3966479712235564,220,33,187,0.15,0.9842105263157894,3.959640148294723,198,12,186,0.06060606060606061,0.9789473684210527,3.601177666770061,208,22,186,0.10576923076923077,0.9789473684210527,1.160372
nmix,nmix,250,80,0.8,20,55,536,346,190,257,69,188,0.6455223880597015,1.0,0.26848249027237353,0.9894736842105263,926,736,190,285,95,190,0.7948164146868251,1.0,0.3333333333333333,1.0,3.604578974260324,219,29,190,0.1324200913242009,1.0,3.372431279366775,234,44,190,0.18803418803418803,1.0,4.2185541791130206,199,9,190,0.04522613065326633,1.0,3.6880645339893965,213,23,190,0.107981220657277,1.0,1.329652
nmix,nmix,250,80,0.8,20,56,588,399,189,236,49,187,0.6785714285714286,0.9947368421052631,0.2076271186440678,0.9842105263157894,958,769,189,272,85,187,0.802713987473904,0.9947368421052631,0.3125,0.9842105263157894,3.6034081233482587,203,14,189,0.06896551724137931,0.9947368421052631,3.3993251961124153,215,26,189,0.12093023255813953,0.9947368421052631,4.080290027169911,195,6,189,0.03076923076923077,0.9947368421052631,3.625392187051487,202,13,189,0.06435643564356436,0.9947368421052631,1.205555
nmix,nmix,250,80,0.8,20,57,654,464,190,258,68,190,0.709480122324159,1.0,0.26356589147286824,1.0,1143,953,190,308,118,190,0.8337707786526685,1.0,0.38311688311688313,1.0,3.6077483636726595,209,19,190,0.09090909090909091,1.0,3.387003199854573,222,32,190,0.14414414414414414,1.0,4.783829225840137,193,3,190,0.015544041450777202,1.0,4.023563893319544,195,5,190,0.02564102564102564,1.0,1.097879
nmix,nmix,250,80,0.8,20,58,364,175,189,210,27,183,0.4807692307692308,0.9947368421052631,0.12857142857142856,0.9631578947368421,562,372,190,230,44,186,0.6619217081850534,1.0,0.19130434782608696,0.9789473684210527,3.5944764603718498,207,17,190,0.0821256038647343,1.0,3.3961892252767663,218,28,190,0.12844036697247707,1.0,3.9358780422554522,195,5,190,0.02564102564102564,1.0,3.6065277614416136,206,16,190,0.07766990291262135,1.0,1.243708
nmix,nmix,250,80,0.8,20,59,489,305,184,243,62,181,0.623721881390593,0.968421052631579,0.2551440329218107,0.9526315789473684,771,583,188,263,82,181,0.7561608300907912,0.9894736842105263,0.311787072243346,0.9526315789473684,3.5982555169829062,204,20,184,0.09803921568627451,0.968421052631579,3.3948799107814405,223,38,185,0.17040358744394618,0.9736842105263158,4.118831271938501,193,9,184,0.046632124352331605,0.968421052631579,3.659353495170142,202,18,184,0.0891089108910891,0.968421052631579,1.241759
nmix,nmix,250,80,0.8,20,60,462,275,187,225,45,180,0.5952380952380952,0.9842105263157894,0.2,0.9473684210526315,804,615,189,253,71,182,0.7649253731343284,0.9947368421052631,0.28063241106719367,0.9578947368421052,3.615392159758907,201,13,188,0.06467661691542288,0.9894736842105263,3.390721931864682,220,31,189,0.1409090909090909,0.9947368421052631,4.08216039919673,190,4,186,0.021052631578947368,0.9789473684210527,3.672869610861448,198,11,187,0.05555555555555555,0.9842105263157894,1.265186
nmix,nmix,250,80,0.8,20,61,539,349,190,237,48,189,0.647495361781076,1.0,0.20253164556962025,0.9947368421052631,933,743,190,274,84,190,0.7963558413719185,1.0,0.30656934306569344,1.0,3.582754606073486,213,23,190,0.107981220657277,1.0,3.3792216317333383,227,37,190,0.16299559471365638,1.0,4.175868291681083,194,4,190,0.020618556701030927,1.0,3.6584303148976773,209,19,190,0.09090909090909091,1.0,1.189384
nmix,nmix,250,80,0.8,20,62,487,299,188,224,45,179,0.6139630390143738,0.9894736842105263,0.20089285714285715,0.9421052631578948,909,720,189,256,73,183,0.7920792079207921,0.9947368421052631,0.28515625,0.9631578947368421,3.623744604952268,205,17,188,0.08292682926829269,0.9894736842105263,3.392880247839596,219,30,189,0.136986301369863,0.9947368421052631,4.144118392306614,194,7,187,0.03608247422680412,0.9842105263157894,3.659934892369621,204,16,188,0.0784313725490196,0.9894736842105263,1.216701
nmix,nmix,250,80,0.8,20,63,585,395,190,265,76,189,0.6752136752136753,1.0,0.28679245283018867,0.9947368421052631,1013,823,190,297,108,189,0.8124383020730503,1.0,0.36363636363636365,0.9947368421052631,3.587256068559421,212,22,190,0.10377358490566038,1.0,3.383122611867907,227,37,190,0.16299559471365638,1.0,4.394028272854802,198,8,190,0.04040404040404041,1.0,3.7755446783945783,206,16,190,0.07766990291262135,1.0,1.121609
nmix,nmix,250,80,0.8,20,64,504,317,187,227,46,181,0.628968253968254,0.9842105263157894,0.2026431718061674,0.9526315789473684,836,648,188,259,75,184,0.7751196172248804,0.9894736842105263,0.28957528957528955,0.968421052631579,3.5983196156584953,205,17,188,0.08292682926829269,0.9894736842105263,3.388549614884079,224,36,188,0.16071428571428573,0.9894736842105263,4.042093168879131,195,8,187,0.041025641025641026,0.9842105263157894,3.7016793683037394,203,16,187,0.07881773399014778,0.9842105263157894,1.422739
nmix,nmix,250,80,0.8,20,65,467,279,188,230,56,174,0.5974304068522484,0.9894736842105263,0.24347826086956523,0.9157894736842105,803,613,190,252,75,177,0.763387297633873,1.0,0.2976190476190476,0.9315789473684211,3.600322783665297,217,27,190,0.12442396313364056,1.0,3.366293860984986,243,53,190,0.21810699588477367,1.0,3.9877416875777234,198,10,188,0.050505050505050504,0.9894736842105263,3.600322783665297,217,27,190,0.12442396313364056,1.0,1.158487
nmix,nmix,250,80,0.8,20,66,621,432,189,236,60,176,0.6956521739130435,0.9947368421052631,0.2542372881355932,0.9263157894736842,1125,935,190,287,106,181,0.8311111111111111,1.0,0.3693379790940767,0.9526315789473684,3.6178343718643386,216,27,189,0.125,0.9947368421052631,3.3871728706117654,227,38,189,0.16740088105726872,0.9947368421052631,4.07347556723863,198,10,188,0.050505050505050504,0.9894736842105263,3.6178343718643386,216,27,189,0.125,0.9947368421052631,1.169732
nmix,nmix,250,80,0.8,20,67,794,616,178,260,106,154,0.7758186397984886,0.9368421052631579,0.4076923076923077,0.8105263157894737,1419,1236,183,332,170,162,0.8710359408033826,0.9631578947368421,0.5120481927710844,0.8526315789473684,3.611594417926501,201,24,177,0.11940298507462686,0.9315789473684211,3.370500542921716,235,56,179,0.23829787234042554,0.9421052631578948,4.237866822093961,170,9,161,0.052941176470588235,0.8473684210526315,3.71872093317884,191,16,175,0.08376963350785341,0.9210526315789473,1.222293
nmix,nmix,250,80,0.8,20,68,340,150,190,209,20,189,0.4411764705882353,1.0,0.09569377990430622,0.9947368421052631,593,403,190,228,38,190,0.6795952782462057,1.0,0.16666666666666666,1.0,3.6718163890936704,196,6,190,0.030612244897959183,1.0,3.406444553395744,208,18,190,0.08653846153846154,1.0,5.348797769780493,191,1,190,0.005235602094240838,1.0,3.7441455744589387,195,5,190,0.02564102564102564,1.0,1.147836
nmix,nmix,250,80,0.8,20,69,460,270,190,225,37,188,0.5869565217391305,1.0,0.16444444444444445,0.9894736842105263,769,579,190,249,60,189,0.752925877763329,1.0,0.24096385542168675,0.9947368421052631,3.600603701674253,200,10,190,0.05,1.0,3.3987302151130514,219,29,190,0.1324200913242009,1.0,4.127874673540956,190,1,189,0.005263157894736842,0.9947368421052631,3.7013264068435734,198,8,190,0.04040404040404041,1.0,1.208806
nmix,nmix,250,80,0.8,20,70,695,505,190,263,73,190,0.7266187050359713,1.0,0.27756653992395436,1.0,1289,1099,190,300,110,190,0.8525989138867339,1.0,0.36666666666666664,1.0,3.577732503192102,218,28,190,0.12844036697247707,1.0,3.367006203241347,237,47,190,0.19831223628691982,1.0,4.623356736086384,198,8,190,0.04040404040404041,1.0,3.842588762842772,204,14,190,0.06862745098039216,1.0,1.144395
nmix,nmix,250,80,0.8,20,71,577,387,190,248,60,188,0.6707105719237435,1.0,0.24193548387096775,0.9894736842105263,1032,842,190,273,85,188,0.8158914728682171,1.0,0.31135531135531136,0.9894736842105263,3.612324051245511,208,18,190,0.08653846153846154,1.0,3.393160019508255,225,35,190,0.15555555555555556,1.0,4.220964958855129,197,8,189,0.04060913705583756,0.9947368421052631,3.750790814536701,202,12,190,0.0594059405940594,1.0,1.207898
nmix,nmix,250,80,0.8,20,72,613,429,184,226,55,171,0.6998368678629691,0.968421052631579,0.24336283185840707,0.9,1165,980,185,272,95,177,0.8412017167381974,0.9736842105263158,0.3492647058823529,0.9315789473684211,3.600994114766109,203,19,184,0.09359605911330049,0.968421052631579,3.39210496763582,217,33,184,0.15207373271889402,0.968421052631579,4.027511395369797,190,8,182,0.042105263157894736,0.9578947368421052,3.6486788999257755,202,18,184,0.0891089108910891,0.968421052631579,1.34025
nmix,nmix,250,80,0.8,20,73,616,426,190,259,71,188,0.6915584415584416,1.0,0.27413127413127414,0.9894736842105263,1094,904,190,318,129,189,0.8263254113345521,1.0,0.4056603773584906,0.9947368421052631,3.599225875852343,218,28,190,0.12844036697247707,1.0,3.3942831564240894,226,36,190,0.1592920353982301,1.0,4.204046458479249,198,9,189,0.045454545454545456,0.9947368421052631,3.685787110661271,212,22,190,0.10377358490566038,1.0,1.181188
nmix,nmix,250,80,0.8,20,74,595,405,190,244,59,185,0.680672268907563,1.0,0.24180327868852458,0.9736842105263158,1039,849,190,296,109,187,0.8171318575553417,1.0,0.36824324324324326,0.9842105263157894,3.5879439381343916,215,25,190,0.11627906976744186,1.0,3.384182267908379,231,41,190,0.1774891774891775,1.0,4.112218283999788,206,17,189,0.0825242718446602,0.9947368421052631,3.7481602821277558,213,23,190,0.107981220657277,1.0,1.173302
nmix,nmix,250,80,0.8,20,75,772,582,190,284,95,189,0.7538860103626943,1.0,0.3345070422535211,0.9947368421052631,1427,1237,190,347,158,189,0.866853538892782,1.0,0.4553314121037464,0.9947368421052631,3.6401320182113763,204,14,190,0.06862745098039216,1.0,3.402197389426747,212,22,190,0.10377358490566038,1.0,4.579063214665634,192,2,190,0.010416666666666666,1.0,3.8954474900226734,196,6,190,0.030612244897959183,1.0,1.145954
nmix,nmix,250,80,0.8,20,76,712,522,190,251,64,187,0.7331460674157303,1.0,0.2549800796812749,0.9842105263157894,1251,1061,190,314,127,187,0.8481215027977618,1.0,0.40445859872611467,0.9842105263157894,3.619374499275356,216,26,190,0.12037037037037036,1.0,3.4106974867399393,225,35,190,0.15555555555555556,1.0,4.196151077039843,197,8,189,0.04060913705583756,0.9947368421052631,3.7556964055375954,213,23,190,0.107981220657277,1.0,1.292987
nmix,nmix,250,80,0.8,20,77,582,392,190,230,40,190,0.6735395189003437,1.0,0.17391304347826086,1.0,1032,842,190,271,81,190,0.8158914728682171,1.0,0.2988929889298893,1.0,3.616591959057531,205,15,190,0.07317073170731707,1.0,3.4239889214419033,216,26,190,0.12037037037037036,1.0,4.154250118922811,192,2,190,0.010416666666666666,1.0,3.6904009844745773,203,13,190,0.06403940886699508,1.0,1.182262
nmix,nmix,250,80,0.8,20,78,645,455,190,259,72,187,0.7054263565891473,1.0,0.277992277992278,0.9842105263157894,1183,993,190,305,116,189,0.8393913778529163,1.0,0.380327868852459,0.9947368421052631,3.593972415321105,204,14,190,0.06862745098039216,1.0,3.3874355838717416,220,30,190,0.13636363636363635,1.0,4.2831338406725,197,8,189,0.04060913705583756,0.9947368421052631,3.688872216622831,203,13,190,0.06403940886699508,1.0,1.108555
nmix,nmix,250,80,0.8,20,79,400,210,190,215,27,188,0.525,1.0,0.12558139534883722,0.9894736842105263,645,455,190,232,42,190,0.7054263565891473,1.0,0.1810344827586207,1.0,3.6188758192521453,205,15,190,0.07317073170731707,1.0,3.416705656959338,220,30,190,0.13636363636363635,1.0,4.5647591382145745,191,1,190,0.005235602094240838,1.0,3.758300730924632,200,10,190,0.05,1.0,1.165839
nmix,nmix,250,80,0.8,20,80,742,552,190,280,91,189,0.7439353099730458,1.0,0.325,0.9947368421052631,1307,1117,190,321,132,189,0.854628921193573,1.0,0.411214953271028,0.9947368421052631,3.5881169830082498,211,21,190,0.0995260663507109,1.0,3.382372493788072,224,34,190,0.15178571428571427,1.0,4.151614309811319,193,4,189,0.02072538860103627,0.9947368421052631,3.6373269832053934,209,19,190,0.09090909090909091,1.0,1.134391
nmix,nmix,250,80,0.8,20,81,842,652,190,274,85,189,0.7743467933491687,1.0,0.3102189781021898,0.9947368421052631,1532,1342,190,339,149,190,0.8759791122715405,1.0,0.43952802359882004,1.0,3.614454668509827,210,20,190,0.09523809523809523,1.0,3.378572341607971,228,38,190,0.16666666666666666,1.0,4.686276236355259,195,5,190,0.02564102564102564,1.0,3.9112061750733327,201,11,190,0.05472636815920398,1.0,1.500103
nmix,nmix,250,80,0.8,20,82,438,249,189,222,33,189,0.5684931506849316,0.9947368421052631,0.14864864864864866,0.9947368421052631,767,577,190,250,61,189,0.7522816166883963,1.0,0.244,0.9947368421052631,3.6700393885768974,199,9,190,0.04522613065326633,1.0,3.423990737974827,210,20,190,0.09523809523809523,1.0,4.0201616520041,194,5,189,0.02577319587628866,0.9947368421052631,3.6700393885768974,199,9,190,0.04522613065326633,1.0,1.104377
nmix,nmix,250,80,0.8,20,83,731,543,188,258,77,181,0.7428180574555403,0.9894736842105263,0.29844961240310075,0.9526315789473684,1274,1085,189,307,122,185,0.8516483516483516,0.9947368421052631,0.3973941368078176,0.9736842105263158,3.5984355609171894,208,20,188,0.09615384615384616,0.9894736842105263,3.3873276614974497,225,37,188,0.16444444444444445,0.9894736842105263,4.1527747434054065,194,9,185,0.04639175257731959,0.9736842105263158,3.760821062953581,203,15,188,0.07389162561576355,0.9894736842105263,1.100666
nmix,nmix,250,80,0.8,20,84,535,345,190,243,53,190,0.6448598130841121,1.0,0.21810699588477367,1.0,997,807,190,267,77,190,0.8094282848545636,1.0,0.2883895131086142,1.0,3.5889955978110315,214,24,190,0.11214953271028037,1.0,3.3868518955241007,223,33,190,0.14798206278026907,1.0,4.256187350433277,195,5,190,0.02564102564102564,1.0,3.6557477600435084,210,20,190,0.09523809523809523,1.0,1.182204
nmix,nmix,250,80,0.8,20,85,831,641,190,289,100,189,0.7713598074608905,1.0,0.3460207612456747,0.9947368421052631,1462,1272,190,360,170,190,0.8700410396716827,1.0,0.4722222222222222,1.0,3.6329002078037713,211,21,190,0.0995260663507109,1.0,3.3752892012023645,231,41,190,0.1774891774891775,1.0,4.405575350143176,199,9,190,0.04522613065326633,1.0,3.886872677568357,205,15,190,0.07317073170731707,1.0,1.252157
nmix,nmix,250,80,0.8,20,86,632,442,190,251,62,189,0.6993670886075949,1.0,0.24701195219123506,0.9947368421052631,1046,856,190,301,111,190,0.8183556405353728,1.0,0.3687707641196013,1.0,3.679427008347356,200,10,190,0.05,1.0,3.4154262148957883,211,21,190,0.0995260663507109,1.0,4.238903060462981,196,6,190,0.030612244897959183,1.0,3.9785587161889047,198,8,190,0.04040404040404041,1.0,1.242477
nmix,nmix,250,80,0.8,20,87,424,236,188,217,30,187,0.5566037735849056,0.9894736842105263,0.1382488479262673,0.9842105263157894,688,498,190,236,48,188,0.7238372093023255,1.0,0.2033898305084746,0.9894736842105263,3.589112318339936,207,18,189,0.08695652173913043,0.9947368421052631,3.391153447759358,221,31,190,0.14027149321266968,1.0,3.9245500765880004,196,8,188,0.04081632653061224,0.9894736842105263,3.580129980879783,209,20,189,0.09569377990430622,0.9947368421052631,1.125232
nmix,nmix,250,80,0.8,20,88,498,308,190,221,31,190,0.6184738955823293,1.0,0.14027149321266968,1.0,869,679,190,260,70,190,0.7813578826237054,1.0,0.2692307692307692,1.0,3.6076743078267626,204,14,190,0.06862745098039216,1.0,3.4074415754891416,219,29,190,0.1324200913242009,1.0,4.114361621542447,195,5,190,0.02564102564102564,1.0,3.6847429869837245,201,11,190,0.05472636815920398,1.0,1.106293
nmix,nmix,250,80,0.8,20,89,498,308,190,229,40,189,0.6184738955823293,1.0,0.17467248908296942,0.9947368421052631,840,650,190,266,77,189,0.7738095238095238,1.0,0.2894736842105263,0.9947368421052631,3.594725479050385,211,21,190,0.0995260663507109,1.0,3.400455100620429,217,27,190,0.12442396313364056,1.0,4.033252768041427,201,11,190,0.05472636815920398,1.0,3.663358158523744,208,18,190,0.08653846153846154,1.0,1.201507
nmix,nmix,250,80,0.8,20,90,537,348,189,236,52,184,0.6480446927374302,0.9947368421052631,0.22033898305084745,0.968421052631579,894,705,189,271,87,184,0.7885906040268457,0.9947368421052631,0.3210332103321033,0.968421052631579,3.605717236571845,203,15,188,0.07389162561576355,0.9894736842105263,3.3962478018523905,216,27,189,0.125,0.9947368421052631,4.059025871832854,191,5,186,0.02617801047120419,0.9789473684210527,3.6304597416354127,201,13,188,0.06467661691542288,0.9894736842105263,1.480412
nmix,nmix,250,80,0.8,20,91,670,480,190,248,58,190,0.7164179104477612,1.0,0.23387096774193547,1.0,1169,979,190,291,101,190,0.8374679213002566,1.0,0.3470790378006873,1.0,3.6920080570150593,208,18,190,0.08653846153846154,1.0,3.3962260499792483,221,31,190,0.14027149321266968,1.0,4.402714588749338,194,4,190,0.020618556701030927,1.0,3.8377506441781204,202,12,190,0.0594059405940594,1.0,1.165901
nmix,nmix,250,80,0.8,20,92,697,507,190,271,82,189,0.727403156384505,1.0,0.3025830258302583,0.9947368421052631,1242,1052,190,328,138,190,0.8470209339774557,1.0,0.42073170731707316,1.0,3.603093503398975,210,20,190,0.09523809523809523,1.0,3.4049281800868973,229,39,190,0.1703056768558952,1.0,4.128564322498104,201,11,190,0.05472636815920398,1.0,3.6963663535705478,207,17,190,0.0821256038647343,1.0,1.1057
nmix,nmix,250,80,0.8,20,93,453,263,190,219,29,190,0.5805739514348786,1.0,0.1324200913242009,1.0,715,525,190,243,53,190,0.7342657342657343,1.0,0.21810699588477367,1.0,3.628975948381543,207,17,190,0.0821256038647343,1.0,3.3953459800344006,216,26,190,0.12037037037037036,1.0,4.2825797284995755,194,4,190,0.020618556701030927,1.0,3.7118240491448256,202,12,190,0.0594059405940594,1.0,1.110001
nmix,nmix,250,80,0.8,20,94,586,396,190,263,73,190,0.6757679180887372,1.0,0.27756653992395436,1.0,1015,825,190,302,112,190,0.812807881773399,1.0,0.3708609271523179,1.0,3.642966531889853,214,24,190,0.11214953271028037,1.0,3.371271261269171,237,47,190,0.19831223628691982,1.0,4.378734800878653,196,6,190,0.030612244897959183,1.0,3.7563761596249283,205,15,190,0.07317073170731707,1.0,1.403999
nmix,nmix,250,80,0.8,20,95,539,349,190,225,35,190,0.647495361781076,1.0,0.15555555555555556,1.0,890,700,190,254,64,190,0.7865168539325843,1.0,0.25196850393700787,1.0,3.587893836804459,210,20,190,0.09523809523809523,1.0,3.4015771717386145,222,32,190,0.14414414414414414,1.0,4.289675764513939,196,6,190,0.030612244897959183,1.0,3.8250324159458384,205,15,190,0.07317073170731707,1.0,1.157909
nmix,nmix,250,80,0.8,20,96,957,767,190,312,122,190,0.8014629049111808,1.0,0.391025641025641,1.0,1711,1521,190,391,201,190,0.8889538281706605,1.0,0.5140664961636828,1.0,3.5997535170483816,223,33,190,0.14798206278026907,1.0,3.382775906907209,240,50,190,0.20833333333333334,1.0,4.492912953533919,201,11,190,0.05472636815920398,1.0,3.8483716090559525,214,24,190,0.11214953271028037,1.0,1.174472
nmix,nmix,250,80,0.8,20,97,660,473,187,246,71,175,0.7166666666666667,0.9842105263157894,0.2886178861788618,0.9210526315789473,1182,992,190,281,102,179,0.8392554991539763,1.0,0.36298932384341637,0.9421052631578948,3.7566486855237473,199,12,187,0.06030150753768844,0.9842105263157894,3.3917769568646228,220,32,188,0.14545454545454545,0.9894736842105263,4.080038775597176,194,9,185,0.04639175257731959,0.9736842105263158,3.7566486855237473,199,12,187,0.06030150753768844,0.9842105263157894,1.103325
nmix,nmix,250,80,0.8,20,98,810,621,189,298,111,187,0.7666666666666667,0.9947368421052631,0.3724832214765101,0.9842105263157894,1429,1239,190,367,180,187,0.8670398880335899,1.0,0.4904632152588556,0.9842105263157894,3.577683576695779,222,33,189,0.14864864864864866,0.9947368421052631,3.3778843383361647,235,46,189,0.19574468085106383,0.9947368421052631,4.407242746814582,195,7,188,0.035897435897435895,0.9894736842105263,3.796613348644294,208,19,189,0.09134615384615384,0.9947368421052631,1.363368
nmix,nmix,250,80,0.8,20,99,538,348,190,244,54,190,0.6468401486988847,1.0,0.22131147540983606,1.0,862,672,190,278,88,190,0.7795823665893271,1.0,0.31654676258992803,1.0,3.5907736987048837,212,22,190,0.10377358490566038,1.0,3.3795977538665065,230,40,190,0.17391304347826086,1.0,4.468063525924226,197,7,190,0.03553299492385787,1.0,3.707965731688211,209,19,190,0.09090909090909091,1.0,1.255587
nmix,nmix,250,80,0.8,20,100,632,442,190,255,65,190,0.6993670886075949,1.0,0.2549019607843137,1.0,1082,892,190,309,119,190,0.8243992606284658,1.0,0.3851132686084142,1.0,3.582373399894105,215,25,190,0.11627906976744186,1.0,3.3933811888052214,227,37,190,0.16299559471365638,1.0,4.09915763745226,199,9,190,0.04522613065326633,1.0,3.6167538398478962,213,23,190,0.107981220657277,1.0,1.114757
nmix,nmix,250,80,0.8,20,101,650,460,190,251,66,185,0.7076923076923077,1.0,0.26294820717131473,0.9736842105263158,1118,928,190,296,107,189,0.8300536672629696,1.0,0.3614864864864865,0.9947368421052631,3.5981093743585473,211,21,190,0.0995260663507109,1.0,3.3687880151467096,236,46,190,0.19491525423728814,1.0,4.223059921924872,199,9,190,0.04522613065326633,1.0,3.6870995587015747,207,17,190,0.0821256038647343,1.0,1.175042
nmix,nmix,250,80,0.8,20,102,458,268,190,220,34,186,0.5851528384279476,1.0,0.15454545454545454,0.9789473684210527,735,545,190,246,57,189,0.7414965986394558,1.0,0.23170731707317074,0.9947368421052631,3.607394511727628,205,15,190,0.07317073170731707,1.0,3.3887516352296307,224,34,190,0.15178571428571427,1.0,4.068136757261974,195,5,190,0.02564102564102564,1.0,3.656907443086714,203,13,190,0.06403940886699508,1.0,1.17364
nmix,nmix,250,80,0.8,20,103,579,389,190,253,63,190,0.6718480138169257,1.0,0.2490118577075099,1.0,1005,815,190,291,101,190,0.8109452736318408,1.0,0.3470790378006873,1.0,3.600121866947351,212,22,190,0.10377358490566038,1.0,3.4213996258577652,220,30,190,0.13636363636363635,1.0,4.726642103534156,196,6,190,0.030612244897959183,1.0,4.052319232252708,200,10,190,0.05,1.0,1.169003
nmix,nmix,250,80,0.8,20,104,592,402,190,238,50,188,0.6790540540540541,1.0,0.21008403361344538,0.9894736842105263,1045,855,190,274,85,189,0.8181818181818182,1.0,0.3102189781021898,0.9947368421052631,3.6003328795216776,213,23,190,0.107981220657277,1.0,3.424741447864624,223,33,190,0.14798206278026907,1.0,4.216838502245756,198,8,190,0.04040404040404041,1.0,3.7050169956476484,205,15,190,0.07317073170731707,1.0,1.257816
nmix,nmix,250,80,0.8,20,105,619,429,190,278,88,190,0.6930533117932148,1.0,0.31654676258992803,1.0,1086,896,190,314,124,190,0.8250460405156538,1.0,0.39490445859872614,1.0,3.592239517468607,209,19,190,0.09090909090909091,1.0,3.388324343612189,224,34,190,0.15178571428571427,1.0,4.340571307746138,198,8,190,0.04040404040404041,1.0,3.70056996536262,206,16,190,0.07766990291262135,1.0,1.106718
nmix,nmix,250,80,0.8,20,106,637,447,190,260,71,189,0.7017268445839875,1.0,0.27307692307692305,0.9947368421052631,1127,937,190,306,116,190,0.831410825199645,1.0,0.3790849673202614,1.0,3.6059973286828484,214,24,190,0.11214953271028037,1.0,3.3901119592172293,224,34,190,0.15178571428571427,1.0,4.487613326397886,195,5,190,0.02564102564102564,1.0,3.733320901138597,207,17,190,0.0821256038647343,1.0,1.091675
nmix,nmix,250,80,0.8,20,107,596,406,190,246,56,190,0.6812080536912751,1.0,0.22764227642276422,1.0,1039,849,190,294,104,190,0.8171318575553417,1.0,0.35374149659863946,1.0,3.635389548292853,206,16,190,0.07766990291262135,1.0,3.386641286426114,223,33,190,0.14798206278026907,1.0,4.704008242362889,194,4,190,0.020618556701030927,1.0,3.8214025328110526,197,7,190,0.03553299492385787,1.0,1.470669
nmix,nmix,250,80,0.8,20,108,513,323,190,228,38,190,0.6296296296296297,1.0,0.16666666666666666,1.0,864,674,190,265,75,190,0.7800925925925926,1.0,0.2830188679245283,1.0,3.626877005920418,208,18,190,0.08653846153846154,1.0,3.3894832694635766,221,31,190,0.14027149321266968,1.0,4.0219068297254275,200,10,190,0.05,1.0,3.6723626579785287,207,17,190,0.0821256038647343,1.0,1.157401
nmix,nmix,250,80,0.8,20,109,504,314,190,224,42,182,0.623015873015873,1.0,0.1875,0.9578947368421052,831,641,190,253,67,186,0.7713598074608905,1.0,0.2648221343873518,0.9789473684210527,3.645391849969545,208,18,190,0.08653846153846154,1.0,3.386543377693526,224,34,190,0.15178571428571427,1.0,4.035080723194263,198,10,188,0.050505050505050504,0.9894736842105263,3.645391849969545,208,18,190,0.08653846153846154,1.0,1.200483
nmix,nmix,250,80,0.8,20,110,687,497,190,250,63,187,0.7234352256186317,1.0,0.252,0.9842105263157894,1281,1091,190,294,106,188,0.8516783762685401,1.0,0.36054421768707484,0.9894736842105263,3.6450662081220426,203,13,190,0.06403940886699508,1.0,3.4082935996472092,215,25,190,0.11627906976744186,1.0,4.2359721803898145,195,6,189,0.03076923076923077,0.9947368421052631,3.729208176344062,201,11,190,0.05472636815920398,1.0,1.102921
nmix,nmix,250,80,0.8,20,111,547,359,188,228,43,185,0.6563071297989032,0.9894736842105263,0.18859649122807018,0.9736842105263158,988,800,188,269,82,187,0.8097165991902834,0.9894736842105263,0.3048327137546468,0.9842105263157894,3.5907655432351078,206,18,188,0.08737864077669903,0.9894736842105263,3.396487153297979,218,30,188,0.13761467889908258,0.9894736842105263,4.116945490792431,195,7,188,0.035897435897435895,0.9894736842105263,3.7195978498830824,202,14,188,0.06930693069306931,0.9894736842105263,1.224777
nmix,nmix,250,80,0.8,20,112,536,347,189,232,44,188,0.6473880597014925,0.9947368421052631,0.1896551724137931,0.9894736842105263,919,729,190,275,86,189,0.7932535364526659,1.0,0.31272727272727274,0.9947368421052631,3.6188678531205425,212,22,190,0.10377358490566038,1.0,3.406284748610269,221,31,190,0.14027149321266968,1.0,4.231118213227441,194,5,189,0.02577319587628866,0.9947368421052631,3.703556825651813,205,16,189,0.07804878048780488,0.9947368421052631,1.179767
nmix,nmix,250,80,0.8,20,113,562,372,190,238,49,189,0.6619217081850534,1.0,0.20588235294117646,0.9947368421052631,913,723,190,282,92,190,0.791894852135816,1.0,0.3262411347517731,1.0,3.5820556759593396,217,27,190,0.12442396313364056,1.0,3.3718432206909683,233,43,190,0.18454935622317598,1.0,3.9873043093508374,202,12,190,0.0594059405940594,1.0,3.6236478355758193,214,24,190,0.11214953271028037,1.0,1.189413
nmix,nmix,250,80,0.8,20,114,592,405,187,220,55,165,0.6841216216216216,0.9842105263157894,0.25,0.868421052631579,1033,846,187,261,88,173,0.818973862536302,0.9842105263157894,0.3371647509578544,0.9105263157894737,3.5971090190721307,202,15,187,0.07425742574257425,0.9842105263157894,3.401758270743662,219,32,187,0.1461187214611872,0.9842105263157894,4.0548606508714355,188,6,182,0.031914893617021274,0.9578947368421052,3.6651197322785536,200,13,187,0.065,0.9842105263157894,1.22593
nmix,nmix,250,80,0.8,20,115,477,287,190,232,42,190,0.6016771488469602,1.0,0.1810344827586207,1.0,869,679,190,255,65,190,0.7813578826237054,1.0,0.2549019607843137,1.0,3.6862569958862443,202,12,190,0.0594059405940594,1.0,3.401147870725554,214,24,190,0.11214953271028037,1.0,4.9948212739932965,191,1,190,0.005235602094240838,1.0,3.955716818228775,198,8,190,0.04040404040404041,1.0,1.332082
nmix,nmix,250,80,0.8,20,116,829,639,190,277,91,186,0.7708082026537998,1.0,0.3285198555956679,0.9789473684210527,1512,1322,190,324,138,186,0.8743386243386243,1.0,0.42592592592592593,0.9789473684210527,3.594874547377411,211,22,189,0.10426540284360189,0.9947368421052631,3.3827337778923128,237,47,190,0.19831223628691982,1.0,4.268980917609923,194,8,186,0.041237113402061855,0.9789473684210527,3.723973910198035,203,15,188,0.07389162561576355,0.9894736842105263,1.147475
nmix,nmix,250,80,0.8,20,117,527,337,190,250,60,190,0.6394686907020873,1.0,0.24,1.0,856,666,190,275,85,190,0.7780373831775701,1.0,0.3090909090909091,1.0,3.6037545050781685,204,14,190,0.06862745098039216,1.0,3.3775269460499304,228,38,190,0.16666666666666666,1.0,4.118463927370793,192,2,190,0.010416666666666666,1.0,3.7499287896429108,200,10,190,0.05,1.0,1.164097
nmix,nmix,250,80,0.8,20,118,586,396,190,257,69,188,0.6757679180887372,1.0,0.26848249027237353,0.9894736842105263,1102,912,190,303,114,189,0.8275862068965517,1.0,0.37623762376237624,0.9947368421052631,3.596093035706119,214,24,190,0.11214953271028037,1.0,3.380409323485872,226,36,190,0.1592920353982301,1.0,4.058047708505498,200,10,190,0.05,1.0,3.655860842885863,208,18,190,0.08653846153846154,1.0,1.199027
nmix,nmix,250,80,0.8,20,119,702,512,190,266,76,190,0.7293447293447294,1.0,0.2857142857142857,1.0,1176,986,190,317,127,190,0.8384353741496599,1.0,0.40063091482649843,1.0,3.6308118189022895,214,24,190,0.11214953271028037,1.0,3.386378384795833,224,34,190,0.15178571428571427,1.0,4.746367306907875,195,5,190,0.02564102564102564,1.0,3.7783640238213847,206,16,190,0.07766990291262135,1.0,1.253018
nmix,nmix,250,80,0.8,20,120,666,485,181,256,90,166,0.7282282282282282,0.9526315789473684,0.3515625,0.8736842105263158,1199,1014,185,290,122,168,0.8457047539616347,0.9736842105263158,0.4206896551724138,0.8842105263157894,3.6060060020788813,207,28,179,0.13526570048309178,0.9421052631578948,3.38647123250452,226,45,181,0.19911504424778761,0.9526315789473684,4.127958516024634,179,11,168,0.061452513966480445,0.8842105263157894,3.6220875863610686,206,27,179,0.13106796116504854,0.9421052631578948,1.133804
nmix,nmix,250,80,0.8,20,121,534,345,189,226,37,189,0.6460674157303371,0.9947368421052631,0.16371681415929204,0.9947368421052631,956,767,189,264,75,189,0.8023012552301255,0.9947368421052631,0.2840909090909091,0.9947368421052631,3.6176159717980463,204,15,189,0.07352941176470588,0.9947368421052631,3.4086768551772826,211,22,189,0.10426540284360189,0.9947368421052631,5.004392443632355,192,3,189,0.015625,0.9947368421052631,3.8546257042726237,197,8,189,0.04060913705583756,0.9947368421052631,1.111919
nmix,nmix,250,80,0.8,20,122,674,489,185,250,75,175,0.7255192878338279,0.9736842105263158,0.3,0.9210526315789473,1176,988,188,296,119,177,0.8401360544217688,0.9894736842105263,0.40202702702702703,0.9315789473684211,3.6101028854448716,194,10,184,0.05154639175257732,0.968421052631579,3.3982511556482717,215,29,186,0.13488372093023257,0.9789473684210527,4.198990568295246,184,6,178,0.03260869565217391,0.9368421052631579,3.7351687653973027,191,8,183,0.041884816753926704,0.9631578947368421,1.236843
nmix,nmix,250,80,0.8,20,123,614,425,189,244,64,180,0.6921824104234527,0.9947368421052631,0.26229508196721313,0.9473684210526315,999,810,189,278,96,182,0.8108108108108109,0.9947368421052631,0.34532374100719426,0.9578947368421052,3.5894854859248317,207,18,189,0.08695652173913043,0.9947368421052631,3.3833821601951914,224,35,189,0.15625,0.9947368421052631,4.173291086967271,190,4,186,0.021052631578947368,0.9789473684210527,3.700718221428872,202,14,188,0.06930693069306931,0.9894736842105263,1.171817
nmix,nmix,250,80,0.8,20,124,467,278,189,218,37,181,0.5952890792291221,0.9947368421052631,0.16972477064220184,0.9526315789473684,788,599,189,241,58,183,0.7601522842639594,0.9947368421052631,0.24066390041493776,0.9631578947368421,3.59144244423512,205,16,189,0.07804878048780488,0.9947368421052631,3.3944281973590815,220,31,189,0.1409090909090909,0.9947368421052631,4.095367394945929,194,5,189,0.02577319587628866,0.9947368421052631,3.715545861860596,203,14,189,0.06896551724137931,0.9947368421052631,1.384987
nmix,nmix,250,80,0.8,20,125,1090,900,190,339,149,190,0.8256880733944955,1.0,0.43952802359882004,1.0,1884,1694,190,406,216,190,0.8991507430997877,1.0,0.5320197044334976,1.0,3.5944667892716895,213,23,190,0.107981220657277,1.0,3.365071823650872,241,51,190,0.21161825726141079,1.0,4.5632067147793025,195,5,190,0.02564102564102564,1.0,3.866192624168431,200,10,190,0.05,1.0,1.13489
nmix,nmix,250,80,0.8,20,126,676,489,187,239,65,174,0.7233727810650887,0.9842105263157894,0.2719665271966527,0.9157894736842105,1166,976,190,286,109,177,0.8370497427101201,1.0,0.3811188811188811,0.9315789473684211,3.5923739565017465,204,17,187,0.08333333333333333,0.9842105263157894,3.394588858859694,222,34,188,0.15315315315315314,0.9894736842105263,4.197738453246291,184,4,180,0.021739130434782608,0.9473684210526315,3.727797363059662,197,11,186,0.05583756345177665,0.9789473684210527,1.122468
nmix,nmix,250,80,0.8,20,127,611,421,190,258,68,190,0.6890343698854338,1.0,0.26356589147286824,1.0,1073,883,190,289,99,190,0.8229263746505125,1.0,0.34256055363321797,1.0,3.5864265008283476,215,25,190,0.11627906976744186,1.0,3.374291998788214,234,44,190,0.18803418803418803,1.0,4.3510398935244385,200,10,190,0.05,1.0,3.7690060701968386,209,19,190,0.09090909090909091,1.0,1.288926
nmix,nmix,250,80,0.8,20,128,671,481,190,254,71,183,0.7168405365126677,1.0,0.2795275590551181,0.9631578947368421,1155,965,190,288,103,185,0.8354978354978355,1.0,0.3576388888888889,0.9736842105263158,3.587279477893759,210,20,190,0.09523809523809523,1.0,3.382738563387683,227,37,190,0.16299559471365638,1.0,4.329941541415213,197,9,188,0.04568527918781726,0.9894736842105263,3.748539692068734,203,13,190,0.06403940886699508,1.0,1.23218
nmix,nmix,250,80,0.8,20,129,441,251,190,232,44,188,0.5691609977324263,1.0,0.1896551724137931,0.9894736842105263,765,575,190,266,78,188,0.7516339869281046,1.0,0.2932330827067669,0.9894736842105263,3.6117745166113497,205,15,190,0.07317073170731707,1.0,3.409005277887558,218,28,190,0.12844036697247707,1.0,4.382317849508403,193,4,189,0.02072538860103627,0.9947368421052631,3.696987105575218,203,13,190,0.06403940886699508,1.0,1.151935
nmix,nmix,250,80,0.8,20,130,488,298,190,232,45,187,0.610655737704918,1.0,0.1939655172413793,0.9842105263157894,861,671,190,255,68,187,0.7793263646922184,1.0,0.26666666666666666,0.9842105263157894,3.6113654050522253,207,17,190,0.0821256038647343,1.0,3.4279874345916213,214,24,190,0.11214953271028037,1.0,4.174050401159034,198,8,190,0.04040404040404041,1.0,3.670948512280316,203,13,190,0.06403940886699508,1.0,1.155617
nmix,nmix,250,80,0.8,20,131,673,484,189,266,81,185,0.7191679049034175,0.9947368421052631,0.30451127819548873,0.9736842105263158,1236,1046,190,306,120,186,0.8462783171521036,1.0,0.39215686274509803,0.9789473684210527,3.650144832931527,204,15,189,0.07352941176470588,0.9947368421052631,3.3897393721628966,219,29,190,0.1324200913242009,1.0,4.114656631146627,196,9,187,0.04591836734693878,0.9842105263157894,3.650144832931527,204,15,189,0.07352941176470588,0.9947368421052631,1.121698
nmix,nmix,250,80,0.8,20,132,605,415,190,253,67,186,0.6859504132231405,1.0,0.2648221343873518,0.9789473684210527,1076,886,190,289,103,186,0.8234200743494424,1.0,0.356401384083045,0.9789473684210527,3.61109026959423,205,15,190,0.07317073170731707,1.0,3.3860506606348837,225,35,190,0.15555555555555556,1.0,4.143070233431668,193,4,189,0.02072538860103627,0.9947368421052631,3.6506637250503764,204,14,190,0.06862745098039216,1.0,1.395247
nmix,nmix,250,80,0.8,20,133,992,803,189,312,130,182,0.8094758064516129,0.9947368421052631,0.4166666666666667,0.9578947368421052,1711,1522,189,390,206,184,0.8895382817066043,0.9947368421052631,0.5282051282051282,0.968421052631579,3.62186534707621,204,15,189,0.07352941176470588,0.9947368421052631,3.39449631435978,214,25,189,0.11682242990654206,0.9947368421052631,4.269479187830639,188,4,184,0.02127659574468085,0.968421052631579,3.7013965740175983,201,13,188,0.06467661691542288,0.9894736842105263,1.289577
nmix,nmix,250,80,0.8,20,134,494,304,190,235,45,190,0.6153846153846154,1.0,0.19148936170212766,1.0,815,625,190,260,70,190,0.7668711656441718,1.0,0.2692307692307692,1.0,3.591912438597548,208,18,190,0.08653846153846154,1.0,3.387470852915296,224,34,190,0.15178571428571427,1.0,4.186307591999487,199,9,190,0.04522613065326633,1.0,3.6705349969478926,205,15,190,0.07317073170731707,1.0,1.185004
nmix,nmix,250,80,0.8,20,135,813,623,190,274,84,190,0.7662976629766297,1.0,0.30656934306569344,1.0,1429,1239,190,328,138,190,0.8670398880335899,1.0,0.42073170731707316,1.0,3.598672392777871,202,12,190,0.0594059405940594,1.0,3.39619454963132,216,26,190,0.12037037037037036,1.0,4.2123133128650645,195,5,190,0.02564102564102564,1.0,3.7291467145587838,200,10,190,0.05,1.0,1.166135
nmix,nmix,250,80,0.8,20,136,860,672,188,289,107,182,0.7813953488372093,0.9894736842105263,0.370242214532872,0.9578947368421052,1590,1400,190,367,182,185,0.8805031446540881,1.0,0.49591280653950953,0.9736842105263158,3.605503857746455,204,18,186,0.08823529411764706,0.9789473684210527,3.400774940175658,220,32,188,0.14545454545454545,0.9894736842105263,4.343863626336525,190,5,185,0.02631578947368421,0.9736842105263158,3.7489039616312656,198,12,186,0.06060606060606061,0.9789473684210527,1.280212
nmix,nmix,250,80,0.8,20,137,441,252,189,209,26,183,0.5714285714285714,0.9947368421052631,0.12440191387559808,0.9631578947368421,668,478,190,233,48,185,0.7155688622754491,1.0,0.20600858369098712,0.9736842105263158,3.618898395731353,200,10,190,0.05,1.0,3.401397051546463,212,22,190,0.10377358490566038,1.0,4.102330437754093,194,6,188,0.030927835051546393,0.9894736842105263,3.6772184129034207,198,8,190,0.04040404040404041,1.0,1.245946
nmix,nmix,250,80,0.8,20,138,460,270,190,228,43,185,0.5869565217391305,1.0,0.18859649122807018,0.9736842105263158,800,610,190,268,81,187,0.7625,1.0,0.30223880597014924,0.9842105263157894,3.6092987511480126,204,14,190,0.06862745098039216,1.0,3.391831552025752,222,32,190,0.14414414414414414,1.0,3.9627285139448176,194,4,190,0.020618556701030927,1.0,3.6092987511480126,204,14,190,0.06862745098039216,1.0,1.113934
nmix,nmix,250,80,0.8,20,139,843,654,189,298,111,187,0.7758007117437722,0.9947368421052631,0.3724832214765101,0.9842105263157894,1489,1299,190,344,157,187,0.8723975822699799,1.0,0.4563953488372093,0.9842105263157894,3.57687204917611,218,30,188,0.13761467889908258,0.9894736842105263,3.381006263402941,235,46,189,0.19574468085106383,0.9947368421052631,4.294982164497171,194,7,187,0.03608247422680412,0.9842105263157894,3.767112801458263,210,22,188,0.10476190476190476,0.9894736842105263,1.179223
nmix,nmix,250,80,0.8,20,140,531,343,188,240,55,185,0.6459510357815442,0.9894736842105263,0.22916666666666666,0.9736842105263158,900,710,190,284,97,187,0.7888888888888889,1.0,0.3415492957746479,0.9842105263157894,3.589854306015488,211,21,190,0.0995260663507109,1.0,3.378451146080904,232,42,190,0.1810344827586207,1.0,4.1203573822865085,193,6,187,0.031088082901554404,0.9842105263157894,3.6480621757406513,208,18,190,0.08653846153846154,1.0,1.160839
nmix,nmix,250,80,0.8,20,141,622,432,190,265,76,189,0.6945337620578779,1.0,0.28679245283018867,0.9947368421052631,1047,857,190,310,120,190,0.8185291308500477,1.0,0.3870967741935484,1.0,3.6425880457833846,207,17,190,0.0821256038647343,1.0,3.4040934096008963,225,35,190,0.15555555555555556,1.0,4.231479961602815,198,8,190,0.04040404040404041,1.0,3.664153699311154,206,16,190,0.07766990291262135,1.0,1.474003
nmix,nmix,250,80,0.8,20,142,470,280,190,231,42,189,0.5957446808510638,1.0,0.18181818181818182,0.9947368421052631,768,578,190,259,70,189,0.7526041666666666,1.0,0.2702702702702703,0.9947368421052631,3.6206943253468786,213,23,190,0.107981220657277,1.0,3.393724444562538,229,39,190,0.1703056768558952,1.0,4.094510863059487,197,7,190,0.03553299492385787,1.0,3.652003057599463,212,22,190,0.10377358490566038,1.0,1.162181
nmix,nmix,250,80,0.8,20,143,573,383,190,236,49,187,0.6684118673647469,1.0,0.2076271186440678,0.9842105263157894,997,807,190,261,74,187,0.8094282848545636,1.0,0.2835249042145594,0.9842105263157894,3.596504326275669,203,14,189,0.06896551724137931,0.9947368421052631,3.3993075251336484,213,23,190,0.107981220657277,1.0,4.266776887932751,193,5,188,0.025906735751295335,0.9894736842105263,3.6300350539415374,202,13,189,0.06435643564356436,0.9947368421052631,1.102159
nmix,nmix,250,80,0.8,20,144,668,478,190,242,62,180,0.7155688622754491,1.0,0.256198347107438,0.9473684210526315,1297,1107,190,294,110,184,0.8535080956052429,1.0,0.3741496598639456,0.968421052631579,3.7187197307417055,210,21,189,0.1,0.9947368421052631,3.4180975222285035,224,34,190,0.15178571428571427,1.0,4.485125058819099,189,4,185,0.021164021164021163,0.9736842105263158,3.7187197307417055,210,21,189,0.1,0.9947368421052631,1.241034
nmix,nmix,250,80,0.8,20,145,633,443,190,271,83,188,0.6998420221169036,1.0,0.3062730627306273,0.9894736842105263,1135,945,190,298,110,188,0.8325991189427313,1.0,0.3691275167785235,0.9894736842105263,3.5887115658487176,210,20,190,0.09523809523809523,1.0,3.37292065670575,232,42,190,0.1810344827586207,1.0,4.321514338347358,197,7,190,0.03553299492385787,1.0,3.762066752389631,205,15,190,0.07317073170731707,1.0,1.269574
nmix,nmix,250,80,0.8,20,146,794,606,188,294,113,181,0.7632241813602015,0.9894736842105263,0.3843537414965986,0.9526315789473684,1465,1275,190,345,162,183,0.8703071672354948,1.0,0.46956521739130436,0.9631578947368421,3.6033655186856857,200,14,186,0.07,0.9789473684210527,3.4111061695351514,216,29,187,0.13425925925925927,0.9842105263157894,4.571641252981921,185,4,181,0.021621621621621623,0.9526315789473684,3.8392128419108356,193,8,185,0.04145077720207254,0.9736842105263158,1.174335
nmix,nmix,250,80,0.8,20,147,625,435,190,264,74,190,0.696,1.0,0.2803030303030303,1.0,1109,919,190,296,106,190,0.8286744815148782,1.0,0.3581081081081081,1.0,3.6331091628386813,208,18,190,0.08653846153846154,1.0,3.3813057578769268,229,39,190,0.1703056768558952,1.0,4.973968993598785,192,2,190,0.010416666666666666,1.0,3.9469946512948795,200,10,190,0.05,1.0,1.144075
nmix,nmix,250,80,0.8,20,148,578,389,189,233,52,181,0.6730103806228374,0.9947368421052631,0.22317596566523606,0.9526315789473684,1009,819,190,286,101,185,0.8116947472745293,1.0,0.3531468531468531,0.9736842105263158,3.588875250768701,211,21,190,0.0995260663507109,1.0,3.4060651072111208,222,32,190,0.14414414414414414,1.0,4.013617577220259,194,7,187,0.03608247422680412,0.9842105263157894,3.658548245156336,210,20,190,0.09523809523809523,1.0,1.114137
nmix,nmix,250,80,0.8,20,149,922,732,190,319,129,190,0.7939262472885033,1.0,0.4043887147335423,1.0,1677,1487,190,376,186,190,0.8867024448419797,1.0,0.4946808510638298,1.0,3.585956954125024,223,33,190,0.14798206278026907,1.0,3.3627868470971087,241,51,190,0.21161825726141079,1.0,4.793808108938381,198,8,190,0.04040404040404041,1.0,4.107099216667647,201,11,190,0.05472636815920398,1.0,1.222359
nmix,nmix,250,80,0.8,20,150,830,640,190,281,92,189,0.7710843373493976,1.0,0.3274021352313167,0.9947368421052631,1398,1208,190,342,153,189,0.8640915593705293,1.0,0.4473684210526316,0.9947368421052631,3.5967820280603413,206,16,190,0.07766990291262135,1.0,3.427517153223742,214,24,190,0.11214953271028037,1.0,5.06635383149524,194,5,189,0.02577319587628866,0.9947368421052631,4.011826520521223,199,9,190,0.04522613065326633,1.0,1.419264
nmix,nmix,250,80,0.8,20,151,571,381,190,248,60,188,0.6672504378283712,1.0,0.24193548387096775,0.9894736842105263,988,798,190,290,100,190,0.8076923076923077,1.0,0.3448275862068966,1.0,3.587386104220462,209,19,190,0.09090909090909091,1.0,3.3882913177124485,223,33,190,0.14798206278026907,1.0,4.2286924330709965,196,6,190,0.030612244897959183,1.0,3.6069194910705775,208,18,190,0.08653846153846154,1.0,1.109953
nmix,nmix,250,80,0.8,20,152,731,541,190,278,89,189,0.7400820793433652,1.0,0.32014388489208634,0.9947368421052631,1269,1079,190,317,128,189,0.8502758077226162,1.0,0.4037854889589905,0.9947368421052631,3.6065365013678683,218,28,190,0.12844036697247707,1.0,3.373044007566593,242,52,190,0.21487603305785125,1.0,4.245394961000161,199,10,189,0.05025125628140704,0.9947368421052631,3.7685968075534038,214,25,189,0.11682242990654206,0.9947368421052631,1.174624
nmix,nmix,250,80,0.8,20,153,608,418,190,240,54,186,0.6875,1.0,0.225,0.9789473684210527,1010,820,190,275,87,188,0.8118811881188119,1.0,0.31636363636363635,0.9894736842105263,3.615959234525775,205,15,190,0.07317073170731707,1.0,3.403498905220634,221,31,190,0.14027149321266968,1.0,4.143404050752557,199,10,189,0.05025125628140704,0.9947368421052631,3.69994011663823,204,14,190,0.06862745098039216,1.0,1.171673
nmix,nmix,250,80,0.8,20,154,783,593,190,270,82,188,0.7573435504469987,1.0,0.3037037037037037,0.9894736842105263,1307,1117,190,315,126,189,0.854628921193573,1.0,0.4,0.9947368421052631,3.593040823100042,204,14,190,0.06862745098039216,1.0,3.388940820849265,227,37,190,0.16299559471365638,1.0,4.354462215068761,192,2,190,0.010416666666666666,1.0,3.7290205776381193,200,10,190,0.05,1.0,1.147824
nmix,nmix,250,80,0.8,20,155,546,356,190,237,47,190,0.652014652014652,1.0,0.19831223628691982,1.0,957,767,190,271,81,190,0.8014629049111808,1.0,0.2988929889298893,1.0,3.5900926983333967,212,22,190,0.10377358490566038,1.0,3.4241453055564604,223,33,190,0.14798206278026907,1.0,4.2288744256927036,198,8,190,0.04040404040404041,1.0,3.7175888252414313,206,16,190,0.07766990291262135,1.0,1.218399
nmix,nmix,250,80,0.8,20,156,713,523,190,269,81,188,0.7335203366058906,1.0,0.30111524163568776,0.9894736842105263,1380,1190,190,305,115,190,0.8623188405797102,1.0,0.3770491803278688,1.0,3.606861932347688,214,24,190,0.11214953271028037,1.0,3.3905729955992507,226,36,190,0.1592920353982301,1.0,4.322179793940248,199,9,190,0.04522613065326633,1.0,3.7178559544897185,212,22,190,0.10377358490566038,1.0,1.109923
nmix,nmix,250,80,0.8,20,157,923,734,189,310,121,189,0.7952329360780065,0.9947368421052631,0.3903225806451613,0.9947368421052631,1717,1527,190,385,196,189,0.889341875364007,1.0,0.509090909090909,0.9947368421052631,3.5950440323308723,208,19,189,0.09134615384615384,0.9947368421052631,3.41372227951821,221,32,189,0.14479638009049775,0.9947368421052631,4.457208775602645,195,6,189,0.03076923076923077,0.9947368421052631,3.8867737154937627,200,11,189,0.055,0.9947368421052631,1.206256
nmix,nmix,250,80,0.8,20,158,556,369,187,240,58,182,0.6636690647482014,0.9842105263157894,0.24166666666666667,0.9578947368421052,933,745,188,277,94,183,0.7984994640943194,0.9894736842105263,0.33935018050541516,0.9631578947368421,3.619602426784838,207,19,188,0.09178743961352658,0.9894736842105263,3.3938913245871785,223,35,188,0.15695067264573992,0.9894736842105263,4.325179390139762,189,5,184,0.026455026455026454,0.968421052631579,3.715230868825105,202,15,187,0.07425742574257425,0.9842105263157894,1.319926
nmix,nmix,250,80,0.8,20,159,566,376,190,245,55,190,0.6643109540636042,1.0,0.22448979591836735,1.0,990,800,190,292,102,190,0.8080808080808081,1.0,0.3493150684931507,1.0,3.65891066305541,208,18,190,0.08653846153846154,1.0,3.381332693916889,227,37,190,0.16299559471365638,1.0,4.577259761653244,193,3,190,0.015544041450777202,1.0,3.801385496344867,202,12,190,0.0594059405940594,1.0,1.186799
nmix,nmix,250,80,0.8,20,160,681,493,188,248,62,186,0.723935389133627,0.9894736842105263,0.25,0.9789473684210527,1278,1088,190,293,107,186,0.8513302034428795,1.0,0.3651877133105802,0.9789473684210527,3.6667252389775453,203,15,188,0.07389162561576355,0.9894736842105263,3.4201713615906346,211,23,188,0.10900473933649289,0.9894736842105263,4.1356274784647935,194,6,188,0.030927835051546393,0.9894736842105263,3.6667252389775453,203,15,188,0.07389162561576355,0.9894736842105263,1.187193
nmix,nmix,250,80,0.8,20,161,657,469,188,259,77,182,0.7138508371385084,0.9894736842105263,0.2972972972972973,0.9578947368421052,1090,902,188,304,120,184,0.8275229357798165,0.9894736842105263,0.39473684210526316,0.968421052631579,3.62649900634594,210,22,188,0.10476190476190476,0.9894736842105263,3.3820258491480693,231,43,188,0.18614718614718614,0.9894736842105263,4.102623148687832,198,10,188,0.050505050505050504,0.9894736842105263,3.6784630013074824,208,20,188,0.09615384615384616,0.9894736842105263,1.105153
nmix,nmix,250,80,0.8,20,162,626,437,189,229,57,172,0.6980830670926518,0.9947368421052631,0.24890829694323144,0.9052631578947369,1115,926,189,265,88,177,0.8304932735426009,0.9947368421052631,0.3320754716981132,0.9315789473684211,3.6410261109740523,208,19,189,0.09134615384615384,0.9947368421052631,3.388731593905048,219,30,189,0.136986301369863,0.9947368421052631,4.186150281830111,190,9,181,0.04736842105263158,0.9526315789473684,3.7073751474018892,204,15,189,0.07352941176470588,0.9947368421052631,1.286832
nmix,nmix,250,80,0.8,20,163,410,220,190,214,34,180,0.5365853658536586,1.0,0.1588785046728972,0.9473684210526315,716,526,190,243,58,185,0.7346368715083799,1.0,0.23868312757201646,0.9736842105263158,3.606081377426011,206,16,190,0.07766990291262135,1.0,3.3992216023609156,212,22,190,0.10377358490566038,1.0,4.0431248200253,194,4,190,0.020618556701030927,1.0,3.606081377426011,206,16,190,0.07766990291262135,1.0,1.108782
nmix,nmix,250,80,0.8,20,164,862,672,190,312,123,189,0.7795823665893271,1.0,0.3942307692307692,0.9947368421052631,1597,1407,190,372,182,190,0.8810269254852849,1.0,0.489247311827957,1.0,3.5830651823443724,215,25,190,0.11627906976744186,1.0,3.3764517868600152,229,39,190,0.1703056768558952,1.0,4.572523078545228,194,5,189,0.02577319587628866,0.9947368421052631,3.989188733694711,200,10,190,0.05,1.0,1.176235
nmix,nmix,250,80,0.8,20,165,701,511,190,257,68,189,0.7289586305278174,1.0,0.26459143968871596,0.9947368421052631,1178,988,190,307,117,190,0.8387096774193549,1.0,0.3811074918566775,1.0,3.596374981433806,211,21,190,0.0995260663507109,1.0,3.3895463614992654,223,33,190,0.14798206278026907,1.0,4.249177079640061,194,4,190,0.020618556701030927,1.0,3.7358468522945203,204,14,190,0.06862745098039216,1.0,1.234569
nmix,nmix,250,80,0.8,20,166,818,631,187,256,84,172,0.7713936430317848,0.9842105263157894,0.328125,0.9052631578947369,1568,1380,188,340,165,175,0.8801020408163265,0.9894736842105263,0.4852941176470588,0.9210526315789473,3.620805348266549,196,11,185,0.05612244897959184,0.9736842105263158,3.395231301446952,216,29,187,0.13425925925925927,0.9842105263157894,4.36709885642406,176,1,175,0.005681818181818182,0.9210526315789473,3.8134093592446097,190,7,183,0.03684210526315789,0.9631578947368421,1.193837
nmix,nmix,250,80,0.8,20,167,726,536,190,269,79,190,0.7382920110192838,1.0,0.2936802973977695,1.0,1328,1138,190,323,133,190,0.8569277108433735,1.0,0.4117647058823529,1.0,3.5848147449228893,213,23,190,0.107981220657277,1.0,3.38496729617284,233,43,190,0.18454935622317598,1.0,4.382401399330724,195,5,190,0.02564102564102564,1.0,3.8238726237767624,200,10,190,0.05,1.0,1.290311
nmix,nmix,250,80,0.8,20,168,700,510,190,290,100,190,0.7285714285714285,1.0,0.3448275862068966,1.0,1271,1081,190,326,136,190,0.8505114083398898,1.0,0.4171779141104294,1.0,3.5771623940344965,217,27,190,0.12442396313364056,1.0,3.4125947406141766,235,45,190,0.19148936170212766,1.0,4.487718474391075,195,5,190,0.02564102564102564,1.0,3.706693860484983,206,16,190,0.07766990291262135,1.0,1.097146
nmix,nmix,250,80,0.8,20,169,554,365,189,249,62,187,0.6588447653429603,0.9947368421052631,0.24899598393574296,0.9842105263157894,970,781,189,290,102,188,0.8051546391752578,0.9947368421052631,0.35172413793103446,0.9894736842105263,3.624309321957404,207,18,189,0.08695652173913043,0.9947368421052631,3.3780836024023095,229,40,189,0.17467248908296942,0.9947368421052631,4.152198736752755,197,8,189,0.04060913705583756,0.9947368421052631,3.785556489251892,204,15,189,0.07352941176470588,0.9947368421052631,1.21011
nmix,nmix,250,80,0.8,20,170,458,268,190,224,34,190,0.5851528384279476,1.0,0.15178571428571427,1.0,855,665,190,250,60,190,0.7777777777777778,1.0,0.24,1.0,3.626110039832715,205,15,190,0.07317073170731707,1.0,3.416868897677835,210,20,190,0.09523809523809523,1.0,4.499189956695537,193,3,190,0.015544041450777202,1.0,3.7653652805230875,198,8,190,0.04040404040404041,1.0,1.296502
nmix,nmix,250,80,0.8,20,171,501,311,190,232,45,187,0.6207584830339321,1.0,0.1939655172413793,0.9842105263157894,878,688,190,255,66,189,0.7835990888382688,1.0,0.25882352941176473,0.9947368421052631,3.634429959722989,203,13,190,0.06403940886699508,1.0,3.394513651063713,215,25,190,0.11627906976744186,1.0,4.300208836303876,196,6,190,0.030612244897959183,1.0,3.7222696683620025,201,11,190,0.05472636815920398,1.0,1.10422
nmix,nmix,250,80,0.8,20,172,532,343,189,236,52,184,0.6447368421052632,0.9947368421052631,0.22033898305084745,0.968421052631579,904,714,190,266,80,186,0.7898230088495575,1.0,0.3007518796992481,0.9789473684210527,3.7222344183727714,201,12,189,0.05970149253731343,0.9947368421052631,3.4056052350803707,211,21,190,0.0995260663507109,1.0,4.224837348786087,194,5,189,0.02577319587628866,0.9947368421052631,3.7222344183727714,201,12,189,0.05970149253731343,0.9947368421052631,1.159385
nmix,nmix,250,80,0.8,20,173,813,623,190,302,114,188,0.7662976629766297,1.0,0.37748344370860926,0.9894736842105263,1393,1203,190,376,187,189,0.8636037329504667,1.0,0.4973404255319149,0.9947368421052631,3.5749527979439115,219,29,190,0.1324200913242009,1.0,3.37455624241819,235,45,190,0.19148936170212766,1.0,4.376414990404046,200,11,189,0.055,0.9947368421052631,3.713834240669942,216,26,190,0.12037037037037036,1.0,1.106529
nmix,nmix,250,80,0.8,20,174,568,378,190,251,61,190,0.6654929577464789,1.0,0.24302788844621515,1.0,1009,819,190,294,104,190,0.8116947472745293,1.0,0.35374149659863946,1.0,3.60376906565424,206,16,190,0.07766990291262135,1.0,3.39605944028653,227,37,190,0.16299559471365638,1.0,4.460547079251423,196,6,190,0.030612244897959183,1.0,3.6831656725388657,201,11,190,0.05472636815920398,1.0,1.224569
nmix,nmix,250,80,0.8,20,175,523,334,189,235,52,183,0.638623326959847,0.9947368421052631,0.22127659574468084,0.9631578947368421,861,671,190,273,90,183,0.7793263646922184,1.0,0.32967032967032966,0.9631578947368421,3.5940628272979485,205,16,189,0.07804878048780488,0.9947368421052631,3.389108604571992,224,34,190,0.15178571428571427,1.0,4.035629363939237,193,4,189,0.02072538860103627,0.9947368421052631,3.616105892465764,204,15,189,0.07352941176470588,0.9947368421052631,1.297618
nmix,nmix,250,80,0.8,20,176,524,335,189,240,52,188,0.6393129770992366,0.9947368421052631,0.21666666666666667,0.9894736842105263,923,733,190,284,95,189,0.7941495124593716,1.0,0.3345070422535211,0.9947368421052631,3.644571004880817,210,20,190,0.09523809523809523,1.0,3.3829793149686553,226,36,190,0.1592920353982301,1.0,4.150915970709489,194,5,189,0.02577319587628866,0.9947368421052631,3.6731220514617893,206,16,190,0.07766990291262135,1.0,1.293362
nmix,nmix,250,80,0.8,20,177,529,341,188,240,62,178,0.6446124763705104,0.9894736842105263,0.25833333333333336,0.9368421052631579,839,649,190,278,97,181,0.7735399284862932,1.0,0.3489208633093525,0.9526315789473684,3.583777009988207,213,24,189,0.11267605633802817,0.9947368421052631,3.3754612577202163,234,44,190,0.18803418803418803,1.0,3.929455995347264,199,11,188,0.05527638190954774,0.9894736842105263,3.5913261546269446,212,23,189,0.10849056603773585,0.9947368421052631,1.163217
nmix,nmix,250,80,0.8,20,178,625,435,190,245,60,185,0.696,1.0,0.24489795918367346,0.9736842105263158,1146,956,190,293,105,188,0.8342059336823735,1.0,0.3583617747440273,0.9894736842105263,3.6051435721415626,209,19,190,0.09090909090909091,1.0,3.3875178374610084,227,37,190,0.16299559471365638,1.0,4.25343210677571,193,4,189,0.02072538860103627,0.9947368421052631,3.7506464633680174,202,12,190,0.0594059405940594,1.0,1.184537
nmix,nmix,250,80,0.8,20,179,509,322,187,222,44,178,0.6326129666011788,0.9842105263157894,0.1981981981981982,0.9368421052631579,856,667,189,269,87,182,0.7792056074766355,0.9947368421052631,0.32342007434944237,0.9578947368421052,3.6190743337970877,205,18,187,0.08780487804878048,0.9842105263157894,3.387783566559723,221,33,188,0.1493212669683258,0.9894736842105263,4.093773410278593,195,9,186,0.046153846153846156,0.9789473684210527,3.6190743337970877,205,18,187,0.08780487804878048,0.9842105263157894,1.205151
nmix,nmix,250,80,0.8,20,180,929,739,190,297,107,190,0.7954790096878364,1.0,0.3602693602693603,1.0,1691,1501,190,365,175,190,0.8876404494382022,1.0,0.4794520547945205,1.0,3.589771719303371,211,21,190,0.0995260663507109,1.0,3.379434450939126,227,37,190,0.16299559471365638,1.0,4.214751250669485,202,12,190,0.0594059405940594,1.0,3.7933370946177614,208,18,190,0.08653846153846154,1.0,1.214112
nmix,nmix,250,80,0.8,20,181,495,306,189,219,42,177,0.6181818181818182,0.9947368421052631,0.1917808219178082,0.9315789473684211,804,615,189,250,69,181,0.7649253731343284,0.9947368421052631,0.276,0.9526315789473684,3.6689414565201064,200,12,188,0.06,0.9894736842105263,3.3911102725633397,221,32,189,0.14479638009049775,0.9947368421052631,4.037658074191573,191,5,186,0.02617801047120419,0.9789473684210527,3.6689414565201064,200,12,188,0.06,0.9894736842105263,1.119554
nmix,nmix,250,80,0.8,20,182,807,618,189,267,81,186,0.7657992565055762,0.9947368421052631,0.30337078651685395,0.9789473684210527,1435,1245,190,325,139,186,0.867595818815331,1.0,0.4276923076923077,0.9789473684210527,3.602520266656084,205,16,189,0.07804878048780488,0.9947368421052631,3.4005127155076016,215,26,189,0.12093023255813953,0.9947368421052631,4.292780978202347,194,7,187,0.03608247422680412,0.9842105263157894,3.7704021793125158,201,12,189,0.05970149253731343,0.9947368421052631,1.148287
nmix,nmix,250,80,0.8,20,183,532,342,190,228,38,190,0.6428571428571429,1.0,0.16666666666666666,1.0,821,631,190,255,65,190,0.7685749086479903,1.0,0.2549019607843137,1.0,3.5937136414098245,209,19,190,0.09090909090909091,1.0,3.3934945869314874,225,35,190,0.15555555555555556,1.0,4.096184995576013,198,8,190,0.04040404040404041,1.0,3.7180449864529503,207,17,190,0.0821256038647343,1.0,1.289792
nmix,nmix,250,80,0.8,20,184,577,387,190,240,50,190,0.6707105719237435,1.0,0.20833333333333334,1.0,960,770,190,278,88,190,0.8020833333333334,1.0,0.31654676258992803,1.0,3.588284452767455,216,26,190,0.12037037037037036,1.0,3.376343324404249,233,43,190,0.18454935622317598,1.0,4.1861755225144215,197,7,190,0.03553299492385787,1.0,3.6911384721618443,212,22,190,0.10377358490566038,1.0,1.23246
nmix,nmix,250,80,0.8,20,185,977,787,190,306,116,190,0.8055271238485159,1.0,0.3790849673202614,1.0,1741,1551,190,353,163,190,0.890867317633544,1.0,0.46175637393767704,1.0,3.628538080938578,214,24,190,0.11214953271028037,1.0,3.381452371294128,226,36,190,0.1592920353982301,1.0,4.300117748804571,201,11,190,0.05472636815920398,1.0,3.7343123141431707,212,22,190,0.10377358490566038,1.0,1.237143
nmix,nmix,250,80,0.8,20,186,632,444,188,256,75,181,0.7025316455696202,0.9894736842105263,0.29296875,0.9526315789473684,1094,904,190,296,115,181,0.8263254113345521,1.0,0.3885135135135135,0.9526315789473684,3.5917668407357586,207,20,187,0.0966183574879227,0.9842105263157894,3.3805944848317084,229,40,189,0.17467248908296942,0.9947368421052631,4.131145668394047,192,7,185,0.036458333333333336,0.9736842105263158,3.680452946322652,205,18,187,0.08780487804878048,0.9842105263157894,1.112344
nmix,nmix,250,80,0.8,20,187,630,440,190,265,75,190,0.6984126984126984,1.0,0.2830188679245283,1.0,1074,884,190,307,117,190,0.8230912476722533,1.0,0.3811074918566775,1.0,3.599490160020435,210,20,190,0.09523809523809523,1.0,3.3824178647585605,227,37,190,0.16299559471365638,1.0,4.347327460356883,197,7,190,0.03553299492385787,1.0,3.776633547008882,204,14,190,0.06862745098039216,1.0,1.245586
nmix,nmix,250,80,0.8,20,188,1247,1059,188,371,189,182,0.8492381716118684,0.9894736842105263,0.5094339622641509,0.9578947368421052,2154,1964,190,470,285,185,0.9117920148560817,1.0,0.6063829787234043,0.9736842105263158,3.603060545153817,209,22,187,0.10526315789473684,0.9842105263157894,3.400671874810936,223,35,188,0.15695067264573992,0.9894736842105263,4.241109798852237,195,11,184,0.05641025641025641,0.968421052631579,3.8933222147937228,205,18,187,0.08780487804878048,0.9842105263157894,1.184658
nmix,nmix,250,80,0.8,20,189,422,234,188,206,29,177,0.5545023696682464,0.9894736842105263,0.1407766990291262,0.9315789473684211,709,519,190,232,49,183,0.7320169252468265,1.0,0.21120689655172414,0.9631578947368421,3.646825329897679,203,14,189,0.06896551724137931,0.9947368421052631,3.4105667805203312,216,27,189,0.125,0.9947368421052631,3.987407197327783,194,6,188,0.030927835051546393,0.9894736842105263,3.646825329897679,203,14,189,0.06896551724137931,0.9947368421052631,1.117928
nmix,nmix,250,80,0.8,20,190,804,614,190,265,79,186,0.763681592039801,1.0,0.2981132075471698,0.9789473684210527,1380,1190,190,317,130,187,0.8623188405797102,1.0,0.41009463722397477,0.9842105263157894,3.6063017048847374,210,20,190,0.09523809523809523,1.0,3.3975892349943666,224,34,190,0.15178571428571427,1.0,4.245114817916165,196,7,189,0.03571428571428571,0.9947368421052631,3.747335570617454,205,16,189,0.07804878048780488,0.9947368421052631,1.215165
nmix,nmix,250,80,0.8,20,191,497,307,190,233,45,188,0.6177062374245473,1.0,0.19313304721030042,0.9894736842105263,867,677,190,273,84,189,0.7808535178777394,1.0,0.3076923076923077,0.9947368421052631,3.5899443621992493,206,16,190,0.07766990291262135,1.0,3.3865679074611466,221,31,190,0.14027149321266968,1.0,4.242780859328354,191,1,190,0.005235602094240838,1.0,3.7370311043745494,201,11,190,0.05472636815920398,1.0,1.150494
nmix,nmix,250,80,0.8,20,192,537,349,188,223,40,183,0.6499068901303539,0.9894736842105263,0.17937219730941703,0.9631578947368421,1022,833,189,273,87,186,0.815068493150685,0.9947368421052631,0.31868131868131866,0.9789473684210527,3.5893237442135306,211,24,187,0.11374407582938388,0.9842105263157894,3.3907106630179014,217,28,189,0.12903225806451613,0.9947368421052631,4.142067099503676,191,5,186,0.02617801047120419,0.9789473684210527,3.604303778150124,209,22,187,0.10526315789473684,0.9842105263157894,1.305981
nmix,nmix,250,80,0.8,20,193,535,347,188,235,49,186,0.6485981308411215,0.9894736842105263,0.20851063829787234,0.9789473684210527,914,725,189,256,69,187,0.7932166301969366,0.9947368421052631,0.26953125,0.9842105263157894,3.609413835159206,211,22,189,0.10426540284360189,0.9947368421052631,3.3822397741330543,230,41,189,0.1782608695652174,0.9947368421052631,4.018549856800643,199,11,188,0.05527638190954774,0.9894736842105263,3.637424858188007,207,18,189,0.08695652173913043,0.9947368421052631,1.286817
nmix,nmix,250,80,0.8,20,194,639,449,190,253,63,190,0.702660406885759,1.0,0.2490118577075099,1.0,1063,873,190,296,106,190,0.8212605832549389,1.0,0.3581081081081081,1.0,3.574922848070377,219,29,190,0.1324200913242009,1.0,3.3808298970412487,234,44,190,0.18803418803418803,1.0,4.208640880301068,201,11,190,0.05472636815920398,1.0,3.7206319815149995,210,20,190,0.09523809523809523,1.0,1.158127
nmix,nmix,250,80,0.8,20,195,439,249,190,226,36,190,0.5671981776765376,1.0,0.1592920353982301,1.0,700,510,190,251,61,190,0.7285714285714285,1.0,0.24302788844621515,1.0,3.6004918775355286,209,19,190,0.09090909090909091,1.0,3.390832327162776,220,30,190,0.13636363636363635,1.0,4.170412774201055,193,3,190,0.015544041450777202,1.0,3.663897011108539,205,15,190,0.07317073170731707,1.0,1.245258
nmix,nmix,250,80,0.8,20,196,1144,955,189,372,185,187,0.8347902097902098,0.9947368421052631,0.49731182795698925,0.9842105263157894,2034,1844,190,469,281,188,0.9065880039331367,1.0,0.5991471215351812,0.9894736842105263,3.585718039833501,213,24,189,0.11267605633802817,0.9947368421052631,3.3931991690795638,227,38,189,0.16740088105726872,0.9947368421052631,4.5189278246763385,195,8,187,0.041025641025641026,0.9842105263157894,3.9031358083568533,206,17,189,0.0825242718446602,0.9947368421052631,1.139758
nmix,nmix,250,80,0.8,20,197,870,680,190,313,124,189,0.7816091954022989,1.0,0.3961661341853035,0.9947368421052631,1511,1321,190,382,193,189,0.8742554599602912,1.0,0.5052356020942408,0.9947368421052631,3.5862052235782658,217,27,190,0.12442396313364056,1.0,3.4106603322961315,233,43,190,0.18454935622317598,1.0,4.209940941211144,198,9,189,0.045454545454545456,0.9947368421052631,3.6786364209665288,214,24,190,0.11214953271028037,1.0,1.249347
nmix,nmix,250,80,0.8,20,198,798,616,182,267,104,163,0.7719298245614035,0.9578947368421052,0.3895131086142322,0.8578947368421053,1453,1268,185,346,176,170,0.8726772195457674,0.9736842105263158,0.5086705202312138,0.8947368421052632,3.6035573149472104,196,20,176,0.10204081632653061,0.9263157894736842,3.4107819077577943,210,33,177,0.15714285714285714,0.9315789473684211,4.09169422798295,178,10,168,0.056179775280898875,0.8842105263157894,3.6074621121559876,195,19,176,0.09743589743589744,0.9263157894736842,1.108976
nmix,nmix,250,80,0.8,20,199,445,256,189,214,29,185,0.5752808988764045,0.9947368421052631,0.13551401869158877,0.9736842105263158,733,543,190,239,52,187,0.7407912687585266,1.0,0.2175732217573222,0.9842105263157894,3.650697631666423,200,10,190,0.05,1.0,3.408832350858698,215,25,190,0.11627906976744186,1.0,4.143584043750555,193,4,189,0.02072538860103627,0.9947368421052631,3.650697631666423,200,10,190,0.05,1.0,1.094348
nmix,nmix,250,80,0.8,20,200,911,721,190,283,94,189,0.7914379802414928,1.0,0.3321554770318021,0.9947368421052631,1578,1388,190,343,154,189,0.8795944233206591,1.0,0.4489795918367347,0.9947368421052631,3.5875861117166687,214,24,190,0.11214953271028037,1.0,3.38515251802589,225,35,190,0.15555555555555556,1.0,4.480072082502783,194,5,189,0.02577319587628866,0.9947368421052631,3.789134793972268,207,17,190,0.0821256038647343,1.0,1.292685
nmix,nmix,250,80,0.8,20,201,619,429,190,242,54,188,0.6930533117932148,1.0,0.2231404958677686,0.9894736842105263,1068,878,190,279,90,189,0.8220973782771536,1.0,0.3225806451612903,0.9947368421052631,3.6693320615975664,203,13,190,0.06403940886699508,1.0,3.4038788605135317,217,27,190,0.12442396313364056,1.0,4.049717894084163,198,8,190,0.04040404040404041,1.0,3.6693320615975664,203,13,190,0.06403940886699508,1.0,1.211076
nmix,nmix,250,80,0.8,20,202,664,474,190,266,81,185,0.713855421686747,1.0,0.30451127819548873,0.9736842105263158,1105,915,190,317,128,189,0.8280542986425339,1.0,0.4037854889589905,0.9947368421052631,3.593996798300587,211,21,190,0.0995260663507109,1.0,3.380806905291263,225,35,190,0.15555555555555556,1.0,4.409392422984933,196,7,189,0.03571428571428571,0.9947368421052631,3.807404654908375,202,12,190,0.0594059405940594,1.0,1.281328
nmix,nmix,250,80,0.8,20,203,731,541,190,255,68,187,0.7400820793433652,1.0,0.26666666666666666,0.9842105263157894,1327,1137,190,324,135,189,0.8568198944988696,1.0,0.4166666666666667,0.9947368421052631,3.6007657176033456,210,20,190,0.09523809523809523,1.0,3.395213695792512,225,35,190,0.15555555555555556,1.0,4.320696375804169,193,5,188,0.025906735751295335,0.9894736842105263,3.7703368978282,207,17,190,0.0821256038647343,1.0,1.099476
nmix,nmix,250,80,0.8,20,204,752,565,187,249,73,176,0.7513297872340425,0.9842105263157894,0.2931726907630522,0.9263157894736842,1370,1182,188,291,112,179,0.8627737226277372,0.9894736842105263,0.3848797250859107,0.9421052631578948,3.6205616250439356,200,16,184,0.08,0.968421052631579,3.3940323145148996,215,31,184,0.14418604651162792,0.968421052631579,4.208256595603558,185,3,182,0.016216216216216217,0.9578947368421052,3.6816364086317606,198,14,184,0.0707070707070707,0.968421052631579,1.119971
nmix,nmix,250,80,0.8,20,205,770,580,190,300,114,186,0.7532467532467533,1.0,0.38,0.9789473684210527,1407,1217,190,362,174,188,0.8649609097370291,1.0,0.48066298342541436,0.9894736842105263,3.586521846349084,209,19,190,0.09090909090909091,1.0,3.373537858908027,233,43,190,0.18454935622317598,1.0,4.521601804874828,197,9,188,0.04568527918781726,0.9894736842105263,3.8253812340870614,205,16,189,0.07804878048780488,0.9947368421052631,1.265956
nmix,nmix,250,80,0.8,20,206,852,662,190,302,112,190,0.7769953051643192,1.0,0.3708609271523179,1.0,1551,1361,190,365,175,190,0.877498388136686,1.0,0.4794520547945205,1.0,3.595900981855897,206,16,190,0.07766990291262135,1.0,3.389467167617439,220,30,190,0.13636363636363635,1.0,4.699703505776905,193,3,190,0.015544041450777202,1.0,3.816939533828292,200,10,190,0.05,1.0,1.207463
nmix,nmix,250,80,0.8,20,207,994,804,190,317,127,190,0.8088531187122736,1.0,0.40063091482649843,1.0,1762,1572,190,398,208,190,0.8921679909194098,1.0,0.5226130653266332,1.0,3.584417349361388,212,22,190,0.10377358490566038,1.0,3.379170077143954,236,46,190,0.19491525423728814,1.0,4.626562466579801,198,8,190,0.04040404040404041,1.0,3.9342691051434238,201,11,190,0.05472636815920398,1.0,1.157444
nmix,nmix,250,80,0.8,20,208,847,657,190,291,103,188,0.7756788665879575,1.0,0.3539518900343643,0.9894736842105263,1480,1290,190,347,158,189,0.8716216216216216,1.0,0.4553314121037464,0.9947368421052631,3.5893038576637695,215,25,190,0.11627906976744186,1.0,3.371711446902469,233,43,190,0.18454935622317598,1.0,4.465233211408824,200,11,189,0.055,0.9947368421052631,3.8569284040551133,204,14,190,0.06862745098039216,1.0,1.136059
nmix,nmix,250,80,0.8,20,209,520,330,190,229,44,185,0.6346153846153846,1.0,0.19213973799126638,0.9736842105263158,868,678,190,271,85,186,0.7811059907834101,1.0,0.31365313653136534,0.9789473684210527,3.5938822424009165,210,20,190,0.09523809523809523,1.0,3.40157175649463,221,31,190,0.14027149321266968,1.0,4.204726752300073,199,10,189,0.05025125628140704,0.9947368421052631,3.743064631300113,205,15,190,0.07317073170731707,1.0,1.139902
nmix,nmix,250,80,0.8,20,210,411,221,190,217,28,189,0.537712895377129,1.0,0.12903225806451613,0.9947368421052631,680,490,190,235,46,189,0.7205882352941176,1.0,0.19574468085106383,0.9947368421052631,3.6338119688526125,201,11,190,0.05472636815920398,1.0,3.3967915026308964,213,23,190,0.107981220657277,1.0,4.376512913863935,194,4,190,0.020618556701030927,1.0,3.6338119688526125,201,11,190,0.05472636815920398,1.0,1.313971
nmix,nmix,250,80,0.8,20,211,558,368,190,241,52,189,0.6594982078853047,1.0,0.2157676348547718,0.9947368421052631,978,788,190,269,80,189,0.8057259713701431,1.0,0.29739776951672864,0.9947368421052631,3.5824100334886393,220,30,190,0.13636363636363635,1.0,3.372115940702437,234,44,190,0.18803418803418803,1.0,4.244486789501438,197,7,190,0.03553299492385787,1.0,3.7608378857411924,207,17,190,0.0821256038647343,1.0,1.223994
nmix,nmix,250,80,0.8,20,212,593,403,190,245,55,190,0.6795952782462057,1.0,0.22448979591836735,1.0,1071,881,190,299,109,190,0.8225957049486461,1.0,0.36454849498327757,1.0,3.6651685294510843,211,21,190,0.0995260663507109,1.0,3.383928033069776,226,36,190,0.1592920353982301,1.0,4.281398027098945,196,6,190,0.030612244897959183,1.0,3.6651685294510843,211,21,190,0.0995260663507109,1.0,1.144579
nmix,nmix,250,80,0.8,20,213,625,435,190,254,66,188,0.696,1.0,0.25984251968503935,0.9894736842105263,1065,875,190,304,115,189,0.8215962441314554,1.0,0.3782894736842105,0.9947368421052631,3.5938032540455223,213,23,190,0.107981220657277,1.0,3.38803963685202,231,41,190,0.1774891774891775,1.0,4.130527999318349,198,8,190,0.04040404040404041,1.0,3.69282584424873,209,19,190,0.09090909090909091,1.0,1.212433
nmix,nmix,250,80,0.8,20,214,523,333,190,236,47,189,0.6367112810707457,1.0,0.19915254237288135,0.9947368421052631,869,679,190,260,71,189,0.7813578826237054,1.0,0.27307692307692305,0.9947368421052631,3.6040446905358414,208,18,190,0.08653846153846154,1.0,3.3907620545851267,226,36,190,0.1592920353982301,1.0,4.166454675898571,199,9,190,0.04522613065326633,1.0,3.6406658704527035,205,15,190,0.07317073170731707,1.0,1.092304
nmix,nmix,250,80,0.8,20,215,513,323,190,236,46,190,0.6296296296296297,1.0,0.19491525423728814,1.0,904,714,190,263,73,190,0.7898230088495575,1.0,0.27756653992395436,1.0,3.59478447907152,208,18,190,0.08653846153846154,1.0,3.4048294455518913,219,29,190,0.1324200913242009,1.0,4.314818048523172,196,6,190,0.030612244897959183,1.0,3.720625064000702,205,15,190,0.07317073170731707,1.0,1.23967
nmix,nmix,250,80,0.8,20,216,578,391,187,238,58,180,0.6764705882352942,0.9842105263157894,0.24369747899159663,0.9473684210526315,1009,820,189,280,98,182,0.8126858275520317,0.9947368421052631,0.35,0.9578947368421052,3.58750674068429,215,27,188,0.12558139534883722,0.9894736842105263,3.380603876585417,229,40,189,0.17467248908296942,0.9947368421052631,4.077696124623962,193,8,185,0.04145077720207254,0.9736842105263158,3.653312716226562,208,20,188,0.09615384615384616,0.9894736842105263,1.18892
nmix,nmix,250,80,0.8,20,217,449,259,190,218,35,183,0.576837416481069,1.0,0.16055045871559634,0.9631578947368421,777,587,190,250,63,187,0.7554697554697555,1.0,0.252,0.9842105263157894,3.6480519987640587,206,16,190,0.07766990291262135,1.0,3.3954545722255856,219,29,190,0.1324200913242009,1.0,3.9862675780911947,194,4,190,0.020618556701030927,1.0,3.6480519987640587,206,16,190,0.07766990291262135,1.0,1.141788
nmix,nmix,250,80,0.8,20,218,656,466,190,265,77,188,0.7103658536585366,1.0,0.29056603773584905,0.9894736842105263,1174,984,190,316,126,190,0.838160136286201,1.0,0.3987341772151899,1.0,3.642413880366953,215,25,190,0.11627906976744186,1.0,3.3754397851566855,233,43,190,0.18454935622317598,1.0,4.204679566968921,197,7,190,0.03553299492385787,1.0,3.7489630696353275,213,23,190,0.107981220657277,1.0,1.245593
nmix,nmix,250,80,0.8,20,219,698,511,187,248,71,177,0.7320916905444126,0.9842105263157894,0.2862903225806452,0.9315789473684211,1261,1074,187,287,106,181,0.8517049960348929,0.9842105263157894,0.3693379790940767,0.9526315789473684,3.607963444251709,197,12,185,0.06091370558375635,0.9736842105263158,3.412189133458831,208,21,187,0.10096153846153846,0.9842105263157894,4.174423803132588,187,5,182,0.026737967914438502,0.9578947368421052,3.7167429245700734,196,11,185,0.05612244897959184,0.9736842105263158,1.299546
nmix,nmix,250,80,0.8,20,220,491,301,190,220,40,180,0.6130346232179226,1.0,0.18181818181818182,0.9473684210526315,880,690,190,247,64,183,0.7840909090909091,1.0,0.2591093117408907,0.9631578947368421,3.596922966934741,213,23,190,0.107981220657277,1.0,3.4033653998610376,220,30,190,0.13636363636363635,1.0,4.021790422593387,202,12,190,0.0594059405940594,1.0,3.596922966934741,213,23,190,0.107981220657277,1.0,1.264844
nmix,nmix,250,80,0.8,20,221,808,622,186,259,77,182,0.7698019801980198,0.9789473684210527,0.2972972972972973,0.9578947368421052,1454,1266,188,314,130,184,0.8707015130674003,0.9894736842105263,0.4140127388535032,0.968421052631579,3.6095241365401733,204,19,185,0.09313725490196079,0.9736842105263158,3.401338457118557,218,32,186,0.14678899082568808,0.9789473684210527,4.427715649628771,191,7,184,0.03664921465968586,0.968421052631579,3.814920314158247,200,15,185,0.075,0.9736842105263158,1.148199
nmix,nmix,250,80,0.8,20,222,839,649,190,308,118,190,0.7735399284862932,1.0,0.38311688311688313,1.0,1503,1313,190,364,174,190,0.8735861610113107,1.0,0.47802197802197804,1.0,3.5837524917425494,212,22,190,0.10377358490566038,1.0,3.398576147944654,224,34,190,0.15178571428571427,1.0,4.193177340360825,199,9,190,0.04522613065326633,1.0,3.6932908439319303,208,18,190,0.08653846153846154,1.0,1.174959
nmix,nmix,250,80,0.8,20,223,521,331,190,237,47,190,0.6353166986564299,1.0,0.19831223628691982,1.0,913,723,190,269,79,190,0.791894852135816,1.0,0.2936802973977695,1.0,3.6605843051515095,207,17,190,0.0821256038647343,1.0,3.3944847717180897,222,32,190,0.14414414414414414,1.0,4.003132952305507,201,11,190,0.05472636815920398,1.0,3.6605843051515095,207,17,190,0.0821256038647343,1.0,1.199576
nmix,nmix,250,80,0.8,20,224,556,366,190,231,41,190,0.658273381294964,1.0,0.1774891774891775,1.0,847,657,190,265,75,190,0.7756788665879575,1.0,0.2830188679245283,1.0,3.5954084637931887,212,22,190,0.10377358490566038,1.0,3.3897753973493607,222,32,190,0.14414414414414414,1.0,4.556971509345994,195,5,190,0.02564102564102564,1.0,3.7155451554490577,208,18,190,0.08653846153846154,1.0,1.112183
nmix,nmix,250,80,0.8,20,225,355,165,190,210,24,186,0.4647887323943662,1.0,0.11428571428571428,0.9789473684210527,589,399,190,227,40,187,0.6774193548387096,1.0,0.1762114537444934,0.9842105263157894,3.5926197492139336,204,14,190,0.06862745098039216,1.0,3.3891061383866647,219,29,190,0.1324200913242009,1.0,4.2032712110339965,194,4,190,0.020618556701030927,1.0,3.6428750730882973,202,12,190,0.0594059405940594,1.0,1.316843
nmix,nmix,250,80,0.8,20,226,435,245,190,226,36,190,0.5632183908045977,1.0,0.1592920353982301,1.0,749,559,190,248,58,190,0.7463284379172229,1.0,0.23387096774193547,1.0,3.597300206110258,205,15,190,0.07317073170731707,1.0,3.4026622490151994,218,28,190,0.12844036697247707,1.0,4.123190786564784,197,7,190,0.03553299492385787,1.0,3.719466721936864,201,11,190,0.05472636815920398,1.0,1.168436
nmix,nmix,250,80,0.8,20,227,618,428,190,254,64,190,0.6925566343042071,1.0,0.25196850393700787,1.0,1037,847,190,286,96,190,0.8167791706846673,1.0,0.3356643356643357,1.0,3.5924080593735788,220,30,190,0.13636363636363635,1.0,3.3831732564034045,229,39,190,0.1703056768558952,1.0,4.305769265560666,203,13,190,0.06403940886699508,1.0,3.727870463124752,214,24,190,0.11214953271028037,1.0,1.226683
nmix,nmix,250,80,0.8,20,228,689,499,190,262,73,189,0.7242380261248186,1.0,0.2786259541984733,0.9947368421052631,1273,1083,190,308,119,189,0.8507462686567164,1.0,0.38636363636363635,0.9947368421052631,3.607185721156254,208,18,190,0.08653846153846154,1.0,3.3899029607889193,226,36,190,0.1592920353982301,1.0,4.438382243909831,196,6,190,0.030612244897959183,1.0,3.789396362747757,206,16,190,0.07766990291262135,1.0,1.198216
nmix,nmix,250,80,0.8,20,229,604,415,189,261,76,185,0.6870860927152318,0.9947368421052631,0.29118773946360155,0.9736842105263158,1061,872,189,296,109,187,0.82186616399623,0.9947368421052631,0.36824324324324326,0.9842105263157894,3.6021327248070105,216,27,189,0.125,0.9947368421052631,3.369579917399097,235,46,189,0.19574468085106383,0.9947368421052631,4.088428085119708,194,6,188,0.030927835051546393,0.9894736842105263,3.678218089098708,209,20,189,0.09569377990430622,0.9947368421052631,1.152859
nmix,nmix,250,80,0.8,20,230,489,299,190,219,31,188,0.6114519427402862,1.0,0.1415525114155251,0.9894736842105263,769,579,190,248,60,188,0.752925877763329,1.0,0.24193548387096775,0.9894736842105263,3.624965349569433,203,13,190,0.06403940886699508,1.0,3.409714329016446,216,26,190,0.12037037037037036,1.0,4.071556777841182,196,6,190,0.030612244897959183,1.0,3.624965349569433,203,13,190,0.06403940886699508,1.0,1.315335
nmix,nmix,250,80,0.8,20,231,776,586,190,286,100,186,0.7551546391752577,1.0,0.34965034965034963,0.9789473684210527,1466,1276,190,334,148,186,0.8703956343792633,1.0,0.4431137724550898,0.9789473684210527,3.6240836794282494,206,16,190,0.07766990291262135,1.0,3.3805511033079654,226,36,190,0.1592920353982301,1.0,4.276130235220651,192,3,189,0.015625,0.9947368421052631,3.774994612349411,200,10,190,0.05,1.0,1.117234
nmix,nmix,250,80,0.8,20,232,534,344,190,249,63,186,0.6441947565543071,1.0,0.25301204819277107,0.9789473684210527,991,801,190,288,101,187,0.8082744702320888,1.0,0.3506944444444444,0.9842105263157894,3.6214998014662556,203,13,190,0.06403940886699508,1.0,3.385375296477081,223,33,190,0.14798206278026907,1.0,4.126638923319009,194,5,189,0.02577319587628866,0.9947368421052631,3.6865080880337686,201,11,190,0.05472636815920398,1.0,1.122888
nmix,nmix,250,80,0.8,20,233,516,328,188,230,58,172,0.6356589147286822,0.9894736842105263,0.25217391304347825,0.9052631578947369,834,645,189,270,92,178,0.7733812949640287,0.9947368421052631,0.34074074074074073,0.9368421052631579,3.6215619060054918,214,26,188,0.12149532710280374,0.9894736842105263,3.3789666537234693,227,38,189,0.16740088105726872,0.9947368421052631,4.003326547516084,203,15,188,0.07389162561576355,0.9894736842105263,3.6215619060054918,214,26,188,0.12149532710280374,0.9894736842105263,1.183868
nmix,nmix,250,80,0.8,20,234,585,395,190,246,56,190,0.6752136752136753,1.0,0.22764227642276422,1.0,1090,900,190,275,85,190,0.8256880733944955,1.0,0.3090909090909091,1.0,3.686926426931902,204,14,190,0.06862745098039216,1.0,3.413897533433542,216,26,190,0.12037037037037036,1.0,4.883478187112778,192,2,190,0.010416666666666666,1.0,3.9610479397013783,198,8,190,0.04040404040404041,1.0,1.212346
nmix,nmix,250,80,0.8,20,235,581,391,190,241,51,190,0.6729776247848537,1.0,0.21161825726141079,1.0,1008,818,190,273,83,190,0.8115079365079365,1.0,0.304029304029304,1.0,3.5865162981671856,209,19,190,0.09090909090909091,1.0,3.3884338067766233,226,36,190,0.1592920353982301,1.0,4.554216844348555,195,5,190,0.02564102564102564,1.0,3.800838196386101,200,10,190,0.05,1.0,1.268098
nmix,nmix,250,80,0.8,20,236,614,424,190,256,69,187,0.6905537459283387,1.0,0.26953125,0.9842105263157894,978,788,190,290,103,187,0.8057259713701431,1.0,0.35517241379310344,0.9842105263157894,3.6151687332749876,205,15,190,0.07317073170731707,1.0,3.393575030219147,223,33,190,0.14798206278026907,1.0,4.140979205649345,193,3,190,0.015544041450777202,1.0,3.636786279261601,203,13,190,0.06403940886699508,1.0,1.295461
nmix,nmix,250,80,0.8,20,237,482,292,190,214,25,189,0.6058091286307054,1.0,0.11682242990654206,0.9947368421052631,916,726,190,246,56,190,0.7925764192139738,1.0,0.22764227642276422,1.0,3.6923923387564823,200,10,190,0.05,1.0,3.409307405842757,208,18,190,0.08653846153846154,1.0,4.064190339108897,196,6,190,0.030612244897959183,1.0,3.6923923387564823,200,10,190,0.05,1.0,1.104215
nmix,nmix,250,80,0.8,20,238,628,438,190,260,71,189,0.697452229299363,1.0,0.27307692307692305,0.9947368421052631,1080,890,190,315,126,189,0.8240740740740741,1.0,0.4,0.9947368421052631,3.582931404197769,217,27,190,0.12442396313364056,1.0,3.3905428348562303,229,39,190,0.1703056768558952,1.0,4.465916566161573,194,5,189,0.02577319587628866,0.9947368421052631,3.7889594676339033,205,15,190,0.07317073170731707,1.0,1.222604
nmix,nmix,250,80,0.8,20,239,622,432,190,243,54,189,0.6945337620578779,1.0,0.2222222222222222,0.9947368421052631,1067,877,190,275,85,190,0.8219306466729147,1.0,0.3090909090909091,1.0,3.6130338597742746,209,19,190,0.09090909090909091,1.0,3.4072625612621374,220,30,190,0.13636363636363635,1.0,4.195594521013397,196,6,190,0.030612244897959183,1.0,3.657723346112909,203,13,190,0.06403940886699508,1.0,1.264952
nmix,nmix,250,80,0.8,20,240,886,696,190,277,90,187,0.7855530474040632,1.0,0.3249097472924188,0.9842105263157894,1527,1337,190,344,155,189,0.8755730189914865,1.0,0.45058139534883723,0.9947368421052631,3.6227287592362565,204,14,190,0.06862745098039216,1.0,3.3795436529350127,226,36,190,0.1592920353982301,1.0,4.4741150781141465,194,5,189,0.02577319587628866,0.9947368421052631,3.7583542813705515,201,11,190,0.05472636815920398,1.0,1.218078
nmix,nmix,250,80,0.8,20,241,1143,958,185,312,151,161,0.8381452318460193,0.9736842105263158,0.483974358974359,0.8473684210526315,1991,1804,187,434,261,173,0.9060773480662984,0.9842105263157894,0.6013824884792627,0.9105263157894737,3.5972464561579995,201,19,182,0.0945273631840796,0.9578947368421052,3.3746162562833084,231,47,184,0.20346320346320346,0.968421052631579,4.451515877218055,160,6,154,0.0375,0.8105263157894737,3.7442430107651723,196,15,181,0.07653061224489796,0.9526315789473684,1.110705
nmix,nmix,250,80,0.8,20,242,590,402,188,233,52,181,0.6813559322033899,0.9894736842105263,0.22317596566523606,0.9526315789473684,1112,923,189,273,90,183,0.8300359712230215,0.9947368421052631,0.32967032967032966,0.9631578947368421,3.650700908993202,198,10,188,0.050505050505050504,0.9894736842105263,3.4054798884936606,208,20,188,0.09615384615384616,0.9894736842105263,4.109529278591523,191,5,186,0.02617801047120419,0.9789473684210527,3.679747169153923,197,9,188,0.04568527918781726,0.9894736842105263,1.129875
nmix,nmix,250,80,0.8,20,243,529,339,190,232,44,188,0.6408317580340265,1.0,0.1896551724137931,0.9894736842105263,951,761,190,269,80,189,0.8002103049421662,1.0,0.29739776951672864,0.9947368421052631,3.6008498998385052,203,13,190,0.06403940886699508,1.0,3.421347571652992,214,24,190,0.11214953271028037,1.0,4.1670986679379824,193,4,189,0.02072538860103627,0.9947368421052631,3.7350603315111104,198,8,190,0.04040404040404041,1.0,1.271918
nmix,nmix,250,80,0.8,20,244,449,260,189,225,41,184,0.579064587973274,0.9947368421052631,0.18222222222222223,0.968421052631579,714,524,190,244,59,185,0.7338935574229691,1.0,0.24180327868852458,0.9736842105263158,3.586460437691015,212,22,190,0.10377358490566038,1.0,3.3912832973211526,225,35,190,0.15555555555555556,1.0,4.257904148483801,196,8,188,0.04081632653061224,0.9894736842105263,3.758687974992611,206,16,190,0.07766990291262135,1.0,1.347834
nmix,nmix,250,80,0.8,20,245,705,519,186,253,76,177,0.7361702127659574,0.9789473684210527,0.30039525691699603,0.9315789473684211,1209,1021,188,289,107,182,0.8444995864350703,0.9894736842105263,0.370242214532872,0.9578947368421052,3.616357278949207,208,22,186,0.10576923076923077,0.9789473684210527,3.3776826881512,229,43,186,0.18777292576419213,0.9789473684210527,4.43228710491014,189,5,184,0.026455026455026454,0.968421052631579,3.8939874408508626,199,14,185,0.07035175879396985,0.9736842105263158,1.26534
nmix,nmix,250,80,0.8,20,246,561,373,188,231,54,177,0.6648841354723708,0.9894736842105263,0.23376623376623376,0.9315789473684211,951,763,188,276,93,183,0.8023133543638276,0.9894736842105263,0.33695652173913043,0.9631578947368421,3.5936249240642866,206,18,188,0.08737864077669903,0.9894736842105263,3.395255814626187,221,33,188,0.1493212669683258,0.9894736842105263,4.102125533383707,195,9,186,0.046153846153846156,0.9789473684210527,3.6342153859243833,205,17,188,0.08292682926829269,0.9894736842105263,1.1336
nmix,nmix,250,80,0.8,20,247,560,370,190,238,49,189,0.6607142857142857,1.0,0.20588235294117646,0.9947368421052631,946,756,190,288,98,190,0.7991543340380549,1.0,0.3402777777777778,1.0,3.6365350095254323,199,9,190,0.04522613065326633,1.0,3.397945728676385,212,22,190,0.10377358490566038,1.0,4.467393626730186,193,3,190,0.015544041450777202,1.0,3.8715828333657485,197,7,190,0.03553299492385787,1.0,1.15465
nmix,nmix,250,80,0.8,20,248,679,489,190,266,81,185,0.7201767304860088,1.0,0.30451127819548873,0.9736842105263158,1205,1015,190,311,125,186,0.8423236514522822,1.0,0.40192926045016075,0.9789473684210527,3.591377740589981,209,20,189,0.09569377990430622,0.9947368421052631,3.4110458281100144,222,32,190,0.14414414414414414,1.0,4.150062839254127,201,14,187,0.06965174129353234,0.9842105263157894,3.6947288124879676,208,19,189,0.09134615384615384,0.9947368421052631,1.254222
nmix,nmix,250,80,0.8,20,249,631,443,188,252,65,187,0.7020602218700476,0.9894736842105263,0.25793650793650796,0.9842105263157894,1072,882,190,296,109,187,0.8227611940298507,1.0,0.36824324324324326,0.9842105263157894,3.587634636484663,214,26,188,0.12149532710280374,0.9894736842105263,3.3882635919092663,226,38,188,0.168141592920354,0.9894736842105263,4.184223363959292,195,7,188,0.035897435897435895,0.9894736842105263,3.6331074126637533,211,23,188,0.10900473933649289,0.9894736842105263,1.098989
nmix,nmix,250,80,0.8,20,250,474,285,189,218,33,185,0.6012658227848101,0.9947368421052631,0.15137614678899083,0.9736842105263158,776,586,190,247,61,186,0.7551546391752577,1.0,0.24696356275303644,0.9789473684210527,3.5999630666215774,211,22,189,0.10426540284360189,0.9947368421052631,3.4053464763779457,221,31,190,0.14027149321266968,1.0,3.9736365649350978,196,8,188,0.04081632653061224,0.9894736842105263,3.5999630666215774,211,22,189,0.10426540284360189,0.9947368421052631,1.218415
nmix,nmix,250,80,0.8,20,251,610,427,183,225,55,170,0.7,0.9631578947368421,0.24444444444444444,0.8947368421052632,1125,938,187,266,93,173,0.8337777777777777,0.9842105263157894,0.34962406015037595,0.9105263157894737,3.6079865369996735,199,16,183,0.08040201005025126,0.9631578947368421,3.4131662598029213,206,23,183,0.11165048543689321,0.9631578947368421,4.1279513140900805,179,3,176,0.01675977653631285,0.9263157894736842,3.661008059510749,196,15,181,0.07653061224489796,0.9526315789473684,1.1898
nmix,nmix,250,80,0.8,20,252,560,372,188,206,38,168,0.6642857142857143,0.9894736842105263,0.18446601941747573,0.8842105263157894,1005,815,190,250,77,173,0.8109452736318408,1.0,0.308,0.9105263157894737,3.612431822470783,205,18,187,0.08780487804878048,0.9842105263157894,3.403361728217482,213,24,189,0.11267605633802817,0.9947368421052631,4.0058420520310465,189,8,181,0.042328042328042326,0.9526315789473684,3.612431822470783,205,18,187,0.08780487804878048,0.9842105263157894,1.165258
nmix,nmix,250,80,0.8,20,253,657,468,189,258,72,186,0.7123287671232876,0.9947368421052631,0.27906976744186046,0.9789473684210527,1176,986,190,302,115,187,0.8384353741496599,1.0,0.38079470198675497,0.9842105263157894,3.594570221303598,205,16,189,0.07804878048780488,0.9947368421052631,3.3911414689312345,219,30,189,0.136986301369863,0.9947368421052631,4.333501186497377,193,5,188,0.025906735751295335,0.9894736842105263,3.7284577512954136,202,13,189,0.06435643564356436,0.9947368421052631,1.435811
nmix,nmix,250,80,0.8,20,254,1026,836,190,320,130,190,0.8148148148148148,1.0,0.40625,1.0,1839,1649,190,384,194,190,0.8966829798803697,1.0,0.5052083333333334,1.0,3.612751986279711,209,19,190,0.09090909090909091,1.0,3.4276982171467734,218,28,190,0.12844036697247707,1.0,4.733934804824006,194,4,190,0.020618556701030927,1.0,4.092009227367021,200,10,190,0.05,1.0,1.098763
nmix,nmix,250,80,0.8,20,255,585,397,188,235,52,183,0.6786324786324787,0.9894736842105263,0.22127659574468084,0.9631578947368421,966,777,189,264,80,184,0.8043478260869565,0.9947368421052631,0.30303030303030304,0.968421052631579,3.6007355656362665,202,14,188,0.06930693069306931,0.9894736842105263,3.3996496077652507,213,24,189,0.11267605633802817,0.9947368421052631,4.098385025375243,193,5,188,0.025906735751295335,0.9894736842105263,3.6771657235936273,201,13,188,0.06467661691542288,0.9894736842105263,1.218803
nmix,nmix,250,80,0.8,20,256,835,645,190,274,85,189,0.7724550898203593,1.0,0.3102189781021898,0.9947368421052631,1495,1305,190,332,143,189,0.8729096989966555,1.0,0.4307228915662651,0.9947368421052631,3.608180132524378,201,11,190,0.05472636815920398,1.0,3.413266472353863,219,29,190,0.1324200913242009,1.0,4.386716852017267,192,3,189,0.015625,0.9947368421052631,3.8258112515597253,196,7,189,0.03571428571428571,0.9947368421052631,1.185982
nmix,nmix,250,80,0.8,20,257,529,340,189,229,56,173,0.6427221172022685,0.9947368421052631,0.2445414847161572,0.9105263157894737,899,710,189,263,84,179,0.7897664071190211,0.9947368421052631,0.3193916349809886,0.9421052631578948,3.586429435446173,214,25,189,0.11682242990654206,0.9947368421052631,3.408939638353964,226,37,189,0.16371681415929204,0.9947368421052631,4.003192299026133,194,10,184,0.05154639175257732,0.968421052631579,3.6019045382288604,212,23,189,0.10849056603773585,0.9947368421052631,1.162812
nmix,nmix,250,80,0.8,20,258,767,581,186,269,88,181,0.757496740547588,0.9789473684210527,0.3271375464684015,0.9526315789473684,1334,1145,189,325,143,182,0.8583208395802099,0.9947368421052631,0.44,0.9578947368421052,3.602911334084148,202,16,186,0.07920792079207921,0.9789473684210527,3.387862017471226,220,34,186,0.15454545454545454,0.9789473684210527,4.32178464425165,187,5,182,0.026737967914438502,0.9578947368421052,3.714338887316978,198,13,185,0.06565656565656566,0.9736842105263158,1.197334
nmix,nmix,250,80,0.8,20,259,945,756,189,292,103,189,0.8,0.9947368421052631,0.3527397260273973,0.9947368421052631,1638,1448,190,374,185,189,0.884004884004884,1.0,0.4946524064171123,0.9947368421052631,3.6727967571917692,204,15,189,0.07352941176470588,0.9947368421052631,3.409457380071798,217,28,189,0.12903225806451613,0.9947368421052631,4.472218430688947,197,8,189,0.04060913705583756,0.9947368421052631,3.869513178983971,199,10,189,0.05025125628140704,0.9947368421052631,1.120813
nmix,nmix,250,80,0.8,20,260,595,407,188,229,60,169,0.6840336134453782,0.9894736842105263,0.26200873362445415,0.8894736842105263,956,767,189,255,85,170,0.8023012552301255,0.9947368421052631,0.3333333333333333,0.8947368421052632,3.609977171488501,202,17,185,0.08415841584158416,0.9736842105263158,3.403994840281727,220,32,188,0.14545454545454545,0.9894736842105263,4.0164627580958605,184,6,178,0.03260869565217391,0.9368421052631579,3.609977171488501,202,17,185,0.08415841584158416,0.9736842105263158,1.240233
nmix,nmix,250,80,0.8,20,261,507,317,190,240,50,190,0.6252465483234714,1.0,0.20833333333333334,1.0,829,639,190,272,82,190,0.7708082026537998,1.0,0.3014705882352941,1.0,3.6993112261984984,203,13,190,0.06403940886699508,1.0,3.407075816327924,215,25,190,0.11627906976744186,1.0,4.205243535601589,195,5,190,0.02564102564102564,1.0,3.6993112261984984,203,13,190,0.06403940886699508,1.0,1.138196
nmix,nmix,250,80,0.8,20,262,474,288,186,219,35,184,0.6075949367088608,0.9789473684210527,0.1598173515981735,0.968421052631579,863,677,186,247,62,185,0.7844727694090382,0.9789473684210527,0.25101214574898784,0.9736842105263158,3.69327400453521,198,12,186,0.06060606060606061,0.9789473684210527,3.4487194117346833,210,24,186,0.11428571428571428,0.9789473684210527,4.060298382146204,187,2,185,0.0106951871657754,0.9736842105263158,3.69327400453521,198,12,186,0.06060606060606061,0.9789473684210527,1.376554
nmix,nmix,250,80,0.8,20,263,690,501,189,250,61,189,0.7260869565217392,0.9947368421052631,0.244,0.9947368421052631,1208,1018,190,293,104,189,0.8427152317880795,1.0,0.35494880546075086,0.9947368421052631,3.596245051052632,203,14,189,0.06896551724137931,0.9947368421052631,3.393326185226106,220,30,190,0.13636363636363635,1.0,5.086405443387892,190,1,189,0.005263157894736842,0.9947368421052631,3.7485108538549725,195,6,189,0.03076923076923077,0.9947368421052631,1.210485
nmix,nmix,250,80,0.8,20,264,468,284,184,214,45,169,0.6068376068376068,0.968421052631579,0.2102803738317757,0.8894736842105263,828,640,188,246,69,177,0.7729468599033816,0.9894736842105263,0.2804878048780488,0.9315789473684211,3.6405486609519073,206,20,186,0.0970873786407767,0.9789473684210527,3.395832158732912,219,32,187,0.1461187214611872,0.9842105263157894,3.9947318897320834,195,13,182,0.06666666666666667,0.9578947368421052,3.5769257879874337,208,22,186,0.10576923076923077,0.9789473684210527,1.128614
nmix,nmix,250,80,0.8,20,265,857,667,190,275,89,186,0.7782963827304551,1.0,0.3236363636363636,0.9789473684210527,1501,1311,190,366,177,189,0.8734177215189873,1.0,0.48360655737704916,0.9947368421052631,3.6109760398681754,203,13,190,0.06403940886699508,1.0,3.3976794174792473,217,27,190,0.12442396313364056,1.0,4.293639500975369,195,5,190,0.02564102564102564,1.0,3.7489110340798293,201,11,190,0.05472636815920398,1.0,1.254786
nmix,nmix,250,80,0.8,20,266,489,299,190,237,47,190,0.6114519427402862,1.0,0.19831223628691982,1.0,808,618,190,265,75,190,0.7648514851485149,1.0,0.2830188679245283,1.0,3.622553470908045,205,15,190,0.07317073170731707,1.0,3.396067615020258,222,32,190,0.14414414414414414,1.0,4.6698527872098,194,4,190,0.020618556701030927,1.0,3.8523459147300754,196,6,190,0.030612244897959183,1.0,1.148045
nmix,nmix,250,80,0.8,20,267,439,249,190,218,30,188,0.5671981776765376,1.0,0.13761467889908258,0.9894736842105263,793,603,190,237,49,188,0.7604035308953342,1.0,0.20675105485232068,0.9894736842105263,3.612208642974015,206,16,190,0.07766990291262135,1.0,3.3889635319513407,220,30,190,0.13636363636363635,1.0,4.122302325850975,195,5,190,0.02564102564102564,1.0,3.6914851702134945,205,15,190,0.07317073170731707,1.0,1.256752
nmix,nmix,250,80,0.8,20,268,650,460,190,257,67,190,0.7076923076923077,1.0,0.2607003891050584,1.0,1085,895,190,303,113,190,0.8248847926267281,1.0,0.37293729372937295,1.0,3.59711357113492,214,24,190,0.11214953271028037,1.0,3.3778477059462673,232,42,190,0.1810344827586207,1.0,4.264163594126795,200,10,190,0.05,1.0,3.752360802729599,212,22,190,0.10377358490566038,1.0,1.178664
nmix,nmix,250,80,0.8,20,269,629,439,190,250,61,189,0.6979332273449921,1.0,0.244,0.9947368421052631,1156,966,190,295,105,190,0.8356401384083045,1.0,0.3559322033898305,1.0,3.6147895928646916,213,23,190,0.107981220657277,1.0,3.395197764251192,226,36,190,0.1592920353982301,1.0,4.236717533259925,200,10,190,0.05,1.0,3.7053136242163256,210,20,190,0.09523809523809523,1.0,1.173646
nmix,nmix,250,80,0.8,20,270,542,353,189,239,52,187,0.6512915129151291,0.9947368421052631,0.2175732217573222,0.9842105263157894,962,772,190,267,78,189,0.8024948024948025,1.0,0.29213483146067415,0.9947368421052631,3.5834111605628536,214,25,189,0.11682242990654206,0.9947368421052631,3.3916600158358485,233,43,190,0.18454935622317598,1.0,4.319836935169997,195,6,189,0.03076923076923077,0.9947368421052631,3.7110383810499497,205,16,189,0.07804878048780488,0.9947368421052631,1.337139
nmix,nmix,250,80,0.8,20,271,783,594,189,275,87,188,0.7586206896551724,0.9947368421052631,0.31636363636363635,0.9894736842105263,1418,1229,189,320,132,188,0.8667136812411848,0.9947368421052631,0.4125,0.9894736842105263,3.5890092131648386,219,30,189,0.136986301369863,0.9947368421052631,3.3721069225273443,239,50,189,0.20920502092050208,0.9947368421052631,4.446752879776366,193,5,188,0.025906735751295335,0.9894736842105263,3.9119432130343332,198,9,189,0.045454545454545456,0.9947368421052631,1.18993
nmix,nmix,250,80,0.8,20,272,589,399,190,242,55,187,0.6774193548387096,1.0,0.22727272727272727,0.9842105263157894,1118,928,190,289,100,189,0.8300536672629696,1.0,0.3460207612456747,0.9947368421052631,3.594953916973669,209,19,190,0.09090909090909091,1.0,3.413321686682101,224,34,190,0.15178571428571427,1.0,4.121027591593307,196,7,189,0.03571428571428571,0.9947368421052631,3.6944823281178993,208,18,190,0.08653846153846154,1.0,1.122122
nmix,nmix,250,80,0.8,20,273,625,458,167,207,75,132,0.7328,0.8789473684210526,0.36231884057971014,0.6947368421052632,1200,1024,176,260,122,138,0.8533333333333334,0.9263157894736842,0.46923076923076923,0.7263157894736842,3.6597259343988116,172,14,158,0.08139534883720931,0.8315789473684211,3.438179425682042,189,26,163,0.13756613756613756,0.8578947368421053,4.24001467638427,141,4,137,0.028368794326241134,0.7210526315789474,3.7039034428670328,168,13,155,0.07738095238095238,0.8157894736842105,1.22727
nmix,nmix,250,80,0.8,20,274,511,321,190,228,39,189,0.6281800391389433,1.0,0.17105263157894737,0.9947368421052631,848,658,190,249,60,189,0.7759433962264151,1.0,0.24096385542168675,0.9947368421052631,3.592689974041214,210,20,190,0.09523809523809523,1.0,3.411434765814736,218,28,190,0.12844036697247707,1.0,4.36718660360073,193,3,190,0.015544041450777202,1.0,3.815538200520944,200,10,190,0.05,1.0,1.097662
nmix,nmix,250,80,0.8,20,275,553,363,190,246,57,189,0.6564195298372514,1.0,0.23170731707317074,0.9947368421052631,990,800,190,288,99,189,0.8080808080808081,1.0,0.34375,0.9947368421052631,3.6195642254094404,205,15,190,0.07317073170731707,1.0,3.3931329377199626,217,27,190,0.12442396313364056,1.0,4.322543714748657,195,5,190,0.02564102564102564,1.0,3.756459451889192,202,12,190,0.0594059405940594,1.0,1.169439
nmix,nmix,250,80,0.8,20,276,540,350,190,243,53,190,0.6481481481481481,1.0,0.21810699588477367,1.0,951,761,190,274,84,190,0.8002103049421662,1.0,0.30656934306569344,1.0,3.6153798997201583,206,16,190,0.07766990291262135,1.0,3.398032131733039,213,23,190,0.107981220657277,1.0,4.546904731812445,195,5,190,0.02564102564102564,1.0,3.9052272185573007,201,11,190,0.05472636815920398,1.0,1.357028
nmix,nmix,250,80,0.8,20,277,627,438,189,245,56,189,0.6985645933014354,0.9947368421052631,0.22857142857142856,0.9947368421052631,1090,900,190,277,88,189,0.8256880733944955,1.0,0.3176895306859206,0.9947368421052631,3.6135891817708834,203,14,189,0.06896551724137931,0.9947368421052631,3.3974624359261685,212,23,189,0.10849056603773585,0.9947368421052631,4.18624049148951,194,5,189,0.02577319587628866,0.9947368421052631,3.791228911042908,198,9,189,0.045454545454545456,0.9947368421052631,1.149148
nmix,nmix,250,80,0.8,20,278,616,426,190,250,63,187,0.6915584415584416,1.0,0.252,0.9842105263157894,1113,923,190,288,100,188,0.8292902066486972,1.0,0.3472222222222222,0.9894736842105263,3.5955081560831266,207,17,190,0.0821256038647343,1.0,3.3984475901755524,223,33,190,0.14798206278026907,1.0,4.231199029302972,196,7,189,0.03571428571428571,0.9947368421052631,3.6370210616088485,204,14,190,0.06862745098039216,1.0,1.182265
nmix,nmix,250,80,0.8,20,279,663,473,190,263,73,190,0.7134238310708899,1.0,0.27756653992395436,1.0,1200,1010,190,307,117,190,0.8416666666666667,1.0,0.3811074918566775,1.0,3.6184318540294194,202,12,190,0.0594059405940594,1.0,3.427119345437884,210,20,190,0.09523809523809523,1.0,4.240214695461671,196,6,190,0.030612244897959183,1.0,3.6717463084717235,201,11,190,0.05472636815920398,1.0,1.263113
nmix,nmix,250,80,0.8,20,280,443,256,187,221,47,174,0.5778781038374717,0.9842105263157894,0.21266968325791855,0.9157894736842105,783,594,189,250,70,180,0.7586206896551724,0.9947368421052631,0.28,0.9473684210526315,3.6174186321586768,203,15,188,0.07389162561576355,0.9894736842105263,3.39818625923182,213,25,188,0.11737089201877934,0.9894736842105263,3.9194351398627685,192,7,185,0.036458333333333336,0.9736842105263158,3.5556691077960383,205,17,188,0.08292682926829269,0.9894736842105263,1.274095
nmix,nmix,250,80,0.8,20,281,559,369,190,236,47,189,0.6601073345259392,1.0,0.19915254237288135,0.9947368421052631,900,710,190,277,88,189,0.7888888888888889,1.0,0.3176895306859206,0.9947368421052631,3.591526751023981,208,18,190,0.08653846153846154,1.0,3.4014013911913974,220,30,190,0.13636363636363635,1.0,4.215863362521568,196,6,190,0.030612244897959183,1.0,3.765918803413946,200,10,190,0.05,1.0,1.241833
nmix,nmix,250,80,0.8,20,282,615,425,190,234,45,189,0.6910569105691057,1.0,0.19230769230769232,0.9947368421052631,1031,841,190,273,84,189,0.8157129000969933,1.0,0.3076923076923077,0.9947368421052631,3.589562134049129,209,19,190,0.09090909090909091,1.0,3.3929782243598203,222,32,190,0.14414414414414414,1.0,4.01101212782825,198,8,190,0.04040404040404041,1.0,3.589562134049129,209,19,190,0.09090909090909091,1.0,1.123254
nmix,nmix,250,80,0.8,20,283,908,720,188,283,103,180,0.7929515418502202,0.9894736842105263,0.36395759717314485,0.9473684210526315,1567,1378,189,365,183,182,0.8793873643905552,0.9947368421052631,0.5013698630136987,0.9578947368421052,3.6350761796562647,208,21,187,0.10096153846153846,0.9842105263157894,3.3918565526879516,223,35,188,0.15695067264573992,0.9894736842105263,4.122669425057386,193,8,185,0.04145077720207254,0.9736842105263158,3.6814010259417134,206,19,187,0.09223300970873786,0.9842105263157894,1.181048
nmix,nmix,250,80,0.8,20,284,1063,873,190,330,143,187,0.8212605832549389,1.0,0.43333333333333335,0.9842105263157894,1832,1642,190,414,225,189,0.8962882096069869,1.0,0.5434782608695652,0.9947368421052631,3.6158107515914737,211,22,189,0.10426540284360189,0.9947368421052631,3.396842889663009,232,42,190,0.1810344827586207,1.0,4.3887217633181015,197,8,189,0.04060913705583756,0.9947368421052631,3.798033314659198,205,16,189,0.07804878048780488,0.9947368421052631,1.139413
nmix,nmix,250,80,0.8,20,285,647,457,190,243,53,190,0.7063369397217929,1.0,0.21810699588477367,1.0,1071,881,190,284,94,190,0.8225957049486461,1.0,0.33098591549295775,1.0,3.595285561938067,202,12,190,0.0594059405940594,1.0,3.397591124049837,214,24,190,0.11214953271028037,1.0,4.193353779459373,193,3,190,0.015544041450777202,1.0,3.704030734273178,196,6,190,0.030612244897959183,1.0,1.248565
nmix,nmix,250,80,0.8,20,286,1016,828,188,316,131,185,0.8149606299212598,0.9894736842105263,0.41455696202531644,0.9736842105263158,1793,1603,190,374,188,186,0.894032348020078,1.0,0.5026737967914439,0.9789473684210527,3.592989808843453,215,27,188,0.12558139534883722,0.9894736842105263,3.3772425754574824,235,47,188,0.2,0.9894736842105263,4.302645808611026,199,13,186,0.06532663316582915,0.9789473684210527,3.7780702620394155,207,20,187,0.0966183574879227,0.9842105263157894,1.279063
nmix,nmix,250,80,0.8,20,287,583,393,190,259,69,190,0.6740994854202401,1.0,0.26640926640926643,1.0,983,793,190,295,105,190,0.8067141403865717,1.0,0.3559322033898305,1.0,3.613151986863891,216,26,190,0.12037037037037036,1.0,3.3679519993916274,237,47,190,0.19831223628691982,1.0,4.207041744305339,199,9,190,0.04522613065326633,1.0,3.720475855692996,212,22,190,0.10377358490566038,1.0,1.254216
nmix,nmix,250,80,0.8,20,288,563,374,189,235,50,185,0.6642984014209592,0.9947368421052631,0.2127659574468085,0.9736842105263158,902,712,190,261,74,187,0.7893569844789357,1.0,0.2835249042145594,0.9842105263157894,3.61629772610838,209,20,189,0.09569377990430622,0.9947368421052631,3.41232957305488,222,33,189,0.14864864864864866,0.9947368421052631,3.8982634215829743,196,7,189,0.03571428571428571,0.9947368421052631,3.5378285559299227,211,22,189,0.10426540284360189,0.9947368421052631,1.26781
nmix,nmix,250,80,0.8,20,289,433,248,185,218,42,176,0.5727482678983834,0.9736842105263158,0.1926605504587156,0.9263157894736842,746,557,189,240,60,180,0.7466487935656837,0.9947368421052631,0.25,0.9473684210526315,3.6078468549520397,200,12,188,0.06,0.9894736842105263,3.3861876672641174,221,33,188,0.1493212669683258,0.9894736842105263,3.9910147194211967,189,5,184,0.026455026455026454,0.968421052631579,3.575613075222657,203,15,188,0.07389162561576355,0.9894736842105263,1.128396
nmix,nmix,250,80,0.8,20,290,613,423,190,259,69,190,0.6900489396411092,1.0,0.26640926640926643,1.0,1062,872,190,297,107,190,0.8210922787193974,1.0,0.3602693602693603,1.0,3.5962253540378883,205,15,190,0.07317073170731707,1.0,3.3876563348373523,224,34,190,0.15178571428571427,1.0,4.736484048617419,194,4,190,0.020618556701030927,1.0,3.84578504260875,200,10,190,0.05,1.0,1.386005
nmix,nmix,250,80,0.8,20,291,708,518,190,272,82,190,0.731638418079096,1.0,0.3014705882352941,1.0,1237,1047,190,314,124,190,0.8464025869037995,1.0,0.39490445859872614,1.0,3.6846204527397473,210,20,190,0.09523809523809523,1.0,3.423842886665974,219,29,190,0.1324200913242009,1.0,4.328252202963527,198,8,190,0.04040404040404041,1.0,3.7970901221822433,207,17,190,0.0821256038647343,1.0,1.132729
nmix,nmix,250,80,0.8,20,292,801,611,190,261,75,186,0.762796504369538,1.0,0.28735632183908044,0.9789473684210527,1349,1159,190,318,131,187,0.8591549295774648,1.0,0.4119496855345912,0.9842105263157894,3.5915994947684564,210,20,190,0.09523809523809523,1.0,3.3772602905047555,228,38,190,0.16666666666666666,1.0,4.274423888763524,196,7,189,0.03571428571428571,0.9947368421052631,3.7059505188078994,204,14,190,0.06862745098039216,1.0,1.134329
nmix,nmix,250,80,0.8,20,293,613,424,189,235,53,182,0.6916802610114192,0.9947368421052631,0.225531914893617,0.9578947368421052,1050,860,190,274,91,183,0.819047619047619,1.0,0.33211678832116787,0.9631578947368421,3.592282234180551,205,16,189,0.07804878048780488,0.9947368421052631,3.3893680806151996,224,35,189,0.15625,0.9947368421052631,4.170607932738146,190,5,185,0.02631578947368421,0.9736842105263158,3.7052802066659467,199,11,188,0.05527638190954774,0.9894736842105263,1.252095
nmix,nmix,250,80,0.8,20,294,774,588,186,254,78,176,0.7596899224806202,0.9789473684210527,0.30708661417322836,0.9263157894736842,1500,1312,188,328,147,181,0.8746666666666667,0.9894736842105263,0.4481707317073171,0.9526315789473684,3.598323395162996,200,16,184,0.08,0.968421052631579,3.3944989345321672,214,28,186,0.1308411214953271,0.9789473684210527,4.316611525947382,186,5,181,0.026881720430107527,0.9526315789473684,3.8117136559215616,194,10,184,0.05154639175257732,0.968421052631579,1.207816
nmix,nmix,250,80,0.8,20,295,392,204,188,216,31,185,0.5204081632653061,0.9894736842105263,0.14351851851851852,0.9736842105263158,705,516,189,242,55,187,0.7319148936170212,0.9947368421052631,0.22727272727272727,0.9842105263157894,3.589588523367641,209,20,189,0.09569377990430622,0.9947368421052631,3.41288774198282,218,29,189,0.13302752293577982,0.9947368421052631,4.067739781435612,197,9,188,0.04568527918781726,0.9894736842105263,3.6320278850613246,206,17,189,0.0825242718446602,0.9947368421052631,1.499436
nmix,nmix,250,80,0.8,20,296,697,507,190,268,78,190,0.727403156384505,1.0,0.291044776119403,1.0,1239,1049,190,304,114,190,0.8466505246166263,1.0,0.375,1.0,3.5851960252662076,217,27,190,0.12442396313364056,1.0,3.3879250672105936,231,41,190,0.1774891774891775,1.0,4.110652388752769,201,11,190,0.05472636815920398,1.0,3.6631430946582975,211,21,190,0.0995260663507109,1.0,1.317658
nmix,nmix,250,80,0.8,20,297,607,417,190,251,63,188,0.6869851729818781,1.0,0.250996015936255,0.9894736842105263,1091,901,190,280,91,189,0.8258478460128322,1.0,0.325,0.9947368421052631,3.6318120325454517,203,13,190,0.06403940886699508,1.0,3.4023358884360264,217,27,190,0.12442396313364056,1.0,4.493548032513172,191,2,189,0.010471204188481676,0.9947368421052631,3.7195986500818696,200,10,190,0.05,1.0,1.171653
nmix,nmix,250,80,0.8,20,298,480,290,190,238,52,186,0.6041666666666666,1.0,0.2184873949579832,0.9789473684210527,757,567,190,268,80,188,0.7490092470277411,1.0,0.29850746268656714,0.9894736842105263,3.5888186875276844,207,17,190,0.0821256038647343,1.0,3.3963237113560005,227,37,190,0.16299559471365638,1.0,4.123051500970142,196,6,190,0.030612244897959183,1.0,3.641533510162099,205,15,190,0.07317073170731707,1.0,1.272366
nmix,nmix,250,80,0.8,20,299,957,767,190,290,104,186,0.8014629049111808,1.0,0.3586206896551724,0.9789473684210527,1607,1417,190,399,211,188,0.8817672682016179,1.0,0.5288220551378446,0.9894736842105263,3.5941495308104043,206,17,189,0.0825242718446602,0.9947368421052631,3.392837935120395,216,27,189,0.125,0.9947368421052631,4.455932477045242,193,5,188,0.025906735751295335,0.9894736842105263,3.679463294202937,204,15,189,0.07352941176470588,0.9947368421052631,1.148944
