model,x_model,p,n,rho,block,seed,R_bh_0.05,V_bh_0.05,S_bh_0.05,R_by_0.05,V_by_0.05,S_by_0.05,fdr_bh_0.05,power_bh_0.05,fdr_by_0.05,power_by_0.05,R_bh_0.1,V_bh_0.1,S_bh_0.1,R_by_0.1,V_by_0.1,S_by_0.1,fdr_bh_0.1,power_bh_0.1,fdr_by_0.1,power_by_0.1,t_lct_0.05,R_lct_0.05,V_lct_0.05,S_lct_0.05,fdr_lct_0.05,power_lct_0.05,t_lct_0.1,R_lct_0.1,V_lct_0.1,S_lct_0.1,fdr_lct_0.1,power_lct_0.1,t_lctb_0.05_B100,R_lctb_0.05_B100,V_lctb_0.05_B100,S_lctb_0.05_B100,fdr_lctb_0.05_B100,power_lctb_0.05_B100,t_lctb_0.1_B100,R_lctb_0.1_B100,V_lctb_0.1_B100,S_lctb_0.1_B100,fdr_lctb_0.1_B100,power_lctb_0.1_B100,wall_time_s
gaussian,gaussian,250,120,0.8,20,0,197,7,190,191,1,190,0.03553299492385787,1.0,0.005235602094240838,1.0,208,18,190,191,1,190,0.08653846153846154,1.0,0.005235602094240838,1.0,3.6432045170228435,198,8,190,0.04040404040404041,1.0,3.407152968284214,208,18,190,0.08653846153846154,1.0,3.7427764512878876,197,7,190,0.03553299492385787,1.0,3.529678781782343,199,9,190,0.04522613065326633,1.0,1.503072
gaussian,gaussian,250,120,0.8,20,1,198,8,190,190,0,190,0.04040404040404041,1.0,0.0,1.0,210,20,190,191,1,190,0.09523809523809523,1.0,0.005235602094240838,1.0,3.6122805446067843,198,8,190,0.04040404040404041,1.0,3.4111508575989933,210,20,190,0.09523809523809523,1.0,3.7175815783162562,196,6,190,0.030612244897959183,1.0,3.4678677953502857,205,15,190,0.07317073170731707,1.0,1.683077
gaussian,gaussian,250,120,0.8,20,2,201,11,190,192,2,190,0.05472636815920398,1.0,0.010416666666666666,1.0,214,24,190,193,3,190,0.11214953271028037,1.0,0.015544041450777202,1.0,3.622191350700366,200,10,190,0.05,1.0,3.392743584541103,216,26,190,0.12037037037037036,1.0,3.7179483987455386,198,8,190,0.04040404040404041,1.0,3.480498697976817,208,18,190,0.08653846153846154,1.0,1.48537
gaussian,gaussian,250,120,0.8,20,3,196,6,190,192,2,190,0.030612244897959183,1.0,0.010416666666666666,1.0,212,22,190,192,2,190,0.10377358490566038,1.0,0.010416666666666666,1.0,3.692085608783217,196,6,190,0.030612244897959183,1.0,3.403568779968519,214,24,190,0.11214953271028037,1.0,3.8153853970864735,195,5,190,0.02564102564102564,1.0,3.4821896825759944,209,19,190,0.09090909090909091,1.0,1.490573
gaussian,gaussian,250,120,0.8,20,4,203,13,190,191,1,190,0.06403940886699508,1.0,0.005235602094240838,1.0,212,22,190,192,2,190,0.10377358490566038,1.0,0.010416666666666666,1.0,3.6081613983798833,204,14,190,0.06862745098039216,1.0,3.398147300347374,215,25,190,0.11627906976744186,1.0,3.8016857085147606,195,5,190,0.02564102564102564,1.0,3.530139199082655,207,17,190,0.0821256038647343,1.0,1.210662
gaussian,gaussian,250,120,0.8,20,5,202,12,190,191,1,190,0.0594059405940594,1.0,0.005235602094240838,1.0,209,19,190,194,4,190,0.09090909090909091,1.0,0.020618556701030927,1.0,3.593934232693886,203,13,190,0.06403940886699508,1.0,3.400678872232681,212,22,190,0.10377358490566038,1.0,3.6793984650177083,201,11,190,0.05472636815920398,1.0,3.4455842659547753,211,21,190,0.0995260663507109,1.0,1.218478
gaussian,gaussian,250,120,0.8,20,6,197,7,190,190,0,190,0.03553299492385787,1.0,0.0,1.0,205,15,190,190,0,190,0.07317073170731707,1.0,0.0,1.0,3.64739417459706,197,7,190,0.03553299492385787,1.0,3.4077784918933847,205,15,190,0.07317073170731707,1.0,3.692081576567265,195,5,190,0.02564102564102564,1.0,3.472495376377462,203,13,190,0.06403940886699508,1.0,1.44352
gaussian,gaussian,250,120,0.8,20,7,199,9,190,191,1,190,0.04522613065326633,1.0,0.005235602094240838,1.0,207,17,190,191,1,190,0.0821256038647343,1.0,0.005235602094240838,1.0,3.6087614990771852,199,9,190,0.04522613065326633,1.0,3.409261670419968,209,19,190,0.09090909090909091,1.0,3.7148910802333313,195,5,190,0.02564102564102564,1.0,3.4721807680767736,206,16,190,0.07766990291262135,1.0,1.255312
gaussian,gaussian,250,120,0.8,20,8,198,8,190,190,0,190,0.04040404040404041,1.0,0.0,1.0,203,13,190,190,0,190,0.06403940886699508,1.0,0.0,1.0,3.6003991226850687,198,8,190,0.04040404040404041,1.0,3.441249538064075,203,13,190,0.06403940886699508,1.0,3.7073528938133915,195,5,190,0.02564102564102564,1.0,3.490124540607795,202,12,190,0.0594059405940594,1.0,1.415602
gaussian,gaussian,250,120,0.8,20,9,201,11,190,190,0,190,0.05472636815920398,1.0,0.0,1.0,210,20,190,190,0,190,0.09523809523809523,1.0,0.0,1.0,3.6268283607006566,201,11,190,0.05472636815920398,1.0,3.4153709768972376,213,23,190,0.107981220657277,1.0,3.7047014304996826,197,7,190,0.03553299492385787,1.0,3.4875303515550744,205,15,190,0.07317073170731707,1.0,1.235342
gaussian,gaussian,250,120,0.8,20,10,205,15,190,191,1,190,0.07317073170731707,1.0,0.005235602094240838,1.0,219,29,190,193,3,190,0.1324200913242009,1.0,0.015544041450777202,1.0,3.60105593132242,203,13,190,0.06403940886699508,1.0,3.3897178673399027,219,29,190,0.1324200913242009,1.0,3.705039506202199,200,10,190,0.05,1.0,3.4708258572350132,211,21,190,0.0995260663507109,1.0,1.380348
gaussian,gaussian,250,120,0.8,20,11,202,12,190,192,2,190,0.0594059405940594,1.0,0.010416666666666666,1.0,214,24,190,193,3,190,0.11214953271028037,1.0,0.015544041450777202,1.0,3.6207226193545523,202,12,190,0.0594059405940594,1.0,3.396306744565931,216,26,190,0.12037037037037036,1.0,3.7141894058514113,198,8,190,0.04040404040404041,1.0,3.46841726557018,212,22,190,0.10377358490566038,1.0,1.19948
gaussian,gaussian,250,120,0.8,20,12,196,6,190,191,1,190,0.030612244897959183,1.0,0.005235602094240838,1.0,199,9,190,192,2,190,0.04522613065326633,1.0,0.010416666666666666,1.0,3.610729487501103,197,7,190,0.03553299492385787,1.0,3.410839959738508,202,12,190,0.0594059405940594,1.0,3.854128996421994,195,5,190,0.02564102564102564,1.0,3.5183071993389343,199,9,190,0.04522613065326633,1.0,1.204207
gaussian,gaussian,250,120,0.8,20,13,199,9,190,190,0,190,0.04522613065326633,1.0,0.0,1.0,212,22,190,191,1,190,0.10377358490566038,1.0,0.005235602094240838,1.0,3.6016493155369838,201,11,190,0.05472636815920398,1.0,3.4043518914379933,215,25,190,0.11627906976744186,1.0,3.7052931375646745,197,7,190,0.03553299492385787,1.0,3.471117104524387,210,20,190,0.09523809523809523,1.0,1.369782
gaussian,gaussian,250,120,0.8,20,14,206,16,190,190,0,190,0.07766990291262135,1.0,0.0,1.0,222,32,190,196,6,190,0.14414414414414414,1.0,0.030612244897959183,1.0,3.5929038875864823,207,17,190,0.0821256038647343,1.0,3.3865786272795804,221,31,190,0.14027149321266968,1.0,3.788905755048891,199,9,190,0.04522613065326633,1.0,3.4934008103872793,213,23,190,0.107981220657277,1.0,1.273299
gaussian,gaussian,250,120,0.8,20,15,200,10,190,190,0,190,0.05,1.0,0.0,1.0,219,29,190,190,0,190,0.1324200913242009,1.0,0.0,1.0,3.6003156094550457,202,12,190,0.0594059405940594,1.0,3.3844264936703343,223,33,190,0.14798206278026907,1.0,3.812918159916844,195,5,190,0.02564102564102564,1.0,3.4918201430120472,209,19,190,0.09090909090909091,1.0,1.295268
gaussian,gaussian,250,120,0.8,20,16,198,8,190,191,1,190,0.04040404040404041,1.0,0.005235602094240838,1.0,206,16,190,191,1,190,0.07766990291262135,1.0,0.005235602094240838,1.0,3.6128544370370084,200,10,190,0.05,1.0,3.4218517899071226,208,18,190,0.08653846153846154,1.0,3.8212116239809295,197,7,190,0.03553299492385787,1.0,3.5633579885614735,205,15,190,0.07317073170731707,1.0,1.34255
gaussian,gaussian,250,120,0.8,20,17,194,4,190,190,0,190,0.020618556701030927,1.0,0.0,1.0,204,14,190,191,1,190,0.06862745098039216,1.0,0.005235602094240838,1.0,3.6704260207218655,196,6,190,0.030612244897959183,1.0,3.4053996446746364,207,17,190,0.0821256038647343,1.0,3.8444051712853082,195,5,190,0.02564102564102564,1.0,3.489445057960352,201,11,190,0.05472636815920398,1.0,1.286375
gaussian,gaussian,250,120,0.8,20,18,200,10,190,192,2,190,0.05,1.0,0.010416666666666666,1.0,209,19,190,192,2,190,0.09090909090909091,1.0,0.010416666666666666,1.0,3.623828772644201,200,10,190,0.05,1.0,3.400495907590144,210,20,190,0.09523809523809523,1.0,3.6846295943772005,197,7,190,0.03553299492385787,1.0,3.4584199614187794,207,17,190,0.0821256038647343,1.0,1.226697
gaussian,gaussian,250,120,0.8,20,19,198,8,190,191,1,190,0.04040404040404041,1.0,0.005235602094240838,1.0,208,18,190,192,2,190,0.08653846153846154,1.0,0.010416666666666666,1.0,3.6571641394366985,198,8,190,0.04040404040404041,1.0,3.404407980277557,210,20,190,0.09523809523809523,1.0,3.728229353793967,197,7,190,0.03553299492385787,1.0,3.4976776481906175,204,14,190,0.06862745098039216,1.0,1.220014
gaussian,gaussian,250,120,0.8,20,20,195,5,190,190,0,190,0.02564102564102564,1.0,0.0,1.0,207,17,190,190,0,190,0.0821256038647343,1.0,0.0,1.0,3.669676382066085,195,5,190,0.02564102564102564,1.0,3.4108394316447828,207,17,190,0.0821256038647343,1.0,3.669676382066085,195,5,190,0.02564102564102564,1.0,3.454930210359978,203,13,190,0.06403940886699508,1.0,1.298237
gaussian,gaussian,250,120,0.8,20,21,199,9,190,190,0,190,0.04522613065326633,1.0,0.0,1.0,210,20,190,191,1,190,0.09523809523809523,1.0,0.005235602094240838,1.0,3.616483490802562,199,9,190,0.04522613065326633,1.0,3.397388189880387,212,22,190,0.10377358490566038,1.0,3.7135562476988797,194,4,190,0.020618556701030927,1.0,3.548173605653434,204,14,190,0.06862745098039216,1.0,1.252457
gaussian,gaussian,250,120,0.8,20,22,201,11,190,190,0,190,0.05472636815920398,1.0,0.0,1.0,217,27,190,191,1,190,0.12442396313364056,1.0,0.005235602094240838,1.0,3.605716033269358,203,13,190,0.06403940886699508,1.0,3.410963740678831,218,28,190,0.12844036697247707,1.0,3.710880744230485,202,12,190,0.0594059405940594,1.0,3.4742376599074825,212,22,190,0.10377358490566038,1.0,1.321272
gaussian,gaussian,250,120,0.8,20,23,200,10,190,190,0,190,0.05,1.0,0.0,1.0,211,21,190,190,0,190,0.0995260663507109,1.0,0.0,1.0,3.623948767217587,200,10,190,0.05,1.0,3.412238023469966,212,22,190,0.10377358490566038,1.0,3.69302035426336,199,9,190,0.04522613065326633,1.0,3.467785848770262,209,19,190,0.09090909090909091,1.0,1.290538
gaussian,gaussian,250,120,0.8,20,24,203,13,190,191,1,190,0.06403940886699508,1.0,0.005235602094240838,1.0,219,29,190,191,1,190,0.1324200913242009,1.0,0.005235602094240838,1.0,3.596598722548339,204,14,190,0.06862745098039216,1.0,3.389732508039385,219,29,190,0.1324200913242009,1.0,3.717984611361968,200,10,190,0.05,1.0,3.427471621230585,218,28,190,0.12844036697247707,1.0,1.303967
gaussian,gaussian,250,120,0.8,20,25,202,12,190,192,2,190,0.0594059405940594,1.0,0.010416666666666666,1.0,206,16,190,195,5,190,0.07766990291262135,1.0,0.02564102564102564,1.0,3.601412391071023,202,12,190,0.0594059405940594,1.0,3.4215083897552625,206,16,190,0.07766990291262135,1.0,3.7719447661931684,199,9,190,0.04522613065326633,1.0,3.486082117236117,204,14,190,0.06862745098039216,1.0,1.367341
gaussian,gaussian,250,120,0.8,20,26,198,8,190,191,1,190,0.04040404040404041,1.0,0.005235602094240838,1.0,215,25,190,192,2,190,0.11627906976744186,1.0,0.010416666666666666,1.0,3.6356660942688146,198,8,190,0.04040404040404041,1.0,3.3924996231587037,218,28,190,0.12844036697247707,1.0,3.699797291993538,196,6,190,0.030612244897959183,1.0,3.4894488466589255,207,17,190,0.0821256038647343,1.0,1.193615
gaussian,gaussian,250,120,0.8,20,27,201,11,190,190,0,190,0.05472636815920398,1.0,0.0,1.0,208,18,190,193,3,190,0.08653846153846154,1.0,0.015544041450777202,1.0,3.6814219511476853,200,10,190,0.05,1.0,3.4053717950098,209,19,190,0.09090909090909091,1.0,3.6814219511476853,200,10,190,0.05,1.0,3.4663209571997156,206,16,190,0.07766990291262135,1.0,1.322546
gaussian,gaussian,250,120,0.8,20,28,201,11,190,191,1,190,0.05472636815920398,1.0,0.005235602094240838,1.0,214,24,190,191,1,190,0.11214953271028037,1.0,0.005235602094240838,1.0,3.598584661600172,202,12,190,0.0594059405940594,1.0,3.4417433712495518,214,24,190,0.11214953271028037,1.0,3.76381069554876,198,8,190,0.04040404040404041,1.0,3.5039228988634616,210,20,190,0.09523809523809523,1.0,1.1868
gaussian,gaussian,250,120,0.8,20,29,198,8,190,190,0,190,0.04040404040404041,1.0,0.0,1.0,219,29,190,190,0,190,0.1324200913242009,1.0,0.0,1.0,3.6193222983442856,198,8,190,0.04040404040404041,1.0,3.3895814906392028,219,29,190,0.1324200913242009,1.0,3.6800245153552056,197,7,190,0.03553299492385787,1.0,3.445182797775255,213,23,190,0.107981220657277,1.0,1.320284
gaussian,gaussian,250,120,0.8,20,30,197,7,190,191,1,190,0.03553299492385787,1.0,0.005235602094240838,1.0,210,20,190,191,1,190,0.09523809523809523,1.0,0.005235602094240838,1.0,3.651131251139896,197,7,190,0.03553299492385787,1.0,3.403611904592852,211,21,190,0.0995260663507109,1.0,3.6943518505376045,196,6,190,0.030612244897959183,1.0,3.4968472532978083,203,13,190,0.06403940886699508,1.0,1.254559
gaussian,gaussian,250,120,0.8,20,31,201,11,190,190,0,190,0.05472636815920398,1.0,0.0,1.0,213,23,190,192,2,190,0.107981220657277,1.0,0.010416666666666666,1.0,3.599517316637855,202,12,190,0.0594059405940594,1.0,3.3924904597076377,216,26,190,0.12037037037037036,1.0,3.7042561072590248,200,10,190,0.05,1.0,3.461394625071378,209,19,190,0.09090909090909091,1.0,1.176198
gaussian,gaussian,250,120,0.8,20,32,201,11,190,190,0,190,0.05472636815920398,1.0,0.0,1.0,210,20,190,191,1,190,0.09523809523809523,1.0,0.005235602094240838,1.0,3.6294387488944286,203,13,190,0.06403940886699508,1.0,3.4090666373036314,212,22,190,0.10377358490566038,1.0,3.6962135452074976,201,11,190,0.05472636815920398,1.0,3.4664930598187085,209,19,190,0.09090909090909091,1.0,1.559884
gaussian,gaussian,250,120,0.8,20,33,205,15,190,190,0,190,0.07317073170731707,1.0,0.0,1.0,216,26,190,193,3,190,0.12037037037037036,1.0,0.015544041450777202,1.0,3.605880118906343,205,15,190,0.07317073170731707,1.0,3.398849066635562,215,25,190,0.11627906976744186,1.0,3.7426155743046166,200,10,190,0.05,1.0,3.477990585195723,209,19,190,0.09090909090909091,1.0,1.220142
gaussian,gaussian,250,120,0.8,20,34,204,14,190,193,3,190,0.06862745098039216,1.0,0.015544041450777202,1.0,209,19,190,193,3,190,0.09090909090909091,1.0,0.015544041450777202,1.0,3.591345695760584,205,15,190,0.07317073170731707,1.0,3.39635710315703,214,24,190,0.11214953271028037,1.0,3.720676249285979,198,8,190,0.04040404040404041,1.0,3.508186967264358,208,18,190,0.08653846153846154,1.0,1.229894
gaussian,gaussian,250,120,0.8,20,35,197,7,190,191,1,190,0.03553299492385787,1.0,0.005235602094240838,1.0,208,18,190,192,2,190,0.08653846153846154,1.0,0.010416666666666666,1.0,3.6442775634433766,197,7,190,0.03553299492385787,1.0,3.412968635348613,207,17,190,0.0821256038647343,1.0,3.6442775634433766,197,7,190,0.03553299492385787,1.0,3.430504011447753,205,15,190,0.07317073170731707,1.0,1.226026
gaussian,gaussian,250,120,0.8,20,36,210,20,190,192,2,190,0.09523809523809523,1.0,0.010416666666666666,1.0,220,30,190,194,4,190,0.13636363636363635,1.0,0.020618556701030927,1.0,3.590476108119432,212,22,190,0.10377358490566038,1.0,3.4040760252799163,222,32,190,0.14414414414414414,1.0,3.730495210480226,205,15,190,0.07317073170731707,1.0,3.558927843412505,214,24,190,0.11214953271028037,1.0,1.43651
gaussian,gaussian,250,120,0.8,20,37,202,12,190,190,0,190,0.0594059405940594,1.0,0.0,1.0,214,24,190,191,1,190,0.11214953271028037,1.0,0.005235602094240838,1.0,3.6142330154034017,202,12,190,0.0594059405940594,1.0,3.416869704167444,215,25,190,0.11627906976744186,1.0,3.707280376126479,197,7,190,0.03553299492385787,1.0,3.471968719230671,212,22,190,0.10377358490566038,1.0,1.225467
gaussian,gaussian,250,120,0.8,20,38,202,12,190,192,2,190,0.0594059405940594,1.0,0.010416666666666666,1.0,217,27,190,193,3,190,0.12442396313364056,1.0,0.015544041450777202,1.0,3.606382459434849,202,12,190,0.0594059405940594,1.0,3.3965348937663578,216,26,190,0.12037037037037036,1.0,3.7398672962192023,196,6,190,0.030612244897959183,1.0,3.4715194339907276,209,19,190,0.09090909090909091,1.0,1.178386
gaussian,gaussian,250,120,0.8,20,39,201,11,190,191,1,190,0.05472636815920398,1.0,0.005235602094240838,1.0,213,23,190,192,2,190,0.107981220657277,1.0,0.010416666666666666,1.0,3.595484130094937,203,13,190,0.06403940886699508,1.0,3.3908443365940077,217,27,190,0.12442396313364056,1.0,3.7422229228381725,200,10,190,0.05,1.0,3.505982228679458,208,18,190,0.08653846153846154,1.0,1.255851
gaussian,gaussian,250,120,0.8,20,40,199,9,190,192,2,190,0.04522613065326633,1.0,0.010416666666666666,1.0,211,21,190,192,2,190,0.0995260663507109,1.0,0.010416666666666666,1.0,3.651373251741152,200,10,190,0.05,1.0,3.400254568567587,211,21,190,0.0995260663507109,1.0,3.7152729630538466,198,8,190,0.04040404040404041,1.0,3.4931745966625884,207,17,190,0.0821256038647343,1.0,1.45354
gaussian,gaussian,250,120,0.8,20,41,199,9,190,190,0,190,0.04522613065326633,1.0,0.0,1.0,207,17,190,190,0,190,0.0821256038647343,1.0,0.0,1.0,3.601843651165209,199,9,190,0.04522613065326633,1.0,3.4058785406982848,206,16,190,0.07766990291262135,1.0,3.7153406160078704,197,7,190,0.03553299492385787,1.0,3.477178939964191,202,12,190,0.0594059405940594,1.0,1.339403
gaussian,gaussian,250,120,0.8,20,42,201,11,190,191,1,190,0.05472636815920398,1.0,0.005235602094240838,1.0,209,19,190,194,4,190,0.09090909090909091,1.0,0.020618556701030927,1.0,3.6224044611883284,201,11,190,0.05472636815920398,1.0,3.414179240864581,209,19,190,0.09090909090909091,1.0,3.7052630466859817,197,7,190,0.03553299492385787,1.0,3.4858858500116634,204,14,190,0.06862745098039216,1.0,1.183951
gaussian,gaussian,250,120,0.8,20,43,198,8,190,191,1,190,0.04040404040404041,1.0,0.005235602094240838,1.0,204,14,190,191,1,190,0.06862745098039216,1.0,0.005235602094240838,1.0,3.6521665613737992,198,8,190,0.04040404040404041,1.0,3.408338805914048,208,18,190,0.08653846153846154,1.0,3.6990443253335363,197,7,190,0.03553299492385787,1.0,3.4930962102182335,201,11,190,0.05472636815920398,1.0,1.176675
gaussian,gaussian,250,120,0.8,20,44,200,10,190,191,1,190,0.05,1.0,0.005235602094240838,1.0,214,24,190,191,1,190,0.11214953271028037,1.0,0.005235602094240838,1.0,3.62532341759719,201,11,190,0.05472636815920398,1.0,3.3985623392905397,216,26,190,0.12037037037037036,1.0,3.725380551710381,198,8,190,0.04040404040404041,1.0,3.530152204054557,204,14,190,0.06862745098039216,1.0,1.285831
gaussian,gaussian,250,120,0.8,20,45,199,9,190,191,1,190,0.04522613065326633,1.0,0.005235602094240838,1.0,210,20,190,192,2,190,0.09523809523809523,1.0,0.010416666666666666,1.0,3.598203307324084,200,10,190,0.05,1.0,3.402791234298695,209,19,190,0.09090909090909091,1.0,3.7198124888967934,195,5,190,0.02564102564102564,1.0,3.50133875348444,204,14,190,0.06862745098039216,1.0,1.385888
gaussian,gaussian,250,120,0.8,20,46,193,3,190,190,0,190,0.015544041450777202,1.0,0.0,1.0,202,12,190,190,0,190,0.0594059405940594,1.0,0.0,1.0,3.6466493015578063,193,3,190,0.015544041450777202,1.0,3.4158490356964717,202,12,190,0.0594059405940594,1.0,3.712013445658367,192,2,190,0.010416666666666666,1.0,3.5061918804084042,198,8,190,0.04040404040404041,1.0,1.2907
gaussian,gaussian,250,120,0.8,20,47,206,16,190,190,0,190,0.07766990291262135,1.0,0.0,1.0,222,32,190,192,2,190,0.14414414414414414,1.0,0.010416666666666666,1.0,3.594799248080262,210,20,190,0.09523809523809523,1.0,3.385799133635587,223,33,190,0.14798206278026907,1.0,3.756960694803253,205,15,190,0.07317073170731707,1.0,3.5042207611982685,214,24,190,0.11214953271028037,1.0,1.178149
gaussian,gaussian,250,120,0.8,20,48,201,11,190,192,2,190,0.05472636815920398,1.0,0.010416666666666666,1.0,213,23,190,192,2,190,0.107981220657277,1.0,0.010416666666666666,1.0,3.6279500050752778,201,11,190,0.05472636815920398,1.0,3.405830623902444,214,24,190,0.11214953271028037,1.0,3.7075205277329815,197,7,190,0.03553299492385787,1.0,3.5064512430716093,207,17,190,0.0821256038647343,1.0,1.415945
gaussian,gaussian,250,120,0.8,20,49,197,7,190,191,1,190,0.03553299492385787,1.0,0.005235602094240838,1.0,212,22,190,192,2,190,0.10377358490566038,1.0,0.010416666666666666,1.0,3.6052751739872417,198,8,190,0.04040404040404041,1.0,3.409361190116845,212,22,190,0.10377358490566038,1.0,3.759710368317759,196,6,190,0.030612244897959183,1.0,3.464027207073222,208,18,190,0.08653846153846154,1.0,1.30189
gaussian,gaussian,250,120,0.8,20,50,197,7,190,191,1,190,0.03553299492385787,1.0,0.005235602094240838,1.0,203,13,190,192,2,190,0.06403940886699508,1.0,0.010416666666666666,1.0,3.7024625678972676,197,7,190,0.03553299492385787,1.0,3.41486923474319,203,13,190,0.06403940886699508,1.0,3.730197321311127,196,6,190,0.030612244897959183,1.0,3.486959715781038,199,9,190,0.04522613065326633,1.0,1.225957
gaussian,gaussian,250,120,0.8,20,51,201,11,190,190,0,190,0.05472636815920398,1.0,0.0,1.0,208,18,190,190,0,190,0.08653846153846154,1.0,0.0,1.0,3.595376913345126,204,14,190,0.06862745098039216,1.0,3.4107253443645984,210,20,190,0.09523809523809523,1.0,3.7262192409503134,198,8,190,0.04040404040404041,1.0,3.505343740597611,206,16,190,0.07766990291262135,1.0,1.337903
gaussian,gaussian,250,120,0.8,20,52,196,6,190,191,1,190,0.030612244897959183,1.0,0.005235602094240838,1.0,208,18,190,193,3,190,0.08653846153846154,1.0,0.015544041450777202,1.0,3.6931745123567175,197,7,190,0.03553299492385787,1.0,3.4041223133100322,208,18,190,0.08653846153846154,1.0,3.819533432875868,196,6,190,0.030612244897959183,1.0,3.4913602783115105,201,11,190,0.05472636815920398,1.0,1.213701
gaussian,gaussian,250,120,0.8,20,53,200,10,190,190,0,190,0.05,1.0,0.0,1.0,207,17,190,192,2,190,0.0821256038647343,1.0,0.010416666666666666,1.0,3.602899185038834,199,9,190,0.04522613065326633,1.0,3.4487394835851735,206,16,190,0.07766990291262135,1.0,3.7199478194119124,196,6,190,0.030612244897959183,1.0,3.4814145294208267,205,15,190,0.07317073170731707,1.0,1.347976
gaussian,gaussian,250,120,0.8,20,54,205,15,190,190,0,190,0.07317073170731707,1.0,0.0,1.0,215,25,190,191,1,190,0.11627906976744186,1.0,0.005235602094240838,1.0,3.603436524961184,205,15,190,0.07317073170731707,1.0,3.394982116156215,216,26,190,0.12037037037037036,1.0,3.738051100741931,198,8,190,0.04040404040404041,1.0,3.5184596409768183,209,19,190,0.09090909090909091,1.0,1.245329
gaussian,gaussian,250,120,0.8,20,55,208,18,190,190,0,190,0.08653846153846154,1.0,0.0,1.0,222,32,190,191,1,190,0.14414414414414414,1.0,0.005235602094240838,1.0,3.5884463874508383,210,20,190,0.09523809523809523,1.0,3.3976975797518323,223,33,190,0.14798206278026907,1.0,3.6844675855190356,205,15,190,0.07317073170731707,1.0,3.4789664031302374,214,24,190,0.11214953271028037,1.0,1.292528
gaussian,gaussian,250,120,0.8,20,56,196,6,190,192,2,190,0.030612244897959183,1.0,0.010416666666666666,1.0,207,17,190,192,2,190,0.0821256038647343,1.0,0.010416666666666666,1.0,3.676524797266326,196,6,190,0.030612244897959183,1.0,3.4137462258388305,209,19,190,0.09090909090909091,1.0,3.865246090686938,195,5,190,0.02564102564102564,1.0,3.5270701229181363,203,13,190,0.06403940886699508,1.0,1.35306
gaussian,gaussian,250,120,0.8,20,57,195,5,190,190,0,190,0.02564102564102564,1.0,0.0,1.0,210,20,190,190,0,190,0.09523809523809523,1.0,0.0,1.0,3.615911668775684,195,5,190,0.02564102564102564,1.0,3.4133075576943694,212,22,190,0.10377358490566038,1.0,3.7363418001185567,194,4,190,0.020618556701030927,1.0,3.459951132005069,203,13,190,0.06403940886699508,1.0,1.227145
gaussian,gaussian,250,120,0.8,20,58,203,13,190,190,0,190,0.06403940886699508,1.0,0.0,1.0,215,25,190,193,3,190,0.11627906976744186,1.0,0.015544041450777202,1.0,3.6162990061767544,205,15,190,0.07317073170731707,1.0,3.3894910268739364,219,29,190,0.1324200913242009,1.0,3.7981366962781906,199,9,190,0.04522613065326633,1.0,3.464268505536351,212,22,190,0.10377358490566038,1.0,1.365288
gaussian,gaussian,250,120,0.8,20,59,197,7,190,190,0,190,0.03553299492385787,1.0,0.0,1.0,207,17,190,192,2,190,0.0821256038647343,1.0,0.010416666666666666,1.0,3.660720162822347,197,7,190,0.03553299492385787,1.0,3.4097887867356627,206,16,190,0.07766990291262135,1.0,3.7116351311102074,196,6,190,0.030612244897959183,1.0,3.5144134764045196,202,12,190,0.0594059405940594,1.0,1.187361
gaussian,gaussian,250,120,0.8,20,60,200,10,190,191,1,190,0.05,1.0,0.005235602094240838,1.0,209,19,190,191,1,190,0.09090909090909091,1.0,0.005235602094240838,1.0,3.639268356119076,200,10,190,0.05,1.0,3.4086262021120337,211,21,190,0.0995260663507109,1.0,3.7928974190287454,196,6,190,0.030612244897959183,1.0,3.4984570816228078,203,13,190,0.06403940886699508,1.0,1.309147
gaussian,gaussian,250,120,0.8,20,61,210,20,190,193,3,190,0.09523809523809523,1.0,0.015544041450777202,1.0,225,35,190,193,3,190,0.15555555555555556,1.0,0.015544041450777202,1.0,3.613993005508488,208,18,190,0.08653846153846154,1.0,3.3866765305095266,222,32,190,0.14414414414414414,1.0,3.6865952358897274,205,15,190,0.07317073170731707,1.0,3.505116550211274,213,23,190,0.107981220657277,1.0,1.251056
gaussian,gaussian,250,120,0.8,20,62,202,12,190,191,1,190,0.0594059405940594,1.0,0.005235602094240838,1.0,214,24,190,191,1,190,0.11214953271028037,1.0,0.005235602094240838,1.0,3.630103347732081,201,11,190,0.05472636815920398,1.0,3.3923516778423597,216,26,190,0.12037037037037036,1.0,3.739605361289665,196,6,190,0.030612244897959183,1.0,3.5031279435181304,205,15,190,0.07317073170731707,1.0,1.320825
gaussian,gaussian,250,120,0.8,20,63,201,11,190,192,2,190,0.05472636815920398,1.0,0.010416666666666666,1.0,212,22,190,192,2,190,0.10377358490566038,1.0,0.010416666666666666,1.0,3.6447202870559927,203,13,190,0.06403940886699508,1.0,3.389284520943702,219,29,190,0.1324200913242009,1.0,3.7700554428503925,198,8,190,0.04040404040404041,1.0,3.4932987831734077,211,21,190,0.0995260663507109,1.0,1.299005
gaussian,gaussian,250,120,0.8,20,64,207,17,190,192,2,190,0.0821256038647343,1.0,0.010416666666666666,1.0,218,28,190,194,4,190,0.12844036697247707,1.0,0.020618556701030927,1.0,3.608727284626052,207,17,190,0.0821256038647343,1.0,3.3927704596396797,220,30,190,0.13636363636363635,1.0,3.711361749977508,203,13,190,0.06403940886699508,1.0,3.455586136263629,217,27,190,0.12442396313364056,1.0,1.338671
gaussian,gaussian,250,120,0.8,20,65,200,10,190,191,1,190,0.05,1.0,0.005235602094240838,1.0,217,27,190,192,2,190,0.12442396313364056,1.0,0.010416666666666666,1.0,3.5949488018607116,203,13,190,0.06403940886699508,1.0,3.3911459285920746,221,31,190,0.14027149321266968,1.0,3.694805468081366,202,12,190,0.0594059405940594,1.0,3.470890068168721,212,22,190,0.10377358490566038,1.0,1.349387
gaussian,gaussian,250,120,0.8,20,66,197,7,190,190,0,190,0.03553299492385787,1.0,0.0,1.0,204,14,190,191,1,190,0.06862745098039216,1.0,0.005235602094240838,1.0,3.6495764357038007,198,8,190,0.04040404040404041,1.0,3.417615464534088,203,13,190,0.06403940886699508,1.0,3.7695543538012255,196,6,190,0.030612244897959183,1.0,3.6495764357038007,198,8,190,0.04040404040404041,1.0,1.256712
gaussian,gaussian,250,120,0.8,20,67,203,13,190,190,0,190,0.06403940886699508,1.0,0.0,1.0,210,20,190,190,0,190,0.09523809523809523,1.0,0.0,1.0,3.6024728923245757,203,13,190,0.06403940886699508,1.0,3.4154747985245764,210,20,190,0.09523809523809523,1.0,3.696960803597718,197,7,190,0.03553299492385787,1.0,3.4802940985243622,206,16,190,0.07766990291262135,1.0,1.277604
gaussian,gaussian,250,120,0.8,20,68,205,15,190,191,1,190,0.07317073170731707,1.0,0.005235602094240838,1.0,223,33,190,193,3,190,0.14798206278026907,1.0,0.015544041450777202,1.0,3.6233687735965514,204,14,190,0.06862745098039216,1.0,3.384509050809729,224,34,190,0.15178571428571427,1.0,3.77499815739872,198,8,190,0.04040404040404041,1.0,3.477541821786654,216,26,190,0.12037037037037036,1.0,1.224224
gaussian,gaussian,250,120,0.8,20,69,199,9,190,190,0,190,0.04522613065326633,1.0,0.0,1.0,206,16,190,191,1,190,0.07766990291262135,1.0,0.005235602094240838,1.0,3.602785883190288,202,12,190,0.0594059405940594,1.0,3.411073005271083,209,19,190,0.09090909090909091,1.0,3.709643227581925,198,8,190,0.04040404040404041,1.0,3.509398667038529,206,16,190,0.07766990291262135,1.0,1.242233
gaussian,gaussian,250,120,0.8,20,70,202,12,190,191,1,190,0.0594059405940594,1.0,0.005235602094240838,1.0,217,27,190,194,4,190,0.12442396313364056,1.0,0.020618556701030927,1.0,3.614628889480646,203,13,190,0.06403940886699508,1.0,3.3889199038259004,223,33,190,0.14798206278026907,1.0,3.7447817529136183,200,10,190,0.05,1.0,3.475768168009298,209,19,190,0.09090909090909091,1.0,1.323219
gaussian,gaussian,250,120,0.8,20,71,203,13,190,193,3,190,0.06403940886699508,1.0,0.015544041450777202,1.0,212,22,190,194,4,190,0.10377358490566038,1.0,0.020618556701030927,1.0,3.5960773005204008,204,14,190,0.06862745098039216,1.0,3.3989862565426665,215,25,190,0.11627906976744186,1.0,3.7330773464963554,203,13,190,0.06403940886699508,1.0,3.5132743676013787,206,16,190,0.07766990291262135,1.0,1.318955
gaussian,gaussian,250,120,0.8,20,72,208,18,190,192,2,190,0.08653846153846154,1.0,0.010416666666666666,1.0,216,26,190,195,5,190,0.12037037037037036,1.0,0.02564102564102564,1.0,3.614925478116373,210,20,190,0.09523809523809523,1.0,3.4185234801025506,218,28,190,0.12844036697247707,1.0,3.710139011515627,203,13,190,0.06403940886699508,1.0,3.4712038110764705,215,25,190,0.11627906976744186,1.0,1.385103
gaussian,gaussian,250,120,0.8,20,73,198,8,190,191,1,190,0.04040404040404041,1.0,0.005235602094240838,1.0,206,16,190,192,2,190,0.07766990291262135,1.0,0.010416666666666666,1.0,3.6091908217459276,198,8,190,0.04040404040404041,1.0,3.413176259690626,205,15,190,0.07317073170731707,1.0,3.8167985026226705,196,6,190,0.030612244897959183,1.0,3.483444134109478,202,12,190,0.0594059405940594,1.0,1.247718
gaussian,gaussian,250,120,0.8,20,74,199,9,190,190,0,190,0.04522613065326633,1.0,0.0,1.0,213,23,190,191,1,190,0.107981220657277,1.0,0.005235602094240838,1.0,3.6000774273377454,199,9,190,0.04522613065326633,1.0,3.4072912336558057,213,23,190,0.107981220657277,1.0,3.7475800327070545,193,3,190,0.015544041450777202,1.0,3.488813617836364,202,12,190,0.0594059405940594,1.0,1.23228
gaussian,gaussian,250,120,0.8,20,75,200,10,190,191,1,190,0.05,1.0,0.005235602094240838,1.0,207,17,190,194,4,190,0.0821256038647343,1.0,0.020618556701030927,1.0,3.6962486642548185,201,11,190,0.05472636815920398,1.0,3.4059074423105273,208,18,190,0.08653846153846154,1.0,3.6962486642548185,201,11,190,0.05472636815920398,1.0,3.4829822643529647,205,15,190,0.07317073170731707,1.0,1.327767
gaussian,gaussian,250,120,0.8,20,76,200,10,190,190,0,190,0.05,1.0,0.0,1.0,213,23,190,191,1,190,0.107981220657277,1.0,0.005235602094240838,1.0,3.6037429858343515,203,13,190,0.06403940886699508,1.0,3.4191263154723925,214,24,190,0.11214953271028037,1.0,3.7226519520627597,201,11,190,0.05472636815920398,1.0,3.4880670565890113,208,18,190,0.08653846153846154,1.0,1.232836
gaussian,gaussian,250,120,0.8,20,77,201,11,190,193,3,190,0.05472636815920398,1.0,0.015544041450777202,1.0,207,17,190,193,3,190,0.0821256038647343,1.0,0.015544041450777202,1.0,3.6244479014304014,201,11,190,0.05472636815920398,1.0,3.3983854466691534,211,21,190,0.0995260663507109,1.0,3.810592092685983,196,6,190,0.030612244897959183,1.0,3.545898255636552,204,14,190,0.06862745098039216,1.0,1.305734
gaussian,gaussian,250,120,0.8,20,78,196,6,190,191,1,190,0.030612244897959183,1.0,0.005235602094240838,1.0,206,16,190,191,1,190,0.07766990291262135,1.0,0.005235602094240838,1.0,3.648625627807709,197,7,190,0.03553299492385787,1.0,3.429689379978503,207,17,190,0.0821256038647343,1.0,3.6975452920397482,195,5,190,0.02564102564102564,1.0,3.482945743342255,201,11,190,0.05472636815920398,1.0,1.171
gaussian,gaussian,250,120,0.8,20,79,210,20,190,194,4,190,0.09523809523809523,1.0,0.020618556701030927,1.0,220,30,190,196,6,190,0.13636363636363635,1.0,0.030612244897959183,1.0,3.584544661602971,211,21,190,0.0995260663507109,1.0,3.3850024152909675,222,32,190,0.14414414414414414,1.0,3.9037656096656055,199,9,190,0.04522613065326633,1.0,3.5061941213530012,215,25,190,0.11627906976744186,1.0,1.285619
gaussian,gaussian,250,120,0.8,20,80,196,6,190,192,2,190,0.030612244897959183,1.0,0.010416666666666666,1.0,204,14,190,194,4,190,0.06862745098039216,1.0,0.020618556701030927,1.0,3.7869081055675675,196,6,190,0.030612244897959183,1.0,3.418321754648653,203,13,190,0.06403940886699508,1.0,3.7869081055675675,196,6,190,0.030612244897959183,1.0,3.503451456959917,200,10,190,0.05,1.0,1.49407
gaussian,gaussian,250,120,0.8,20,81,203,13,190,191,1,190,0.06403940886699508,1.0,0.005235602094240838,1.0,211,21,190,192,2,190,0.0995260663507109,1.0,0.010416666666666666,1.0,3.6463532818115887,203,13,190,0.06403940886699508,1.0,3.40623111851347,211,21,190,0.0995260663507109,1.0,3.7136513224607866,201,11,190,0.05472636815920398,1.0,3.4624364641416077,207,17,190,0.0821256038647343,1.0,1.273463
gaussian,gaussian,250,120,0.8,20,82,201,11,190,190,0,190,0.05472636815920398,1.0,0.0,1.0,212,22,190,191,1,190,0.10377358490566038,1.0,0.005235602094240838,1.0,3.609239278034393,201,11,190,0.05472636815920398,1.0,3.4019146415031623,212,22,190,0.10377358490566038,1.0,3.703762177146423,196,6,190,0.030612244897959183,1.0,3.474641038357626,209,19,190,0.09090909090909091,1.0,1.20365
gaussian,gaussian,250,120,0.8,20,83,207,17,190,191,1,190,0.0821256038647343,1.0,0.005235602094240838,1.0,224,34,190,193,3,190,0.15178571428571427,1.0,0.015544041450777202,1.0,3.651609109259281,209,19,190,0.09090909090909091,1.0,3.383977578852134,226,36,190,0.1592920353982301,1.0,3.684321755983273,206,16,190,0.07766990291262135,1.0,3.474948711297489,220,30,190,0.13636363636363635,1.0,1.176152
gaussian,gaussian,250,120,0.8,20,84,196,6,190,190,0,190,0.030612244897959183,1.0,0.0,1.0,207,17,190,191,1,190,0.0821256038647343,1.0,0.005235602094240838,1.0,3.6345815665553722,196,6,190,0.030612244897959183,1.0,3.409035237098233,206,16,190,0.07766990291262135,1.0,3.7113353263799578,195,5,190,0.02564102564102564,1.0,3.488270165483851,200,10,190,0.05,1.0,1.434155
gaussian,gaussian,250,120,0.8,20,85,199,9,190,192,2,190,0.04522613065326633,1.0,0.010416666666666666,1.0,213,23,190,192,2,190,0.107981220657277,1.0,0.010416666666666666,1.0,3.6296668731117325,199,9,190,0.04522613065326633,1.0,3.401829750148682,214,24,190,0.11214953271028037,1.0,3.8478788963601045,195,5,190,0.02564102564102564,1.0,3.5597294141410045,203,13,190,0.06403940886699508,1.0,1.271974
gaussian,gaussian,250,120,0.8,20,86,200,10,190,191,1,190,0.05,1.0,0.005235602094240838,1.0,212,22,190,192,2,190,0.10377358490566038,1.0,0.010416666666666666,1.0,3.6065599858765838,201,11,190,0.05472636815920398,1.0,3.4426954166104284,212,22,190,0.10377358490566038,1.0,3.7176954120190815,197,7,190,0.03553299492385787,1.0,3.5107978904399157,205,15,190,0.07317073170731707,1.0,1.262935
gaussian,gaussian,250,120,0.8,20,87,210,20,190,192,2,190,0.09523809523809523,1.0,0.010416666666666666,1.0,221,31,190,194,4,190,0.14027149321266968,1.0,0.020618556701030927,1.0,3.605102735807698,210,20,190,0.09523809523809523,1.0,3.3941321418858617,221,31,190,0.14027149321266968,1.0,3.717304013665659,201,11,190,0.05472636815920398,1.0,3.4968677936557406,217,27,190,0.12442396313364056,1.0,1.196045
gaussian,gaussian,250,120,0.8,20,88,198,8,190,191,1,190,0.04040404040404041,1.0,0.005235602094240838,1.0,212,22,190,192,2,190,0.10377358490566038,1.0,0.010416666666666666,1.0,3.6129372101776287,199,9,190,0.04522613065326633,1.0,3.4117821204918024,212,22,190,0.10377358490566038,1.0,3.7231954784911787,197,7,190,0.03553299492385787,1.0,3.4872627486231322,205,15,190,0.07317073170731707,1.0,1.495646
gaussian,gaussian,250,120,0.8,20,89,198,8,190,192,2,190,0.04040404040404041,1.0,0.010416666666666666,1.0,207,17,190,192,2,190,0.0821256038647343,1.0,0.010416666666666666,1.0,3.6136265439305038,198,8,190,0.04040404040404041,1.0,3.429474862311586,205,15,190,0.07317073170731707,1.0,3.7196122111825454,196,6,190,0.030612244897959183,1.0,3.4718893307995056,203,13,190,0.06403940886699508,1.0,1.222675
gaussian,gaussian,250,120,0.8,20,90,201,11,190,192,2,190,0.05472636815920398,1.0,0.010416666666666666,1.0,208,18,190,192,2,190,0.08653846153846154,1.0,0.010416666666666666,1.0,3.60941413557585,201,11,190,0.05472636815920398,1.0,3.4043193730106305,207,17,190,0.0821256038647343,1.0,3.685760017960787,198,8,190,0.04040404040404041,1.0,3.4802263385259575,205,15,190,0.07317073170731707,1.0,1.22676
gaussian,gaussian,250,120,0.8,20,91,208,18,190,196,6,190,0.08653846153846154,1.0,0.030612244897959183,1.0,217,27,190,197,7,190,0.12442396313364056,1.0,0.03553299492385787,1.0,3.6033494446661867,207,17,190,0.0821256038647343,1.0,3.4628046801958408,216,26,190,0.12037037037037036,1.0,3.7415015297451544,202,12,190,0.0594059405940594,1.0,3.4628046801958408,216,26,190,0.12037037037037036,1.0,1.278868
gaussian,gaussian,250,120,0.8,20,92,197,7,190,191,1,190,0.03553299492385787,1.0,0.005235602094240838,1.0,209,19,190,192,2,190,0.09090909090909091,1.0,0.010416666666666666,1.0,3.6099225801155352,200,10,190,0.05,1.0,3.414740593883801,211,21,190,0.0995260663507109,1.0,3.7679722861950187,195,5,190,0.02564102564102564,1.0,3.528031906793967,204,14,190,0.06862745098039216,1.0,1.276224
gaussian,gaussian,250,120,0.8,20,93,197,7,190,190,0,190,0.03553299492385787,1.0,0.0,1.0,212,22,190,190,0,190,0.10377358490566038,1.0,0.0,1.0,3.729759383277843,200,10,190,0.05,1.0,3.412388353422055,215,25,190,0.11627906976744186,1.0,3.729759383277843,200,10,190,0.05,1.0,3.4739067370414425,208,18,190,0.08653846153846154,1.0,1.380032
gaussian,gaussian,250,120,0.8,20,94,200,10,190,190,0,190,0.05,1.0,0.0,1.0,205,15,190,191,1,190,0.07317073170731707,1.0,0.005235602094240838,1.0,3.604658882246843,200,10,190,0.05,1.0,3.414753943380197,204,14,190,0.06862745098039216,1.0,3.7028780898512603,195,5,190,0.02564102564102564,1.0,3.481400591306192,201,11,190,0.05472636815920398,1.0,1.196288
gaussian,gaussian,250,120,0.8,20,95,198,8,190,190,0,190,0.04040404040404041,1.0,0.0,1.0,202,12,190,190,0,190,0.0594059405940594,1.0,0.0,1.0,3.6440170709333914,197,7,190,0.03553299492385787,1.0,3.4098253643558287,203,13,190,0.06403940886699508,1.0,3.695554196984962,194,4,190,0.020618556701030927,1.0,3.564790209898753,199,9,190,0.04522613065326633,1.0,1.228253
gaussian,gaussian,250,120,0.8,20,96,204,14,190,191,1,190,0.06862745098039216,1.0,0.005235602094240838,1.0,216,26,190,192,2,190,0.12037037037037036,1.0,0.010416666666666666,1.0,3.5992612681641716,205,15,190,0.07317073170731707,1.0,3.390129662987928,218,28,190,0.12844036697247707,1.0,3.727112892270875,201,11,190,0.05472636815920398,1.0,3.5137126033540125,208,18,190,0.08653846153846154,1.0,1.465083
gaussian,gaussian,250,120,0.8,20,97,205,15,190,190,0,190,0.07317073170731707,1.0,0.0,1.0,214,24,190,192,2,190,0.11214953271028037,1.0,0.010416666666666666,1.0,3.592579191068878,205,15,190,0.07317073170731707,1.0,3.4043581318355103,214,24,190,0.11214953271028037,1.0,3.776053042970988,198,8,190,0.04040404040404041,1.0,3.482246713930427,211,21,190,0.0995260663507109,1.0,1.38498
gaussian,gaussian,250,120,0.8,20,98,204,14,190,192,2,190,0.06862745098039216,1.0,0.010416666666666666,1.0,227,37,190,194,4,190,0.16299559471365638,1.0,0.020618556701030927,1.0,3.593851939792985,203,13,190,0.06403940886699508,1.0,3.3813669802303234,230,40,190,0.17391304347826086,1.0,3.8253076557103576,197,7,190,0.03553299492385787,1.0,3.4865677465799934,216,26,190,0.12037037037037036,1.0,1.27408
gaussian,gaussian,250,120,0.8,20,99,206,16,190,193,3,190,0.07766990291262135,1.0,0.015544041450777202,1.0,223,33,190,193,3,190,0.14798206278026907,1.0,0.015544041450777202,1.0,3.600177715806348,207,17,190,0.0821256038647343,1.0,3.3991541292637066,225,35,190,0.15555555555555556,1.0,3.7264494263676395,202,12,190,0.0594059405940594,1.0,3.4599364891227413,216,26,190,0.12037037037037036,1.0,1.192814
gaussian,gaussian,250,120,0.8,20,100,202,12,190,191,1,190,0.0594059405940594,1.0,0.005235602094240838,1.0,216,26,190,191,1,190,0.12037037037037036,1.0,0.005235602094240838,1.0,3.6129752755770372,201,11,190,0.05472636815920398,1.0,3.3993685770982385,215,25,190,0.11627906976744186,1.0,3.7919188021238126,195,5,190,0.02564102564102564,1.0,3.457462410885537,212,22,190,0.10377358490566038,1.0,1.335473
gaussian,gaussian,250,120,0.8,20,101,199,9,190,191,1,190,0.04522613065326633,1.0,0.005235602094240838,1.0,216,26,190,192,2,190,0.12037037037037036,1.0,0.010416666666666666,1.0,3.6031939044600274,202,12,190,0.0594059405940594,1.0,3.3916356128729994,219,29,190,0.1324200913242009,1.0,3.7883178104206334,195,5,190,0.02564102564102564,1.0,3.5226258961727517,207,17,190,0.0821256038647343,1.0,1.362089
gaussian,gaussian,250,120,0.8,20,102,201,11,190,191,1,190,0.05472636815920398,1.0,0.005235602094240838,1.0,214,24,190,191,1,190,0.11214953271028037,1.0,0.005235602094240838,1.0,3.6166262917312313,200,10,190,0.05,1.0,3.391231337788999,218,28,190,0.12844036697247707,1.0,3.733358629719782,195,5,190,0.02564102564102564,1.0,3.4926708645018736,211,21,190,0.0995260663507109,1.0,1.205828
gaussian,gaussian,250,120,0.8,20,103,200,10,190,190,0,190,0.05,1.0,0.0,1.0,206,16,190,192,2,190,0.07766990291262135,1.0,0.010416666666666666,1.0,3.61447291019229,200,10,190,0.05,1.0,3.424946027569464,209,19,190,0.09090909090909091,1.0,3.730841968189945,195,5,190,0.02564102564102564,1.0,3.4699172537161607,205,15,190,0.07317073170731707,1.0,1.223219
gaussian,gaussian,250,120,0.8,20,104,201,11,190,190,0,190,0.05472636815920398,1.0,0.0,1.0,211,21,190,192,2,190,0.0995260663507109,1.0,0.010416666666666666,1.0,3.68179576423805,200,10,190,0.05,1.0,3.4042915958814146,211,21,190,0.0995260663507109,1.0,3.748014601377102,199,9,190,0.04522613065326633,1.0,3.4787611743870412,208,18,190,0.08653846153846154,1.0,1.35896
gaussian,gaussian,250,120,0.8,20,105,202,12,190,191,1,190,0.0594059405940594,1.0,0.005235602094240838,1.0,216,26,190,191,1,190,0.12037037037037036,1.0,0.005235602094240838,1.0,3.6005401358062024,203,13,190,0.06403940886699508,1.0,3.4107116522008685,217,27,190,0.12442396313364056,1.0,3.700997768261487,200,10,190,0.05,1.0,3.472849401306132,210,20,190,0.09523809523809523,1.0,1.505694
gaussian,gaussian,250,120,0.8,20,106,200,10,190,192,2,190,0.05,1.0,0.010416666666666666,1.0,210,20,190,192,2,190,0.09523809523809523,1.0,0.010416666666666666,1.0,3.6063095894933777,201,11,190,0.05472636815920398,1.0,3.4093236071298816,208,18,190,0.08653846153846154,1.0,3.8079196061460996,197,7,190,0.03553299492385787,1.0,3.5088456731228104,206,16,190,0.07766990291262135,1.0,1.190722
gaussian,gaussian,250,120,0.8,20,107,201,11,190,191,1,190,0.05472636815920398,1.0,0.005235602094240838,1.0,215,25,190,191,1,190,0.11627906976744186,1.0,0.005235602094240838,1.0,3.61031661662693,207,17,190,0.0821256038647343,1.0,3.4007593582076567,219,29,190,0.1324200913242009,1.0,3.6933877110258324,200,10,190,0.05,1.0,3.4724550970186066,214,24,190,0.11214953271028037,1.0,1.266864
gaussian,gaussian,250,120,0.8,20,108,200,10,190,190,0,190,0.05,1.0,0.0,1.0,207,17,190,192,2,190,0.0821256038647343,1.0,0.010416666666666666,1.0,3.641928705365221,200,10,190,0.05,1.0,3.415906110680297,209,19,190,0.09090909090909091,1.0,3.680701944459439,198,8,190,0.04040404040404041,1.0,3.4712420902637207,205,15,190,0.07317073170731707,1.0,1.196392
gaussian,gaussian,250,120,0.8,20,109,200,10,190,193,3,190,0.05,1.0,0.015544041450777202,1.0,207,17,190,193,3,190,0.0821256038647343,1.0,0.015544041450777202,1.0,3.6219242888342884,200,10,190,0.05,1.0,3.4033005225957815,208,18,190,0.08653846153846154,1.0,3.7097693933863964,197,7,190,0.03553299492385787,1.0,3.528119704363014,203,13,190,0.06403940886699508,1.0,1.241249
gaussian,gaussian,250,120,0.8,20,110,202,12,190,192,2,190,0.0594059405940594,1.0,0.010416666666666666,1.0,212,22,190,192,2,190,0.10377358490566038,1.0,0.010416666666666666,1.0,3.658597876772843,203,13,190,0.06403940886699508,1.0,3.407476638870182,212,22,190,0.10377358490566038,1.0,3.658597876772843,203,13,190,0.06403940886699508,1.0,3.4577715255399686,209,19,190,0.09090909090909091,1.0,1.418382
gaussian,gaussian,250,120,0.8,20,111,200,10,190,190,0,190,0.05,1.0,0.0,1.0,209,19,190,190,0,190,0.09090909090909091,1.0,0.0,1.0,3.612841443759304,200,10,190,0.05,1.0,3.4042760999919905,209,19,190,0.09090909090909091,1.0,3.736429342039749,195,5,190,0.02564102564102564,1.0,3.468259965770497,206,16,190,0.07766990291262135,1.0,1.237125
gaussian,gaussian,250,120,0.8,20,112,198,8,190,190,0,190,0.04040404040404041,1.0,0.0,1.0,206,16,190,191,1,190,0.07766990291262135,1.0,0.005235602094240838,1.0,3.6357177889235635,198,8,190,0.04040404040404041,1.0,3.4376556863080934,206,16,190,0.07766990291262135,1.0,3.7817126781360466,195,5,190,0.02564102564102564,1.0,3.500896349648157,205,15,190,0.07317073170731707,1.0,1.389387
gaussian,gaussian,250,120,0.8,20,113,197,7,190,190,0,190,0.03553299492385787,1.0,0.0,1.0,209,19,190,191,1,190,0.09090909090909091,1.0,0.005235602094240838,1.0,3.600434855747663,198,8,190,0.04040404040404041,1.0,3.4191411724061007,211,21,190,0.0995260663507109,1.0,3.7235896994070785,195,5,190,0.02564102564102564,1.0,3.4857659200268514,204,14,190,0.06862745098039216,1.0,1.247376
gaussian,gaussian,250,120,0.8,20,114,204,14,190,191,1,190,0.06862745098039216,1.0,0.005235602094240838,1.0,215,25,190,191,1,190,0.11627906976744186,1.0,0.005235602094240838,1.0,3.6129867824723303,205,15,190,0.07317073170731707,1.0,3.4027480471306757,216,26,190,0.12037037037037036,1.0,3.7012678568089936,202,12,190,0.0594059405940594,1.0,3.4827273422087037,211,21,190,0.0995260663507109,1.0,1.347366
gaussian,gaussian,250,120,0.8,20,115,197,7,190,190,0,190,0.03553299492385787,1.0,0.0,1.0,212,22,190,190,0,190,0.10377358490566038,1.0,0.0,1.0,3.6590328084334685,195,5,190,0.02564102564102564,1.0,3.402641328461619,211,21,190,0.0995260663507109,1.0,4.004044988361878,191,1,190,0.005235602094240838,1.0,3.5434296249899875,199,9,190,0.04522613065326633,1.0,1.273289
gaussian,gaussian,250,120,0.8,20,116,197,7,190,191,1,190,0.03553299492385787,1.0,0.005235602094240838,1.0,202,12,190,191,1,190,0.0594059405940594,1.0,0.005235602094240838,1.0,3.6193153264880653,198,8,190,0.04040404040404041,1.0,3.457077312016752,202,12,190,0.0594059405940594,1.0,3.7357011643653086,195,5,190,0.02564102564102564,1.0,3.5081592068315817,200,10,190,0.05,1.0,1.19618
gaussian,gaussian,250,120,0.8,20,117,200,10,190,191,1,190,0.05,1.0,0.005235602094240838,1.0,204,14,190,193,3,190,0.06862745098039216,1.0,0.015544041450777202,1.0,3.6352111014386974,201,11,190,0.05472636815920398,1.0,3.4040661981614853,208,18,190,0.08653846153846154,1.0,3.717802466688599,199,9,190,0.04522613065326633,1.0,3.522858829859027,204,14,190,0.06862745098039216,1.0,1.359983
gaussian,gaussian,250,120,0.8,20,118,194,4,190,191,1,190,0.020618556701030927,1.0,0.005235602094240838,1.0,203,13,190,191,1,190,0.06403940886699508,1.0,0.005235602094240838,1.0,3.8195732783811205,194,4,190,0.020618556701030927,1.0,3.41526602578678,204,14,190,0.06862745098039216,1.0,3.8195732783811205,194,4,190,0.020618556701030927,1.0,3.496369252451567,201,11,190,0.05472636815920398,1.0,1.252726
gaussian,gaussian,250,120,0.8,20,119,198,8,190,191,1,190,0.04040404040404041,1.0,0.005235602094240838,1.0,207,17,190,192,2,190,0.0821256038647343,1.0,0.010416666666666666,1.0,3.702554542041574,198,8,190,0.04040404040404041,1.0,3.4070532115212258,206,16,190,0.07766990291262135,1.0,3.7161899708238377,197,7,190,0.03553299492385787,1.0,3.525740385885659,201,11,190,0.05472636815920398,1.0,1.317981
gaussian,gaussian,250,120,0.8,20,120,201,11,190,191,1,190,0.05472636815920398,1.0,0.005235602094240838,1.0,217,27,190,193,3,190,0.12442396313364056,1.0,0.015544041450777202,1.0,3.6896994354258674,199,9,190,0.04522613065326633,1.0,3.403458464711081,215,25,190,0.11627906976744186,1.0,3.6896994354258674,199,9,190,0.04522613065326633,1.0,3.4688688889543142,210,20,190,0.09523809523809523,1.0,1.348643
gaussian,gaussian,250,120,0.8,20,121,195,5,190,190,0,190,0.02564102564102564,1.0,0.0,1.0,204,14,190,190,0,190,0.06862745098039216,1.0,0.0,1.0,3.6693088926345774,196,6,190,0.030612244897959183,1.0,3.4170090936149786,206,16,190,0.07766990291262135,1.0,3.6933740742819,195,5,190,0.02564102564102564,1.0,3.475904931406836,202,12,190,0.0594059405940594,1.0,1.317805
gaussian,gaussian,250,120,0.8,20,122,205,15,190,191,1,190,0.07317073170731707,1.0,0.005235602094240838,1.0,221,31,190,192,2,190,0.14027149321266968,1.0,0.010416666666666666,1.0,3.6211774452094607,204,14,190,0.06862745098039216,1.0,3.3965355891029083,220,30,190,0.13636363636363635,1.0,3.6587727288968512,203,13,190,0.06403940886699508,1.0,3.452060246771377,213,23,190,0.107981220657277,1.0,1.194745
gaussian,gaussian,250,120,0.8,20,123,195,5,190,191,1,190,0.02564102564102564,1.0,0.005235602094240838,1.0,204,14,190,192,2,190,0.06862745098039216,1.0,0.010416666666666666,1.0,3.625980408221026,195,5,190,0.02564102564102564,1.0,3.426444509685913,204,14,190,0.06862745098039216,1.0,3.9917764508298066,192,2,190,0.010416666666666666,1.0,3.5139001788591315,198,8,190,0.04040404040404041,1.0,1.371526
gaussian,gaussian,250,120,0.8,20,124,199,9,190,192,2,190,0.04522613065326633,1.0,0.010416666666666666,1.0,215,25,190,195,5,190,0.11627906976744186,1.0,0.02564102564102564,1.0,3.7054380729829584,200,10,190,0.05,1.0,3.4015513148883216,219,29,190,0.1324200913242009,1.0,3.7054380729829584,200,10,190,0.05,1.0,3.4519793683370827,211,21,190,0.0995260663507109,1.0,1.293832
gaussian,gaussian,250,120,0.8,20,125,196,6,190,191,1,190,0.030612244897959183,1.0,0.005235602094240838,1.0,209,19,190,192,2,190,0.09090909090909091,1.0,0.010416666666666666,1.0,3.6330552779089245,196,6,190,0.030612244897959183,1.0,3.4237070142241612,210,20,190,0.09523809523809523,1.0,3.9546031587915556,193,3,190,0.015544041450777202,1.0,3.5030666935914443,202,12,190,0.0594059405940594,1.0,1.333521
gaussian,gaussian,250,120,0.8,20,126,199,9,190,190,0,190,0.04522613065326633,1.0,0.0,1.0,211,21,190,190,0,190,0.0995260663507109,1.0,0.0,1.0,3.6756176032873085,198,8,190,0.04040404040404041,1.0,3.4047587651416453,211,21,190,0.0995260663507109,1.0,3.742229616684997,197,7,190,0.03553299492385787,1.0,3.48775083519817,206,16,190,0.07766990291262135,1.0,1.300566
gaussian,gaussian,250,120,0.8,20,127,202,12,190,191,1,190,0.0594059405940594,1.0,0.005235602094240838,1.0,213,23,190,191,1,190,0.107981220657277,1.0,0.005235602094240838,1.0,3.5978850261048443,204,14,190,0.06862745098039216,1.0,3.403267271597285,214,24,190,0.11214953271028037,1.0,3.740952598176353,199,9,190,0.04522613065326633,1.0,3.4754021501714942,210,20,190,0.09523809523809523,1.0,1.359202
gaussian,gaussian,250,120,0.8,20,128,197,7,190,191,1,190,0.03553299492385787,1.0,0.005235602094240838,1.0,205,15,190,192,2,190,0.07317073170731707,1.0,0.010416666666666666,1.0,3.6085695547031547,197,7,190,0.03553299492385787,1.0,3.4192087016469275,205,15,190,0.07317073170731707,1.0,3.87612122730964,194,4,190,0.020618556701030927,1.0,3.49118284676876,202,12,190,0.0594059405940594,1.0,1.472847
gaussian,gaussian,250,120,0.8,20,129,202,12,190,191,1,190,0.0594059405940594,1.0,0.005235602094240838,1.0,219,29,190,192,2,190,0.1324200913242009,1.0,0.010416666666666666,1.0,3.5991324830617004,202,12,190,0.0594059405940594,1.0,3.3861172884974016,222,32,190,0.14414414414414414,1.0,3.7268149737207907,199,9,190,0.04522613065326633,1.0,3.4565987416731603,215,25,190,0.11627906976744186,1.0,1.251993
gaussian,gaussian,250,120,0.8,20,130,201,11,190,190,0,190,0.05472636815920398,1.0,0.0,1.0,213,23,190,194,4,190,0.107981220657277,1.0,0.020618556701030927,1.0,3.602391957550232,202,12,190,0.0594059405940594,1.0,3.3990306171145677,212,22,190,0.10377358490566038,1.0,3.711895021801532,200,10,190,0.05,1.0,3.471358150328084,207,17,190,0.0821256038647343,1.0,1.244495
gaussian,gaussian,250,120,0.8,20,131,207,17,190,191,1,190,0.0821256038647343,1.0,0.005235602094240838,1.0,218,28,190,193,3,190,0.12844036697247707,1.0,0.015544041450777202,1.0,3.6149747217206087,209,19,190,0.09090909090909091,1.0,3.396452189613616,223,33,190,0.14798206278026907,1.0,3.6956733712399537,204,14,190,0.06862745098039216,1.0,3.4820841617269456,214,24,190,0.11214953271028037,1.0,1.468013
gaussian,gaussian,250,120,0.8,20,132,201,11,190,192,2,190,0.05472636815920398,1.0,0.010416666666666666,1.0,213,23,190,193,3,190,0.107981220657277,1.0,0.015544041450777202,1.0,3.61225182751741,201,11,190,0.05472636815920398,1.0,3.435161986157394,210,20,190,0.09523809523809523,1.0,3.648608560704236,200,10,190,0.05,1.0,3.435161986157394,210,20,190,0.09523809523809523,1.0,1.251482
gaussian,gaussian,250,120,0.8,20,133,196,6,190,190,0,190,0.030612244897959183,1.0,0.0,1.0,207,17,190,190,0,190,0.0821256038647343,1.0,0.0,1.0,3.6680714478819167,198,8,190,0.04040404040404041,1.0,3.408395512318371,209,19,190,0.09090909090909091,1.0,3.7989902877967157,196,6,190,0.030612244897959183,1.0,3.493079686180994,204,14,190,0.06862745098039216,1.0,1.297148
gaussian,gaussian,250,120,0.8,20,134,199,9,190,191,1,190,0.04522613065326633,1.0,0.005235602094240838,1.0,211,21,190,191,1,190,0.0995260663507109,1.0,0.005235602094240838,1.0,3.6407554124167416,198,8,190,0.04040404040404041,1.0,3.410446570622503,212,22,190,0.10377358490566038,1.0,3.819183855298394,194,4,190,0.020618556701030927,1.0,3.5171359475258717,205,15,190,0.07317073170731707,1.0,1.207985
gaussian,gaussian,250,120,0.8,20,135,198,8,190,191,1,190,0.04040404040404041,1.0,0.005235602094240838,1.0,209,19,190,192,2,190,0.09090909090909091,1.0,0.010416666666666666,1.0,3.629323287236621,198,8,190,0.04040404040404041,1.0,3.405382647919462,208,18,190,0.08653846153846154,1.0,3.8684495514006674,195,5,190,0.02564102564102564,1.0,3.5291928797981904,199,9,190,0.04522613065326633,1.0,1.41873
gaussian,gaussian,250,120,0.8,20,136,195,5,190,190,0,190,0.02564102564102564,1.0,0.0,1.0,205,15,190,190,0,190,0.07317073170731707,1.0,0.0,1.0,3.6232791971657545,196,6,190,0.030612244897959183,1.0,3.4201106359775935,206,16,190,0.07766990291262135,1.0,3.7284269561291143,194,4,190,0.020618556701030927,1.0,3.498582824327149,199,9,190,0.04522613065326633,1.0,1.469706
gaussian,gaussian,250,120,0.8,20,137,203,13,190,192,2,190,0.06403940886699508,1.0,0.010416666666666666,1.0,214,24,190,192,2,190,0.11214953271028037,1.0,0.010416666666666666,1.0,3.6331308323397637,203,13,190,0.06403940886699508,1.0,3.401602464423997,217,27,190,0.12442396313364056,1.0,3.761287152161907,199,9,190,0.04522613065326633,1.0,3.4888431527962678,210,20,190,0.09523809523809523,1.0,1.264875
gaussian,gaussian,250,120,0.8,20,138,198,8,190,192,2,190,0.04040404040404041,1.0,0.010416666666666666,1.0,208,18,190,192,2,190,0.08653846153846154,1.0,0.010416666666666666,1.0,3.6769018290736826,199,9,190,0.04522613065326633,1.0,3.404828722495709,210,20,190,0.09523809523809523,1.0,3.685156529932331,198,8,190,0.04040404040404041,1.0,3.4680867834572022,205,15,190,0.07317073170731707,1.0,1.255811
gaussian,gaussian,250,120,0.8,20,139,202,12,190,192,2,190,0.0594059405940594,1.0,0.010416666666666666,1.0,209,19,190,193,3,190,0.09090909090909091,1.0,0.015544041450777202,1.0,3.675705113184246,201,11,190,0.05472636815920398,1.0,3.432955544216859,209,19,190,0.09090909090909091,1.0,3.7021361295355666,199,9,190,0.04522613065326633,1.0,3.488254651604158,206,16,190,0.07766990291262135,1.0,1.256311
gaussian,gaussian,250,120,0.8,20,140,200,10,190,191,1,190,0.05,1.0,0.005235602094240838,1.0,211,21,190,193,3,190,0.0995260663507109,1.0,0.015544041450777202,1.0,3.6164096099039043,200,10,190,0.05,1.0,3.398076510308174,213,23,190,0.107981220657277,1.0,3.7054034653297556,199,9,190,0.04522613065326633,1.0,3.472057019342927,206,16,190,0.07766990291262135,1.0,1.456908
gaussian,gaussian,250,120,0.8,20,141,204,14,190,190,0,190,0.06862745098039216,1.0,0.0,1.0,213,23,190,190,0,190,0.107981220657277,1.0,0.0,1.0,3.5924604182306714,205,15,190,0.07317073170731707,1.0,3.4104689942073403,214,24,190,0.11214953271028037,1.0,3.7384512381470074,200,10,190,0.05,1.0,3.4971689524431007,210,20,190,0.09523809523809523,1.0,1.230223
gaussian,gaussian,250,120,0.8,20,142,202,12,190,191,1,190,0.0594059405940594,1.0,0.005235602094240838,1.0,216,26,190,192,2,190,0.12037037037037036,1.0,0.010416666666666666,1.0,3.62450092049792,201,11,190,0.05472636815920398,1.0,3.400651849584385,216,26,190,0.12037037037037036,1.0,3.896375682726799,198,8,190,0.04040404040404041,1.0,3.526644679724662,205,15,190,0.07317073170731707,1.0,1.281811
gaussian,gaussian,250,120,0.8,20,143,204,14,190,191,1,190,0.06862745098039216,1.0,0.005235602094240838,1.0,220,30,190,191,1,190,0.13636363636363635,1.0,0.005235602094240838,1.0,3.615085626013941,205,15,190,0.07317073170731707,1.0,3.388167552200898,219,29,190,0.1324200913242009,1.0,3.644422812979099,203,13,190,0.06403940886699508,1.0,3.4595984993515434,217,27,190,0.12442396313364056,1.0,1.275315
gaussian,gaussian,250,120,0.8,20,144,203,13,190,192,2,190,0.06403940886699508,1.0,0.010416666666666666,1.0,214,24,190,193,3,190,0.11214953271028037,1.0,0.015544041450777202,1.0,3.61331877774208,203,13,190,0.06403940886699508,1.0,3.4218658468186405,214,24,190,0.11214953271028037,1.0,3.6967511529993833,200,10,190,0.05,1.0,3.463281991667069,211,21,190,0.0995260663507109,1.0,1.538682
gaussian,gaussian,250,120,0.8,20,145,197,7,190,190,0,190,0.03553299492385787,1.0,0.0,1.0,207,17,190,190,0,190,0.0821256038647343,1.0,0.0,1.0,3.6058425908431717,199,9,190,0.04522613065326633,1.0,3.431824384523196,208,18,190,0.08653846153846154,1.0,3.701279481604406,195,5,190,0.02564102564102564,1.0,3.4675563207051106,204,14,190,0.06862745098039216,1.0,1.240571
gaussian,gaussian,250,120,0.8,20,146,197,7,190,191,1,190,0.03553299492385787,1.0,0.005235602094240838,1.0,214,24,190,192,2,190,0.11214953271028037,1.0,0.010416666666666666,1.0,3.6034898091715353,198,8,190,0.04040404040404041,1.0,3.4021363879916695,215,25,190,0.11627906976744186,1.0,3.7803764563229834,196,6,190,0.030612244897959183,1.0,3.475912245172536,208,18,190,0.08653846153846154,1.0,1.246391
gaussian,gaussian,250,120,0.8,20,147,200,10,190,190,0,190,0.05,1.0,0.0,1.0,209,19,190,191,1,190,0.09090909090909091,1.0,0.005235602094240838,1.0,3.6458116625680677,201,11,190,0.05472636815920398,1.0,3.431293210810337,210,20,190,0.09523809523809523,1.0,3.7372320954715534,197,7,190,0.03553299492385787,1.0,3.5292597521090863,203,13,190,0.06403940886699508,1.0,1.270918
gaussian,gaussian,250,120,0.8,20,148,201,11,190,190,0,190,0.05472636815920398,1.0,0.0,1.0,213,23,190,191,1,190,0.107981220657277,1.0,0.005235602094240838,1.0,3.640005375926306,200,10,190,0.05,1.0,3.4186099565476815,215,25,190,0.11627906976744186,1.0,3.6991242267911217,197,7,190,0.03553299492385787,1.0,3.4546366016809293,212,22,190,0.10377358490566038,1.0,1.343856
gaussian,gaussian,250,120,0.8,20,149,201,11,190,191,1,190,0.05472636815920398,1.0,0.005235602094240838,1.0,218,28,190,193,3,190,0.12844036697247707,1.0,0.015544041450777202,1.0,3.599370320973255,204,14,190,0.06862745098039216,1.0,3.3995363426852645,220,30,190,0.13636363636363635,1.0,3.7239573386072835,201,11,190,0.05472636815920398,1.0,3.4907414726438044,211,21,190,0.0995260663507109,1.0,1.270497
gaussian,gaussian,250,120,0.8,20,150,196,6,190,190,0,190,0.030612244897959183,1.0,0.0,1.0,203,13,190,192,2,190,0.06403940886699508,1.0,0.010416666666666666,1.0,3.61996269027207,197,7,190,0.03553299492385787,1.0,3.4136397453257916,204,14,190,0.06862745098039216,1.0,3.6985528888016987,196,6,190,0.030612244897959183,1.0,3.4628725898294137,202,12,190,0.0594059405940594,1.0,1.276735
gaussian,gaussian,250,120,0.8,20,151,202,12,190,191,1,190,0.0594059405940594,1.0,0.005235602094240838,1.0,216,26,190,192,2,190,0.12037037037037036,1.0,0.010416666666666666,1.0,3.596278974437486,203,13,190,0.06403940886699508,1.0,3.3957533915312528,216,26,190,0.12037037037037036,1.0,3.675819864720073,201,11,190,0.05472636815920398,1.0,3.4525024029955182,213,23,190,0.107981220657277,1.0,1.337514
gaussian,gaussian,250,120,0.8,20,152,205,15,190,190,0,190,0.07317073170731707,1.0,0.0,1.0,214,24,190,191,1,190,0.11214953271028037,1.0,0.005235602094240838,1.0,3.601043815598367,205,15,190,0.07317073170731707,1.0,3.402544006074567,216,26,190,0.12037037037037036,1.0,3.7468393367292463,201,11,190,0.05472636815920398,1.0,3.451095107618278,214,24,190,0.11214953271028037,1.0,1.381279
gaussian,gaussian,250,120,0.8,20,153,200,10,190,190,0,190,0.05,1.0,0.0,1.0,218,28,190,195,5,190,0.12844036697247707,1.0,0.02564102564102564,1.0,3.6540327061493536,200,10,190,0.05,1.0,3.4043459208597358,217,27,190,0.12442396313364056,1.0,3.814309588662978,198,8,190,0.04040404040404041,1.0,3.4781295445167846,208,18,190,0.08653846153846154,1.0,1.231979
gaussian,gaussian,250,120,0.8,20,154,195,5,190,192,2,190,0.02564102564102564,1.0,0.010416666666666666,1.0,210,20,190,193,3,190,0.09523809523809523,1.0,0.015544041450777202,1.0,3.604475920412145,197,7,190,0.03553299492385787,1.0,3.3981173496728934,212,22,190,0.10377358490566038,1.0,3.831526583604736,195,5,190,0.02564102564102564,1.0,3.4964330966617365,203,13,190,0.06403940886699508,1.0,1.355851
gaussian,gaussian,250,120,0.8,20,155,200,10,190,191,1,190,0.05,1.0,0.005235602094240838,1.0,212,22,190,193,3,190,0.10377358490566038,1.0,0.015544041450777202,1.0,3.606414604084402,201,11,190,0.05472636815920398,1.0,3.3965753131489316,214,24,190,0.11214953271028037,1.0,3.6962080813650906,200,10,190,0.05,1.0,3.467531373887435,209,19,190,0.09090909090909091,1.0,1.256362
gaussian,gaussian,250,120,0.8,20,156,199,9,190,191,1,190,0.04522613065326633,1.0,0.005235602094240838,1.0,214,24,190,194,4,190,0.11214953271028037,1.0,0.020618556701030927,1.0,3.6460307672586643,200,10,190,0.05,1.0,3.417766610049806,215,25,190,0.11627906976744186,1.0,3.8004573304455778,198,8,190,0.04040404040404041,1.0,3.49111141814007,209,19,190,0.09090909090909091,1.0,1.387615
gaussian,gaussian,250,120,0.8,20,157,204,14,190,192,2,190,0.06862745098039216,1.0,0.010416666666666666,1.0,218,28,190,196,6,190,0.12844036697247707,1.0,0.030612244897959183,1.0,3.600821322463458,204,14,190,0.06862745098039216,1.0,3.392526622493945,217,27,190,0.12442396313364056,1.0,3.7169114474103453,202,12,190,0.0594059405940594,1.0,3.4674798505702737,212,22,190,0.10377358490566038,1.0,1.270137
gaussian,gaussian,250,120,0.8,20,158,201,11,190,191,1,190,0.05472636815920398,1.0,0.005235602094240838,1.0,219,29,190,191,1,190,0.1324200913242009,1.0,0.005235602094240838,1.0,3.623833191677458,201,11,190,0.05472636815920398,1.0,3.389607221442738,220,30,190,0.13636363636363635,1.0,3.720250937409533,196,6,190,0.030612244897959183,1.0,3.4800759919447786,209,19,190,0.09090909090909091,1.0,1.290439
gaussian,gaussian,250,120,0.8,20,159,202,12,190,191,1,190,0.0594059405940594,1.0,0.005235602094240838,1.0,209,19,190,192,2,190,0.09090909090909091,1.0,0.010416666666666666,1.0,3.645918518758985,202,12,190,0.0594059405940594,1.0,3.4155750351512975,209,19,190,0.09090909090909091,1.0,3.7072440764113006,198,8,190,0.04040404040404041,1.0,3.5500780475172737,204,14,190,0.06862745098039216,1.0,1.335153
gaussian,gaussian,250,120,0.8,20,160,198,8,190,191,1,190,0.04040404040404041,1.0,0.005235602094240838,1.0,206,16,190,192,2,190,0.07766990291262135,1.0,0.010416666666666666,1.0,3.6009360710167266,200,10,190,0.05,1.0,3.4225301384593245,208,18,190,0.08653846153846154,1.0,3.689920633709122,199,9,190,0.04522613065326633,1.0,3.47281008179808,205,15,190,0.07317073170731707,1.0,1.343573
gaussian,gaussian,250,120,0.8,20,161,203,13,190,190,0,190,0.06403940886699508,1.0,0.0,1.0,213,23,190,191,1,190,0.107981220657277,1.0,0.005235602094240838,1.0,3.684594091586246,203,13,190,0.06403940886699508,1.0,3.406070155911062,213,23,190,0.107981220657277,1.0,3.684594091586246,203,13,190,0.06403940886699508,1.0,3.4668268142402527,210,20,190,0.09523809523809523,1.0,1.451819
gaussian,gaussian,250,120,0.8,20,162,199,9,190,191,1,190,0.04522613065326633,1.0,0.005235602094240838,1.0,214,24,190,192,2,190,0.11214953271028037,1.0,0.010416666666666666,1.0,3.6078584130367592,201,11,190,0.05472636815920398,1.0,3.399552672917379,215,25,190,0.11627906976744186,1.0,3.871096719417298,195,5,190,0.02564102564102564,1.0,3.537110522759784,209,19,190,0.09090909090909091,1.0,1.255361
gaussian,gaussian,250,120,0.8,20,163,199,9,190,191,1,190,0.04522613065326633,1.0,0.005235602094240838,1.0,212,22,190,194,4,190,0.10377358490566038,1.0,0.020618556701030927,1.0,3.6619003523746736,199,9,190,0.04522613065326633,1.0,3.405744995744933,210,20,190,0.09523809523809523,1.0,3.672640175085991,198,8,190,0.04040404040404041,1.0,3.450938344454441,203,13,190,0.06403940886699508,1.0,1.282134
gaussian,gaussian,250,120,0.8,20,164,202,12,190,191,1,190,0.0594059405940594,1.0,0.005235602094240838,1.0,215,25,190,193,3,190,0.11627906976744186,1.0,0.015544041450777202,1.0,3.6238784609245047,203,13,190,0.06403940886699508,1.0,3.402273334129327,215,25,190,0.11627906976744186,1.0,3.7381801606598244,199,9,190,0.04522613065326633,1.0,3.4902056246132687,210,20,190,0.09523809523809523,1.0,1.293831
gaussian,gaussian,250,120,0.8,20,165,200,10,190,190,0,190,0.05,1.0,0.0,1.0,215,25,190,191,1,190,0.11627906976744186,1.0,0.005235602094240838,1.0,3.6162924874115996,198,8,190,0.04040404040404041,1.0,3.4037542085637997,213,23,190,0.107981220657277,1.0,3.7270502719288694,194,4,190,0.020618556701030927,1.0,3.471487120544544,209,19,190,0.09090909090909091,1.0,1.460973
gaussian,gaussian,250,120,0.8,20,166,201,11,190,191,1,190,0.05472636815920398,1.0,0.005235602094240838,1.0,217,27,190,192,2,190,0.12442396313364056,1.0,0.010416666666666666,1.0,3.597962166403568,203,13,190,0.06403940886699508,1.0,3.3951528401623263,221,31,190,0.14027149321266968,1.0,3.73290434738748,198,8,190,0.04040404040404041,1.0,3.4999119787099615,212,22,190,0.10377358490566038,1.0,1.210759
gaussian,gaussian,250,120,0.8,20,167,204,14,190,192,2,190,0.06862745098039216,1.0,0.010416666666666666,1.0,220,30,190,193,3,190,0.13636363636363635,1.0,0.015544041450777202,1.0,3.5922911158101867,205,15,190,0.07317073170731707,1.0,3.400190032013695,219,29,190,0.1324200913242009,1.0,3.67838103888527,202,12,190,0.0594059405940594,1.0,3.485904252006757,216,26,190,0.12037037037037036,1.0,1.381281
gaussian,gaussian,250,120,0.8,20,168,199,9,190,192,2,190,0.04522613065326633,1.0,0.010416666666666666,1.0,206,16,190,192,2,190,0.07766990291262135,1.0,0.010416666666666666,1.0,3.602284959191033,200,10,190,0.05,1.0,3.4166482520170316,207,17,190,0.0821256038647343,1.0,3.7176855713934627,196,6,190,0.030612244897959183,1.0,3.511580783359847,203,13,190,0.06403940886699508,1.0,1.271452
gaussian,gaussian,250,120,0.8,20,169,199,9,190,190,0,190,0.04522613065326633,1.0,0.0,1.0,212,22,190,190,0,190,0.10377358490566038,1.0,0.0,1.0,3.6249098870233274,199,9,190,0.04522613065326633,1.0,3.3975585031755218,213,23,190,0.107981220657277,1.0,3.6982240121204737,196,6,190,0.030612244897959183,1.0,3.5088636487487617,204,14,190,0.06862745098039216,1.0,1.316948
gaussian,gaussian,250,120,0.8,20,170,194,4,190,190,0,190,0.020618556701030927,1.0,0.0,1.0,205,15,190,191,1,190,0.07317073170731707,1.0,0.005235602094240838,1.0,3.6587392873675726,193,3,190,0.015544041450777202,1.0,3.4255009838248225,205,15,190,0.07317073170731707,1.0,3.9762481313003817,192,2,190,0.010416666666666666,1.0,3.481670564893734,202,12,190,0.0594059405940594,1.0,1.351602
gaussian,gaussian,250,120,0.8,20,171,198,8,190,190,0,190,0.04040404040404041,1.0,0.0,1.0,217,27,190,190,0,190,0.12442396313364056,1.0,0.0,1.0,3.679207013019559,197,7,190,0.03553299492385787,1.0,3.410977059118707,213,23,190,0.107981220657277,1.0,3.679207013019559,197,7,190,0.03553299492385787,1.0,3.4505600548414277,209,19,190,0.09090909090909091,1.0,1.255658
gaussian,gaussian,250,120,0.8,20,172,202,12,190,191,1,190,0.0594059405940594,1.0,0.005235602094240838,1.0,213,23,190,191,1,190,0.107981220657277,1.0,0.005235602094240838,1.0,3.6015020771880994,202,12,190,0.0594059405940594,1.0,3.413323853289362,212,22,190,0.10377358490566038,1.0,3.707912563755372,196,6,190,0.030612244897959183,1.0,3.4812876721111494,207,17,190,0.0821256038647343,1.0,1.250374
gaussian,gaussian,250,120,0.8,20,173,198,8,190,191,1,190,0.04040404040404041,1.0,0.005235602094240838,1.0,210,20,190,191,1,190,0.09523809523809523,1.0,0.005235602094240838,1.0,3.594742837011843,203,13,190,0.06403940886699508,1.0,3.4071730782353873,211,21,190,0.0995260663507109,1.0,3.673312565927713,200,10,190,0.05,1.0,3.464099231494834,208,18,190,0.08653846153846154,1.0,1.281093
gaussian,gaussian,250,120,0.8,20,174,197,7,190,190,0,190,0.03553299492385787,1.0,0.0,1.0,208,18,190,190,0,190,0.08653846153846154,1.0,0.0,1.0,3.610737468097979,199,9,190,0.04522613065326633,1.0,3.40160863740346,209,19,190,0.09090909090909091,1.0,3.731647875403294,198,8,190,0.04040404040404041,1.0,3.4882037407620987,203,13,190,0.06403940886699508,1.0,1.273565
gaussian,gaussian,250,120,0.8,20,175,199,9,190,191,1,190,0.04522613065326633,1.0,0.005235602094240838,1.0,208,18,190,191,1,190,0.08653846153846154,1.0,0.005235602094240838,1.0,3.634249768636418,201,11,190,0.05472636815920398,1.0,3.4067634177113795,208,18,190,0.08653846153846154,1.0,3.727136313447261,197,7,190,0.03553299492385787,1.0,3.460559986886696,205,15,190,0.07317073170731707,1.0,1.501204
gaussian,gaussian,250,120,0.8,20,176,197,7,190,190,0,190,0.03553299492385787,1.0,0.0,1.0,205,15,190,190,0,190,0.07317073170731707,1.0,0.0,1.0,3.64935251778216,198,8,190,0.04040404040404041,1.0,3.4157630859081087,209,19,190,0.09090909090909091,1.0,3.722153916607888,194,4,190,0.020618556701030927,1.0,3.5486215955167153,201,11,190,0.05472636815920398,1.0,1.229232
gaussian,gaussian,250,120,0.8,20,177,195,5,190,190,0,190,0.02564102564102564,1.0,0.0,1.0,206,16,190,191,1,190,0.07766990291262135,1.0,0.005235602094240838,1.0,3.709028773143443,197,7,190,0.03553299492385787,1.0,3.411729495457008,209,19,190,0.09090909090909091,1.0,3.709028773143443,197,7,190,0.03553299492385787,1.0,3.4713290582144105,203,13,190,0.06403940886699508,1.0,1.35891
gaussian,gaussian,250,120,0.8,20,178,198,8,190,190,0,190,0.04040404040404041,1.0,0.0,1.0,207,17,190,192,2,190,0.0821256038647343,1.0,0.010416666666666666,1.0,3.6014947171567826,198,8,190,0.04040404040404041,1.0,3.4411798177946658,207,17,190,0.0821256038647343,1.0,3.846198982328524,195,5,190,0.02564102564102564,1.0,3.4742345970429502,206,16,190,0.07766990291262135,1.0,1.32084
gaussian,gaussian,250,120,0.8,20,179,197,7,190,191,1,190,0.03553299492385787,1.0,0.005235602094240838,1.0,208,18,190,191,1,190,0.08653846153846154,1.0,0.005235602094240838,1.0,3.6353730891351255,199,9,190,0.04522613065326633,1.0,3.411762819893495,209,19,190,0.09090909090909091,1.0,3.680685313823345,197,7,190,0.03553299492385787,1.0,3.494382472193621,207,17,190,0.0821256038647343,1.0,1.30927
gaussian,gaussian,250,120,0.8,20,180,203,13,190,190,0,190,0.06403940886699508,1.0,0.0,1.0,222,32,190,190,0,190,0.14414414414414414,1.0,0.0,1.0,3.601837061816209,204,14,190,0.06862745098039216,1.0,3.3902006123469857,224,34,190,0.15178571428571427,1.0,3.723825459079065,197,7,190,0.03553299492385787,1.0,3.485891559694567,213,23,190,0.107981220657277,1.0,1.253653
gaussian,gaussian,250,120,0.8,20,181,199,9,190,191,1,190,0.04522613065326633,1.0,0.005235602094240838,1.0,201,11,190,191,1,190,0.05472636815920398,1.0,0.005235602094240838,1.0,3.657399171952924,199,9,190,0.04522613065326633,1.0,3.417182066200402,202,12,190,0.0594059405940594,1.0,3.7007074130088906,197,7,190,0.03553299492385787,1.0,3.5452016884420217,200,10,190,0.05,1.0,1.235303
gaussian,gaussian,250,120,0.8,20,182,202,12,190,191,1,190,0.0594059405940594,1.0,0.005235602094240838,1.0,214,24,190,192,2,190,0.11214953271028037,1.0,0.010416666666666666,1.0,3.646987906567274,201,11,190,0.05472636815920398,1.0,3.408367494261558,214,24,190,0.11214953271028037,1.0,3.7003306680915182,200,10,190,0.05,1.0,3.4857367022451125,210,20,190,0.09523809523809523,1.0,1.369326
gaussian,gaussian,250,120,0.8,20,183,199,9,190,192,2,190,0.04522613065326633,1.0,0.010416666666666666,1.0,213,23,190,193,3,190,0.107981220657277,1.0,0.015544041450777202,1.0,3.5986234470825553,200,10,190,0.05,1.0,3.418514292675238,211,21,190,0.0995260663507109,1.0,3.7074711011397152,196,6,190,0.030612244897959183,1.0,3.4909750907368977,209,19,190,0.09090909090909091,1.0,1.443261
gaussian,gaussian,250,120,0.8,20,184,204,14,190,191,1,190,0.06862745098039216,1.0,0.005235602094240838,1.0,212,22,190,192,2,190,0.10377358490566038,1.0,0.010416666666666666,1.0,3.6215492252618997,204,14,190,0.06862745098039216,1.0,3.4039940754934217,214,24,190,0.11214953271028037,1.0,3.7149181851981194,202,12,190,0.0594059405940594,1.0,3.5152667436895193,206,16,190,0.07766990291262135,1.0,1.310547
gaussian,gaussian,250,120,0.8,20,185,202,12,190,191,1,190,0.0594059405940594,1.0,0.005235602094240838,1.0,211,21,190,192,2,190,0.0995260663507109,1.0,0.010416666666666666,1.0,3.596254587236227,202,12,190,0.0594059405940594,1.0,3.4000408284221204,213,23,190,0.107981220657277,1.0,3.697895331737616,199,9,190,0.04522613065326633,1.0,3.4584130368337185,210,20,190,0.09523809523809523,1.0,1.301919
gaussian,gaussian,250,120,0.8,20,186,204,14,190,193,3,190,0.06862745098039216,1.0,0.015544041450777202,1.0,212,22,190,194,4,190,0.10377358490566038,1.0,0.020618556701030927,1.0,3.5917971023068103,205,15,190,0.07317073170731707,1.0,3.40392750586988,215,25,190,0.11627906976744186,1.0,3.7516486040180075,197,7,190,0.03553299492385787,1.0,3.525075958521908,208,18,190,0.08653846153846154,1.0,1.351471
gaussian,gaussian,250,120,0.8,20,187,195,5,190,192,2,190,0.02564102564102564,1.0,0.010416666666666666,1.0,207,17,190,192,2,190,0.0821256038647343,1.0,0.010416666666666666,1.0,3.6006804548678777,198,8,190,0.04040404040404041,1.0,3.4625771216370262,208,18,190,0.08653846153846154,1.0,3.7407947653792424,195,5,190,0.02564102564102564,1.0,3.4974803352659984,205,15,190,0.07317073170731707,1.0,1.254556
gaussian,gaussian,250,120,0.8,20,188,200,10,190,190,0,190,0.05,1.0,0.0,1.0,209,19,190,190,0,190,0.09090909090909091,1.0,0.0,1.0,3.632236301756208,199,9,190,0.04522613065326633,1.0,3.4177007750776656,210,20,190,0.09523809523809523,1.0,3.6891021628627607,197,7,190,0.03553299492385787,1.0,3.514540258833026,204,14,190,0.06862745098039216,1.0,1.200245
gaussian,gaussian,250,120,0.8,20,189,197,7,190,191,1,190,0.03553299492385787,1.0,0.005235602094240838,1.0,213,23,190,194,4,190,0.107981220657277,1.0,0.020618556701030927,1.0,3.6982496451961873,197,7,190,0.03553299492385787,1.0,3.413535641078815,214,24,190,0.11214953271028037,1.0,3.777000777250462,196,6,190,0.030612244897959183,1.0,3.5052694453871784,209,19,190,0.09090909090909091,1.0,1.3718
gaussian,gaussian,250,120,0.8,20,190,202,12,190,191,1,190,0.0594059405940594,1.0,0.005235602094240838,1.0,219,29,190,194,4,190,0.1324200913242009,1.0,0.020618556701030927,1.0,3.599849828824675,203,13,190,0.06403940886699508,1.0,3.417840971550763,219,29,190,0.1324200913242009,1.0,3.7718906210652348,198,8,190,0.04040404040404041,1.0,3.486784923815554,213,23,190,0.107981220657277,1.0,1.299441
gaussian,gaussian,250,120,0.8,20,191,201,11,190,190,0,190,0.05472636815920398,1.0,0.0,1.0,211,21,190,192,2,190,0.0995260663507109,1.0,0.010416666666666666,1.0,3.620143116292074,202,12,190,0.0594059405940594,1.0,3.436084925840384,211,21,190,0.0995260663507109,1.0,3.7614889070849267,198,8,190,0.04040404040404041,1.0,3.5192136958021023,206,16,190,0.07766990291262135,1.0,1.59041
gaussian,gaussian,250,120,0.8,20,192,198,8,190,190,0,190,0.04040404040404041,1.0,0.0,1.0,208,18,190,191,1,190,0.08653846153846154,1.0,0.005235602094240838,1.0,3.6659328562121556,198,8,190,0.04040404040404041,1.0,3.4028631858541427,208,18,190,0.08653846153846154,1.0,3.7531525402713837,195,5,190,0.02564102564102564,1.0,3.535265090573333,200,10,190,0.05,1.0,1.242412
gaussian,gaussian,250,120,0.8,20,193,204,14,190,191,1,190,0.06862745098039216,1.0,0.005235602094240838,1.0,221,31,190,192,2,190,0.14027149321266968,1.0,0.010416666666666666,1.0,3.593541454740949,208,18,190,0.08653846153846154,1.0,3.3799378168980105,226,36,190,0.1592920353982301,1.0,3.761130923469997,200,10,190,0.05,1.0,3.48300457345478,216,26,190,0.12037037037037036,1.0,1.315096
gaussian,gaussian,250,120,0.8,20,194,201,11,190,194,4,190,0.05472636815920398,1.0,0.020618556701030927,1.0,224,34,190,196,6,190,0.15178571428571427,1.0,0.030612244897959183,1.0,3.5966604802754536,204,14,190,0.06862745098039216,1.0,3.384351296865888,228,38,190,0.16666666666666666,1.0,3.7243454505163327,202,12,190,0.0594059405940594,1.0,3.4768271008219056,219,29,190,0.1324200913242009,1.0,1.210106
gaussian,gaussian,250,120,0.8,20,195,197,7,190,190,0,190,0.03553299492385787,1.0,0.0,1.0,205,15,190,192,2,190,0.07317073170731707,1.0,0.010416666666666666,1.0,3.655772415212413,197,7,190,0.03553299492385787,1.0,3.4054379125132503,207,17,190,0.0821256038647343,1.0,3.7464072617799435,194,4,190,0.020618556701030927,1.0,3.4970494319502317,202,12,190,0.0594059405940594,1.0,1.465021
gaussian,gaussian,250,120,0.8,20,196,198,8,190,190,0,190,0.04040404040404041,1.0,0.0,1.0,208,18,190,190,0,190,0.08653846153846154,1.0,0.0,1.0,3.6017669767973652,199,9,190,0.04522613065326633,1.0,3.4206812574322623,211,21,190,0.0995260663507109,1.0,3.6840225446207144,197,7,190,0.03553299492385787,1.0,3.4740692343688337,207,17,190,0.0821256038647343,1.0,1.272641
gaussian,gaussian,250,120,0.8,20,197,196,6,190,190,0,190,0.030612244897959183,1.0,0.0,1.0,209,19,190,191,1,190,0.09090909090909091,1.0,0.005235602094240838,1.0,3.6097747701250764,197,7,190,0.03553299492385787,1.0,3.403248498257335,210,20,190,0.09523809523809523,1.0,3.7759192729976303,194,4,190,0.020618556701030927,1.0,3.44488968947042,205,15,190,0.07317073170731707,1.0,1.199637
gaussian,gaussian,250,120,0.8,20,198,199,9,190,190,0,190,0.04522613065326633,1.0,0.0,1.0,208,18,190,191,1,190,0.08653846153846154,1.0,0.005235602094240838,1.0,3.6215047502808457,199,9,190,0.04522613065326633,1.0,3.419448338798622,208,18,190,0.08653846153846154,1.0,4.142879186150878,191,1,190,0.005235602094240838,1.0,3.530646062772317,203,13,190,0.06403940886699508,1.0,1.326039
gaussian,gaussian,250,120,0.8,20,199,201,11,190,190,0,190,0.05472636815920398,1.0,0.0,1.0,210,20,190,191,1,190,0.09523809523809523,1.0,0.005235602094240838,1.0,3.6279453624812374,201,11,190,0.05472636815920398,1.0,3.4248998158260267,210,20,190,0.09523809523809523,1.0,3.767816214655276,194,4,190,0.020618556701030927,1.0,3.6279453624812374,201,11,190,0.05472636815920398,1.0,1.582716
gaussian,gaussian,250,120,0.8,20,200,199,9,190,190,0,190,0.04522613065326633,1.0,0.0,1.0,210,20,190,191,1,190,0.09523809523809523,1.0,0.005235602094240838,1.0,3.6094210661604866,201,11,190,0.05472636815920398,1.0,3.4060989814840648,211,21,190,0.0995260663507109,1.0,3.750890601371753,200,10,190,0.05,1.0,3.478774681662043,206,16,190,0.07766990291262135,1.0,1.39088
gaussian,gaussian,250,120,0.8,20,201,204,14,190,191,1,190,0.06862745098039216,1.0,0.005235602094240838,1.0,214,24,190,191,1,190,0.11214953271028037,1.0,0.005235602094240838,1.0,3.593533188959263,205,15,190,0.07317073170731707,1.0,3.401383990700526,214,24,190,0.11214953271028037,1.0,3.661528011489991,201,11,190,0.05472636815920398,1.0,3.440259765681811,213,23,190,0.107981220657277,1.0,1.213078
gaussian,gaussian,250,120,0.8,20,202,207,17,190,193,3,190,0.0821256038647343,1.0,0.015544041450777202,1.0,227,37,190,194,4,190,0.16299559471365638,1.0,0.020618556701030927,1.0,3.599633769227536,208,18,190,0.08653846153846154,1.0,3.380678932517068,229,39,190,0.1703056768558952,1.0,3.7473975176443783,201,11,190,0.05472636815920398,1.0,3.5047565388571003,215,25,190,0.11627906976744186,1.0,1.306721
gaussian,gaussian,250,120,0.8,20,203,201,11,190,193,3,190,0.05472636815920398,1.0,0.015544041450777202,1.0,222,32,190,193,3,190,0.14414414414414414,1.0,0.015544041450777202,1.0,3.603969111494774,201,11,190,0.05472636815920398,1.0,3.3829649075641433,224,34,190,0.15178571428571427,1.0,3.7229872599721,198,8,190,0.04040404040404041,1.0,3.47576462582446,214,24,190,0.11214953271028037,1.0,1.315692
gaussian,gaussian,250,120,0.8,20,204,202,12,190,190,0,190,0.0594059405940594,1.0,0.0,1.0,214,24,190,191,1,190,0.11214953271028037,1.0,0.005235602094240838,1.0,3.598411639247054,200,10,190,0.05,1.0,3.393817064116631,215,25,190,0.11627906976744186,1.0,3.687328216412974,198,8,190,0.04040404040404041,1.0,3.4546782345293954,208,18,190,0.08653846153846154,1.0,1.255862
gaussian,gaussian,250,120,0.8,20,205,199,9,190,190,0,190,0.04522613065326633,1.0,0.0,1.0,215,25,190,191,1,190,0.11627906976744186,1.0,0.005235602094240838,1.0,3.6158818859611155,200,10,190,0.05,1.0,3.3944762638317774,216,26,190,0.12037037037037036,1.0,3.7147541914217195,199,9,190,0.04522613065326633,1.0,3.4909346274760713,206,16,190,0.07766990291262135,1.0,1.317533
gaussian,gaussian,250,120,0.8,20,206,203,13,190,190,0,190,0.06403940886699508,1.0,0.0,1.0,214,24,190,191,1,190,0.11214953271028037,1.0,0.005235602094240838,1.0,3.635287895815135,202,12,190,0.0594059405940594,1.0,3.42453533039703,212,22,190,0.10377358490566038,1.0,3.725139383015017,199,9,190,0.04522613065326633,1.0,3.4579390891390296,211,21,190,0.0995260663507109,1.0,1.444752
gaussian,gaussian,250,120,0.8,20,207,198,8,190,191,1,190,0.04040404040404041,1.0,0.005235602094240838,1.0,204,14,190,193,3,190,0.06862745098039216,1.0,0.015544041450777202,1.0,3.6774326543445928,199,9,190,0.04522613065326633,1.0,3.4062961258468136,207,17,190,0.0821256038647343,1.0,3.6774326543445928,199,9,190,0.04522613065326633,1.0,3.453340695249465,204,14,190,0.06862745098039216,1.0,1.355901
gaussian,gaussian,250,120,0.8,20,208,210,20,190,191,1,190,0.09523809523809523,1.0,0.005235602094240838,1.0,218,28,190,191,1,190,0.12844036697247707,1.0,0.005235602094240838,1.0,3.629094612030923,211,21,190,0.0995260663507109,1.0,3.395429830731987,220,30,190,0.13636363636363635,1.0,3.700404682994467,207,17,190,0.0821256038647343,1.0,3.4925912133202135,212,22,190,0.10377358490566038,1.0,1.298098
gaussian,gaussian,250,120,0.8,20,209,200,10,190,194,4,190,0.05,1.0,0.020618556701030927,1.0,212,22,190,195,5,190,0.10377358490566038,1.0,0.02564102564102564,1.0,3.6075500652411248,201,11,190,0.05472636815920398,1.0,3.4196014767987872,213,23,190,0.107981220657277,1.0,3.9333926056128936,197,7,190,0.03553299492385787,1.0,3.5298288768757056,205,15,190,0.07317073170731707,1.0,1.291255
gaussian,gaussian,250,120,0.8,20,210,199,9,190,191,1,190,0.04522613065326633,1.0,0.005235602094240838,1.0,215,25,190,192,2,190,0.11627906976744186,1.0,0.010416666666666666,1.0,3.627944830039556,199,9,190,0.04522613065326633,1.0,3.3969639799946973,216,26,190,0.12037037037037036,1.0,3.7366981631772034,198,8,190,0.04040404040404041,1.0,3.4729732434918485,209,19,190,0.09090909090909091,1.0,1.292528
gaussian,gaussian,250,120,0.8,20,211,195,5,190,191,1,190,0.02564102564102564,1.0,0.005235602094240838,1.0,209,19,190,191,1,190,0.09090909090909091,1.0,0.005235602094240838,1.0,3.678843561239349,195,5,190,0.02564102564102564,1.0,3.40162608093509,211,21,190,0.0995260663507109,1.0,3.8666050462760233,193,3,190,0.015544041450777202,1.0,3.531087262133903,205,15,190,0.07317073170731707,1.0,1.354048
gaussian,gaussian,250,120,0.8,20,212,203,13,190,191,1,190,0.06403940886699508,1.0,0.005235602094240838,1.0,210,20,190,191,1,190,0.09523809523809523,1.0,0.005235602094240838,1.0,3.5969384650095226,203,13,190,0.06403940886699508,1.0,3.3998330315405307,211,21,190,0.0995260663507109,1.0,3.706986431748111,199,9,190,0.04522613065326633,1.0,3.4630847418765875,209,19,190,0.09090909090909091,1.0,1.283642
gaussian,gaussian,250,120,0.8,20,213,194,4,190,190,0,190,0.020618556701030927,1.0,0.0,1.0,203,13,190,191,1,190,0.06403940886699508,1.0,0.005235602094240838,1.0,3.6731305025692693,195,5,190,0.02564102564102564,1.0,3.4096753796943666,206,16,190,0.07766990291262135,1.0,3.697768235552807,193,3,190,0.015544041450777202,1.0,3.4826682532757625,202,12,190,0.0594059405940594,1.0,1.2076
gaussian,gaussian,250,120,0.8,20,214,201,11,190,190,0,190,0.05472636815920398,1.0,0.0,1.0,215,25,190,191,1,190,0.11627906976744186,1.0,0.005235602094240838,1.0,3.6264308689946843,201,11,190,0.05472636815920398,1.0,3.401485355453628,218,28,190,0.12844036697247707,1.0,3.763731839642904,196,6,190,0.030612244897959183,1.0,3.4844282157309148,211,21,190,0.0995260663507109,1.0,1.46327
gaussian,gaussian,250,120,0.8,20,215,198,8,190,191,1,190,0.04040404040404041,1.0,0.005235602094240838,1.0,207,17,190,194,4,190,0.0821256038647343,1.0,0.020618556701030927,1.0,3.6641888199081913,197,7,190,0.03553299492385787,1.0,3.4082066160042883,209,19,190,0.09090909090909091,1.0,3.773441685434623,196,6,190,0.030612244897959183,1.0,3.4615929190933916,205,15,190,0.07317073170731707,1.0,1.301844
gaussian,gaussian,250,120,0.8,20,216,212,22,190,192,2,190,0.10377358490566038,1.0,0.010416666666666666,1.0,223,33,190,193,3,190,0.14798206278026907,1.0,0.015544041450777202,1.0,3.654286488607873,212,22,190,0.10377358490566038,1.0,3.401792937966534,225,35,190,0.15555555555555556,1.0,3.6840560198187937,208,18,190,0.08653846153846154,1.0,3.474031669251818,221,31,190,0.14027149321266968,1.0,1.394091
gaussian,gaussian,250,120,0.8,20,217,200,10,190,190,0,190,0.05,1.0,0.0,1.0,209,19,190,190,0,190,0.09090909090909091,1.0,0.0,1.0,3.6232182068506322,199,9,190,0.04522613065326633,1.0,3.427443780192744,209,19,190,0.09090909090909091,1.0,3.7006034677045028,198,8,190,0.04040404040404041,1.0,3.460040050695723,206,16,190,0.07766990291262135,1.0,1.214549
gaussian,gaussian,250,120,0.8,20,218,200,10,190,192,2,190,0.05,1.0,0.010416666666666666,1.0,212,22,190,193,3,190,0.10377358490566038,1.0,0.015544041450777202,1.0,3.6196108930595248,201,11,190,0.05472636815920398,1.0,3.4080141091108795,213,23,190,0.107981220657277,1.0,3.770885206872498,197,7,190,0.03553299492385787,1.0,3.5419054532588383,204,14,190,0.06862745098039216,1.0,1.32835
gaussian,gaussian,250,120,0.8,20,219,200,10,190,190,0,190,0.05,1.0,0.0,1.0,216,26,190,191,1,190,0.12037037037037036,1.0,0.005235602094240838,1.0,3.5983429920557444,201,11,190,0.05472636815920398,1.0,3.3939148842262927,217,27,190,0.12442396313364056,1.0,3.6939647757773892,197,7,190,0.03553299492385787,1.0,3.475816753020466,210,20,190,0.09523809523809523,1.0,1.229077
gaussian,gaussian,250,120,0.8,20,220,198,8,190,190,0,190,0.04040404040404041,1.0,0.0,1.0,211,21,190,192,2,190,0.0995260663507109,1.0,0.010416666666666666,1.0,3.713398190421441,200,10,190,0.05,1.0,3.4047246155076905,213,23,190,0.107981220657277,1.0,3.713398190421441,200,10,190,0.05,1.0,3.4730714021012434,209,19,190,0.09090909090909091,1.0,1.32112
gaussian,gaussian,250,120,0.8,20,221,194,4,190,190,0,190,0.020618556701030927,1.0,0.0,1.0,209,19,190,191,1,190,0.09090909090909091,1.0,0.005235602094240838,1.0,3.662510446115822,195,5,190,0.02564102564102564,1.0,3.4087399406717913,211,21,190,0.0995260663507109,1.0,3.725965862045779,193,3,190,0.015544041450777202,1.0,3.541587236430471,197,7,190,0.03553299492385787,1.0,1.283668
gaussian,gaussian,250,120,0.8,20,222,197,7,190,190,0,190,0.03553299492385787,1.0,0.0,1.0,209,19,190,190,0,190,0.09090909090909091,1.0,0.0,1.0,3.6032602810076573,198,8,190,0.04040404040404041,1.0,3.4262552143393044,211,21,190,0.0995260663507109,1.0,3.748140421677823,194,4,190,0.020618556701030927,1.0,3.480030400576412,208,18,190,0.08653846153846154,1.0,1.439372
gaussian,gaussian,250,120,0.8,20,223,204,14,190,190,0,190,0.06862745098039216,1.0,0.0,1.0,213,23,190,191,1,190,0.107981220657277,1.0,0.005235602094240838,1.0,3.5998163792097193,202,12,190,0.0594059405940594,1.0,3.4068987407922906,213,23,190,0.107981220657277,1.0,3.837613773590562,197,7,190,0.03553299492385787,1.0,3.524405035893405,209,19,190,0.09090909090909091,1.0,1.307104
gaussian,gaussian,250,120,0.8,20,224,199,9,190,190,0,190,0.04522613065326633,1.0,0.0,1.0,212,22,190,190,0,190,0.10377358490566038,1.0,0.0,1.0,3.7311422693442293,199,9,190,0.04522613065326633,1.0,3.408774584417094,213,23,190,0.107981220657277,1.0,3.7311422693442293,199,9,190,0.04522613065326633,1.0,3.48697200119984,206,16,190,0.07766990291262135,1.0,1.745571
gaussian,gaussian,250,120,0.8,20,225,197,7,190,190,0,190,0.03553299492385787,1.0,0.0,1.0,204,14,190,190,0,190,0.06862745098039216,1.0,0.0,1.0,3.660711034782923,198,8,190,0.04040404040404041,1.0,3.4154353327652336,210,20,190,0.09523809523809523,1.0,3.720165011363284,196,6,190,0.030612244897959183,1.0,3.518442335497516,202,12,190,0.0594059405940594,1.0,1.403389
gaussian,gaussian,250,120,0.8,20,226,201,11,190,191,1,190,0.05472636815920398,1.0,0.005235602094240838,1.0,212,22,190,193,3,190,0.10377358490566038,1.0,0.015544041450777202,1.0,3.7110181200474135,200,10,190,0.05,1.0,3.4144481062648273,212,22,190,0.10377358490566038,1.0,3.759258448639551,198,8,190,0.04040404040404041,1.0,3.5239874465716756,204,14,190,0.06862745098039216,1.0,1.29504
gaussian,gaussian,250,120,0.8,20,227,192,2,190,190,0,190,0.010416666666666666,1.0,0.0,1.0,205,15,190,190,0,190,0.07317073170731707,1.0,0.0,1.0,3.706153996878329,192,2,190,0.010416666666666666,1.0,3.4258986896211208,205,15,190,0.07317073170731707,1.0,3.8048829803485775,191,1,190,0.005235602094240838,1.0,3.5577959622971247,196,6,190,0.030612244897959183,1.0,1.282015
gaussian,gaussian,250,120,0.8,20,228,201,11,190,190,0,190,0.05472636815920398,1.0,0.0,1.0,210,20,190,191,1,190,0.09523809523809523,1.0,0.005235602094240838,1.0,3.6207556614111067,201,11,190,0.05472636815920398,1.0,3.4003094372512823,211,21,190,0.0995260663507109,1.0,3.697799333449668,199,9,190,0.04522613065326633,1.0,3.468237699605554,207,17,190,0.0821256038647343,1.0,1.289081
gaussian,gaussian,250,120,0.8,20,229,198,8,190,191,1,190,0.04040404040404041,1.0,0.005235602094240838,1.0,214,24,190,191,1,190,0.11214953271028037,1.0,0.005235602094240838,1.0,3.5990705980759805,200,10,190,0.05,1.0,3.392903822404189,217,27,190,0.12442396313364056,1.0,3.6978369559416713,197,7,190,0.03553299492385787,1.0,3.4871392159473626,207,17,190,0.0821256038647343,1.0,1.337093
gaussian,gaussian,250,120,0.8,20,230,201,11,190,190,0,190,0.05472636815920398,1.0,0.0,1.0,212,22,190,192,2,190,0.10377358490566038,1.0,0.010416666666666666,1.0,3.643370949947566,200,10,190,0.05,1.0,3.400554543701972,213,23,190,0.107981220657277,1.0,3.745165486311756,198,8,190,0.04040404040404041,1.0,3.493411934658561,207,17,190,0.0821256038647343,1.0,1.499994
gaussian,gaussian,250,120,0.8,20,231,203,13,190,192,2,190,0.06403940886699508,1.0,0.010416666666666666,1.0,212,22,190,194,4,190,0.10377358490566038,1.0,0.020618556701030927,1.0,3.638277783464911,204,14,190,0.06862745098039216,1.0,3.397610924088152,212,22,190,0.10377358490566038,1.0,3.7399756924158027,200,10,190,0.05,1.0,3.5238710650516873,206,16,190,0.07766990291262135,1.0,1.202797
gaussian,gaussian,250,120,0.8,20,232,198,8,190,190,0,190,0.04040404040404041,1.0,0.0,1.0,210,20,190,190,0,190,0.09523809523809523,1.0,0.0,1.0,3.6110504907138696,198,8,190,0.04040404040404041,1.0,3.420407411030253,210,20,190,0.09523809523809523,1.0,3.768745430692447,196,6,190,0.030612244897959183,1.0,3.485257708622138,207,17,190,0.0821256038647343,1.0,1.337163
gaussian,gaussian,250,120,0.8,20,233,200,10,190,191,1,190,0.05,1.0,0.005235602094240838,1.0,209,19,190,193,3,190,0.09090909090909091,1.0,0.015544041450777202,1.0,3.617043048097781,202,12,190,0.0594059405940594,1.0,3.4124336238930355,211,21,190,0.0995260663507109,1.0,3.735441563373569,197,7,190,0.03553299492385787,1.0,3.469482807446638,208,18,190,0.08653846153846154,1.0,1.300026
gaussian,gaussian,250,120,0.8,20,234,201,11,190,191,1,190,0.05472636815920398,1.0,0.005235602094240838,1.0,218,28,190,191,1,190,0.12844036697247707,1.0,0.005235602094240838,1.0,3.5933892422881226,204,14,190,0.06862745098039216,1.0,3.385092411322378,222,32,190,0.14414414414414414,1.0,3.758554799111992,198,8,190,0.04040404040404041,1.0,3.500921063878524,211,21,190,0.0995260663507109,1.0,1.406242
gaussian,gaussian,250,120,0.8,20,235,199,9,190,190,0,190,0.04522613065326633,1.0,0.0,1.0,210,20,190,191,1,190,0.09523809523809523,1.0,0.005235602094240838,1.0,3.616725991991131,199,9,190,0.04522613065326633,1.0,3.4196927846691114,211,21,190,0.0995260663507109,1.0,3.688790467866101,195,5,190,0.02564102564102564,1.0,3.49380269926657,207,17,190,0.0821256038647343,1.0,1.252561
gaussian,gaussian,250,120,0.8,20,236,200,10,190,192,2,190,0.05,1.0,0.010416666666666666,1.0,219,29,190,192,2,190,0.1324200913242009,1.0,0.010416666666666666,1.0,3.6469713136246886,200,10,190,0.05,1.0,3.4024815827963897,218,28,190,0.12844036697247707,1.0,3.7420365231469384,197,7,190,0.03553299492385787,1.0,3.4694030352242886,212,22,190,0.10377358490566038,1.0,1.272621
gaussian,gaussian,250,120,0.8,20,237,203,13,190,190,0,190,0.06403940886699508,1.0,0.0,1.0,217,27,190,191,1,190,0.12442396313364056,1.0,0.005235602094240838,1.0,3.610264785712141,204,14,190,0.06862745098039216,1.0,3.391522292847207,219,29,190,0.1324200913242009,1.0,3.7479124585678143,196,6,190,0.030612244897959183,1.0,3.4823977570791467,213,23,190,0.107981220657277,1.0,1.544095
gaussian,gaussian,250,120,0.8,20,238,202,12,190,190,0,190,0.0594059405940594,1.0,0.0,1.0,216,26,190,190,0,190,0.12037037037037036,1.0,0.0,1.0,3.644065769563009,201,11,190,0.05472636815920398,1.0,3.4031254989686586,217,27,190,0.12442396313364056,1.0,3.7405179325830695,197,7,190,0.03553299492385787,1.0,3.4837841915867442,211,21,190,0.0995260663507109,1.0,1.263541
gaussian,gaussian,250,120,0.8,20,239,200,10,190,190,0,190,0.05,1.0,0.0,1.0,218,28,190,191,1,190,0.12844036697247707,1.0,0.005235602094240838,1.0,3.622325574245967,200,10,190,0.05,1.0,3.387505320622829,222,32,190,0.14414414414414414,1.0,3.750995565009149,198,8,190,0.04040404040404041,1.0,3.4756914137019206,210,20,190,0.09523809523809523,1.0,1.29334
gaussian,gaussian,250,120,0.8,20,240,200,10,190,191,1,190,0.05,1.0,0.005235602094240838,1.0,214,24,190,191,1,190,0.11214953271028037,1.0,0.005235602094240838,1.0,3.6493839426604304,198,8,190,0.04040404040404041,1.0,3.3980202109215774,213,23,190,0.107981220657277,1.0,3.67651695685719,197,7,190,0.03553299492385787,1.0,3.4507089126072317,207,17,190,0.0821256038647343,1.0,1.299029
gaussian,gaussian,250,120,0.8,20,241,202,12,190,192,2,190,0.0594059405940594,1.0,0.010416666666666666,1.0,213,23,190,196,6,190,0.107981220657277,1.0,0.030612244897959183,1.0,3.6140487712749554,204,14,190,0.06862745098039216,1.0,3.389136027732613,220,30,190,0.13636363636363635,1.0,3.6964625342551645,200,10,190,0.05,1.0,3.4832129541862216,211,21,190,0.0995260663507109,1.0,1.490993
gaussian,gaussian,250,120,0.8,20,242,199,9,190,191,1,190,0.04522613065326633,1.0,0.005235602094240838,1.0,212,22,190,191,1,190,0.10377358490566038,1.0,0.005235602094240838,1.0,3.6210337236621655,199,9,190,0.04522613065326633,1.0,3.4098810622884144,212,22,190,0.10377358490566038,1.0,3.678606884734276,198,8,190,0.04040404040404041,1.0,3.4518079148507455,209,19,190,0.09090909090909091,1.0,1.250836
gaussian,gaussian,250,120,0.8,20,243,196,6,190,190,0,190,0.030612244897959183,1.0,0.0,1.0,203,13,190,190,0,190,0.06403940886699508,1.0,0.0,1.0,3.6213370026272664,195,5,190,0.02564102564102564,1.0,3.419468247402085,202,12,190,0.0594059405940594,1.0,3.734991878806889,194,4,190,0.020618556701030927,1.0,3.482624996919566,200,10,190,0.05,1.0,1.447607
gaussian,gaussian,250,120,0.8,20,244,201,11,190,190,0,190,0.05472636815920398,1.0,0.0,1.0,210,20,190,190,0,190,0.09523809523809523,1.0,0.0,1.0,3.6429823927020495,201,11,190,0.05472636815920398,1.0,3.45969462819282,209,19,190,0.09090909090909091,1.0,3.683968143326508,198,8,190,0.04040404040404041,1.0,3.45969462819282,209,19,190,0.09090909090909091,1.0,1.238744
gaussian,gaussian,250,120,0.8,20,245,202,12,190,190,0,190,0.0594059405940594,1.0,0.0,1.0,210,20,190,191,1,190,0.09523809523809523,1.0,0.005235602094240838,1.0,3.631837108496906,202,12,190,0.0594059405940594,1.0,3.4127596536953266,210,20,190,0.09523809523809523,1.0,3.697038316363471,198,8,190,0.04040404040404041,1.0,3.503942365413587,209,19,190,0.09090909090909091,1.0,1.673419
gaussian,gaussian,250,120,0.8,20,246,199,9,190,191,1,190,0.04522613065326633,1.0,0.005235602094240838,1.0,203,13,190,191,1,190,0.06403940886699508,1.0,0.005235602094240838,1.0,3.6014019822196386,200,10,190,0.05,1.0,3.445982066322699,203,13,190,0.06403940886699508,1.0,3.7310726927055295,196,6,190,0.030612244897959183,1.0,3.5486841161558473,202,12,190,0.0594059405940594,1.0,1.20988
gaussian,gaussian,250,120,0.8,20,247,204,14,190,192,2,190,0.06862745098039216,1.0,0.010416666666666666,1.0,211,21,190,193,3,190,0.0995260663507109,1.0,0.015544041450777202,1.0,3.5957045121292834,205,15,190,0.07317073170731707,1.0,3.3971845732356423,213,23,190,0.107981220657277,1.0,3.6987504055770093,198,8,190,0.04040404040404041,1.0,3.461787496988014,208,18,190,0.08653846153846154,1.0,1.207749
gaussian,gaussian,250,120,0.8,20,248,198,8,190,190,0,190,0.04040404040404041,1.0,0.0,1.0,203,13,190,190,0,190,0.06403940886699508,1.0,0.0,1.0,3.6539099448880528,198,8,190,0.04040404040404041,1.0,3.417313186497751,203,13,190,0.06403940886699508,1.0,3.714729153633101,194,4,190,0.020618556701030927,1.0,3.5046701358325234,199,9,190,0.04522613065326633,1.0,1.292414
gaussian,gaussian,250,120,0.8,20,249,202,12,190,191,1,190,0.0594059405940594,1.0,0.005235602094240838,1.0,210,20,190,193,3,190,0.09523809523809523,1.0,0.015544041450777202,1.0,3.6460087521432922,202,12,190,0.0594059405940594,1.0,3.4036911246949932,213,23,190,0.107981220657277,1.0,3.718797340610549,199,9,190,0.04522613065326633,1.0,3.5601256265684165,204,14,190,0.06862745098039216,1.0,1.372517
gaussian,gaussian,250,120,0.8,20,250,200,10,190,193,3,190,0.05,1.0,0.015544041450777202,1.0,207,17,190,194,4,190,0.0821256038647343,1.0,0.020618556701030927,1.0,3.630371814576394,201,11,190,0.05472636815920398,1.0,3.4016893758713276,209,19,190,0.09090909090909091,1.0,3.7417892909130797,200,10,190,0.05,1.0,3.471075618111868,208,18,190,0.08653846153846154,1.0,1.301646
gaussian,gaussian,250,120,0.8,20,251,205,15,190,191,1,190,0.07317073170731707,1.0,0.005235602094240838,1.0,217,27,190,192,2,190,0.12442396313364056,1.0,0.010416666666666666,1.0,3.5958358205922125,205,15,190,0.07317073170731707,1.0,3.3925193692302136,216,26,190,0.12037037037037036,1.0,3.792569549337202,197,7,190,0.03553299492385787,1.0,3.503193216082976,210,20,190,0.09523809523809523,1.0,1.214083
gaussian,gaussian,250,120,0.8,20,252,200,10,190,190,0,190,0.05,1.0,0.0,1.0,211,21,190,191,1,190,0.0995260663507109,1.0,0.005235602094240838,1.0,3.645068468271349,200,10,190,0.05,1.0,3.4141833581769645,212,22,190,0.10377358490566038,1.0,3.7541059149759994,197,7,190,0.03553299492385787,1.0,3.4616158990491965,209,19,190,0.09090909090909091,1.0,1.254874
gaussian,gaussian,250,120,0.8,20,253,196,6,190,192,2,190,0.030612244897959183,1.0,0.010416666666666666,1.0,207,17,190,192,2,190,0.0821256038647343,1.0,0.010416666666666666,1.0,3.6603576396817603,196,6,190,0.030612244897959183,1.0,3.4038304518252973,207,17,190,0.0821256038647343,1.0,3.6603576396817603,196,6,190,0.030612244897959183,1.0,3.4562258056501762,202,12,190,0.0594059405940594,1.0,1.533704
gaussian,gaussian,250,120,0.8,20,254,201,11,190,192,2,190,0.05472636815920398,1.0,0.010416666666666666,1.0,217,27,190,193,3,190,0.12442396313364056,1.0,0.015544041450777202,1.0,3.6288725668385156,202,12,190,0.0594059405940594,1.0,3.3947765736791142,217,27,190,0.12442396313364056,1.0,3.8052343243228735,196,6,190,0.030612244897959183,1.0,3.4948568550136567,208,18,190,0.08653846153846154,1.0,1.19932
gaussian,gaussian,250,120,0.8,20,255,202,12,190,190,0,190,0.0594059405940594,1.0,0.0,1.0,214,24,190,190,0,190,0.11214953271028037,1.0,0.0,1.0,3.5973560900336405,203,13,190,0.06403940886699508,1.0,3.428826841859569,214,24,190,0.11214953271028037,1.0,3.724955799759045,197,7,190,0.03553299492385787,1.0,3.4645499090974727,210,20,190,0.09523809523809523,1.0,1.310885
gaussian,gaussian,250,120,0.8,20,256,199,9,190,191,1,190,0.04522613065326633,1.0,0.005235602094240838,1.0,205,15,190,191,1,190,0.07317073170731707,1.0,0.005235602094240838,1.0,3.6474440089324083,199,9,190,0.04522613065326633,1.0,3.414834184720873,207,17,190,0.0821256038647343,1.0,3.715935857503467,195,5,190,0.02564102564102564,1.0,3.4789921027295123,206,16,190,0.07766990291262135,1.0,1.239028
gaussian,gaussian,250,120,0.8,20,257,200,10,190,190,0,190,0.05,1.0,0.0,1.0,212,22,190,191,1,190,0.10377358490566038,1.0,0.005235602094240838,1.0,3.598508400480888,200,10,190,0.05,1.0,3.404773862721237,214,24,190,0.11214953271028037,1.0,3.6638744848234266,198,8,190,0.04040404040404041,1.0,3.4633301096647626,209,19,190,0.09090909090909091,1.0,1.354511
gaussian,gaussian,250,120,0.8,20,258,205,15,190,192,2,190,0.07317073170731707,1.0,0.010416666666666666,1.0,221,31,190,194,4,190,0.14027149321266968,1.0,0.020618556701030927,1.0,3.591052824906988,206,16,190,0.07766990291262135,1.0,3.4017059154252247,222,32,190,0.14414414414414414,1.0,3.6746251161019554,204,14,190,0.06862745098039216,1.0,3.4834490267958835,215,25,190,0.11627906976744186,1.0,1.224327
gaussian,gaussian,250,120,0.8,20,259,203,13,190,192,2,190,0.06403940886699508,1.0,0.010416666666666666,1.0,213,23,190,195,5,190,0.107981220657277,1.0,0.02564102564102564,1.0,3.613531584653963,203,13,190,0.06403940886699508,1.0,3.419496523775459,214,24,190,0.11214953271028037,1.0,3.6995769974499764,201,11,190,0.05472636815920398,1.0,3.4820120906364598,211,21,190,0.0995260663507109,1.0,1.242579
gaussian,gaussian,250,120,0.8,20,260,198,8,190,191,1,190,0.04040404040404041,1.0,0.005235602094240838,1.0,206,16,190,192,2,190,0.07766990291262135,1.0,0.010416666666666666,1.0,3.743572827562014,198,8,190,0.04040404040404041,1.0,3.4568964115979335,207,17,190,0.0821256038647343,1.0,3.743572827562014,198,8,190,0.04040404040404041,1.0,3.4873845696014265,205,15,190,0.07317073170731707,1.0,1.245806
gaussian,gaussian,250,120,0.8,20,261,203,13,190,192,2,190,0.06403940886699508,1.0,0.010416666666666666,1.0,214,24,190,193,3,190,0.11214953271028037,1.0,0.015544041450777202,1.0,3.601471191937767,204,14,190,0.06862745098039216,1.0,3.4123825611355607,214,24,190,0.11214953271028037,1.0,3.6844970918519357,200,10,190,0.05,1.0,3.4778864018574067,210,20,190,0.09523809523809523,1.0,1.474554
gaussian,gaussian,250,120,0.8,20,262,203,13,190,193,3,190,0.06403940886699508,1.0,0.015544041450777202,1.0,212,22,190,193,3,190,0.10377358490566038,1.0,0.015544041450777202,1.0,3.6051875275691128,204,14,190,0.06862745098039216,1.0,3.3963848769096736,214,24,190,0.11214953271028037,1.0,3.8290696449756503,199,9,190,0.04522613065326633,1.0,3.5114590554073106,208,18,190,0.08653846153846154,1.0,1.358923
gaussian,gaussian,250,120,0.8,20,263,200,10,190,190,0,190,0.05,1.0,0.0,1.0,210,20,190,191,1,190,0.09523809523809523,1.0,0.005235602094240838,1.0,3.602555288347802,201,11,190,0.05472636815920398,1.0,3.4171539636089294,209,19,190,0.09090909090909091,1.0,3.7164129310997414,199,9,190,0.04522613065326633,1.0,3.5234187619776107,202,12,190,0.0594059405940594,1.0,1.1821
gaussian,gaussian,250,120,0.8,20,264,200,10,190,192,2,190,0.05,1.0,0.010416666666666666,1.0,214,24,190,194,4,190,0.11214953271028037,1.0,0.020618556701030927,1.0,3.5992578503681787,202,12,190,0.0594059405940594,1.0,3.4132960741493386,215,25,190,0.11627906976744186,1.0,3.7253250734382855,196,6,190,0.030612244897959183,1.0,3.4608197513332986,213,23,190,0.107981220657277,1.0,1.288719
gaussian,gaussian,250,120,0.8,20,265,201,11,190,190,0,190,0.05472636815920398,1.0,0.0,1.0,212,22,190,191,1,190,0.10377358490566038,1.0,0.005235602094240838,1.0,3.6039117212141805,198,8,190,0.04040404040404041,1.0,3.4223927001115273,211,21,190,0.0995260663507109,1.0,3.765586833864879,195,5,190,0.02564102564102564,1.0,3.4851176162802906,205,15,190,0.07317073170731707,1.0,1.287948
gaussian,gaussian,250,120,0.8,20,266,197,7,190,190,0,190,0.03553299492385787,1.0,0.0,1.0,205,15,190,190,0,190,0.07317073170731707,1.0,0.0,1.0,3.653721337667764,197,7,190,0.03553299492385787,1.0,3.4212311570010576,208,18,190,0.08653846153846154,1.0,3.7149757381854123,195,5,190,0.02564102564102564,1.0,3.493406701997075,204,14,190,0.06862745098039216,1.0,1.345577
gaussian,gaussian,250,120,0.8,20,267,204,14,190,193,3,190,0.06862745098039216,1.0,0.015544041450777202,1.0,224,34,190,197,7,190,0.15178571428571427,1.0,0.03553299492385787,1.0,3.6675993050622555,204,14,190,0.06862745098039216,1.0,3.3792790048149888,227,37,190,0.16299559471365638,1.0,3.6675993050622555,204,14,190,0.06862745098039216,1.0,3.454083967542058,217,27,190,0.12442396313364056,1.0,1.23943
gaussian,gaussian,250,120,0.8,20,268,194,4,190,190,0,190,0.020618556701030927,1.0,0.0,1.0,205,15,190,190,0,190,0.07317073170731707,1.0,0.0,1.0,3.632307839987569,193,3,190,0.015544041450777202,1.0,3.4179268854837423,204,14,190,0.06862745098039216,1.0,3.769013118387257,192,2,190,0.010416666666666666,1.0,3.5066745198153404,200,10,190,0.05,1.0,1.231182
gaussian,gaussian,250,120,0.8,20,269,205,15,190,191,1,190,0.07317073170731707,1.0,0.005235602094240838,1.0,213,23,190,192,2,190,0.107981220657277,1.0,0.010416666666666666,1.0,3.5946351108445382,205,15,190,0.07317073170731707,1.0,3.400619880745371,213,23,190,0.107981220657277,1.0,3.6593646559707604,202,12,190,0.0594059405940594,1.0,3.497106957201443,210,20,190,0.09523809523809523,1.0,1.422925
gaussian,gaussian,250,120,0.8,20,270,199,9,190,191,1,190,0.04522613065326633,1.0,0.005235602094240838,1.0,209,19,190,192,2,190,0.09090909090909091,1.0,0.010416666666666666,1.0,3.611054864480547,200,10,190,0.05,1.0,3.4401439982406905,210,20,190,0.09523809523809523,1.0,3.774373097376776,196,6,190,0.030612244897959183,1.0,3.4876445106943565,207,17,190,0.0821256038647343,1.0,1.290383
gaussian,gaussian,250,120,0.8,20,271,204,14,190,190,0,190,0.06862745098039216,1.0,0.0,1.0,224,34,190,192,2,190,0.15178571428571427,1.0,0.010416666666666666,1.0,3.5996421445548186,205,15,190,0.07317073170731707,1.0,3.4013544616826312,222,32,190,0.14414414414414414,1.0,3.672467264510915,199,9,190,0.04522613065326633,1.0,3.4459835198892437,217,27,190,0.12442396313364056,1.0,1.285266
gaussian,gaussian,250,120,0.8,20,272,196,6,190,191,1,190,0.030612244897959183,1.0,0.005235602094240838,1.0,209,19,190,191,1,190,0.09090909090909091,1.0,0.005235602094240838,1.0,3.6104606806252937,197,7,190,0.03553299492385787,1.0,3.4034096502842957,210,20,190,0.09523809523809523,1.0,3.874193136356374,195,5,190,0.02564102564102564,1.0,3.532619226918477,203,13,190,0.06403940886699508,1.0,1.251032
gaussian,gaussian,250,120,0.8,20,273,198,8,190,190,0,190,0.04040404040404041,1.0,0.0,1.0,206,16,190,190,0,190,0.07766990291262135,1.0,0.0,1.0,3.6304050792789755,195,5,190,0.02564102564102564,1.0,3.4084914655548606,205,15,190,0.07317073170731707,1.0,3.675696504924777,194,4,190,0.020618556701030927,1.0,3.530672604964478,203,13,190,0.06403940886699508,1.0,1.232741
gaussian,gaussian,250,120,0.8,20,274,195,5,190,191,1,190,0.02564102564102564,1.0,0.005235602094240838,1.0,204,14,190,191,1,190,0.06862745098039216,1.0,0.005235602094240838,1.0,3.611479561543759,196,6,190,0.030612244897959183,1.0,3.408205622509319,208,18,190,0.08653846153846154,1.0,3.761686161535636,192,2,190,0.010416666666666666,1.0,3.520967241976199,199,9,190,0.04522613065326633,1.0,1.257986
gaussian,gaussian,250,120,0.8,20,275,197,7,190,191,1,190,0.03553299492385787,1.0,0.005235602094240838,1.0,211,21,190,192,2,190,0.0995260663507109,1.0,0.010416666666666666,1.0,3.725922174394018,197,7,190,0.03553299492385787,1.0,3.404004459291792,212,22,190,0.10377358490566038,1.0,3.725922174394018,197,7,190,0.03553299492385787,1.0,3.481575265228435,206,16,190,0.07766990291262135,1.0,1.342726
gaussian,gaussian,250,120,0.8,20,276,197,7,190,191,1,190,0.03553299492385787,1.0,0.005235602094240838,1.0,206,16,190,192,2,190,0.07766990291262135,1.0,0.010416666666666666,1.0,3.6085235762581958,197,7,190,0.03553299492385787,1.0,3.4124302406377005,206,16,190,0.07766990291262135,1.0,3.998447997396177,193,3,190,0.015544041450777202,1.0,3.4874598397775944,200,10,190,0.05,1.0,1.326245
gaussian,gaussian,250,120,0.8,20,277,193,3,190,190,0,190,0.015544041450777202,1.0,0.0,1.0,203,13,190,190,0,190,0.06403940886699508,1.0,0.0,1.0,3.7415576300414926,194,4,190,0.020618556701030927,1.0,3.4121352178824322,205,15,190,0.07317073170731707,1.0,3.7415576300414926,194,4,190,0.020618556701030927,1.0,3.513996131933723,197,7,190,0.03553299492385787,1.0,1.374945
gaussian,gaussian,250,120,0.8,20,278,202,12,190,191,1,190,0.0594059405940594,1.0,0.005235602094240838,1.0,218,28,190,191,1,190,0.12844036697247707,1.0,0.005235602094240838,1.0,3.625080028390402,203,13,190,0.06403940886699508,1.0,3.390937420169366,222,32,190,0.14414414414414414,1.0,3.723244552171491,200,10,190,0.05,1.0,3.466462209735722,213,23,190,0.107981220657277,1.0,1.243055
gaussian,gaussian,250,120,0.8,20,279,196,6,190,191,1,190,0.030612244897959183,1.0,0.005235602094240838,1.0,206,16,190,191,1,190,0.07766990291262135,1.0,0.005235602094240838,1.0,3.609165917540743,195,5,190,0.02564102564102564,1.0,3.429040757573148,205,15,190,0.07317073170731707,1.0,3.7197794635755934,192,2,190,0.010416666666666666,1.0,3.48678799194604,200,10,190,0.05,1.0,1.32415
gaussian,gaussian,250,120,0.8,20,280,201,11,190,190,0,190,0.05472636815920398,1.0,0.0,1.0,212,22,190,191,1,190,0.10377358490566038,1.0,0.005235602094240838,1.0,3.5949187602627726,204,14,190,0.06862745098039216,1.0,3.435487816271766,213,23,190,0.107981220657277,1.0,3.7355714320553757,197,7,190,0.03553299492385787,1.0,3.509436146911919,208,18,190,0.08653846153846154,1.0,1.274364
gaussian,gaussian,250,120,0.8,20,281,198,8,190,190,0,190,0.04040404040404041,1.0,0.0,1.0,211,21,190,191,1,190,0.0995260663507109,1.0,0.005235602094240838,1.0,3.6103109203418797,200,10,190,0.05,1.0,3.4005597299546677,211,21,190,0.0995260663507109,1.0,3.770958812292536,196,6,190,0.030612244897959183,1.0,3.5553322716555527,204,14,190,0.06862745098039216,1.0,1.372254
gaussian,gaussian,250,120,0.8,20,282,200,10,190,190,0,190,0.05,1.0,0.0,1.0,207,17,190,192,2,190,0.0821256038647343,1.0,0.010416666666666666,1.0,3.598087086916579,200,10,190,0.05,1.0,3.429332357565789,206,16,190,0.07766990291262135,1.0,3.748572727717837,198,8,190,0.04040404040404041,1.0,3.4782056119709885,202,12,190,0.0594059405940594,1.0,1.188246
gaussian,gaussian,250,120,0.8,20,283,196,6,190,191,1,190,0.030612244897959183,1.0,0.005235602094240838,1.0,214,24,190,191,1,190,0.11214953271028037,1.0,0.005235602094240838,1.0,3.631797612148842,196,6,190,0.030612244897959183,1.0,3.403983782095744,214,24,190,0.11214953271028037,1.0,3.862513987338895,194,4,190,0.020618556701030927,1.0,3.479363953445365,209,19,190,0.09090909090909091,1.0,1.305703
gaussian,gaussian,250,120,0.8,20,284,201,11,190,192,2,190,0.05472636815920398,1.0,0.010416666666666666,1.0,213,23,190,193,3,190,0.107981220657277,1.0,0.015544041450777202,1.0,3.6147181645012574,200,10,190,0.05,1.0,3.395213015375525,216,26,190,0.12037037037037036,1.0,3.7194934368025563,198,8,190,0.04040404040404041,1.0,3.4757400556136346,207,17,190,0.0821256038647343,1.0,1.29939
gaussian,gaussian,250,120,0.8,20,285,204,14,190,191,1,190,0.06862745098039216,1.0,0.005235602094240838,1.0,208,18,190,193,3,190,0.08653846153846154,1.0,0.015544041450777202,1.0,3.6223335663500427,204,14,190,0.06862745098039216,1.0,3.4018289881529773,209,19,190,0.09090909090909091,1.0,3.6911821931534194,201,11,190,0.05472636815920398,1.0,3.466757547329764,208,18,190,0.08653846153846154,1.0,1.487636
gaussian,gaussian,250,120,0.8,20,286,201,11,190,192,2,190,0.05472636815920398,1.0,0.010416666666666666,1.0,216,26,190,193,3,190,0.12037037037037036,1.0,0.015544041450777202,1.0,3.6057633519233274,201,11,190,0.05472636815920398,1.0,3.4113911151579352,215,25,190,0.11627906976744186,1.0,3.7101456455965405,197,7,190,0.03553299492385787,1.0,3.472275540944468,211,21,190,0.0995260663507109,1.0,1.210568
gaussian,gaussian,250,120,0.8,20,287,202,12,190,191,1,190,0.0594059405940594,1.0,0.005235602094240838,1.0,218,28,190,192,2,190,0.12844036697247707,1.0,0.010416666666666666,1.0,3.6267967597257513,203,13,190,0.06403940886699508,1.0,3.387659953866532,221,31,190,0.14027149321266968,1.0,3.720180878029452,201,11,190,0.05472636815920398,1.0,3.4909613616762827,209,19,190,0.09090909090909091,1.0,1.180588
gaussian,gaussian,250,120,0.8,20,288,203,13,190,192,2,190,0.06403940886699508,1.0,0.010416666666666666,1.0,213,23,190,192,2,190,0.107981220657277,1.0,0.010416666666666666,1.0,3.6208791978793413,203,13,190,0.06403940886699508,1.0,3.4045875970109334,214,24,190,0.11214953271028037,1.0,3.711127321410804,198,8,190,0.04040404040404041,1.0,3.491399559229053,207,17,190,0.0821256038647343,1.0,1.442834
gaussian,gaussian,250,120,0.8,20,289,205,15,190,194,4,190,0.07317073170731707,1.0,0.020618556701030927,1.0,219,29,190,196,6,190,0.1324200913242009,1.0,0.030612244897959183,1.0,3.6258011840079694,203,13,190,0.06403940886699508,1.0,3.404776164609575,218,28,190,0.12844036697247707,1.0,3.6934061400061364,201,11,190,0.05472636815920398,1.0,3.4491099814085215,214,24,190,0.11214953271028037,1.0,1.267368
gaussian,gaussian,250,120,0.8,20,290,197,7,190,190,0,190,0.03553299492385787,1.0,0.0,1.0,212,22,190,190,0,190,0.10377358490566038,1.0,0.0,1.0,3.6197580353889287,196,6,190,0.030612244897959183,1.0,3.406948528738051,211,21,190,0.0995260663507109,1.0,3.7552447578697805,191,1,190,0.005235602094240838,1.0,3.470834163985051,206,16,190,0.07766990291262135,1.0,1.339277
gaussian,gaussian,250,120,0.8,20,291,194,4,190,190,0,190,0.020618556701030927,1.0,0.0,1.0,199,9,190,191,1,190,0.04522613065326633,1.0,0.005235602094240838,1.0,3.625335415257397,195,5,190,0.02564102564102564,1.0,3.4436178315384494,199,9,190,0.04522613065326633,1.0,3.728850417345926,194,4,190,0.020618556701030927,1.0,3.5283626315501873,196,6,190,0.030612244897959183,1.0,1.202196
gaussian,gaussian,250,120,0.8,20,292,200,10,190,190,0,190,0.05,1.0,0.0,1.0,210,20,190,190,0,190,0.09523809523809523,1.0,0.0,1.0,3.6075949515367363,199,9,190,0.04522613065326633,1.0,3.432520935020176,209,19,190,0.09090909090909091,1.0,3.7225283425829794,198,8,190,0.04040404040404041,1.0,3.5393645880707227,202,12,190,0.0594059405940594,1.0,1.430793
gaussian,gaussian,250,120,0.8,20,293,203,13,190,190,0,190,0.06403940886699508,1.0,0.0,1.0,210,20,190,190,0,190,0.09523809523809523,1.0,0.0,1.0,3.6011854913430184,204,14,190,0.06862745098039216,1.0,3.4354298670575747,210,20,190,0.09523809523809523,1.0,3.714816665995554,198,8,190,0.04040404040404041,1.0,3.4851695186498532,207,17,190,0.0821256038647343,1.0,1.335419
gaussian,gaussian,250,120,0.8,20,294,201,11,190,191,1,190,0.05472636815920398,1.0,0.005235602094240838,1.0,210,20,190,191,1,190,0.09523809523809523,1.0,0.005235602094240838,1.0,3.600243612003168,203,13,190,0.06403940886699508,1.0,3.4028743879771386,212,22,190,0.10377358490566038,1.0,3.742369889468317,200,10,190,0.05,1.0,3.4901703821597683,209,19,190,0.09090909090909091,1.0,1.243508
gaussian,gaussian,250,120,0.8,20,295,200,10,190,191,1,190,0.05,1.0,0.005235602094240838,1.0,210,20,190,191,1,190,0.09523809523809523,1.0,0.005235602094240838,1.0,3.6379906301168723,201,11,190,0.05472636815920398,1.0,3.4021512287501894,212,22,190,0.10377358490566038,1.0,3.678916995841223,199,9,190,0.04522613065326633,1.0,3.480620643390301,205,15,190,0.07317073170731707,1.0,1.250463
gaussian,gaussian,250,120,0.8,20,296,199,9,190,190,0,190,0.04522613065326633,1.0,0.0,1.0,204,14,190,190,0,190,0.06862745098039216,1.0,0.0,1.0,3.6016327833209054,199,9,190,0.04522613065326633,1.0,3.4110744530066506,204,14,190,0.06862745098039216,1.0,3.762753044806282,195,5,190,0.02564102564102564,1.0,3.5164071310101814,201,11,190,0.05472636815920398,1.0,1.374996
gaussian,gaussian,250,120,0.8,20,297,199,9,190,192,2,190,0.04522613065326633,1.0,0.010416666666666666,1.0,209,19,190,193,3,190,0.09090909090909091,1.0,0.015544041450777202,1.0,3.607178680067946,200,10,190,0.05,1.0,3.423555107640928,209,19,190,0.09090909090909091,1.0,3.936696958998188,194,4,190,0.020618556701030927,1.0,3.5335939598213884,203,13,190,0.06403940886699508,1.0,1.295448
gaussian,gaussian,250,120,0.8,20,298,195,5,190,190,0,190,0.02564102564102564,1.0,0.0,1.0,208,18,190,190,0,190,0.08653846153846154,1.0,0.0,1.0,3.6050993788780845,196,6,190,0.030612244897959183,1.0,3.4113041161340742,209,19,190,0.09090909090909091,1.0,3.797535206218846,194,4,190,0.020618556701030927,1.0,3.5058327271232494,199,9,190,0.04522613065326633,1.0,1.18765
gaussian,gaussian,250,120,0.8,20,299,202,12,190,193,3,190,0.0594059405940594,1.0,0.015544041450777202,1.0,214,24,190,194,4,190,0.11214953271028037,1.0,0.020618556701030927,1.0,3.6004138301043365,204,14,190,0.06862745098039216,1.0,3.3986848696340015,217,27,190,0.12442396313364056,1.0,3.71040587402537,200,10,190,0.05,1.0,3.4586346836539867,214,24,190,0.11214953271028037,1.0,1.259461
