model,x_model,p,n,rho,block,seed,R_bh_0.05,V_bh_0.05,S_bh_0.05,R_by_0.05,V_by_0.05,S_by_0.05,fdr_bh_0.05,power_bh_0.05,fdr_by_0.05,power_by_0.05,R_bh_0.1,V_bh_0.1,S_bh_0.1,R_by_0.1,V_by_0.1,S_by_0.1,fdr_bh_0.1,power_bh_0.1,fdr_by_0.1,power_by_0.1,t_lct_0.05,R_lct_0.05,V_lct_0.05,S_lct_0.05,fdr_lct_0.05,power_lct_0.05,t_lct_0.1,R_lct_0.1,V_lct_0.1,S_lct_0.1,fdr_lct_0.1,power_lct_0.1,t_lctb_0.05_B100,R_lctb_0.05_B100,V_lctb_0.05_B100,S_lctb_0.05_B100,fdr_lctb_0.05_B100,power_lctb_0.05_B100,t_lctb_0.1_B100,R_lctb_0.1_B100,V_lctb_0.1_B100,S_lctb_0.1_B100,fdr_lctb_0.1_B100,power_lctb_0.1_B100,wall_time_s
t_cl,t_cl,250,200,0.6,20,0,196,7,189,189,1,188,0.03571428571428571,0.9947368421052631,0.005291005291005291,0.9894736842105263,211,21,190,189,1,188,0.0995260663507109,1.0,0.005291005291005291,0.9894736842105263,3.7070527348933298,189,0,189,0.0,0.9947368421052631,3.7070527348933298,189,0,189,0.0,0.9947368421052631,2.8837759695221963,196,6,190,0.030612244897959183,1.0,2.6896411793372876,206,16,190,0.07766990291262135,1.0,1.747505
t_cl,t_cl,250,200,0.6,20,1,197,7,190,189,0,189,0.03553299492385787,1.0,0.0,0.9947368421052631,209,19,190,189,0,189,0.09090909090909091,1.0,0.0,0.9947368421052631,3.8138397007139773,189,0,189,0.0,0.9947368421052631,3.534131118483688,190,0,190,0.0,1.0,2.8162694563205832,194,4,190,0.020618556701030927,1.0,2.6685967457400626,205,15,190,0.07317073170731707,1.0,1.572299
t_cl,t_cl,250,200,0.6,20,2,203,13,190,189,1,188,0.06403940886699508,1.0,0.005291005291005291,0.9894736842105263,214,24,190,191,2,189,0.11214953271028037,1.0,0.010471204188481676,0.9947368421052631,3.6434117034764797,190,0,190,0.0,1.0,3.6434117034764797,190,0,190,0.0,1.0,2.8126727919390406,202,12,190,0.0594059405940594,1.0,2.6660894746783175,210,20,190,0.09523809523809523,1.0,1.726443
t_cl,t_cl,250,200,0.6,20,3,206,16,190,192,2,190,0.07766990291262135,1.0,0.010416666666666666,1.0,216,26,190,194,4,190,0.12037037037037036,1.0,0.020618556701030927,1.0,4.299557177644112,190,0,190,0.0,1.0,3.444746885259476,191,1,190,0.005235602094240838,1.0,2.875447246947523,203,13,190,0.06403940886699508,1.0,2.674230788196079,215,25,190,0.11627906976744186,1.0,1.638568
t_cl,t_cl,250,200,0.6,20,4,191,8,183,175,1,174,0.041884816753926704,0.9631578947368421,0.005714285714285714,0.9157894736842105,207,22,185,178,2,176,0.10628019323671498,0.9736842105263158,0.011235955056179775,0.9263157894736842,3.6608881821721324,177,1,176,0.005649717514124294,0.9263157894736842,3.476438689941883,180,1,179,0.005555555555555556,0.9421052631578948,2.886501425433402,196,8,188,0.04081632653061224,0.9894736842105263,2.6808830187183172,211,22,189,0.10426540284360189,0.9947368421052631,1.804515
t_cl,t_cl,250,200,0.6,20,5,204,14,190,193,4,189,0.06862745098039216,1.0,0.02072538860103627,0.9947368421052631,213,23,190,194,4,190,0.107981220657277,1.0,0.020618556701030927,1.0,3.747468896120418,190,0,190,0.0,1.0,3.440749932971412,191,1,190,0.005235602094240838,1.0,2.8202525692047553,202,12,190,0.0594059405940594,1.0,2.657232718820896,210,20,190,0.09523809523809523,1.0,1.703833
t_cl,t_cl,250,200,0.6,20,6,201,11,190,191,1,190,0.05472636815920398,1.0,0.005235602094240838,1.0,209,19,190,191,1,190,0.09090909090909091,1.0,0.005235602094240838,1.0,3.958181429570716,190,0,190,0.0,1.0,3.958181429570716,190,0,190,0.0,1.0,2.8544879684461018,195,5,190,0.02564102564102564,1.0,2.6433029740054246,207,17,190,0.0821256038647343,1.0,1.701319
t_cl,t_cl,250,200,0.6,20,7,202,12,190,193,3,190,0.0594059405940594,1.0,0.015544041450777202,1.0,212,22,190,196,6,190,0.10377358490566038,1.0,0.030612244897959183,1.0,3.989226006374845,190,0,190,0.0,1.0,3.989226006374845,190,0,190,0.0,1.0,2.785087990916672,200,10,190,0.05,1.0,2.622478246327602,210,20,190,0.09523809523809523,1.0,1.642308
t_cl,t_cl,250,200,0.6,20,8,210,20,190,190,0,190,0.09523809523809523,1.0,0.0,1.0,217,27,190,190,0,190,0.12442396313364056,1.0,0.0,1.0,4.236496995774861,190,0,190,0.0,1.0,4.236496995774861,190,0,190,0.0,1.0,2.771988234871074,206,16,190,0.07766990291262135,1.0,2.627450154229508,216,26,190,0.12037037037037036,1.0,1.613256
t_cl,t_cl,250,200,0.6,20,9,201,11,190,190,0,190,0.05472636815920398,1.0,0.0,1.0,210,20,190,192,2,190,0.09523809523809523,1.0,0.010416666666666666,1.0,4.363420775557503,190,0,190,0.0,1.0,4.363420775557503,190,0,190,0.0,1.0,2.7917489710469576,198,8,190,0.04040404040404041,1.0,2.633555801007981,209,19,190,0.09090909090909091,1.0,1.791682
t_cl,t_cl,250,200,0.6,20,10,201,11,190,190,0,190,0.05472636815920398,1.0,0.0,1.0,208,18,190,191,1,190,0.08653846153846154,1.0,0.005235602094240838,1.0,4.421141419579592,190,0,190,0.0,1.0,4.421141419579592,190,0,190,0.0,1.0,2.894852431652719,200,10,190,0.05,1.0,2.78807747382438,204,14,190,0.06862745098039216,1.0,1.735502
t_cl,t_cl,250,200,0.6,20,11,200,10,190,192,2,190,0.05,1.0,0.010416666666666666,1.0,210,20,190,193,3,190,0.09523809523809523,1.0,0.015544041450777202,1.0,3.705578442579295,191,1,190,0.005235602094240838,1.0,3.705578442579295,191,1,190,0.005235602094240838,1.0,2.87829973897278,199,9,190,0.04522613065326633,1.0,2.6740499545033796,207,17,190,0.0821256038647343,1.0,1.687964
t_cl,t_cl,250,200,0.6,20,12,198,8,190,190,1,189,0.04040404040404041,1.0,0.005263157894736842,0.9947368421052631,210,20,190,192,3,189,0.09523809523809523,1.0,0.015625,0.9947368421052631,3.9538602787473907,190,1,189,0.005263157894736842,0.9947368421052631,3.5807653242479986,191,1,190,0.005235602094240838,1.0,2.8187687191563335,198,8,190,0.04040404040404041,1.0,2.67770341246741,203,13,190,0.06403940886699508,1.0,1.767676
t_cl,t_cl,250,200,0.6,20,13,197,9,188,189,1,188,0.04568527918781726,0.9894736842105263,0.005291005291005291,0.9894736842105263,210,21,189,190,2,188,0.1,0.9947368421052631,0.010526315789473684,0.9894736842105263,3.8692734701630296,188,0,188,0.0,0.9894736842105263,3.8692734701630296,188,0,188,0.0,0.9894736842105263,2.7610864928813745,198,9,189,0.045454545454545456,0.9947368421052631,2.5897972166988446,206,17,189,0.0825242718446602,0.9947368421052631,1.563388
t_cl,t_cl,250,200,0.6,20,14,201,11,190,193,3,190,0.05472636815920398,1.0,0.015544041450777202,1.0,208,18,190,195,5,190,0.08653846153846154,1.0,0.02564102564102564,1.0,5.24233205401292,190,0,190,0.0,1.0,3.567999221135357,191,1,190,0.005235602094240838,1.0,2.808348825343384,199,9,190,0.04522613065326633,1.0,2.647759410191048,205,15,190,0.07317073170731707,1.0,1.640302
t_cl,t_cl,250,200,0.6,20,15,195,5,190,190,0,190,0.02564102564102564,1.0,0.0,1.0,210,20,190,191,1,190,0.09523809523809523,1.0,0.005235602094240838,1.0,5.135395436636538,190,0,190,0.0,1.0,5.135395436636538,190,0,190,0.0,1.0,2.8678394691187834,195,5,190,0.02564102564102564,1.0,2.663320334643625,207,17,190,0.0821256038647343,1.0,1.733701
t_cl,t_cl,250,200,0.6,20,16,201,11,190,189,0,189,0.05472636815920398,1.0,0.0,0.9947368421052631,215,25,190,192,3,189,0.11627906976744186,1.0,0.015625,0.9947368421052631,3.6169316839533576,190,0,190,0.0,1.0,3.6169316839533576,190,0,190,0.0,1.0,2.813342844508195,199,9,190,0.04522613065326633,1.0,2.634106955197584,213,23,190,0.107981220657277,1.0,1.831641
t_cl,t_cl,250,200,0.6,20,17,201,11,190,191,1,190,0.05472636815920398,1.0,0.005235602094240838,1.0,212,22,190,191,1,190,0.10377358490566038,1.0,0.005235602094240838,1.0,3.8710068287163737,190,0,190,0.0,1.0,3.457956919806889,191,1,190,0.005235602094240838,1.0,2.8490354033341405,197,7,190,0.03553299492385787,1.0,2.6697579308707904,210,20,190,0.09523809523809523,1.0,1.59536
t_cl,t_cl,250,200,0.6,20,18,197,7,190,190,0,190,0.03553299492385787,1.0,0.0,1.0,211,21,190,191,1,190,0.0995260663507109,1.0,0.005235602094240838,1.0,4.129737853184037,190,0,190,0.0,1.0,4.129737853184037,190,0,190,0.0,1.0,2.850817560272226,196,6,190,0.030612244897959183,1.0,2.67624970122852,206,16,190,0.07766990291262135,1.0,1.684711
t_cl,t_cl,250,200,0.6,20,19,205,15,190,190,2,188,0.07317073170731707,1.0,0.010526315789473684,0.9894736842105263,219,29,190,193,3,190,0.1324200913242009,1.0,0.015544041450777202,1.0,3.814765205065316,190,0,190,0.0,1.0,3.4781266531451767,191,1,190,0.005235602094240838,1.0,2.843151258160912,203,13,190,0.06403940886699508,1.0,2.6889508549673917,217,27,190,0.12442396313364056,1.0,1.712021
t_cl,t_cl,250,200,0.6,20,20,200,10,190,190,1,189,0.05,1.0,0.005263157894736842,0.9947368421052631,206,16,190,192,3,189,0.07766990291262135,1.0,0.015625,0.9947368421052631,3.6651643527583753,190,0,190,0.0,1.0,3.6651643527583753,190,0,190,0.0,1.0,2.8538113613279426,199,9,190,0.04522613065326633,1.0,2.671205379369603,205,15,190,0.07317073170731707,1.0,1.610918
t_cl,t_cl,250,200,0.6,20,21,199,9,190,192,2,190,0.04522613065326633,1.0,0.010416666666666666,1.0,213,23,190,192,2,190,0.107981220657277,1.0,0.010416666666666666,1.0,4.121934690505416,190,0,190,0.0,1.0,4.121934690505416,190,0,190,0.0,1.0,2.905041149970132,196,6,190,0.030612244897959183,1.0,2.6286899756512505,211,21,190,0.0995260663507109,1.0,1.672923
t_cl,t_cl,250,200,0.6,20,22,195,5,190,189,0,189,0.02564102564102564,1.0,0.0,0.9947368421052631,210,20,190,189,0,189,0.09523809523809523,1.0,0.0,0.9947368421052631,3.641247819243888,190,0,190,0.0,1.0,3.641247819243888,190,0,190,0.0,1.0,2.860937791853475,194,4,190,0.020618556701030927,1.0,2.7104933686921786,202,12,190,0.0594059405940594,1.0,1.774551
t_cl,t_cl,250,200,0.6,20,23,201,11,190,190,1,189,0.05472636815920398,1.0,0.005263157894736842,0.9947368421052631,211,21,190,190,1,189,0.0995260663507109,1.0,0.005263157894736842,0.9947368421052631,4.06393288226896,189,0,189,0.0,0.9947368421052631,4.06393288226896,189,0,189,0.0,0.9947368421052631,2.8430788100058186,197,7,190,0.03553299492385787,1.0,2.6072311584951793,210,20,190,0.09523809523809523,1.0,1.696321
t_cl,t_cl,250,200,0.6,20,24,202,12,190,190,0,190,0.0594059405940594,1.0,0.0,1.0,215,25,190,191,1,190,0.11627906976744186,1.0,0.005235602094240838,1.0,4.18643631069456,190,0,190,0.0,1.0,4.18643631069456,190,0,190,0.0,1.0,2.899814702722066,198,8,190,0.04040404040404041,1.0,2.689007722790561,213,23,190,0.107981220657277,1.0,1.60132
t_cl,t_cl,250,200,0.6,20,25,195,5,190,188,0,188,0.02564102564102564,1.0,0.0,0.9894736842105263,203,13,190,189,0,189,0.06403940886699508,1.0,0.0,0.9947368421052631,3.9284193137990835,189,0,189,0.0,0.9947368421052631,3.9284193137990835,189,0,189,0.0,0.9947368421052631,2.862133257893737,195,5,190,0.02564102564102564,1.0,2.683067289447293,202,12,190,0.0594059405940594,1.0,1.734937
t_cl,t_cl,250,200,0.6,20,26,208,18,190,192,2,190,0.08653846153846154,1.0,0.010416666666666666,1.0,223,33,190,197,7,190,0.14798206278026907,1.0,0.03553299492385787,1.0,4.259973971079856,190,0,190,0.0,1.0,4.259973971079856,190,0,190,0.0,1.0,2.7885196098250558,206,16,190,0.07766990291262135,1.0,2.6137210173537415,219,29,190,0.1324200913242009,1.0,1.74389
t_cl,t_cl,250,200,0.6,20,27,204,14,190,190,1,189,0.06862745098039216,1.0,0.005263157894736842,0.9947368421052631,214,24,190,192,2,190,0.11214953271028037,1.0,0.010416666666666666,1.0,3.797031805848028,190,0,190,0.0,1.0,3.5253219431188874,191,1,190,0.005235602094240838,1.0,2.838415901179968,198,8,190,0.04040404040404041,1.0,2.658417265965018,210,20,190,0.09523809523809523,1.0,1.604007
t_cl,t_cl,250,200,0.6,20,28,202,12,190,190,0,190,0.0594059405940594,1.0,0.0,1.0,214,24,190,192,2,190,0.11214953271028037,1.0,0.010416666666666666,1.0,4.578190192725617,190,0,190,0.0,1.0,4.578190192725617,190,0,190,0.0,1.0,2.865148820184358,200,10,190,0.05,1.0,2.707170135072481,209,19,190,0.09090909090909091,1.0,1.745994
t_cl,t_cl,250,200,0.6,20,29,202,12,190,190,2,188,0.0594059405940594,1.0,0.010526315789473684,0.9894736842105263,213,23,190,192,2,190,0.107981220657277,1.0,0.010416666666666666,1.0,3.681159622353446,189,0,189,0.0,0.9947368421052631,3.558062665017213,190,0,190,0.0,1.0,2.8172596516110273,199,9,190,0.04522613065326633,1.0,2.6300389891455,207,17,190,0.0821256038647343,1.0,1.730005
t_cl,t_cl,250,200,0.6,20,30,200,10,190,190,0,190,0.05,1.0,0.0,1.0,213,23,190,192,2,190,0.107981220657277,1.0,0.010416666666666666,1.0,3.6898237068756052,190,0,190,0.0,1.0,3.6898237068756052,190,0,190,0.0,1.0,2.7582464288888913,199,9,190,0.04522613065326633,1.0,2.5797160746666146,207,17,190,0.0821256038647343,1.0,1.709637
t_cl,t_cl,250,200,0.6,20,31,200,10,190,189,1,188,0.05,1.0,0.005291005291005291,0.9894736842105263,214,24,190,193,4,189,0.11214953271028037,1.0,0.02072538860103627,0.9947368421052631,3.7530331350667714,189,0,189,0.0,0.9947368421052631,3.7530331350667714,189,0,189,0.0,0.9947368421052631,2.830894298298185,200,10,190,0.05,1.0,2.6674796719649168,211,21,190,0.0995260663507109,1.0,1.578498
t_cl,t_cl,250,200,0.6,20,32,206,16,190,189,0,189,0.07766990291262135,1.0,0.0,0.9947368421052631,212,22,190,191,2,189,0.10377358490566038,1.0,0.010471204188481676,0.9947368421052631,4.12261145372996,189,0,189,0.0,0.9947368421052631,3.476297766768712,190,0,190,0.0,1.0,2.8004113709142167,197,7,190,0.03553299492385787,1.0,2.648875706446565,209,19,190,0.09090909090909091,1.0,1.784561
t_cl,t_cl,250,200,0.6,20,33,201,11,190,191,1,190,0.05472636815920398,1.0,0.005235602094240838,1.0,214,24,190,191,1,190,0.11214953271028037,1.0,0.005235602094240838,1.0,4.883928513482756,190,0,190,0.0,1.0,4.883928513482756,190,0,190,0.0,1.0,2.807311482884596,198,8,190,0.04040404040404041,1.0,2.631664732120539,214,24,190,0.11214953271028037,1.0,1.613833
t_cl,t_cl,250,200,0.6,20,34,207,18,189,196,8,188,0.08695652173913043,0.9947368421052631,0.04081632653061224,0.9894736842105263,215,25,190,197,9,188,0.11627906976744186,1.0,0.04568527918781726,0.9894736842105263,3.85816823537361,188,0,188,0.0,0.9894736842105263,3.5360223281544223,190,2,188,0.010526315789473684,0.9894736842105263,2.783771026306535,207,17,190,0.0821256038647343,1.0,2.6269664122494927,214,24,190,0.11214953271028037,1.0,1.833204
t_cl,t_cl,250,200,0.6,20,35,197,10,187,184,1,183,0.050761421319796954,0.9842105263157894,0.005434782608695652,0.9631578947368421,212,24,188,184,1,183,0.11320754716981132,0.9894736842105263,0.005434782608695652,0.9631578947368421,3.8124367601197973,183,0,183,0.0,0.9631578947368421,3.483401556700886,186,0,186,0.0,0.9789473684210527,2.8225914715696727,197,8,189,0.04060913705583756,0.9947368421052631,2.652501710459675,214,24,190,0.11214953271028037,1.0,1.831627
t_cl,t_cl,250,200,0.6,20,36,205,15,190,192,2,190,0.07317073170731707,1.0,0.010416666666666666,1.0,215,25,190,192,2,190,0.11627906976744186,1.0,0.010416666666666666,1.0,4.06400707569066,190,0,190,0.0,1.0,4.06400707569066,190,0,190,0.0,1.0,2.855642402377207,204,14,190,0.06862745098039216,1.0,2.6824064839409063,214,24,190,0.11214953271028037,1.0,1.639112
t_cl,t_cl,250,200,0.6,20,37,206,16,190,191,1,190,0.07766990291262135,1.0,0.005235602094240838,1.0,220,30,190,192,2,190,0.13636363636363635,1.0,0.010416666666666666,1.0,4.739183170081255,190,0,190,0.0,1.0,3.499814420837518,191,1,190,0.005235602094240838,1.0,2.7788719497044427,200,10,190,0.05,1.0,2.6244804065565597,216,26,190,0.12037037037037036,1.0,1.613472
t_cl,t_cl,250,200,0.6,20,38,200,10,190,191,1,190,0.05,1.0,0.005235602094240838,1.0,215,25,190,194,4,190,0.11627906976744186,1.0,0.020618556701030927,1.0,4.471996716708186,190,0,190,0.0,1.0,4.471996716708186,190,0,190,0.0,1.0,2.87674513979527,200,10,190,0.05,1.0,2.6937810283379013,212,22,190,0.10377358490566038,1.0,1.648761
t_cl,t_cl,250,200,0.6,20,39,200,11,189,191,2,189,0.055,0.9947368421052631,0.010471204188481676,0.9947368421052631,213,24,189,192,3,189,0.11267605633802817,0.9947368421052631,0.015625,0.9947368421052631,3.8838854099231894,190,1,189,0.005263157894736842,0.9947368421052631,3.8838854099231894,190,1,189,0.005263157894736842,0.9947368421052631,2.861855899976087,197,8,189,0.04060913705583756,0.9947368421052631,2.6421569069281934,206,16,190,0.07766990291262135,1.0,1.771024
t_cl,t_cl,250,200,0.6,20,40,200,12,188,186,2,184,0.06,0.9894736842105263,0.010752688172043012,0.968421052631579,212,23,189,188,3,185,0.10849056603773585,0.9947368421052631,0.015957446808510637,0.9736842105263158,3.70389410754303,185,0,185,0.0,0.9736842105263158,3.4489897452737748,187,1,186,0.0053475935828877,0.9789473684210527,2.8604807523755857,199,9,190,0.04522613065326633,1.0,2.659637654611789,211,21,190,0.0995260663507109,1.0,1.690406
t_cl,t_cl,250,200,0.6,20,41,200,12,188,186,1,185,0.06,0.9894736842105263,0.005376344086021506,0.9736842105263158,221,32,189,189,2,187,0.14479638009049775,0.9947368421052631,0.010582010582010581,0.9842105263157894,3.707322241346964,186,0,186,0.0,0.9789473684210527,3.5651405842710457,187,0,187,0.0,0.9842105263157894,2.768545283092479,199,10,189,0.05025125628140704,0.9947368421052631,2.6120664539698124,219,30,189,0.136986301369863,0.9947368421052631,1.650135
t_cl,t_cl,250,200,0.6,20,42,200,10,190,192,2,190,0.05,1.0,0.010416666666666666,1.0,211,21,190,193,3,190,0.0995260663507109,1.0,0.015544041450777202,1.0,4.206962071939773,190,0,190,0.0,1.0,4.206962071939773,190,0,190,0.0,1.0,2.8558738225656093,198,8,190,0.04040404040404041,1.0,2.68646667930877,206,16,190,0.07766990291262135,1.0,1.766766
t_cl,t_cl,250,200,0.6,20,43,196,6,190,188,0,188,0.030612244897959183,1.0,0.0,0.9894736842105263,208,18,190,190,1,189,0.08653846153846154,1.0,0.005263157894736842,0.9947368421052631,3.796295554430654,189,0,189,0.0,0.9947368421052631,3.796295554430654,189,0,189,0.0,0.9947368421052631,2.8356269713891025,194,4,190,0.020618556701030927,1.0,2.6435227655634623,207,17,190,0.0821256038647343,1.0,1.551973
t_cl,t_cl,250,200,0.6,20,44,196,7,189,191,3,188,0.03571428571428571,0.9947368421052631,0.015706806282722512,0.9894736842105263,206,17,189,193,5,188,0.0825242718446602,0.9947368421052631,0.025906735751295335,0.9894736842105263,3.7424007698995165,189,0,189,0.0,0.9947368421052631,3.5309493103860237,190,1,189,0.005263157894736842,0.9947368421052631,2.865621863338675,197,7,190,0.03553299492385787,1.0,2.655823616927896,207,17,190,0.0821256038647343,1.0,1.648407
t_cl,t_cl,250,200,0.6,20,45,202,12,190,191,2,189,0.0594059405940594,1.0,0.010471204188481676,0.9947368421052631,225,35,190,194,4,190,0.15555555555555556,1.0,0.020618556701030927,1.0,3.6486646325436842,190,0,190,0.0,1.0,3.6486646325436842,190,0,190,0.0,1.0,2.861723681230736,199,9,190,0.04522613065326633,1.0,2.6132097399289194,221,31,190,0.14027149321266968,1.0,1.697802
t_cl,t_cl,250,200,0.6,20,46,195,5,190,193,3,190,0.02564102564102564,1.0,0.015544041450777202,1.0,205,15,190,193,3,190,0.07317073170731707,1.0,0.015544041450777202,1.0,4.763437785488739,190,0,190,0.0,1.0,3.473214434831561,191,1,190,0.005235602094240838,1.0,2.8735247573343288,195,5,190,0.02564102564102564,1.0,2.6480029066370845,201,11,190,0.05472636815920398,1.0,1.726362
t_cl,t_cl,250,200,0.6,20,47,196,6,190,191,1,190,0.030612244897959183,1.0,0.005235602094240838,1.0,207,17,190,191,1,190,0.0821256038647343,1.0,0.005235602094240838,1.0,4.12028993387493,190,0,190,0.0,1.0,4.12028993387493,190,0,190,0.0,1.0,2.903904516984127,193,3,190,0.015544041450777202,1.0,2.703568656572786,204,14,190,0.06862745098039216,1.0,1.701281
t_cl,t_cl,250,200,0.6,20,48,204,14,190,191,1,190,0.06862745098039216,1.0,0.005235602094240838,1.0,221,31,190,191,1,190,0.14027149321266968,1.0,0.005235602094240838,1.0,5.099367433962567,190,0,190,0.0,1.0,5.099367433962567,190,0,190,0.0,1.0,2.7990624480351305,202,12,190,0.0594059405940594,1.0,2.6312507857305705,214,24,190,0.11214953271028037,1.0,1.736187
t_cl,t_cl,250,200,0.6,20,49,201,11,190,192,2,190,0.05472636815920398,1.0,0.010416666666666666,1.0,216,26,190,194,4,190,0.12037037037037036,1.0,0.020618556701030927,1.0,4.1656878049845565,190,0,190,0.0,1.0,3.4627551336522395,191,1,190,0.005235602094240838,1.0,2.849174952267742,200,10,190,0.05,1.0,2.6743389876578703,211,21,190,0.0995260663507109,1.0,1.624601
t_cl,t_cl,250,200,0.6,20,50,197,7,190,190,0,190,0.03553299492385787,1.0,0.0,1.0,212,22,190,190,0,190,0.10377358490566038,1.0,0.0,1.0,3.9010939278405705,190,0,190,0.0,1.0,3.9010939278405705,190,0,190,0.0,1.0,2.795243228527756,195,5,190,0.02564102564102564,1.0,2.640360125373916,207,17,190,0.0821256038647343,1.0,1.640326
t_cl,t_cl,250,200,0.6,20,51,199,9,190,190,0,190,0.04522613065326633,1.0,0.0,1.0,208,18,190,191,1,190,0.08653846153846154,1.0,0.005235602094240838,1.0,3.78947919100752,190,0,190,0.0,1.0,3.78947919100752,190,0,190,0.0,1.0,2.7315575155495675,199,9,190,0.04522613065326633,1.0,2.573731676707442,203,13,190,0.06403940886699508,1.0,1.646299
t_cl,t_cl,250,200,0.6,20,52,206,17,189,189,1,188,0.0825242718446602,0.9947368421052631,0.005291005291005291,0.9894736842105263,218,28,190,191,2,189,0.12844036697247707,1.0,0.010471204188481676,0.9947368421052631,3.7605798402624875,189,0,189,0.0,0.9947368421052631,3.7605798402624875,189,0,189,0.0,0.9947368421052631,2.819489787107989,202,12,190,0.0594059405940594,1.0,2.6672489308353615,212,22,190,0.10377358490566038,1.0,1.761953
t_cl,t_cl,250,200,0.6,20,53,200,10,190,191,1,190,0.05,1.0,0.005235602094240838,1.0,216,26,190,192,2,190,0.12037037037037036,1.0,0.010416666666666666,1.0,4.224178487725771,190,0,190,0.0,1.0,4.224178487725771,190,0,190,0.0,1.0,2.8001500343415087,197,7,190,0.03553299492385787,1.0,2.6428230247091853,210,20,190,0.09523809523809523,1.0,1.810078
t_cl,t_cl,250,200,0.6,20,54,203,13,190,190,1,189,0.06403940886699508,1.0,0.005263157894736842,0.9947368421052631,210,20,190,193,3,190,0.09523809523809523,1.0,0.015544041450777202,1.0,3.862939664835333,190,0,190,0.0,1.0,3.862939664835333,190,0,190,0.0,1.0,2.8270231606746488,200,10,190,0.05,1.0,2.6570990323928796,207,17,190,0.0821256038647343,1.0,1.542151
t_cl,t_cl,250,200,0.6,20,55,197,7,190,189,1,188,0.03553299492385787,1.0,0.005291005291005291,0.9894736842105263,206,16,190,190,1,189,0.07766990291262135,1.0,0.005263157894736842,0.9947368421052631,3.693694708323247,189,0,189,0.0,0.9947368421052631,3.591452311300238,190,0,190,0.0,1.0,2.813527046918229,197,7,190,0.03553299492385787,1.0,2.637953361851822,205,15,190,0.07317073170731707,1.0,1.842074
t_cl,t_cl,250,200,0.6,20,56,204,14,190,191,1,190,0.06862745098039216,1.0,0.005235602094240838,1.0,225,35,190,193,3,190,0.15555555555555556,1.0,0.015544041450777202,1.0,5.193856407934949,190,0,190,0.0,1.0,5.193856407934949,190,0,190,0.0,1.0,2.850026371232478,202,12,190,0.0594059405940594,1.0,2.6807464180242637,217,27,190,0.12442396313364056,1.0,1.654297
t_cl,t_cl,250,200,0.6,20,57,198,10,188,185,3,182,0.050505050505050504,0.9894736842105263,0.016216216216216217,0.9578947368421052,207,18,189,186,3,183,0.08695652173913043,0.9947368421052631,0.016129032258064516,0.9631578947368421,3.6836689845588566,183,0,183,0.0,0.9631578947368421,3.5001116650873736,185,1,184,0.005405405405405406,0.968421052631579,2.7900330171666536,200,10,190,0.05,1.0,2.619497143894907,206,16,190,0.07766990291262135,1.0,1.562722
t_cl,t_cl,250,200,0.6,20,58,200,10,190,190,0,190,0.05,1.0,0.0,1.0,210,20,190,192,2,190,0.09523809523809523,1.0,0.010416666666666666,1.0,3.9153374401755285,190,0,190,0.0,1.0,3.9153374401755285,190,0,190,0.0,1.0,2.8017714137927587,197,7,190,0.03553299492385787,1.0,2.6736433785899365,205,15,190,0.07317073170731707,1.0,1.783504
t_cl,t_cl,250,200,0.6,20,59,202,14,188,186,0,186,0.06930693069306931,0.9894736842105263,0.0,0.9789473684210527,218,29,189,186,0,186,0.13302752293577982,0.9947368421052631,0.0,0.9789473684210527,3.979417082190032,186,0,186,0.0,0.9789473684210527,3.493871783007292,188,0,188,0.0,0.9894736842105263,2.8792239172706786,199,10,189,0.05025125628140704,0.9947368421052631,2.68545914769686,217,27,190,0.12442396313364056,1.0,1.790603
t_cl,t_cl,250,200,0.6,20,60,206,16,190,189,1,188,0.07766990291262135,1.0,0.005291005291005291,0.9894736842105263,212,22,190,191,2,189,0.10377358490566038,1.0,0.010471204188481676,0.9947368421052631,3.795161387077931,190,1,189,0.005263157894736842,0.9947368421052631,3.474382480300251,191,1,190,0.005235602094240838,1.0,2.83265481874724,202,12,190,0.0594059405940594,1.0,2.6697810415577057,212,22,190,0.10377358490566038,1.0,1.708374
t_cl,t_cl,250,200,0.6,20,61,197,8,189,189,0,189,0.04060913705583756,0.9947368421052631,0.0,0.9947368421052631,208,19,189,189,0,189,0.09134615384615384,0.9947368421052631,0.0,0.9947368421052631,3.735114852816366,189,0,189,0.0,0.9947368421052631,3.735114852816366,189,0,189,0.0,0.9947368421052631,2.770046040263509,196,7,189,0.03571428571428571,0.9947368421052631,2.5807134700220713,206,16,190,0.07766990291262135,1.0,1.613886
t_cl,t_cl,250,200,0.6,20,62,198,9,189,189,1,188,0.045454545454545456,0.9947368421052631,0.005291005291005291,0.9894736842105263,214,24,190,191,2,189,0.11214953271028037,1.0,0.010471204188481676,0.9947368421052631,3.676927034417276,190,1,189,0.005263157894736842,0.9947368421052631,3.676927034417276,190,1,189,0.005263157894736842,0.9947368421052631,2.8999989163229904,197,7,190,0.03553299492385787,1.0,2.71587665592453,210,20,190,0.09523809523809523,1.0,1.727427
t_cl,t_cl,250,200,0.6,20,63,200,10,190,192,2,190,0.05,1.0,0.010416666666666666,1.0,215,25,190,193,3,190,0.11627906976744186,1.0,0.015544041450777202,1.0,4.290029991878286,190,0,190,0.0,1.0,4.290029991878286,190,0,190,0.0,1.0,2.853270003277352,200,10,190,0.05,1.0,2.6802144303514184,210,20,190,0.09523809523809523,1.0,1.538222
t_cl,t_cl,250,200,0.6,20,64,203,13,190,190,0,190,0.06403940886699508,1.0,0.0,1.0,213,23,190,191,1,190,0.107981220657277,1.0,0.005235602094240838,1.0,4.988817772422951,190,0,190,0.0,1.0,4.988817772422951,190,0,190,0.0,1.0,2.8419737999939954,201,11,190,0.05472636815920398,1.0,2.660636069261406,209,19,190,0.09090909090909091,1.0,1.669571
t_cl,t_cl,250,200,0.6,20,65,206,16,190,192,2,190,0.07766990291262135,1.0,0.010416666666666666,1.0,212,22,190,193,3,190,0.10377358490566038,1.0,0.015544041450777202,1.0,4.924105673949916,190,0,190,0.0,1.0,4.924105673949916,190,0,190,0.0,1.0,2.8440797453243083,196,6,190,0.030612244897959183,1.0,2.6588545818665317,208,18,190,0.08653846153846154,1.0,1.955787
t_cl,t_cl,250,200,0.6,20,66,209,19,190,191,1,190,0.09090909090909091,1.0,0.005235602094240838,1.0,225,35,190,196,6,190,0.15555555555555556,1.0,0.030612244897959183,1.0,5.299902347884579,190,0,190,0.0,1.0,5.299902347884579,190,0,190,0.0,1.0,2.818355821942445,204,14,190,0.06862745098039216,1.0,2.62960496677966,221,31,190,0.14027149321266968,1.0,1.551765
t_cl,t_cl,250,200,0.6,20,67,198,8,190,190,1,189,0.04040404040404041,1.0,0.005263157894736842,0.9947368421052631,213,23,190,191,2,189,0.107981220657277,1.0,0.010471204188481676,0.9947368421052631,4.0197650084800465,189,0,189,0.0,0.9947368421052631,3.5156001215922212,190,0,190,0.0,1.0,2.8398498967014407,198,8,190,0.04040404040404041,1.0,2.6698970906959065,209,19,190,0.09090909090909091,1.0,1.656861
t_cl,t_cl,250,200,0.6,20,68,200,10,190,189,2,187,0.05,1.0,0.010582010582010581,0.9842105263157894,212,22,190,190,2,188,0.10377358490566038,1.0,0.010526315789473684,0.9894736842105263,3.8081315223293424,188,0,188,0.0,0.9894736842105263,3.8081315223293424,188,0,188,0.0,0.9894736842105263,2.8006224582122634,198,8,190,0.04040404040404041,1.0,2.623271892109858,209,19,190,0.09090909090909091,1.0,1.653992
t_cl,t_cl,250,200,0.6,20,69,202,12,190,191,1,190,0.0594059405940594,1.0,0.005235602094240838,1.0,215,25,190,191,1,190,0.11627906976744186,1.0,0.005235602094240838,1.0,4.08065506935416,190,0,190,0.0,1.0,3.430469846800159,191,1,190,0.005235602094240838,1.0,2.7931153952162857,201,11,190,0.05472636815920398,1.0,2.6240655836702818,209,19,190,0.09090909090909091,1.0,1.609337
t_cl,t_cl,250,200,0.6,20,70,208,18,190,192,2,190,0.08653846153846154,1.0,0.010416666666666666,1.0,223,33,190,194,4,190,0.14798206278026907,1.0,0.020618556701030927,1.0,4.642864760933307,190,0,190,0.0,1.0,4.642864760933307,190,0,190,0.0,1.0,2.8512077632324972,204,14,190,0.06862745098039216,1.0,2.656091072135183,220,30,190,0.13636363636363635,1.0,1.635837
t_cl,t_cl,250,200,0.6,20,71,200,10,190,193,3,190,0.05,1.0,0.015544041450777202,1.0,210,20,190,193,3,190,0.09523809523809523,1.0,0.015544041450777202,1.0,4.499333182586378,190,0,190,0.0,1.0,3.515270715238483,193,3,190,0.015544041450777202,1.0,2.855612247767206,200,10,190,0.05,1.0,2.702058150682048,208,18,190,0.08653846153846154,1.0,1.853967
t_cl,t_cl,250,200,0.6,20,72,199,9,190,190,1,189,0.04522613065326633,1.0,0.005263157894736842,0.9947368421052631,215,25,190,191,2,189,0.11627906976744186,1.0,0.010471204188481676,0.9947368421052631,3.801215983075223,190,0,190,0.0,1.0,3.801215983075223,190,0,190,0.0,1.0,2.860670649527861,199,9,190,0.04522613065326633,1.0,2.6919314314022698,210,20,190,0.09523809523809523,1.0,1.66627
t_cl,t_cl,250,200,0.6,20,73,202,12,190,188,0,188,0.0594059405940594,1.0,0.0,0.9894736842105263,208,18,190,189,0,189,0.08653846153846154,1.0,0.0,0.9947368421052631,3.776667318196929,189,0,189,0.0,0.9947368421052631,3.776667318196929,189,0,189,0.0,0.9947368421052631,2.8034466671732807,201,11,190,0.05472636815920398,1.0,2.6562008420054077,207,17,190,0.0821256038647343,1.0,1.640304
t_cl,t_cl,250,200,0.6,20,74,206,16,190,188,1,187,0.07766990291262135,1.0,0.005319148936170213,0.9842105263157894,227,37,190,190,2,188,0.16299559471365638,1.0,0.010526315789473684,0.9894736842105263,3.841452396638867,188,0,188,0.0,0.9894736842105263,3.570441204175491,190,0,190,0.0,1.0,2.824382974541738,201,11,190,0.05472636815920398,1.0,2.640042257695475,223,33,190,0.14798206278026907,1.0,1.610734
t_cl,t_cl,250,200,0.6,20,75,208,18,190,192,2,190,0.08653846153846154,1.0,0.010416666666666666,1.0,219,29,190,194,4,190,0.1324200913242009,1.0,0.020618556701030927,1.0,4.061182755073486,190,0,190,0.0,1.0,3.428852723445941,191,1,190,0.005235602094240838,1.0,2.8232894021671404,206,16,190,0.07766990291262135,1.0,2.677938734682564,213,23,190,0.107981220657277,1.0,1.710486
t_cl,t_cl,250,200,0.6,20,76,204,14,190,191,1,190,0.06862745098039216,1.0,0.005235602094240838,1.0,213,23,190,192,2,190,0.107981220657277,1.0,0.010416666666666666,1.0,4.554628562919106,191,1,190,0.005235602094240838,1.0,3.4496579794036806,192,2,190,0.010416666666666666,1.0,2.781361643702087,199,9,190,0.04522613065326633,1.0,2.630040663676536,211,21,190,0.0995260663507109,1.0,1.698565
t_cl,t_cl,250,200,0.6,20,77,196,6,190,190,0,190,0.030612244897959183,1.0,0.0,1.0,207,17,190,191,1,190,0.0821256038647343,1.0,0.005235602094240838,1.0,4.521183303793532,190,0,190,0.0,1.0,4.521183303793532,190,0,190,0.0,1.0,2.824266166132476,193,3,190,0.015544041450777202,1.0,2.655798411204948,200,10,190,0.05,1.0,1.686325
t_cl,t_cl,250,200,0.6,20,78,201,13,188,189,3,186,0.06467661691542288,0.9894736842105263,0.015873015873015872,0.9789473684210527,217,28,189,191,4,187,0.12903225806451613,0.9947368421052631,0.020942408376963352,0.9842105263157894,3.6712221307815858,189,1,188,0.005291005291005291,0.9894736842105263,3.6712221307815858,189,1,188,0.005291005291005291,0.9894736842105263,2.7765183820720276,199,9,190,0.04522613065326633,1.0,2.614495284528032,215,25,190,0.11627906976744186,1.0,1.72163
t_cl,t_cl,250,200,0.6,20,79,199,9,190,192,2,190,0.04522613065326633,1.0,0.010416666666666666,1.0,211,21,190,192,2,190,0.0995260663507109,1.0,0.010416666666666666,1.0,4.346942667170058,190,0,190,0.0,1.0,3.4285696026763928,191,1,190,0.005235602094240838,1.0,2.87136805717583,199,9,190,0.04522613065326633,1.0,2.67363264924263,206,16,190,0.07766990291262135,1.0,1.610512
t_cl,t_cl,250,200,0.6,20,80,198,8,190,190,1,189,0.04040404040404041,1.0,0.005263157894736842,0.9947368421052631,208,18,190,192,2,190,0.08653846153846154,1.0,0.010416666666666666,1.0,3.768294382966289,190,0,190,0.0,1.0,3.768294382966289,190,0,190,0.0,1.0,2.8493214637277773,197,7,190,0.03553299492385787,1.0,2.7465200056754626,202,12,190,0.0594059405940594,1.0,1.71909
t_cl,t_cl,250,200,0.6,20,81,200,10,190,191,1,190,0.05,1.0,0.005235602094240838,1.0,209,19,190,191,1,190,0.09090909090909091,1.0,0.005235602094240838,1.0,4.097199687436341,190,0,190,0.0,1.0,3.437550892497852,191,1,190,0.005235602094240838,1.0,2.866173893829718,198,8,190,0.04040404040404041,1.0,2.6910781488518563,207,17,190,0.0821256038647343,1.0,1.647342
t_cl,t_cl,250,200,0.6,20,82,201,11,190,191,1,190,0.05472636815920398,1.0,0.005235602094240838,1.0,213,23,190,193,3,190,0.107981220657277,1.0,0.015544041450777202,1.0,4.446285590628403,190,0,190,0.0,1.0,4.446285590628403,190,0,190,0.0,1.0,2.8278306448405863,200,10,190,0.05,1.0,2.6765748551318627,210,20,190,0.09523809523809523,1.0,1.73841
t_cl,t_cl,250,200,0.6,20,83,203,13,190,190,0,190,0.06403940886699508,1.0,0.0,1.0,214,24,190,191,1,190,0.11214953271028037,1.0,0.005235602094240838,1.0,4.16339203722649,190,0,190,0.0,1.0,4.16339203722649,190,0,190,0.0,1.0,2.7812444553516227,200,10,190,0.05,1.0,2.632226789323482,213,23,190,0.107981220657277,1.0,1.772313
t_cl,t_cl,250,200,0.6,20,84,200,10,190,189,0,189,0.05,1.0,0.0,0.9947368421052631,209,19,190,190,1,189,0.09090909090909091,1.0,0.005263157894736842,0.9947368421052631,4.159591868136093,189,0,189,0.0,0.9947368421052631,4.159591868136093,189,0,189,0.0,0.9947368421052631,2.8317828867239534,198,8,190,0.04040404040404041,1.0,2.654717012889316,204,14,190,0.06862745098039216,1.0,1.725017
t_cl,t_cl,250,200,0.6,20,85,203,13,190,190,1,189,0.06403940886699508,1.0,0.005263157894736842,0.9947368421052631,212,22,190,191,1,190,0.10377358490566038,1.0,0.005235602094240838,1.0,3.9605261414203663,190,0,190,0.0,1.0,3.9605261414203663,190,0,190,0.0,1.0,2.8655283498378874,200,10,190,0.05,1.0,2.690274032042683,207,17,190,0.0821256038647343,1.0,2.035396
t_cl,t_cl,250,200,0.6,20,86,196,6,190,190,0,190,0.030612244897959183,1.0,0.0,1.0,208,18,190,192,2,190,0.08653846153846154,1.0,0.010416666666666666,1.0,4.463617780876141,190,0,190,0.0,1.0,4.463617780876141,190,0,190,0.0,1.0,2.8702124167388123,195,5,190,0.02564102564102564,1.0,2.6783758244467553,206,16,190,0.07766990291262135,1.0,1.789097
t_cl,t_cl,250,200,0.6,20,87,201,11,190,190,0,190,0.05472636815920398,1.0,0.0,1.0,214,24,190,190,0,190,0.11214953271028037,1.0,0.0,1.0,3.8697506223761695,190,0,190,0.0,1.0,3.8697506223761695,190,0,190,0.0,1.0,2.839959047055907,196,6,190,0.030612244897959183,1.0,2.6727695546992956,208,18,190,0.08653846153846154,1.0,1.581411
t_cl,t_cl,250,200,0.6,20,88,199,9,190,191,1,190,0.04522613065326633,1.0,0.005235602094240838,1.0,213,23,190,193,3,190,0.107981220657277,1.0,0.015544041450777202,1.0,4.510255214886392,190,0,190,0.0,1.0,3.570947302192114,191,1,190,0.005235602094240838,1.0,2.794433518648721,198,8,190,0.04040404040404041,1.0,2.6212209777305233,208,18,190,0.08653846153846154,1.0,1.906369
t_cl,t_cl,250,200,0.6,20,89,196,7,189,186,0,186,0.03571428571428571,0.9947368421052631,0.0,0.9789473684210527,209,20,189,187,0,187,0.09569377990430622,0.9947368421052631,0.0,0.9842105263157894,3.7005340803205886,186,0,186,0.0,0.9789473684210527,3.456946095565935,189,0,189,0.0,0.9947368421052631,2.7934639323810493,195,5,190,0.02564102564102564,1.0,2.638532978601583,207,17,190,0.0821256038647343,1.0,1.734785
t_cl,t_cl,250,200,0.6,20,90,203,15,188,183,1,182,0.07389162561576355,0.9894736842105263,0.00546448087431694,0.9578947368421052,217,28,189,189,3,186,0.12903225806451613,0.9947368421052631,0.015873015873015872,0.9789473684210527,3.689643042803154,188,1,187,0.005319148936170213,0.9842105263157894,3.689643042803154,188,1,187,0.005319148936170213,0.9842105263157894,2.87015861333175,204,14,190,0.06862745098039216,1.0,2.695151284611342,214,24,190,0.11214953271028037,1.0,1.682847
t_cl,t_cl,250,200,0.6,20,91,196,6,190,188,0,188,0.030612244897959183,1.0,0.0,0.9894736842105263,201,11,190,189,0,189,0.05472636815920398,1.0,0.0,0.9947368421052631,4.043761977281368,188,0,188,0.0,0.9894736842105263,3.5905044731670936,189,0,189,0.0,0.9947368421052631,2.8432488950667425,196,6,190,0.030612244897959183,1.0,2.7330918488437614,200,10,190,0.05,1.0,1.885103
t_cl,t_cl,250,200,0.6,20,92,197,7,190,189,0,189,0.03553299492385787,1.0,0.0,0.9947368421052631,209,19,190,190,1,189,0.09090909090909091,1.0,0.005263157894736842,0.9947368421052631,4.062909936271722,189,0,189,0.0,0.9947368421052631,4.062909936271722,189,0,189,0.0,0.9947368421052631,2.8628063614485573,196,6,190,0.030612244897959183,1.0,2.6623944392287204,209,19,190,0.09090909090909091,1.0,1.585685
t_cl,t_cl,250,200,0.6,20,93,198,8,190,190,1,189,0.04040404040404041,1.0,0.005263157894736842,0.9947368421052631,205,15,190,191,1,190,0.07317073170731707,1.0,0.005235602094240838,1.0,3.7773198539222186,190,0,190,0.0,1.0,3.7773198539222186,190,0,190,0.0,1.0,2.8824246115095096,194,4,190,0.020618556701030927,1.0,2.641161986185045,201,11,190,0.05472636815920398,1.0,1.600724
t_cl,t_cl,250,200,0.6,20,94,198,8,190,192,3,189,0.04040404040404041,1.0,0.015625,0.9947368421052631,210,20,190,193,3,190,0.09523809523809523,1.0,0.015544041450777202,1.0,3.9177896622501738,190,0,190,0.0,1.0,3.5020801800596995,192,2,190,0.010416666666666666,1.0,2.8750202473903235,197,7,190,0.03553299492385787,1.0,2.732169841662611,201,11,190,0.05472636815920398,1.0,1.766084
t_cl,t_cl,250,200,0.6,20,95,201,11,190,193,4,189,0.05472636815920398,1.0,0.02072538860103627,0.9947368421052631,210,20,190,195,6,189,0.09523809523809523,1.0,0.03076923076923077,0.9947368421052631,3.631932670108496,191,1,190,0.005235602094240838,1.0,3.631932670108496,191,1,190,0.005235602094240838,1.0,2.87653931384538,199,9,190,0.04522613065326633,1.0,2.663427062886786,206,16,190,0.07766990291262135,1.0,1.84397
t_cl,t_cl,250,200,0.6,20,96,199,10,189,187,0,187,0.05025125628140704,0.9947368421052631,0.0,0.9842105263157894,209,20,189,187,0,187,0.09569377990430622,0.9947368421052631,0.0,0.9842105263157894,3.8285104022606946,187,0,187,0.0,0.9842105263157894,3.5783807710153,188,0,188,0.0,0.9894736842105263,2.8256275329178324,198,8,190,0.04040404040404041,1.0,2.647583836921122,206,16,190,0.07766990291262135,1.0,1.568486
t_cl,t_cl,250,200,0.6,20,97,202,12,190,189,0,189,0.0594059405940594,1.0,0.0,0.9947368421052631,220,30,190,191,1,190,0.13636363636363635,1.0,0.005235602094240838,1.0,3.9126174816550123,190,0,190,0.0,1.0,3.9126174816550123,190,0,190,0.0,1.0,2.8162111327899626,200,10,190,0.05,1.0,2.6561434771577765,216,26,190,0.12037037037037036,1.0,1.820125
t_cl,t_cl,250,200,0.6,20,98,200,10,190,192,2,190,0.05,1.0,0.010416666666666666,1.0,210,20,190,192,2,190,0.09523809523809523,1.0,0.010416666666666666,1.0,3.6098359135753206,191,1,190,0.005235602094240838,1.0,3.6098359135753206,191,1,190,0.005235602094240838,1.0,2.8849536047719306,200,10,190,0.05,1.0,2.7071968163775537,207,17,190,0.0821256038647343,1.0,1.608072
t_cl,t_cl,250,200,0.6,20,99,201,12,189,187,1,186,0.05970149253731343,0.9947368421052631,0.0053475935828877,0.9789473684210527,212,22,190,191,2,189,0.10377358490566038,1.0,0.010471204188481676,0.9947368421052631,3.7053000742241324,188,0,188,0.0,0.9894736842105263,3.568509179118715,189,0,189,0.0,0.9947368421052631,2.777287573232367,199,9,190,0.04522613065326633,1.0,2.6104017408994187,209,19,190,0.09090909090909091,1.0,1.628295
t_cl,t_cl,250,200,0.6,20,100,202,12,190,190,0,190,0.0594059405940594,1.0,0.0,1.0,217,27,190,191,1,190,0.12442396313364056,1.0,0.005235602094240838,1.0,4.801134896144046,190,0,190,0.0,1.0,4.801134896144046,190,0,190,0.0,1.0,2.908404710020082,192,2,190,0.010416666666666666,1.0,2.670968824298475,203,13,190,0.06403940886699508,1.0,1.733222
t_cl,t_cl,250,200,0.6,20,101,200,10,190,191,2,189,0.05,1.0,0.010471204188481676,0.9947368421052631,216,26,190,192,2,190,0.12037037037037036,1.0,0.010416666666666666,1.0,3.89697176663891,190,0,190,0.0,1.0,3.89697176663891,190,0,190,0.0,1.0,2.8397950202588853,200,10,190,0.05,1.0,2.6774805170297893,214,24,190,0.11214953271028037,1.0,1.839791
t_cl,t_cl,250,200,0.6,20,102,204,14,190,190,1,189,0.06862745098039216,1.0,0.005263157894736842,0.9947368421052631,210,20,190,192,2,190,0.09523809523809523,1.0,0.010416666666666666,1.0,3.728997640023907,190,0,190,0.0,1.0,3.728997640023907,190,0,190,0.0,1.0,2.7736788936598478,199,9,190,0.04522613065326633,1.0,2.6358980477535323,207,17,190,0.0821256038647343,1.0,1.607357
t_cl,t_cl,250,200,0.6,20,103,200,11,189,189,1,188,0.055,0.9947368421052631,0.005291005291005291,0.9894736842105263,208,18,190,192,3,189,0.08653846153846154,1.0,0.015625,0.9947368421052631,3.8200241476914334,190,1,189,0.005263157894736842,0.9947368421052631,3.8200241476914334,190,1,189,0.005263157894736842,0.9947368421052631,2.9204118171215705,195,5,190,0.02564102564102564,1.0,2.6458897792043867,208,18,190,0.08653846153846154,1.0,1.665957
t_cl,t_cl,250,200,0.6,20,104,203,13,190,190,1,189,0.06403940886699508,1.0,0.005263157894736842,0.9947368421052631,216,26,190,193,4,189,0.12037037037037036,1.0,0.02072538860103627,0.9947368421052631,4.172875126819461,190,1,189,0.005263157894736842,0.9947368421052631,4.172875126819461,190,1,189,0.005263157894736842,0.9947368421052631,2.8381600853641284,202,12,190,0.0594059405940594,1.0,2.6724066903147214,214,24,190,0.11214953271028037,1.0,1.725261
t_cl,t_cl,250,200,0.6,20,105,211,21,190,191,1,190,0.0995260663507109,1.0,0.005235602094240838,1.0,223,33,190,194,4,190,0.14798206278026907,1.0,0.020618556701030927,1.0,4.073578167237243,190,0,190,0.0,1.0,4.073578167237243,190,0,190,0.0,1.0,2.8653744344608647,205,15,190,0.07317073170731707,1.0,2.6371428277746034,219,29,190,0.1324200913242009,1.0,1.566973
t_cl,t_cl,250,200,0.6,20,106,204,14,190,190,0,190,0.06862745098039216,1.0,0.0,1.0,216,26,190,193,3,190,0.12037037037037036,1.0,0.015544041450777202,1.0,4.181691265107328,190,0,190,0.0,1.0,4.181691265107328,190,0,190,0.0,1.0,2.8509578549503405,200,10,190,0.05,1.0,2.6841107940393774,211,21,190,0.0995260663507109,1.0,1.698959
t_cl,t_cl,250,200,0.6,20,107,199,11,188,183,2,181,0.05527638190954774,0.9894736842105263,0.01092896174863388,0.9526315789473684,211,21,190,191,4,187,0.0995260663507109,1.0,0.020942408376963352,0.9842105263157894,3.6417682603010966,184,0,184,0.0,0.968421052631579,3.4990345870792003,187,0,187,0.0,0.9842105263157894,2.8152855750078203,199,9,190,0.04522613065326633,1.0,2.6051018970565036,209,19,190,0.09090909090909091,1.0,1.779244
t_cl,t_cl,250,200,0.6,20,108,201,11,190,190,2,188,0.05472636815920398,1.0,0.010526315789473684,0.9894736842105263,210,20,190,193,3,190,0.09523809523809523,1.0,0.015544041450777202,1.0,3.712183926610105,190,0,190,0.0,1.0,3.5601683957148946,191,1,190,0.005235602094240838,1.0,2.8372452111952247,198,8,190,0.04040404040404041,1.0,2.668815768123879,210,20,190,0.09523809523809523,1.0,1.62867
t_cl,t_cl,250,200,0.6,20,109,198,8,190,192,2,190,0.04040404040404041,1.0,0.010416666666666666,1.0,207,17,190,192,2,190,0.0821256038647343,1.0,0.010416666666666666,1.0,4.780625713241247,190,0,190,0.0,1.0,4.780625713241247,190,0,190,0.0,1.0,2.8467969178429686,197,7,190,0.03553299492385787,1.0,2.671622558974151,201,11,190,0.05472636815920398,1.0,1.666447
t_cl,t_cl,250,200,0.6,20,110,198,8,190,190,0,190,0.04040404040404041,1.0,0.0,1.0,214,24,190,190,0,190,0.11214953271028037,1.0,0.0,1.0,6.409586836288952,190,0,190,0.0,1.0,6.409586836288952,190,0,190,0.0,1.0,2.821173555591541,196,6,190,0.030612244897959183,1.0,2.6484420702902454,207,17,190,0.0821256038647343,1.0,1.604454
t_cl,t_cl,250,200,0.6,20,111,198,8,190,189,0,189,0.04040404040404041,1.0,0.0,0.9947368421052631,210,20,190,190,0,190,0.09523809523809523,1.0,0.0,1.0,3.778441971614673,190,0,190,0.0,1.0,3.778441971614673,190,0,190,0.0,1.0,2.8276318338814197,195,5,190,0.02564102564102564,1.0,2.663682757817376,204,14,190,0.06862745098039216,1.0,1.738675
t_cl,t_cl,250,200,0.6,20,112,199,9,190,186,0,186,0.04522613065326633,1.0,0.0,0.9789473684210527,212,22,190,188,0,188,0.10377358490566038,1.0,0.0,0.9894736842105263,3.6441291116391366,189,0,189,0.0,0.9947368421052631,3.6441291116391366,189,0,189,0.0,0.9947368421052631,2.8143633650180244,196,6,190,0.030612244897959183,1.0,2.632744837934429,204,14,190,0.06862745098039216,1.0,1.669529
t_cl,t_cl,250,200,0.6,20,113,205,15,190,188,0,188,0.07317073170731707,1.0,0.0,0.9894736842105263,215,25,190,190,1,189,0.11627906976744186,1.0,0.005263157894736842,0.9947368421052631,3.8036146101117003,189,0,189,0.0,0.9947368421052631,3.56815769578085,190,0,190,0.0,1.0,2.831938956196725,203,13,190,0.06403940886699508,1.0,2.6556009370612332,214,24,190,0.11214953271028037,1.0,1.756292
t_cl,t_cl,250,200,0.6,20,114,200,10,190,190,0,190,0.05,1.0,0.0,1.0,214,24,190,192,2,190,0.11214953271028037,1.0,0.010416666666666666,1.0,3.882202529165575,190,0,190,0.0,1.0,3.882202529165575,190,0,190,0.0,1.0,2.8272935051854793,200,10,190,0.05,1.0,2.6187195974322917,212,22,190,0.10377358490566038,1.0,1.638839
t_cl,t_cl,250,200,0.6,20,115,204,14,190,191,2,189,0.06862745098039216,1.0,0.010471204188481676,0.9947368421052631,222,32,190,192,2,190,0.14414414414414414,1.0,0.010416666666666666,1.0,3.782942875946637,191,1,190,0.005235602094240838,1.0,3.782942875946637,191,1,190,0.005235602094240838,1.0,2.8011501384206876,196,6,190,0.030612244897959183,1.0,2.633394563077329,210,20,190,0.09523809523809523,1.0,1.74305
t_cl,t_cl,250,200,0.6,20,116,200,11,189,189,0,189,0.055,0.9947368421052631,0.0,0.9947368421052631,212,22,190,191,2,189,0.10377358490566038,1.0,0.010471204188481676,0.9947368421052631,4.21844169897809,189,0,189,0.0,0.9947368421052631,4.21844169897809,189,0,189,0.0,0.9947368421052631,2.875502935649938,200,10,190,0.05,1.0,2.715752104564979,211,21,190,0.0995260663507109,1.0,1.616675
t_cl,t_cl,250,200,0.6,20,117,202,12,190,186,0,186,0.0594059405940594,1.0,0.0,0.9789473684210527,211,21,190,187,0,187,0.0995260663507109,1.0,0.0,0.9842105263157894,3.7797705175515675,187,0,187,0.0,0.9842105263157894,3.483913213772593,189,0,189,0.0,0.9947368421052631,2.753984850953384,198,8,190,0.04040404040404041,1.0,2.5833807187497255,209,19,190,0.09090909090909091,1.0,1.594987
t_cl,t_cl,250,200,0.6,20,118,200,11,189,189,3,186,0.055,0.9947368421052631,0.015873015873015872,0.9789473684210527,211,22,189,190,4,186,0.10426540284360189,0.9947368421052631,0.021052631578947368,0.9789473684210527,3.636031061521225,187,0,187,0.0,0.9842105263157894,3.636031061521225,187,0,187,0.0,0.9842105263157894,2.7949901972888,201,11,190,0.05472636815920398,1.0,2.633279857005451,212,22,190,0.10377358490566038,1.0,1.782059
t_cl,t_cl,250,200,0.6,20,119,197,8,189,188,0,188,0.04060913705583756,0.9947368421052631,0.0,0.9894736842105263,212,23,189,189,1,188,0.10849056603773585,0.9947368421052631,0.005291005291005291,0.9894736842105263,3.9042036073338906,188,0,188,0.0,0.9894736842105263,3.9042036073338906,188,0,188,0.0,0.9894736842105263,2.7693859876531928,197,7,190,0.03553299492385787,1.0,2.605023966386979,209,19,190,0.09090909090909091,1.0,1.614654
t_cl,t_cl,250,200,0.6,20,120,195,5,190,190,0,190,0.02564102564102564,1.0,0.0,1.0,202,12,190,191,1,190,0.0594059405940594,1.0,0.005235602094240838,1.0,5.0692396099759796,190,0,190,0.0,1.0,5.0692396099759796,190,0,190,0.0,1.0,2.972878698211906,195,5,190,0.02564102564102564,1.0,2.737015446924376,202,12,190,0.0594059405940594,1.0,1.746359
t_cl,t_cl,250,200,0.6,20,121,194,4,190,190,0,190,0.020618556701030927,1.0,0.0,1.0,205,15,190,190,0,190,0.07317073170731707,1.0,0.0,1.0,4.618784284203745,190,0,190,0.0,1.0,4.618784284203745,190,0,190,0.0,1.0,2.98841520716106,192,2,190,0.010416666666666666,1.0,2.721524297172139,201,11,190,0.05472636815920398,1.0,1.745271
t_cl,t_cl,250,200,0.6,20,122,200,10,190,192,2,190,0.05,1.0,0.010416666666666666,1.0,216,26,190,193,3,190,0.12037037037037036,1.0,0.015544041450777202,1.0,4.196042476160291,190,0,190,0.0,1.0,4.196042476160291,190,0,190,0.0,1.0,2.912870035528828,197,7,190,0.03553299492385787,1.0,2.7061805861257593,207,17,190,0.0821256038647343,1.0,1.618626
t_cl,t_cl,250,200,0.6,20,123,200,10,190,190,1,189,0.05,1.0,0.005263157894736842,0.9947368421052631,214,24,190,190,1,189,0.11214953271028037,1.0,0.005263157894736842,0.9947368421052631,3.8032311510497294,190,1,189,0.005263157894736842,0.9947368421052631,3.572382977269718,191,1,190,0.005235602094240838,1.0,2.7772432252098156,200,10,190,0.05,1.0,2.611889816893913,211,21,190,0.0995260663507109,1.0,1.561346
t_cl,t_cl,250,200,0.6,20,124,201,11,190,190,0,190,0.05472636815920398,1.0,0.0,1.0,207,17,190,191,1,190,0.0821256038647343,1.0,0.005235602094240838,1.0,4.867055268744651,190,0,190,0.0,1.0,4.867055268744651,190,0,190,0.0,1.0,2.839738414849015,198,8,190,0.04040404040404041,1.0,2.668072777605283,205,15,190,0.07317073170731707,1.0,1.749889
t_cl,t_cl,250,200,0.6,20,125,200,10,190,191,1,190,0.05,1.0,0.005235602094240838,1.0,211,21,190,191,1,190,0.0995260663507109,1.0,0.005235602094240838,1.0,4.538152997319187,190,0,190,0.0,1.0,4.538152997319187,190,0,190,0.0,1.0,2.7425733148191362,196,6,190,0.030612244897959183,1.0,2.6027323715926074,206,16,190,0.07766990291262135,1.0,1.674609
t_cl,t_cl,250,200,0.6,20,126,199,9,190,192,2,190,0.04522613065326633,1.0,0.010416666666666666,1.0,205,15,190,192,2,190,0.07317073170731707,1.0,0.010416666666666666,1.0,4.5622722595032075,190,0,190,0.0,1.0,4.5622722595032075,190,0,190,0.0,1.0,2.8553535530423333,197,7,190,0.03553299492385787,1.0,2.6317895786604417,204,14,190,0.06862745098039216,1.0,1.738567
t_cl,t_cl,250,200,0.6,20,127,199,9,190,190,2,188,0.04522613065326633,1.0,0.010526315789473684,0.9894736842105263,209,19,190,190,2,188,0.09090909090909091,1.0,0.010526315789473684,0.9894736842105263,3.670540224279274,190,0,190,0.0,1.0,3.670540224279274,190,0,190,0.0,1.0,2.8287851644883917,198,8,190,0.04040404040404041,1.0,2.6633665918550586,206,16,190,0.07766990291262135,1.0,1.731683
t_cl,t_cl,250,200,0.6,20,128,198,8,190,192,2,190,0.04040404040404041,1.0,0.010416666666666666,1.0,205,15,190,192,2,190,0.07317073170731707,1.0,0.010416666666666666,1.0,4.041927600023695,190,0,190,0.0,1.0,4.041927600023695,190,0,190,0.0,1.0,2.763712168284583,198,8,190,0.04040404040404041,1.0,2.624836778800719,202,12,190,0.0594059405940594,1.0,1.617851
t_cl,t_cl,250,200,0.6,20,129,204,14,190,186,2,184,0.06862745098039216,1.0,0.010752688172043012,0.968421052631579,214,24,190,190,6,184,0.11214953271028037,1.0,0.031578947368421054,0.968421052631579,3.623199482035073,185,0,185,0.0,0.9736842105263158,3.4494849625134094,187,0,187,0.0,0.9842105263157894,2.823509193163955,201,11,190,0.05472636815920398,1.0,2.6687784194088144,213,23,190,0.107981220657277,1.0,1.649081
t_cl,t_cl,250,200,0.6,20,130,203,13,190,192,3,189,0.06403940886699508,1.0,0.015625,0.9947368421052631,215,25,190,192,3,189,0.11627906976744186,1.0,0.015625,0.9947368421052631,3.735976899368958,189,0,189,0.0,0.9947368421052631,3.5340590793901816,190,0,190,0.0,1.0,2.743263118930636,201,11,190,0.05472636815920398,1.0,2.5917193735955166,211,21,190,0.0995260663507109,1.0,1.635735
t_cl,t_cl,250,200,0.6,20,131,197,7,190,191,1,190,0.03553299492385787,1.0,0.005235602094240838,1.0,209,19,190,192,2,190,0.09090909090909091,1.0,0.010416666666666666,1.0,4.688510088936263,190,0,190,0.0,1.0,4.688510088936263,190,0,190,0.0,1.0,2.867532265715791,195,5,190,0.02564102564102564,1.0,2.6515104422585627,205,15,190,0.07317073170731707,1.0,1.789189
t_cl,t_cl,250,200,0.6,20,132,204,14,190,191,1,190,0.06862745098039216,1.0,0.005235602094240838,1.0,216,26,190,192,2,190,0.12037037037037036,1.0,0.010416666666666666,1.0,4.915923601801142,190,0,190,0.0,1.0,4.915923601801142,190,0,190,0.0,1.0,2.8116790090861548,201,11,190,0.05472636815920398,1.0,2.666830804845795,214,24,190,0.11214953271028037,1.0,1.821664
t_cl,t_cl,250,200,0.6,20,133,196,8,188,183,0,183,0.04081632653061224,0.9894736842105263,0.0,0.9631578947368421,208,19,189,184,1,183,0.09134615384615384,0.9947368421052631,0.005434782608695652,0.9631578947368421,3.8446246307105505,183,0,183,0.0,0.9631578947368421,3.4405420566181824,184,0,184,0.0,0.968421052631579,2.8082557760172095,196,6,190,0.030612244897959183,1.0,2.6359167880916674,205,15,190,0.07317073170731707,1.0,1.616642
t_cl,t_cl,250,200,0.6,20,134,199,9,190,191,1,190,0.04522613065326633,1.0,0.005235602094240838,1.0,207,17,190,191,1,190,0.0821256038647343,1.0,0.005235602094240838,1.0,3.921992005099409,190,0,190,0.0,1.0,3.921992005099409,190,0,190,0.0,1.0,2.849837007836941,197,7,190,0.03553299492385787,1.0,2.6828123657825613,204,14,190,0.06862745098039216,1.0,1.83962
t_cl,t_cl,250,200,0.6,20,135,200,10,190,191,1,190,0.05,1.0,0.005235602094240838,1.0,218,28,190,192,2,190,0.12844036697247707,1.0,0.010416666666666666,1.0,3.61463839463933,191,1,190,0.005235602094240838,1.0,3.61463839463933,191,1,190,0.005235602094240838,1.0,2.8907432255835404,198,8,190,0.04040404040404041,1.0,2.6991386084789997,212,22,190,0.10377358490566038,1.0,1.592586
t_cl,t_cl,250,200,0.6,20,136,199,9,190,192,2,190,0.04522613065326633,1.0,0.010416666666666666,1.0,211,21,190,194,4,190,0.0995260663507109,1.0,0.020618556701030927,1.0,4.131397667273451,190,0,190,0.0,1.0,4.131397667273451,190,0,190,0.0,1.0,2.7717841817219058,198,8,190,0.04040404040404041,1.0,2.61877264861312,207,17,190,0.0821256038647343,1.0,1.675986
t_cl,t_cl,250,200,0.6,20,137,196,7,189,188,0,188,0.03571428571428571,0.9947368421052631,0.0,0.9894736842105263,204,15,189,190,1,189,0.07352941176470588,0.9947368421052631,0.005263157894736842,0.9947368421052631,3.6418355930337247,189,0,189,0.0,0.9947368421052631,3.6418355930337247,189,0,189,0.0,0.9947368421052631,2.8777013033290344,195,6,189,0.03076923076923077,0.9947368421052631,2.689500309534183,203,14,189,0.06896551724137931,0.9947368421052631,1.687795
t_cl,t_cl,250,200,0.6,20,138,197,7,190,189,0,189,0.03553299492385787,1.0,0.0,0.9947368421052631,212,22,190,189,0,189,0.10377358490566038,1.0,0.0,0.9947368421052631,3.6627155379695013,190,0,190,0.0,1.0,3.6627155379695013,190,0,190,0.0,1.0,2.8137700063176725,192,2,190,0.010416666666666666,1.0,2.6150339702397885,208,18,190,0.08653846153846154,1.0,1.775212
t_cl,t_cl,250,200,0.6,20,139,203,13,190,190,1,189,0.06403940886699508,1.0,0.005263157894736842,0.9947368421052631,220,30,190,190,1,189,0.13636363636363635,1.0,0.005263157894736842,0.9947368421052631,3.8352650128098946,189,0,189,0.0,0.9947368421052631,3.566931365550582,190,0,190,0.0,1.0,2.7522579282275097,200,10,190,0.05,1.0,2.587674871710899,217,27,190,0.12442396313364056,1.0,1.656444
t_cl,t_cl,250,200,0.6,20,140,202,12,190,191,1,190,0.0594059405940594,1.0,0.005235602094240838,1.0,215,25,190,191,1,190,0.11627906976744186,1.0,0.005235602094240838,1.0,4.557916971049325,190,0,190,0.0,1.0,4.557916971049325,190,0,190,0.0,1.0,2.776548385018662,201,11,190,0.05472636815920398,1.0,2.618009899646946,209,19,190,0.09090909090909091,1.0,1.653602
t_cl,t_cl,250,200,0.6,20,141,197,7,190,190,1,189,0.03553299492385787,1.0,0.005263157894736842,0.9947368421052631,215,25,190,192,3,189,0.11627906976744186,1.0,0.015625,0.9947368421052631,4.059662694321976,189,0,189,0.0,0.9947368421052631,4.059662694321976,189,0,189,0.0,0.9947368421052631,2.810108553446604,196,6,190,0.030612244897959183,1.0,2.6575237276467947,213,23,190,0.107981220657277,1.0,1.676143
t_cl,t_cl,250,200,0.6,20,142,203,13,190,190,1,189,0.06403940886699508,1.0,0.005263157894736842,0.9947368421052631,210,20,190,193,3,190,0.09523809523809523,1.0,0.015544041450777202,1.0,3.848394726425774,190,0,190,0.0,1.0,3.848394726425774,190,0,190,0.0,1.0,2.7913619932956797,200,10,190,0.05,1.0,2.6265159989570437,209,19,190,0.09090909090909091,1.0,1.607154
t_cl,t_cl,250,200,0.6,20,143,203,13,190,193,3,190,0.06403940886699508,1.0,0.015544041450777202,1.0,222,32,190,195,5,190,0.14414414414414414,1.0,0.02564102564102564,1.0,3.8631156559976803,190,0,190,0.0,1.0,3.5311103198211735,191,1,190,0.005235602094240838,1.0,2.7522777064576958,201,11,190,0.05472636815920398,1.0,2.580210480881114,214,24,190,0.11214953271028037,1.0,1.663852
t_cl,t_cl,250,200,0.6,20,144,196,7,189,189,0,189,0.03571428571428571,0.9947368421052631,0.0,0.9947368421052631,206,17,189,189,0,189,0.0825242718446602,0.9947368421052631,0.0,0.9947368421052631,3.8300398365065638,189,0,189,0.0,0.9947368421052631,3.8300398365065638,189,0,189,0.0,0.9947368421052631,2.7680034485487854,194,5,189,0.02577319587628866,0.9947368421052631,2.6034770578427566,206,16,190,0.07766990291262135,1.0,1.84587
t_cl,t_cl,250,200,0.6,20,145,202,12,190,190,0,190,0.0594059405940594,1.0,0.0,1.0,217,27,190,190,0,190,0.12442396313364056,1.0,0.0,1.0,4.380083592613885,190,0,190,0.0,1.0,4.380083592613885,190,0,190,0.0,1.0,2.899015782467171,199,9,190,0.04522613065326633,1.0,2.733525787356969,208,18,190,0.08653846153846154,1.0,1.675828
t_cl,t_cl,250,200,0.6,20,146,201,11,190,190,0,190,0.05472636815920398,1.0,0.0,1.0,209,19,190,192,2,190,0.09090909090909091,1.0,0.010416666666666666,1.0,4.970625939141709,190,0,190,0.0,1.0,4.970625939141709,190,0,190,0.0,1.0,2.8975205501166252,198,8,190,0.04040404040404041,1.0,2.7094301326656183,204,14,190,0.06862745098039216,1.0,1.612557
t_cl,t_cl,250,200,0.6,20,147,194,4,190,191,1,190,0.020618556701030927,1.0,0.005235602094240838,1.0,201,11,190,191,1,190,0.05472636815920398,1.0,0.005235602094240838,1.0,4.468740076315262,190,0,190,0.0,1.0,4.468740076315262,190,0,190,0.0,1.0,3.004627090561263,193,3,190,0.015544041450777202,1.0,2.686798684797915,199,9,190,0.04522613065326633,1.0,1.704524
t_cl,t_cl,250,200,0.6,20,148,195,5,190,191,1,190,0.02564102564102564,1.0,0.005235602094240838,1.0,204,14,190,192,2,190,0.06862745098039216,1.0,0.010416666666666666,1.0,4.189232241795645,190,0,190,0.0,1.0,4.189232241795645,190,0,190,0.0,1.0,2.8162028079873362,195,5,190,0.02564102564102564,1.0,2.6259012122879133,200,10,190,0.05,1.0,1.642863
t_cl,t_cl,250,200,0.6,20,149,198,8,190,190,0,190,0.04040404040404041,1.0,0.0,1.0,210,20,190,190,0,190,0.09523809523809523,1.0,0.0,1.0,4.268035985275861,190,0,190,0.0,1.0,4.268035985275861,190,0,190,0.0,1.0,2.8251746660479635,198,8,190,0.04040404040404041,1.0,2.654922376109231,209,19,190,0.09090909090909091,1.0,1.592703
t_cl,t_cl,250,200,0.6,20,150,207,17,190,191,1,190,0.0821256038647343,1.0,0.005235602094240838,1.0,221,31,190,194,4,190,0.14027149321266968,1.0,0.020618556701030927,1.0,5.095396777105206,190,0,190,0.0,1.0,5.095396777105206,190,0,190,0.0,1.0,2.8767739229004246,202,12,190,0.0594059405940594,1.0,2.654911755992306,220,30,190,0.13636363636363635,1.0,1.795597
t_cl,t_cl,250,200,0.6,20,151,206,16,190,190,0,190,0.07766990291262135,1.0,0.0,1.0,219,29,190,191,1,190,0.1324200913242009,1.0,0.005235602094240838,1.0,4.653153721764708,190,0,190,0.0,1.0,4.653153721764708,190,0,190,0.0,1.0,4.653153721764708,190,0,190,0.0,1.0,4.653153721764708,190,0,190,0.0,1.0,1.657396
t_cl,t_cl,250,200,0.6,20,152,197,7,190,190,0,190,0.03553299492385787,1.0,0.0,1.0,208,18,190,192,2,190,0.08653846153846154,1.0,0.010416666666666666,1.0,5.348170910352813,190,0,190,0.0,1.0,5.348170910352813,190,0,190,0.0,1.0,2.827432858139861,196,6,190,0.030612244897959183,1.0,2.653624642344694,208,18,190,0.08653846153846154,1.0,1.629859
t_cl,t_cl,250,200,0.6,20,153,205,16,189,187,0,187,0.07804878048780488,0.9947368421052631,0.0,0.9842105263157894,214,25,189,188,1,187,0.11682242990654206,0.9947368421052631,0.005319148936170213,0.9842105263157894,4.036086795231776,187,0,187,0.0,0.9842105263157894,3.514215740850072,188,0,188,0.0,0.9894736842105263,2.78352391236194,200,11,189,0.055,0.9947368421052631,2.628101895713493,214,24,190,0.11214953271028037,1.0,1.522229
t_cl,t_cl,250,200,0.6,20,154,197,7,190,192,2,190,0.03553299492385787,1.0,0.010416666666666666,1.0,205,15,190,194,4,190,0.07317073170731707,1.0,0.020618556701030927,1.0,3.98985219063494,190,0,190,0.0,1.0,3.602540773213613,191,1,190,0.005235602094240838,1.0,2.8775450007736416,197,7,190,0.03553299492385787,1.0,2.676400789562656,202,12,190,0.0594059405940594,1.0,1.751116
t_cl,t_cl,250,200,0.6,20,155,199,9,190,191,1,190,0.04522613065326633,1.0,0.005235602094240838,1.0,209,19,190,192,2,190,0.09090909090909091,1.0,0.010416666666666666,1.0,3.9999062509498304,190,0,190,0.0,1.0,3.448667181129327,191,1,190,0.005235602094240838,1.0,2.8390943681522813,196,6,190,0.030612244897959183,1.0,2.686599972330413,206,16,190,0.07766990291262135,1.0,1.641255
t_cl,t_cl,250,200,0.6,20,156,197,7,190,186,0,186,0.03553299492385787,1.0,0.0,0.9789473684210527,204,14,190,189,1,188,0.06862745098039216,1.0,0.005291005291005291,0.9894736842105263,3.7638686231711933,188,0,188,0.0,0.9894736842105263,3.5446674673927934,189,0,189,0.0,0.9947368421052631,2.8155043083059295,197,7,190,0.03553299492385787,1.0,2.6874402891699645,203,13,190,0.06403940886699508,1.0,1.778842
t_cl,t_cl,250,200,0.6,20,157,210,20,190,189,0,189,0.09523809523809523,1.0,0.0,0.9947368421052631,226,36,190,194,4,190,0.1592920353982301,1.0,0.020618556701030927,1.0,3.739234009984785,190,0,190,0.0,1.0,3.739234009984785,190,0,190,0.0,1.0,2.789976521410136,207,17,190,0.0821256038647343,1.0,2.6345978130012577,216,26,190,0.12037037037037036,1.0,1.734039
t_cl,t_cl,250,200,0.6,20,158,201,11,190,190,1,189,0.05472636815920398,1.0,0.005263157894736842,0.9947368421052631,213,23,190,192,2,190,0.107981220657277,1.0,0.010416666666666666,1.0,3.8704306830819832,190,0,190,0.0,1.0,3.8704306830819832,190,0,190,0.0,1.0,2.8113642356225226,198,8,190,0.04040404040404041,1.0,2.654255518459498,207,17,190,0.0821256038647343,1.0,1.571256
t_cl,t_cl,250,200,0.6,20,159,198,9,189,186,0,186,0.045454545454545456,0.9947368421052631,0.0,0.9789473684210527,203,14,189,187,1,186,0.06896551724137931,0.9947368421052631,0.0053475935828877,0.9789473684210527,4.1027398459642574,186,0,186,0.0,0.9789473684210527,3.4296225060669077,189,0,189,0.0,0.9947368421052631,2.8193576448668436,199,9,190,0.04522613065326633,1.0,2.673573784698732,204,14,190,0.06862745098039216,1.0,1.596914
t_cl,t_cl,250,200,0.6,20,160,205,15,190,190,0,190,0.07317073170731707,1.0,0.0,1.0,219,29,190,192,2,190,0.1324200913242009,1.0,0.010416666666666666,1.0,4.569540019533776,190,0,190,0.0,1.0,4.569540019533776,190,0,190,0.0,1.0,2.774033500878294,201,11,190,0.05472636815920398,1.0,2.6137317827310107,214,24,190,0.11214953271028037,1.0,1.591833
t_cl,t_cl,250,200,0.6,20,161,197,7,190,190,1,189,0.03553299492385787,1.0,0.005263157894736842,0.9947368421052631,211,21,190,192,2,190,0.0995260663507109,1.0,0.010416666666666666,1.0,3.846450679651028,190,0,190,0.0,1.0,3.846450679651028,190,0,190,0.0,1.0,2.796275515403843,195,5,190,0.02564102564102564,1.0,2.6261390320336013,208,18,190,0.08653846153846154,1.0,1.845259
t_cl,t_cl,250,200,0.6,20,162,202,12,190,189,1,188,0.0594059405940594,1.0,0.005291005291005291,0.9894736842105263,210,20,190,192,3,189,0.09523809523809523,1.0,0.015625,0.9947368421052631,3.7408464365549667,189,0,189,0.0,0.9947368421052631,3.5711891520060957,190,0,190,0.0,1.0,2.8578263184409667,199,9,190,0.04522613065326633,1.0,2.6574467134474826,207,17,190,0.0821256038647343,1.0,1.55841
t_cl,t_cl,250,200,0.6,20,163,206,16,190,191,2,189,0.07766990291262135,1.0,0.010471204188481676,0.9947368421052631,223,33,190,194,4,190,0.14798206278026907,1.0,0.020618556701030927,1.0,3.6883864333824743,190,0,190,0.0,1.0,3.5884672162626745,191,1,190,0.005235602094240838,1.0,2.785683318463079,204,14,190,0.06862745098039216,1.0,2.5799570199275057,221,31,190,0.14027149321266968,1.0,1.719877
t_cl,t_cl,250,200,0.6,20,164,201,11,190,193,3,190,0.05472636815920398,1.0,0.015544041450777202,1.0,215,25,190,193,3,190,0.11627906976744186,1.0,0.015544041450777202,1.0,3.866627006305438,191,1,190,0.005235602094240838,1.0,3.866627006305438,191,1,190,0.005235602094240838,1.0,2.7732756493120667,199,9,190,0.04522613065326633,1.0,2.6149982008625603,211,21,190,0.0995260663507109,1.0,1.80917
t_cl,t_cl,250,200,0.6,20,165,209,19,190,193,3,190,0.09090909090909091,1.0,0.015544041450777202,1.0,222,32,190,194,4,190,0.14414414414414414,1.0,0.020618556701030927,1.0,4.156886885765995,191,1,190,0.005235602094240838,1.0,3.502123531425581,193,3,190,0.015544041450777202,1.0,2.8091412904809445,203,13,190,0.06403940886699508,1.0,2.6484514739972767,215,25,190,0.11627906976744186,1.0,1.587732
t_cl,t_cl,250,200,0.6,20,166,204,14,190,190,1,189,0.06862745098039216,1.0,0.005263157894736842,0.9947368421052631,216,26,190,191,2,189,0.12037037037037036,1.0,0.010471204188481676,0.9947368421052631,4.9311143072812,189,0,189,0.0,0.9947368421052631,3.5772811894602774,190,1,189,0.005263157894736842,0.9947368421052631,2.793247727343427,201,11,190,0.05472636815920398,1.0,2.6244045606463056,213,23,190,0.107981220657277,1.0,1.605525
t_cl,t_cl,250,200,0.6,20,167,197,8,189,189,0,189,0.04060913705583756,0.9947368421052631,0.0,0.9947368421052631,207,17,190,190,1,189,0.0821256038647343,1.0,0.005263157894736842,0.9947368421052631,4.28330780618463,189,0,189,0.0,0.9947368421052631,4.28330780618463,189,0,189,0.0,0.9947368421052631,2.8030652887372445,194,4,190,0.020618556701030927,1.0,2.6192019997941705,206,16,190,0.07766990291262135,1.0,1.765411
t_cl,t_cl,250,200,0.6,20,168,204,14,190,191,1,190,0.06862745098039216,1.0,0.005235602094240838,1.0,211,21,190,195,5,190,0.0995260663507109,1.0,0.02564102564102564,1.0,4.688908393685182,190,0,190,0.0,1.0,3.4329511186899384,191,1,190,0.005235602094240838,1.0,2.812399270725376,203,13,190,0.06403940886699508,1.0,2.655923873174624,209,19,190,0.09090909090909091,1.0,1.678252
t_cl,t_cl,250,200,0.6,20,169,199,10,189,187,2,185,0.05025125628140704,0.9947368421052631,0.0106951871657754,0.9736842105263158,210,21,189,188,2,186,0.1,0.9947368421052631,0.010638297872340425,0.9789473684210527,3.695984142589786,188,0,188,0.0,0.9894736842105263,3.6088365693681608,189,0,189,0.0,0.9947368421052631,2.896309977049445,199,9,190,0.04522613065326633,1.0,2.6963725648009222,210,20,190,0.09523809523809523,1.0,1.675045
t_cl,t_cl,250,200,0.6,20,170,199,9,190,191,2,189,0.04522613065326633,1.0,0.010471204188481676,0.9947368421052631,212,22,190,194,4,190,0.10377358490566038,1.0,0.020618556701030927,1.0,3.943889519992543,190,0,190,0.0,1.0,3.519332184467143,191,1,190,0.005235602094240838,1.0,2.9705439793534585,196,6,190,0.030612244897959183,1.0,2.7283271368071134,209,19,190,0.09090909090909091,1.0,1.764324
t_cl,t_cl,250,200,0.6,20,171,204,14,190,190,0,190,0.06862745098039216,1.0,0.0,1.0,215,25,190,195,5,190,0.11627906976744186,1.0,0.02564102564102564,1.0,5.160499778672057,190,0,190,0.0,1.0,5.160499778672057,190,0,190,0.0,1.0,2.903379723592864,201,11,190,0.05472636815920398,1.0,2.7092418450555273,208,18,190,0.08653846153846154,1.0,1.852247
t_cl,t_cl,250,200,0.6,20,172,200,10,190,193,3,190,0.05,1.0,0.015544041450777202,1.0,209,19,190,194,4,190,0.09090909090909091,1.0,0.020618556701030927,1.0,4.375247994718621,190,0,190,0.0,1.0,3.43506222753923,191,1,190,0.005235602094240838,1.0,2.877485808149857,199,9,190,0.04522613065326633,1.0,2.708140136597288,205,15,190,0.07317073170731707,1.0,2.845878
t_cl,t_cl,250,200,0.6,20,173,211,21,190,193,3,190,0.0995260663507109,1.0,0.015544041450777202,1.0,220,30,190,194,4,190,0.13636363636363635,1.0,0.020618556701030927,1.0,3.6957677876480957,191,1,190,0.005235602094240838,1.0,3.5119770515666433,193,3,190,0.015544041450777202,1.0,2.8006743887102097,206,16,190,0.07766990291262135,1.0,2.640066335428037,218,28,190,0.12844036697247707,1.0,2.095624
t_cl,t_cl,250,200,0.6,20,174,199,13,186,186,3,183,0.06532663316582915,0.9789473684210527,0.016129032258064516,0.9631578947368421,209,21,188,191,5,186,0.10047846889952153,0.9894736842105263,0.02617801047120419,0.9789473684210527,3.6261940941374475,186,0,186,0.0,0.9789473684210527,3.533476714819969,187,1,186,0.0053475935828877,0.9789473684210527,2.7660655939627796,198,10,188,0.050505050505050504,0.9894736842105263,2.635789465039501,208,20,188,0.09615384615384616,0.9894736842105263,1.711409
t_cl,t_cl,250,200,0.6,20,175,199,12,187,177,3,174,0.06030150753768844,0.9842105263157894,0.01694915254237288,0.9157894736842105,205,17,188,185,4,181,0.08292682926829269,0.9894736842105263,0.021621621621621623,0.9526315789473684,3.6633069889344245,181,0,181,0.0,0.9526315789473684,3.479575551719928,184,0,184,0.0,0.968421052631579,2.7942351642751833,201,12,189,0.05970149253731343,0.9947368421052631,2.7055904701383335,204,15,189,0.07352941176470588,0.9947368421052631,1.741576
t_cl,t_cl,250,200,0.6,20,176,200,10,190,191,1,190,0.05,1.0,0.005235602094240838,1.0,207,17,190,192,2,190,0.0821256038647343,1.0,0.010416666666666666,1.0,4.163077273263967,190,0,190,0.0,1.0,4.163077273263967,190,0,190,0.0,1.0,2.8395330462819093,200,10,190,0.05,1.0,2.6926278463550775,202,12,190,0.0594059405940594,1.0,1.766042
t_cl,t_cl,250,200,0.6,20,177,202,12,190,190,0,190,0.0594059405940594,1.0,0.0,1.0,213,23,190,192,2,190,0.107981220657277,1.0,0.010416666666666666,1.0,4.1773579726924766,190,0,190,0.0,1.0,4.1773579726924766,190,0,190,0.0,1.0,2.8340947428326695,199,9,190,0.04522613065326633,1.0,2.64957663144932,210,20,190,0.09523809523809523,1.0,1.560916
t_cl,t_cl,250,200,0.6,20,178,200,12,188,183,2,181,0.06,0.9894736842105263,0.01092896174863388,0.9526315789473684,206,18,188,189,3,186,0.08737864077669903,0.9894736842105263,0.015873015873015872,0.9789473684210527,3.6482243784457253,183,0,183,0.0,0.9631578947368421,3.455832072184526,188,1,187,0.005319148936170213,0.9842105263157894,2.775244508500198,201,12,189,0.05970149253731343,0.9947368421052631,2.636811081783153,207,18,189,0.08695652173913043,0.9947368421052631,1.690633
t_cl,t_cl,250,200,0.6,20,179,201,11,190,189,2,187,0.05472636815920398,1.0,0.010582010582010581,0.9842105263157894,208,18,190,190,3,187,0.08653846153846154,1.0,0.015789473684210527,0.9842105263157894,4.033783048612255,187,0,187,0.0,0.9842105263157894,3.4664020040115266,189,0,189,0.0,0.9947368421052631,2.773603085349046,200,10,190,0.05,1.0,2.63344567138854,207,17,190,0.0821256038647343,1.0,1.61463
t_cl,t_cl,250,200,0.6,20,180,198,8,190,186,2,184,0.04040404040404041,1.0,0.010752688172043012,0.968421052631579,210,20,190,191,3,188,0.09523809523809523,1.0,0.015706806282722512,0.9894736842105263,3.6235530043816504,189,0,189,0.0,0.9947368421052631,3.6235530043816504,189,0,189,0.0,0.9947368421052631,2.9108698821027987,198,8,190,0.04040404040404041,1.0,2.681227556357479,207,17,190,0.0821256038647343,1.0,1.892346
t_cl,t_cl,250,200,0.6,20,181,201,11,190,191,1,190,0.05472636815920398,1.0,0.005235602094240838,1.0,212,22,190,191,1,190,0.10377358490566038,1.0,0.005235602094240838,1.0,4.794111443739368,190,0,190,0.0,1.0,4.794111443739368,190,0,190,0.0,1.0,2.859401043505111,200,10,190,0.05,1.0,2.6905300232454716,209,19,190,0.09090909090909091,1.0,1.658848
t_cl,t_cl,250,200,0.6,20,182,209,19,190,193,4,189,0.09090909090909091,1.0,0.02072538860103627,0.9947368421052631,220,30,190,196,6,190,0.13636363636363635,1.0,0.030612244897959183,1.0,3.749803636346642,191,1,190,0.005235602094240838,1.0,3.749803636346642,191,1,190,0.005235602094240838,1.0,2.795392686198013,208,18,190,0.08653846153846154,1.0,2.630721928867785,219,29,190,0.1324200913242009,1.0,1.595721
t_cl,t_cl,250,200,0.6,20,183,201,12,189,186,1,185,0.05970149253731343,0.9947368421052631,0.005376344086021506,0.9736842105263158,214,24,190,187,1,186,0.11214953271028037,1.0,0.0053475935828877,0.9789473684210527,3.668093948442328,186,0,186,0.0,0.9789473684210527,3.5277251039662945,188,0,188,0.0,0.9894736842105263,2.7670294366031793,200,10,190,0.05,1.0,2.612564224627194,208,18,190,0.08653846153846154,1.0,1.65461
t_cl,t_cl,250,200,0.6,20,184,199,9,190,190,1,189,0.04522613065326633,1.0,0.005263157894736842,0.9947368421052631,206,16,190,191,2,189,0.07766990291262135,1.0,0.010471204188481676,0.9947368421052631,3.8927593939079967,189,0,189,0.0,0.9947368421052631,3.5592588198481447,191,1,190,0.005235602094240838,1.0,2.813981397166432,199,9,190,0.04522613065326633,1.0,2.643710003515475,203,13,190,0.06403940886699508,1.0,1.707787
t_cl,t_cl,250,200,0.6,20,185,199,9,190,191,1,190,0.04522613065326633,1.0,0.005235602094240838,1.0,207,17,190,191,1,190,0.0821256038647343,1.0,0.005235602094240838,1.0,4.73789912487316,190,0,190,0.0,1.0,4.73789912487316,190,0,190,0.0,1.0,2.858481120892367,196,6,190,0.030612244897959183,1.0,2.6956882347363615,207,17,190,0.0821256038647343,1.0,1.656206
t_cl,t_cl,250,200,0.6,20,186,204,14,190,189,0,189,0.06862745098039216,1.0,0.0,0.9947368421052631,214,24,190,193,3,190,0.11214953271028037,1.0,0.015544041450777202,1.0,3.8000106707544496,190,0,190,0.0,1.0,3.8000106707544496,190,0,190,0.0,1.0,2.845295314300288,202,12,190,0.0594059405940594,1.0,2.66770002131826,213,23,190,0.107981220657277,1.0,1.813462
t_cl,t_cl,250,200,0.6,20,187,201,12,189,189,2,187,0.05970149253731343,0.9947368421052631,0.010582010582010581,0.9842105263157894,214,24,190,190,3,187,0.11214953271028037,1.0,0.015789473684210527,0.9842105263157894,3.7045910065754115,188,0,188,0.0,0.9894736842105263,3.5145900402810786,190,1,189,0.005263157894736842,0.9947368421052631,2.8871261633455743,200,10,190,0.05,1.0,2.7385494257734146,209,19,190,0.09090909090909091,1.0,1.749204
t_cl,t_cl,250,200,0.6,20,188,201,11,190,190,0,190,0.05472636815920398,1.0,0.0,1.0,212,22,190,190,0,190,0.10377358490566038,1.0,0.0,1.0,4.363453465614227,190,0,190,0.0,1.0,4.363453465614227,190,0,190,0.0,1.0,2.8948051119859795,199,9,190,0.04522613065326633,1.0,2.7280558834846267,208,18,190,0.08653846153846154,1.0,1.562503
t_cl,t_cl,250,200,0.6,20,189,205,15,190,192,2,190,0.07317073170731707,1.0,0.010416666666666666,1.0,217,27,190,193,3,190,0.12442396313364056,1.0,0.015544041450777202,1.0,4.064898954758919,190,0,190,0.0,1.0,3.5761269377492586,191,1,190,0.005235602094240838,1.0,2.7951246142966855,204,14,190,0.06862745098039216,1.0,2.6270566573672225,214,24,190,0.11214953271028037,1.0,1.66897
t_cl,t_cl,250,200,0.6,20,190,204,16,188,180,0,180,0.0784313725490196,0.9894736842105263,0.0,0.9473684210526315,214,26,188,185,3,182,0.12149532710280374,0.9894736842105263,0.016216216216216217,0.9578947368421052,3.7552231206642537,182,0,182,0.0,0.9578947368421052,3.5202859121352987,185,0,185,0.0,0.9736842105263158,2.8094638509515937,205,16,189,0.07804878048780488,0.9947368421052631,2.671076432749441,214,25,189,0.11682242990654206,0.9947368421052631,1.682237
t_cl,t_cl,250,200,0.6,20,191,196,6,190,191,1,190,0.030612244897959183,1.0,0.005235602094240838,1.0,207,17,190,192,2,190,0.0821256038647343,1.0,0.010416666666666666,1.0,4.797786084798569,190,0,190,0.0,1.0,4.797786084798569,190,0,190,0.0,1.0,2.936638628107707,194,4,190,0.020618556701030927,1.0,2.756206162697587,200,10,190,0.05,1.0,1.624908
t_cl,t_cl,250,200,0.6,20,192,204,14,190,187,0,187,0.06862745098039216,1.0,0.0,0.9842105263157894,213,23,190,189,0,189,0.107981220657277,1.0,0.0,0.9947368421052631,3.7936451344301867,188,0,188,0.0,0.9894736842105263,3.604479786457128,189,0,189,0.0,0.9947368421052631,2.7998119193583952,202,12,190,0.0594059405940594,1.0,2.630345624285093,213,23,190,0.107981220657277,1.0,1.739341
t_cl,t_cl,250,200,0.6,20,193,201,11,190,192,2,190,0.05472636815920398,1.0,0.010416666666666666,1.0,213,23,190,193,3,190,0.107981220657277,1.0,0.015544041450777202,1.0,4.3640947125535945,190,0,190,0.0,1.0,4.3640947125535945,190,0,190,0.0,1.0,2.903247790921541,197,7,190,0.03553299492385787,1.0,2.6864331009629896,209,19,190,0.09090909090909091,1.0,1.785774
t_cl,t_cl,250,200,0.6,20,194,193,3,190,189,0,189,0.015544041450777202,1.0,0.0,0.9947368421052631,205,15,190,191,1,190,0.07317073170731707,1.0,0.005235602094240838,1.0,3.780977623175105,190,0,190,0.0,1.0,3.780977623175105,190,0,190,0.0,1.0,2.8812091432738396,192,2,190,0.010416666666666666,1.0,2.664957552515233,203,13,190,0.06403940886699508,1.0,1.61235
t_cl,t_cl,250,200,0.6,20,195,201,11,190,189,0,189,0.05472636815920398,1.0,0.0,0.9947368421052631,218,28,190,190,1,189,0.12844036697247707,1.0,0.005263157894736842,0.9947368421052631,4.1427999552383,189,0,189,0.0,0.9947368421052631,4.1427999552383,189,0,189,0.0,0.9947368421052631,2.8161960375303865,199,9,190,0.04522613065326633,1.0,2.6451060974712473,212,22,190,0.10377358490566038,1.0,1.637264
t_cl,t_cl,250,200,0.6,20,196,195,5,190,191,1,190,0.02564102564102564,1.0,0.005235602094240838,1.0,206,16,190,191,1,190,0.07766990291262135,1.0,0.005235602094240838,1.0,4.3356338643985435,190,0,190,0.0,1.0,4.3356338643985435,190,0,190,0.0,1.0,2.8549678439896757,195,5,190,0.02564102564102564,1.0,2.6611238740562437,203,13,190,0.06403940886699508,1.0,1.839998
t_cl,t_cl,250,200,0.6,20,197,204,14,190,192,2,190,0.06862745098039216,1.0,0.010416666666666666,1.0,214,24,190,194,4,190,0.11214953271028037,1.0,0.020618556701030927,1.0,4.655779790706844,190,0,190,0.0,1.0,4.655779790706844,190,0,190,0.0,1.0,2.8383115083462704,199,9,190,0.04522613065326633,1.0,2.664995445815205,210,20,190,0.09523809523809523,1.0,1.567993
t_cl,t_cl,250,200,0.6,20,198,201,12,189,190,1,189,0.05970149253731343,0.9947368421052631,0.005263157894736842,0.9947368421052631,215,25,190,190,1,189,0.11627906976744186,1.0,0.005263157894736842,0.9947368421052631,3.6285560638822383,190,1,189,0.005263157894736842,0.9947368421052631,3.6285560638822383,190,1,189,0.005263157894736842,0.9947368421052631,2.8920726843329216,199,9,190,0.04522613065326633,1.0,2.6628351994472568,213,23,190,0.107981220657277,1.0,1.781974
t_cl,t_cl,250,200,0.6,20,199,205,15,190,190,0,190,0.07317073170731707,1.0,0.0,1.0,224,34,190,193,3,190,0.15178571428571427,1.0,0.015544041450777202,1.0,3.827100073137786,190,0,190,0.0,1.0,3.827100073137786,190,0,190,0.0,1.0,2.8205660196932962,202,12,190,0.0594059405940594,1.0,2.646133442810095,213,23,190,0.107981220657277,1.0,1.769667
t_cl,t_cl,250,200,0.6,20,200,200,10,190,187,1,186,0.05,1.0,0.0053475935828877,0.9789473684210527,211,21,190,190,1,189,0.0995260663507109,1.0,0.005263157894736842,0.9947368421052631,3.6215295502622804,189,0,189,0.0,0.9947368421052631,3.6215295502622804,189,0,189,0.0,0.9947368421052631,2.8126790237620827,196,6,190,0.030612244897959183,1.0,2.6158682237077384,211,21,190,0.0995260663507109,1.0,1.596199
t_cl,t_cl,250,200,0.6,20,201,200,10,190,192,2,190,0.05,1.0,0.010416666666666666,1.0,211,21,190,194,4,190,0.0995260663507109,1.0,0.020618556701030927,1.0,3.964349931578005,190,0,190,0.0,1.0,3.4483637513202634,191,1,190,0.005235602094240838,1.0,2.896844964241681,200,10,190,0.05,1.0,2.695466738026646,207,17,190,0.0821256038647343,1.0,1.648583
t_cl,t_cl,250,200,0.6,20,202,195,6,189,189,1,188,0.03076923076923077,0.9947368421052631,0.005291005291005291,0.9894736842105263,212,22,190,191,2,189,0.10377358490566038,1.0,0.010471204188481676,0.9947368421052631,3.942038638323989,189,0,189,0.0,0.9947368421052631,3.942038638323989,189,0,189,0.0,0.9947368421052631,2.818856197692774,196,6,190,0.030612244897959183,1.0,2.656127084691892,211,21,190,0.0995260663507109,1.0,1.74839
t_cl,t_cl,250,200,0.6,20,203,208,18,190,191,1,190,0.08653846153846154,1.0,0.005235602094240838,1.0,233,43,190,193,3,190,0.18454935622317598,1.0,0.015544041450777202,1.0,3.6886293225651037,191,1,190,0.005235602094240838,1.0,3.6886293225651037,191,1,190,0.005235602094240838,1.0,2.806770436198102,201,11,190,0.05472636815920398,1.0,2.648732257976885,214,24,190,0.11214953271028037,1.0,1.679063
t_cl,t_cl,250,200,0.6,20,204,197,7,190,189,1,188,0.03553299492385787,1.0,0.005291005291005291,0.9894736842105263,206,16,190,191,2,189,0.07766990291262135,1.0,0.010471204188481676,0.9947368421052631,3.84146172896835,189,0,189,0.0,0.9947368421052631,3.84146172896835,189,0,189,0.0,0.9947368421052631,2.8085712123341233,194,4,190,0.020618556701030927,1.0,2.7047842924447063,201,11,190,0.05472636815920398,1.0,1.702181
t_cl,t_cl,250,200,0.6,20,205,200,10,190,191,1,190,0.05,1.0,0.005235602094240838,1.0,216,26,190,192,2,190,0.12037037037037036,1.0,0.010416666666666666,1.0,5.360333248080839,190,0,190,0.0,1.0,5.360333248080839,190,0,190,0.0,1.0,2.791705916251671,197,7,190,0.03553299492385787,1.0,2.642006398984334,205,15,190,0.07317073170731707,1.0,1.770474
t_cl,t_cl,250,200,0.6,20,206,203,13,190,191,1,190,0.06403940886699508,1.0,0.005235602094240838,1.0,218,28,190,191,1,190,0.12844036697247707,1.0,0.005235602094240838,1.0,3.6401272901319626,191,1,190,0.005235602094240838,1.0,3.6401272901319626,191,1,190,0.005235602094240838,1.0,2.8314099229995247,201,11,190,0.05472636815920398,1.0,2.6601610006554663,216,26,190,0.12037037037037036,1.0,1.71644
t_cl,t_cl,250,200,0.6,20,207,204,14,190,193,3,190,0.06862745098039216,1.0,0.015544041450777202,1.0,211,21,190,195,5,190,0.0995260663507109,1.0,0.02564102564102564,1.0,3.993041698654056,191,1,190,0.005235602094240838,1.0,3.993041698654056,191,1,190,0.005235602094240838,1.0,2.8033799996037834,201,11,190,0.05472636815920398,1.0,2.655183665422627,208,18,190,0.08653846153846154,1.0,1.569982
t_cl,t_cl,250,200,0.6,20,208,207,17,190,194,4,190,0.0821256038647343,1.0,0.020618556701030927,1.0,219,29,190,198,8,190,0.1324200913242009,1.0,0.04040404040404041,1.0,4.524159483401648,190,0,190,0.0,1.0,3.5629265847217733,191,1,190,0.005235602094240838,1.0,2.8125165157530803,206,16,190,0.07766990291262135,1.0,2.661221522575952,215,25,190,0.11627906976744186,1.0,1.698786
t_cl,t_cl,250,200,0.6,20,209,201,11,190,186,1,185,0.05472636815920398,1.0,0.005376344086021506,0.9736842105263158,209,19,190,190,2,188,0.09090909090909091,1.0,0.010526315789473684,0.9894736842105263,3.813360905070754,188,0,188,0.0,0.9894736842105263,3.5057977409861554,190,1,189,0.005263157894736842,0.9947368421052631,2.8437976829328475,199,9,190,0.04522613065326633,1.0,2.643524109978207,209,19,190,0.09090909090909091,1.0,1.658568
t_cl,t_cl,250,200,0.6,20,210,201,12,189,191,2,189,0.05970149253731343,0.9947368421052631,0.010471204188481676,0.9947368421052631,211,22,189,193,4,189,0.10426540284360189,0.9947368421052631,0.02072538860103627,0.9947368421052631,3.9341036362505646,189,0,189,0.0,0.9947368421052631,3.5474902535255177,190,1,189,0.005263157894736842,0.9947368421052631,2.824076367503357,200,10,190,0.05,1.0,2.6258749681929845,209,19,190,0.09090909090909091,1.0,1.816157
t_cl,t_cl,250,200,0.6,20,211,208,18,190,193,3,190,0.08653846153846154,1.0,0.015544041450777202,1.0,217,27,190,194,4,190,0.12442396313364056,1.0,0.020618556701030927,1.0,4.449689333343832,190,0,190,0.0,1.0,3.600039642925369,191,1,190,0.005235602094240838,1.0,2.8503643922721205,200,10,190,0.05,1.0,2.692142098545354,211,21,190,0.0995260663507109,1.0,1.616257
t_cl,t_cl,250,200,0.6,20,212,198,9,189,188,1,187,0.045454545454545456,0.9947368421052631,0.005319148936170213,0.9842105263157894,208,19,189,189,1,188,0.09134615384615384,0.9947368421052631,0.005291005291005291,0.9894736842105263,3.826476908611354,188,0,188,0.0,0.9894736842105263,3.5865367906972843,189,0,189,0.0,0.9947368421052631,2.805482405356175,196,7,189,0.03571428571428571,0.9947368421052631,2.6478030292501473,206,16,190,0.07766990291262135,1.0,1.651401
t_cl,t_cl,250,200,0.6,20,213,200,10,190,192,2,190,0.05,1.0,0.010416666666666666,1.0,209,19,190,193,3,190,0.09090909090909091,1.0,0.015544041450777202,1.0,3.983742224053585,190,0,190,0.0,1.0,3.4270606595852526,192,2,190,0.010416666666666666,1.0,2.8685459206165462,196,6,190,0.030612244897959183,1.0,2.713222614184063,208,18,190,0.08653846153846154,1.0,1.561733
t_cl,t_cl,250,200,0.6,20,214,200,11,189,189,1,188,0.055,0.9947368421052631,0.005291005291005291,0.9894736842105263,212,22,190,190,2,188,0.10377358490566038,1.0,0.010526315789473684,0.9894736842105263,3.6851869138887308,189,0,189,0.0,0.9947368421052631,3.6851869138887308,189,0,189,0.0,0.9947368421052631,2.811151441950388,200,10,190,0.05,1.0,2.639082355270415,208,18,190,0.08653846153846154,1.0,1.66469
t_cl,t_cl,250,200,0.6,20,215,201,11,190,193,3,190,0.05472636815920398,1.0,0.015544041450777202,1.0,213,23,190,195,5,190,0.107981220657277,1.0,0.02564102564102564,1.0,4.321647149310323,190,0,190,0.0,1.0,4.321647149310323,190,0,190,0.0,1.0,2.887731697791542,201,11,190,0.05472636815920398,1.0,2.7019003597987115,210,20,190,0.09523809523809523,1.0,1.660912
t_cl,t_cl,250,200,0.6,20,216,204,15,189,191,4,187,0.07352941176470588,0.9947368421052631,0.020942408376963352,0.9842105263157894,216,26,190,194,6,188,0.12037037037037036,1.0,0.030927835051546393,0.9894736842105263,3.821576991119894,189,1,188,0.005291005291005291,0.9894736842105263,3.557039771621386,191,2,189,0.010471204188481676,0.9947368421052631,2.8832860465768158,204,14,190,0.06862745098039216,1.0,2.729580657083795,214,24,190,0.11214953271028037,1.0,1.707595
t_cl,t_cl,250,200,0.6,20,217,206,16,190,191,1,190,0.07766990291262135,1.0,0.005235602094240838,1.0,216,26,190,193,3,190,0.12037037037037036,1.0,0.015544041450777202,1.0,4.257166165587348,190,0,190,0.0,1.0,3.5876406726804846,191,1,190,0.005235602094240838,1.0,2.8459680610242857,205,15,190,0.07317073170731707,1.0,2.6758373719396857,214,24,190,0.11214953271028037,1.0,1.863426
t_cl,t_cl,250,200,0.6,20,218,215,25,190,192,2,190,0.11627906976744186,1.0,0.010416666666666666,1.0,221,31,190,193,3,190,0.14027149321266968,1.0,0.015544041450777202,1.0,4.100062687163682,190,0,190,0.0,1.0,4.100062687163682,190,0,190,0.0,1.0,2.735905206403997,208,18,190,0.08653846153846154,1.0,2.569707367999962,218,28,190,0.12844036697247707,1.0,1.555353
t_cl,t_cl,250,200,0.6,20,219,196,6,190,191,1,190,0.030612244897959183,1.0,0.005235602094240838,1.0,210,20,190,192,2,190,0.09523809523809523,1.0,0.010416666666666666,1.0,5.3644946113531375,190,0,190,0.0,1.0,5.3644946113531375,190,0,190,0.0,1.0,2.9223926144108807,195,5,190,0.02564102564102564,1.0,2.694619537100567,207,17,190,0.0821256038647343,1.0,1.740886
t_cl,t_cl,250,200,0.6,20,220,204,14,190,187,1,186,0.06862745098039216,1.0,0.0053475935828877,0.9789473684210527,212,22,190,189,3,186,0.10377358490566038,1.0,0.015873015873015872,0.9789473684210527,3.8816964458816976,186,0,186,0.0,0.9789473684210527,3.5071739347798303,189,0,189,0.0,0.9947368421052631,2.7933390001730194,204,14,190,0.06862745098039216,1.0,2.6407257938301023,211,21,190,0.0995260663507109,1.0,1.656698
t_cl,t_cl,250,200,0.6,20,221,201,11,190,190,0,190,0.05472636815920398,1.0,0.0,1.0,215,25,190,192,2,190,0.11627906976744186,1.0,0.010416666666666666,1.0,4.082728202893947,190,0,190,0.0,1.0,4.082728202893947,190,0,190,0.0,1.0,2.7954706850758644,198,8,190,0.04040404040404041,1.0,2.6434151794430263,212,22,190,0.10377358490566038,1.0,1.638166
t_cl,t_cl,250,200,0.6,20,222,198,8,190,192,2,190,0.04040404040404041,1.0,0.010416666666666666,1.0,209,19,190,192,2,190,0.09090909090909091,1.0,0.010416666666666666,1.0,4.082521956561239,190,0,190,0.0,1.0,4.082521956561239,190,0,190,0.0,1.0,2.8750488149515956,196,6,190,0.030612244897959183,1.0,2.720491360867276,204,14,190,0.06862745098039216,1.0,1.598024
t_cl,t_cl,250,200,0.6,20,223,199,9,190,190,0,190,0.04522613065326633,1.0,0.0,1.0,209,19,190,191,1,190,0.09090909090909091,1.0,0.005235602094240838,1.0,4.280413052526948,190,0,190,0.0,1.0,4.280413052526948,190,0,190,0.0,1.0,2.8814671659262445,198,8,190,0.04040404040404041,1.0,2.6522086302055565,209,19,190,0.09090909090909091,1.0,1.885199
t_cl,t_cl,250,200,0.6,20,224,204,14,190,191,3,188,0.06862745098039216,1.0,0.015706806282722512,0.9894736842105263,215,25,190,193,3,190,0.11627906976744186,1.0,0.015544041450777202,1.0,3.7108462542400065,191,1,190,0.005235602094240838,1.0,3.5550261684169087,192,2,190,0.010416666666666666,1.0,2.8088779214972277,201,11,190,0.05472636815920398,1.0,2.639104640427208,214,24,190,0.11214953271028037,1.0,1.605702
t_cl,t_cl,250,200,0.6,20,225,203,13,190,190,1,189,0.06403940886699508,1.0,0.005263157894736842,0.9947368421052631,213,23,190,191,1,190,0.107981220657277,1.0,0.005235602094240838,1.0,3.828858757114527,190,0,190,0.0,1.0,3.828858757114527,190,0,190,0.0,1.0,2.7628381168742813,200,10,190,0.05,1.0,2.6040539101895255,209,19,190,0.09090909090909091,1.0,1.573744
t_cl,t_cl,250,200,0.6,20,226,204,14,190,193,3,190,0.06862745098039216,1.0,0.015544041450777202,1.0,214,24,190,194,4,190,0.11214953271028037,1.0,0.020618556701030927,1.0,3.834622302013705,190,0,190,0.0,1.0,3.834622302013705,190,0,190,0.0,1.0,2.827826255086393,202,12,190,0.0594059405940594,1.0,2.679472870269997,212,22,190,0.10377358490566038,1.0,1.809049
t_cl,t_cl,250,200,0.6,20,227,203,13,190,191,3,188,0.06403940886699508,1.0,0.015706806282722512,0.9894736842105263,217,27,190,192,3,189,0.12442396313364056,1.0,0.015625,0.9947368421052631,3.670989418860591,190,0,190,0.0,1.0,3.670989418860591,190,0,190,0.0,1.0,2.7843582475612134,203,13,190,0.06403940886699508,1.0,2.6169282957078854,214,24,190,0.11214953271028037,1.0,1.56037
t_cl,t_cl,250,200,0.6,20,228,201,13,188,188,2,186,0.06467661691542288,0.9894736842105263,0.010638297872340425,0.9789473684210527,217,28,189,190,2,188,0.12903225806451613,0.9947368421052631,0.010526315789473684,0.9894736842105263,3.7046777030312263,188,0,188,0.0,0.9894736842105263,3.7046777030312263,188,0,188,0.0,0.9894736842105263,2.8120314587354978,197,7,190,0.03553299492385787,1.0,2.633765387692049,212,22,190,0.10377358490566038,1.0,1.589243
t_cl,t_cl,250,200,0.6,20,229,200,10,190,192,2,190,0.05,1.0,0.010416666666666666,1.0,211,21,190,192,2,190,0.0995260663507109,1.0,0.010416666666666666,1.0,5.1166400597810355,190,0,190,0.0,1.0,3.5208193333245927,191,1,190,0.005235602094240838,1.0,2.8245788474368037,197,7,190,0.03553299492385787,1.0,2.675283618972699,208,18,190,0.08653846153846154,1.0,1.851324
t_cl,t_cl,250,200,0.6,20,230,203,13,190,191,1,190,0.06403940886699508,1.0,0.005235602094240838,1.0,216,26,190,191,1,190,0.12037037037037036,1.0,0.005235602094240838,1.0,4.339847886865253,190,0,190,0.0,1.0,4.339847886865253,190,0,190,0.0,1.0,2.8054464360528044,202,12,190,0.0594059405940594,1.0,2.641159093544654,210,20,190,0.09523809523809523,1.0,1.656256
t_cl,t_cl,250,200,0.6,20,231,194,6,188,182,0,182,0.030927835051546393,0.9894736842105263,0.0,0.9578947368421052,205,17,188,184,0,184,0.08292682926829269,0.9894736842105263,0.0,0.968421052631579,3.624783827998848,185,0,185,0.0,0.9736842105263158,3.448520786100807,186,0,186,0.0,0.9789473684210527,2.861920725055778,196,6,190,0.030612244897959183,1.0,2.6367231186418,207,17,190,0.0821256038647343,1.0,1.564905
t_cl,t_cl,250,200,0.6,20,232,198,8,190,189,0,189,0.04040404040404041,1.0,0.0,0.9947368421052631,202,12,190,190,0,190,0.0594059405940594,1.0,0.0,1.0,3.8848108911296215,190,0,190,0.0,1.0,3.8848108911296215,190,0,190,0.0,1.0,2.8539763647699257,197,7,190,0.03553299492385787,1.0,2.674691762377306,200,10,190,0.05,1.0,1.724947
t_cl,t_cl,250,200,0.6,20,233,196,6,190,189,0,189,0.030612244897959183,1.0,0.0,0.9947368421052631,207,17,190,190,1,189,0.0821256038647343,1.0,0.005263157894736842,0.9947368421052631,4.218265723205233,189,0,189,0.0,0.9947368421052631,3.539211905940973,190,0,190,0.0,1.0,2.8702651062976803,194,4,190,0.020618556701030927,1.0,2.6354576704955144,201,11,190,0.05472636815920398,1.0,1.648364
t_cl,t_cl,250,200,0.6,20,234,197,7,190,190,0,190,0.03553299492385787,1.0,0.0,1.0,213,23,190,190,0,190,0.107981220657277,1.0,0.0,1.0,4.0917555910668995,190,0,190,0.0,1.0,4.0917555910668995,190,0,190,0.0,1.0,2.82834442117148,196,6,190,0.030612244897959183,1.0,2.648367781994171,210,20,190,0.09523809523809523,1.0,1.563531
t_cl,t_cl,250,200,0.6,20,235,201,11,190,191,1,190,0.05472636815920398,1.0,0.005235602094240838,1.0,212,22,190,192,2,190,0.10377358490566038,1.0,0.010416666666666666,1.0,4.046075279142245,190,0,190,0.0,1.0,4.046075279142245,190,0,190,0.0,1.0,2.716418494215744,198,8,190,0.04040404040404041,1.0,2.567226649720219,206,16,190,0.07766990291262135,1.0,1.911247
t_cl,t_cl,250,200,0.6,20,236,200,10,190,190,0,190,0.05,1.0,0.0,1.0,208,18,190,191,1,190,0.08653846153846154,1.0,0.005235602094240838,1.0,4.188311223161664,190,0,190,0.0,1.0,4.188311223161664,190,0,190,0.0,1.0,2.8383158029203313,196,6,190,0.030612244897959183,1.0,2.667082064070612,205,15,190,0.07317073170731707,1.0,1.75006
t_cl,t_cl,250,200,0.6,20,237,200,13,187,189,5,184,0.065,0.9842105263157894,0.026455026455026454,0.968421052631579,213,25,188,192,6,186,0.11737089201877934,0.9894736842105263,0.03125,0.9789473684210527,3.722281652995963,186,0,186,0.0,0.9789473684210527,3.530284930299168,187,0,187,0.0,0.9842105263157894,2.830362730229669,199,11,188,0.05527638190954774,0.9894736842105263,2.6754517653357692,211,23,188,0.10900473933649289,0.9894736842105263,1.603326
t_cl,t_cl,250,200,0.6,20,238,210,20,190,192,2,190,0.09523809523809523,1.0,0.010416666666666666,1.0,225,35,190,193,3,190,0.15555555555555556,1.0,0.015544041450777202,1.0,4.84315225235093,190,0,190,0.0,1.0,3.5525552826236297,191,1,190,0.005235602094240838,1.0,2.8952283163174917,201,11,190,0.05472636815920398,1.0,2.676214721993145,218,28,190,0.12844036697247707,1.0,1.677926
t_cl,t_cl,250,200,0.6,20,239,202,12,190,190,1,189,0.0594059405940594,1.0,0.005263157894736842,0.9947368421052631,210,20,190,191,1,190,0.09523809523809523,1.0,0.005235602094240838,1.0,3.718543891929118,190,0,190,0.0,1.0,3.718543891929118,190,0,190,0.0,1.0,2.8120061025958027,199,9,190,0.04522613065326633,1.0,2.6467710212903253,210,20,190,0.09523809523809523,1.0,1.789316
t_cl,t_cl,250,200,0.6,20,240,206,16,190,192,2,190,0.07766990291262135,1.0,0.010416666666666666,1.0,215,25,190,192,2,190,0.11627906976744186,1.0,0.010416666666666666,1.0,3.820068229590654,191,1,190,0.005235602094240838,1.0,3.820068229590654,191,1,190,0.005235602094240838,1.0,2.791442291124499,204,14,190,0.06862745098039216,1.0,2.6564459890099155,209,19,190,0.09090909090909091,1.0,1.634974
t_cl,t_cl,250,200,0.6,20,241,204,14,190,192,2,190,0.06862745098039216,1.0,0.010416666666666666,1.0,213,23,190,194,4,190,0.107981220657277,1.0,0.020618556701030927,1.0,4.897771223123091,190,0,190,0.0,1.0,4.897771223123091,190,0,190,0.0,1.0,2.838515441969654,203,13,190,0.06403940886699508,1.0,2.704638488034878,212,22,190,0.10377358490566038,1.0,1.719309
t_cl,t_cl,250,200,0.6,20,242,195,5,190,190,0,190,0.02564102564102564,1.0,0.0,1.0,210,20,190,192,2,190,0.09523809523809523,1.0,0.010416666666666666,1.0,4.025034736066905,190,0,190,0.0,1.0,4.025034736066905,190,0,190,0.0,1.0,2.8471043666845595,194,4,190,0.020618556701030927,1.0,2.667496298083388,204,14,190,0.06862745098039216,1.0,1.749222
t_cl,t_cl,250,200,0.6,20,243,197,7,190,184,0,184,0.03553299492385787,1.0,0.0,0.968421052631579,210,20,190,189,2,187,0.09523809523809523,1.0,0.010582010582010581,0.9842105263157894,3.8028473523777055,187,0,187,0.0,0.9842105263157894,3.4700278423768802,189,0,189,0.0,0.9947368421052631,2.908407268489347,195,5,190,0.02564102564102564,1.0,2.6573731285032753,210,20,190,0.09523809523809523,1.0,1.550144
t_cl,t_cl,250,200,0.6,20,244,198,8,190,190,1,189,0.04040404040404041,1.0,0.005263157894736842,0.9947368421052631,210,20,190,192,2,190,0.09523809523809523,1.0,0.010416666666666666,1.0,3.8330598034957974,190,0,190,0.0,1.0,3.8330598034957974,190,0,190,0.0,1.0,2.910882164090047,196,6,190,0.030612244897959183,1.0,2.646294838437403,207,17,190,0.0821256038647343,1.0,1.650208
t_cl,t_cl,250,200,0.6,20,245,203,13,190,191,1,190,0.06403940886699508,1.0,0.005235602094240838,1.0,215,25,190,193,3,190,0.11627906976744186,1.0,0.015544041450777202,1.0,4.05266069399713,190,0,190,0.0,1.0,3.5993197457749537,191,1,190,0.005235602094240838,1.0,2.773989719028613,203,13,190,0.06403940886699508,1.0,2.63877445091207,212,22,190,0.10377358490566038,1.0,1.628359
t_cl,t_cl,250,200,0.6,20,246,197,7,190,191,1,190,0.03553299492385787,1.0,0.005235602094240838,1.0,199,9,190,191,1,190,0.04522613065326633,1.0,0.005235602094240838,1.0,4.140707878200611,190,0,190,0.0,1.0,4.140707878200611,190,0,190,0.0,1.0,2.8688875907639972,195,5,190,0.02564102564102564,1.0,2.721491576026158,198,8,190,0.04040404040404041,1.0,1.755763
t_cl,t_cl,250,200,0.6,20,247,204,14,190,190,0,190,0.06862745098039216,1.0,0.0,1.0,218,28,190,192,2,190,0.12844036697247707,1.0,0.010416666666666666,1.0,5.574521084594463,190,0,190,0.0,1.0,5.574521084594463,190,0,190,0.0,1.0,2.9081794094532434,199,9,190,0.04522613065326633,1.0,2.6808199430630375,213,23,190,0.107981220657277,1.0,1.709294
t_cl,t_cl,250,200,0.6,20,248,201,12,189,190,2,188,0.05970149253731343,0.9947368421052631,0.010526315789473684,0.9894736842105263,215,25,190,192,3,189,0.11627906976744186,1.0,0.015625,0.9947368421052631,3.797086693798697,189,0,189,0.0,0.9947368421052631,3.797086693798697,189,0,189,0.0,0.9947368421052631,2.8436817795129627,200,10,190,0.05,1.0,2.6967667082563485,210,20,190,0.09523809523809523,1.0,1.650127
t_cl,t_cl,250,200,0.6,20,249,200,10,190,190,0,190,0.05,1.0,0.0,1.0,213,23,190,190,0,190,0.107981220657277,1.0,0.0,1.0,4.7510710655121144,190,0,190,0.0,1.0,4.7510710655121144,190,0,190,0.0,1.0,2.8102179372223635,199,9,190,0.04522613065326633,1.0,2.6430503177585307,210,20,190,0.09523809523809523,1.0,1.716569
t_cl,t_cl,250,200,0.6,20,250,196,6,190,187,1,186,0.030612244897959183,1.0,0.0053475935828877,0.9789473684210527,207,17,190,190,2,188,0.0821256038647343,1.0,0.010526315789473684,0.9894736842105263,3.6758907537880043,189,1,188,0.005291005291005291,0.9894736842105263,3.6758907537880043,189,1,188,0.005291005291005291,0.9894736842105263,2.8776594808667033,195,5,190,0.02564102564102564,1.0,2.6921323662600347,201,11,190,0.05472636815920398,1.0,1.611494
t_cl,t_cl,250,200,0.6,20,251,209,19,190,191,1,190,0.09090909090909091,1.0,0.005235602094240838,1.0,222,32,190,193,3,190,0.14414414414414414,1.0,0.015544041450777202,1.0,4.084531354363979,190,0,190,0.0,1.0,4.084531354363979,190,0,190,0.0,1.0,2.785852100726954,205,15,190,0.07317073170731707,1.0,2.6263650296746244,215,25,190,0.11627906976744186,1.0,1.692506
t_cl,t_cl,250,200,0.6,20,252,202,12,190,192,2,190,0.0594059405940594,1.0,0.010416666666666666,1.0,217,27,190,192,2,190,0.12442396313364056,1.0,0.010416666666666666,1.0,4.257450042120083,190,0,190,0.0,1.0,3.490056430661684,191,1,190,0.005235602094240838,1.0,2.873644293448017,201,11,190,0.05472636815920398,1.0,2.7027556372233743,214,24,190,0.11214953271028037,1.0,1.642251
t_cl,t_cl,250,200,0.6,20,253,204,14,190,187,1,186,0.06862745098039216,1.0,0.0053475935828877,0.9789473684210527,212,22,190,192,3,189,0.10377358490566038,1.0,0.015625,0.9947368421052631,3.6864910001987323,189,0,189,0.0,0.9947368421052631,3.473163446055234,190,0,190,0.0,1.0,2.8106988705673728,202,12,190,0.0594059405940594,1.0,2.6354850491093584,209,19,190,0.09090909090909091,1.0,1.792298
t_cl,t_cl,250,200,0.6,20,254,202,12,190,190,0,190,0.0594059405940594,1.0,0.0,1.0,219,29,190,194,4,190,0.1324200913242009,1.0,0.020618556701030927,1.0,5.325184020760457,190,0,190,0.0,1.0,5.325184020760457,190,0,190,0.0,1.0,2.922860526358754,199,9,190,0.04522613065326633,1.0,2.720371085662497,213,23,190,0.107981220657277,1.0,1.606393
t_cl,t_cl,250,200,0.6,20,255,205,15,190,191,1,190,0.07317073170731707,1.0,0.005235602094240838,1.0,214,24,190,192,2,190,0.11214953271028037,1.0,0.010416666666666666,1.0,3.8978140556164416,190,0,190,0.0,1.0,3.4279032129096505,191,1,190,0.005235602094240838,1.0,2.7489603815421257,201,11,190,0.05472636815920398,1.0,2.6038239677108455,211,21,190,0.0995260663507109,1.0,1.717215
t_cl,t_cl,250,200,0.6,20,256,200,11,189,191,3,188,0.055,0.9947368421052631,0.015706806282722512,0.9894736842105263,212,22,190,194,5,189,0.10377358490566038,1.0,0.02577319587628866,0.9947368421052631,3.7365979439724435,189,0,189,0.0,0.9947368421052631,3.7365979439724435,189,0,189,0.0,0.9947368421052631,2.9018490000190407,199,9,190,0.04522613065326633,1.0,2.673181042207192,210,20,190,0.09523809523809523,1.0,1.631001
t_cl,t_cl,250,200,0.6,20,257,202,12,190,190,0,190,0.0594059405940594,1.0,0.0,1.0,209,19,190,190,0,190,0.09090909090909091,1.0,0.0,1.0,4.336809144495022,190,0,190,0.0,1.0,4.336809144495022,190,0,190,0.0,1.0,2.7579929184395353,194,4,190,0.020618556701030927,1.0,2.581172729964568,207,17,190,0.0821256038647343,1.0,1.659405
t_cl,t_cl,250,200,0.6,20,258,204,14,190,191,1,190,0.06862745098039216,1.0,0.005235602094240838,1.0,217,27,190,192,2,190,0.12442396313364056,1.0,0.010416666666666666,1.0,4.103046936227975,190,0,190,0.0,1.0,4.103046936227975,190,0,190,0.0,1.0,2.7946456889894984,200,10,190,0.05,1.0,2.6608068685343764,207,17,190,0.0821256038647343,1.0,1.587568
t_cl,t_cl,250,200,0.6,20,259,210,20,190,190,0,190,0.09523809523809523,1.0,0.0,1.0,225,35,190,192,2,190,0.15555555555555556,1.0,0.010416666666666666,1.0,5.049584485651506,190,0,190,0.0,1.0,5.049584485651506,190,0,190,0.0,1.0,2.811369871879165,205,15,190,0.07317073170731707,1.0,2.6363141184554086,222,32,190,0.14414414414414414,1.0,1.853821
t_cl,t_cl,250,200,0.6,20,260,200,10,190,191,1,190,0.05,1.0,0.005235602094240838,1.0,208,18,190,191,1,190,0.08653846153846154,1.0,0.005235602094240838,1.0,4.081844882189702,190,0,190,0.0,1.0,4.081844882189702,190,0,190,0.0,1.0,2.7689141399813244,200,10,190,0.05,1.0,2.610211756002705,207,17,190,0.0821256038647343,1.0,1.817973
t_cl,t_cl,250,200,0.6,20,261,198,8,190,190,0,190,0.04040404040404041,1.0,0.0,1.0,204,14,190,191,1,190,0.06862745098039216,1.0,0.005235602094240838,1.0,4.725613909739468,190,0,190,0.0,1.0,4.725613909739468,190,0,190,0.0,1.0,2.8342907559373725,196,6,190,0.030612244897959183,1.0,2.703294271782035,203,13,190,0.06403940886699508,1.0,1.552941
t_cl,t_cl,250,200,0.6,20,262,203,13,190,191,1,190,0.06403940886699508,1.0,0.005235602094240838,1.0,213,23,190,192,2,190,0.107981220657277,1.0,0.010416666666666666,1.0,3.9730060746867504,190,0,190,0.0,1.0,3.482645780205866,191,1,190,0.005235602094240838,1.0,2.8081881661664756,199,9,190,0.04522613065326633,1.0,2.6420722994156782,209,19,190,0.09090909090909091,1.0,1.727522
t_cl,t_cl,250,200,0.6,20,263,200,10,190,191,1,190,0.05,1.0,0.005235602094240838,1.0,213,23,190,191,1,190,0.107981220657277,1.0,0.005235602094240838,1.0,3.7828142453648153,190,0,190,0.0,1.0,3.7828142453648153,190,0,190,0.0,1.0,2.7594917915410484,200,10,190,0.05,1.0,2.6172885068063776,210,20,190,0.09523809523809523,1.0,1.614427
t_cl,t_cl,250,200,0.6,20,264,203,13,190,189,2,187,0.06403940886699508,1.0,0.010582010582010581,0.9842105263157894,213,23,190,191,2,189,0.107981220657277,1.0,0.010471204188481676,0.9947368421052631,3.7959610980464076,188,0,188,0.0,0.9894736842105263,3.4483646911126553,190,0,190,0.0,1.0,2.728552326921727,203,13,190,0.06403940886699508,1.0,2.5705833065794423,212,22,190,0.10377358490566038,1.0,1.60047
t_cl,t_cl,250,200,0.6,20,265,197,7,190,190,0,190,0.03553299492385787,1.0,0.0,1.0,206,16,190,191,1,190,0.07766990291262135,1.0,0.005235602094240838,1.0,4.889006287910897,190,0,190,0.0,1.0,4.889006287910897,190,0,190,0.0,1.0,2.8020414935440936,195,5,190,0.02564102564102564,1.0,2.6475528488266917,201,11,190,0.05472636815920398,1.0,1.636933
t_cl,t_cl,250,200,0.6,20,266,207,17,190,189,0,189,0.0821256038647343,1.0,0.0,0.9947368421052631,219,29,190,191,1,190,0.1324200913242009,1.0,0.005235602094240838,1.0,3.72123349883743,190,0,190,0.0,1.0,3.72123349883743,190,0,190,0.0,1.0,2.814765088914118,201,11,190,0.05472636815920398,1.0,2.668041247802436,214,24,190,0.11214953271028037,1.0,1.94755
t_cl,t_cl,250,200,0.6,20,267,204,14,190,192,2,190,0.06862745098039216,1.0,0.010416666666666666,1.0,213,23,190,193,3,190,0.107981220657277,1.0,0.015544041450777202,1.0,4.028250616817744,190,0,190,0.0,1.0,3.437444146086952,191,1,190,0.005235602094240838,1.0,2.8513337954352465,204,14,190,0.06862745098039216,1.0,2.7049737885260448,208,18,190,0.08653846153846154,1.0,1.592342
t_cl,t_cl,250,200,0.6,20,268,200,10,190,188,0,188,0.05,1.0,0.0,0.9894736842105263,211,21,190,189,0,189,0.0995260663507109,1.0,0.0,0.9947368421052631,3.6659560633114787,189,0,189,0.0,0.9947368421052631,3.5144305760944694,190,0,190,0.0,1.0,2.8118259845449787,198,8,190,0.04040404040404041,1.0,2.6421605878705154,208,18,190,0.08653846153846154,1.0,1.583977
t_cl,t_cl,250,200,0.6,20,269,211,21,190,192,2,190,0.0995260663507109,1.0,0.010416666666666666,1.0,228,38,190,193,3,190,0.16666666666666666,1.0,0.015544041450777202,1.0,4.090183568969685,190,0,190,0.0,1.0,3.4359815748511346,192,2,190,0.010416666666666666,1.0,2.9273172958347935,206,16,190,0.07766990291262135,1.0,2.6995707715743222,224,34,190,0.15178571428571427,1.0,1.758508
t_cl,t_cl,250,200,0.6,20,270,198,8,190,189,1,188,0.04040404040404041,1.0,0.005291005291005291,0.9894736842105263,205,15,190,191,2,189,0.07317073170731707,1.0,0.010471204188481676,0.9947368421052631,3.683072436595577,190,0,190,0.0,1.0,3.683072436595577,190,0,190,0.0,1.0,2.8116594198799283,196,6,190,0.030612244897959183,1.0,2.7006244023342485,203,13,190,0.06403940886699508,1.0,1.557378
t_cl,t_cl,250,200,0.6,20,271,212,22,190,192,2,190,0.10377358490566038,1.0,0.010416666666666666,1.0,225,35,190,193,3,190,0.15555555555555556,1.0,0.015544041450777202,1.0,4.7502059145613424,190,0,190,0.0,1.0,4.7502059145613424,190,0,190,0.0,1.0,2.851119132184449,206,16,190,0.07766990291262135,1.0,2.6964870592603853,222,32,190,0.14414414414414414,1.0,1.654709
t_cl,t_cl,250,200,0.6,20,272,199,9,190,191,1,190,0.04522613065326633,1.0,0.005235602094240838,1.0,213,23,190,192,2,190,0.107981220657277,1.0,0.010416666666666666,1.0,3.697399317349572,191,1,190,0.005235602094240838,1.0,3.697399317349572,191,1,190,0.005235602094240838,1.0,2.8975631360241945,197,7,190,0.03553299492385787,1.0,2.644383447333942,207,17,190,0.0821256038647343,1.0,1.836976
t_cl,t_cl,250,200,0.6,20,273,202,12,190,190,1,189,0.0594059405940594,1.0,0.005263157894736842,0.9947368421052631,217,27,190,193,3,190,0.12442396313364056,1.0,0.015544041450777202,1.0,3.800491509305216,190,0,190,0.0,1.0,3.800491509305216,190,0,190,0.0,1.0,2.7766827335293778,200,10,190,0.05,1.0,2.604734490738162,209,19,190,0.09090909090909091,1.0,1.647036
t_cl,t_cl,250,200,0.6,20,274,202,12,190,187,0,187,0.0594059405940594,1.0,0.0,0.9842105263157894,213,23,190,190,1,189,0.107981220657277,1.0,0.005263157894736842,0.9947368421052631,3.6379244263174244,189,0,189,0.0,0.9947368421052631,3.5715652523207067,190,0,190,0.0,1.0,2.797064539455352,201,11,190,0.05472636815920398,1.0,2.608202317679925,210,20,190,0.09523809523809523,1.0,1.741757
t_cl,t_cl,250,200,0.6,20,275,199,9,190,191,1,190,0.04522613065326633,1.0,0.005235602094240838,1.0,212,22,190,191,1,190,0.10377358490566038,1.0,0.005235602094240838,1.0,5.454040614454244,190,0,190,0.0,1.0,3.476980905980118,191,1,190,0.005235602094240838,1.0,2.865152819412628,196,6,190,0.030612244897959183,1.0,2.6555505719791657,207,17,190,0.0821256038647343,1.0,1.656808
t_cl,t_cl,250,200,0.6,20,276,203,13,190,190,0,190,0.06403940886699508,1.0,0.0,1.0,223,33,190,192,2,190,0.14798206278026907,1.0,0.010416666666666666,1.0,5.064238357153958,190,0,190,0.0,1.0,5.064238357153958,190,0,190,0.0,1.0,2.7700529579432125,200,10,190,0.05,1.0,2.6057905479275796,215,25,190,0.11627906976744186,1.0,1.663454
t_cl,t_cl,250,200,0.6,20,277,209,19,190,192,2,190,0.09090909090909091,1.0,0.010416666666666666,1.0,224,34,190,193,3,190,0.15178571428571427,1.0,0.015544041450777202,1.0,4.192076777636007,190,0,190,0.0,1.0,4.192076777636007,190,0,190,0.0,1.0,2.8691876560408214,205,15,190,0.07317073170731707,1.0,2.703519919927379,216,26,190,0.12037037037037036,1.0,1.587994
t_cl,t_cl,250,200,0.6,20,278,202,12,190,191,1,190,0.0594059405940594,1.0,0.005235602094240838,1.0,211,21,190,194,4,190,0.0995260663507109,1.0,0.020618556701030927,1.0,4.032868703056375,190,0,190,0.0,1.0,4.032868703056375,190,0,190,0.0,1.0,2.7988509757203786,202,12,190,0.0594059405940594,1.0,2.6359033543014716,209,19,190,0.09090909090909091,1.0,1.855015
t_cl,t_cl,250,200,0.6,20,279,201,11,190,190,2,188,0.05472636815920398,1.0,0.010526315789473684,0.9894736842105263,217,27,190,191,2,189,0.12442396313364056,1.0,0.010471204188481676,0.9947368421052631,3.649567452328612,190,0,190,0.0,1.0,3.649567452328612,190,0,190,0.0,1.0,2.7959601525847058,200,10,190,0.05,1.0,2.631051174902515,215,25,190,0.11627906976744186,1.0,1.649301
t_cl,t_cl,250,200,0.6,20,280,198,8,190,188,0,188,0.04040404040404041,1.0,0.0,0.9894736842105263,211,21,190,191,2,189,0.0995260663507109,1.0,0.010471204188481676,0.9947368421052631,3.7266182110288404,189,0,189,0.0,0.9947368421052631,3.7266182110288404,189,0,189,0.0,0.9947368421052631,2.8621199312750782,195,5,190,0.02564102564102564,1.0,2.6903045905456637,208,18,190,0.08653846153846154,1.0,1.689905
t_cl,t_cl,250,200,0.6,20,281,197,7,190,190,0,190,0.03553299492385787,1.0,0.0,1.0,204,14,190,191,1,190,0.06862745098039216,1.0,0.005235602094240838,1.0,4.0679108371850825,190,0,190,0.0,1.0,4.0679108371850825,190,0,190,0.0,1.0,2.818513430161657,195,5,190,0.02564102564102564,1.0,2.636328193396252,202,12,190,0.0594059405940594,1.0,1.589545
t_cl,t_cl,250,200,0.6,20,282,205,15,190,191,1,190,0.07317073170731707,1.0,0.005235602094240838,1.0,211,21,190,191,1,190,0.0995260663507109,1.0,0.005235602094240838,1.0,4.154997787482803,190,0,190,0.0,1.0,4.154997787482803,190,0,190,0.0,1.0,2.765638692699374,199,9,190,0.04522613065326633,1.0,2.6057510642671797,209,19,190,0.09090909090909091,1.0,1.718466
t_cl,t_cl,250,200,0.6,20,283,197,8,189,189,1,188,0.04060913705583756,0.9947368421052631,0.005291005291005291,0.9894736842105263,216,26,190,190,1,189,0.12037037037037036,1.0,0.005263157894736842,0.9947368421052631,3.665976208082478,189,0,189,0.0,0.9947368421052631,3.665976208082478,189,0,189,0.0,0.9947368421052631,2.85175935893364,198,8,190,0.04040404040404041,1.0,2.6559081739509844,209,19,190,0.09090909090909091,1.0,1.586251
t_cl,t_cl,250,200,0.6,20,284,199,9,190,188,0,188,0.04522613065326633,1.0,0.0,0.9894736842105263,205,15,190,191,1,190,0.07317073170731707,1.0,0.005235602094240838,1.0,3.6112415167164804,190,0,190,0.0,1.0,3.6112415167164804,190,0,190,0.0,1.0,2.855416157833167,195,5,190,0.02564102564102564,1.0,2.6816020268031493,203,13,190,0.06403940886699508,1.0,1.747998
t_cl,t_cl,250,200,0.6,20,285,202,12,190,192,2,190,0.0594059405940594,1.0,0.010416666666666666,1.0,223,33,190,195,5,190,0.14798206278026907,1.0,0.02564102564102564,1.0,3.8774089648130103,190,0,190,0.0,1.0,3.448732745641134,191,1,190,0.005235602094240838,1.0,2.803063662503734,200,10,190,0.05,1.0,2.652010144826801,217,27,190,0.12442396313364056,1.0,1.669273
t_cl,t_cl,250,200,0.6,20,286,203,13,190,189,1,188,0.06403940886699508,1.0,0.005291005291005291,0.9894736842105263,208,18,190,189,1,188,0.08653846153846154,1.0,0.005291005291005291,0.9894736842105263,3.963506296494794,188,0,188,0.0,0.9894736842105263,3.462230134895314,190,1,189,0.005263157894736842,0.9947368421052631,2.8360470170911447,202,12,190,0.0594059405940594,1.0,2.6991163901926836,207,17,190,0.0821256038647343,1.0,1.600622
t_cl,t_cl,250,200,0.6,20,287,202,12,190,193,3,190,0.0594059405940594,1.0,0.015544041450777202,1.0,217,27,190,193,3,190,0.12442396313364056,1.0,0.015544041450777202,1.0,3.7360144819868495,190,0,190,0.0,1.0,3.4365202097686414,193,3,190,0.015544041450777202,1.0,2.8744827727955666,201,11,190,0.05472636815920398,1.0,2.730197409376914,209,19,190,0.09090909090909091,1.0,1.711017
t_cl,t_cl,250,200,0.6,20,288,204,14,190,191,1,190,0.06862745098039216,1.0,0.005235602094240838,1.0,219,29,190,191,1,190,0.1324200913242009,1.0,0.005235602094240838,1.0,4.372743071942503,190,0,190,0.0,1.0,4.372743071942503,190,0,190,0.0,1.0,2.8075004089714124,202,12,190,0.0594059405940594,1.0,2.655332561506728,210,20,190,0.09523809523809523,1.0,1.554288
t_cl,t_cl,250,200,0.6,20,289,198,9,189,189,0,189,0.045454545454545456,0.9947368421052631,0.0,0.9947368421052631,211,21,190,190,1,189,0.0995260663507109,1.0,0.005263157894736842,0.9947368421052631,3.977945856354817,189,0,189,0.0,0.9947368421052631,3.977945856354817,189,0,189,0.0,0.9947368421052631,2.838841787674086,198,8,190,0.04040404040404041,1.0,2.676176992280093,210,20,190,0.09523809523809523,1.0,1.701999
t_cl,t_cl,250,200,0.6,20,290,199,9,190,189,1,188,0.04522613065326633,1.0,0.005291005291005291,0.9894736842105263,209,19,190,191,3,188,0.09090909090909091,1.0,0.015706806282722512,0.9894736842105263,4.046122014189595,188,0,188,0.0,0.9894736842105263,4.046122014189595,188,0,188,0.0,0.9894736842105263,2.7333180229056264,198,8,190,0.04040404040404041,1.0,2.577955070373026,205,15,190,0.07317073170731707,1.0,1.758249
t_cl,t_cl,250,200,0.6,20,291,202,12,190,191,2,189,0.0594059405940594,1.0,0.010471204188481676,0.9947368421052631,213,23,190,193,3,190,0.107981220657277,1.0,0.015544041450777202,1.0,3.790728418769476,190,0,190,0.0,1.0,3.790728418769476,190,0,190,0.0,1.0,2.8394594920254645,197,7,190,0.03553299492385787,1.0,2.6201673377279486,211,21,190,0.0995260663507109,1.0,1.652405
t_cl,t_cl,250,200,0.6,20,292,204,14,190,188,0,188,0.06862745098039216,1.0,0.0,0.9894736842105263,221,31,190,190,1,189,0.14027149321266968,1.0,0.005263157894736842,0.9947368421052631,3.7772704386715263,189,0,189,0.0,0.9947368421052631,3.7772704386715263,189,0,189,0.0,0.9947368421052631,2.84081920871451,200,10,190,0.05,1.0,2.660052126270683,217,27,190,0.12442396313364056,1.0,1.674191
t_cl,t_cl,250,200,0.6,20,293,200,10,190,190,0,190,0.05,1.0,0.0,1.0,211,21,190,192,2,190,0.0995260663507109,1.0,0.010416666666666666,1.0,5.270775779681165,190,0,190,0.0,1.0,5.270775779681165,190,0,190,0.0,1.0,2.9249033007851546,196,6,190,0.030612244897959183,1.0,2.7117123094434956,207,17,190,0.0821256038647343,1.0,1.595828
t_cl,t_cl,250,200,0.6,20,294,201,12,189,183,0,183,0.05970149253731343,0.9947368421052631,0.0,0.9631578947368421,210,21,189,186,1,185,0.1,0.9947368421052631,0.005376344086021506,0.9736842105263158,3.7049113113179537,185,0,185,0.0,0.9736842105263158,3.5086718018814045,188,0,188,0.0,0.9894736842105263,2.8149787284805288,201,11,190,0.05472636815920398,1.0,2.6377385018240203,208,18,190,0.08653846153846154,1.0,1.680822
t_cl,t_cl,250,200,0.6,20,295,202,12,190,190,1,189,0.0594059405940594,1.0,0.005263157894736842,0.9947368421052631,218,28,190,191,2,189,0.12844036697247707,1.0,0.010471204188481676,0.9947368421052631,4.031698578796499,189,0,189,0.0,0.9947368421052631,4.031698578796499,189,0,189,0.0,0.9947368421052631,2.71941941368612,200,10,190,0.05,1.0,2.550242700691007,215,25,190,0.11627906976744186,1.0,1.621103
t_cl,t_cl,250,200,0.6,20,296,203,13,190,190,0,190,0.06403940886699508,1.0,0.0,1.0,210,20,190,190,0,190,0.09523809523809523,1.0,0.0,1.0,3.9025931941986842,190,0,190,0.0,1.0,3.9025931941986842,190,0,190,0.0,1.0,2.7861501651173017,202,12,190,0.0594059405940594,1.0,2.6530808986484127,208,18,190,0.08653846153846154,1.0,1.870001
t_cl,t_cl,250,200,0.6,20,297,199,10,189,189,0,189,0.05025125628140704,0.9947368421052631,0.0,0.9947368421052631,210,21,189,190,1,189,0.1,0.9947368421052631,0.005263157894736842,0.9947368421052631,4.067366911033774,189,0,189,0.0,0.9947368421052631,4.067366911033774,189,0,189,0.0,0.9947368421052631,2.8357710451002327,198,8,190,0.04040404040404041,1.0,2.670075288102998,206,16,190,0.07766990291262135,1.0,1.687931
t_cl,t_cl,250,200,0.6,20,298,204,14,190,189,0,189,0.06862745098039216,1.0,0.0,0.9947368421052631,220,30,190,190,1,189,0.13636363636363635,1.0,0.005263157894736842,0.9947368421052631,4.027437621362672,189,0,189,0.0,0.9947368421052631,3.591749213795619,190,0,190,0.0,1.0,2.7772081291918727,199,9,190,0.04522613065326633,1.0,2.6035403013859924,215,25,190,0.11627906976744186,1.0,1.615499
t_cl,t_cl,250,200,0.6,20,299,202,12,190,190,0,190,0.0594059405940594,1.0,0.0,1.0,207,17,190,191,1,190,0.0821256038647343,1.0,0.005235602094240838,1.0,5.414553593867136,190,0,190,0.0,1.0,5.414553593867136,190,0,190,0.0,1.0,2.835703352095697,197,7,190,0.03553299492385787,1.0,2.6863402185309964,205,15,190,0.07317073170731707,1.0,1.70288
