model,x_model,p,n,rho,block,seed,R_bh_0.05,V_bh_0.05,S_bh_0.05,R_by_0.05,V_by_0.05,S_by_0.05,fdr_bh_0.05,power_bh_0.05,fdr_by_0.05,power_by_0.05,R_bh_0.1,V_bh_0.1,S_bh_0.1,R_by_0.1,V_by_0.1,S_by_0.1,fdr_bh_0.1,power_bh_0.1,fdr_by_0.1,power_by_0.1,t_lct_0.05,R_lct_0.05,V_lct_0.05,S_lct_0.05,fdr_lct_0.05,power_lct_0.05,t_lct_0.1,R_lct_0.1,V_lct_0.1,S_lct_0.1,fdr_lct_0.1,power_lct_0.1,t_lctb_0.05_B100,R_lctb_0.05_B100,V_lctb_0.05_B100,S_lctb_0.05_B100,fdr_lctb_0.05_B100,power_lctb_0.05_B100,t_lctb_0.1_B100,R_lctb_0.1_B100,V_lctb_0.1_B100,S_lctb_0.1_B100,fdr_lctb_0.1_B100,power_lctb_0.1_B100,wall_time_s
exp_cl,exp_cl,250,120,0.8,20,0,213,23,190,196,6,190,0.107981220657277,1.0,0.030612244897959183,1.0,225,35,190,197,7,190,0.15555555555555556,1.0,0.03553299492385787,1.0,4.33075004437239,190,0,190,0.0,1.0,4.33075004437239,190,0,190,0.0,1.0,2.521025939530919,198,8,190,0.04040404040404041,1.0,2.3665516754331795,204,14,190,0.06862745098039216,1.0,1.640466
exp_cl,exp_cl,250,120,0.8,20,1,204,14,190,192,2,190,0.06862745098039216,1.0,0.010416666666666666,1.0,216,26,190,193,3,190,0.12037037037037036,1.0,0.015544041450777202,1.0,5.819564078106374,190,0,190,0.0,1.0,5.819564078106374,190,0,190,0.0,1.0,2.524219326791074,194,4,190,0.020618556701030927,1.0,2.3451578025033486,199,9,190,0.04522613065326633,1.0,1.356843
exp_cl,exp_cl,250,120,0.8,20,2,205,15,190,191,1,190,0.07317073170731707,1.0,0.005235602094240838,1.0,215,25,190,192,2,190,0.11627906976744186,1.0,0.010416666666666666,1.0,5.6225930443109835,190,0,190,0.0,1.0,5.6225930443109835,190,0,190,0.0,1.0,2.5057544887257324,193,3,190,0.015544041450777202,1.0,2.312707651403974,203,13,190,0.06403940886699508,1.0,1.553231
exp_cl,exp_cl,250,120,0.8,20,3,210,20,190,193,3,190,0.09523809523809523,1.0,0.015544041450777202,1.0,230,40,190,196,6,190,0.17391304347826086,1.0,0.030612244897959183,1.0,6.07307955876136,190,0,190,0.0,1.0,6.07307955876136,190,0,190,0.0,1.0,2.628502041468423,193,3,190,0.015544041450777202,1.0,2.3841140599390105,200,10,190,0.05,1.0,1.284266
exp_cl,exp_cl,250,120,0.8,20,4,215,25,190,192,2,190,0.11627906976744186,1.0,0.010416666666666666,1.0,234,44,190,195,5,190,0.18803418803418803,1.0,0.02564102564102564,1.0,3.92723086881139,191,1,190,0.005235602094240838,1.0,3.92723086881139,191,1,190,0.005235602094240838,1.0,3.92723086881139,191,1,190,0.005235602094240838,1.0,3.92723086881139,191,1,190,0.005235602094240838,1.0,1.737219
exp_cl,exp_cl,250,120,0.8,20,5,211,21,190,191,1,190,0.0995260663507109,1.0,0.005235602094240838,1.0,229,39,190,192,2,190,0.1703056768558952,1.0,0.010416666666666666,1.0,7.001843960084185,190,0,190,0.0,1.0,7.001843960084185,190,0,190,0.0,1.0,2.7103226298564342,191,1,190,0.005235602094240838,1.0,2.3953211745259626,203,13,190,0.06403940886699508,1.0,1.349747
exp_cl,exp_cl,250,120,0.8,20,6,213,23,190,192,2,190,0.107981220657277,1.0,0.010416666666666666,1.0,225,35,190,195,5,190,0.15555555555555556,1.0,0.02564102564102564,1.0,4.827158829671448,190,0,190,0.0,1.0,4.827158829671448,190,0,190,0.0,1.0,2.40365052408611,205,15,190,0.07317073170731707,1.0,2.2596649809386657,214,24,190,0.11214953271028037,1.0,1.42823
exp_cl,exp_cl,250,120,0.8,20,7,206,16,190,194,4,190,0.07766990291262135,1.0,0.020618556701030927,1.0,222,32,190,195,5,190,0.14414414414414414,1.0,0.02564102564102564,1.0,5.211527985033263,190,0,190,0.0,1.0,5.211527985033263,190,0,190,0.0,1.0,2.5476387999969177,196,6,190,0.030612244897959183,1.0,2.3394831135053034,203,13,190,0.06403940886699508,1.0,1.370605
exp_cl,exp_cl,250,120,0.8,20,8,213,23,190,195,5,190,0.107981220657277,1.0,0.02564102564102564,1.0,233,43,190,197,7,190,0.18454935622317598,1.0,0.03553299492385787,1.0,5.541238252954671,190,0,190,0.0,1.0,5.541238252954671,190,0,190,0.0,1.0,2.6124066012709535,196,6,190,0.030612244897959183,1.0,2.390806293681533,202,12,190,0.0594059405940594,1.0,1.478289
exp_cl,exp_cl,250,120,0.8,20,9,206,16,190,191,1,190,0.07766990291262135,1.0,0.005235602094240838,1.0,221,31,190,191,1,190,0.14027149321266968,1.0,0.005235602094240838,1.0,4.384190601133304,190,0,190,0.0,1.0,4.384190601133304,190,0,190,0.0,1.0,2.4910986464280547,193,3,190,0.015544041450777202,1.0,2.3058971846750453,204,14,190,0.06862745098039216,1.0,1.324877
exp_cl,exp_cl,250,120,0.8,20,10,201,11,190,193,3,190,0.05472636815920398,1.0,0.015544041450777202,1.0,217,27,190,194,4,190,0.12442396313364056,1.0,0.020618556701030927,1.0,6.991871882966772,190,0,190,0.0,1.0,6.991871882966772,190,0,190,0.0,1.0,2.6145901079758853,194,4,190,0.020618556701030927,1.0,2.3918846829164018,200,10,190,0.05,1.0,1.335749
exp_cl,exp_cl,250,120,0.8,20,11,207,17,190,192,2,190,0.0821256038647343,1.0,0.010416666666666666,1.0,217,27,190,195,5,190,0.12442396313364056,1.0,0.02564102564102564,1.0,6.319448467115023,190,0,190,0.0,1.0,6.319448467115023,190,0,190,0.0,1.0,6.319448467115023,190,0,190,0.0,1.0,2.6041128321493474,191,1,190,0.005235602094240838,1.0,1.494171
exp_cl,exp_cl,250,120,0.8,20,12,210,20,190,193,3,190,0.09523809523809523,1.0,0.015544041450777202,1.0,223,33,190,194,4,190,0.14798206278026907,1.0,0.020618556701030927,1.0,3.6254187292792754,191,1,190,0.005235602094240838,1.0,3.6254187292792754,191,1,190,0.005235602094240838,1.0,2.5321011367751143,195,5,190,0.02564102564102564,1.0,2.3292591422824613,207,17,190,0.0821256038647343,1.0,1.430839
exp_cl,exp_cl,250,120,0.8,20,13,213,23,190,194,4,190,0.107981220657277,1.0,0.020618556701030927,1.0,227,37,190,197,7,190,0.16299559471365638,1.0,0.03553299492385787,1.0,4.908004123238448,190,0,190,0.0,1.0,4.908004123238448,190,0,190,0.0,1.0,2.4527115533314916,201,11,190,0.05472636815920398,1.0,2.258451546584756,216,26,190,0.12037037037037036,1.0,1.331242
exp_cl,exp_cl,250,120,0.8,20,14,202,12,190,192,2,190,0.0594059405940594,1.0,0.010416666666666666,1.0,211,21,190,192,2,190,0.0995260663507109,1.0,0.010416666666666666,1.0,6.691420943865975,190,0,190,0.0,1.0,6.691420943865975,190,0,190,0.0,1.0,2.6167623179851436,192,2,190,0.010416666666666666,1.0,2.3703743116344,198,8,190,0.04040404040404041,1.0,1.351676
exp_cl,exp_cl,250,120,0.8,20,15,197,7,190,193,3,190,0.03553299492385787,1.0,0.015544041450777202,1.0,211,21,190,193,3,190,0.0995260663507109,1.0,0.015544041450777202,1.0,5.58785343682962,190,0,190,0.0,1.0,5.58785343682962,190,0,190,0.0,1.0,2.9436290989471416,193,3,190,0.015544041450777202,1.0,2.3637011324798958,194,4,190,0.020618556701030927,1.0,1.502882
exp_cl,exp_cl,250,120,0.8,20,16,211,21,190,195,5,190,0.0995260663507109,1.0,0.02564102564102564,1.0,231,41,190,199,9,190,0.1774891774891775,1.0,0.04522613065326633,1.0,7.033002775258459,190,0,190,0.0,1.0,7.033002775258459,190,0,190,0.0,1.0,2.692740373911129,195,5,190,0.02564102564102564,1.0,2.445426635432063,203,13,190,0.06403940886699508,1.0,1.439195
exp_cl,exp_cl,250,120,0.8,20,17,208,18,190,192,3,189,0.08653846153846154,1.0,0.015625,0.9947368421052631,227,37,190,196,6,190,0.16299559471365638,1.0,0.030612244897959183,1.0,4.510651762405613,189,0,189,0.0,0.9947368421052631,3.4292268736361606,190,0,190,0.0,1.0,2.4513970816899553,200,10,190,0.05,1.0,2.2481863939784366,212,22,190,0.10377358490566038,1.0,1.288178
exp_cl,exp_cl,250,120,0.8,20,18,203,13,190,191,1,190,0.06403940886699508,1.0,0.005235602094240838,1.0,218,28,190,192,2,190,0.12844036697247707,1.0,0.010416666666666666,1.0,9.563622657390503,190,0,190,0.0,1.0,9.563622657390503,190,0,190,0.0,1.0,9.563622657390503,190,0,190,0.0,1.0,9.563622657390503,190,0,190,0.0,1.0,1.273761
exp_cl,exp_cl,250,120,0.8,20,19,198,8,190,190,0,190,0.04040404040404041,1.0,0.0,1.0,220,30,190,191,1,190,0.13636363636363635,1.0,0.005235602094240838,1.0,4.902431272507622,190,0,190,0.0,1.0,4.902431272507622,190,0,190,0.0,1.0,2.513776431530373,192,2,190,0.010416666666666666,1.0,2.3704875289598974,197,7,190,0.03553299492385787,1.0,1.580884
exp_cl,exp_cl,250,120,0.8,20,20,204,14,190,191,1,190,0.06862745098039216,1.0,0.005235602094240838,1.0,214,24,190,192,2,190,0.11214953271028037,1.0,0.010416666666666666,1.0,6.356386035177863,190,0,190,0.0,1.0,6.356386035177863,190,0,190,0.0,1.0,2.5710321334839517,193,3,190,0.015544041450777202,1.0,2.366587598170635,200,10,190,0.05,1.0,1.444829
exp_cl,exp_cl,250,120,0.8,20,21,204,14,190,192,2,190,0.06862745098039216,1.0,0.010416666666666666,1.0,220,30,190,194,4,190,0.13636363636363635,1.0,0.020618556701030927,1.0,4.493684243882198,190,0,190,0.0,1.0,4.493684243882198,190,0,190,0.0,1.0,2.4845656692774174,195,5,190,0.02564102564102564,1.0,2.315251001084973,202,12,190,0.0594059405940594,1.0,1.349264
exp_cl,exp_cl,250,120,0.8,20,22,213,23,190,193,5,188,0.107981220657277,1.0,0.025906735751295335,0.9894736842105263,226,36,190,196,8,188,0.1592920353982301,1.0,0.04081632653061224,0.9894736842105263,4.560164418697013,188,0,188,0.0,0.9894736842105263,4.560164418697013,188,0,188,0.0,0.9894736842105263,2.3757650965072483,204,14,190,0.06862745098039216,1.0,2.2036472159746925,216,26,190,0.12037037037037036,1.0,1.294603
exp_cl,exp_cl,250,120,0.8,20,23,204,14,190,192,3,189,0.06862745098039216,1.0,0.015625,0.9947368421052631,235,45,190,195,5,190,0.19148936170212766,1.0,0.02564102564102564,1.0,3.664277076066625,190,0,190,0.0,1.0,3.664277076066625,190,0,190,0.0,1.0,2.435730547609715,196,6,190,0.030612244897959183,1.0,2.2208364902142015,206,16,190,0.07766990291262135,1.0,1.432105
exp_cl,exp_cl,250,120,0.8,20,24,204,14,190,191,1,190,0.06862745098039216,1.0,0.005235602094240838,1.0,221,31,190,193,3,190,0.14027149321266968,1.0,0.015544041450777202,1.0,5.199505435762722,190,0,190,0.0,1.0,5.199505435762722,190,0,190,0.0,1.0,2.773898412328205,191,1,190,0.005235602094240838,1.0,2.3507676136189826,200,10,190,0.05,1.0,1.35989
exp_cl,exp_cl,250,120,0.8,20,25,205,15,190,191,4,187,0.07317073170731707,1.0,0.020942408376963352,0.9842105263157894,216,26,190,193,4,189,0.12037037037037036,1.0,0.02072538860103627,0.9947368421052631,3.6647686402961948,189,1,188,0.005291005291005291,0.9894736842105263,3.4443743841138135,191,1,190,0.005235602094240838,1.0,2.4082673176560006,198,8,190,0.04040404040404041,1.0,2.2401688124840593,208,18,190,0.08653846153846154,1.0,1.370834
exp_cl,exp_cl,250,120,0.8,20,26,211,21,190,193,3,190,0.0995260663507109,1.0,0.015544041450777202,1.0,225,35,190,195,5,190,0.15555555555555556,1.0,0.02564102564102564,1.0,7.445139594001606,190,0,190,0.0,1.0,7.445139594001606,190,0,190,0.0,1.0,2.7104929127694097,193,3,190,0.015544041450777202,1.0,2.352968180601203,198,8,190,0.04040404040404041,1.0,1.486371
exp_cl,exp_cl,250,120,0.8,20,27,210,20,190,194,4,190,0.09523809523809523,1.0,0.020618556701030927,1.0,226,36,190,198,8,190,0.1592920353982301,1.0,0.04040404040404041,1.0,5.313031110164056,190,0,190,0.0,1.0,5.313031110164056,190,0,190,0.0,1.0,2.4911369405708155,199,9,190,0.04522613065326633,1.0,2.292501593832393,207,17,190,0.0821256038647343,1.0,1.462334
exp_cl,exp_cl,250,120,0.8,20,28,210,20,190,192,2,190,0.09523809523809523,1.0,0.010416666666666666,1.0,220,30,190,195,5,190,0.13636363636363635,1.0,0.02564102564102564,1.0,7.2982453415153055,190,0,190,0.0,1.0,7.2982453415153055,190,0,190,0.0,1.0,2.515880577475446,197,7,190,0.03553299492385787,1.0,2.3482861428569897,208,18,190,0.08653846153846154,1.0,1.322221
exp_cl,exp_cl,250,120,0.8,20,29,212,22,190,198,8,190,0.10377358490566038,1.0,0.04040404040404041,1.0,224,34,190,203,13,190,0.15178571428571427,1.0,0.06403940886699508,1.0,4.52169678998165,191,1,190,0.005235602094240838,1.0,4.52169678998165,191,1,190,0.005235602094240838,1.0,2.4390147718870137,204,14,190,0.06862745098039216,1.0,2.288981032121942,211,21,190,0.0995260663507109,1.0,1.337423
exp_cl,exp_cl,250,120,0.8,20,30,206,16,190,191,1,190,0.07766990291262135,1.0,0.005235602094240838,1.0,214,24,190,192,2,190,0.11214953271028037,1.0,0.010416666666666666,1.0,3.8936543828186028,190,0,190,0.0,1.0,3.8936543828186028,190,0,190,0.0,1.0,2.411237827805338,201,11,190,0.05472636815920398,1.0,2.2667068472553127,209,19,190,0.09090909090909091,1.0,1.373761
exp_cl,exp_cl,250,120,0.8,20,31,207,17,190,192,2,190,0.0821256038647343,1.0,0.010416666666666666,1.0,219,29,190,192,2,190,0.1324200913242009,1.0,0.010416666666666666,1.0,8.242158352409195,190,0,190,0.0,1.0,8.242158352409195,190,0,190,0.0,1.0,2.9695031004248422,192,2,190,0.010416666666666666,1.0,2.4470315402758964,197,7,190,0.03553299492385787,1.0,1.471923
exp_cl,exp_cl,250,120,0.8,20,32,210,20,190,191,1,190,0.09523809523809523,1.0,0.005235602094240838,1.0,232,42,190,194,4,190,0.1810344827586207,1.0,0.020618556701030927,1.0,4.720582486147897,190,0,190,0.0,1.0,4.720582486147897,190,0,190,0.0,1.0,2.4230455837066898,196,6,190,0.030612244897959183,1.0,2.258263423040205,207,17,190,0.0821256038647343,1.0,1.336899
exp_cl,exp_cl,250,120,0.8,20,33,206,16,190,192,2,190,0.07766990291262135,1.0,0.010416666666666666,1.0,223,33,190,195,5,190,0.14798206278026907,1.0,0.02564102564102564,1.0,4.0806749183328295,190,0,190,0.0,1.0,4.0806749183328295,190,0,190,0.0,1.0,2.5199660422261867,196,6,190,0.030612244897959183,1.0,2.3176973855868526,206,16,190,0.07766990291262135,1.0,1.384838
exp_cl,exp_cl,250,120,0.8,20,34,208,18,190,191,1,190,0.08653846153846154,1.0,0.005235602094240838,1.0,212,22,190,192,2,190,0.10377358490566038,1.0,0.010416666666666666,1.0,3.843372530186052,190,0,190,0.0,1.0,3.843372530186052,190,0,190,0.0,1.0,2.424652157007976,197,7,190,0.03553299492385787,1.0,2.2563401006949224,208,18,190,0.08653846153846154,1.0,1.425102
exp_cl,exp_cl,250,120,0.8,20,35,209,19,190,190,0,190,0.09090909090909091,1.0,0.0,1.0,236,46,190,192,2,190,0.19491525423728814,1.0,0.010416666666666666,1.0,5.1503777740148,190,0,190,0.0,1.0,5.1503777740148,190,0,190,0.0,1.0,2.5229404630955217,192,2,190,0.010416666666666666,1.0,2.3112283449295714,204,14,190,0.06862745098039216,1.0,1.408707
exp_cl,exp_cl,250,120,0.8,20,36,200,10,190,193,3,190,0.05,1.0,0.015544041450777202,1.0,218,28,190,193,3,190,0.12844036697247707,1.0,0.015544041450777202,1.0,6.460923381815371,190,0,190,0.0,1.0,6.460923381815371,190,0,190,0.0,1.0,2.6584294714446033,193,3,190,0.015544041450777202,1.0,2.358959425070479,198,8,190,0.04040404040404041,1.0,1.41574
exp_cl,exp_cl,250,120,0.8,20,37,210,20,190,194,4,190,0.09523809523809523,1.0,0.020618556701030927,1.0,229,39,190,195,5,190,0.1703056768558952,1.0,0.02564102564102564,1.0,7.491703022828061,190,0,190,0.0,1.0,7.491703022828061,190,0,190,0.0,1.0,7.491703022828061,190,0,190,0.0,1.0,2.4900825986106057,195,5,190,0.02564102564102564,1.0,1.376388
exp_cl,exp_cl,250,120,0.8,20,38,208,18,190,191,1,190,0.08653846153846154,1.0,0.005235602094240838,1.0,224,34,190,191,1,190,0.15178571428571427,1.0,0.005235602094240838,1.0,4.356645381572671,190,0,190,0.0,1.0,4.356645381572671,190,0,190,0.0,1.0,2.482339259165168,197,7,190,0.03553299492385787,1.0,2.25465242137086,209,19,190,0.09090909090909091,1.0,1.37941
exp_cl,exp_cl,250,120,0.8,20,39,203,13,190,191,1,190,0.06403940886699508,1.0,0.005235602094240838,1.0,211,21,190,191,1,190,0.0995260663507109,1.0,0.005235602094240838,1.0,5.630702045420073,190,0,190,0.0,1.0,5.630702045420073,190,0,190,0.0,1.0,5.630702045420073,190,0,190,0.0,1.0,2.39075580293002,193,3,190,0.015544041450777202,1.0,1.262626
exp_cl,exp_cl,250,120,0.8,20,40,207,17,190,191,1,190,0.0821256038647343,1.0,0.005235602094240838,1.0,215,25,190,193,3,190,0.11627906976744186,1.0,0.015544041450777202,1.0,5.787691694360808,190,0,190,0.0,1.0,5.787691694360808,190,0,190,0.0,1.0,5.787691694360808,190,0,190,0.0,1.0,2.9798992729246785,191,1,190,0.005235602094240838,1.0,1.537846
exp_cl,exp_cl,250,120,0.8,20,41,208,18,190,191,1,190,0.08653846153846154,1.0,0.005235602094240838,1.0,219,29,190,191,1,190,0.1324200913242009,1.0,0.005235602094240838,1.0,7.0370183397129,190,0,190,0.0,1.0,7.0370183397129,190,0,190,0.0,1.0,2.5498190448685336,192,2,190,0.010416666666666666,1.0,2.3523497941737315,199,9,190,0.04522613065326633,1.0,1.504398
exp_cl,exp_cl,250,120,0.8,20,42,207,17,190,192,2,190,0.0821256038647343,1.0,0.010416666666666666,1.0,225,35,190,194,4,190,0.15555555555555556,1.0,0.020618556701030927,1.0,5.972830162102805,190,0,190,0.0,1.0,5.972830162102805,190,0,190,0.0,1.0,2.5200307706401546,194,4,190,0.020618556701030927,1.0,2.3092002005088013,204,14,190,0.06862745098039216,1.0,1.400177
exp_cl,exp_cl,250,120,0.8,20,43,203,13,190,194,4,190,0.06403940886699508,1.0,0.020618556701030927,1.0,225,35,190,196,6,190,0.15555555555555556,1.0,0.030612244897959183,1.0,5.388787820084486,190,0,190,0.0,1.0,5.388787820084486,190,0,190,0.0,1.0,2.5572300762069524,197,7,190,0.03553299492385787,1.0,2.3724388590775027,202,12,190,0.0594059405940594,1.0,1.323793
exp_cl,exp_cl,250,120,0.8,20,44,210,20,190,190,0,190,0.09523809523809523,1.0,0.0,1.0,225,35,190,192,2,190,0.15555555555555556,1.0,0.010416666666666666,1.0,5.857232539813198,190,0,190,0.0,1.0,5.857232539813198,190,0,190,0.0,1.0,2.5424895550395403,194,4,190,0.020618556701030927,1.0,2.3307758349037817,207,17,190,0.0821256038647343,1.0,1.419984
exp_cl,exp_cl,250,120,0.8,20,45,211,21,190,191,1,190,0.0995260663507109,1.0,0.005235602094240838,1.0,222,32,190,193,3,190,0.14414414414414414,1.0,0.015544041450777202,1.0,5.662079084026033,190,0,190,0.0,1.0,5.662079084026033,190,0,190,0.0,1.0,2.534949695026136,194,4,190,0.020618556701030927,1.0,2.309818276861763,209,19,190,0.09090909090909091,1.0,1.324327
exp_cl,exp_cl,250,120,0.8,20,46,204,14,190,193,3,190,0.06862745098039216,1.0,0.015544041450777202,1.0,220,30,190,196,6,190,0.13636363636363635,1.0,0.030612244897959183,1.0,4.204418803054175,190,0,190,0.0,1.0,4.204418803054175,190,0,190,0.0,1.0,2.417403708451284,199,9,190,0.04522613065326633,1.0,2.259044650291984,206,16,190,0.07766990291262135,1.0,1.39165
exp_cl,exp_cl,250,120,0.8,20,47,211,21,190,193,3,190,0.0995260663507109,1.0,0.015544041450777202,1.0,230,40,190,196,6,190,0.17391304347826086,1.0,0.030612244897959183,1.0,6.006627883885277,190,0,190,0.0,1.0,6.006627883885277,190,0,190,0.0,1.0,2.686911155474426,193,3,190,0.015544041450777202,1.0,2.43200464699938,204,14,190,0.06862745098039216,1.0,1.31807
exp_cl,exp_cl,250,120,0.8,20,48,208,18,190,192,2,190,0.08653846153846154,1.0,0.010416666666666666,1.0,227,37,190,195,5,190,0.16299559471365638,1.0,0.02564102564102564,1.0,5.7386826387919605,190,0,190,0.0,1.0,5.7386826387919605,190,0,190,0.0,1.0,2.7744365679095155,191,1,190,0.005235602094240838,1.0,2.4957552312896567,196,6,190,0.030612244897959183,1.0,1.589031
exp_cl,exp_cl,250,120,0.8,20,49,207,17,190,193,3,190,0.0821256038647343,1.0,0.015544041450777202,1.0,228,38,190,195,5,190,0.16666666666666666,1.0,0.02564102564102564,1.0,4.707433286824482,190,0,190,0.0,1.0,4.707433286824482,190,0,190,0.0,1.0,2.542216745420689,195,5,190,0.02564102564102564,1.0,2.339202033466701,202,12,190,0.0594059405940594,1.0,1.318845
exp_cl,exp_cl,250,120,0.8,20,50,211,21,190,191,1,190,0.0995260663507109,1.0,0.005235602094240838,1.0,237,47,190,193,3,190,0.19831223628691982,1.0,0.015544041450777202,1.0,5.349183718553947,190,0,190,0.0,1.0,5.349183718553947,190,0,190,0.0,1.0,5.349183718553947,190,0,190,0.0,1.0,2.450528214061045,194,4,190,0.020618556701030927,1.0,1.376004
exp_cl,exp_cl,250,120,0.8,20,51,202,12,190,190,0,190,0.0594059405940594,1.0,0.0,1.0,219,29,190,191,1,190,0.1324200913242009,1.0,0.005235602094240838,1.0,5.954177837536453,190,0,190,0.0,1.0,5.954177837536453,190,0,190,0.0,1.0,2.46934093376845,193,3,190,0.015544041450777202,1.0,2.3202972045372317,200,10,190,0.05,1.0,1.439034
exp_cl,exp_cl,250,120,0.8,20,52,208,18,190,192,2,190,0.08653846153846154,1.0,0.010416666666666666,1.0,219,29,190,194,4,190,0.1324200913242009,1.0,0.020618556701030927,1.0,5.9179343316590876,190,0,190,0.0,1.0,5.9179343316590876,190,0,190,0.0,1.0,2.5368380236883445,193,3,190,0.015544041450777202,1.0,2.353431307933907,203,13,190,0.06403940886699508,1.0,1.374986
exp_cl,exp_cl,250,120,0.8,20,53,211,21,190,194,4,190,0.0995260663507109,1.0,0.020618556701030927,1.0,229,39,190,196,6,190,0.1703056768558952,1.0,0.030612244897959183,1.0,8.934038327117493,190,0,190,0.0,1.0,8.934038327117493,190,0,190,0.0,1.0,8.934038327117493,190,0,190,0.0,1.0,2.5706418800632544,194,4,190,0.020618556701030927,1.0,1.392384
exp_cl,exp_cl,250,120,0.8,20,54,205,15,190,191,2,189,0.07317073170731707,1.0,0.010471204188481676,0.9947368421052631,219,29,190,193,3,190,0.1324200913242009,1.0,0.015544041450777202,1.0,5.274164560687305,189,0,189,0.0,0.9947368421052631,3.6095285822687098,190,0,190,0.0,1.0,2.457210259862401,195,5,190,0.02564102564102564,1.0,2.3017246330612324,207,17,190,0.0821256038647343,1.0,1.284067
exp_cl,exp_cl,250,120,0.8,20,55,205,15,190,188,4,184,0.07317073170731707,1.0,0.02127659574468085,0.968421052631579,222,32,190,193,5,188,0.14414414414414414,1.0,0.025906735751295335,0.9894736842105263,3.7953109535824088,183,0,183,0.0,0.9631578947368421,3.4369765734638165,188,0,188,0.0,0.9894736842105263,2.408567637116459,198,8,190,0.04040404040404041,1.0,2.248023861411191,207,17,190,0.0821256038647343,1.0,1.48755
exp_cl,exp_cl,250,120,0.8,20,56,209,19,190,193,3,190,0.09090909090909091,1.0,0.015544041450777202,1.0,221,31,190,194,4,190,0.14027149321266968,1.0,0.020618556701030927,1.0,6.973829215030943,190,0,190,0.0,1.0,6.973829215030943,190,0,190,0.0,1.0,2.632571654189047,194,4,190,0.020618556701030927,1.0,2.4301697822336394,199,9,190,0.04522613065326633,1.0,1.529695
exp_cl,exp_cl,250,120,0.8,20,57,208,18,190,194,4,190,0.08653846153846154,1.0,0.020618556701030927,1.0,221,31,190,196,6,190,0.14027149321266968,1.0,0.030612244897959183,1.0,6.390207071726985,190,0,190,0.0,1.0,6.390207071726985,190,0,190,0.0,1.0,6.390207071726985,190,0,190,0.0,1.0,2.472144212517742,197,7,190,0.03553299492385787,1.0,1.39015
exp_cl,exp_cl,250,120,0.8,20,58,202,12,190,190,0,190,0.0594059405940594,1.0,0.0,1.0,224,34,190,191,1,190,0.15178571428571427,1.0,0.005235602094240838,1.0,4.743954088275577,190,0,190,0.0,1.0,4.743954088275577,190,0,190,0.0,1.0,2.46580028039808,193,3,190,0.015544041450777202,1.0,2.3232098160487817,198,8,190,0.04040404040404041,1.0,1.296044
exp_cl,exp_cl,250,120,0.8,20,59,205,15,190,191,1,190,0.07317073170731707,1.0,0.005235602094240838,1.0,215,25,190,191,1,190,0.11627906976744186,1.0,0.005235602094240838,1.0,5.123004405226381,190,0,190,0.0,1.0,5.123004405226381,190,0,190,0.0,1.0,2.5404977759183427,193,3,190,0.015544041450777202,1.0,2.3458860333949167,203,13,190,0.06403940886699508,1.0,1.411689
exp_cl,exp_cl,250,120,0.8,20,60,211,21,190,194,4,190,0.0995260663507109,1.0,0.020618556701030927,1.0,222,32,190,196,6,190,0.14414414414414414,1.0,0.030612244897959183,1.0,4.019360826424248,190,0,190,0.0,1.0,4.019360826424248,190,0,190,0.0,1.0,2.4668293531905965,200,10,190,0.05,1.0,2.3124043728509243,211,21,190,0.0995260663507109,1.0,1.448508
exp_cl,exp_cl,250,120,0.8,20,61,206,16,190,193,3,190,0.07766990291262135,1.0,0.015544041450777202,1.0,222,32,190,194,4,190,0.14414414414414414,1.0,0.020618556701030927,1.0,5.160299384822129,190,0,190,0.0,1.0,5.160299384822129,190,0,190,0.0,1.0,2.7054357059105785,193,3,190,0.015544041450777202,1.0,2.4303176668467383,199,9,190,0.04522613065326633,1.0,1.352635
exp_cl,exp_cl,250,120,0.8,20,62,209,19,190,194,4,190,0.09090909090909091,1.0,0.020618556701030927,1.0,225,35,190,194,4,190,0.15555555555555556,1.0,0.020618556701030927,1.0,7.082639435895263,190,0,190,0.0,1.0,7.082639435895263,190,0,190,0.0,1.0,2.6614100904152505,194,4,190,0.020618556701030927,1.0,2.4647162249469714,195,5,190,0.02564102564102564,1.0,1.401018
exp_cl,exp_cl,250,120,0.8,20,63,206,16,190,191,1,190,0.07766990291262135,1.0,0.005235602094240838,1.0,221,31,190,195,5,190,0.14027149321266968,1.0,0.02564102564102564,1.0,5.106970282302512,190,0,190,0.0,1.0,5.106970282302512,190,0,190,0.0,1.0,2.528008667804604,196,6,190,0.030612244897959183,1.0,2.356725936376646,202,12,190,0.0594059405940594,1.0,1.640934
exp_cl,exp_cl,250,120,0.8,20,64,204,14,190,192,2,190,0.06862745098039216,1.0,0.010416666666666666,1.0,217,27,190,194,4,190,0.12442396313364056,1.0,0.020618556701030927,1.0,6.115473709638296,190,0,190,0.0,1.0,6.115473709638296,190,0,190,0.0,1.0,2.5359919446173085,195,5,190,0.02564102564102564,1.0,2.2995567779754333,203,13,190,0.06403940886699508,1.0,1.407956
exp_cl,exp_cl,250,120,0.8,20,65,212,22,190,193,3,190,0.10377358490566038,1.0,0.015544041450777202,1.0,238,48,190,197,7,190,0.20168067226890757,1.0,0.03553299492385787,1.0,4.912255336316819,190,0,190,0.0,1.0,4.912255336316819,190,0,190,0.0,1.0,2.484993778922536,200,10,190,0.05,1.0,2.2837286208580294,212,22,190,0.10377358490566038,1.0,1.414119
exp_cl,exp_cl,250,120,0.8,20,66,200,10,190,191,1,190,0.05,1.0,0.005235602094240838,1.0,218,28,190,192,2,190,0.12844036697247707,1.0,0.010416666666666666,1.0,6.622546260070822,190,0,190,0.0,1.0,6.622546260070822,190,0,190,0.0,1.0,6.622546260070822,190,0,190,0.0,1.0,2.5754753751134305,192,2,190,0.010416666666666666,1.0,1.338996
exp_cl,exp_cl,250,120,0.8,20,67,209,19,190,194,4,190,0.09090909090909091,1.0,0.020618556701030927,1.0,237,47,190,198,8,190,0.19831223628691982,1.0,0.04040404040404041,1.0,5.783977032328044,190,0,190,0.0,1.0,5.783977032328044,190,0,190,0.0,1.0,2.518461355778877,200,10,190,0.05,1.0,2.321739832615854,208,18,190,0.08653846153846154,1.0,1.338403
exp_cl,exp_cl,250,120,0.8,20,68,209,19,190,192,2,190,0.09090909090909091,1.0,0.010416666666666666,1.0,228,38,190,193,3,190,0.16666666666666666,1.0,0.015544041450777202,1.0,5.082701956523744,190,0,190,0.0,1.0,5.082701956523744,190,0,190,0.0,1.0,2.6748535826484727,191,1,190,0.005235602094240838,1.0,2.3780351838802756,200,10,190,0.05,1.0,1.442427
exp_cl,exp_cl,250,120,0.8,20,69,208,18,190,190,0,190,0.08653846153846154,1.0,0.0,1.0,217,27,190,192,2,190,0.12442396313364056,1.0,0.010416666666666666,1.0,3.9222901894778874,190,0,190,0.0,1.0,3.9222901894778874,190,0,190,0.0,1.0,2.437259882388283,200,10,190,0.05,1.0,2.282749488465196,212,22,190,0.10377358490566038,1.0,1.299196
exp_cl,exp_cl,250,120,0.8,20,70,214,24,190,193,3,190,0.11214953271028037,1.0,0.015544041450777202,1.0,227,37,190,199,9,190,0.16299559471365638,1.0,0.04522613065326633,1.0,5.399979387002711,190,0,190,0.0,1.0,5.399979387002711,190,0,190,0.0,1.0,2.6239670787187785,193,3,190,0.015544041450777202,1.0,2.3365967670010153,205,15,190,0.07317073170731707,1.0,1.581929
exp_cl,exp_cl,250,120,0.8,20,71,206,16,190,193,3,190,0.07766990291262135,1.0,0.015544041450777202,1.0,218,28,190,195,5,190,0.12844036697247707,1.0,0.02564102564102564,1.0,7.7574297298326655,190,0,190,0.0,1.0,7.7574297298326655,190,0,190,0.0,1.0,2.516050281761013,196,6,190,0.030612244897959183,1.0,2.3502714470081933,202,12,190,0.0594059405940594,1.0,1.424235
exp_cl,exp_cl,250,120,0.8,20,72,211,21,190,193,3,190,0.0995260663507109,1.0,0.015544041450777202,1.0,230,40,190,196,6,190,0.17391304347826086,1.0,0.030612244897959183,1.0,5.707871546471314,190,0,190,0.0,1.0,5.707871546471314,190,0,190,0.0,1.0,2.5562923723976225,196,6,190,0.030612244897959183,1.0,2.3295328555007524,205,15,190,0.07317073170731707,1.0,1.351614
exp_cl,exp_cl,250,120,0.8,20,73,208,18,190,193,3,190,0.08653846153846154,1.0,0.015544041450777202,1.0,224,34,190,193,3,190,0.15178571428571427,1.0,0.015544041450777202,1.0,5.044305864632606,190,0,190,0.0,1.0,5.044305864632606,190,0,190,0.0,1.0,2.5169960510802003,195,5,190,0.02564102564102564,1.0,2.2833694523368493,210,20,190,0.09523809523809523,1.0,1.329258
exp_cl,exp_cl,250,120,0.8,20,74,211,21,190,193,3,190,0.0995260663507109,1.0,0.015544041450777202,1.0,229,39,190,193,3,190,0.1703056768558952,1.0,0.015544041450777202,1.0,4.326260608496374,190,0,190,0.0,1.0,4.326260608496374,190,0,190,0.0,1.0,3.0759269373578575,191,1,190,0.005235602094240838,1.0,2.4333936328574524,201,11,190,0.05472636815920398,1.0,1.389998
exp_cl,exp_cl,250,120,0.8,20,75,214,24,190,193,3,190,0.11214953271028037,1.0,0.015544041450777202,1.0,230,40,190,196,6,190,0.17391304347826086,1.0,0.030612244897959183,1.0,6.500852687560626,190,0,190,0.0,1.0,6.500852687560626,190,0,190,0.0,1.0,2.632505982557338,194,4,190,0.020618556701030927,1.0,2.401912326673275,204,14,190,0.06862745098039216,1.0,1.442974
exp_cl,exp_cl,250,120,0.8,20,76,205,15,190,193,3,190,0.07317073170731707,1.0,0.015544041450777202,1.0,221,31,190,196,6,190,0.14027149321266968,1.0,0.030612244897959183,1.0,3.7428394924417763,191,1,190,0.005235602094240838,1.0,3.7428394924417763,191,1,190,0.005235602094240838,1.0,2.6646052555714,193,3,190,0.015544041450777202,1.0,2.3175022925394066,200,10,190,0.05,1.0,1.379613
exp_cl,exp_cl,250,120,0.8,20,77,201,11,190,190,0,190,0.05472636815920398,1.0,0.0,1.0,224,34,190,191,1,190,0.15178571428571427,1.0,0.005235602094240838,1.0,6.419488253586564,190,0,190,0.0,1.0,6.419488253586564,190,0,190,0.0,1.0,6.419488253586564,190,0,190,0.0,1.0,6.419488253586564,190,0,190,0.0,1.0,1.337919
exp_cl,exp_cl,250,120,0.8,20,78,205,15,190,190,0,190,0.07317073170731707,1.0,0.0,1.0,216,26,190,192,2,190,0.12037037037037036,1.0,0.010416666666666666,1.0,6.257280083941106,190,0,190,0.0,1.0,6.257280083941106,190,0,190,0.0,1.0,2.5628758218453314,192,2,190,0.010416666666666666,1.0,2.3732817055251427,198,8,190,0.04040404040404041,1.0,1.522861
exp_cl,exp_cl,250,120,0.8,20,79,206,16,190,193,3,190,0.07766990291262135,1.0,0.015544041450777202,1.0,226,36,190,195,5,190,0.1592920353982301,1.0,0.02564102564102564,1.0,6.635041885473452,190,0,190,0.0,1.0,6.635041885473452,190,0,190,0.0,1.0,2.5455733267371534,196,6,190,0.030612244897959183,1.0,2.341544439875621,202,12,190,0.0594059405940594,1.0,1.444988
exp_cl,exp_cl,250,120,0.8,20,80,206,16,190,193,4,189,0.07766990291262135,1.0,0.02072538860103627,0.9947368421052631,219,29,190,197,7,190,0.1324200913242009,1.0,0.03553299492385787,1.0,3.8566796953769558,190,0,190,0.0,1.0,3.8566796953769558,190,0,190,0.0,1.0,2.504179352134409,198,8,190,0.04040404040404041,1.0,2.3195105879126037,206,16,190,0.07766990291262135,1.0,1.449136
exp_cl,exp_cl,250,120,0.8,20,81,206,16,190,191,1,190,0.07766990291262135,1.0,0.005235602094240838,1.0,215,25,190,193,3,190,0.11627906976744186,1.0,0.015544041450777202,1.0,4.605313115474379,190,0,190,0.0,1.0,4.605313115474379,190,0,190,0.0,1.0,2.8477362668178814,191,1,190,0.005235602094240838,1.0,2.3769773777536156,197,7,190,0.03553299492385787,1.0,1.313572
exp_cl,exp_cl,250,120,0.8,20,82,209,19,190,191,1,190,0.09090909090909091,1.0,0.005235602094240838,1.0,223,33,190,193,3,190,0.14798206278026907,1.0,0.015544041450777202,1.0,6.8932815252411945,190,0,190,0.0,1.0,6.8932815252411945,190,0,190,0.0,1.0,2.5823378703383892,193,3,190,0.015544041450777202,1.0,2.3523919343343334,204,14,190,0.06862745098039216,1.0,1.410627
exp_cl,exp_cl,250,120,0.8,20,83,216,26,190,192,2,190,0.12037037037037036,1.0,0.010416666666666666,1.0,243,53,190,198,8,190,0.21810699588477367,1.0,0.04040404040404041,1.0,7.1542831133805675,190,0,190,0.0,1.0,7.1542831133805675,190,0,190,0.0,1.0,3.0920389113423146,191,1,190,0.005235602094240838,1.0,2.4764059524494866,198,8,190,0.04040404040404041,1.0,1.40884
exp_cl,exp_cl,250,120,0.8,20,84,206,16,190,191,1,190,0.07766990291262135,1.0,0.005235602094240838,1.0,217,27,190,191,1,190,0.12442396313364056,1.0,0.005235602094240838,1.0,8.567084221634742,190,0,190,0.0,1.0,8.567084221634742,190,0,190,0.0,1.0,8.567084221634742,190,0,190,0.0,1.0,8.567084221634742,190,0,190,0.0,1.0,1.321592
exp_cl,exp_cl,250,120,0.8,20,85,203,13,190,193,3,190,0.06403940886699508,1.0,0.015544041450777202,1.0,208,18,190,197,7,190,0.08653846153846154,1.0,0.03553299492385787,1.0,6.816912133698638,190,0,190,0.0,1.0,6.816912133698638,190,0,190,0.0,1.0,2.770682161378926,191,1,190,0.005235602094240838,1.0,2.441898359802507,198,8,190,0.04040404040404041,1.0,1.533762
exp_cl,exp_cl,250,120,0.8,20,86,206,16,190,190,1,189,0.07766990291262135,1.0,0.005263157894736842,0.9947368421052631,219,29,190,192,2,190,0.1324200913242009,1.0,0.010416666666666666,1.0,4.04852769427089,189,0,189,0.0,0.9947368421052631,3.515520281296762,190,0,190,0.0,1.0,2.4637911062340367,194,4,190,0.020618556701030927,1.0,2.284776295017454,208,18,190,0.08653846153846154,1.0,1.427427
exp_cl,exp_cl,250,120,0.8,20,87,207,17,190,196,6,190,0.0821256038647343,1.0,0.030612244897959183,1.0,226,36,190,197,7,190,0.1592920353982301,1.0,0.03553299492385787,1.0,4.740524550849619,190,0,190,0.0,1.0,4.740524550849619,190,0,190,0.0,1.0,2.595399394475435,197,7,190,0.03553299492385787,1.0,2.2872269620163497,206,16,190,0.07766990291262135,1.0,1.504036
exp_cl,exp_cl,250,120,0.8,20,88,219,29,190,194,4,190,0.1324200913242009,1.0,0.020618556701030927,1.0,234,44,190,196,6,190,0.18803418803418803,1.0,0.030612244897959183,1.0,5.781239139549373,190,0,190,0.0,1.0,5.781239139549373,190,0,190,0.0,1.0,2.5146622223789588,196,6,190,0.030612244897959183,1.0,2.315240432648296,209,19,190,0.09090909090909091,1.0,1.357921
exp_cl,exp_cl,250,120,0.8,20,89,217,27,190,192,2,190,0.12442396313364056,1.0,0.010416666666666666,1.0,229,39,190,195,5,190,0.1703056768558952,1.0,0.02564102564102564,1.0,3.8228711527241845,189,0,189,0.0,0.9947368421052631,3.8228711527241845,189,0,189,0.0,0.9947368421052631,2.4056409413585094,202,12,190,0.0594059405940594,1.0,2.2433163377194383,217,27,190,0.12442396313364056,1.0,1.414663
exp_cl,exp_cl,250,120,0.8,20,90,210,20,190,194,4,190,0.09523809523809523,1.0,0.020618556701030927,1.0,225,35,190,195,5,190,0.15555555555555556,1.0,0.02564102564102564,1.0,4.365974629157783,191,1,190,0.005235602094240838,1.0,4.365974629157783,191,1,190,0.005235602094240838,1.0,2.799122785740976,194,4,190,0.020618556701030927,1.0,2.439054939743982,196,6,190,0.030612244897959183,1.0,1.407143
exp_cl,exp_cl,250,120,0.8,20,91,207,17,190,194,4,190,0.0821256038647343,1.0,0.020618556701030927,1.0,223,33,190,195,5,190,0.14798206278026907,1.0,0.02564102564102564,1.0,4.6026818075471425,190,0,190,0.0,1.0,4.6026818075471425,190,0,190,0.0,1.0,2.5110316965938853,195,5,190,0.02564102564102564,1.0,2.340687298060951,203,13,190,0.06403940886699508,1.0,1.513085
exp_cl,exp_cl,250,120,0.8,20,92,204,14,190,191,1,190,0.06862745098039216,1.0,0.005235602094240838,1.0,216,26,190,193,3,190,0.12037037037037036,1.0,0.015544041450777202,1.0,6.83944677012782,190,0,190,0.0,1.0,6.83944677012782,190,0,190,0.0,1.0,2.924162927656906,191,1,190,0.005235602094240838,1.0,2.5497985806021064,193,3,190,0.015544041450777202,1.0,1.432235
exp_cl,exp_cl,250,120,0.8,20,93,204,14,190,190,0,190,0.06862745098039216,1.0,0.0,1.0,225,35,190,190,0,190,0.15555555555555556,1.0,0.0,1.0,7.749943669377589,190,0,190,0.0,1.0,7.749943669377589,190,0,190,0.0,1.0,7.749943669377589,190,0,190,0.0,1.0,2.373907605946342,199,9,190,0.04522613065326633,1.0,1.451753
exp_cl,exp_cl,250,120,0.8,20,94,207,17,190,193,3,190,0.0821256038647343,1.0,0.015544041450777202,1.0,227,37,190,193,3,190,0.16299559471365638,1.0,0.015544041450777202,1.0,4.350847571666923,191,1,190,0.005235602094240838,1.0,4.350847571666923,191,1,190,0.005235602094240838,1.0,2.4820439473104563,195,5,190,0.02564102564102564,1.0,2.289039672092618,205,15,190,0.07317073170731707,1.0,1.343442
exp_cl,exp_cl,250,120,0.8,20,95,207,17,190,190,0,190,0.0821256038647343,1.0,0.0,1.0,221,31,190,190,0,190,0.14027149321266968,1.0,0.0,1.0,7.396056449380658,190,0,190,0.0,1.0,7.396056449380658,190,0,190,0.0,1.0,7.396056449380658,190,0,190,0.0,1.0,7.396056449380658,190,0,190,0.0,1.0,1.582251
exp_cl,exp_cl,250,120,0.8,20,96,203,13,190,192,2,190,0.06403940886699508,1.0,0.010416666666666666,1.0,222,32,190,194,4,190,0.14414414414414414,1.0,0.020618556701030927,1.0,4.095589245114474,190,0,190,0.0,1.0,4.095589245114474,190,0,190,0.0,1.0,2.4736162006625566,201,11,190,0.05472636815920398,1.0,2.31036649608137,204,14,190,0.06862745098039216,1.0,1.306977
exp_cl,exp_cl,250,120,0.8,20,97,213,23,190,193,3,190,0.107981220657277,1.0,0.015544041450777202,1.0,233,43,190,196,6,190,0.18454935622317598,1.0,0.030612244897959183,1.0,3.6666349065957564,190,0,190,0.0,1.0,3.6666349065957564,190,0,190,0.0,1.0,2.4057431253875845,206,16,190,0.07766990291262135,1.0,2.2568539733842115,215,25,190,0.11627906976744186,1.0,1.42189
exp_cl,exp_cl,250,120,0.8,20,98,204,14,190,194,4,190,0.06862745098039216,1.0,0.020618556701030927,1.0,222,32,190,195,5,190,0.14414414414414414,1.0,0.02564102564102564,1.0,5.933179484171517,190,0,190,0.0,1.0,5.933179484171517,190,0,190,0.0,1.0,2.4833488460121056,196,6,190,0.030612244897959183,1.0,2.3014624714264555,204,14,190,0.06862745098039216,1.0,1.313384
exp_cl,exp_cl,250,120,0.8,20,99,214,24,190,194,4,190,0.11214953271028037,1.0,0.020618556701030927,1.0,233,43,190,198,8,190,0.18454935622317598,1.0,0.04040404040404041,1.0,6.901451127187553,190,0,190,0.0,1.0,6.901451127187553,190,0,190,0.0,1.0,2.593420211170876,195,5,190,0.02564102564102564,1.0,2.361385754687949,204,14,190,0.06862745098039216,1.0,1.563885
exp_cl,exp_cl,250,120,0.8,20,100,214,24,190,191,1,190,0.11214953271028037,1.0,0.005235602094240838,1.0,229,39,190,193,3,190,0.1703056768558952,1.0,0.015544041450777202,1.0,4.710880365478917,190,0,190,0.0,1.0,4.710880365478917,190,0,190,0.0,1.0,2.4606747439113197,196,6,190,0.030612244897959183,1.0,2.268546584702395,211,21,190,0.0995260663507109,1.0,1.457135
exp_cl,exp_cl,250,120,0.8,20,101,200,10,190,190,0,190,0.05,1.0,0.0,1.0,219,29,190,191,1,190,0.1324200913242009,1.0,0.005235602094240838,1.0,3.787640507998992,190,0,190,0.0,1.0,3.787640507998992,190,0,190,0.0,1.0,2.5118427988157177,193,3,190,0.015544041450777202,1.0,2.328051669195946,199,9,190,0.04522613065326633,1.0,1.3804
exp_cl,exp_cl,250,120,0.8,20,102,205,15,190,191,1,190,0.07317073170731707,1.0,0.005235602094240838,1.0,222,32,190,191,1,190,0.14414414414414414,1.0,0.005235602094240838,1.0,5.385898717055619,190,0,190,0.0,1.0,5.385898717055619,190,0,190,0.0,1.0,2.8062350213106915,191,1,190,0.005235602094240838,1.0,2.302933981256541,200,10,190,0.05,1.0,1.346801
exp_cl,exp_cl,250,120,0.8,20,103,206,16,190,194,4,190,0.07766990291262135,1.0,0.020618556701030927,1.0,229,39,190,196,6,190,0.1703056768558952,1.0,0.030612244897959183,1.0,7.427750023376429,190,0,190,0.0,1.0,7.427750023376429,190,0,190,0.0,1.0,2.617186975009269,194,4,190,0.020618556701030927,1.0,2.3736043838592917,200,10,190,0.05,1.0,1.45802
exp_cl,exp_cl,250,120,0.8,20,104,210,20,190,194,4,190,0.09523809523809523,1.0,0.020618556701030927,1.0,228,38,190,198,8,190,0.16666666666666666,1.0,0.04040404040404041,1.0,5.296744444230423,190,0,190,0.0,1.0,5.296744444230423,190,0,190,0.0,1.0,2.4685255817742098,200,10,190,0.05,1.0,2.2813283172472936,213,23,190,0.107981220657277,1.0,1.323206
exp_cl,exp_cl,250,120,0.8,20,105,204,14,190,191,1,190,0.06862745098039216,1.0,0.005235602094240838,1.0,222,32,190,192,2,190,0.14414414414414414,1.0,0.010416666666666666,1.0,8.690013470411754,190,0,190,0.0,1.0,8.690013470411754,190,0,190,0.0,1.0,8.690013470411754,190,0,190,0.0,1.0,8.690013470411754,190,0,190,0.0,1.0,1.361109
exp_cl,exp_cl,250,120,0.8,20,106,215,25,190,192,2,190,0.11627906976744186,1.0,0.010416666666666666,1.0,230,40,190,194,4,190,0.17391304347826086,1.0,0.020618556701030927,1.0,6.324498587874684,190,0,190,0.0,1.0,6.324498587874684,190,0,190,0.0,1.0,2.714199286039046,192,2,190,0.010416666666666666,1.0,2.3343284382930483,203,13,190,0.06403940886699508,1.0,1.400169
exp_cl,exp_cl,250,120,0.8,20,107,206,16,190,191,1,190,0.07766990291262135,1.0,0.005235602094240838,1.0,227,37,190,192,2,190,0.16299559471365638,1.0,0.010416666666666666,1.0,5.592299860845011,190,0,190,0.0,1.0,5.592299860845011,190,0,190,0.0,1.0,2.479722228549902,196,6,190,0.030612244897959183,1.0,2.3229415905746205,204,14,190,0.06862745098039216,1.0,1.599724
exp_cl,exp_cl,250,120,0.8,20,108,200,10,190,191,1,190,0.05,1.0,0.005235602094240838,1.0,212,22,190,191,1,190,0.10377358490566038,1.0,0.005235602094240838,1.0,4.6708133803292915,190,0,190,0.0,1.0,4.6708133803292915,190,0,190,0.0,1.0,2.710851457172073,191,1,190,0.005235602094240838,1.0,2.3679922254168484,196,6,190,0.030612244897959183,1.0,1.4607
exp_cl,exp_cl,250,120,0.8,20,109,197,7,190,192,2,190,0.03553299492385787,1.0,0.010416666666666666,1.0,211,21,190,193,3,190,0.0995260663507109,1.0,0.015544041450777202,1.0,5.737677583258881,190,0,190,0.0,1.0,5.737677583258881,190,0,190,0.0,1.0,5.737677583258881,190,0,190,0.0,1.0,2.527573242999208,194,4,190,0.020618556701030927,1.0,1.352578
exp_cl,exp_cl,250,120,0.8,20,110,206,16,190,190,0,190,0.07766990291262135,1.0,0.0,1.0,222,32,190,190,0,190,0.14414414414414414,1.0,0.0,1.0,4.0536774977161745,190,0,190,0.0,1.0,4.0536774977161745,190,0,190,0.0,1.0,2.4725110751527057,193,3,190,0.015544041450777202,1.0,2.31927482236821,203,13,190,0.06403940886699508,1.0,1.425124
exp_cl,exp_cl,250,120,0.8,20,111,207,17,190,195,5,190,0.0821256038647343,1.0,0.02564102564102564,1.0,214,24,190,197,7,190,0.11214953271028037,1.0,0.03553299492385787,1.0,4.491068329744031,190,0,190,0.0,1.0,4.491068329744031,190,0,190,0.0,1.0,2.5415328652774116,197,7,190,0.03553299492385787,1.0,2.3159557645884465,202,12,190,0.0594059405940594,1.0,1.506646
exp_cl,exp_cl,250,120,0.8,20,112,203,13,190,191,1,190,0.06403940886699508,1.0,0.005235602094240838,1.0,217,27,190,191,1,190,0.12442396313364056,1.0,0.005235602094240838,1.0,5.887641790449751,190,0,190,0.0,1.0,5.887641790449751,190,0,190,0.0,1.0,2.4952898526765717,193,3,190,0.015544041450777202,1.0,2.3187680106395145,201,11,190,0.05472636815920398,1.0,1.37246
exp_cl,exp_cl,250,120,0.8,20,113,214,24,190,192,2,190,0.11214953271028037,1.0,0.010416666666666666,1.0,221,31,190,194,4,190,0.14027149321266968,1.0,0.020618556701030927,1.0,4.183788020923382,190,0,190,0.0,1.0,4.183788020923382,190,0,190,0.0,1.0,2.4324198320825534,199,9,190,0.04522613065326633,1.0,2.274169798996557,215,25,190,0.11627906976744186,1.0,1.358961
exp_cl,exp_cl,250,120,0.8,20,114,203,13,190,191,1,190,0.06403940886699508,1.0,0.005235602094240838,1.0,220,30,190,191,1,190,0.13636363636363635,1.0,0.005235602094240838,1.0,5.00185716261482,190,0,190,0.0,1.0,5.00185716261482,190,0,190,0.0,1.0,2.403797219205573,197,7,190,0.03553299492385787,1.0,2.252137323095219,203,13,190,0.06403940886699508,1.0,1.531648
exp_cl,exp_cl,250,120,0.8,20,115,206,16,190,193,3,190,0.07766990291262135,1.0,0.015544041450777202,1.0,222,32,190,194,4,190,0.14414414414414414,1.0,0.020618556701030927,1.0,6.707244460986474,190,0,190,0.0,1.0,6.707244460986474,190,0,190,0.0,1.0,2.7858220437108385,192,2,190,0.010416666666666666,1.0,2.443459173544401,197,7,190,0.03553299492385787,1.0,1.510111
exp_cl,exp_cl,250,120,0.8,20,116,214,24,190,193,3,190,0.11214953271028037,1.0,0.015544041450777202,1.0,220,30,190,194,4,190,0.13636363636363635,1.0,0.020618556701030927,1.0,5.866659766471353,190,0,190,0.0,1.0,5.866659766471353,190,0,190,0.0,1.0,2.5100375208439507,201,11,190,0.05472636815920398,1.0,2.3411614752602374,209,19,190,0.09090909090909091,1.0,1.474136
exp_cl,exp_cl,250,120,0.8,20,117,213,23,190,193,3,190,0.107981220657277,1.0,0.015544041450777202,1.0,230,40,190,196,6,190,0.17391304347826086,1.0,0.030612244897959183,1.0,4.096266862871607,190,0,190,0.0,1.0,4.096266862871607,190,0,190,0.0,1.0,2.5714807338131886,195,5,190,0.02564102564102564,1.0,2.3078186316776046,206,16,190,0.07766990291262135,1.0,1.306929
exp_cl,exp_cl,250,120,0.8,20,118,222,32,190,194,4,190,0.14414414414414414,1.0,0.020618556701030927,1.0,227,37,190,197,7,190,0.16299559471365638,1.0,0.03553299492385787,1.0,7.039986169100519,190,0,190,0.0,1.0,7.039986169100519,190,0,190,0.0,1.0,2.5584477463365625,198,8,190,0.04040404040404041,1.0,2.3581804684828036,210,20,190,0.09523809523809523,1.0,1.461804
exp_cl,exp_cl,250,120,0.8,20,119,207,17,190,192,2,190,0.0821256038647343,1.0,0.010416666666666666,1.0,223,33,190,193,3,190,0.14798206278026907,1.0,0.015544041450777202,1.0,6.87156281683964,190,0,190,0.0,1.0,6.87156281683964,190,0,190,0.0,1.0,2.5382448399190607,193,3,190,0.015544041450777202,1.0,2.3199232906363174,197,7,190,0.03553299492385787,1.0,1.412209
exp_cl,exp_cl,250,120,0.8,20,120,204,14,190,193,3,190,0.06862745098039216,1.0,0.015544041450777202,1.0,218,28,190,194,4,190,0.12844036697247707,1.0,0.020618556701030927,1.0,5.722857986454583,190,0,190,0.0,1.0,5.722857986454583,190,0,190,0.0,1.0,2.5329367599384285,196,6,190,0.030612244897959183,1.0,2.372670460525709,201,11,190,0.05472636815920398,1.0,1.385672
exp_cl,exp_cl,250,120,0.8,20,121,204,14,190,190,0,190,0.06862745098039216,1.0,0.0,1.0,213,23,190,193,3,190,0.107981220657277,1.0,0.015544041450777202,1.0,4.249346569140634,190,0,190,0.0,1.0,4.249346569140634,190,0,190,0.0,1.0,2.4226318517455154,198,8,190,0.04040404040404041,1.0,2.276081564870902,204,14,190,0.06862745098039216,1.0,1.434453
exp_cl,exp_cl,250,120,0.8,20,122,206,16,190,192,2,190,0.07766990291262135,1.0,0.010416666666666666,1.0,223,33,190,192,2,190,0.14798206278026907,1.0,0.010416666666666666,1.0,5.363852276581301,190,0,190,0.0,1.0,5.363852276581301,190,0,190,0.0,1.0,2.5096418205254274,193,3,190,0.015544041450777202,1.0,2.3259987988168462,201,11,190,0.05472636815920398,1.0,1.496415
exp_cl,exp_cl,250,120,0.8,20,123,208,18,190,193,3,190,0.08653846153846154,1.0,0.015544041450777202,1.0,223,33,190,194,4,190,0.14798206278026907,1.0,0.020618556701030927,1.0,5.386858425440922,190,0,190,0.0,1.0,5.386858425440922,190,0,190,0.0,1.0,2.5165209406387485,195,5,190,0.02564102564102564,1.0,2.304487116817038,203,13,190,0.06403940886699508,1.0,1.39957
exp_cl,exp_cl,250,120,0.8,20,124,204,14,190,193,3,190,0.06862745098039216,1.0,0.015544041450777202,1.0,217,27,190,197,7,190,0.12442396313364056,1.0,0.03553299492385787,1.0,8.093577446825746,190,0,190,0.0,1.0,8.093577446825746,190,0,190,0.0,1.0,2.596186619966336,199,9,190,0.04522613065326633,1.0,2.4243277236575325,203,13,190,0.06403940886699508,1.0,1.340002
exp_cl,exp_cl,250,120,0.8,20,125,209,19,190,193,3,190,0.09090909090909091,1.0,0.015544041450777202,1.0,218,28,190,194,4,190,0.12844036697247707,1.0,0.020618556701030927,1.0,4.710232803209023,190,0,190,0.0,1.0,4.710232803209023,190,0,190,0.0,1.0,2.5685163598742085,196,6,190,0.030612244897959183,1.0,2.3077509636658666,209,19,190,0.09090909090909091,1.0,1.326924
exp_cl,exp_cl,250,120,0.8,20,126,204,14,190,192,2,190,0.06862745098039216,1.0,0.010416666666666666,1.0,220,30,190,193,3,190,0.13636363636363635,1.0,0.015544041450777202,1.0,4.93703786064908,190,0,190,0.0,1.0,4.93703786064908,190,0,190,0.0,1.0,2.5027180265048217,197,7,190,0.03553299492385787,1.0,2.3434445530410324,204,14,190,0.06862745098039216,1.0,1.546326
exp_cl,exp_cl,250,120,0.8,20,127,207,17,190,193,3,190,0.0821256038647343,1.0,0.015544041450777202,1.0,231,41,190,196,6,190,0.1774891774891775,1.0,0.030612244897959183,1.0,5.532436082277348,190,0,190,0.0,1.0,5.532436082277348,190,0,190,0.0,1.0,5.532436082277348,190,0,190,0.0,1.0,5.532436082277348,190,0,190,0.0,1.0,1.399894
exp_cl,exp_cl,250,120,0.8,20,128,207,17,190,192,2,190,0.0821256038647343,1.0,0.010416666666666666,1.0,216,26,190,195,5,190,0.12037037037037036,1.0,0.02564102564102564,1.0,7.526197283269232,190,0,190,0.0,1.0,7.526197283269232,190,0,190,0.0,1.0,7.526197283269232,190,0,190,0.0,1.0,7.526197283269232,190,0,190,0.0,1.0,1.297064
exp_cl,exp_cl,250,120,0.8,20,129,211,21,190,191,1,190,0.0995260663507109,1.0,0.005235602094240838,1.0,226,36,190,195,5,190,0.1592920353982301,1.0,0.02564102564102564,1.0,6.909213814415078,190,0,190,0.0,1.0,6.909213814415078,190,0,190,0.0,1.0,2.573486917532726,195,5,190,0.02564102564102564,1.0,2.34869567611095,205,15,190,0.07317073170731707,1.0,1.626969
exp_cl,exp_cl,250,120,0.8,20,130,211,21,190,192,3,189,0.0995260663507109,1.0,0.015625,0.9947368421052631,223,33,190,195,6,189,0.14798206278026907,1.0,0.03076923076923077,0.9947368421052631,3.791794425411715,190,1,189,0.005263157894736842,0.9947368421052631,3.791794425411715,190,1,189,0.005263157894736842,0.9947368421052631,2.51655622193093,196,6,190,0.030612244897959183,1.0,2.290748238076171,208,18,190,0.08653846153846154,1.0,1.472737
exp_cl,exp_cl,250,120,0.8,20,131,207,17,190,193,3,190,0.0821256038647343,1.0,0.015544041450777202,1.0,223,33,190,196,6,190,0.14798206278026907,1.0,0.030612244897959183,1.0,3.7266618460352032,191,1,190,0.005235602094240838,1.0,3.7266618460352032,191,1,190,0.005235602094240838,1.0,2.5419255231964475,195,5,190,0.02564102564102564,1.0,2.3348730954291197,199,9,190,0.04522613065326633,1.0,1.406166
exp_cl,exp_cl,250,120,0.8,20,132,205,15,190,192,2,190,0.07317073170731707,1.0,0.010416666666666666,1.0,218,28,190,194,4,190,0.12844036697247707,1.0,0.020618556701030927,1.0,4.524355668355371,190,0,190,0.0,1.0,4.524355668355371,190,0,190,0.0,1.0,2.494006393207808,197,7,190,0.03553299492385787,1.0,2.318027727749201,201,11,190,0.05472636815920398,1.0,1.314998
exp_cl,exp_cl,250,120,0.8,20,133,200,12,188,184,0,184,0.06,0.9894736842105263,0.0,0.968421052631579,210,20,190,186,0,186,0.09523809523809523,1.0,0.0,0.9789473684210527,3.7779888494301446,184,0,184,0.0,0.968421052631579,3.5220956610298613,185,0,185,0.0,0.9736842105263158,2.4379207384653396,194,4,190,0.020618556701030927,1.0,2.249064707650773,203,13,190,0.06403940886699508,1.0,1.446565
exp_cl,exp_cl,250,120,0.8,20,134,210,20,190,194,4,190,0.09523809523809523,1.0,0.020618556701030927,1.0,225,35,190,196,6,190,0.15555555555555556,1.0,0.030612244897959183,1.0,5.578964025770951,190,0,190,0.0,1.0,5.578964025770951,190,0,190,0.0,1.0,2.930402592423495,193,3,190,0.015544041450777202,1.0,2.3634393725011686,202,12,190,0.0594059405940594,1.0,1.442001
exp_cl,exp_cl,250,120,0.8,20,135,213,23,190,191,1,190,0.107981220657277,1.0,0.005235602094240838,1.0,219,29,190,192,2,190,0.1324200913242009,1.0,0.010416666666666666,1.0,6.48633170064799,190,0,190,0.0,1.0,6.48633170064799,190,0,190,0.0,1.0,6.48633170064799,190,0,190,0.0,1.0,2.3373904165889487,200,10,190,0.05,1.0,1.427297
exp_cl,exp_cl,250,120,0.8,20,136,198,8,190,191,1,190,0.04040404040404041,1.0,0.005235602094240838,1.0,211,21,190,192,2,190,0.0995260663507109,1.0,0.010416666666666666,1.0,7.35073134284709,190,0,190,0.0,1.0,7.35073134284709,190,0,190,0.0,1.0,7.35073134284709,190,0,190,0.0,1.0,2.7897247199097057,191,1,190,0.005235602094240838,1.0,1.614185
exp_cl,exp_cl,250,120,0.8,20,137,205,15,190,193,3,190,0.07317073170731707,1.0,0.015544041450777202,1.0,213,23,190,194,4,190,0.107981220657277,1.0,0.020618556701030927,1.0,4.569637956651149,190,0,190,0.0,1.0,4.569637956651149,190,0,190,0.0,1.0,2.6049536850387667,193,3,190,0.015544041450777202,1.0,2.317839545275149,197,7,190,0.03553299492385787,1.0,1.415582
exp_cl,exp_cl,250,120,0.8,20,138,204,14,190,191,1,190,0.06862745098039216,1.0,0.005235602094240838,1.0,226,36,190,191,1,190,0.1592920353982301,1.0,0.005235602094240838,1.0,6.2423556447827595,190,0,190,0.0,1.0,6.2423556447827595,190,0,190,0.0,1.0,2.7656017904379,191,1,190,0.005235602094240838,1.0,2.3529624806980367,202,12,190,0.0594059405940594,1.0,1.461718
exp_cl,exp_cl,250,120,0.8,20,139,214,24,190,194,4,190,0.11214953271028037,1.0,0.020618556701030927,1.0,235,45,190,196,6,190,0.19148936170212766,1.0,0.030612244897959183,1.0,8.564329240556125,190,0,190,0.0,1.0,8.564329240556125,190,0,190,0.0,1.0,8.564329240556125,190,0,190,0.0,1.0,8.564329240556125,190,0,190,0.0,1.0,1.394167
exp_cl,exp_cl,250,120,0.8,20,140,206,16,190,191,1,190,0.07766990291262135,1.0,0.005235602094240838,1.0,217,27,190,193,3,190,0.12442396313364056,1.0,0.015544041450777202,1.0,4.653007528711059,190,0,190,0.0,1.0,4.653007528711059,190,0,190,0.0,1.0,2.455715206782381,197,7,190,0.03553299492385787,1.0,2.293197998477655,206,16,190,0.07766990291262135,1.0,1.410836
exp_cl,exp_cl,250,120,0.8,20,141,215,25,190,194,4,190,0.11627906976744186,1.0,0.020618556701030927,1.0,230,40,190,197,7,190,0.17391304347826086,1.0,0.03553299492385787,1.0,4.245051590551555,191,1,190,0.005235602094240838,1.0,4.245051590551555,191,1,190,0.005235602094240838,1.0,2.484434270954513,199,9,190,0.04522613065326633,1.0,2.293992832515307,212,22,190,0.10377358490566038,1.0,1.440074
exp_cl,exp_cl,250,120,0.8,20,142,203,13,190,190,1,189,0.06403940886699508,1.0,0.005263157894736842,0.9947368421052631,221,31,190,192,2,190,0.14027149321266968,1.0,0.010416666666666666,1.0,3.6811800815385354,190,0,190,0.0,1.0,3.6811800815385354,190,0,190,0.0,1.0,2.4357900362720066,196,6,190,0.030612244897959183,1.0,2.301962902084045,205,15,190,0.07317073170731707,1.0,1.441269
exp_cl,exp_cl,250,120,0.8,20,143,202,12,190,191,1,190,0.0594059405940594,1.0,0.005235602094240838,1.0,210,20,190,192,2,190,0.09523809523809523,1.0,0.010416666666666666,1.0,5.434884940762418,190,0,190,0.0,1.0,5.434884940762418,190,0,190,0.0,1.0,2.8392035004905822,191,1,190,0.005235602094240838,1.0,2.3263509686727204,198,8,190,0.04040404040404041,1.0,1.608168
exp_cl,exp_cl,250,120,0.8,20,144,205,16,189,193,4,189,0.07804878048780488,0.9947368421052631,0.02072538860103627,0.9947368421052631,217,27,190,194,5,189,0.12442396313364056,1.0,0.02577319587628866,0.9947368421052631,3.9238910177977395,189,0,189,0.0,0.9947368421052631,3.9238910177977395,189,0,189,0.0,0.9947368421052631,2.4325317211953696,199,9,190,0.04522613065326633,1.0,2.261694577539283,208,18,190,0.08653846153846154,1.0,1.296972
exp_cl,exp_cl,250,120,0.8,20,145,206,16,190,194,4,190,0.07766990291262135,1.0,0.020618556701030927,1.0,221,31,190,195,5,190,0.14027149321266968,1.0,0.02564102564102564,1.0,4.891635530678656,190,0,190,0.0,1.0,4.891635530678656,190,0,190,0.0,1.0,2.6166739202248377,195,5,190,0.02564102564102564,1.0,2.315066218882986,206,16,190,0.07766990291262135,1.0,1.456925
exp_cl,exp_cl,250,120,0.8,20,146,216,26,190,196,6,190,0.12037037037037036,1.0,0.030612244897959183,1.0,229,39,190,199,9,190,0.1703056768558952,1.0,0.04522613065326633,1.0,4.274625273985292,190,0,190,0.0,1.0,4.274625273985292,190,0,190,0.0,1.0,2.4381502250714377,203,13,190,0.06403940886699508,1.0,2.27473525221262,216,26,190,0.12037037037037036,1.0,1.467278
exp_cl,exp_cl,250,120,0.8,20,147,205,15,190,191,1,190,0.07317073170731707,1.0,0.005235602094240838,1.0,220,30,190,194,4,190,0.13636363636363635,1.0,0.020618556701030927,1.0,3.9862012173097687,191,1,190,0.005235602094240838,1.0,3.9862012173097687,191,1,190,0.005235602094240838,1.0,3.9862012173097687,191,1,190,0.005235602094240838,1.0,2.4777150012748645,194,4,190,0.020618556701030927,1.0,1.439862
exp_cl,exp_cl,250,120,0.8,20,148,209,19,190,192,2,190,0.09090909090909091,1.0,0.010416666666666666,1.0,225,35,190,192,2,190,0.15555555555555556,1.0,0.010416666666666666,1.0,4.355351541632807,190,0,190,0.0,1.0,4.355351541632807,190,0,190,0.0,1.0,2.4704188700840644,194,4,190,0.020618556701030927,1.0,2.302371074604204,203,13,190,0.06403940886699508,1.0,1.322747
exp_cl,exp_cl,250,120,0.8,20,149,206,16,190,195,6,189,0.07766990291262135,1.0,0.03076923076923077,0.9947368421052631,223,33,190,199,10,189,0.14798206278026907,1.0,0.05025125628140704,0.9947368421052631,4.777625393484417,189,0,189,0.0,0.9947368421052631,3.4628626891188827,190,0,190,0.0,1.0,2.403257250908634,203,13,190,0.06403940886699508,1.0,2.286630413913693,206,16,190,0.07766990291262135,1.0,1.36912
exp_cl,exp_cl,250,120,0.8,20,150,211,21,190,192,2,190,0.0995260663507109,1.0,0.010416666666666666,1.0,231,41,190,195,5,190,0.1774891774891775,1.0,0.02564102564102564,1.0,4.992771742850153,190,0,190,0.0,1.0,4.992771742850153,190,0,190,0.0,1.0,2.493297429269086,197,7,190,0.03553299492385787,1.0,2.2859835977635448,210,20,190,0.09523809523809523,1.0,1.586376
exp_cl,exp_cl,250,120,0.8,20,151,202,12,190,191,1,190,0.0594059405940594,1.0,0.005235602094240838,1.0,221,31,190,191,1,190,0.14027149321266968,1.0,0.005235602094240838,1.0,6.671671748453543,190,0,190,0.0,1.0,6.671671748453543,190,0,190,0.0,1.0,2.8596280498267066,191,1,190,0.005235602094240838,1.0,2.4337801907287706,196,6,190,0.030612244897959183,1.0,1.443957
exp_cl,exp_cl,250,120,0.8,20,152,204,14,190,191,1,190,0.06862745098039216,1.0,0.005235602094240838,1.0,222,32,190,191,1,190,0.14414414414414414,1.0,0.005235602094240838,1.0,4.77625866458081,190,0,190,0.0,1.0,4.77625866458081,190,0,190,0.0,1.0,3.102904994346079,191,1,190,0.005235602094240838,1.0,2.4123423172223384,194,4,190,0.020618556701030927,1.0,1.338462
exp_cl,exp_cl,250,120,0.8,20,153,203,13,190,191,1,190,0.06403940886699508,1.0,0.005235602094240838,1.0,212,22,190,192,2,190,0.10377358490566038,1.0,0.010416666666666666,1.0,6.133694702010935,190,0,190,0.0,1.0,6.133694702010935,190,0,190,0.0,1.0,2.4932833146645392,194,4,190,0.020618556701030927,1.0,2.3253077438585703,202,12,190,0.0594059405940594,1.0,1.34867
exp_cl,exp_cl,250,120,0.8,20,154,209,19,190,192,2,190,0.09090909090909091,1.0,0.010416666666666666,1.0,219,29,190,193,3,190,0.1324200913242009,1.0,0.015544041450777202,1.0,5.373233040937935,190,0,190,0.0,1.0,5.373233040937935,190,0,190,0.0,1.0,2.599807996937661,192,2,190,0.010416666666666666,1.0,2.356293069482048,203,13,190,0.06403940886699508,1.0,1.584719
exp_cl,exp_cl,250,120,0.8,20,155,208,18,190,194,4,190,0.08653846153846154,1.0,0.020618556701030927,1.0,218,28,190,195,5,190,0.12844036697247707,1.0,0.02564102564102564,1.0,5.058395266440077,190,0,190,0.0,1.0,5.058395266440077,190,0,190,0.0,1.0,2.5228538442870247,199,9,190,0.04522613065326633,1.0,2.3327535317025845,209,19,190,0.09090909090909091,1.0,1.398348
exp_cl,exp_cl,250,120,0.8,20,156,204,14,190,192,2,190,0.06862745098039216,1.0,0.010416666666666666,1.0,225,35,190,192,2,190,0.15555555555555556,1.0,0.010416666666666666,1.0,8.97726167500208,190,0,190,0.0,1.0,8.97726167500208,190,0,190,0.0,1.0,8.97726167500208,190,0,190,0.0,1.0,8.97726167500208,190,0,190,0.0,1.0,1.424147
exp_cl,exp_cl,250,120,0.8,20,157,203,13,190,191,1,190,0.06403940886699508,1.0,0.005235602094240838,1.0,217,27,190,192,2,190,0.12442396313364056,1.0,0.010416666666666666,1.0,7.176696989402417,190,0,190,0.0,1.0,7.176696989402417,190,0,190,0.0,1.0,2.7110416162599176,191,1,190,0.005235602094240838,1.0,2.4121550164995744,196,6,190,0.030612244897959183,1.0,1.453611
exp_cl,exp_cl,250,120,0.8,20,158,200,10,190,190,0,190,0.05,1.0,0.0,1.0,221,31,190,190,0,190,0.14027149321266968,1.0,0.0,1.0,6.384177892978446,190,0,190,0.0,1.0,6.384177892978446,190,0,190,0.0,1.0,6.384177892978446,190,0,190,0.0,1.0,2.4038353373802472,196,6,190,0.030612244897959183,1.0,2.14388
exp_cl,exp_cl,250,120,0.8,20,159,202,12,190,190,0,190,0.0594059405940594,1.0,0.0,1.0,212,22,190,192,2,190,0.10377358490566038,1.0,0.010416666666666666,1.0,5.868775351263362,190,0,190,0.0,1.0,5.868775351263362,190,0,190,0.0,1.0,2.5282206071126665,193,3,190,0.015544041450777202,1.0,2.4455383493810223,196,6,190,0.030612244897959183,1.0,1.37618
exp_cl,exp_cl,250,120,0.8,20,160,215,25,190,193,3,190,0.11627906976744186,1.0,0.015544041450777202,1.0,226,36,190,197,7,190,0.1592920353982301,1.0,0.03553299492385787,1.0,5.107011596028008,190,0,190,0.0,1.0,5.107011596028008,190,0,190,0.0,1.0,2.6382089100894204,193,3,190,0.015544041450777202,1.0,2.341354653083321,208,18,190,0.08653846153846154,1.0,1.463498
exp_cl,exp_cl,250,120,0.8,20,161,209,19,190,191,1,190,0.09090909090909091,1.0,0.005235602094240838,1.0,229,39,190,194,4,190,0.1703056768558952,1.0,0.020618556701030927,1.0,4.971462954098402,190,0,190,0.0,1.0,4.971462954098402,190,0,190,0.0,1.0,2.4696308021476803,200,10,190,0.05,1.0,2.2733017672049556,211,21,190,0.0995260663507109,1.0,1.53106
exp_cl,exp_cl,250,120,0.8,20,162,208,18,190,194,4,190,0.08653846153846154,1.0,0.020618556701030927,1.0,226,36,190,194,4,190,0.1592920353982301,1.0,0.020618556701030927,1.0,4.91714889177253,190,0,190,0.0,1.0,4.91714889177253,190,0,190,0.0,1.0,2.544652536488957,195,5,190,0.02564102564102564,1.0,2.3464146307308305,205,15,190,0.07317073170731707,1.0,1.355912
exp_cl,exp_cl,250,120,0.8,20,163,199,9,190,190,0,190,0.04522613065326633,1.0,0.0,1.0,214,24,190,191,1,190,0.11214953271028037,1.0,0.005235602094240838,1.0,7.093389915950467,190,0,190,0.0,1.0,7.093389915950467,190,0,190,0.0,1.0,7.093389915950467,190,0,190,0.0,1.0,2.4210616487970196,195,5,190,0.02564102564102564,1.0,1.321565
exp_cl,exp_cl,250,120,0.8,20,164,206,16,190,193,3,190,0.07766990291262135,1.0,0.015544041450777202,1.0,215,25,190,193,3,190,0.11627906976744186,1.0,0.015544041450777202,1.0,5.2530398579429525,190,0,190,0.0,1.0,5.2530398579429525,190,0,190,0.0,1.0,2.6359396410553293,193,3,190,0.015544041450777202,1.0,2.375097217472357,199,9,190,0.04522613065326633,1.0,1.527555
exp_cl,exp_cl,250,120,0.8,20,165,200,10,190,190,0,190,0.05,1.0,0.0,1.0,217,27,190,192,2,190,0.12442396313364056,1.0,0.010416666666666666,1.0,8.473516958277242,190,0,190,0.0,1.0,8.473516958277242,190,0,190,0.0,1.0,2.6864574666524033,191,1,190,0.005235602094240838,1.0,2.4034554598640416,199,9,190,0.04522613065326633,1.0,1.62412
exp_cl,exp_cl,250,120,0.8,20,166,217,27,190,195,5,190,0.12442396313364056,1.0,0.02564102564102564,1.0,237,47,190,196,6,190,0.19831223628691982,1.0,0.030612244897959183,1.0,3.7399484251123956,191,1,190,0.005235602094240838,1.0,3.7399484251123956,191,1,190,0.005235602094240838,1.0,2.6089977530788317,195,5,190,0.02564102564102564,1.0,2.3167187658512094,209,19,190,0.09090909090909091,1.0,1.323518
exp_cl,exp_cl,250,120,0.8,20,167,205,15,190,192,2,190,0.07317073170731707,1.0,0.010416666666666666,1.0,223,33,190,193,3,190,0.14798206278026907,1.0,0.015544041450777202,1.0,6.314834149241108,190,0,190,0.0,1.0,6.314834149241108,190,0,190,0.0,1.0,2.6992638714052455,192,2,190,0.010416666666666666,1.0,2.411587376603064,195,5,190,0.02564102564102564,1.0,1.320732
exp_cl,exp_cl,250,120,0.8,20,168,214,24,190,192,2,190,0.11214953271028037,1.0,0.010416666666666666,1.0,228,38,190,196,6,190,0.16666666666666666,1.0,0.030612244897959183,1.0,6.059704028013105,190,0,190,0.0,1.0,6.059704028013105,190,0,190,0.0,1.0,2.563733115918121,195,5,190,0.02564102564102564,1.0,2.3950313283855356,208,18,190,0.08653846153846154,1.0,1.42426
exp_cl,exp_cl,250,120,0.8,20,169,216,26,190,192,2,190,0.12037037037037036,1.0,0.010416666666666666,1.0,235,45,190,193,3,190,0.19148936170212766,1.0,0.015544041450777202,1.0,3.9183194271320736,191,1,190,0.005235602094240838,1.0,3.9183194271320736,191,1,190,0.005235602094240838,1.0,2.451561664230295,201,11,190,0.05472636815920398,1.0,2.3124227289932477,216,26,190,0.12037037037037036,1.0,1.476773
exp_cl,exp_cl,250,120,0.8,20,170,206,16,190,191,1,190,0.07766990291262135,1.0,0.005235602094240838,1.0,218,28,190,191,1,190,0.12844036697247707,1.0,0.005235602094240838,1.0,5.299636598703317,190,0,190,0.0,1.0,5.299636598703317,190,0,190,0.0,1.0,5.299636598703317,190,0,190,0.0,1.0,2.542830358225199,193,3,190,0.015544041450777202,1.0,1.432629
exp_cl,exp_cl,250,120,0.8,20,171,208,18,190,192,2,190,0.08653846153846154,1.0,0.010416666666666666,1.0,226,36,190,194,4,190,0.1592920353982301,1.0,0.020618556701030927,1.0,4.912738048508662,190,0,190,0.0,1.0,4.912738048508662,190,0,190,0.0,1.0,2.4653384695060274,195,5,190,0.02564102564102564,1.0,2.2960848582321907,206,16,190,0.07766990291262135,1.0,1.452219
exp_cl,exp_cl,250,120,0.8,20,172,200,10,190,192,2,190,0.05,1.0,0.010416666666666666,1.0,221,31,190,192,2,190,0.14027149321266968,1.0,0.010416666666666666,1.0,4.296438989843557,190,0,190,0.0,1.0,4.296438989843557,190,0,190,0.0,1.0,2.5484183457307785,193,3,190,0.015544041450777202,1.0,2.3196895898035055,198,8,190,0.04040404040404041,1.0,1.454248
exp_cl,exp_cl,250,120,0.8,20,173,210,21,189,192,3,189,0.1,0.9947368421052631,0.015625,0.9947368421052631,228,39,189,194,5,189,0.17105263157894737,0.9947368421052631,0.02577319587628866,0.9947368421052631,4.781963498323257,189,0,189,0.0,0.9947368421052631,4.781963498323257,189,0,189,0.0,0.9947368421052631,2.5700117188087894,195,5,190,0.02564102564102564,1.0,2.3217812650409853,210,20,190,0.09523809523809523,1.0,1.469628
exp_cl,exp_cl,250,120,0.8,20,174,208,18,190,193,3,190,0.08653846153846154,1.0,0.015544041450777202,1.0,225,35,190,197,7,190,0.15555555555555556,1.0,0.03553299492385787,1.0,5.933394468034283,190,0,190,0.0,1.0,5.933394468034283,190,0,190,0.0,1.0,2.5567661683212792,196,6,190,0.030612244897959183,1.0,2.355574181015568,203,13,190,0.06403940886699508,1.0,1.36257
exp_cl,exp_cl,250,120,0.8,20,175,208,18,190,193,3,190,0.08653846153846154,1.0,0.015544041450777202,1.0,225,35,190,195,5,190,0.15555555555555556,1.0,0.02564102564102564,1.0,3.7275780956819466,191,1,190,0.005235602094240838,1.0,3.7275780956819466,191,1,190,0.005235602094240838,1.0,2.4650219685557837,197,7,190,0.03553299492385787,1.0,2.269221467182061,208,18,190,0.08653846153846154,1.0,1.368298
exp_cl,exp_cl,250,120,0.8,20,176,203,13,190,191,1,190,0.06403940886699508,1.0,0.005235602094240838,1.0,220,30,190,191,1,190,0.13636363636363635,1.0,0.005235602094240838,1.0,4.643889220810735,190,0,190,0.0,1.0,4.643889220810735,190,0,190,0.0,1.0,2.590135817082776,191,1,190,0.005235602094240838,1.0,2.313727744111314,201,11,190,0.05472636815920398,1.0,1.375349
exp_cl,exp_cl,250,120,0.8,20,177,208,18,190,193,3,190,0.08653846153846154,1.0,0.015544041450777202,1.0,223,33,190,194,4,190,0.14798206278026907,1.0,0.020618556701030927,1.0,7.75637107256936,190,0,190,0.0,1.0,7.75637107256936,190,0,190,0.0,1.0,2.7542822820949713,191,1,190,0.005235602094240838,1.0,2.393252518004213,196,6,190,0.030612244897959183,1.0,1.41225
exp_cl,exp_cl,250,120,0.8,20,178,214,24,190,194,4,190,0.11214953271028037,1.0,0.020618556701030927,1.0,238,48,190,196,6,190,0.20168067226890757,1.0,0.030612244897959183,1.0,4.283326722734724,190,0,190,0.0,1.0,3.503287983829374,191,1,190,0.005235602094240838,1.0,2.494898240732643,199,9,190,0.04522613065326633,1.0,2.325011893781463,211,21,190,0.0995260663507109,1.0,1.38237
exp_cl,exp_cl,250,120,0.8,20,179,204,14,190,191,2,189,0.06862745098039216,1.0,0.010471204188481676,0.9947368421052631,219,29,190,191,2,189,0.1324200913242009,1.0,0.010471204188481676,0.9947368421052631,3.6277427550018624,190,0,190,0.0,1.0,3.6277427550018624,190,0,190,0.0,1.0,2.6302696248599475,192,2,190,0.010416666666666666,1.0,2.348649392144453,198,8,190,0.04040404040404041,1.0,1.518211
exp_cl,exp_cl,250,120,0.8,20,180,210,20,190,194,4,190,0.09523809523809523,1.0,0.020618556701030927,1.0,227,37,190,196,6,190,0.16299559471365638,1.0,0.030612244897959183,1.0,4.859537123909903,190,0,190,0.0,1.0,4.859537123909903,190,0,190,0.0,1.0,2.454109982082607,196,6,190,0.030612244897959183,1.0,2.2541383904422427,208,18,190,0.08653846153846154,1.0,1.434247
exp_cl,exp_cl,250,120,0.8,20,181,203,13,190,193,3,190,0.06403940886699508,1.0,0.015544041450777202,1.0,223,33,190,195,5,190,0.14798206278026907,1.0,0.02564102564102564,1.0,5.329273067065076,190,0,190,0.0,1.0,5.329273067065076,190,0,190,0.0,1.0,2.445901234010872,198,8,190,0.04040404040404041,1.0,2.2826589127279626,203,13,190,0.06403940886699508,1.0,1.411187
exp_cl,exp_cl,250,120,0.8,20,182,206,16,190,192,2,190,0.07766990291262135,1.0,0.010416666666666666,1.0,215,25,190,193,3,190,0.11627906976744186,1.0,0.015544041450777202,1.0,5.527462392996253,190,0,190,0.0,1.0,5.527462392996253,190,0,190,0.0,1.0,2.5735174847241886,193,3,190,0.015544041450777202,1.0,2.3733562128671024,200,10,190,0.05,1.0,1.336294
exp_cl,exp_cl,250,120,0.8,20,183,218,28,190,191,3,188,0.12844036697247707,1.0,0.015706806282722512,0.9894736842105263,231,41,190,196,8,188,0.1774891774891775,1.0,0.04081632653061224,0.9894736842105263,3.6990712530795804,187,0,187,0.0,0.9842105263157894,3.479700603790071,188,0,188,0.0,0.9894736842105263,2.4190707807329845,205,15,190,0.07317073170731707,1.0,2.2876347192305033,218,28,190,0.12844036697247707,1.0,1.373014
exp_cl,exp_cl,250,120,0.8,20,184,207,17,190,191,1,190,0.0821256038647343,1.0,0.005235602094240838,1.0,219,29,190,193,3,190,0.1324200913242009,1.0,0.015544041450777202,1.0,4.979159703790319,190,0,190,0.0,1.0,4.979159703790319,190,0,190,0.0,1.0,2.481015501501061,196,6,190,0.030612244897959183,1.0,2.3320515669116824,201,11,190,0.05472636815920398,1.0,1.281904
exp_cl,exp_cl,250,120,0.8,20,185,202,12,190,190,0,190,0.0594059405940594,1.0,0.0,1.0,226,36,190,192,2,190,0.1592920353982301,1.0,0.010416666666666666,1.0,5.785544879690044,190,0,190,0.0,1.0,5.785544879690044,190,0,190,0.0,1.0,2.550892996551586,191,1,190,0.005235602094240838,1.0,2.296742073294272,200,10,190,0.05,1.0,1.566291
exp_cl,exp_cl,250,120,0.8,20,186,209,19,190,193,3,190,0.09090909090909091,1.0,0.015544041450777202,1.0,227,37,190,196,6,190,0.16299559471365638,1.0,0.030612244897959183,1.0,4.155429830635795,190,0,190,0.0,1.0,4.155429830635795,190,0,190,0.0,1.0,2.4117761922794436,198,8,190,0.04040404040404041,1.0,2.251741672247359,209,19,190,0.09090909090909091,1.0,1.553636
exp_cl,exp_cl,250,120,0.8,20,187,207,17,190,191,1,190,0.0821256038647343,1.0,0.005235602094240838,1.0,220,30,190,193,3,190,0.13636363636363635,1.0,0.015544041450777202,1.0,6.038264545627495,190,0,190,0.0,1.0,6.038264545627495,190,0,190,0.0,1.0,2.583536178050882,193,3,190,0.015544041450777202,1.0,2.3525719584074354,202,12,190,0.0594059405940594,1.0,1.343662
exp_cl,exp_cl,250,120,0.8,20,188,204,14,190,192,2,190,0.06862745098039216,1.0,0.010416666666666666,1.0,217,27,190,193,3,190,0.12442396313364056,1.0,0.015544041450777202,1.0,7.418629579330802,190,0,190,0.0,1.0,7.418629579330802,190,0,190,0.0,1.0,2.8104175944038494,191,1,190,0.005235602094240838,1.0,2.4655114354310292,194,4,190,0.020618556701030927,1.0,1.280945
exp_cl,exp_cl,250,120,0.8,20,189,208,18,190,193,3,190,0.08653846153846154,1.0,0.015544041450777202,1.0,221,31,190,196,6,190,0.14027149321266968,1.0,0.030612244897959183,1.0,7.34852915997462,190,0,190,0.0,1.0,7.34852915997462,190,0,190,0.0,1.0,2.6630707722013636,196,6,190,0.030612244897959183,1.0,2.3990494746501034,204,14,190,0.06862745098039216,1.0,1.480753
exp_cl,exp_cl,250,120,0.8,20,190,202,12,190,193,3,190,0.0594059405940594,1.0,0.015544041450777202,1.0,213,23,190,194,4,190,0.107981220657277,1.0,0.020618556701030927,1.0,5.109010289781355,190,0,190,0.0,1.0,5.109010289781355,190,0,190,0.0,1.0,5.109010289781355,190,0,190,0.0,1.0,2.546681760290777,194,4,190,0.020618556701030927,1.0,1.420816
exp_cl,exp_cl,250,120,0.8,20,191,208,18,190,190,2,188,0.08653846153846154,1.0,0.010526315789473684,0.9894736842105263,228,38,190,195,5,190,0.16666666666666666,1.0,0.02564102564102564,1.0,4.3126286029440495,188,0,188,0.0,0.9894736842105263,3.472249344335853,190,0,190,0.0,1.0,2.422521675303569,202,12,190,0.0594059405940594,1.0,2.2914438729210462,209,19,190,0.09090909090909091,1.0,1.463201
exp_cl,exp_cl,250,120,0.8,20,192,206,16,190,190,0,190,0.07766990291262135,1.0,0.0,1.0,225,35,190,190,0,190,0.15555555555555556,1.0,0.0,1.0,4.78744701202724,190,0,190,0.0,1.0,4.78744701202724,190,0,190,0.0,1.0,2.4875068506274016,193,3,190,0.015544041450777202,1.0,2.306633078743348,205,15,190,0.07317073170731707,1.0,1.344279
exp_cl,exp_cl,250,120,0.8,20,193,203,13,190,193,3,190,0.06403940886699508,1.0,0.015544041450777202,1.0,218,28,190,193,3,190,0.12844036697247707,1.0,0.015544041450777202,1.0,3.6435341495849225,191,1,190,0.005235602094240838,1.0,3.6435341495849225,191,1,190,0.005235602094240838,1.0,2.5940930471428634,193,3,190,0.015544041450777202,1.0,2.3926300628300154,197,7,190,0.03553299492385787,1.0,1.648673
exp_cl,exp_cl,250,120,0.8,20,194,209,19,190,192,2,190,0.09090909090909091,1.0,0.010416666666666666,1.0,231,41,190,194,4,190,0.1774891774891775,1.0,0.020618556701030927,1.0,6.520185618467166,190,0,190,0.0,1.0,6.520185618467166,190,0,190,0.0,1.0,2.8380394699793117,191,1,190,0.005235602094240838,1.0,2.436493933699044,199,9,190,0.04522613065326633,1.0,1.324247
exp_cl,exp_cl,250,120,0.8,20,195,207,17,190,191,1,190,0.0821256038647343,1.0,0.005235602094240838,1.0,224,34,190,193,3,190,0.15178571428571427,1.0,0.015544041450777202,1.0,7.041212998325375,190,0,190,0.0,1.0,7.041212998325375,190,0,190,0.0,1.0,7.041212998325375,190,0,190,0.0,1.0,2.446204248663145,194,4,190,0.020618556701030927,1.0,1.510492
exp_cl,exp_cl,250,120,0.8,20,196,211,21,190,192,2,190,0.0995260663507109,1.0,0.010416666666666666,1.0,230,40,190,196,6,190,0.17391304347826086,1.0,0.030612244897959183,1.0,6.151591180071401,190,0,190,0.0,1.0,6.151591180071401,190,0,190,0.0,1.0,2.5534096694111437,197,7,190,0.03553299492385787,1.0,2.3263739834771466,209,19,190,0.09090909090909091,1.0,1.463627
exp_cl,exp_cl,250,120,0.8,20,197,212,22,190,195,5,190,0.10377358490566038,1.0,0.02564102564102564,1.0,233,43,190,197,7,190,0.18454935622317598,1.0,0.03553299492385787,1.0,8.650923421612086,190,0,190,0.0,1.0,8.650923421612086,190,0,190,0.0,1.0,8.650923421612086,190,0,190,0.0,1.0,8.650923421612086,190,0,190,0.0,1.0,1.565083
exp_cl,exp_cl,250,120,0.8,20,198,212,22,190,192,2,190,0.10377358490566038,1.0,0.010416666666666666,1.0,228,38,190,194,4,190,0.16666666666666666,1.0,0.020618556701030927,1.0,5.904598567540705,190,0,190,0.0,1.0,5.904598567540705,190,0,190,0.0,1.0,2.514544764450315,194,4,190,0.020618556701030927,1.0,2.3200964731646057,203,13,190,0.06403940886699508,1.0,1.432876
exp_cl,exp_cl,250,120,0.8,20,199,207,17,190,192,2,190,0.0821256038647343,1.0,0.010416666666666666,1.0,221,31,190,192,2,190,0.14027149321266968,1.0,0.010416666666666666,1.0,5.42839295658187,190,0,190,0.0,1.0,5.42839295658187,190,0,190,0.0,1.0,2.706077150177857,192,2,190,0.010416666666666666,1.0,2.3427206078792597,203,13,190,0.06403940886699508,1.0,1.489546
exp_cl,exp_cl,250,120,0.8,20,200,210,20,190,198,8,190,0.09523809523809523,1.0,0.04040404040404041,1.0,220,30,190,198,8,190,0.13636363636363635,1.0,0.04040404040404041,1.0,3.753322806058935,190,0,190,0.0,1.0,3.753322806058935,190,0,190,0.0,1.0,2.4727379061107655,199,9,190,0.04522613065326633,1.0,2.2945582302169005,210,20,190,0.09523809523809523,1.0,1.904727
exp_cl,exp_cl,250,120,0.8,20,201,216,26,190,191,1,190,0.12037037037037036,1.0,0.005235602094240838,1.0,229,39,190,192,2,190,0.1703056768558952,1.0,0.010416666666666666,1.0,6.2588773857745155,190,0,190,0.0,1.0,6.2588773857745155,190,0,190,0.0,1.0,2.873198451317419,191,1,190,0.005235602094240838,1.0,2.393623619474097,200,10,190,0.05,1.0,1.51756
exp_cl,exp_cl,250,120,0.8,20,202,202,12,190,191,1,190,0.0594059405940594,1.0,0.005235602094240838,1.0,216,26,190,194,4,190,0.12037037037037036,1.0,0.020618556701030927,1.0,7.3219773482149,190,0,190,0.0,1.0,7.3219773482149,190,0,190,0.0,1.0,2.844081974224842,191,1,190,0.005235602094240838,1.0,2.4559454754177787,194,4,190,0.020618556701030927,1.0,1.37946
exp_cl,exp_cl,250,120,0.8,20,203,207,17,190,192,2,190,0.0821256038647343,1.0,0.010416666666666666,1.0,217,27,190,192,2,190,0.12442396313364056,1.0,0.010416666666666666,1.0,4.400585708428203,190,0,190,0.0,1.0,4.400585708428203,190,0,190,0.0,1.0,2.5566587993110947,193,3,190,0.015544041450777202,1.0,2.3384104097702334,205,15,190,0.07317073170731707,1.0,1.474217
exp_cl,exp_cl,250,120,0.8,20,204,201,11,190,190,0,190,0.05472636815920398,1.0,0.0,1.0,225,35,190,192,2,190,0.15555555555555556,1.0,0.010416666666666666,1.0,7.611262330248518,190,0,190,0.0,1.0,7.611262330248518,190,0,190,0.0,1.0,7.611262330248518,190,0,190,0.0,1.0,2.3900716578382357,197,7,190,0.03553299492385787,1.0,1.601831
exp_cl,exp_cl,250,120,0.8,20,205,207,17,190,191,1,190,0.0821256038647343,1.0,0.005235602094240838,1.0,227,37,190,195,5,190,0.16299559471365638,1.0,0.02564102564102564,1.0,4.317164400593197,190,0,190,0.0,1.0,4.317164400593197,190,0,190,0.0,1.0,2.4407391841824837,197,7,190,0.03553299492385787,1.0,2.2880721749210915,207,17,190,0.0821256038647343,1.0,1.520545
exp_cl,exp_cl,250,120,0.8,20,206,208,18,190,191,1,190,0.08653846153846154,1.0,0.005235602094240838,1.0,226,36,190,194,4,190,0.1592920353982301,1.0,0.020618556701030927,1.0,4.423667476195223,190,0,190,0.0,1.0,4.423667476195223,190,0,190,0.0,1.0,2.496820272219485,196,6,190,0.030612244897959183,1.0,2.2959961060204526,204,14,190,0.06862745098039216,1.0,1.392585
exp_cl,exp_cl,250,120,0.8,20,207,205,15,190,190,0,190,0.07317073170731707,1.0,0.0,1.0,219,29,190,190,0,190,0.1324200913242009,1.0,0.0,1.0,4.63217082172296,190,0,190,0.0,1.0,4.63217082172296,190,0,190,0.0,1.0,4.63217082172296,190,0,190,0.0,1.0,2.320657176327572,203,13,190,0.06403940886699508,1.0,1.844212
exp_cl,exp_cl,250,120,0.8,20,208,205,15,190,192,2,190,0.07317073170731707,1.0,0.010416666666666666,1.0,222,32,190,197,7,190,0.14414414414414414,1.0,0.03553299492385787,1.0,3.9092358606045514,190,0,190,0.0,1.0,3.9092358606045514,190,0,190,0.0,1.0,2.5608938925181093,197,7,190,0.03553299492385787,1.0,2.308884357185463,204,14,190,0.06862745098039216,1.0,1.389289
exp_cl,exp_cl,250,120,0.8,20,209,204,14,190,193,3,190,0.06862745098039216,1.0,0.015544041450777202,1.0,220,30,190,193,3,190,0.13636363636363635,1.0,0.015544041450777202,1.0,6.057189218918903,190,0,190,0.0,1.0,6.057189218918903,190,0,190,0.0,1.0,2.4902931020095425,197,7,190,0.03553299492385787,1.0,2.3051659419464476,206,16,190,0.07766990291262135,1.0,1.489993
exp_cl,exp_cl,250,120,0.8,20,210,204,14,190,191,1,190,0.06862745098039216,1.0,0.005235602094240838,1.0,218,28,190,193,3,190,0.12844036697247707,1.0,0.015544041450777202,1.0,6.287711990284648,190,0,190,0.0,1.0,6.287711990284648,190,0,190,0.0,1.0,2.5702509027285725,194,4,190,0.020618556701030927,1.0,2.3672224175295464,204,14,190,0.06862745098039216,1.0,1.471378
exp_cl,exp_cl,250,120,0.8,20,211,202,12,190,191,1,190,0.0594059405940594,1.0,0.005235602094240838,1.0,225,35,190,191,1,190,0.15555555555555556,1.0,0.005235602094240838,1.0,4.742365716075398,190,0,190,0.0,1.0,4.742365716075398,190,0,190,0.0,1.0,2.4588493365235227,193,3,190,0.015544041450777202,1.0,2.2822428202647016,205,15,190,0.07317073170731707,1.0,1.689965
exp_cl,exp_cl,250,120,0.8,20,212,207,17,190,193,5,188,0.0821256038647343,1.0,0.025906735751295335,0.9894736842105263,225,35,190,194,6,188,0.15555555555555556,1.0,0.030927835051546393,0.9894736842105263,3.6674535250128484,186,0,186,0.0,0.9789473684210527,3.5530317689128252,188,0,188,0.0,0.9894736842105263,2.441588727198585,201,11,190,0.05472636815920398,1.0,2.2628987966691145,213,23,190,0.107981220657277,1.0,1.463813
exp_cl,exp_cl,250,120,0.8,20,213,203,13,190,191,1,190,0.06403940886699508,1.0,0.005235602094240838,1.0,213,23,190,191,1,190,0.107981220657277,1.0,0.005235602094240838,1.0,8.56988401343972,190,0,190,0.0,1.0,8.56988401343972,190,0,190,0.0,1.0,8.56988401343972,190,0,190,0.0,1.0,2.409417963856216,197,7,190,0.03553299492385787,1.0,1.448624
exp_cl,exp_cl,250,120,0.8,20,214,204,14,190,191,1,190,0.06862745098039216,1.0,0.005235602094240838,1.0,225,35,190,192,2,190,0.15555555555555556,1.0,0.010416666666666666,1.0,4.472958842354576,190,0,190,0.0,1.0,4.472958842354576,190,0,190,0.0,1.0,2.447456237152863,196,6,190,0.030612244897959183,1.0,2.244396872917011,206,16,190,0.07766990291262135,1.0,1.811586
exp_cl,exp_cl,250,120,0.8,20,215,208,18,190,193,3,190,0.08653846153846154,1.0,0.015544041450777202,1.0,237,47,190,196,6,190,0.19831223628691982,1.0,0.030612244897959183,1.0,6.127135222938801,190,0,190,0.0,1.0,6.127135222938801,190,0,190,0.0,1.0,2.5368514027998983,196,6,190,0.030612244897959183,1.0,2.3744498985411315,201,11,190,0.05472636815920398,1.0,1.514018
exp_cl,exp_cl,250,120,0.8,20,216,205,15,190,192,2,190,0.07317073170731707,1.0,0.010416666666666666,1.0,229,39,190,195,5,190,0.1703056768558952,1.0,0.02564102564102564,1.0,6.068940140085848,190,0,190,0.0,1.0,6.068940140085848,190,0,190,0.0,1.0,2.5279508639277206,196,6,190,0.030612244897959183,1.0,2.355941110147505,203,13,190,0.06403940886699508,1.0,1.458101
exp_cl,exp_cl,250,120,0.8,20,217,201,11,190,191,1,190,0.05472636815920398,1.0,0.005235602094240838,1.0,223,33,190,191,1,190,0.14798206278026907,1.0,0.005235602094240838,1.0,5.435959784365376,190,0,190,0.0,1.0,5.435959784365376,190,0,190,0.0,1.0,2.661906081814356,191,1,190,0.005235602094240838,1.0,2.329077908732602,197,7,190,0.03553299492385787,1.0,1.499642
exp_cl,exp_cl,250,120,0.8,20,218,214,24,190,194,4,190,0.11214953271028037,1.0,0.020618556701030927,1.0,235,45,190,197,7,190,0.19148936170212766,1.0,0.03553299492385787,1.0,6.3256868200437,190,0,190,0.0,1.0,3.526123817619675,191,1,190,0.005235602094240838,1.0,2.644951422002701,194,4,190,0.020618556701030927,1.0,2.3923218554004544,204,14,190,0.06862745098039216,1.0,1.596706
exp_cl,exp_cl,250,120,0.8,20,219,212,22,190,191,1,190,0.10377358490566038,1.0,0.005235602094240838,1.0,228,38,190,195,5,190,0.16666666666666666,1.0,0.02564102564102564,1.0,6.914318704142686,190,0,190,0.0,1.0,6.914318704142686,190,0,190,0.0,1.0,6.914318704142686,190,0,190,0.0,1.0,6.914318704142686,190,0,190,0.0,1.0,1.428422
exp_cl,exp_cl,250,120,0.8,20,220,208,18,190,191,1,190,0.08653846153846154,1.0,0.005235602094240838,1.0,225,35,190,193,3,190,0.15555555555555556,1.0,0.015544041450777202,1.0,5.773065408782047,190,0,190,0.0,1.0,5.773065408782047,190,0,190,0.0,1.0,2.518377392572635,194,4,190,0.020618556701030927,1.0,2.33908725356759,203,13,190,0.06403940886699508,1.0,1.725401
exp_cl,exp_cl,250,120,0.8,20,221,202,12,190,191,1,190,0.0594059405940594,1.0,0.005235602094240838,1.0,216,26,190,193,3,190,0.12037037037037036,1.0,0.015544041450777202,1.0,5.582364408451334,190,0,190,0.0,1.0,5.582364408451334,190,0,190,0.0,1.0,2.501242440757132,194,4,190,0.020618556701030927,1.0,2.3218909549991715,199,9,190,0.04522613065326633,1.0,1.468641
exp_cl,exp_cl,250,120,0.8,20,222,215,25,190,192,2,190,0.11627906976744186,1.0,0.010416666666666666,1.0,238,48,190,193,3,190,0.20168067226890757,1.0,0.015544041450777202,1.0,7.984208977217372,190,0,190,0.0,1.0,7.984208977217372,190,0,190,0.0,1.0,2.6572238299272235,192,2,190,0.010416666666666666,1.0,2.3771710836563904,201,11,190,0.05472636815920398,1.0,1.561464
exp_cl,exp_cl,250,120,0.8,20,223,208,19,189,192,3,189,0.09134615384615384,0.9947368421052631,0.015625,0.9947368421052631,224,34,190,193,4,189,0.15178571428571427,1.0,0.02072538860103627,0.9947368421052631,4.883639869567713,189,0,189,0.0,0.9947368421052631,4.883639869567713,189,0,189,0.0,0.9947368421052631,2.5826772097296824,194,4,190,0.020618556701030927,1.0,2.320911371306558,202,12,190,0.0594059405940594,1.0,1.425164
exp_cl,exp_cl,250,120,0.8,20,224,212,22,190,193,3,190,0.10377358490566038,1.0,0.015544041450777202,1.0,230,40,190,195,5,190,0.17391304347826086,1.0,0.02564102564102564,1.0,4.676772475748502,191,1,190,0.005235602094240838,1.0,4.676772475748502,191,1,190,0.005235602094240838,1.0,2.440792371058616,198,8,190,0.04040404040404041,1.0,2.258938840042797,213,23,190,0.107981220657277,1.0,1.590975
exp_cl,exp_cl,250,120,0.8,20,225,203,13,190,192,2,190,0.06403940886699508,1.0,0.010416666666666666,1.0,217,27,190,192,2,190,0.12442396313364056,1.0,0.010416666666666666,1.0,4.54256152925265,190,0,190,0.0,1.0,4.54256152925265,190,0,190,0.0,1.0,2.4183670563775546,197,7,190,0.03553299492385787,1.0,2.256471247727281,206,16,190,0.07766990291262135,1.0,1.503422
exp_cl,exp_cl,250,120,0.8,20,226,215,25,190,192,2,190,0.11627906976744186,1.0,0.010416666666666666,1.0,235,45,190,193,3,190,0.19148936170212766,1.0,0.015544041450777202,1.0,7.436433763763281,190,0,190,0.0,1.0,7.436433763763281,190,0,190,0.0,1.0,3.051597365237641,191,1,190,0.005235602094240838,1.0,2.805915195085345,192,2,190,0.010416666666666666,1.0,1.541835
exp_cl,exp_cl,250,120,0.8,20,227,211,21,190,193,3,190,0.0995260663507109,1.0,0.015544041450777202,1.0,225,35,190,196,6,190,0.15555555555555556,1.0,0.030612244897959183,1.0,6.797244548421648,190,0,190,0.0,1.0,6.797244548421648,190,0,190,0.0,1.0,2.55482960502094,197,7,190,0.03553299492385787,1.0,2.353707681062432,207,17,190,0.0821256038647343,1.0,1.648106
exp_cl,exp_cl,250,120,0.8,20,228,209,19,190,194,4,190,0.09090909090909091,1.0,0.020618556701030927,1.0,222,32,190,198,8,190,0.14414414414414414,1.0,0.04040404040404041,1.0,3.844708486316384,191,1,190,0.005235602094240838,1.0,3.844708486316384,191,1,190,0.005235602094240838,1.0,2.6016266448601018,194,4,190,0.020618556701030927,1.0,2.389175758335721,200,10,190,0.05,1.0,1.494754
exp_cl,exp_cl,250,120,0.8,20,229,200,10,190,191,1,190,0.05,1.0,0.005235602094240838,1.0,215,25,190,191,1,190,0.11627906976744186,1.0,0.005235602094240838,1.0,4.105135401159538,190,0,190,0.0,1.0,4.105135401159538,190,0,190,0.0,1.0,2.4480330420949135,193,3,190,0.015544041450777202,1.0,2.2680698603775653,200,10,190,0.05,1.0,1.496391
exp_cl,exp_cl,250,120,0.8,20,230,203,13,190,193,3,190,0.06403940886699508,1.0,0.015544041450777202,1.0,210,20,190,196,6,190,0.09523809523809523,1.0,0.030612244897959183,1.0,5.844892783839261,190,0,190,0.0,1.0,5.844892783839261,190,0,190,0.0,1.0,2.5366980449252097,196,6,190,0.030612244897959183,1.0,2.292199401211134,204,14,190,0.06862745098039216,1.0,1.584651
exp_cl,exp_cl,250,120,0.8,20,231,201,11,190,191,1,190,0.05472636815920398,1.0,0.005235602094240838,1.0,219,29,190,192,2,190,0.1324200913242009,1.0,0.010416666666666666,1.0,6.603476836336923,190,0,190,0.0,1.0,6.603476836336923,190,0,190,0.0,1.0,2.622165209184621,192,2,190,0.010416666666666666,1.0,2.3997828684779043,198,8,190,0.04040404040404041,1.0,1.498514
exp_cl,exp_cl,250,120,0.8,20,232,208,18,190,191,1,190,0.08653846153846154,1.0,0.005235602094240838,1.0,226,36,190,193,3,190,0.1592920353982301,1.0,0.015544041450777202,1.0,8.288984771074517,190,0,190,0.0,1.0,8.288984771074517,190,0,190,0.0,1.0,2.624881294694607,193,3,190,0.015544041450777202,1.0,2.4052344507909753,202,12,190,0.0594059405940594,1.0,1.556621
exp_cl,exp_cl,250,120,0.8,20,233,208,18,190,191,1,190,0.08653846153846154,1.0,0.005235602094240838,1.0,230,40,190,193,3,190,0.17391304347826086,1.0,0.015544041450777202,1.0,5.921369221872851,190,0,190,0.0,1.0,5.921369221872851,190,0,190,0.0,1.0,2.5528473102235227,192,2,190,0.010416666666666666,1.0,2.3254398053360044,199,9,190,0.04522613065326633,1.0,1.536811
exp_cl,exp_cl,250,120,0.8,20,234,208,18,190,192,2,190,0.08653846153846154,1.0,0.010416666666666666,1.0,218,28,190,196,6,190,0.12844036697247707,1.0,0.030612244897959183,1.0,5.055753639528379,190,0,190,0.0,1.0,5.055753639528379,190,0,190,0.0,1.0,2.6160596586949247,192,2,190,0.010416666666666666,1.0,2.3384815336403957,201,11,190,0.05472636815920398,1.0,1.786568
exp_cl,exp_cl,250,120,0.8,20,235,208,18,190,192,2,190,0.08653846153846154,1.0,0.010416666666666666,1.0,225,35,190,193,3,190,0.15555555555555556,1.0,0.015544041450777202,1.0,3.709116382898625,190,0,190,0.0,1.0,3.709116382898625,190,0,190,0.0,1.0,2.4385168704171067,199,9,190,0.04522613065326633,1.0,2.2538754325298753,211,21,190,0.0995260663507109,1.0,1.465024
exp_cl,exp_cl,250,120,0.8,20,236,209,19,190,193,3,190,0.09090909090909091,1.0,0.015544041450777202,1.0,224,34,190,197,7,190,0.15178571428571427,1.0,0.03553299492385787,1.0,4.8630878166759715,190,0,190,0.0,1.0,4.8630878166759715,190,0,190,0.0,1.0,2.975023237257767,192,2,190,0.010416666666666666,1.0,2.4393249282600453,201,11,190,0.05472636815920398,1.0,1.602093
exp_cl,exp_cl,250,120,0.8,20,237,209,19,190,193,3,190,0.09090909090909091,1.0,0.015544041450777202,1.0,223,33,190,195,5,190,0.14798206278026907,1.0,0.02564102564102564,1.0,7.388701574492472,190,0,190,0.0,1.0,7.388701574492472,190,0,190,0.0,1.0,2.497294358667402,197,7,190,0.03553299492385787,1.0,2.33805533199679,203,13,190,0.06403940886699508,1.0,1.510024
exp_cl,exp_cl,250,120,0.8,20,238,203,13,190,193,3,190,0.06403940886699508,1.0,0.015544041450777202,1.0,217,27,190,193,3,190,0.12442396313364056,1.0,0.015544041450777202,1.0,3.6749420769624677,191,1,190,0.005235602094240838,1.0,3.6749420769624677,191,1,190,0.005235602094240838,1.0,2.9072555784794685,192,2,190,0.010416666666666666,1.0,2.5722595763253064,193,3,190,0.015544041450777202,1.0,1.500633
exp_cl,exp_cl,250,120,0.8,20,239,200,10,190,191,1,190,0.05,1.0,0.005235602094240838,1.0,212,22,190,193,3,190,0.10377358490566038,1.0,0.015544041450777202,1.0,6.318815775358607,190,0,190,0.0,1.0,6.318815775358607,190,0,190,0.0,1.0,2.905372419518691,191,1,190,0.005235602094240838,1.0,2.5486001992318483,194,4,190,0.020618556701030927,1.0,1.521589
exp_cl,exp_cl,250,120,0.8,20,240,207,17,190,191,1,190,0.0821256038647343,1.0,0.005235602094240838,1.0,219,29,190,195,5,190,0.1324200913242009,1.0,0.02564102564102564,1.0,4.6789013515673625,190,0,190,0.0,1.0,4.6789013515673625,190,0,190,0.0,1.0,2.7875372979274977,191,1,190,0.005235602094240838,1.0,2.3461861151155166,200,10,190,0.05,1.0,1.852238
exp_cl,exp_cl,250,120,0.8,20,241,203,14,189,192,3,189,0.06896551724137931,0.9947368421052631,0.015625,0.9947368421052631,228,39,189,193,4,189,0.17105263157894737,0.9947368421052631,0.02072538860103627,0.9947368421052631,3.9243305529199515,189,0,189,0.0,0.9947368421052631,3.9243305529199515,189,0,189,0.0,0.9947368421052631,2.4845732965330583,196,6,190,0.030612244897959183,1.0,2.2467771486749157,209,19,190,0.09090909090909091,1.0,1.429026
exp_cl,exp_cl,250,120,0.8,20,242,202,12,190,192,2,190,0.0594059405940594,1.0,0.010416666666666666,1.0,219,29,190,192,2,190,0.1324200913242009,1.0,0.010416666666666666,1.0,4.49630348519837,190,0,190,0.0,1.0,4.49630348519837,190,0,190,0.0,1.0,2.664160320436166,192,2,190,0.010416666666666666,1.0,2.2968359055512444,199,9,190,0.04522613065326633,1.0,1.472293
exp_cl,exp_cl,250,120,0.8,20,243,205,15,190,191,1,190,0.07317073170731707,1.0,0.005235602094240838,1.0,222,32,190,191,1,190,0.14414414414414414,1.0,0.005235602094240838,1.0,6.162513490148782,190,0,190,0.0,1.0,6.162513490148782,190,0,190,0.0,1.0,2.771564445295545,191,1,190,0.005235602094240838,1.0,2.3661293839214794,194,4,190,0.020618556701030927,1.0,1.458514
exp_cl,exp_cl,250,120,0.8,20,244,202,12,190,193,3,190,0.0594059405940594,1.0,0.015544041450777202,1.0,215,25,190,194,4,190,0.11627906976744186,1.0,0.020618556701030927,1.0,5.663621180341056,190,0,190,0.0,1.0,5.663621180341056,190,0,190,0.0,1.0,2.452428216000044,195,5,190,0.02564102564102564,1.0,2.2619433809926686,201,11,190,0.05472636815920398,1.0,1.673994
exp_cl,exp_cl,250,120,0.8,20,245,209,19,190,190,0,190,0.09090909090909091,1.0,0.0,1.0,223,33,190,193,3,190,0.14798206278026907,1.0,0.015544041450777202,1.0,5.259318655179694,190,0,190,0.0,1.0,5.259318655179694,190,0,190,0.0,1.0,2.5328141233247154,197,7,190,0.03553299492385787,1.0,2.3519775037741946,205,15,190,0.07317073170731707,1.0,1.43461
exp_cl,exp_cl,250,120,0.8,20,246,209,19,190,191,2,189,0.09090909090909091,1.0,0.010471204188481676,0.9947368421052631,223,33,190,193,4,189,0.14798206278026907,1.0,0.02072538860103627,0.9947368421052631,3.696415696363071,188,0,188,0.0,0.9894736842105263,3.519354539026327,189,0,189,0.0,0.9947368421052631,2.4137221699517166,198,8,190,0.04040404040404041,1.0,2.2613197685507713,210,20,190,0.09523809523809523,1.0,1.488051
exp_cl,exp_cl,250,120,0.8,20,247,211,21,190,192,3,189,0.0995260663507109,1.0,0.015625,0.9947368421052631,221,31,190,196,6,190,0.14027149321266968,1.0,0.030612244897959183,1.0,3.7309648827008246,190,0,190,0.0,1.0,3.7309648827008246,190,0,190,0.0,1.0,2.4950513253382356,196,6,190,0.030612244897959183,1.0,2.2731506081109774,207,17,190,0.0821256038647343,1.0,1.703607
exp_cl,exp_cl,250,120,0.8,20,248,203,13,190,194,4,190,0.06403940886699508,1.0,0.020618556701030927,1.0,226,36,190,195,5,190,0.1592920353982301,1.0,0.02564102564102564,1.0,7.169972934186327,190,0,190,0.0,1.0,7.169972934186327,190,0,190,0.0,1.0,2.60698589070427,194,4,190,0.020618556701030927,1.0,2.406672480656671,196,6,190,0.030612244897959183,1.0,1.482173
exp_cl,exp_cl,250,120,0.8,20,249,206,16,190,190,0,190,0.07766990291262135,1.0,0.0,1.0,214,24,190,193,3,190,0.11214953271028037,1.0,0.015544041450777202,1.0,5.159487052132036,190,0,190,0.0,1.0,5.159487052132036,190,0,190,0.0,1.0,2.603265128926957,192,2,190,0.010416666666666666,1.0,2.380684313355116,199,9,190,0.04522613065326633,1.0,1.402939
exp_cl,exp_cl,250,120,0.8,20,250,205,15,190,194,4,190,0.07317073170731707,1.0,0.020618556701030927,1.0,222,32,190,197,7,190,0.14414414414414414,1.0,0.03553299492385787,1.0,5.741623497380877,190,0,190,0.0,1.0,5.741623497380877,190,0,190,0.0,1.0,5.741623497380877,190,0,190,0.0,1.0,2.5881913146072466,194,4,190,0.020618556701030927,1.0,1.640032
exp_cl,exp_cl,250,120,0.8,20,251,212,22,190,196,6,190,0.10377358490566038,1.0,0.030612244897959183,1.0,231,41,190,196,6,190,0.1774891774891775,1.0,0.030612244897959183,1.0,5.583952289576035,190,0,190,0.0,1.0,5.583952289576035,190,0,190,0.0,1.0,2.6308656974570654,196,6,190,0.030612244897959183,1.0,2.3907388296165286,204,14,190,0.06862745098039216,1.0,1.59229
exp_cl,exp_cl,250,120,0.8,20,252,208,18,190,191,1,190,0.08653846153846154,1.0,0.005235602094240838,1.0,218,28,190,196,6,190,0.12844036697247707,1.0,0.030612244897959183,1.0,5.796480559963509,190,0,190,0.0,1.0,5.796480559963509,190,0,190,0.0,1.0,5.796480559963509,190,0,190,0.0,1.0,5.796480559963509,190,0,190,0.0,1.0,1.448315
exp_cl,exp_cl,250,120,0.8,20,253,212,22,190,192,2,190,0.10377358490566038,1.0,0.010416666666666666,1.0,230,40,190,195,5,190,0.17391304347826086,1.0,0.02564102564102564,1.0,7.956742411158423,190,0,190,0.0,1.0,7.956742411158423,190,0,190,0.0,1.0,7.956742411158423,190,0,190,0.0,1.0,2.4984279709506283,196,6,190,0.030612244897959183,1.0,1.461339
exp_cl,exp_cl,250,120,0.8,20,254,210,20,190,192,2,190,0.09523809523809523,1.0,0.010416666666666666,1.0,228,38,190,192,2,190,0.16666666666666666,1.0,0.010416666666666666,1.0,7.052344733823704,190,0,190,0.0,1.0,7.052344733823704,190,0,190,0.0,1.0,7.052344733823704,190,0,190,0.0,1.0,2.7439162275956335,192,2,190,0.010416666666666666,1.0,1.794114
exp_cl,exp_cl,250,120,0.8,20,255,215,25,190,193,3,190,0.11627906976744186,1.0,0.015544041450777202,1.0,229,39,190,196,6,190,0.1703056768558952,1.0,0.030612244897959183,1.0,7.510205604003653,190,0,190,0.0,1.0,7.510205604003653,190,0,190,0.0,1.0,7.510205604003653,190,0,190,0.0,1.0,2.701599063395939,191,1,190,0.005235602094240838,1.0,1.553444
exp_cl,exp_cl,250,120,0.8,20,256,215,25,190,192,2,190,0.11627906976744186,1.0,0.010416666666666666,1.0,226,36,190,197,7,190,0.1592920353982301,1.0,0.03553299492385787,1.0,6.515643026982917,190,0,190,0.0,1.0,6.515643026982917,190,0,190,0.0,1.0,2.8587906507219585,192,2,190,0.010416666666666666,1.0,2.375061888223276,202,12,190,0.0594059405940594,1.0,1.437254
exp_cl,exp_cl,250,120,0.8,20,257,205,15,190,193,3,190,0.07317073170731707,1.0,0.015544041450777202,1.0,218,28,190,193,3,190,0.12844036697247707,1.0,0.015544041450777202,1.0,3.8759967296152977,190,0,190,0.0,1.0,3.8759967296152977,190,0,190,0.0,1.0,2.417114346917123,200,10,190,0.05,1.0,2.2723145809757344,207,17,190,0.0821256038647343,1.0,1.638898
exp_cl,exp_cl,250,120,0.8,20,258,205,15,190,194,4,190,0.07317073170731707,1.0,0.020618556701030927,1.0,223,33,190,196,6,190,0.14798206278026907,1.0,0.030612244897959183,1.0,4.694101682879606,190,0,190,0.0,1.0,4.694101682879606,190,0,190,0.0,1.0,2.4161931132226537,198,8,190,0.04040404040404041,1.0,2.271662044978089,206,16,190,0.07766990291262135,1.0,1.500845
exp_cl,exp_cl,250,120,0.8,20,259,215,25,190,193,3,190,0.11627906976744186,1.0,0.015544041450777202,1.0,226,36,190,195,5,190,0.1592920353982301,1.0,0.02564102564102564,1.0,9.111752526993422,190,0,190,0.0,1.0,9.111752526993422,190,0,190,0.0,1.0,9.111752526993422,190,0,190,0.0,1.0,2.54935152447868,196,6,190,0.030612244897959183,1.0,1.474093
exp_cl,exp_cl,250,120,0.8,20,260,206,16,190,191,1,190,0.07766990291262135,1.0,0.005235602094240838,1.0,223,33,190,194,4,190,0.14798206278026907,1.0,0.020618556701030927,1.0,6.581486649285681,190,0,190,0.0,1.0,6.581486649285681,190,0,190,0.0,1.0,6.581486649285681,190,0,190,0.0,1.0,6.581486649285681,190,0,190,0.0,1.0,1.540237
exp_cl,exp_cl,250,120,0.8,20,261,206,16,190,191,1,190,0.07766990291262135,1.0,0.005235602094240838,1.0,224,34,190,193,3,190,0.15178571428571427,1.0,0.015544041450777202,1.0,4.3131787071571095,190,0,190,0.0,1.0,4.3131787071571095,190,0,190,0.0,1.0,2.411764680767907,195,5,190,0.02564102564102564,1.0,2.2485032137744025,207,17,190,0.0821256038647343,1.0,1.76152
exp_cl,exp_cl,250,120,0.8,20,262,215,25,190,195,5,190,0.11627906976744186,1.0,0.02564102564102564,1.0,234,44,190,196,6,190,0.18803418803418803,1.0,0.030612244897959183,1.0,6.09955198859299,190,0,190,0.0,1.0,6.09955198859299,190,0,190,0.0,1.0,2.4486898551241256,199,9,190,0.04522613065326633,1.0,2.2778122622159027,214,24,190,0.11214953271028037,1.0,1.46004
exp_cl,exp_cl,250,120,0.8,20,263,211,21,190,190,2,188,0.0995260663507109,1.0,0.010526315789473684,0.9894736842105263,228,38,190,192,3,189,0.16666666666666666,1.0,0.015625,0.9947368421052631,3.79662056911895,188,0,188,0.0,0.9894736842105263,3.79662056911895,188,0,188,0.0,0.9894736842105263,2.4217261699536596,200,10,190,0.05,1.0,2.269072649841208,216,26,190,0.12037037037037036,1.0,1.505125
exp_cl,exp_cl,250,120,0.8,20,264,207,17,190,195,5,190,0.0821256038647343,1.0,0.02564102564102564,1.0,222,32,190,195,5,190,0.14414414414414414,1.0,0.02564102564102564,1.0,7.632296984140712,190,0,190,0.0,1.0,7.632296984140712,190,0,190,0.0,1.0,2.656148528931147,195,5,190,0.02564102564102564,1.0,2.334780055908084,201,11,190,0.05472636815920398,1.0,1.471545
exp_cl,exp_cl,250,120,0.8,20,265,212,22,190,192,2,190,0.10377358490566038,1.0,0.010416666666666666,1.0,219,29,190,195,5,190,0.1324200913242009,1.0,0.02564102564102564,1.0,5.878105569347977,190,0,190,0.0,1.0,5.878105569347977,190,0,190,0.0,1.0,5.878105569347977,190,0,190,0.0,1.0,2.48311941453053,196,6,190,0.030612244897959183,1.0,1.623564
exp_cl,exp_cl,250,120,0.8,20,266,202,12,190,192,2,190,0.0594059405940594,1.0,0.010416666666666666,1.0,213,23,190,194,4,190,0.107981220657277,1.0,0.020618556701030927,1.0,7.712836005313255,190,0,190,0.0,1.0,7.712836005313255,190,0,190,0.0,1.0,2.6670746086182477,193,3,190,0.015544041450777202,1.0,2.4781439869078845,199,9,190,0.04522613065326633,1.0,1.533934
exp_cl,exp_cl,250,120,0.8,20,267,210,20,190,190,0,190,0.09523809523809523,1.0,0.0,1.0,217,27,190,190,0,190,0.12442396313364056,1.0,0.0,1.0,6.390921111830043,190,0,190,0.0,1.0,6.390921111830043,190,0,190,0.0,1.0,2.4954681921234,193,3,190,0.015544041450777202,1.0,2.306563820979115,210,20,190,0.09523809523809523,1.0,1.733848
exp_cl,exp_cl,250,120,0.8,20,268,213,23,190,195,5,190,0.107981220657277,1.0,0.02564102564102564,1.0,230,40,190,195,5,190,0.17391304347826086,1.0,0.02564102564102564,1.0,5.459476100570516,190,0,190,0.0,1.0,5.459476100570516,190,0,190,0.0,1.0,2.6535890940924305,195,5,190,0.02564102564102564,1.0,2.3211102755755664,209,19,190,0.09090909090909091,1.0,1.398124
exp_cl,exp_cl,250,120,0.8,20,269,202,12,190,190,0,190,0.0594059405940594,1.0,0.0,1.0,219,29,190,192,2,190,0.1324200913242009,1.0,0.010416666666666666,1.0,5.56595959304703,190,0,190,0.0,1.0,5.56595959304703,190,0,190,0.0,1.0,5.56595959304703,190,0,190,0.0,1.0,2.54226025512316,194,4,190,0.020618556701030927,1.0,1.595476
exp_cl,exp_cl,250,120,0.8,20,270,216,26,190,191,1,190,0.12037037037037036,1.0,0.005235602094240838,1.0,237,47,190,192,2,190,0.19831223628691982,1.0,0.010416666666666666,1.0,6.705590658184029,190,0,190,0.0,1.0,6.705590658184029,190,0,190,0.0,1.0,2.511686970035904,192,2,190,0.010416666666666666,1.0,2.3209707076198307,210,20,190,0.09523809523809523,1.0,1.55048
exp_cl,exp_cl,250,120,0.8,20,271,208,18,190,193,3,190,0.08653846153846154,1.0,0.015544041450777202,1.0,228,38,190,196,6,190,0.16666666666666666,1.0,0.030612244897959183,1.0,6.053581022718254,190,0,190,0.0,1.0,6.053581022718254,190,0,190,0.0,1.0,2.964573153804656,191,1,190,0.005235602094240838,1.0,2.5165319503824297,197,7,190,0.03553299492385787,1.0,1.484705
exp_cl,exp_cl,250,120,0.8,20,272,218,28,190,194,4,190,0.12844036697247707,1.0,0.020618556701030927,1.0,239,49,190,198,8,190,0.20502092050209206,1.0,0.04040404040404041,1.0,4.2204475080663135,190,0,190,0.0,1.0,4.2204475080663135,190,0,190,0.0,1.0,2.6375055093060564,194,4,190,0.020618556701030927,1.0,2.3483181834679523,209,19,190,0.09090909090909091,1.0,1.462391
exp_cl,exp_cl,250,120,0.8,20,273,213,23,190,191,1,190,0.107981220657277,1.0,0.005235602094240838,1.0,222,32,190,195,5,190,0.14414414414414414,1.0,0.02564102564102564,1.0,4.296734349941987,190,0,190,0.0,1.0,4.296734349941987,190,0,190,0.0,1.0,2.417972401961305,201,11,190,0.05472636815920398,1.0,2.254915290424452,216,26,190,0.12037037037037036,1.0,1.58888
exp_cl,exp_cl,250,120,0.8,20,274,208,18,190,192,2,190,0.08653846153846154,1.0,0.010416666666666666,1.0,223,33,190,193,3,190,0.14798206278026907,1.0,0.015544041450777202,1.0,5.230665440921449,190,0,190,0.0,1.0,5.230665440921449,190,0,190,0.0,1.0,2.6632585997321785,191,1,190,0.005235602094240838,1.0,2.404365589255004,199,9,190,0.04522613065326633,1.0,1.608456
exp_cl,exp_cl,250,120,0.8,20,275,211,21,190,192,2,190,0.0995260663507109,1.0,0.010416666666666666,1.0,231,41,190,195,5,190,0.1774891774891775,1.0,0.02564102564102564,1.0,7.093615000082592,190,0,190,0.0,1.0,7.093615000082592,190,0,190,0.0,1.0,2.5572581177733964,193,3,190,0.015544041450777202,1.0,2.357664716983153,200,10,190,0.05,1.0,1.537256
exp_cl,exp_cl,250,120,0.8,20,276,208,18,190,190,1,189,0.08653846153846154,1.0,0.005263157894736842,0.9947368421052631,229,39,190,191,2,189,0.1703056768558952,1.0,0.010471204188481676,0.9947368421052631,5.293454315399083,189,0,189,0.0,0.9947368421052631,3.47306778376419,190,0,190,0.0,1.0,2.9243007720930807,191,1,190,0.005235602094240838,1.0,2.4381418456390644,199,9,190,0.04522613065326633,1.0,1.521647
exp_cl,exp_cl,250,120,0.8,20,277,212,22,190,191,1,190,0.10377358490566038,1.0,0.005235602094240838,1.0,222,32,190,193,3,190,0.14414414414414414,1.0,0.015544041450777202,1.0,5.747402637511464,190,0,190,0.0,1.0,5.747402637511464,190,0,190,0.0,1.0,2.595255145945542,193,3,190,0.015544041450777202,1.0,2.422120263000778,197,7,190,0.03553299492385787,1.0,1.643522
exp_cl,exp_cl,250,120,0.8,20,278,204,14,190,190,0,190,0.06862745098039216,1.0,0.0,1.0,220,30,190,191,1,190,0.13636363636363635,1.0,0.005235602094240838,1.0,3.7841159145095378,190,0,190,0.0,1.0,3.7841159145095378,190,0,190,0.0,1.0,2.368795177981602,195,5,190,0.02564102564102564,1.0,2.2125241075844277,208,18,190,0.08653846153846154,1.0,1.407656
exp_cl,exp_cl,250,120,0.8,20,279,202,12,190,193,3,190,0.0594059405940594,1.0,0.015544041450777202,1.0,217,27,190,195,5,190,0.12442396313364056,1.0,0.02564102564102564,1.0,7.012384032267685,190,0,190,0.0,1.0,7.012384032267685,190,0,190,0.0,1.0,7.012384032267685,190,0,190,0.0,1.0,2.432924813026591,197,7,190,0.03553299492385787,1.0,1.483949
exp_cl,exp_cl,250,120,0.8,20,280,206,16,190,192,2,190,0.07766990291262135,1.0,0.010416666666666666,1.0,227,37,190,192,2,190,0.16299559471365638,1.0,0.010416666666666666,1.0,6.902268326094502,190,0,190,0.0,1.0,6.902268326094502,190,0,190,0.0,1.0,2.7782180638685166,192,2,190,0.010416666666666666,1.0,2.3568695038823484,202,12,190,0.0594059405940594,1.0,1.665578
exp_cl,exp_cl,250,120,0.8,20,281,207,17,190,196,6,190,0.0821256038647343,1.0,0.030612244897959183,1.0,218,28,190,196,6,190,0.12844036697247707,1.0,0.030612244897959183,1.0,6.004504682015231,190,0,190,0.0,1.0,6.004504682015231,190,0,190,0.0,1.0,2.6396537021178417,196,6,190,0.030612244897959183,1.0,2.3800058693250348,203,13,190,0.06403940886699508,1.0,1.667112
exp_cl,exp_cl,250,120,0.8,20,282,200,10,190,192,2,190,0.05,1.0,0.010416666666666666,1.0,211,21,190,193,3,190,0.0995260663507109,1.0,0.015544041450777202,1.0,3.8339794119388726,190,0,190,0.0,1.0,3.8339794119388726,190,0,190,0.0,1.0,2.389077866642759,197,7,190,0.03553299492385787,1.0,2.2615542428438244,202,12,190,0.0594059405940594,1.0,1.460945
exp_cl,exp_cl,250,120,0.8,20,283,204,14,190,192,2,190,0.06862745098039216,1.0,0.010416666666666666,1.0,221,31,190,192,2,190,0.14027149321266968,1.0,0.010416666666666666,1.0,5.236672587273764,190,0,190,0.0,1.0,5.236672587273764,190,0,190,0.0,1.0,2.75748109347748,192,2,190,0.010416666666666666,1.0,2.4051581604233876,196,6,190,0.030612244897959183,1.0,1.600214
exp_cl,exp_cl,250,120,0.8,20,284,211,21,190,192,2,190,0.0995260663507109,1.0,0.010416666666666666,1.0,227,37,190,193,3,190,0.16299559471365638,1.0,0.015544041450777202,1.0,6.70891846829342,190,0,190,0.0,1.0,6.70891846829342,190,0,190,0.0,1.0,2.9218732531160434,191,1,190,0.005235602094240838,1.0,2.511336923377325,194,4,190,0.020618556701030927,1.0,1.497644
exp_cl,exp_cl,250,120,0.8,20,285,211,21,190,193,3,190,0.0995260663507109,1.0,0.015544041450777202,1.0,225,35,190,195,5,190,0.15555555555555556,1.0,0.02564102564102564,1.0,5.979401751816896,190,0,190,0.0,1.0,5.979401751816896,190,0,190,0.0,1.0,2.5443270940697293,195,5,190,0.02564102564102564,1.0,2.27226404939254,208,18,190,0.08653846153846154,1.0,1.475198
exp_cl,exp_cl,250,120,0.8,20,286,205,15,190,192,2,190,0.07317073170731707,1.0,0.010416666666666666,1.0,223,33,190,195,5,190,0.14798206278026907,1.0,0.02564102564102564,1.0,6.631146572618959,190,0,190,0.0,1.0,6.631146572618959,190,0,190,0.0,1.0,2.607671945357466,193,3,190,0.015544041450777202,1.0,2.4234549777245404,202,12,190,0.0594059405940594,1.0,1.529494
exp_cl,exp_cl,250,120,0.8,20,287,208,18,190,192,2,190,0.08653846153846154,1.0,0.010416666666666666,1.0,223,33,190,193,3,190,0.14798206278026907,1.0,0.015544041450777202,1.0,4.545178781012128,190,0,190,0.0,1.0,4.545178781012128,190,0,190,0.0,1.0,2.497151557187721,195,5,190,0.02564102564102564,1.0,2.2559211907593903,211,21,190,0.0995260663507109,1.0,1.728379
exp_cl,exp_cl,250,120,0.8,20,288,203,13,190,191,1,190,0.06403940886699508,1.0,0.005235602094240838,1.0,212,22,190,191,1,190,0.10377358490566038,1.0,0.005235602094240838,1.0,4.455506339625584,190,0,190,0.0,1.0,4.455506339625584,190,0,190,0.0,1.0,2.4856992622147076,193,3,190,0.015544041450777202,1.0,2.307671525938109,205,15,190,0.07317073170731707,1.0,1.453067
exp_cl,exp_cl,250,120,0.8,20,289,208,18,190,194,4,190,0.08653846153846154,1.0,0.020618556701030927,1.0,226,36,190,196,6,190,0.1592920353982301,1.0,0.030612244897959183,1.0,4.807038402327969,190,0,190,0.0,1.0,4.807038402327969,190,0,190,0.0,1.0,2.6025744534244217,196,6,190,0.030612244897959183,1.0,2.290985969786402,205,15,190,0.07317073170731707,1.0,1.418799
exp_cl,exp_cl,250,120,0.8,20,290,220,30,190,194,5,189,0.13636363636363635,1.0,0.02577319587628866,0.9947368421052631,235,45,190,200,10,190,0.19148936170212766,1.0,0.05,1.0,3.610862714461697,191,1,190,0.005235602094240838,1.0,3.610862714461697,191,1,190,0.005235602094240838,1.0,2.4782559884608846,200,10,190,0.05,1.0,2.2788521443145697,214,24,190,0.11214953271028037,1.0,1.714753
exp_cl,exp_cl,250,120,0.8,20,291,205,15,190,192,2,190,0.07317073170731707,1.0,0.010416666666666666,1.0,216,26,190,195,5,190,0.12037037037037036,1.0,0.02564102564102564,1.0,3.8929996598863883,190,0,190,0.0,1.0,3.8929996598863883,190,0,190,0.0,1.0,2.5648657237655645,194,4,190,0.020618556701030927,1.0,2.482191433807935,198,8,190,0.04040404040404041,1.0,1.468892
exp_cl,exp_cl,250,120,0.8,20,292,205,15,190,192,2,190,0.07317073170731707,1.0,0.010416666666666666,1.0,224,34,190,193,3,190,0.15178571428571427,1.0,0.015544041450777202,1.0,3.86381471316596,191,1,190,0.005235602094240838,1.0,3.86381471316596,191,1,190,0.005235602094240838,1.0,3.86381471316596,191,1,190,0.005235602094240838,1.0,2.5785537555679694,193,3,190,0.015544041450777202,1.0,1.483099
exp_cl,exp_cl,250,120,0.8,20,293,209,19,190,193,3,190,0.09090909090909091,1.0,0.015544041450777202,1.0,237,47,190,196,6,190,0.19831223628691982,1.0,0.030612244897959183,1.0,6.750810113742613,190,0,190,0.0,1.0,6.750810113742613,190,0,190,0.0,1.0,2.548835956470523,198,8,190,0.04040404040404041,1.0,2.3563491023672176,207,17,190,0.0821256038647343,1.0,1.467854
exp_cl,exp_cl,250,120,0.8,20,294,210,20,190,193,3,190,0.09523809523809523,1.0,0.015544041450777202,1.0,235,45,190,194,4,190,0.19148936170212766,1.0,0.020618556701030927,1.0,4.293766932337596,190,0,190,0.0,1.0,4.293766932337596,190,0,190,0.0,1.0,2.4294980795815033,195,5,190,0.02564102564102564,1.0,2.243570732421487,206,16,190,0.07766990291262135,1.0,1.589309
exp_cl,exp_cl,250,120,0.8,20,295,206,19,187,185,0,185,0.09223300970873786,0.9842105263157894,0.0,0.9736842105263158,219,31,188,187,1,186,0.1415525114155251,0.9894736842105263,0.0053475935828877,0.9789473684210527,3.8880278463309876,184,0,184,0.0,0.968421052631579,3.4603292820347487,186,0,186,0.0,0.9789473684210527,2.4017433157067813,199,10,189,0.05025125628140704,0.9947368421052631,2.254499544836056,217,27,190,0.12442396313364056,1.0,1.310333
exp_cl,exp_cl,250,120,0.8,20,296,208,18,190,195,5,190,0.08653846153846154,1.0,0.02564102564102564,1.0,227,37,190,198,8,190,0.16299559471365638,1.0,0.04040404040404041,1.0,3.8586615915979765,191,1,190,0.005235602094240838,1.0,3.8586615915979765,191,1,190,0.005235602094240838,1.0,2.513713794973656,200,10,190,0.05,1.0,2.340060518217118,207,17,190,0.0821256038647343,1.0,1.281975
exp_cl,exp_cl,250,120,0.8,20,297,207,17,190,192,2,190,0.0821256038647343,1.0,0.010416666666666666,1.0,226,36,190,192,2,190,0.1592920353982301,1.0,0.010416666666666666,1.0,5.094505308408063,190,0,190,0.0,1.0,5.094505308408063,190,0,190,0.0,1.0,2.4789842157033193,195,5,190,0.02564102564102564,1.0,2.302859676197521,206,16,190,0.07766990291262135,1.0,1.303657
exp_cl,exp_cl,250,120,0.8,20,298,206,16,190,191,2,189,0.07766990291262135,1.0,0.010471204188481676,0.9947368421052631,224,34,190,193,3,190,0.15178571428571427,1.0,0.015544041450777202,1.0,3.7315001886995636,189,0,189,0.0,0.9947368421052631,3.5415642465553976,190,0,190,0.0,1.0,2.4746676212734453,195,5,190,0.02564102564102564,1.0,2.309031296464562,205,15,190,0.07317073170731707,1.0,1.272902
exp_cl,exp_cl,250,120,0.8,20,299,201,11,190,190,0,190,0.05472636815920398,1.0,0.0,1.0,220,30,190,191,1,190,0.13636363636363635,1.0,0.005235602094240838,1.0,7.499932843923803,190,0,190,0.0,1.0,7.499932843923803,190,0,190,0.0,1.0,7.499932843923803,190,0,190,0.0,1.0,2.5577811789908895,191,1,190,0.005235602094240838,1.0,1.331248
