model,x_model,p,n,rho,block,seed,R_bh_0.05,V_bh_0.05,S_bh_0.05,R_by_0.05,V_by_0.05,S_by_0.05,fdr_bh_0.05,power_bh_0.05,fdr_by_0.05,power_by_0.05,R_bh_0.1,V_bh_0.1,S_bh_0.1,R_by_0.1,V_by_0.1,S_by_0.1,fdr_bh_0.1,power_bh_0.1,fdr_by_0.1,power_by_0.1,t_lct_0.05,R_lct_0.05,V_lct_0.05,S_lct_0.05,fdr_lct_0.05,power_lct_0.05,t_lct_0.1,R_lct_0.1,V_lct_0.1,S_lct_0.1,fdr_lct_0.1,power_lct_0.1,t_lctb_0.05_B100,R_lctb_0.05_B100,V_lctb_0.05_B100,S_lctb_0.05_B100,fdr_lctb_0.05_B100,power_lctb_0.05_B100,t_lctb_0.1_B100,R_lctb_0.1_B100,V_lctb_0.1_B100,S_lctb_0.1_B100,fdr_lctb_0.1_B100,power_lctb_0.1_B100,wall_time_s
t_cl,t_cl,250,120,0.6,20,0,183,7,176,147,1,146,0.03825136612021858,0.9263157894736842,0.006802721088435374,0.7684210526315789,201,19,182,159,3,156,0.0945273631840796,0.9578947368421052,0.018867924528301886,0.8210526315789474,3.667047065692858,173,0,173,0.0,0.9105263157894737,3.456768507402429,180,0,180,0.0,0.9473684210526315,2.9234722266320023,191,7,184,0.03664921465968586,0.968421052631579,2.7394620119508133,205,19,186,0.09268292682926829,0.9789473684210527,1.300732
t_cl,t_cl,250,120,0.6,20,1,191,11,180,148,0,148,0.05759162303664921,0.9473684210526315,0.0,0.7789473684210526,203,19,184,159,1,158,0.09359605911330049,0.968421052631579,0.006289308176100629,0.8315789473684211,3.666207668265765,174,0,174,0.0,0.9157894736842105,3.48439910948594,180,0,180,0.0,0.9473684210526315,2.8629350516109415,194,10,184,0.05154639175257732,0.968421052631579,2.7130821145881896,201,16,185,0.07960199004975124,0.9736842105263158,1.228238
t_cl,t_cl,250,120,0.6,20,2,193,6,187,185,2,183,0.031088082901554404,0.9842105263157894,0.010810810810810811,0.9631578947368421,209,21,188,188,2,186,0.10047846889952153,0.9894736842105263,0.010638297872340425,0.9789473684210527,3.7820888670803097,187,0,187,0.0,0.9842105263157894,3.7820888670803097,187,0,187,0.0,0.9842105263157894,2.92294727196638,194,4,190,0.020618556701030927,1.0,2.758714479264088,201,11,190,0.05472636815920398,1.0,1.26093
t_cl,t_cl,250,120,0.6,20,3,195,12,183,171,1,170,0.06153846153846154,0.9631578947368421,0.005847953216374269,0.8947368421052632,217,31,186,175,2,173,0.14285714285714285,0.9789473684210527,0.011428571428571429,0.9105263157894737,3.628660790246114,183,0,183,0.0,0.9631578947368421,3.4335039012454995,187,1,186,0.0053475935828877,0.9789473684210527,2.9575236127304123,193,6,187,0.031088082901554404,0.9842105263157894,2.747495855273854,214,25,189,0.11682242990654206,0.9947368421052631,1.461895
t_cl,t_cl,250,120,0.6,20,4,167,5,162,115,0,115,0.029940119760479042,0.8526315789473684,0.0,0.6052631578947368,186,15,171,132,2,130,0.08064516129032258,0.9,0.015151515151515152,0.6842105263157895,3.7154927819361476,155,0,155,0.0,0.8157894736842105,3.5136549081599773,164,0,164,0.0,0.8631578947368421,2.932389342703081,183,7,176,0.03825136612021858,0.9263157894736842,2.7707433541194995,192,13,179,0.06770833333333333,0.9421052631578948,1.279362
t_cl,t_cl,250,120,0.6,20,5,201,17,184,167,2,165,0.0845771144278607,0.968421052631579,0.011976047904191617,0.868421052631579,216,28,188,178,5,173,0.12962962962962962,0.9894736842105263,0.028089887640449437,0.9105263157894737,3.62364281802854,182,0,182,0.0,0.9578947368421052,3.488052178178487,185,1,184,0.005405405405405406,0.968421052631579,2.8403120977968004,202,13,189,0.06435643564356436,0.9947368421052631,2.6933615547749703,212,23,189,0.10849056603773585,0.9947368421052631,1.252976
t_cl,t_cl,250,120,0.6,20,6,194,7,187,181,0,181,0.03608247422680412,0.9842105263157894,0.0,0.9526315789473684,208,21,187,185,1,184,0.10096153846153846,0.9842105263157894,0.005405405405405406,0.968421052631579,3.737985784814609,186,0,186,0.0,0.9789473684210527,3.737985784814609,186,0,186,0.0,0.9789473684210527,2.9411597772169,193,4,189,0.02072538860103627,0.9947368421052631,2.7064277463636808,204,14,190,0.06862745098039216,1.0,1.202734
t_cl,t_cl,250,120,0.6,20,7,197,15,182,166,1,165,0.07614213197969544,0.9578947368421052,0.006024096385542169,0.868421052631579,205,22,183,170,2,168,0.1073170731707317,0.9631578947368421,0.011764705882352941,0.8842105263157894,3.674762133299836,180,0,180,0.0,0.9473684210526315,3.5284478894608475,181,0,181,0.0,0.9526315789473684,2.833800394710553,199,12,187,0.06030150753768844,0.9842105263157894,2.6716326950747313,210,21,189,0.1,0.9947368421052631,1.345227
t_cl,t_cl,250,120,0.6,20,8,195,5,190,186,0,186,0.02564102564102564,1.0,0.0,0.9789473684210527,208,18,190,188,0,188,0.08653846153846154,1.0,0.0,0.9894736842105263,3.6590515170571245,190,0,190,0.0,1.0,3.6590515170571245,190,0,190,0.0,1.0,3.0269167073418064,193,3,190,0.015544041450777202,1.0,2.7035586145823114,200,10,190,0.05,1.0,1.250607
t_cl,t_cl,250,120,0.6,20,9,191,12,179,151,1,150,0.06282722513089005,0.9421052631578948,0.006622516556291391,0.7894736842105263,212,28,184,161,3,158,0.1320754716981132,0.968421052631579,0.018633540372670808,0.8315789473684211,3.6781095853936083,169,0,169,0.0,0.8894736842105263,3.4774321871341254,178,0,178,0.0,0.9368421052631579,2.876249175506782,198,10,188,0.050505050505050504,0.9894736842105263,2.700373763575259,211,22,189,0.10426540284360189,0.9947368421052631,1.3236
t_cl,t_cl,250,120,0.6,20,10,200,11,189,178,1,177,0.055,0.9947368421052631,0.0056179775280898875,0.9315789473684211,206,16,190,183,2,181,0.07766990291262135,1.0,0.01092896174863388,0.9526315789473684,3.6505302713087615,189,0,189,0.0,0.9947368421052631,3.594462709933451,190,0,190,0.0,1.0,2.9893319127686473,196,6,190,0.030612244897959183,1.0,2.801304907358714,204,14,190,0.06862745098039216,1.0,1.198551
t_cl,t_cl,250,120,0.6,20,11,195,15,180,169,0,169,0.07692307692307693,0.9473684210526315,0.0,0.8894736842105263,215,30,185,174,2,172,0.13953488372093023,0.9736842105263158,0.011494252873563218,0.9052631578947369,3.712416447459686,181,0,181,0.0,0.9526315789473684,3.5557286183316688,183,0,183,0.0,0.9631578947368421,2.9009081312427654,202,13,189,0.06435643564356436,0.9947368421052631,2.722617820102969,218,29,189,0.13302752293577982,0.9947368421052631,2.034945
t_cl,t_cl,250,120,0.6,20,12,201,15,186,181,1,180,0.07462686567164178,0.9789473684210527,0.0055248618784530384,0.9473684210526315,212,24,188,184,2,182,0.11320754716981132,0.9894736842105263,0.010869565217391304,0.9578947368421052,3.6922135435999337,188,1,187,0.005319148936170213,0.9842105263157894,3.566141974412744,189,1,188,0.005291005291005291,0.9894736842105263,2.973690367578726,200,10,190,0.05,1.0,2.7967224972454305,210,20,190,0.09523809523809523,1.0,1.415768
t_cl,t_cl,250,120,0.6,20,13,191,11,180,167,2,165,0.05759162303664921,0.9473684210526315,0.011976047904191617,0.868421052631579,207,23,184,172,3,169,0.1111111111111111,0.968421052631579,0.01744186046511628,0.8894736842105263,3.657636026243712,176,1,175,0.005681818181818182,0.9210526315789473,3.448522399417219,183,2,181,0.01092896174863388,0.9526315789473684,2.853656670032966,193,7,186,0.03626943005181347,0.9789473684210527,2.648104562310086,205,19,186,0.09268292682926829,0.9789473684210527,1.231761
t_cl,t_cl,250,120,0.6,20,14,199,10,189,186,0,186,0.05025125628140704,0.9947368421052631,0.0,0.9789473684210527,209,20,189,189,2,187,0.09569377990430622,0.9947368421052631,0.010582010582010581,0.9842105263157894,3.9470106776075227,189,0,189,0.0,0.9947368421052631,3.9470106776075227,189,0,189,0.0,0.9947368421052631,2.9669474606730413,197,8,189,0.04060913705583756,0.9947368421052631,2.7692288480057248,207,17,190,0.0821256038647343,1.0,1.183801
t_cl,t_cl,250,120,0.6,20,15,194,6,188,177,0,177,0.030927835051546393,0.9894736842105263,0.0,0.9315789473684211,209,20,189,185,2,183,0.09569377990430622,0.9947368421052631,0.010810810810810811,0.9631578947368421,3.6654085270789816,188,0,188,0.0,0.9894736842105263,3.534487514740514,189,0,189,0.0,0.9947368421052631,2.905553365954532,196,6,190,0.030612244897959183,1.0,2.747891249519255,202,12,190,0.0594059405940594,1.0,1.385924
t_cl,t_cl,250,120,0.6,20,16,190,9,181,166,0,166,0.04736842105263158,0.9526315789473684,0.0,0.8736842105263158,211,26,185,171,2,169,0.12322274881516587,0.9736842105263158,0.011695906432748537,0.8894736842105263,3.7682095473883477,177,0,177,0.0,0.9315789473684211,3.514644948756524,183,0,183,0.0,0.9631578947368421,2.9316252880446547,195,7,188,0.035897435897435895,0.9894736842105263,2.7579276752361257,212,23,189,0.10849056603773585,0.9947368421052631,1.311756
t_cl,t_cl,250,120,0.6,20,17,193,13,180,160,1,159,0.06735751295336788,0.9473684210526315,0.00625,0.8368421052631579,205,21,184,172,6,166,0.1024390243902439,0.968421052631579,0.03488372093023256,0.8736842105263158,3.721486789016782,177,0,177,0.0,0.9315789473684211,3.489736067049312,181,1,180,0.0055248618784530384,0.9473684210526315,2.933528659156349,201,12,189,0.05970149253731343,0.9947368421052631,2.7590649032525176,207,18,189,0.08695652173913043,0.9947368421052631,1.173202
t_cl,t_cl,250,120,0.6,20,18,190,13,177,168,0,168,0.06842105263157895,0.9315789473684211,0.0,0.8842105263157894,212,29,183,173,1,172,0.13679245283018868,0.9631578947368421,0.005780346820809248,0.9052631578947369,3.701360990027368,177,0,177,0.0,0.9315789473684211,3.469957184687309,180,0,180,0.0,0.9473684210526315,2.8938169624268215,198,9,189,0.045454545454545456,0.9947368421052631,2.7089001581035244,214,25,189,0.11682242990654206,0.9947368421052631,1.255929
t_cl,t_cl,250,120,0.6,20,19,183,8,175,157,1,156,0.04371584699453552,0.9210526315789473,0.006369426751592357,0.8210526315789474,205,25,180,162,1,161,0.12195121951219512,0.9473684210526315,0.006172839506172839,0.8473684210526315,3.686027049323642,173,0,173,0.0,0.9105263157894737,3.465364622657911,175,0,175,0.0,0.9210526315789473,2.952704909006153,194,7,187,0.03608247422680412,0.9842105263157894,2.733831136814293,211,24,187,0.11374407582938388,0.9842105263157894,1.394387
t_cl,t_cl,250,120,0.6,20,20,200,15,185,183,3,180,0.075,0.9736842105263158,0.01639344262295082,0.9473684210526315,211,22,189,186,4,182,0.10426540284360189,0.9947368421052631,0.021505376344086023,0.9578947368421052,3.838168332021097,185,0,185,0.0,0.9736842105263158,3.4344550261306277,188,1,187,0.005319148936170213,0.9842105263157894,2.9363674571136054,199,9,190,0.04522613065326633,1.0,2.7582965427596084,208,18,190,0.08653846153846154,1.0,1.409271
t_cl,t_cl,250,120,0.6,20,21,189,6,183,175,1,174,0.031746031746031744,0.9631578947368421,0.005714285714285714,0.9157894736842105,201,14,187,180,1,179,0.06965174129353234,0.9842105263157894,0.005555555555555556,0.9421052631578948,3.8838769762102325,182,0,182,0.0,0.9578947368421052,3.454831609173525,186,0,186,0.0,0.9789473684210527,2.960806284736316,193,4,189,0.02072538860103627,0.9947368421052631,2.7504363732534745,199,10,189,0.05025125628140704,0.9947368421052631,1.177555
t_cl,t_cl,250,120,0.6,20,22,170,6,164,137,0,137,0.03529411764705882,0.8631578947368421,0.0,0.7210526315789474,185,13,172,147,0,147,0.07027027027027027,0.9052631578947369,0.0,0.7736842105263158,3.6658331926917356,161,0,161,0.0,0.8473684210526315,3.4606165689582986,172,0,172,0.0,0.9052631578947369,2.968278656222273,182,4,178,0.02197802197802198,0.9368421052631579,2.7747296506191668,190,11,179,0.05789473684210526,0.9421052631578948,1.178004
t_cl,t_cl,250,120,0.6,20,23,173,12,161,125,2,123,0.06936416184971098,0.8473684210526315,0.016,0.6473684210526316,187,21,166,134,2,132,0.11229946524064172,0.8736842105263158,0.014925373134328358,0.6947368421052632,3.667669170236617,154,1,153,0.006493506493506494,0.8052631578947368,3.5329991364825832,159,1,158,0.006289308176100629,0.8315789473684211,2.902154844087868,179,10,169,0.055865921787709494,0.8894736842105263,2.7139432332417743,191,18,173,0.09424083769633508,0.9105263157894737,1.301382
t_cl,t_cl,250,120,0.6,20,24,198,10,188,182,0,182,0.050505050505050504,0.9894736842105263,0.0,0.9578947368421052,210,21,189,184,0,184,0.1,0.9947368421052631,0.0,0.968421052631579,3.857069136199796,187,0,187,0.0,0.9842105263157894,3.443069933727545,189,0,189,0.0,0.9947368421052631,2.9319082647073555,197,7,190,0.03553299492385787,1.0,2.7640126821541036,207,17,190,0.0821256038647343,1.0,1.281064
t_cl,t_cl,250,120,0.6,20,25,176,5,171,138,0,138,0.028409090909090908,0.9,0.0,0.7263157894736842,192,15,177,151,0,151,0.078125,0.9315789473684211,0.0,0.7947368421052632,3.655962590498244,162,0,162,0.0,0.8526315789473684,3.4669086085621372,171,0,171,0.0,0.9,2.9060969847928386,190,4,186,0.021052631578947368,0.9789473684210527,2.7718278017586817,197,11,186,0.05583756345177665,0.9789473684210527,1.339414
t_cl,t_cl,250,120,0.6,20,26,196,13,183,169,1,168,0.0663265306122449,0.9631578947368421,0.005917159763313609,0.8842105263157894,213,27,186,178,2,176,0.1267605633802817,0.9789473684210527,0.011235955056179775,0.9263157894736842,3.670939319508107,182,0,182,0.0,0.9578947368421052,3.4966073061471827,184,1,183,0.005434782608695652,0.9631578947368421,2.870463858940366,196,9,187,0.04591836734693878,0.9842105263157894,2.728673863276578,205,17,188,0.08292682926829269,0.9894736842105263,1.195565
t_cl,t_cl,250,120,0.6,20,27,201,13,188,187,2,185,0.06467661691542288,0.9894736842105263,0.0106951871657754,0.9736842105263158,211,23,188,191,4,187,0.10900473933649289,0.9894736842105263,0.020942408376963352,0.9842105263157894,3.6211440024545767,188,0,188,0.0,0.9894736842105263,3.6211440024545767,188,0,188,0.0,0.9894736842105263,2.9349654787502173,196,6,190,0.030612244897959183,1.0,2.7551755093697583,211,21,190,0.0995260663507109,1.0,1.468297
t_cl,t_cl,250,120,0.6,20,28,193,6,187,184,1,183,0.031088082901554404,0.9842105263157894,0.005434782608695652,0.9631578947368421,207,19,188,187,1,186,0.09178743961352658,0.9894736842105263,0.0053475935828877,0.9789473684210527,3.990729244309327,187,0,187,0.0,0.9842105263157894,3.531948173159886,188,0,188,0.0,0.9894736842105263,3.014618164866034,195,6,189,0.03076923076923077,0.9947368421052631,2.762034816029136,206,16,190,0.07766990291262135,1.0,1.245425
t_cl,t_cl,250,120,0.6,20,29,195,11,184,167,1,166,0.05641025641025641,0.968421052631579,0.005988023952095809,0.8736842105263158,210,25,185,178,3,175,0.11904761904761904,0.9736842105263158,0.016853932584269662,0.9210526315789473,3.6818106655680176,183,0,183,0.0,0.9631578947368421,3.6077346174370226,184,0,184,0.0,0.968421052631579,2.915115643488174,198,10,188,0.050505050505050504,0.9894736842105263,2.755414871510357,206,18,188,0.08737864077669903,0.9894736842105263,1.29977
t_cl,t_cl,250,120,0.6,20,30,166,12,154,109,1,108,0.07228915662650602,0.8105263157894737,0.009174311926605505,0.5684210526315789,186,24,162,119,1,118,0.12903225806451613,0.8526315789473684,0.008403361344537815,0.6210526315789474,3.7546808764159976,124,0,124,0.0,0.6526315789473685,3.5297965490009524,137,0,137,0.0,0.7210526315789474,2.8126283414376236,173,11,162,0.06358381502890173,0.8526315789473684,2.650662329370022,187,18,169,0.0962566844919786,0.8894736842105263,1.250666
t_cl,t_cl,250,120,0.6,20,31,195,14,181,159,0,159,0.07179487179487179,0.9526315789473684,0.0,0.8368421052631579,207,22,185,165,0,165,0.10628019323671498,0.9736842105263158,0.0,0.868421052631579,3.634401969934743,179,0,179,0.0,0.9421052631578948,3.569994241832697,182,0,182,0.0,0.9578947368421052,2.8867325439911706,197,10,187,0.050761421319796954,0.9842105263157894,2.7718467519303145,207,20,187,0.0966183574879227,0.9842105263157894,1.287558
t_cl,t_cl,250,120,0.6,20,32,192,10,182,163,1,162,0.052083333333333336,0.9578947368421052,0.006134969325153374,0.8526315789473684,199,17,182,175,3,172,0.08542713567839195,0.9578947368421052,0.017142857142857144,0.9052631578947369,3.719275997352276,180,0,180,0.0,0.9473684210526315,3.5408059381792247,183,1,182,0.00546448087431694,0.9578947368421052,2.8950600110750955,195,7,188,0.035897435897435895,0.9894736842105263,2.7315323554185698,206,17,189,0.0825242718446602,0.9947368421052631,1.280382
t_cl,t_cl,250,120,0.6,20,33,198,11,187,183,2,181,0.05555555555555555,0.9842105263157894,0.01092896174863388,0.9526315789473684,210,22,188,189,3,186,0.10476190476190476,0.9894736842105263,0.015873015873015872,0.9789473684210527,4.028797005147174,187,0,187,0.0,0.9842105263157894,3.499618579925714,189,1,188,0.005291005291005291,0.9894736842105263,2.929888546248837,197,7,190,0.03553299492385787,1.0,2.7394940417859477,207,17,190,0.0821256038647343,1.0,1.28389
t_cl,t_cl,250,120,0.6,20,34,180,10,170,146,2,144,0.05555555555555555,0.8947368421052632,0.0136986301369863,0.7578947368421053,195,19,176,159,3,156,0.09743589743589744,0.9263157894736842,0.018867924528301886,0.8210526315789474,3.6522060344738847,166,0,166,0.0,0.8736842105263158,3.4818129405464213,170,0,170,0.0,0.8947368421052632,2.8627107708519834,192,9,183,0.046875,0.9631578947368421,2.700491202444185,201,15,186,0.07462686567164178,0.9789473684210527,1.323654
t_cl,t_cl,250,120,0.6,20,35,154,7,147,113,0,113,0.045454545454545456,0.7736842105263158,0.0,0.5947368421052631,170,13,157,127,0,127,0.07647058823529412,0.8263157894736842,0.0,0.6684210526315789,3.711830742935765,142,0,142,0.0,0.7473684210526316,3.4949050159689348,148,0,148,0.0,0.7789473684210526,2.944838663105647,169,7,162,0.04142011834319527,0.8526315789473684,2.75561475111934,181,10,171,0.055248618784530384,0.9,1.383276
t_cl,t_cl,250,120,0.6,20,36,195,14,181,166,1,165,0.07179487179487179,0.9526315789473684,0.006024096385542169,0.868421052631579,202,16,186,171,2,169,0.07920792079207921,0.9789473684210527,0.011695906432748537,0.8894736842105263,3.6607811668907675,182,1,181,0.005494505494505495,0.9526315789473684,3.5181860143704116,184,1,183,0.005434782608695652,0.9631578947368421,2.9660320617513656,197,9,188,0.04568527918781726,0.9894736842105263,2.8089997428411975,204,16,188,0.0784313725490196,0.9894736842105263,1.276387
t_cl,t_cl,250,120,0.6,20,37,202,12,190,186,1,185,0.0594059405940594,1.0,0.005376344086021506,0.9736842105263158,216,26,190,192,4,188,0.12037037037037036,1.0,0.020833333333333332,0.9894736842105263,3.6651878342240223,191,1,190,0.005235602094240838,1.0,3.6651878342240223,191,1,190,0.005235602094240838,1.0,2.8667400804021135,198,8,190,0.04040404040404041,1.0,2.6728577223650536,207,17,190,0.0821256038647343,1.0,1.257941
t_cl,t_cl,250,120,0.6,20,38,201,11,190,187,0,187,0.05472636815920398,1.0,0.0,0.9842105263157894,211,21,190,189,1,188,0.0995260663507109,1.0,0.005291005291005291,0.9894736842105263,3.7983757054366785,190,0,190,0.0,1.0,3.7983757054366785,190,0,190,0.0,1.0,2.997722337527116,199,9,190,0.04522613065326633,1.0,2.7649572912418914,206,16,190,0.07766990291262135,1.0,1.221858
t_cl,t_cl,250,120,0.6,20,39,198,11,187,179,0,179,0.05555555555555555,0.9842105263157894,0.0,0.9421052631578948,212,24,188,181,0,181,0.11320754716981132,0.9894736842105263,0.0,0.9526315789473684,3.88932483285476,185,0,185,0.0,0.9736842105263158,3.498055398359811,187,0,187,0.0,0.9842105263157894,2.9739073556899895,195,6,189,0.03076923076923077,0.9947368421052631,2.7556280744485417,210,21,189,0.1,0.9947368421052631,1.279973
t_cl,t_cl,250,120,0.6,20,40,179,10,169,150,3,147,0.055865921787709494,0.8894736842105263,0.02,0.7736842105263158,202,23,179,158,4,154,0.11386138613861387,0.9421052631578948,0.02531645569620253,0.8105263157894737,3.7171559657551665,166,0,166,0.0,0.8736842105263158,3.453951932240133,174,0,174,0.0,0.9157894736842105,2.881252391079951,192,7,185,0.036458333333333336,0.9736842105263158,2.706925109994777,208,21,187,0.10096153846153846,0.9842105263157894,1.238354
t_cl,t_cl,250,120,0.6,20,41,127,9,118,67,0,67,0.07086614173228346,0.6210526315789474,0.0,0.3526315789473684,141,14,127,86,0,86,0.09929078014184398,0.6684210526315789,0.0,0.45263157894736844,3.822724537043847,97,0,97,0.0,0.5105263157894737,3.5870079021433003,106,0,106,0.0,0.5578947368421052,2.930130800974378,139,9,130,0.06474820143884892,0.6842105263157895,2.7540351803140823,157,16,141,0.10191082802547771,0.7421052631578947,1.282975
t_cl,t_cl,250,120,0.6,20,42,198,9,189,183,0,183,0.045454545454545456,0.9947368421052631,0.0,0.9631578947368421,213,23,190,185,1,184,0.107981220657277,1.0,0.005405405405405406,0.968421052631579,3.8206796719486444,188,0,188,0.0,0.9894736842105263,3.4798140340013908,190,0,190,0.0,1.0,2.9729442080062096,195,5,190,0.02564102564102564,1.0,2.7927068622985582,204,14,190,0.06862745098039216,1.0,1.2722
t_cl,t_cl,250,120,0.6,20,43,188,12,176,164,2,162,0.06382978723404255,0.9263157894736842,0.012195121951219513,0.8526315789473684,212,31,181,169,3,166,0.14622641509433962,0.9526315789473684,0.01775147928994083,0.8736842105263158,3.6705479220947663,174,0,174,0.0,0.9157894736842105,3.480053998291984,178,1,177,0.0056179775280898875,0.9315789473684211,2.8803503033878957,197,12,185,0.06091370558375635,0.9736842105263158,2.6913965664310187,213,27,186,0.1267605633802817,0.9789473684210527,1.415661
t_cl,t_cl,250,120,0.6,20,44,173,12,161,126,1,125,0.06936416184971098,0.8473684210526315,0.007936507936507936,0.6578947368421053,187,19,168,138,2,136,0.10160427807486631,0.8842105263157894,0.014492753623188406,0.7157894736842105,3.6746064282710016,155,0,155,0.0,0.8157894736842105,3.5234870443431507,159,1,158,0.006289308176100629,0.8315789473684211,2.918388444396292,186,11,175,0.05913978494623656,0.9210526315789473,2.7462150222572093,197,18,179,0.09137055837563451,0.9421052631578948,1.225813
t_cl,t_cl,250,120,0.6,20,45,200,11,189,183,1,182,0.055,0.9947368421052631,0.00546448087431694,0.9578947368421052,213,24,189,184,1,183,0.11267605633802817,0.9947368421052631,0.005434782608695652,0.9631578947368421,3.62271468606153,189,1,188,0.005291005291005291,0.9894736842105263,3.5955284362627284,190,1,189,0.005263157894736842,0.9947368421052631,2.9002312015181024,198,8,190,0.04040404040404041,1.0,2.7243162391208875,206,16,190,0.07766990291262135,1.0,1.217589
t_cl,t_cl,250,120,0.6,20,46,199,13,186,178,3,175,0.06532663316582915,0.9789473684210527,0.016853932584269662,0.9210526315789473,211,23,188,184,4,180,0.10900473933649289,0.9894736842105263,0.021739130434782608,0.9473684210526315,3.6196418333179685,185,0,185,0.0,0.9736842105263158,3.552681465586274,188,2,186,0.010638297872340425,0.9789473684210527,2.947845376857888,199,10,189,0.05025125628140704,0.9947368421052631,2.718881261831275,211,22,189,0.10426540284360189,0.9947368421052631,1.41776
t_cl,t_cl,250,120,0.6,20,47,195,10,185,161,0,161,0.05128205128205128,0.9736842105263158,0.0,0.8473684210526315,203,15,188,173,0,173,0.07389162561576355,0.9894736842105263,0.0,0.9105263157894737,3.6406550542387093,184,0,184,0.0,0.968421052631579,3.44391295404095,186,0,186,0.0,0.9789473684210527,2.9532699574042622,193,5,188,0.025906735751295335,0.9894736842105263,2.7772203804106477,203,14,189,0.06896551724137931,0.9947368421052631,1.176025
t_cl,t_cl,250,120,0.6,20,48,198,9,189,191,4,187,0.045454545454545456,0.9947368421052631,0.020942408376963352,0.9842105263157894,212,22,190,193,5,188,0.10377358490566038,1.0,0.025906735751295335,0.9894736842105263,3.6952980023167274,190,1,189,0.005263157894736842,0.9947368421052631,3.4339030677406357,192,2,190,0.010416666666666666,1.0,3.0722653678057994,196,6,190,0.030612244897959183,1.0,2.7838777281288314,206,16,190,0.07766990291262135,1.0,1.269457
t_cl,t_cl,250,120,0.6,20,49,192,7,185,169,1,168,0.036458333333333336,0.9736842105263158,0.005917159763313609,0.8842105263157894,210,24,186,176,1,175,0.11428571428571428,0.9789473684210527,0.005681818181818182,0.9210526315789473,3.7504778500100318,182,0,182,0.0,0.9578947368421052,3.5226414165002877,185,0,185,0.0,0.9736842105263158,2.9212729717936963,191,5,186,0.02617801047120419,0.9789473684210527,2.7614592247580783,208,20,188,0.09615384615384616,0.9894736842105263,1.181591
t_cl,t_cl,250,120,0.6,20,50,186,9,177,160,1,159,0.04838709677419355,0.9315789473684211,0.00625,0.8368421052631579,199,17,182,169,1,168,0.08542713567839195,0.9578947368421052,0.005917159763313609,0.8842105263157894,3.6765924389585893,175,0,175,0.0,0.9210526315789473,3.4857736114081947,179,0,179,0.0,0.9421052631578948,2.876901341650914,191,7,184,0.03664921465968586,0.968421052631579,2.70508857330514,204,15,189,0.07352941176470588,0.9947368421052631,1.370943
t_cl,t_cl,250,120,0.6,20,51,186,8,178,139,0,139,0.043010752688172046,0.9368421052631579,0.0,0.7315789473684211,208,22,186,154,1,153,0.10576923076923077,0.9789473684210527,0.006493506493506494,0.8052631578947368,3.6491158013753564,174,0,174,0.0,0.9157894736842105,3.4874825533108775,178,0,178,0.0,0.9368421052631579,2.8664192574955956,197,8,189,0.04060913705583756,0.9947368421052631,2.704271912829424,207,18,189,0.08695652173913043,0.9947368421052631,1.409951
t_cl,t_cl,250,120,0.6,20,52,189,18,171,134,4,130,0.09523809523809523,0.9,0.029850746268656716,0.6842105263157895,207,29,178,150,7,143,0.14009661835748793,0.9368421052631579,0.04666666666666667,0.7526315789473684,3.667476129068524,162,1,161,0.006172839506172839,0.8473684210526315,3.4729906124839394,174,2,172,0.011494252873563218,0.9052631578947369,2.8809660257362255,199,15,184,0.07537688442211055,0.968421052631579,2.7404881179005764,214,27,187,0.1261682242990654,0.9842105263157894,1.23714
t_cl,t_cl,250,120,0.6,20,53,194,8,186,177,1,176,0.041237113402061855,0.9789473684210527,0.005649717514124294,0.9263157894736842,209,20,189,180,1,179,0.09569377990430622,0.9947368421052631,0.005555555555555556,0.9421052631578948,3.639187762545962,187,0,187,0.0,0.9842105263157894,3.4370398589730473,189,0,189,0.0,0.9947368421052631,2.9613193079888513,196,6,190,0.030612244897959183,1.0,2.783035784929364,205,15,190,0.07317073170731707,1.0,1.233002
t_cl,t_cl,250,120,0.6,20,54,195,12,183,166,0,166,0.06153846153846154,0.9631578947368421,0.0,0.8736842105263158,218,29,189,176,3,173,0.13302752293577982,0.9947368421052631,0.017045454545454544,0.9105263157894737,3.6626209348308296,185,0,185,0.0,0.9736842105263158,3.4537189909492145,188,0,188,0.0,0.9894736842105263,2.9836379498543653,200,10,190,0.05,1.0,2.7633429367582627,214,24,190,0.11214953271028037,1.0,1.252667
t_cl,t_cl,250,120,0.6,20,55,192,10,182,169,0,169,0.052083333333333336,0.9578947368421052,0.0,0.8894736842105263,204,19,185,174,1,173,0.09313725490196079,0.9736842105263158,0.005747126436781609,0.9105263157894737,3.6934095485166067,181,0,181,0.0,0.9526315789473684,3.51583800465327,183,0,183,0.0,0.9631578947368421,2.908468542211284,196,8,188,0.04081632653061224,0.9894736842105263,2.755952896746008,199,11,188,0.05527638190954774,0.9894736842105263,1.398812
t_cl,t_cl,250,120,0.6,20,56,197,11,186,181,0,181,0.05583756345177665,0.9789473684210527,0.0,0.9526315789473684,208,21,187,184,0,184,0.10096153846153846,0.9842105263157894,0.0,0.968421052631579,3.851096748053006,186,0,186,0.0,0.9789473684210527,3.5153440364593815,187,0,187,0.0,0.9842105263157894,2.9991399605103544,193,4,189,0.02072538860103627,0.9947368421052631,2.7356329180828203,207,17,190,0.0821256038647343,1.0,1.2192
t_cl,t_cl,250,120,0.6,20,57,172,7,165,135,0,135,0.040697674418604654,0.868421052631579,0.0,0.7105263157894737,191,19,172,140,1,139,0.09947643979057591,0.9052631578947369,0.007142857142857143,0.7315789473684211,3.697797831328751,156,0,156,0.0,0.8210526315789474,3.521521959005653,166,0,166,0.0,0.8736842105263158,2.9258723627754173,186,6,180,0.03225806451612903,0.9473684210526315,2.7485197847544316,199,17,182,0.08542713567839195,0.9578947368421052,1.243764
t_cl,t_cl,250,120,0.6,20,58,192,11,181,167,1,166,0.057291666666666664,0.9526315789473684,0.005988023952095809,0.8736842105263158,209,21,188,174,2,172,0.10047846889952153,0.9894736842105263,0.011494252873563218,0.9052631578947369,3.71131805739819,176,1,175,0.005681818181818182,0.9210526315789473,3.4759348859594525,179,1,178,0.00558659217877095,0.9368421052631579,2.8769677948898043,197,8,189,0.04060913705583756,0.9947368421052631,2.6933820848596235,206,17,189,0.0825242718446602,0.9947368421052631,1.211295
t_cl,t_cl,250,120,0.6,20,59,173,8,165,129,0,129,0.046242774566473986,0.868421052631579,0.0,0.6789473684210526,186,16,170,140,0,140,0.08602150537634409,0.8947368421052632,0.0,0.7368421052631579,3.7288734008433244,157,0,157,0.0,0.8263157894736842,3.500769999073252,164,0,164,0.0,0.8631578947368421,2.9261334217301562,181,4,177,0.022099447513812154,0.9315789473684211,2.7627042570350753,194,14,180,0.07216494845360824,0.9473684210526315,1.430476
t_cl,t_cl,250,120,0.6,20,60,188,12,176,139,1,138,0.06382978723404255,0.9263157894736842,0.007194244604316547,0.7263157894736842,203,21,182,148,2,146,0.10344827586206896,0.9578947368421052,0.013513513513513514,0.7684210526315789,3.6816114438431717,171,0,171,0.0,0.9,3.4830237133955926,177,0,177,0.0,0.9315789473684211,2.9541307781678197,197,11,186,0.05583756345177665,0.9789473684210527,2.773808340724902,206,20,186,0.0970873786407767,0.9789473684210527,1.324586
t_cl,t_cl,250,120,0.6,20,61,183,10,173,135,1,134,0.0546448087431694,0.9105263157894737,0.007407407407407408,0.7052631578947368,204,26,178,152,4,148,0.12745098039215685,0.9368421052631579,0.02631578947368421,0.7789473684210526,3.6570579373980006,159,0,159,0.0,0.8368421052631579,3.469303341674507,167,0,167,0.0,0.8789473684210526,2.830543472014283,191,9,182,0.04712041884816754,0.9578947368421052,2.6613411767955824,205,20,185,0.0975609756097561,0.9736842105263158,1.181087
t_cl,t_cl,250,120,0.6,20,62,186,10,176,143,1,142,0.053763440860215055,0.9263157894736842,0.006993006993006993,0.7473684210526316,202,22,180,155,3,152,0.10891089108910891,0.9473684210526315,0.01935483870967742,0.8,3.7017260174285447,174,1,173,0.005747126436781609,0.9105263157894737,3.4829288811072665,177,1,176,0.005649717514124294,0.9263157894736842,3.0246792433412724,191,9,182,0.04712041884816754,0.9578947368421052,2.786267800427076,202,18,184,0.0891089108910891,0.968421052631579,1.284395
t_cl,t_cl,250,120,0.6,20,63,191,8,183,160,1,159,0.041884816753926704,0.9631578947368421,0.00625,0.8368421052631579,205,20,185,175,2,173,0.0975609756097561,0.9736842105263158,0.011428571428571429,0.9105263157894737,3.6577594795359993,182,0,182,0.0,0.9578947368421052,3.4500288040108122,183,0,183,0.0,0.9631578947368421,3.050226911491112,190,3,187,0.015789473684210527,0.9842105263157894,2.807785548803706,203,15,188,0.07389162561576355,0.9894736842105263,1.262544
t_cl,t_cl,250,120,0.6,20,64,206,23,183,156,0,156,0.11165048543689321,0.9631578947368421,0.0,0.8210526315789474,219,34,185,165,0,165,0.1552511415525114,0.9736842105263158,0.0,0.868421052631579,3.6958587321757994,179,0,179,0.0,0.9421052631578948,3.444049167318946,184,0,184,0.0,0.968421052631579,2.9541932957575137,200,12,188,0.06,0.9894736842105263,2.7745106249559193,217,28,189,0.12903225806451613,0.9947368421052631,1.317253
t_cl,t_cl,250,120,0.6,20,65,198,10,188,186,0,186,0.050505050505050504,0.9894736842105263,0.0,0.9789473684210527,207,18,189,190,3,187,0.08695652173913043,0.9947368421052631,0.015789473684210527,0.9842105263157894,3.963407586552367,188,0,188,0.0,0.9894736842105263,3.963407586552367,188,0,188,0.0,0.9894736842105263,3.05658043158045,195,6,189,0.03076923076923077,0.9947368421052631,2.894336181014151,199,9,190,0.04522613065326633,1.0,1.21703
t_cl,t_cl,250,120,0.6,20,66,203,14,189,185,1,184,0.06896551724137931,0.9947368421052631,0.005405405405405406,0.968421052631579,222,33,189,190,3,187,0.14864864864864866,0.9947368421052631,0.015789473684210527,0.9842105263157894,3.611696820512992,190,1,189,0.005263157894736842,0.9947368421052631,3.611696820512992,190,1,189,0.005263157894736842,0.9947368421052631,2.9502923495640863,201,11,190,0.05472636815920398,1.0,2.7542369197141756,212,22,190,0.10377358490566038,1.0,1.253169
t_cl,t_cl,250,120,0.6,20,67,175,8,167,132,2,130,0.045714285714285714,0.8789473684210526,0.015151515151515152,0.6842105263157895,198,22,176,151,2,149,0.1111111111111111,0.9263157894736842,0.013245033112582781,0.7842105263157895,3.6906207568745626,162,0,162,0.0,0.8526315789473684,3.461993162643045,168,0,168,0.0,0.8842105263157894,2.883893664263367,189,8,181,0.042328042328042326,0.9526315789473684,2.718743232166357,202,19,183,0.09405940594059406,0.9631578947368421,1.403199
t_cl,t_cl,250,120,0.6,20,68,171,6,165,134,1,133,0.03508771929824561,0.868421052631579,0.007462686567164179,0.7,191,18,173,144,2,142,0.09424083769633508,0.9105263157894737,0.013888888888888888,0.7473684210526316,3.666628106461243,157,1,156,0.006369426751592357,0.8210526315789474,3.4926984850203113,166,1,165,0.006024096385542169,0.868421052631579,2.9490260335144707,184,5,179,0.02717391304347826,0.9421052631578948,2.71335773825272,199,18,181,0.09045226130653267,0.9526315789473684,1.278814
t_cl,t_cl,250,120,0.6,20,69,201,11,190,188,1,187,0.05472636815920398,1.0,0.005319148936170213,0.9842105263157894,207,17,190,194,5,189,0.0821256038647343,1.0,0.02577319587628866,0.9947368421052631,3.9808671458579297,190,0,190,0.0,1.0,3.46614782538479,191,1,190,0.005235602094240838,1.0,2.9080360114279076,200,10,190,0.05,1.0,2.7375699269689333,204,14,190,0.06862745098039216,1.0,1.21561
t_cl,t_cl,250,120,0.6,20,70,198,11,187,175,1,174,0.05555555555555555,0.9842105263157894,0.005714285714285714,0.9157894736842105,211,23,188,182,3,179,0.10900473933649289,0.9894736842105263,0.016483516483516484,0.9421052631578948,3.6320834119953926,187,0,187,0.0,0.9842105263157894,3.6320834119953926,187,0,187,0.0,0.9842105263157894,2.911758212802183,195,6,189,0.03076923076923077,0.9947368421052631,2.7451589126876375,209,19,190,0.09090909090909091,1.0,1.262945
t_cl,t_cl,250,120,0.6,20,71,189,11,178,162,2,160,0.0582010582010582,0.9368421052631579,0.012345679012345678,0.8421052631578947,208,22,186,171,3,168,0.10576923076923077,0.9789473684210527,0.017543859649122806,0.8842105263157894,3.6436164296158533,178,0,178,0.0,0.9368421052631579,3.4414744735575082,183,1,182,0.00546448087431694,0.9578947368421052,2.9446603120825467,195,7,188,0.035897435897435895,0.9894736842105263,2.7569907115980343,206,18,188,0.08737864077669903,0.9894736842105263,1.274771
t_cl,t_cl,250,120,0.6,20,72,201,18,183,161,0,161,0.08955223880597014,0.9631578947368421,0.0,0.8473684210526315,216,32,184,170,1,169,0.14814814814814814,0.968421052631579,0.0058823529411764705,0.8894736842105263,3.6337352562494156,182,0,182,0.0,0.9578947368421052,3.4487445002644384,184,0,184,0.0,0.968421052631579,2.9614846118211045,200,12,188,0.06,0.9894736842105263,2.766615133290311,218,29,189,0.13302752293577982,0.9947368421052631,1.318814
t_cl,t_cl,250,120,0.6,20,73,166,11,155,118,0,118,0.06626506024096386,0.8157894736842105,0.0,0.6210526315789474,180,16,164,137,3,134,0.08888888888888889,0.8631578947368421,0.021897810218978103,0.7052631578947368,3.688589572169682,148,0,148,0.0,0.7789473684210526,3.5231969294540804,152,0,152,0.0,0.8,2.9102395166992343,185,11,174,0.05945945945945946,0.9157894736842105,2.7505871292185065,196,16,180,0.08163265306122448,0.9473684210526315,1.181935
t_cl,t_cl,250,120,0.6,20,74,192,11,181,166,1,165,0.057291666666666664,0.9526315789473684,0.006024096385542169,0.868421052631579,215,29,186,174,2,172,0.13488372093023257,0.9789473684210527,0.011494252873563218,0.9052631578947369,3.6730771117114958,182,1,181,0.005494505494505495,0.9526315789473684,3.467245342230278,184,1,183,0.005434782608695652,0.9631578947368421,2.9207569603130437,197,9,188,0.04568527918781726,0.9894736842105263,2.7621291520679008,212,22,190,0.10377358490566038,1.0,1.274209
t_cl,t_cl,250,120,0.6,20,75,188,15,173,149,2,147,0.0797872340425532,0.9105263157894737,0.013422818791946308,0.7736842105263158,199,22,177,163,5,158,0.11055276381909548,0.9315789473684211,0.03067484662576687,0.8315789473684211,3.688862882677307,173,1,172,0.005780346820809248,0.9052631578947369,3.504654123258399,174,1,173,0.005747126436781609,0.9105263157894737,2.894862468988794,199,13,186,0.06532663316582915,0.9789473684210527,2.738859535800118,209,21,188,0.10047846889952153,0.9894736842105263,1.345749
t_cl,t_cl,250,120,0.6,20,76,191,11,180,164,1,163,0.05759162303664921,0.9473684210526315,0.006097560975609756,0.8578947368421053,207,22,185,172,2,170,0.10628019323671498,0.9736842105263158,0.011627906976744186,0.8947368421052632,3.709217886491115,177,0,177,0.0,0.9315789473684211,3.460461840662559,184,1,183,0.005434782608695652,0.9631578947368421,2.8845468650802,196,6,190,0.030612244897959183,1.0,2.6680829522015377,211,21,190,0.0995260663507109,1.0,1.339677
t_cl,t_cl,250,120,0.6,20,77,203,17,186,183,0,183,0.08374384236453201,0.9789473684210527,0.0,0.9631578947368421,217,31,186,187,2,185,0.14285714285714285,0.9789473684210527,0.0106951871657754,0.9736842105263158,3.913895827531205,186,0,186,0.0,0.9789473684210527,3.913895827531205,186,0,186,0.0,0.9789473684210527,2.8788786742628414,199,11,188,0.05527638190954774,0.9894736842105263,2.710987833149629,209,21,188,0.10047846889952153,0.9894736842105263,1.191889
t_cl,t_cl,250,120,0.6,20,78,182,10,172,141,2,139,0.054945054945054944,0.9052631578947369,0.014184397163120567,0.7315789473684211,193,18,175,150,2,148,0.09326424870466321,0.9210526315789473,0.013333333333333334,0.7789473684210526,3.6462290430385615,166,1,165,0.006024096385542169,0.868421052631579,3.5019190385922414,172,2,170,0.011627906976744186,0.8947368421052632,2.8841380952791718,188,9,179,0.047872340425531915,0.9421052631578948,2.702697149576533,197,17,180,0.08629441624365482,0.9473684210526315,1.241722
t_cl,t_cl,250,120,0.6,20,79,206,17,189,188,2,186,0.0825242718446602,0.9947368421052631,0.010638297872340425,0.9789473684210527,214,25,189,192,5,187,0.11682242990654206,0.9947368421052631,0.026041666666666668,0.9842105263157894,3.683288900937682,190,1,189,0.005263157894736842,0.9947368421052631,3.453631145598553,191,2,189,0.010471204188481676,0.9947368421052631,2.968130961917973,205,15,190,0.07317073170731707,1.0,2.7991262016860676,212,22,190,0.10377358490566038,1.0,1.244429
t_cl,t_cl,250,120,0.6,20,80,195,16,179,162,0,162,0.08205128205128205,0.9421052631578948,0.0,0.8526315789473684,208,23,185,169,1,168,0.11057692307692307,0.9736842105263158,0.005917159763313609,0.8842105263157894,3.6883650057828268,180,0,180,0.0,0.9473684210526315,3.4430517667025917,183,0,183,0.0,0.9631578947368421,2.945440613563313,200,12,188,0.06,0.9894736842105263,2.774945855206264,209,21,188,0.10047846889952153,0.9894736842105263,1.249355
t_cl,t_cl,250,120,0.6,20,81,169,9,160,105,0,105,0.05325443786982249,0.8421052631578947,0.0,0.5526315789473685,197,29,168,125,2,123,0.14720812182741116,0.8842105263157894,0.016,0.6473684210526316,3.6701910429535953,152,0,152,0.0,0.8,3.4951279613635227,158,0,158,0.0,0.8315789473684211,2.896509101096782,184,9,175,0.04891304347826087,0.9210526315789473,2.737000261598273,203,26,177,0.12807881773399016,0.9315789473684211,1.38769
t_cl,t_cl,250,120,0.6,20,82,199,11,188,185,2,183,0.05527638190954774,0.9894736842105263,0.010810810810810811,0.9631578947368421,212,22,190,185,2,183,0.10377358490566038,1.0,0.010810810810810811,0.9631578947368421,3.766777955254571,188,0,188,0.0,0.9894736842105263,3.4431297553957054,191,2,189,0.010471204188481676,0.9947368421052631,2.964101808482592,197,7,190,0.03553299492385787,1.0,2.767643532362602,205,15,190,0.07317073170731707,1.0,1.227872
t_cl,t_cl,250,120,0.6,20,83,210,20,190,188,1,187,0.09523809523809523,1.0,0.005319148936170213,0.9842105263157894,221,31,190,191,2,189,0.14027149321266968,1.0,0.010471204188481676,0.9947368421052631,4.059785999042136,189,0,189,0.0,0.9947368421052631,3.4260539119132427,191,1,190,0.005235602094240838,1.0,2.898897276853333,201,11,190,0.05472636815920398,1.0,2.7363349147959424,218,28,190,0.12844036697247707,1.0,1.400271
t_cl,t_cl,250,120,0.6,20,84,195,9,186,176,1,175,0.046153846153846156,0.9789473684210527,0.005681818181818182,0.9210526315789473,209,20,189,179,1,178,0.09569377990430622,0.9947368421052631,0.00558659217877095,0.9368421052631579,3.636423073155067,186,0,186,0.0,0.9789473684210527,3.5297396735701505,190,1,189,0.005263157894736842,0.9947368421052631,2.9217405694981946,197,7,190,0.03553299492385787,1.0,2.8037504793173387,206,16,190,0.07766990291262135,1.0,1.217251
t_cl,t_cl,250,120,0.6,20,85,206,17,189,180,4,176,0.0825242718446602,0.9947368421052631,0.022222222222222223,0.9263157894736842,219,30,189,185,4,181,0.136986301369863,0.9947368421052631,0.021621621621621623,0.9526315789473684,3.6971105293614817,189,0,189,0.0,0.9947368421052631,3.4956494094318504,190,1,189,0.005263157894736842,0.9947368421052631,3.0055214188292103,199,9,190,0.04522613065326633,1.0,2.7584945635520044,213,23,190,0.107981220657277,1.0,1.329853
t_cl,t_cl,250,120,0.6,20,86,194,10,184,172,1,171,0.05154639175257732,0.968421052631579,0.005813953488372093,0.9,210,24,186,179,1,178,0.11428571428571428,0.9789473684210527,0.00558659217877095,0.9368421052631579,3.6520916900884806,184,0,184,0.0,0.968421052631579,3.6520916900884806,184,0,184,0.0,0.968421052631579,2.926509120739591,197,8,189,0.04060913705583756,0.9947368421052631,2.7550714318956873,207,18,189,0.08695652173913043,0.9947368421052631,1.348386
t_cl,t_cl,250,120,0.6,20,87,187,6,181,153,0,153,0.03208556149732621,0.9526315789473684,0.0,0.8052631578947368,202,15,187,161,0,161,0.07425742574257425,0.9842105263157894,0.0,0.8473684210526315,3.63452369489695,177,0,177,0.0,0.9315789473684211,3.4804699516040465,181,0,181,0.0,0.9526315789473684,2.965273030076861,189,4,185,0.021164021164021163,0.9736842105263158,2.74332028347643,197,12,185,0.06091370558375635,0.9736842105263158,1.166668
t_cl,t_cl,250,120,0.6,20,88,171,12,159,122,2,120,0.07017543859649122,0.8368421052631579,0.01639344262295082,0.631578947368421,202,30,172,137,3,134,0.1485148514851485,0.9052631578947369,0.021897810218978103,0.7052631578947368,3.6902049604626668,147,0,147,0.0,0.7736842105263158,3.4809398505883453,156,0,156,0.0,0.8210526315789474,2.8896297449844544,188,11,177,0.05851063829787234,0.9315789473684211,2.655489192634584,211,30,181,0.14218009478672985,0.9526315789473684,1.303655
t_cl,t_cl,250,120,0.6,20,89,174,8,166,127,0,127,0.04597701149425287,0.8736842105263158,0.0,0.6684210526315789,194,17,177,141,0,141,0.08762886597938144,0.9315789473684211,0.0,0.7421052631578947,3.6839577007869715,157,0,157,0.0,0.8263157894736842,3.472399913910113,163,0,163,0.0,0.8578947368421053,2.910143161017778,186,7,179,0.03763440860215054,0.9421052631578948,2.740800911064935,194,13,181,0.06701030927835051,0.9526315789473684,1.220373
t_cl,t_cl,250,120,0.6,20,90,165,7,158,117,0,117,0.04242424242424243,0.8315789473684211,0.0,0.6157894736842106,190,20,170,133,0,133,0.10526315789473684,0.8947368421052632,0.0,0.7,3.694208015743134,151,0,151,0.0,0.7947368421052632,3.4900248879844704,159,0,159,0.0,0.8368421052631579,2.918610111218436,185,7,178,0.03783783783783784,0.9368421052631579,2.752172362060544,198,17,181,0.08585858585858586,0.9526315789473684,1.382717
t_cl,t_cl,250,120,0.6,20,91,187,7,180,161,0,161,0.0374331550802139,0.9473684210526315,0.0,0.8473684210526315,200,17,183,168,0,168,0.085,0.9631578947368421,0.0,0.8842105263157894,3.7153611330688037,174,0,174,0.0,0.9157894736842105,3.44801757845587,176,0,176,0.0,0.9263157894736842,2.8853275040291653,186,4,182,0.021505376344086023,0.9578947368421052,2.7322022626858358,195,11,184,0.05641025641025641,0.968421052631579,1.3478
t_cl,t_cl,250,120,0.6,20,92,194,13,181,160,1,159,0.06701030927835051,0.9526315789473684,0.00625,0.8368421052631579,206,21,185,171,2,169,0.10194174757281553,0.9736842105263158,0.011695906432748537,0.8894736842105263,3.6299517291252688,180,0,180,0.0,0.9473684210526315,3.47259387124877,181,0,181,0.0,0.9526315789473684,2.9616750784343857,199,10,189,0.05025125628140704,0.9947368421052631,2.7293249080879654,208,19,189,0.09134615384615384,0.9947368421052631,1.176187
t_cl,t_cl,250,120,0.6,20,93,194,7,187,176,0,176,0.03608247422680412,0.9842105263157894,0.0,0.9263157894736842,199,12,187,182,1,181,0.06030150753768844,0.9842105263157894,0.005494505494505495,0.9526315789473684,3.964353227572136,186,0,186,0.0,0.9789473684210527,3.608543790936612,187,0,187,0.0,0.9842105263157894,2.961301803814652,195,5,190,0.02564102564102564,1.0,2.7618721016437298,198,8,190,0.04040404040404041,1.0,1.255866
t_cl,t_cl,250,120,0.6,20,94,192,12,180,151,1,150,0.0625,0.9473684210526315,0.006622516556291391,0.7894736842105263,212,27,185,161,3,158,0.12735849056603774,0.9736842105263158,0.018633540372670808,0.8315789473684211,3.6326116005840396,176,1,175,0.005681818181818182,0.9210526315789473,3.440845989906287,183,1,182,0.00546448087431694,0.9578947368421052,2.9024343176606284,200,11,189,0.055,0.9947368421052631,2.719988375707453,211,22,189,0.10426540284360189,0.9947368421052631,1.369885
t_cl,t_cl,250,120,0.6,20,95,193,10,183,169,1,168,0.05181347150259067,0.9631578947368421,0.005917159763313609,0.8842105263157894,201,18,183,177,2,175,0.08955223880597014,0.9631578947368421,0.011299435028248588,0.9210526315789473,3.668476888807564,183,1,182,0.00546448087431694,0.9578947368421052,3.5521010021892696,184,1,183,0.005434782608695652,0.9631578947368421,2.928378415788463,197,9,188,0.04568527918781726,0.9894736842105263,2.7609715919031994,206,17,189,0.0825242718446602,0.9947368421052631,1.311499
t_cl,t_cl,250,120,0.6,20,96,189,5,184,168,0,168,0.026455026455026454,0.968421052631579,0.0,0.8842105263157894,204,17,187,174,0,174,0.08333333333333333,0.9842105263157894,0.0,0.9157894736842105,3.6699193923956,183,0,183,0.0,0.9631578947368421,3.4720061778738884,185,0,185,0.0,0.9736842105263158,2.9226522553275154,193,4,189,0.02072538860103627,0.9947368421052631,2.74800183187262,204,15,189,0.07352941176470588,0.9947368421052631,1.189598
t_cl,t_cl,250,120,0.6,20,97,191,10,181,155,1,154,0.05235602094240838,0.9526315789473684,0.0064516129032258064,0.8105263157894737,206,24,182,168,2,166,0.11650485436893204,0.9578947368421052,0.011904761904761904,0.8736842105263158,3.660733834773535,180,1,179,0.005555555555555556,0.9421052631578948,3.4970070989971798,182,1,181,0.005494505494505495,0.9526315789473684,2.9493297789775594,194,8,186,0.041237113402061855,0.9789473684210527,2.7559105729185647,205,18,187,0.08780487804878048,0.9842105263157894,1.227385
t_cl,t_cl,250,120,0.6,20,98,196,9,187,173,1,172,0.04591836734693878,0.9842105263157894,0.005780346820809248,0.9052631578947369,211,24,187,177,1,176,0.11374407582938388,0.9842105263157894,0.005649717514124294,0.9263157894736842,3.6947729748384086,186,0,186,0.0,0.9789473684210527,3.5738254601166624,187,0,187,0.0,0.9842105263157894,2.9464586727396096,193,5,188,0.025906735751295335,0.9894736842105263,2.782804910739029,204,14,190,0.06862745098039216,1.0,1.293497
t_cl,t_cl,250,120,0.6,20,99,189,9,180,160,0,160,0.047619047619047616,0.9473684210526315,0.0,0.8421052631578947,207,23,184,170,0,170,0.1111111111111111,0.968421052631579,0.0,0.8947368421052632,3.6915461545637593,176,0,176,0.0,0.9263157894736842,3.5405404919946335,179,0,179,0.0,0.9421052631578948,2.865844576514829,193,7,186,0.03626943005181347,0.9789473684210527,2.686560319798109,204,17,187,0.08333333333333333,0.9842105263157894,1.370955
t_cl,t_cl,250,120,0.6,20,100,203,13,190,191,2,189,0.06403940886699508,1.0,0.010471204188481676,0.9947368421052631,220,30,190,195,5,190,0.13636363636363635,1.0,0.02564102564102564,1.0,3.958435111427228,190,0,190,0.0,1.0,3.958435111427228,190,0,190,0.0,1.0,3.147994941353294,194,4,190,0.020618556701030927,1.0,2.878543323510589,199,9,190,0.04522613065326633,1.0,1.285349
t_cl,t_cl,250,120,0.6,20,101,185,4,181,166,1,165,0.021621621621621623,0.9526315789473684,0.006024096385542169,0.868421052631579,204,21,183,173,2,171,0.10294117647058823,0.9631578947368421,0.011560693641618497,0.9,3.7060967673442096,181,0,181,0.0,0.9526315789473684,3.477053797135802,183,0,183,0.0,0.9631578947368421,2.9515151285275376,191,4,187,0.020942408376963352,0.9842105263157894,2.7816120355908573,204,17,187,0.08333333333333333,0.9842105263157894,1.183284
t_cl,t_cl,250,120,0.6,20,102,188,11,177,147,1,146,0.05851063829787234,0.9315789473684211,0.006802721088435374,0.7684210526315789,203,21,182,158,1,157,0.10344827586206896,0.9578947368421052,0.006329113924050633,0.8263157894736842,3.6592944849254234,172,0,172,0.0,0.9052631578947369,3.54206665009422,176,0,176,0.0,0.9263157894736842,2.8720862307511035,193,9,184,0.046632124352331605,0.968421052631579,2.7104052163464956,202,17,185,0.08415841584158416,0.9736842105263158,1.359317
t_cl,t_cl,250,120,0.6,20,103,181,9,172,143,1,142,0.049723756906077346,0.9052631578947369,0.006993006993006993,0.7473684210526316,192,16,176,153,1,152,0.08333333333333333,0.9263157894736842,0.006535947712418301,0.8,3.6439040969391057,170,1,169,0.0058823529411764705,0.8894736842105263,3.475454896230582,174,1,173,0.005747126436781609,0.9105263157894737,2.969164354767257,189,7,182,0.037037037037037035,0.9578947368421052,2.7968532434677433,201,15,186,0.07462686567164178,0.9789473684210527,1.262311
t_cl,t_cl,250,120,0.6,20,104,192,12,180,157,1,156,0.0625,0.9473684210526315,0.006369426751592357,0.8210526315789474,208,26,182,166,2,164,0.125,0.9578947368421052,0.012048192771084338,0.8631578947368421,3.638305262009727,180,0,180,0.0,0.9473684210526315,3.465238579789707,182,1,181,0.005494505494505495,0.9526315789473684,2.9988985819802734,195,9,186,0.046153846153846156,0.9789473684210527,2.807295521437129,208,22,186,0.10576923076923077,0.9789473684210527,1.218334
t_cl,t_cl,250,120,0.6,20,105,198,9,189,180,0,180,0.045454545454545456,0.9947368421052631,0.0,0.9473684210526315,208,19,189,185,0,185,0.09134615384615384,0.9947368421052631,0.0,0.9736842105263158,3.715928211589117,189,0,189,0.0,0.9947368421052631,3.715928211589117,189,0,189,0.0,0.9947368421052631,2.977139310967353,198,9,189,0.045454545454545456,0.9947368421052631,2.7533937412019474,203,14,189,0.06896551724137931,0.9947368421052631,1.23266
t_cl,t_cl,250,120,0.6,20,106,188,14,174,136,0,136,0.07446808510638298,0.9157894736842105,0.0,0.7157894736842105,199,22,177,153,3,150,0.11055276381909548,0.9315789473684211,0.0196078431372549,0.7894736842105263,3.6750136813539873,172,0,172,0.0,0.9052631578947369,3.6750136813539873,172,0,172,0.0,0.9052631578947369,2.9602320461422176,196,12,184,0.061224489795918366,0.968421052631579,2.7953464619506474,204,18,186,0.08823529411764706,0.9789473684210527,1.191527
t_cl,t_cl,250,120,0.6,20,107,182,7,175,141,1,140,0.038461538461538464,0.9210526315789473,0.0070921985815602835,0.7368421052631579,190,14,176,160,2,158,0.07368421052631578,0.9263157894736842,0.0125,0.8315789473684211,3.679185279699798,170,0,170,0.0,0.8947368421052632,3.476073653563803,177,1,176,0.005649717514124294,0.9263157894736842,2.915963890741831,187,5,182,0.026737967914438502,0.9578947368421052,2.7755234060892446,194,11,183,0.05670103092783505,0.9631578947368421,1.5738
t_cl,t_cl,250,120,0.6,20,108,173,10,163,125,0,125,0.057803468208092484,0.8578947368421053,0.0,0.6578947368421053,187,15,172,139,2,137,0.08021390374331551,0.9052631578947369,0.014388489208633094,0.7210526315789474,3.6805992238100793,156,1,155,0.00641025641025641,0.8157894736842105,3.4850745883498755,163,1,162,0.006134969325153374,0.8526315789473684,2.8920042261029004,191,11,180,0.05759162303664921,0.9473684210526315,2.7396482036630037,200,16,184,0.08,0.968421052631579,1.176321
t_cl,t_cl,250,120,0.6,20,109,196,7,189,185,2,183,0.03571428571428571,0.9947368421052631,0.010810810810810811,0.9631578947368421,209,19,190,185,2,183,0.09090909090909091,1.0,0.010810810810810811,0.9631578947368421,3.6532635030580356,190,1,189,0.005263157894736842,0.9947368421052631,3.5973677472666834,192,2,190,0.010416666666666666,1.0,2.9405058035703613,198,8,190,0.04040404040404041,1.0,2.769901127709555,208,18,190,0.08653846153846154,1.0,1.261536
t_cl,t_cl,250,120,0.6,20,110,195,5,190,188,2,186,0.02564102564102564,1.0,0.010638297872340425,0.9789473684210527,212,22,190,190,2,188,0.10377358490566038,1.0,0.010526315789473684,0.9894736842105263,4.038660621345369,190,0,190,0.0,1.0,4.038660621345369,190,0,190,0.0,1.0,3.318547224744835,192,2,190,0.010416666666666666,1.0,2.743414925226608,203,13,190,0.06403940886699508,1.0,1.285974
t_cl,t_cl,250,120,0.6,20,111,179,7,172,146,2,144,0.03910614525139665,0.9052631578947369,0.0136986301369863,0.7578947368421053,195,16,179,155,2,153,0.08205128205128205,0.9421052631578948,0.012903225806451613,0.8052631578947368,3.653897597548772,170,0,170,0.0,0.8947368421052632,3.4742197336012577,173,1,172,0.005780346820809248,0.9052631578947369,2.9329936802713608,188,7,181,0.03723404255319149,0.9526315789473684,2.762925785322958,198,14,184,0.0707070707070707,0.968421052631579,1.373325
t_cl,t_cl,250,120,0.6,20,112,178,7,171,158,1,157,0.03932584269662921,0.9,0.006329113924050633,0.8263157894736842,195,15,180,167,2,165,0.07692307692307693,0.9473684210526315,0.011976047904191617,0.868421052631579,3.719887035034302,171,0,171,0.0,0.9,3.4882033485019064,175,0,175,0.0,0.9210526315789473,2.884159651995049,192,7,185,0.036458333333333336,0.9736842105263158,2.7093206742806255,202,14,188,0.06930693069306931,0.9894736842105263,1.179684
t_cl,t_cl,250,120,0.6,20,113,177,8,169,126,0,126,0.04519774011299435,0.8894736842105263,0.0,0.6631578947368421,196,23,173,139,1,138,0.11734693877551021,0.9105263157894737,0.007194244604316547,0.7263157894736842,3.697815095177772,160,0,160,0.0,0.8421052631578947,3.4873096698529036,167,0,167,0.0,0.8789473684210526,2.910796104708283,187,8,179,0.0427807486631016,0.9421052631578948,2.7551084429684947,197,17,180,0.08629441624365482,0.9473684210526315,1.202559
t_cl,t_cl,250,120,0.6,20,114,170,13,157,130,2,128,0.07647058823529412,0.8263157894736842,0.015384615384615385,0.6736842105263158,202,35,167,139,2,137,0.17326732673267325,0.8789473684210526,0.014388489208633094,0.7210526315789474,3.6791955914408483,150,1,149,0.006666666666666667,0.7842105263157895,3.5059122480906044,157,1,156,0.006369426751592357,0.8210526315789474,2.8973175549368193,179,10,169,0.055865921787709494,0.8894736842105263,2.7178245451843117,205,32,173,0.15609756097560976,0.9105263157894737,1.266085
t_cl,t_cl,250,120,0.6,20,115,182,8,174,151,1,150,0.04395604395604396,0.9157894736842105,0.006622516556291391,0.7894736842105263,191,13,178,163,3,160,0.06806282722513089,0.9368421052631579,0.018404907975460124,0.8421052631578947,3.684639242877971,161,0,161,0.0,0.8473684210526315,3.4853742661509184,170,1,169,0.0058823529411764705,0.8894736842105263,2.95241629036726,186,5,181,0.026881720430107527,0.9526315789473684,2.717664404350871,193,8,185,0.04145077720207254,0.9736842105263158,1.45527
t_cl,t_cl,250,120,0.6,20,116,197,12,185,171,0,171,0.06091370558375635,0.9736842105263158,0.0,0.9,217,28,189,176,1,175,0.12903225806451613,0.9947368421052631,0.005681818181818182,0.9210526315789473,3.6668259880478944,184,0,184,0.0,0.968421052631579,3.499579532003325,187,0,187,0.0,0.9842105263157894,2.9710558243620295,200,11,189,0.055,0.9947368421052631,2.7795215644912536,208,19,189,0.09134615384615384,0.9947368421052631,1.32658
t_cl,t_cl,250,120,0.6,20,117,200,15,185,167,1,166,0.075,0.9736842105263158,0.005988023952095809,0.8736842105263158,216,31,185,178,4,174,0.14351851851851852,0.9736842105263158,0.02247191011235955,0.9157894736842105,3.647117427513225,184,0,184,0.0,0.968421052631579,3.523717967491078,186,1,185,0.005376344086021506,0.9736842105263158,2.8596875272718445,197,10,187,0.050761421319796954,0.9842105263157894,2.6556587139498182,220,31,189,0.1409090909090909,0.9947368421052631,1.202728
t_cl,t_cl,250,120,0.6,20,118,178,7,171,139,1,138,0.03932584269662921,0.9,0.007194244604316547,0.7263157894736842,194,17,177,156,3,153,0.08762886597938144,0.9315789473684211,0.019230769230769232,0.8052631578947368,3.6981688818061387,162,0,162,0.0,0.8526315789473684,3.4802276775401673,171,1,170,0.005847953216374269,0.8947368421052632,2.906054755998758,186,7,179,0.03763440860215054,0.9421052631578948,2.7576302426008383,197,15,182,0.07614213197969544,0.9578947368421052,1.309212
t_cl,t_cl,250,120,0.6,20,119,184,13,171,147,0,147,0.07065217391304347,0.9,0.0,0.7736842105263158,201,25,176,157,1,156,0.12437810945273632,0.9263157894736842,0.006369426751592357,0.8210526315789474,3.7208559375322054,164,0,164,0.0,0.8631578947368421,3.5378171989609357,168,0,168,0.0,0.8842105263157894,2.834889984868578,190,10,180,0.05263157894736842,0.9473684210526315,2.6745911000957396,205,20,185,0.0975609756097561,0.9736842105263158,1.220904
t_cl,t_cl,250,120,0.6,20,120,194,5,189,178,1,177,0.02577319587628866,0.9947368421052631,0.0056179775280898875,0.9315789473684211,202,12,190,183,1,182,0.0594059405940594,1.0,0.00546448087431694,0.9578947368421052,3.7653306939626523,189,0,189,0.0,0.9947368421052631,3.538096545196812,190,0,190,0.0,1.0,3.0264097150317015,193,3,190,0.015544041450777202,1.0,2.7833710558007665,199,9,190,0.04522613065326633,1.0,1.350643
t_cl,t_cl,250,120,0.6,20,121,195,7,188,167,0,167,0.035897435897435895,0.9894736842105263,0.0,0.8789473684210526,211,22,189,174,0,174,0.10426540284360189,0.9947368421052631,0.0,0.9157894736842105,3.6331934184582018,188,0,188,0.0,0.9894736842105263,3.6331934184582018,188,0,188,0.0,0.9894736842105263,3.0163810159773323,195,6,189,0.03076923076923077,0.9947368421052631,2.7701667353806467,208,18,190,0.08653846153846154,1.0,1.252687
t_cl,t_cl,250,120,0.6,20,122,190,4,186,172,0,172,0.021052631578947368,0.9789473684210527,0.0,0.9052631578947369,209,22,187,176,0,176,0.10526315789473684,0.9842105263157894,0.0,0.9263157894736842,3.716505510414342,187,0,187,0.0,0.9842105263157894,3.716505510414342,187,0,187,0.0,0.9842105263157894,3.0169032426626137,192,3,189,0.015625,0.9947368421052631,2.797240175058825,205,16,189,0.07804878048780488,0.9947368421052631,1.232969
t_cl,t_cl,250,120,0.6,20,123,199,13,186,177,0,177,0.06532663316582915,0.9789473684210527,0.0,0.9315789473684211,214,26,188,180,1,179,0.12149532710280374,0.9894736842105263,0.005555555555555556,0.9421052631578948,3.7224812550764406,185,0,185,0.0,0.9736842105263158,3.462727065837114,187,0,187,0.0,0.9842105263157894,2.8483050434331716,199,10,189,0.05025125628140704,0.9947368421052631,2.6872114199349957,214,25,189,0.11682242990654206,0.9947368421052631,1.431825
t_cl,t_cl,250,120,0.6,20,124,201,13,188,185,2,183,0.06467661691542288,0.9894736842105263,0.010810810810810811,0.9631578947368421,217,28,189,186,2,184,0.12903225806451613,0.9947368421052631,0.010752688172043012,0.968421052631579,3.6806929232832046,188,0,188,0.0,0.9894736842105263,3.5409469480596667,189,0,189,0.0,0.9947368421052631,2.9435469962739083,199,9,190,0.04522613065326633,1.0,2.7461332339074933,214,24,190,0.11214953271028037,1.0,1.256131
t_cl,t_cl,250,120,0.6,20,125,205,15,190,176,2,174,0.07317073170731707,1.0,0.011363636363636364,0.9157894736842105,227,37,190,187,4,183,0.16299559471365638,1.0,0.0213903743315508,0.9631578947368421,3.6715450834725134,188,0,188,0.0,0.9894736842105263,3.556538335359104,190,0,190,0.0,1.0,2.837204395613999,204,14,190,0.06862745098039216,1.0,2.658731583272247,218,28,190,0.12844036697247707,1.0,1.293684
t_cl,t_cl,250,120,0.6,20,126,199,11,188,186,1,185,0.05527638190954774,0.9894736842105263,0.005376344086021506,0.9736842105263158,213,23,190,187,1,186,0.107981220657277,1.0,0.0053475935828877,0.9789473684210527,3.6939245572928963,189,1,188,0.005291005291005291,0.9894736842105263,3.4978683202737404,190,2,188,0.010526315789473684,0.9894736842105263,2.9053901137226634,198,8,190,0.04040404040404041,1.0,2.7164546699239986,210,20,190,0.09523809523809523,1.0,1.27245
t_cl,t_cl,250,120,0.6,20,127,187,9,178,148,0,148,0.0481283422459893,0.9368421052631579,0.0,0.7789473684210526,206,22,184,161,1,160,0.10679611650485436,0.968421052631579,0.006211180124223602,0.8421052631578947,3.6364584024691746,177,0,177,0.0,0.9315789473684211,3.522223570107049,182,0,182,0.0,0.9578947368421052,2.975015105855665,197,9,188,0.04568527918781726,0.9894736842105263,2.7828556315998645,208,20,188,0.09615384615384616,0.9894736842105263,1.272753
t_cl,t_cl,250,120,0.6,20,128,198,12,186,175,1,174,0.06060606060606061,0.9789473684210527,0.005714285714285714,0.9157894736842105,213,24,189,182,1,181,0.11267605633802817,0.9947368421052631,0.005494505494505495,0.9526315789473684,3.817758392475648,184,0,184,0.0,0.968421052631579,3.594861038284472,186,0,186,0.0,0.9789473684210527,2.904134101562436,198,8,190,0.04040404040404041,1.0,2.7419525650326535,208,18,190,0.08653846153846154,1.0,1.350521
t_cl,t_cl,250,120,0.6,20,129,192,9,183,159,0,159,0.046875,0.9631578947368421,0.0,0.8368421052631579,206,18,188,169,3,166,0.08737864077669903,0.9894736842105263,0.01775147928994083,0.8736842105263158,3.6957633915603236,181,0,181,0.0,0.9526315789473684,3.489264227957406,186,0,186,0.0,0.9789473684210527,2.899946343497151,198,8,190,0.04040404040404041,1.0,2.7386827909380504,206,16,190,0.07766990291262135,1.0,1.247476
t_cl,t_cl,250,120,0.6,20,130,200,16,184,168,1,167,0.08,0.968421052631579,0.005952380952380952,0.8789473684210526,226,36,190,174,2,172,0.1592920353982301,1.0,0.011494252873563218,0.9052631578947369,3.758678506930766,174,0,174,0.0,0.9157894736842105,3.459310324877588,182,0,182,0.0,0.9578947368421052,2.8266019175853865,204,14,190,0.06862745098039216,1.0,2.653655758629168,218,28,190,0.12844036697247707,1.0,1.353528
t_cl,t_cl,250,120,0.6,20,131,193,6,187,186,1,185,0.031088082901554404,0.9842105263157894,0.005376344086021506,0.9736842105263158,207,18,189,188,1,187,0.08695652173913043,0.9947368421052631,0.005319148936170213,0.9842105263157894,3.62651224142221,189,1,188,0.005291005291005291,0.9894736842105263,3.4575600239484072,190,1,189,0.005263157894736842,0.9947368421052631,2.9519895827404663,194,5,189,0.02577319587628866,0.9947368421052631,2.73296624831916,204,14,190,0.06862745098039216,1.0,1.348607
t_cl,t_cl,250,120,0.6,20,132,198,11,187,182,0,182,0.05555555555555555,0.9842105263157894,0.0,0.9578947368421052,217,28,189,187,1,186,0.12903225806451613,0.9947368421052631,0.0053475935828877,0.9789473684210527,3.888608956949266,187,0,187,0.0,0.9842105263157894,3.523532527772462,188,0,188,0.0,0.9894736842105263,2.8970076507719855,195,5,190,0.02564102564102564,1.0,2.7326046509139386,210,20,190,0.09523809523809523,1.0,1.271867
t_cl,t_cl,250,120,0.6,20,133,123,6,117,70,0,70,0.04878048780487805,0.6157894736842106,0.0,0.3684210526315789,154,21,133,79,0,79,0.13636363636363635,0.7,0.0,0.41578947368421054,3.8180217427366303,87,0,87,0.0,0.45789473684210524,3.605525475807914,101,0,101,0.0,0.531578947368421,2.9516777062989648,145,6,139,0.041379310344827586,0.7315789473684211,2.7602947784676375,164,18,146,0.10975609756097561,0.7684210526315789,1.324508
t_cl,t_cl,250,120,0.6,20,134,193,8,185,166,0,166,0.04145077720207254,0.9736842105263158,0.0,0.8736842105263158,207,19,188,178,2,176,0.09178743961352658,0.9894736842105263,0.011235955056179775,0.9263157894736842,3.666660785548051,185,0,185,0.0,0.9736842105263158,3.451813019137503,187,0,187,0.0,0.9842105263157894,2.9421143851017146,196,7,189,0.03571428571428571,0.9947368421052631,2.7637454169228115,206,17,189,0.0825242718446602,0.9947368421052631,1.298549
t_cl,t_cl,250,120,0.6,20,135,197,9,188,175,0,175,0.04568527918781726,0.9894736842105263,0.0,0.9210526315789473,210,21,189,181,2,179,0.1,0.9947368421052631,0.011049723756906077,0.9421052631578948,3.6774118944524443,188,0,188,0.0,0.9894736842105263,3.52606594380834,189,0,189,0.0,0.9947368421052631,3.020009368813982,195,5,190,0.02564102564102564,1.0,2.7792939236078698,206,16,190,0.07766990291262135,1.0,1.284467
t_cl,t_cl,250,120,0.6,20,136,199,15,184,178,0,178,0.07537688442211055,0.968421052631579,0.0,0.9368421052631579,215,27,188,180,0,180,0.12558139534883722,0.9894736842105263,0.0,0.9473684210526315,3.6916504825897825,184,0,184,0.0,0.968421052631579,3.5578828839368866,186,0,186,0.0,0.9789473684210527,2.8737448769909233,199,10,189,0.05025125628140704,0.9947368421052631,2.726567687721315,213,24,189,0.11267605633802817,0.9947368421052631,1.206429
t_cl,t_cl,250,120,0.6,20,137,171,7,164,131,0,131,0.04093567251461988,0.8631578947368421,0.0,0.6894736842105263,190,18,172,139,1,138,0.09473684210526316,0.9052631578947369,0.007194244604316547,0.7263157894736842,3.6767151431513745,157,0,157,0.0,0.8263157894736842,3.5811808022318345,162,0,162,0.0,0.8526315789473684,2.9719985896532863,187,7,180,0.0374331550802139,0.9473684210526315,2.7272180518756137,195,13,182,0.06666666666666667,0.9578947368421052,1.366575
t_cl,t_cl,250,120,0.6,20,138,186,7,179,161,0,161,0.03763440860215054,0.9421052631578948,0.0,0.8473684210526315,196,11,185,171,0,171,0.05612244897959184,0.9736842105263158,0.0,0.9,3.781985779249682,178,0,178,0.0,0.9368421052631579,3.472204125339377,182,0,182,0.0,0.9578947368421052,2.894365221384384,195,5,190,0.02564102564102564,1.0,2.7226434322346353,200,10,190,0.05,1.0,1.243487
t_cl,t_cl,250,120,0.6,20,139,191,14,177,146,1,145,0.07329842931937172,0.9315789473684211,0.00684931506849315,0.7631578947368421,213,30,183,158,3,155,0.14084507042253522,0.9631578947368421,0.0189873417721519,0.8157894736842105,3.655157206698969,170,0,170,0.0,0.8947368421052632,3.489218673427093,178,0,178,0.0,0.9368421052631579,2.8268222913110166,197,11,186,0.05583756345177665,0.9789473684210527,2.6762414373928043,215,26,189,0.12093023255813953,0.9947368421052631,1.399406
t_cl,t_cl,250,120,0.6,20,140,202,15,187,165,0,165,0.07425742574257425,0.9842105263157894,0.0,0.868421052631579,212,24,188,178,2,176,0.11320754716981132,0.9894736842105263,0.011235955056179775,0.9263157894736842,3.6771799543008465,181,0,181,0.0,0.9526315789473684,3.574028744734395,184,0,184,0.0,0.968421052631579,2.9408271827652634,192,4,188,0.020833333333333332,0.9894736842105263,2.6954121393260126,207,18,189,0.08695652173913043,0.9947368421052631,1.236277
t_cl,t_cl,250,120,0.6,20,141,200,17,183,168,3,165,0.085,0.9631578947368421,0.017857142857142856,0.868421052631579,218,33,185,173,3,170,0.15137614678899083,0.9736842105263158,0.017341040462427744,0.8947368421052632,3.6730408237156875,180,0,180,0.0,0.9473684210526315,3.4669989832753125,187,2,185,0.0106951871657754,0.9736842105263158,2.877037472774864,197,11,186,0.05583756345177665,0.9789473684210527,2.7068288112830468,215,29,186,0.13488372093023257,0.9789473684210527,1.358367
t_cl,t_cl,250,120,0.6,20,142,196,16,180,160,0,160,0.08163265306122448,0.9473684210526315,0.0,0.8421052631578947,222,38,184,173,4,169,0.17117117117117117,0.968421052631579,0.023121387283236993,0.8894736842105263,3.62724962764812,180,1,179,0.005555555555555556,0.9421052631578948,3.578415797719529,182,1,181,0.005494505494505495,0.9526315789473684,2.933063211181675,203,14,189,0.06896551724137931,0.9947368421052631,2.7497544033209396,223,34,189,0.15246636771300448,0.9947368421052631,1.260183
t_cl,t_cl,250,120,0.6,20,143,196,13,183,160,0,160,0.0663265306122449,0.9631578947368421,0.0,0.8421052631578947,211,26,185,173,1,172,0.12322274881516587,0.9736842105263158,0.005780346820809248,0.9052631578947369,3.6999026766971856,178,0,178,0.0,0.9368421052631579,3.4497620621562226,183,0,183,0.0,0.9631578947368421,2.8610878665674844,198,10,188,0.050505050505050504,0.9894736842105263,2.7023613874352197,209,20,189,0.09569377990430622,0.9947368421052631,1.235543
t_cl,t_cl,250,120,0.6,20,144,173,7,166,128,0,128,0.04046242774566474,0.8736842105263158,0.0,0.6736842105263158,195,22,173,147,1,146,0.11282051282051282,0.9105263157894737,0.006802721088435374,0.7684210526315789,3.670648559097279,162,0,162,0.0,0.8526315789473684,3.5005054620690905,164,0,164,0.0,0.8631578947368421,2.832845472545657,187,6,181,0.03208556149732621,0.9526315789473684,2.679640944646021,202,20,182,0.09900990099009901,0.9578947368421052,1.271015
t_cl,t_cl,250,120,0.6,20,145,193,8,185,171,0,171,0.04145077720207254,0.9736842105263158,0.0,0.9,205,15,190,173,1,172,0.07317073170731707,1.0,0.005780346820809248,0.9052631578947369,3.627456638671843,185,0,185,0.0,0.9736842105263158,3.5059510979074906,186,0,186,0.0,0.9789473684210527,2.9595874085082547,197,7,190,0.03553299492385787,1.0,2.80672346272633,203,13,190,0.06403940886699508,1.0,1.265304
t_cl,t_cl,250,120,0.6,20,146,195,5,190,188,0,188,0.02564102564102564,1.0,0.0,0.9894736842105263,208,18,190,190,0,190,0.08653846153846154,1.0,0.0,1.0,4.289556068004713,190,0,190,0.0,1.0,4.289556068004713,190,0,190,0.0,1.0,2.8970064245252183,194,4,190,0.020618556701030927,1.0,2.7320219802130414,203,13,190,0.06403940886699508,1.0,1.507673
t_cl,t_cl,250,120,0.6,20,147,191,8,183,161,0,161,0.041884816753926704,0.9631578947368421,0.0,0.8473684210526315,206,19,187,170,0,170,0.09223300970873786,0.9842105263157894,0.0,0.8947368421052632,3.713204403947016,179,0,179,0.0,0.9421052631578948,3.4799663882317233,184,0,184,0.0,0.968421052631579,2.9867290455458537,192,4,188,0.020833333333333332,0.9894736842105263,2.8045549309404674,202,12,190,0.0594059405940594,1.0,1.360417
t_cl,t_cl,250,120,0.6,20,148,202,12,190,183,0,183,0.0594059405940594,1.0,0.0,0.9631578947368421,206,16,190,185,0,185,0.07766990291262135,1.0,0.0,0.9736842105263158,3.741751067398508,189,0,189,0.0,0.9947368421052631,3.741751067398508,189,0,189,0.0,0.9947368421052631,2.9431497490045846,194,4,190,0.020618556701030927,1.0,2.8100055481609267,202,12,190,0.0594059405940594,1.0,1.266366
t_cl,t_cl,250,120,0.6,20,149,198,12,186,176,1,175,0.06060606060606061,0.9789473684210527,0.005681818181818182,0.9210526315789473,206,17,189,182,2,180,0.0825242718446602,0.9947368421052631,0.01098901098901099,0.9473684210526315,3.6732043703558506,186,0,186,0.0,0.9789473684210527,3.467010408957936,187,0,187,0.0,0.9842105263157894,2.962970237733694,197,7,190,0.03553299492385787,1.0,2.7664634550204736,204,14,190,0.06862745098039216,1.0,1.202429
t_cl,t_cl,250,120,0.6,20,150,202,14,188,185,1,184,0.06930693069306931,0.9894736842105263,0.005405405405405406,0.968421052631579,212,23,189,188,3,185,0.10849056603773585,0.9947368421052631,0.015957446808510637,0.9736842105263158,3.6513294384931,187,0,187,0.0,0.9842105263157894,3.5927598397976594,188,0,188,0.0,0.9894736842105263,2.9547782301446133,196,7,189,0.03571428571428571,0.9947368421052631,2.7671373771021983,207,18,189,0.08695652173913043,0.9947368421052631,1.467901
t_cl,t_cl,250,120,0.6,20,151,201,11,190,190,0,190,0.05472636815920398,1.0,0.0,1.0,215,25,190,191,1,190,0.11627906976744186,1.0,0.005235602094240838,1.0,5.259208721212319,190,0,190,0.0,1.0,5.259208721212319,190,0,190,0.0,1.0,5.259208721212319,190,0,190,0.0,1.0,5.259208721212319,190,0,190,0.0,1.0,1.201704
t_cl,t_cl,250,120,0.6,20,152,200,10,190,189,0,189,0.05,1.0,0.0,0.9947368421052631,209,19,190,192,3,189,0.09090909090909091,1.0,0.015625,0.9947368421052631,4.073959426442574,190,0,190,0.0,1.0,4.073959426442574,190,0,190,0.0,1.0,2.87403780431627,200,10,190,0.05,1.0,2.7180949801010046,204,14,190,0.06862745098039216,1.0,1.19654
t_cl,t_cl,250,120,0.6,20,153,190,10,180,150,0,150,0.05263157894736842,0.9473684210526315,0.0,0.7894736842105263,204,21,183,163,1,162,0.10294117647058823,0.9631578947368421,0.006134969325153374,0.8526315789473684,3.7477195616373105,176,0,176,0.0,0.9263157894736842,3.4868812343245525,180,0,180,0.0,0.9473684210526315,2.9277872309538195,194,7,187,0.03608247422680412,0.9842105263157894,2.7586154031576045,208,20,188,0.09615384615384616,0.9894736842105263,1.253431
t_cl,t_cl,250,120,0.6,20,154,174,14,160,127,0,127,0.08045977011494253,0.8421052631578947,0.0,0.6684210526315789,190,26,164,144,4,140,0.1368421052631579,0.8631578947368421,0.027777777777777776,0.7368421052631579,3.660449238202524,158,0,158,0.0,0.8315789473684211,3.486001010238869,161,0,161,0.0,0.8473684210526315,2.9167565395783175,182,10,172,0.054945054945054944,0.9052631578947369,2.7444016921417833,200,23,177,0.115,0.9315789473684211,1.375027
t_cl,t_cl,250,120,0.6,20,155,184,5,179,151,0,151,0.02717391304347826,0.9421052631578948,0.0,0.7947368421052632,198,16,182,161,0,161,0.08080808080808081,0.9578947368421052,0.0,0.8473684210526315,3.642945574946713,177,0,177,0.0,0.9315789473684211,3.4615256868871906,180,0,180,0.0,0.9473684210526315,2.9038098961709755,190,5,185,0.02631578947368421,0.9736842105263158,2.739143180910189,201,15,186,0.07462686567164178,0.9789473684210527,1.449528
t_cl,t_cl,250,120,0.6,20,156,151,8,143,90,1,89,0.052980132450331126,0.7526315789473684,0.011111111111111112,0.46842105263157896,171,17,154,107,1,106,0.09941520467836257,0.8105263157894737,0.009345794392523364,0.5578947368421052,3.725419511868343,133,0,133,0.0,0.7,3.514749839171466,143,2,141,0.013986013986013986,0.7421052631578947,2.929642672483163,173,8,165,0.046242774566473986,0.868421052631579,2.7589784772423385,184,17,167,0.09239130434782608,0.8789473684210526,1.2237
t_cl,t_cl,250,120,0.6,20,157,188,8,180,165,2,163,0.0425531914893617,0.9473684210526315,0.012121212121212121,0.8578947368421053,215,29,186,172,3,169,0.13488372093023257,0.9789473684210527,0.01744186046511628,0.8894736842105263,3.6620662522868894,179,1,178,0.00558659217877095,0.9368421052631579,3.447324574878322,185,1,184,0.005405405405405406,0.968421052631579,2.996022953542646,193,5,188,0.025906735751295335,0.9894736842105263,2.7256072896592674,208,20,188,0.09615384615384616,0.9894736842105263,1.233679
t_cl,t_cl,250,120,0.6,20,158,192,14,178,154,1,153,0.07291666666666667,0.9368421052631579,0.006493506493506494,0.8052631578947368,214,34,180,160,2,158,0.1588785046728972,0.9473684210526315,0.0125,0.8315789473684211,3.649863408435569,174,0,174,0.0,0.9157894736842105,3.476079165765523,181,1,180,0.0055248618784530384,0.9473684210526315,2.956522333749257,197,12,185,0.06091370558375635,0.9736842105263158,2.743550238930167,215,29,186,0.13488372093023257,0.9789473684210527,1.342422
t_cl,t_cl,250,120,0.6,20,159,189,11,178,156,1,155,0.0582010582010582,0.9368421052631579,0.00641025641025641,0.8157894736842105,201,20,181,166,3,163,0.09950248756218906,0.9526315789473684,0.018072289156626505,0.8578947368421053,3.6653486619876454,175,0,175,0.0,0.9210526315789473,3.442749872797711,180,1,179,0.005555555555555556,0.9421052631578948,2.941066325024041,196,10,186,0.05102040816326531,0.9789473684210527,2.7568176207943096,203,16,187,0.07881773399014778,0.9842105263157894,1.212973
t_cl,t_cl,250,120,0.6,20,160,197,9,188,178,0,178,0.04568527918781726,0.9894736842105263,0.0,0.9368421052631579,212,23,189,185,1,184,0.10849056603773585,0.9947368421052631,0.005405405405405406,0.968421052631579,3.6283279045919063,189,0,189,0.0,0.9947368421052631,3.6283279045919063,189,0,189,0.0,0.9947368421052631,2.9494837858069682,199,9,190,0.04522613065326633,1.0,2.745778470570037,203,13,190,0.06403940886699508,1.0,1.314321
t_cl,t_cl,250,120,0.6,20,161,195,12,183,164,1,163,0.06153846153846154,0.9631578947368421,0.006097560975609756,0.8578947368421053,209,24,185,172,2,170,0.11483253588516747,0.9736842105263158,0.011627906976744186,0.8947368421052632,3.6335193894378235,181,0,181,0.0,0.9526315789473684,3.5021301941411833,184,1,183,0.005434782608695652,0.9631578947368421,2.8570446914661374,198,11,187,0.05555555555555555,0.9842105263157894,2.696780649370978,205,17,188,0.08292682926829269,0.9894736842105263,1.207233
t_cl,t_cl,250,120,0.6,20,162,180,10,170,126,1,125,0.05555555555555555,0.8947368421052632,0.007936507936507936,0.6578947368421053,199,20,179,141,2,139,0.10050251256281408,0.9421052631578948,0.014184397163120567,0.7315789473684211,3.6841661534549153,167,0,167,0.0,0.8789473684210526,3.5165338821007053,172,0,172,0.0,0.9052631578947369,2.918797615254267,194,10,184,0.05154639175257732,0.968421052631579,2.749933427469868,203,17,186,0.08374384236453201,0.9789473684210527,1.342643
t_cl,t_cl,250,120,0.6,20,163,197,13,184,173,2,171,0.06598984771573604,0.968421052631579,0.011560693641618497,0.9,210,23,187,176,2,174,0.10952380952380952,0.9842105263157894,0.011363636363636364,0.9157894736842105,3.770044068814816,182,0,182,0.0,0.9578947368421052,3.5285801917015656,184,1,183,0.005434782608695652,0.9631578947368421,2.894024247146765,200,12,188,0.06,0.9894736842105263,2.6804125415898112,208,19,189,0.09134615384615384,0.9947368421052631,1.458687
t_cl,t_cl,250,120,0.6,20,164,199,13,186,176,1,175,0.06532663316582915,0.9789473684210527,0.005681818181818182,0.9210526315789473,219,32,187,180,2,178,0.1461187214611872,0.9842105263157894,0.011111111111111112,0.9368421052631579,3.6327140250264924,186,0,186,0.0,0.9789473684210527,3.6327140250264924,186,0,186,0.0,0.9789473684210527,2.9224211760690224,196,9,187,0.04591836734693878,0.9842105263157894,2.7209454751961224,210,22,188,0.10476190476190476,0.9894736842105263,1.257609
t_cl,t_cl,250,120,0.6,20,165,201,16,185,171,3,168,0.07960199004975124,0.9736842105263158,0.017543859649122806,0.8842105263157894,232,43,189,176,5,171,0.1853448275862069,0.9947368421052631,0.028409090909090908,0.9,3.624850819677658,182,1,181,0.005494505494505495,0.9526315789473684,3.4486066060544545,189,2,187,0.010582010582010581,0.9842105263157894,2.945452098307589,198,8,190,0.04040404040404041,1.0,2.714102530057804,213,23,190,0.107981220657277,1.0,1.233094
t_cl,t_cl,250,120,0.6,20,166,184,8,176,157,0,157,0.043478260869565216,0.9263157894736842,0.0,0.8263157894736842,208,26,182,162,1,161,0.125,0.9578947368421052,0.006172839506172839,0.8473684210526315,3.6792769736081192,172,0,172,0.0,0.9052631578947369,3.4572377703241903,179,0,179,0.0,0.9421052631578948,2.913194451192276,191,7,184,0.03664921465968586,0.968421052631579,2.729993184763639,211,25,186,0.11848341232227488,0.9789473684210527,1.313458
t_cl,t_cl,250,120,0.6,20,167,180,8,172,146,0,146,0.044444444444444446,0.9052631578947369,0.0,0.7684210526315789,195,15,180,154,0,154,0.07692307692307693,0.9473684210526315,0.0,0.8105263157894737,3.7106173688906128,166,0,166,0.0,0.8736842105263158,3.461081793080378,174,0,174,0.0,0.9157894736842105,2.842791284362591,190,7,183,0.03684210526315789,0.9631578947368421,2.676341271253559,196,13,183,0.0663265306122449,0.9631578947368421,1.361609
t_cl,t_cl,250,120,0.6,20,168,195,9,186,173,0,173,0.046153846153846156,0.9789473684210527,0.0,0.9105263157894737,212,23,189,179,0,179,0.10849056603773585,0.9947368421052631,0.0,0.9421052631578948,3.729057224129344,185,0,185,0.0,0.9736842105263158,3.463888116416162,188,0,188,0.0,0.9894736842105263,2.896611124043044,195,5,190,0.02564102564102564,1.0,2.7586508525402706,209,19,190,0.09090909090909091,1.0,1.189739
t_cl,t_cl,250,120,0.6,20,169,132,7,125,73,0,73,0.05303030303030303,0.6578947368421053,0.0,0.38421052631578945,153,11,142,83,1,82,0.0718954248366013,0.7473684210526316,0.012048192771084338,0.43157894736842106,3.774402133731324,110,0,110,0.0,0.5789473684210527,3.5954168683159553,119,0,119,0.0,0.6263157894736842,2.9913469991307693,149,4,145,0.026845637583892617,0.7631578947368421,2.8245207175622675,162,9,153,0.05555555555555555,0.8052631578947368,1.26211
t_cl,t_cl,250,120,0.6,20,170,190,5,185,163,1,162,0.02631578947368421,0.9736842105263158,0.006134969325153374,0.8526315789473684,209,22,187,169,2,167,0.10526315789473684,0.9842105263157894,0.011834319526627219,0.8789473684210526,3.650734855724749,186,0,186,0.0,0.9789473684210527,3.5356296592740137,187,1,186,0.0053475935828877,0.9789473684210527,3.0552191536576396,194,4,190,0.020618556701030927,1.0,2.8501444621394265,204,14,190,0.06862745098039216,1.0,1.321947
t_cl,t_cl,250,120,0.6,20,171,195,8,187,181,0,181,0.041025641025641026,0.9842105263157894,0.0,0.9526315789473684,208,20,188,184,2,182,0.09615384615384616,0.9894736842105263,0.010869565217391304,0.9578947368421052,3.7511989246670256,187,0,187,0.0,0.9842105263157894,3.554767566220902,188,0,188,0.0,0.9894736842105263,3.0082840661229366,195,5,190,0.02564102564102564,1.0,2.8002968282795497,206,16,190,0.07766990291262135,1.0,1.488457
t_cl,t_cl,250,120,0.6,20,172,198,11,187,181,0,181,0.05555555555555555,0.9842105263157894,0.0,0.9526315789473684,217,28,189,185,3,182,0.12903225806451613,0.9947368421052631,0.016216216216216217,0.9578947368421052,3.631705338374304,186,0,186,0.0,0.9789473684210527,3.5607529652362655,188,0,188,0.0,0.9894736842105263,2.9799586080247056,198,9,189,0.045454545454545456,0.9947368421052631,2.7770553703282856,206,17,189,0.0825242718446602,0.9947368421052631,1.227965
t_cl,t_cl,250,120,0.6,20,173,197,10,187,173,2,171,0.050761421319796954,0.9842105263157894,0.011560693641618497,0.9,211,22,189,179,3,176,0.10426540284360189,0.9947368421052631,0.01675977653631285,0.9263157894736842,3.6599448118319247,187,0,187,0.0,0.9842105263157894,3.4284221193300786,189,1,188,0.005291005291005291,0.9894736842105263,2.8844228454053553,197,8,189,0.04060913705583756,0.9947368421052631,2.716799278334348,206,17,189,0.0825242718446602,0.9947368421052631,1.224288
t_cl,t_cl,250,120,0.6,20,174,160,11,149,85,0,85,0.06875,0.7842105263157895,0.0,0.4473684210526316,179,17,162,105,2,103,0.09497206703910614,0.8526315789473684,0.01904761904761905,0.5421052631578948,3.751942046008862,117,0,117,0.0,0.6157894736842106,3.520927669241481,137,0,137,0.0,0.7210526315789474,2.8411106928040306,172,9,163,0.05232558139534884,0.8578947368421053,2.6870061214428778,185,17,168,0.0918918918918919,0.8842105263157894,1.394956
t_cl,t_cl,250,120,0.6,20,175,176,12,164,119,0,119,0.06818181818181818,0.8631578947368421,0.0,0.6263157894736842,195,20,175,137,1,136,0.10256410256410256,0.9210526315789473,0.0072992700729927005,0.7157894736842105,3.66833969715485,156,0,156,0.0,0.8210526315789474,3.476182310997869,162,0,162,0.0,0.8526315789473684,2.8861225639208445,186,9,177,0.04838709677419355,0.9315789473684211,2.720658108540043,198,19,179,0.09595959595959595,0.9421052631578948,1.245992
t_cl,t_cl,250,120,0.6,20,176,182,10,172,139,2,137,0.054945054945054944,0.9052631578947369,0.014388489208633094,0.7210526315789474,199,18,181,152,2,150,0.09045226130653267,0.9526315789473684,0.013157894736842105,0.7894736842105263,3.663861778097567,170,0,170,0.0,0.8947368421052632,3.4663379109171117,176,0,176,0.0,0.9263157894736842,3.03937529555657,191,8,183,0.041884816753926704,0.9631578947368421,2.7831791201765874,199,15,184,0.07537688442211055,0.968421052631579,1.389299
t_cl,t_cl,250,120,0.6,20,177,194,11,183,171,1,170,0.05670103092783505,0.9631578947368421,0.005847953216374269,0.8947368421052632,214,27,187,180,4,176,0.1261682242990654,0.9842105263157894,0.022222222222222223,0.9263157894736842,3.7507694184746754,178,0,178,0.0,0.9368421052631579,3.4413051146949134,181,0,181,0.0,0.9526315789473684,2.9320181798794054,197,9,188,0.04568527918781726,0.9894736842105263,2.7273244957496416,204,16,188,0.0784313725490196,0.9894736842105263,1.239185
t_cl,t_cl,250,120,0.6,20,178,173,8,165,136,0,136,0.046242774566473986,0.868421052631579,0.0,0.7157894736842105,194,23,171,148,2,146,0.11855670103092783,0.9,0.013513513513513514,0.7684210526315789,3.6808907348980857,156,0,156,0.0,0.8210526315789474,3.4854637124378134,164,0,164,0.0,0.8631578947368421,2.8715056504464482,185,8,177,0.043243243243243246,0.9315789473684211,2.6996850148200626,200,21,179,0.105,0.9421052631578948,1.28377
t_cl,t_cl,250,120,0.6,20,179,105,1,104,50,0,50,0.009523809523809525,0.5473684210526316,0.0,0.2631578947368421,138,15,123,61,0,61,0.10869565217391304,0.6473684210526316,0.0,0.32105263157894737,3.862326399522996,74,0,74,0.0,0.3894736842105263,3.6419153045220933,88,0,88,0.0,0.4631578947368421,2.920344639359565,133,2,131,0.015037593984962405,0.6894736842105263,2.7389259093688216,156,16,140,0.10256410256410256,0.7368421052631579,1.372177
t_cl,t_cl,250,120,0.6,20,180,176,8,168,137,0,137,0.045454545454545456,0.8842105263157894,0.0,0.7210526315789474,192,19,173,149,0,149,0.09895833333333333,0.9105263157894737,0.0,0.7842105263157895,3.6628334026891056,165,0,165,0.0,0.868421052631579,3.536648339459867,171,0,171,0.0,0.9,2.9654653761068146,189,7,182,0.037037037037037035,0.9578947368421052,2.788819025646188,200,18,182,0.09,0.9578947368421052,1.410394
t_cl,t_cl,250,120,0.6,20,181,198,9,189,180,0,180,0.045454545454545456,0.9947368421052631,0.0,0.9473684210526315,209,20,189,183,2,181,0.09569377990430622,0.9947368421052631,0.01092896174863388,0.9526315789473684,3.6448154072201686,189,1,188,0.005291005291005291,0.9894736842105263,3.6448154072201686,189,1,188,0.005291005291005291,0.9894736842105263,3.0217896428669238,196,6,190,0.030612244897959183,1.0,2.770684106416406,205,15,190,0.07317073170731707,1.0,1.244119
t_cl,t_cl,250,120,0.6,20,182,187,23,164,126,3,123,0.12299465240641712,0.8631578947368421,0.023809523809523808,0.6473684210526316,203,31,172,138,4,134,0.15270935960591134,0.9052631578947369,0.028985507246376812,0.7052631578947368,3.6750474247827816,156,2,154,0.01282051282051282,0.8105263157894737,3.471727483828111,164,3,161,0.018292682926829267,0.8473684210526315,2.9290196104104984,197,18,179,0.09137055837563451,0.9421052631578948,2.7273531847983903,212,30,182,0.14150943396226415,0.9578947368421052,1.223974
t_cl,t_cl,250,120,0.6,20,183,179,16,163,125,0,125,0.0893854748603352,0.8578947368421053,0.0,0.6578947368421053,198,30,168,139,0,139,0.15151515151515152,0.8842105263157894,0.0,0.7315789473684211,3.6668120674303992,158,0,158,0.0,0.8315789473684211,3.4772414571658583,162,0,162,0.0,0.8526315789473684,2.9153368153883554,189,13,176,0.06878306878306878,0.9263157894736842,2.777159373455277,199,23,176,0.11557788944723618,0.9263157894736842,1.313337
t_cl,t_cl,250,120,0.6,20,184,191,9,182,157,0,157,0.04712041884816754,0.9578947368421052,0.0,0.8263157894736842,203,19,184,168,2,166,0.09359605911330049,0.968421052631579,0.011904761904761904,0.8736842105263158,3.637303647412924,177,0,177,0.0,0.9315789473684211,3.4696755666731836,182,0,182,0.0,0.9578947368421052,2.9097374224607555,194,8,186,0.041237113402061855,0.9789473684210527,2.747733131383146,203,16,187,0.07881773399014778,0.9842105263157894,1.288399
t_cl,t_cl,250,120,0.6,20,185,193,7,186,182,2,180,0.03626943005181347,0.9789473684210527,0.01098901098901099,0.9473684210526315,200,13,187,183,2,181,0.065,0.9842105263157894,0.01092896174863388,0.9526315789473684,3.646878149276629,186,1,185,0.005376344086021506,0.9736842105263158,3.5382126539153664,187,1,186,0.0053475935828877,0.9789473684210527,2.982410815799023,193,5,188,0.025906735751295335,0.9894736842105263,2.7960058747113488,200,11,189,0.055,0.9947368421052631,1.341334
t_cl,t_cl,250,120,0.6,20,186,182,8,174,150,1,149,0.04395604395604396,0.9157894736842105,0.006666666666666667,0.7842105263157895,195,15,180,158,1,157,0.07692307692307693,0.9473684210526315,0.006329113924050633,0.8263157894736842,3.6815370338854807,166,0,166,0.0,0.8736842105263158,3.486025841313229,172,0,172,0.0,0.9052631578947369,2.9338372837260183,190,7,183,0.03684210526315789,0.9631578947368421,2.7696861578464755,201,15,186,0.07462686567164178,0.9789473684210527,1.229053
t_cl,t_cl,250,120,0.6,20,187,170,12,158,103,1,102,0.07058823529411765,0.8315789473684211,0.009708737864077669,0.5368421052631579,204,34,170,124,3,121,0.16666666666666666,0.8947368421052632,0.024193548387096774,0.6368421052631579,3.7018952552172086,150,0,150,0.0,0.7894736842105263,3.472507422967574,162,1,161,0.006172839506172839,0.8473684210526315,2.9421653158743704,185,11,174,0.05945945945945946,0.9157894736842105,2.7777760648474312,205,27,178,0.13170731707317074,0.9368421052631579,1.413725
t_cl,t_cl,250,120,0.6,20,188,196,9,187,175,1,174,0.04591836734693878,0.9842105263157894,0.005714285714285714,0.9157894736842105,209,21,188,177,1,176,0.10047846889952153,0.9894736842105263,0.005649717514124294,0.9263157894736842,3.82276322827196,187,0,187,0.0,0.9842105263157894,3.4509843014779453,188,1,187,0.005319148936170213,0.9842105263157894,2.983370482457252,196,6,190,0.030612244897959183,1.0,2.803171273682558,205,15,190,0.07317073170731707,1.0,1.232218
t_cl,t_cl,250,120,0.6,20,189,195,10,185,159,0,159,0.05128205128205128,0.9736842105263158,0.0,0.8368421052631579,207,19,188,171,2,169,0.09178743961352658,0.9894736842105263,0.011695906432748537,0.8894736842105263,3.635489749055437,181,0,181,0.0,0.9526315789473684,3.5807007026683784,185,0,185,0.0,0.9736842105263158,2.9840725083340653,197,9,188,0.04568527918781726,0.9894736842105263,2.7617268076888237,205,16,189,0.07804878048780488,0.9947368421052631,1.305926
t_cl,t_cl,250,120,0.6,20,190,178,13,165,127,0,127,0.07303370786516854,0.868421052631579,0.0,0.6684210526315789,197,27,170,143,1,142,0.13705583756345177,0.8947368421052632,0.006993006993006993,0.7473684210526316,3.6683877415661406,157,0,157,0.0,0.8263157894736842,3.487508423084252,163,0,163,0.0,0.8578947368421053,2.963117327888676,181,9,172,0.049723756906077346,0.9052631578947369,2.7516722295258407,201,24,177,0.11940298507462686,0.9315789473684211,1.349192
t_cl,t_cl,250,120,0.6,20,191,197,8,189,173,0,173,0.04060913705583756,0.9947368421052631,0.0,0.9105263157894737,208,18,190,179,1,178,0.08653846153846154,1.0,0.00558659217877095,0.9368421052631579,3.6995763003411097,187,0,187,0.0,0.9842105263157894,3.466250552635171,190,0,190,0.0,1.0,2.9701008003485754,195,5,190,0.02564102564102564,1.0,2.773824439292039,203,13,190,0.06403940886699508,1.0,1.245928
t_cl,t_cl,250,120,0.6,20,192,176,8,168,139,1,138,0.045454545454545456,0.8842105263157894,0.007194244604316547,0.7263157894736842,188,18,170,156,1,155,0.09574468085106383,0.8947368421052632,0.00641025641025641,0.8157894736842105,3.6664060544715364,164,0,164,0.0,0.8631578947368421,3.6312399955555628,165,0,165,0.0,0.868421052631579,2.889011973553632,184,7,177,0.03804347826086957,0.9315789473684211,2.716245710120962,195,15,180,0.07692307692307693,0.9473684210526315,1.262827
t_cl,t_cl,250,120,0.6,20,193,173,9,164,135,1,134,0.05202312138728324,0.8631578947368421,0.007407407407407408,0.7052631578947368,193,23,170,141,1,140,0.11917098445595854,0.8947368421052632,0.0070921985815602835,0.7368421052631579,3.7249078176171375,161,0,161,0.0,0.8473684210526315,3.471250171204653,167,0,167,0.0,0.8789473684210526,2.943411695607123,186,8,178,0.043010752688172046,0.9368421052631579,2.7402648829191425,202,22,180,0.10891089108910891,0.9473684210526315,1.366995
t_cl,t_cl,250,120,0.6,20,194,175,9,166,133,0,133,0.05142857142857143,0.8736842105263158,0.0,0.7,201,23,178,143,0,143,0.11442786069651742,0.9368421052631579,0.0,0.7526315789473684,3.686192501051945,159,0,159,0.0,0.8368421052631579,3.4613168631137055,169,0,169,0.0,0.8894736842105263,2.8614793240568006,189,9,180,0.047619047619047616,0.9473684210526315,2.6955681106639875,203,22,181,0.10837438423645321,0.9526315789473684,1.263978
t_cl,t_cl,250,120,0.6,20,195,189,6,183,168,1,167,0.031746031746031744,0.9631578947368421,0.005952380952380952,0.8789473684210526,202,18,184,174,1,173,0.0891089108910891,0.968421052631579,0.005747126436781609,0.9105263157894737,3.6729095177820263,183,0,183,0.0,0.9631578947368421,3.4427531744691184,186,1,185,0.005376344086021506,0.9736842105263158,2.9383757333000653,194,5,189,0.02577319587628866,0.9947368421052631,2.7711116121191472,201,12,189,0.05970149253731343,0.9947368421052631,1.396162
t_cl,t_cl,250,120,0.6,20,196,185,12,173,140,1,139,0.06486486486486487,0.9105263157894737,0.007142857142857143,0.7315789473684211,204,26,178,152,2,150,0.12745098039215685,0.9368421052631579,0.013157894736842105,0.7894736842105263,3.7378044102497383,169,0,169,0.0,0.8894736842105263,3.4534285164967975,175,1,174,0.005714285714285714,0.9157894736842105,2.868029532457985,197,13,184,0.06598984771573604,0.968421052631579,2.7179329886865955,212,26,186,0.12264150943396226,0.9789473684210527,1.268353
t_cl,t_cl,250,120,0.6,20,197,199,12,187,169,0,169,0.06030150753768844,0.9842105263157894,0.0,0.8894736842105263,215,27,188,172,0,172,0.12558139534883722,0.9894736842105263,0.0,0.9052631578947369,3.7489592147485515,186,0,186,0.0,0.9789473684210527,3.433251559816261,188,0,188,0.0,0.9894736842105263,2.9439567979329633,199,10,189,0.05025125628140704,0.9947368421052631,2.749588203953996,210,20,190,0.09523809523809523,1.0,1.381718
t_cl,t_cl,250,120,0.6,20,198,189,15,174,155,3,152,0.07936507936507936,0.9157894736842105,0.01935483870967742,0.8,206,28,178,165,4,161,0.13592233009708737,0.9368421052631579,0.024242424242424242,0.8473684210526315,3.651213179924352,171,1,170,0.005847953216374269,0.8947368421052632,3.4594960132972727,174,1,173,0.005747126436781609,0.9105263157894737,2.9310436433156704,193,9,184,0.046632124352331605,0.968421052631579,2.7634547102565676,209,22,187,0.10526315789473684,0.9842105263157894,1.202389
t_cl,t_cl,250,120,0.6,20,199,200,14,186,178,0,178,0.07,0.9789473684210527,0.0,0.9368421052631579,216,29,187,183,3,180,0.13425925925925927,0.9842105263157894,0.01639344262295082,0.9473684210526315,3.6484505674527985,186,0,186,0.0,0.9789473684210527,3.6484505674527985,186,0,186,0.0,0.9789473684210527,2.880224041872215,198,9,189,0.045454545454545456,0.9947368421052631,2.7112365378540315,210,21,189,0.1,0.9947368421052631,1.298435
t_cl,t_cl,250,120,0.6,20,200,178,16,162,115,1,114,0.0898876404494382,0.8526315789473684,0.008695652173913044,0.6,196,24,172,136,4,132,0.12244897959183673,0.9052631578947369,0.029411764705882353,0.6947368421052632,3.6837284867636595,148,0,148,0.0,0.7789473684210526,3.5151863864299946,161,0,161,0.0,0.8473684210526315,2.8812932670027624,197,16,181,0.08121827411167512,0.9526315789473684,2.6898022046444794,211,25,186,0.11848341232227488,0.9789473684210527,1.245
t_cl,t_cl,250,120,0.6,20,201,179,8,171,137,0,137,0.0446927374301676,0.9,0.0,0.7210526315789474,198,19,179,150,0,150,0.09595959595959595,0.9421052631578948,0.0,0.7894736842105263,3.646561189220276,167,0,167,0.0,0.8789473684210526,3.4921807974116703,169,0,169,0.0,0.8894736842105263,2.934856102503253,192,6,186,0.03125,0.9789473684210527,2.7598777241314907,205,18,187,0.08780487804878048,0.9842105263157894,1.419585
t_cl,t_cl,250,120,0.6,20,202,196,14,182,162,2,160,0.07142857142857142,0.9578947368421052,0.012345679012345678,0.8421052631578947,219,34,185,171,2,169,0.1552511415525114,0.9736842105263158,0.011695906432748537,0.8894736842105263,3.6460504374512457,180,0,180,0.0,0.9473684210526315,3.560019762629146,183,0,183,0.0,0.9631578947368421,2.93681194482832,199,11,188,0.05527638190954774,0.9894736842105263,2.756887515929129,211,23,188,0.10900473933649289,0.9894736842105263,1.298377
t_cl,t_cl,250,120,0.6,20,203,209,20,189,177,0,177,0.09569377990430622,0.9947368421052631,0.0,0.9315789473684211,224,35,189,186,2,184,0.15625,0.9947368421052631,0.010752688172043012,0.968421052631579,3.8085613480948135,189,0,189,0.0,0.9947368421052631,3.8085613480948135,189,0,189,0.0,0.9947368421052631,2.954224592341019,203,14,189,0.06896551724137931,0.9947368421052631,2.738418741146053,217,27,190,0.12442396313364056,1.0,1.302913
t_cl,t_cl,250,120,0.6,20,204,186,9,177,145,1,144,0.04838709677419355,0.9315789473684211,0.006896551724137931,0.7578947368421053,210,27,183,156,1,155,0.12857142857142856,0.9631578947368421,0.00641025641025641,0.8157894736842105,3.712080136579947,172,0,172,0.0,0.9052631578947369,3.4494848764469332,177,0,177,0.0,0.9315789473684211,2.8960317313456,195,8,187,0.041025641025641026,0.9842105263157894,2.725841856241261,212,25,187,0.1179245283018868,0.9842105263157894,1.194735
t_cl,t_cl,250,120,0.6,20,205,205,16,189,183,0,183,0.07804878048780488,0.9947368421052631,0.0,0.9631578947368421,215,26,189,189,4,185,0.12093023255813953,0.9947368421052631,0.021164021164021163,0.9736842105263158,3.6849192748263246,189,0,189,0.0,0.9947368421052631,3.6849192748263246,189,0,189,0.0,0.9947368421052631,2.935052791471778,198,8,190,0.04040404040404041,1.0,2.7148979033050082,210,20,190,0.09523809523809523,1.0,1.373848
t_cl,t_cl,250,120,0.6,20,206,201,16,185,181,2,179,0.07960199004975124,0.9736842105263158,0.011049723756906077,0.9421052631578948,212,25,187,186,4,182,0.1179245283018868,0.9842105263157894,0.021505376344086023,0.9578947368421052,3.737328553963876,185,0,185,0.0,0.9736842105263158,3.453201697113223,186,0,186,0.0,0.9789473684210527,2.9012088288556583,203,13,190,0.06403940886699508,1.0,2.757917181947712,212,22,190,0.10377358490566038,1.0,1.329076
t_cl,t_cl,250,120,0.6,20,207,195,10,185,164,2,162,0.05128205128205128,0.9736842105263158,0.012195121951219513,0.8526315789473684,211,25,186,173,4,169,0.11848341232227488,0.9789473684210527,0.023121387283236993,0.8894736842105263,3.6350609474562043,181,1,180,0.0055248618784530384,0.9473684210526315,3.4391210064937683,187,1,186,0.0053475935828877,0.9789473684210527,2.9156080349920117,195,6,189,0.03076923076923077,0.9947368421052631,2.6960652582520916,208,19,189,0.09134615384615384,0.9947368421052631,1.198033
t_cl,t_cl,250,120,0.6,20,208,201,12,189,189,3,186,0.05970149253731343,0.9947368421052631,0.015873015873015872,0.9789473684210527,214,25,189,193,5,188,0.11682242990654206,0.9947368421052631,0.025906735751295335,0.9894736842105263,3.6382471199756616,190,1,189,0.005263157894736842,0.9947368421052631,3.4408711451131135,191,2,189,0.010471204188481676,0.9947368421052631,2.9672956232940404,198,8,190,0.04040404040404041,1.0,2.7890604035633024,210,20,190,0.09523809523809523,1.0,1.239271
t_cl,t_cl,250,120,0.6,20,209,186,13,173,125,2,123,0.06989247311827956,0.9105263157894737,0.016,0.6473684210526316,208,29,179,146,2,144,0.13942307692307693,0.9421052631578948,0.0136986301369863,0.7578947368421053,3.717889434280025,152,0,152,0.0,0.8,3.4743645767293105,164,0,164,0.0,0.8631578947368421,2.904611545131301,187,9,178,0.0481283422459893,0.9368421052631579,2.6974096064287263,207,23,184,0.1111111111111111,0.968421052631579,1.270995
t_cl,t_cl,250,120,0.6,20,210,185,8,177,159,1,158,0.043243243243243246,0.9315789473684211,0.006289308176100629,0.8315789473684211,203,20,183,165,1,164,0.09852216748768473,0.9631578947368421,0.006060606060606061,0.8631578947368421,3.6504273424466525,176,0,176,0.0,0.9263157894736842,3.449073178098478,180,1,179,0.005555555555555556,0.9421052631578948,2.896055827894289,191,6,185,0.031413612565445025,0.9736842105263158,2.7285195726149016,202,17,185,0.08415841584158416,0.9736842105263158,1.548239
t_cl,t_cl,250,120,0.6,20,211,201,12,189,189,2,187,0.05970149253731343,0.9947368421052631,0.010582010582010581,0.9842105263157894,218,28,190,192,5,187,0.12844036697247707,1.0,0.026041666666666668,0.9842105263157894,3.919194621698069,189,0,189,0.0,0.9947368421052631,3.4576732076192536,190,1,189,0.005263157894736842,0.9947368421052631,2.939838749599861,199,9,190,0.04522613065326633,1.0,2.755031224119701,213,23,190,0.107981220657277,1.0,1.225079
t_cl,t_cl,250,120,0.6,20,212,193,10,183,175,0,175,0.05181347150259067,0.9631578947368421,0.0,0.9210526315789473,201,17,184,181,0,181,0.0845771144278607,0.968421052631579,0.0,0.9526315789473684,3.9407519820785515,182,0,182,0.0,0.9578947368421052,3.4504795820512504,184,0,184,0.0,0.968421052631579,2.936786103779958,193,7,186,0.03626943005181347,0.9789473684210527,2.766499866002045,202,15,187,0.07425742574257425,0.9842105263157894,1.187714
t_cl,t_cl,250,120,0.6,20,213,195,10,185,174,1,173,0.05128205128205128,0.9736842105263158,0.005747126436781609,0.9105263157894737,206,18,188,177,1,176,0.08737864077669903,0.9894736842105263,0.005649717514124294,0.9263157894736842,3.7286643858437944,184,0,184,0.0,0.968421052631579,3.4368241527925014,187,0,187,0.0,0.9842105263157894,2.951860377004943,196,7,189,0.03571428571428571,0.9947368421052631,2.8107820360869082,204,14,190,0.06862745098039216,1.0,1.369795
t_cl,t_cl,250,120,0.6,20,214,184,7,177,162,4,158,0.03804347826086957,0.9315789473684211,0.024691358024691357,0.8315789473684211,199,17,182,170,5,165,0.08542713567839195,0.9578947368421052,0.029411764705882353,0.868421052631579,3.7211051905181387,173,0,173,0.0,0.9105263157894737,3.486331268338791,181,3,178,0.016574585635359115,0.9368421052631579,2.9281311324515498,192,7,185,0.036458333333333336,0.9736842105263158,2.7045010208944578,202,16,186,0.07920792079207921,0.9789473684210527,1.281237
t_cl,t_cl,250,120,0.6,20,215,192,7,185,174,0,174,0.036458333333333336,0.9736842105263158,0.0,0.9157894736842105,200,15,185,178,0,178,0.075,0.9736842105263158,0.0,0.9368421052631579,3.6453335393132886,185,0,185,0.0,0.9736842105263158,3.6453335393132886,185,0,185,0.0,0.9736842105263158,2.95436650686553,193,6,187,0.031088082901554404,0.9842105263157894,2.7951844018821506,198,10,188,0.050505050505050504,0.9894736842105263,1.314975
t_cl,t_cl,250,120,0.6,20,216,187,10,177,154,1,153,0.053475935828877004,0.9315789473684211,0.006493506493506494,0.8052631578947368,198,17,181,161,3,158,0.08585858585858586,0.9526315789473684,0.018633540372670808,0.8315789473684211,3.6726765855205685,177,0,177,0.0,0.9315789473684211,3.453602743040773,181,0,181,0.0,0.9526315789473684,3.0320855928001427,191,8,183,0.041884816753926704,0.9631578947368421,2.8158340089668665,199,16,183,0.08040201005025126,0.9631578947368421,1.284519
t_cl,t_cl,250,120,0.6,20,217,189,5,184,167,0,167,0.026455026455026454,0.968421052631579,0.0,0.8789473684210526,204,19,185,169,1,168,0.09313725490196079,0.9736842105263158,0.005917159763313609,0.8842105263157894,3.623362168679768,184,0,184,0.0,0.968421052631579,3.623362168679768,184,0,184,0.0,0.968421052631579,2.9532059575960963,188,3,185,0.015957446808510637,0.9736842105263158,2.7581949357259465,202,14,188,0.06930693069306931,0.9894736842105263,1.344074
t_cl,t_cl,250,120,0.6,20,218,189,8,181,162,0,162,0.042328042328042326,0.9526315789473684,0.0,0.8526315789473684,208,23,185,167,1,166,0.11057692307692307,0.9736842105263158,0.005988023952095809,0.8736842105263158,3.6426980667979674,177,0,177,0.0,0.9315789473684211,3.454670492369648,181,0,181,0.0,0.9526315789473684,2.873818394786908,195,6,189,0.03076923076923077,0.9947368421052631,2.6799222235856113,203,14,189,0.06896551724137931,0.9947368421052631,1.409706
t_cl,t_cl,250,120,0.6,20,219,197,8,189,184,1,183,0.04060913705583756,0.9947368421052631,0.005434782608695652,0.9631578947368421,204,14,190,188,1,187,0.06862745098039216,1.0,0.005319148936170213,0.9842105263157894,3.8438847589268423,188,0,188,0.0,0.9894736842105263,3.585666924241221,190,0,190,0.0,1.0,3.0109162705259314,194,4,190,0.020618556701030927,1.0,2.7920064202837676,200,10,190,0.05,1.0,1.27896
t_cl,t_cl,250,120,0.6,20,220,182,6,176,153,1,152,0.03296703296703297,0.9263157894736842,0.006535947712418301,0.8,200,20,180,165,1,164,0.1,0.9473684210526315,0.006060606060606061,0.8631578947368421,3.692598862170465,174,0,174,0.0,0.9157894736842105,3.45621073676795,177,0,177,0.0,0.9315789473684211,2.920650259868081,192,5,187,0.026041666666666668,0.9842105263157894,2.7284985602446326,205,17,188,0.08292682926829269,0.9894736842105263,1.356647
t_cl,t_cl,250,120,0.6,20,221,194,11,183,164,0,164,0.05670103092783505,0.9631578947368421,0.0,0.8631578947368421,209,24,185,175,2,173,0.11483253588516747,0.9736842105263158,0.011428571428571429,0.9105263157894737,3.692823355732565,183,0,183,0.0,0.9631578947368421,3.492329719325225,184,0,184,0.0,0.968421052631579,2.9143375741294477,198,10,188,0.050505050505050504,0.9894736842105263,2.7397299907242725,207,18,189,0.08695652173913043,0.9947368421052631,1.284868
t_cl,t_cl,250,120,0.6,20,222,192,9,183,166,0,166,0.046875,0.9631578947368421,0.0,0.8736842105263158,211,24,187,174,1,173,0.11374407582938388,0.9842105263157894,0.005747126436781609,0.9105263157894737,3.6664728489684015,182,0,182,0.0,0.9578947368421052,3.4668388334192715,184,0,184,0.0,0.968421052631579,2.9609630147088417,195,6,189,0.03076923076923077,0.9947368421052631,2.7519518134978274,205,16,189,0.07804878048780488,0.9947368421052631,1.262384
t_cl,t_cl,250,120,0.6,20,223,202,16,186,170,0,170,0.07920792079207921,0.9789473684210527,0.0,0.8947368421052632,205,19,186,176,0,176,0.09268292682926829,0.9789473684210527,0.0,0.9263157894736842,3.6564373349731003,186,0,186,0.0,0.9789473684210527,3.6564373349731003,186,0,186,0.0,0.9789473684210527,2.862620893531879,202,14,188,0.06930693069306931,0.9894736842105263,2.701190682556806,208,19,189,0.09134615384615384,0.9947368421052631,1.334101
t_cl,t_cl,250,120,0.6,20,224,171,7,164,133,0,133,0.04093567251461988,0.8631578947368421,0.0,0.7,190,20,170,149,0,149,0.10526315789473684,0.8947368421052632,0.0,0.7842105263157895,3.7897854300154967,157,0,157,0.0,0.8263157894736842,3.5166171762124567,162,0,162,0.0,0.8526315789473684,2.9347055702359635,184,7,177,0.03804347826086957,0.9315789473684211,2.770906231530719,196,16,180,0.08163265306122448,0.9473684210526315,1.282018
t_cl,t_cl,250,120,0.6,20,225,193,18,175,148,1,147,0.09326424870466321,0.9210526315789473,0.006756756756756757,0.7736842105263158,207,29,178,160,2,158,0.14009661835748793,0.9368421052631579,0.0125,0.8315789473684211,3.710411688951454,161,0,161,0.0,0.8473684210526315,3.4558379899471703,171,0,171,0.0,0.9,2.8520060413724675,192,13,179,0.06770833333333333,0.9421052631578948,2.6801012039571366,208,27,181,0.12980769230769232,0.9526315789473684,1.281501
t_cl,t_cl,250,120,0.6,20,226,185,12,173,142,1,141,0.06486486486486487,0.9105263157894737,0.007042253521126761,0.7421052631578947,202,25,177,153,2,151,0.12376237623762376,0.9315789473684211,0.013071895424836602,0.7947368421052632,3.6624078096287813,172,0,172,0.0,0.9052631578947369,3.484571156977108,174,1,173,0.005747126436781609,0.9105263157894737,2.9300720423830393,196,9,187,0.04591836734693878,0.9842105263157894,2.7727207130559615,210,22,188,0.10476190476190476,0.9894736842105263,1.392172
t_cl,t_cl,250,120,0.6,20,227,182,11,171,129,0,129,0.06043956043956044,0.9,0.0,0.6789473684210526,201,24,177,144,0,144,0.11940298507462686,0.9315789473684211,0.0,0.7578947368421053,3.6514161894743133,166,0,166,0.0,0.8736842105263158,3.5081757723866054,171,0,171,0.0,0.9,2.8370847739931,195,10,185,0.05128205128205128,0.9736842105263158,2.6894188000690855,211,24,187,0.11374407582938388,0.9842105263157894,1.312028
t_cl,t_cl,250,120,0.6,20,228,162,12,150,97,1,96,0.07407407407407407,0.7894736842105263,0.010309278350515464,0.5052631578947369,180,21,159,112,1,111,0.11666666666666667,0.8368421052631579,0.008928571428571428,0.5842105263157895,3.712998094220708,133,0,133,0.0,0.7,3.5141680375467375,146,0,146,0.0,0.7684210526315789,2.9381324047408452,177,11,166,0.062146892655367235,0.8736842105263158,2.7715133587679404,196,21,175,0.10714285714285714,0.9210526315789473,1.264047
t_cl,t_cl,250,120,0.6,20,229,199,9,190,190,1,189,0.04522613065326633,1.0,0.005263157894736842,0.9947368421052631,208,18,190,191,2,189,0.08653846153846154,1.0,0.010471204188481676,0.9947368421052631,4.18847323420976,190,0,190,0.0,1.0,3.4755421792812653,191,1,190,0.005235602094240838,1.0,3.0064506615868276,193,3,190,0.015544041450777202,1.0,2.776570622609466,202,12,190,0.0594059405940594,1.0,1.27155
t_cl,t_cl,250,120,0.6,20,230,189,8,181,159,0,159,0.042328042328042326,0.9526315789473684,0.0,0.8368421052631579,203,17,186,172,2,170,0.08374384236453201,0.9789473684210527,0.011627906976744186,0.8947368421052632,3.6847949189769875,181,0,181,0.0,0.9526315789473684,3.5667210803237017,183,0,183,0.0,0.9631578947368421,2.9230819806903843,195,7,188,0.035897435897435895,0.9894736842105263,2.753183643833718,203,15,188,0.07389162561576355,0.9894736842105263,1.238444
t_cl,t_cl,250,120,0.6,20,231,150,3,147,97,0,97,0.02,0.7736842105263158,0.0,0.5105263157894737,172,12,160,110,0,110,0.06976744186046512,0.8421052631578947,0.0,0.5789473684210527,3.721716426001153,129,0,129,0.0,0.6789473684210526,3.512512299930862,141,0,141,0.0,0.7421052631578947,2.9097574227440464,173,3,170,0.017341040462427744,0.8947368421052632,2.7462621836223393,184,9,175,0.04891304347826087,0.9210526315789473,1.353464
t_cl,t_cl,250,120,0.6,20,232,194,11,183,167,1,166,0.05670103092783505,0.9631578947368421,0.005988023952095809,0.8736842105263158,207,23,184,172,2,170,0.1111111111111111,0.968421052631579,0.011627906976744186,0.8947368421052632,3.709635371715474,182,0,182,0.0,0.9578947368421052,3.542058714736337,183,0,183,0.0,0.9631578947368421,2.919479017875578,196,9,187,0.04591836734693878,0.9842105263157894,2.747519703078444,208,20,188,0.09615384615384616,0.9894736842105263,1.265833
t_cl,t_cl,250,120,0.6,20,233,193,10,183,161,0,161,0.05181347150259067,0.9631578947368421,0.0,0.8473684210526315,209,24,185,177,2,175,0.11483253588516747,0.9736842105263158,0.011299435028248588,0.9210526315789473,3.6422205292034384,179,0,179,0.0,0.9421052631578948,3.4873846725989384,181,0,181,0.0,0.9526315789473684,2.8616679774627465,195,7,188,0.035897435897435895,0.9894736842105263,2.659454290350248,208,20,188,0.09615384615384616,0.9894736842105263,1.265031
t_cl,t_cl,250,120,0.6,20,234,182,2,180,164,1,163,0.01098901098901099,0.9473684210526315,0.006097560975609756,0.8578947368421053,196,12,184,166,1,165,0.061224489795918366,0.968421052631579,0.006024096385542169,0.868421052631579,3.6819563896924667,179,0,179,0.0,0.9421052631578948,3.4457899316869818,181,0,181,0.0,0.9526315789473684,3.012100890379745,187,1,186,0.0053475935828877,0.9789473684210527,2.776202520329438,193,7,186,0.03626943005181347,0.9789473684210527,1.311146
t_cl,t_cl,250,120,0.6,20,235,202,16,186,179,1,178,0.07920792079207921,0.9789473684210527,0.00558659217877095,0.9368421052631579,214,27,187,190,7,183,0.1261682242990654,0.9842105263157894,0.03684210526315789,0.9631578947368421,3.8401250549101373,186,0,186,0.0,0.9789473684210527,3.8401250549101373,186,0,186,0.0,0.9789473684210527,2.850023364518906,199,11,188,0.05527638190954774,0.9894736842105263,2.639160256587766,211,22,189,0.10426540284360189,0.9947368421052631,1.2734
t_cl,t_cl,250,120,0.6,20,236,191,5,186,174,1,173,0.02617801047120419,0.9789473684210527,0.005747126436781609,0.9105263157894737,201,14,187,180,1,179,0.06965174129353234,0.9842105263157894,0.005555555555555556,0.9421052631578948,3.67660045321734,185,1,184,0.005405405405405406,0.968421052631579,3.5013422939790324,187,1,186,0.0053475935828877,0.9789473684210527,2.922643647624817,193,3,190,0.015544041450777202,1.0,2.747275057851063,200,10,190,0.05,1.0,1.42563
t_cl,t_cl,250,120,0.6,20,237,187,13,174,153,0,153,0.06951871657754011,0.9157894736842105,0.0,0.8052631578947368,207,28,179,164,1,163,0.13526570048309178,0.9421052631578948,0.006097560975609756,0.8578947368421053,3.6644707617016588,174,0,174,0.0,0.9157894736842105,3.480486614666587,177,0,177,0.0,0.9315789473684211,2.904324554833957,199,13,186,0.06532663316582915,0.9789473684210527,2.736433944322738,213,26,187,0.12206572769953052,0.9842105263157894,1.206342
t_cl,t_cl,250,120,0.6,20,238,204,15,189,188,4,184,0.07352941176470588,0.9947368421052631,0.02127659574468085,0.968421052631579,215,25,190,191,5,186,0.11627906976744186,1.0,0.02617801047120419,0.9789473684210527,3.8062830455086156,188,0,188,0.0,0.9894736842105263,3.459395364457025,190,1,189,0.005263157894736842,0.9947368421052631,3.0346982536848164,198,8,190,0.04040404040404041,1.0,2.8171212355257356,205,15,190,0.07317073170731707,1.0,1.268644
t_cl,t_cl,250,120,0.6,20,239,197,10,187,181,2,179,0.050761421319796954,0.9842105263157894,0.011049723756906077,0.9421052631578948,216,27,189,185,3,182,0.125,0.9947368421052631,0.016216216216216217,0.9578947368421052,3.7773249759821295,187,0,187,0.0,0.9842105263157894,3.436296804957404,189,0,189,0.0,0.9947368421052631,2.9746233974323055,196,6,190,0.030612244897959183,1.0,2.7622957708428273,210,20,190,0.09523809523809523,1.0,1.201784
t_cl,t_cl,250,120,0.6,20,240,200,10,190,187,1,186,0.05,1.0,0.0053475935828877,0.9789473684210527,210,20,190,190,1,189,0.09523809523809523,1.0,0.005263157894736842,0.9947368421052631,3.859369852206991,190,0,190,0.0,1.0,3.859369852206991,190,0,190,0.0,1.0,2.932929024811517,197,7,190,0.03553299492385787,1.0,2.7554353447206976,205,15,190,0.07317073170731707,1.0,1.465977
t_cl,t_cl,250,120,0.6,20,241,197,12,185,172,1,171,0.06091370558375635,0.9736842105263158,0.005813953488372093,0.9,212,26,186,180,3,177,0.12264150943396226,0.9789473684210527,0.016666666666666666,0.9315789473684211,3.8812495629158557,185,0,185,0.0,0.9736842105263158,3.5965934151869385,186,1,185,0.005376344086021506,0.9736842105263158,2.9522251428160526,199,9,190,0.04522613065326633,1.0,2.7665936671555196,211,21,190,0.0995260663507109,1.0,1.221718
t_cl,t_cl,250,120,0.6,20,242,194,7,187,181,2,179,0.03608247422680412,0.9842105263157894,0.011049723756906077,0.9421052631578948,207,19,188,184,4,180,0.09178743961352658,0.9894736842105263,0.021739130434782608,0.9473684210526315,3.731974027192305,188,0,188,0.0,0.9894736842105263,3.731974027192305,188,0,188,0.0,0.9894736842105263,2.9139546735384405,195,6,189,0.03076923076923077,0.9947368421052631,2.734376490667454,202,13,189,0.06435643564356436,0.9947368421052631,1.405189
t_cl,t_cl,250,120,0.6,20,243,187,8,179,146,1,145,0.0427807486631016,0.9421052631578948,0.00684931506849315,0.7631578947368421,197,14,183,155,1,154,0.07106598984771574,0.9631578947368421,0.0064516129032258064,0.8105263157894737,3.658823670365619,175,0,175,0.0,0.9210526315789473,3.451324713994389,178,0,178,0.0,0.9368421052631579,2.946788036839085,191,4,187,0.020942408376963352,0.9842105263157894,2.755567917421739,201,13,188,0.06467661691542288,0.9894736842105263,1.485136
t_cl,t_cl,250,120,0.6,20,244,195,10,185,175,0,175,0.05128205128205128,0.9736842105263158,0.0,0.9210526315789473,207,20,187,180,1,179,0.0966183574879227,0.9842105263157894,0.005555555555555556,0.9421052631578948,3.708178171308539,182,0,182,0.0,0.9578947368421052,3.5186489859453323,185,0,185,0.0,0.9736842105263158,2.8782343257202236,196,7,189,0.03571428571428571,0.9947368421052631,2.7062804359561556,204,14,190,0.06862745098039216,1.0,1.524613
t_cl,t_cl,250,120,0.6,20,245,179,13,166,132,2,130,0.07262569832402235,0.8736842105263158,0.015151515151515152,0.6842105263157895,197,22,175,151,2,149,0.1116751269035533,0.9210526315789473,0.013245033112582781,0.7842105263157895,3.697245912345588,165,1,164,0.006060606060606061,0.8631578947368421,3.454627214202098,174,2,172,0.011494252873563218,0.9052631578947369,2.903647182719395,197,13,184,0.06598984771573604,0.968421052631579,2.75529002970865,208,22,186,0.10576923076923077,0.9789473684210527,1.348247
t_cl,t_cl,250,120,0.6,20,246,195,7,188,183,0,183,0.035897435897435895,0.9894736842105263,0.0,0.9631578947368421,206,17,189,186,0,186,0.0825242718446602,0.9947368421052631,0.0,0.9789473684210527,3.660519894860336,188,0,188,0.0,0.9894736842105263,3.5306018307931235,189,0,189,0.0,0.9947368421052631,3.003946385326443,193,3,190,0.015544041450777202,1.0,2.764572355152274,202,12,190,0.0594059405940594,1.0,1.212446
t_cl,t_cl,250,120,0.6,20,247,200,10,190,186,1,185,0.05,1.0,0.005376344086021506,0.9736842105263158,214,24,190,188,1,187,0.11214953271028037,1.0,0.005319148936170213,0.9842105263157894,3.7397627183253914,190,0,190,0.0,1.0,3.7397627183253914,190,0,190,0.0,1.0,2.959271783722439,196,6,190,0.030612244897959183,1.0,2.764143604125453,203,13,190,0.06403940886699508,1.0,1.275115
t_cl,t_cl,250,120,0.6,20,248,185,18,167,140,2,138,0.0972972972972973,0.8789473684210526,0.014285714285714285,0.7263157894736842,197,24,173,149,3,146,0.1218274111675127,0.9105263157894737,0.020134228187919462,0.7684210526315789,3.6974612451236046,162,0,162,0.0,0.8526315789473684,3.4721234190127297,168,1,167,0.005952380952380952,0.8789473684210526,2.948551638768616,192,12,180,0.0625,0.9473684210526315,2.7676450048009595,202,21,181,0.10396039603960396,0.9526315789473684,1.394691
t_cl,t_cl,250,120,0.6,20,249,198,13,185,172,1,171,0.06565656565656566,0.9736842105263158,0.005813953488372093,0.9,216,28,188,179,3,176,0.12962962962962962,0.9894736842105263,0.01675977653631285,0.9263157894736842,3.639025402517461,184,0,184,0.0,0.968421052631579,3.5075619625078414,186,0,186,0.0,0.9789473684210527,2.898607439196502,198,10,188,0.050505050505050504,0.9894736842105263,2.74720863752079,205,17,188,0.08292682926829269,0.9894736842105263,1.332104
t_cl,t_cl,250,120,0.6,20,250,163,2,161,113,0,113,0.012269938650306749,0.8473684210526315,0.0,0.5947368421052631,179,10,169,128,0,128,0.055865921787709494,0.8894736842105263,0.0,0.6736842105263158,3.67062019667878,153,0,153,0.0,0.8052631578947368,3.501663046058522,163,0,163,0.0,0.8578947368421053,3.056220692528521,179,1,178,0.00558659217877095,0.9368421052631579,2.7523819619400633,190,9,181,0.04736842105263158,0.9526315789473684,1.339157
t_cl,t_cl,250,120,0.6,20,251,211,23,188,181,0,181,0.10900473933649289,0.9894736842105263,0.0,0.9526315789473684,225,37,188,186,2,184,0.16444444444444445,0.9894736842105263,0.010752688172043012,0.968421052631579,3.8342551845501225,187,0,187,0.0,0.9842105263157894,3.593430712202887,188,0,188,0.0,0.9894736842105263,2.9225810966077517,202,14,188,0.06930693069306931,0.9894736842105263,2.7434567196533273,220,30,190,0.13636363636363635,1.0,1.269032
t_cl,t_cl,250,120,0.6,20,252,205,16,189,184,1,183,0.07804878048780488,0.9947368421052631,0.005434782608695652,0.9631578947368421,232,43,189,185,1,184,0.1853448275862069,0.9947368421052631,0.005405405405405406,0.968421052631579,3.7855873230571886,189,0,189,0.0,0.9947368421052631,3.7855873230571886,189,0,189,0.0,0.9947368421052631,2.9363256207858557,200,10,190,0.05,1.0,2.756944675128794,222,32,190,0.14414414414414414,1.0,1.376198
t_cl,t_cl,250,120,0.6,20,253,192,14,178,160,0,160,0.07291666666666667,0.9368421052631579,0.0,0.8421052631578947,209,27,182,166,1,165,0.1291866028708134,0.9578947368421052,0.006024096385542169,0.868421052631579,3.6482894974515636,176,0,176,0.0,0.9263157894736842,3.4585807089076006,178,0,178,0.0,0.9368421052631579,2.856880984934115,197,12,185,0.06091370558375635,0.9736842105263158,2.702680664754916,211,25,186,0.11848341232227488,0.9789473684210527,1.226271
t_cl,t_cl,250,120,0.6,20,254,201,13,188,186,2,184,0.06467661691542288,0.9894736842105263,0.010752688172043012,0.968421052631579,213,23,190,189,3,186,0.107981220657277,1.0,0.015873015873015872,0.9789473684210527,3.711023975587015,188,0,188,0.0,0.9894736842105263,3.4418266859885898,191,1,190,0.005235602094240838,1.0,2.954354992735686,201,11,190,0.05472636815920398,1.0,2.7883096493598307,211,21,190,0.0995260663507109,1.0,1.246631
t_cl,t_cl,250,120,0.6,20,255,187,5,182,170,1,169,0.026737967914438502,0.9578947368421052,0.0058823529411764705,0.8894736842105263,204,18,186,173,1,172,0.08823529411764706,0.9789473684210527,0.005780346820809248,0.9052631578947369,3.628337753438602,182,0,182,0.0,0.9578947368421052,3.518909892566738,183,0,183,0.0,0.9631578947368421,2.8953728272320944,193,3,190,0.015544041450777202,1.0,2.722955462200155,202,12,190,0.0594059405940594,1.0,1.246632
t_cl,t_cl,250,120,0.6,20,256,202,14,188,183,1,182,0.06930693069306931,0.9894736842105263,0.00546448087431694,0.9578947368421052,215,27,188,187,2,185,0.12558139534883722,0.9894736842105263,0.0106951871657754,0.9736842105263158,3.769355245012324,188,0,188,0.0,0.9894736842105263,3.769355245012324,188,0,188,0.0,0.9894736842105263,2.9619758830710574,199,10,189,0.05025125628140704,0.9947368421052631,2.7768328220193705,210,20,190,0.09523809523809523,1.0,1.412709
t_cl,t_cl,250,120,0.6,20,257,197,12,185,155,1,154,0.06091370558375635,0.9736842105263158,0.0064516129032258064,0.8105263157894737,209,23,186,165,1,164,0.11004784688995216,0.9789473684210527,0.006060606060606061,0.8631578947368421,3.639427045637869,182,0,182,0.0,0.9578947368421052,3.4546920246380592,185,0,185,0.0,0.9736842105263158,2.853476911747168,195,7,188,0.035897435897435895,0.9894736842105263,2.672627308614601,210,22,188,0.10476190476190476,0.9894736842105263,1.417479
t_cl,t_cl,250,120,0.6,20,258,202,15,187,173,0,173,0.07425742574257425,0.9842105263157894,0.0,0.9105263157894737,223,36,187,181,4,177,0.16143497757847533,0.9842105263157894,0.022099447513812154,0.9315789473684211,3.739669128510876,184,0,184,0.0,0.968421052631579,3.554313746484097,187,0,187,0.0,0.9842105263157894,2.8822770549344976,200,12,188,0.06,0.9894736842105263,2.6992078413733642,220,31,189,0.1409090909090909,0.9947368421052631,1.240421
t_cl,t_cl,250,120,0.6,20,259,205,15,190,191,2,189,0.07317073170731707,1.0,0.010471204188481676,0.9947368421052631,214,24,190,195,6,189,0.11214953271028037,1.0,0.03076923076923077,0.9947368421052631,3.6774788765623985,191,1,190,0.005235602094240838,1.0,3.6774788765623985,191,1,190,0.005235602094240838,1.0,2.9503639204510894,200,10,190,0.05,1.0,2.7711999661639717,207,17,190,0.0821256038647343,1.0,1.221176
t_cl,t_cl,250,120,0.6,20,260,187,7,180,168,0,168,0.0374331550802139,0.9473684210526315,0.0,0.8842105263157894,199,16,183,170,0,170,0.08040201005025126,0.9631578947368421,0.0,0.8947368421052632,3.6750243563072926,180,0,180,0.0,0.9473684210526315,3.443957190004075,181,0,181,0.0,0.9526315789473684,2.883900852910468,192,4,188,0.020833333333333332,0.9894736842105263,2.706244632353404,203,13,190,0.06403940886699508,1.0,1.355689
t_cl,t_cl,250,120,0.6,20,261,198,8,190,177,0,177,0.04040404040404041,1.0,0.0,0.9315789473684211,210,20,190,184,1,183,0.09523809523809523,1.0,0.005434782608695652,0.9631578947368421,3.6202790271546923,188,0,188,0.0,0.9894736842105263,3.5174711242396435,189,0,189,0.0,0.9947368421052631,2.954637940620289,195,5,190,0.02564102564102564,1.0,2.765877838586767,205,15,190,0.07317073170731707,1.0,1.303041
t_cl,t_cl,250,120,0.6,20,262,189,8,181,161,4,157,0.042328042328042326,0.9526315789473684,0.024844720496894408,0.8263157894736842,202,18,184,170,5,165,0.0891089108910891,0.968421052631579,0.029411764705882353,0.868421052631579,3.6774361292849522,177,2,175,0.011299435028248588,0.9210526315789473,3.4951705954741863,180,2,178,0.011111111111111112,0.9368421052631579,2.9105280663535056,193,6,187,0.031088082901554404,0.9842105263157894,2.7338149318261906,201,13,188,0.06467661691542288,0.9894736842105263,1.183616
t_cl,t_cl,250,120,0.6,20,263,189,8,181,169,0,169,0.042328042328042326,0.9526315789473684,0.0,0.8894736842105263,199,16,183,173,1,172,0.08040201005025126,0.9631578947368421,0.005780346820809248,0.9052631578947369,3.674512063167504,177,0,177,0.0,0.9315789473684211,3.491195617367437,181,0,181,0.0,0.9526315789473684,2.868347953874202,194,7,187,0.03608247422680412,0.9842105263157894,2.7137934377665807,201,14,187,0.06965174129353234,0.9842105263157894,1.295382
t_cl,t_cl,250,120,0.6,20,264,181,6,175,143,1,142,0.03314917127071823,0.9210526315789473,0.006993006993006993,0.7473684210526316,196,14,182,153,1,152,0.07142857142857142,0.9578947368421052,0.006535947712418301,0.8,3.6430975581836287,169,0,169,0.0,0.8894736842105263,3.495149175412065,176,0,176,0.0,0.9263157894736842,2.856414028094656,193,6,187,0.031088082901554404,0.9842105263157894,2.714799071970759,200,11,189,0.055,0.9947368421052631,1.261765
t_cl,t_cl,250,120,0.6,20,265,195,8,187,181,2,179,0.041025641025641026,0.9842105263157894,0.011049723756906077,0.9421052631578948,206,18,188,189,5,184,0.08737864077669903,0.9894736842105263,0.026455026455026454,0.968421052631579,3.659896969468362,187,0,187,0.0,0.9842105263157894,3.4787670682164804,189,1,188,0.005291005291005291,0.9894736842105263,2.8916921457879288,198,8,190,0.04040404040404041,1.0,2.7080962233693873,205,15,190,0.07317073170731707,1.0,1.523611
t_cl,t_cl,250,120,0.6,20,266,193,13,180,163,0,163,0.06735751295336788,0.9473684210526315,0.0,0.8578947368421053,210,28,182,172,2,170,0.13333333333333333,0.9578947368421052,0.011627906976744186,0.8947368421052632,3.6539556339050634,177,0,177,0.0,0.9315789473684211,3.602793472257192,180,0,180,0.0,0.9473684210526315,2.894194182918547,194,11,183,0.05670103092783505,0.9631578947368421,2.7289400217345707,206,23,183,0.11165048543689321,0.9631578947368421,1.268219
t_cl,t_cl,250,120,0.6,20,267,194,9,185,165,0,165,0.04639175257731959,0.9736842105263158,0.0,0.868421052631579,208,23,185,172,1,171,0.11057692307692307,0.9736842105263158,0.005813953488372093,0.9,3.6371255650432337,184,0,184,0.0,0.968421052631579,3.6170369107322515,185,0,185,0.0,0.9736842105263158,2.947638602760588,194,7,187,0.03608247422680412,0.9842105263157894,2.7754927703803514,208,19,189,0.09134615384615384,0.9947368421052631,1.322371
t_cl,t_cl,250,120,0.6,20,268,168,11,157,125,1,124,0.06547619047619048,0.8263157894736842,0.008,0.6526315789473685,186,20,166,134,2,132,0.10752688172043011,0.8736842105263158,0.014925373134328358,0.6947368421052632,3.691660204190654,146,0,146,0.0,0.7684210526315789,3.5655117140351713,152,0,152,0.0,0.8,2.8983998737221803,183,10,173,0.0546448087431694,0.9105263157894737,2.7206778259005446,199,20,179,0.10050251256281408,0.9421052631578948,1.206666
t_cl,t_cl,250,120,0.6,20,269,188,9,179,166,0,166,0.047872340425531915,0.9421052631578948,0.0,0.8736842105263158,209,25,184,171,0,171,0.11961722488038277,0.968421052631579,0.0,0.9,3.6416873664116616,180,0,180,0.0,0.9473684210526315,3.5808818530006397,182,0,182,0.0,0.9578947368421052,2.958060885423623,196,8,188,0.04081632653061224,0.9894736842105263,2.7817998036225173,210,21,189,0.1,0.9947368421052631,1.238374
t_cl,t_cl,250,120,0.6,20,270,188,5,183,172,0,172,0.026595744680851064,0.9631578947368421,0.0,0.9052631578947369,199,14,185,176,0,176,0.07035175879396985,0.9736842105263158,0.0,0.9263157894736842,3.6469050704375365,181,0,181,0.0,0.9526315789473684,3.452099814531803,184,0,184,0.0,0.968421052631579,2.9456723981712027,192,4,188,0.020833333333333332,0.9894736842105263,2.759613006622742,199,11,188,0.05527638190954774,0.9894736842105263,1.370709
t_cl,t_cl,250,120,0.6,20,271,201,14,187,170,1,169,0.06965174129353234,0.9842105263157894,0.0058823529411764705,0.8894736842105263,218,29,189,180,3,177,0.13302752293577982,0.9947368421052631,0.016666666666666666,0.9315789473684211,3.642248793616853,187,1,186,0.0053475935828877,0.9789473684210527,3.642248793616853,187,1,186,0.0053475935828877,0.9789473684210527,2.923081521840354,200,10,190,0.05,1.0,2.7435705902820233,212,22,190,0.10377358490566038,1.0,1.264153
t_cl,t_cl,250,120,0.6,20,272,187,9,178,147,0,147,0.0481283422459893,0.9368421052631579,0.0,0.7736842105263158,202,19,183,156,0,156,0.09405940594059406,0.9631578947368421,0.0,0.8210526315789474,3.702552050254563,176,0,176,0.0,0.9263157894736842,3.474210559267591,178,0,178,0.0,0.9368421052631579,2.879914247056784,192,6,186,0.03125,0.9789473684210527,2.756453559495365,201,14,187,0.06965174129353234,0.9842105263157894,1.325903
t_cl,t_cl,250,120,0.6,20,273,188,9,179,147,1,146,0.047872340425531915,0.9421052631578948,0.006802721088435374,0.7684210526315789,202,18,184,157,1,156,0.0891089108910891,0.968421052631579,0.006369426751592357,0.8210526315789474,3.693927056852694,177,0,177,0.0,0.9315789473684211,3.6081328591186064,178,0,178,0.0,0.9368421052631579,2.9775003774445428,193,4,189,0.02072538860103627,0.9947368421052631,2.7648989495497647,203,14,189,0.06896551724137931,0.9947368421052631,1.348724
t_cl,t_cl,250,120,0.6,20,274,180,15,165,138,1,137,0.08333333333333333,0.868421052631579,0.007246376811594203,0.7210526315789474,200,29,171,146,1,145,0.145,0.9,0.00684931506849315,0.7631578947368421,3.689822280603097,159,0,159,0.0,0.8368421052631579,3.4700244465699313,166,1,165,0.006024096385542169,0.868421052631579,2.8732506075399713,192,12,180,0.0625,0.9473684210526315,2.688869060021016,209,28,181,0.1339712918660287,0.9526315789473684,1.400113
t_cl,t_cl,250,120,0.6,20,275,200,11,189,185,2,183,0.055,0.9947368421052631,0.010810810810810811,0.9631578947368421,217,27,190,187,2,185,0.12442396313364056,1.0,0.0106951871657754,0.9736842105263158,3.715156589655436,190,1,189,0.005263157894736842,0.9947368421052631,3.548494003050236,192,2,190,0.010416666666666666,1.0,2.9916667291355594,197,7,190,0.03553299492385787,1.0,2.7842429987659068,211,21,190,0.0995260663507109,1.0,1.37576
t_cl,t_cl,250,120,0.6,20,276,187,4,183,171,0,171,0.0213903743315508,0.9631578947368421,0.0,0.9,204,18,186,179,0,179,0.08823529411764706,0.9789473684210527,0.0,0.9421052631578948,3.6312659547829624,183,0,183,0.0,0.9631578947368421,3.487551277882229,184,0,184,0.0,0.968421052631579,2.8821600597795816,192,4,188,0.020833333333333332,0.9894736842105263,2.6874656654901323,205,15,190,0.07317073170731707,1.0,1.291623
t_cl,t_cl,250,120,0.6,20,277,202,17,185,177,0,177,0.08415841584158416,0.9736842105263158,0.0,0.9315789473684211,210,24,186,180,1,179,0.11428571428571428,0.9789473684210527,0.005555555555555556,0.9421052631578948,3.6327914577438327,185,0,185,0.0,0.9736842105263158,3.5754308863457793,186,0,186,0.0,0.9789473684210527,2.955832521463182,202,13,189,0.06435643564356436,0.9947368421052631,2.7684562289765973,211,22,189,0.10426540284360189,0.9947368421052631,1.277076
t_cl,t_cl,250,120,0.6,20,278,191,6,185,172,0,172,0.031413612565445025,0.9736842105263158,0.0,0.9052631578947369,217,29,188,177,0,177,0.1336405529953917,0.9894736842105263,0.0,0.9315789473684211,3.6555240937924074,184,0,184,0.0,0.968421052631579,3.5195492654495344,185,0,185,0.0,0.9736842105263158,2.9370767517770853,194,5,189,0.02577319587628866,0.9947368421052631,2.763136287266067,208,19,189,0.09134615384615384,0.9947368421052631,1.370493
t_cl,t_cl,250,120,0.6,20,279,192,6,186,171,1,170,0.03125,0.9789473684210527,0.005847953216374269,0.8947368421052632,212,24,188,178,2,176,0.11320754716981132,0.9894736842105263,0.011235955056179775,0.9263157894736842,3.675525438070697,183,0,183,0.0,0.9631578947368421,3.474770250014479,187,1,186,0.0053475935828877,0.9789473684210527,2.934864345610451,194,5,189,0.02577319587628866,0.9947368421052631,2.7403670547901804,204,15,189,0.07352941176470588,0.9947368421052631,1.402222
t_cl,t_cl,250,120,0.6,20,280,163,9,154,110,1,109,0.05521472392638037,0.8105263157894737,0.00909090909090909,0.5736842105263158,184,20,164,127,1,126,0.10869565217391304,0.8631578947368421,0.007874015748031496,0.6631578947368421,3.688123163570693,143,0,143,0.0,0.7526315789473684,3.5068798860415233,151,1,150,0.006622516556291391,0.7894736842105263,2.912113383658664,182,10,172,0.054945054945054944,0.9052631578947369,2.751507633578685,195,21,174,0.1076923076923077,0.9157894736842105,1.318341
t_cl,t_cl,250,120,0.6,20,281,203,13,190,182,1,181,0.06403940886699508,1.0,0.005494505494505495,0.9526315789473684,216,26,190,187,3,184,0.12037037037037036,1.0,0.016042780748663103,0.968421052631579,3.616502836296139,188,0,188,0.0,0.9894736842105263,3.5421739242599615,190,0,190,0.0,1.0,2.8841531059240566,200,10,190,0.05,1.0,2.737247325996944,207,17,190,0.0821256038647343,1.0,1.480198
t_cl,t_cl,250,120,0.6,20,282,204,16,188,179,3,176,0.0784313725490196,0.9894736842105263,0.01675977653631285,0.9263157894736842,223,34,189,185,4,181,0.15246636771300448,0.9947368421052631,0.021621621621621623,0.9526315789473684,3.7544710042040412,188,0,188,0.0,0.9894736842105263,3.7544710042040412,188,0,188,0.0,0.9894736842105263,2.8792430915524543,200,10,190,0.05,1.0,2.696684655315083,213,23,190,0.107981220657277,1.0,1.384101
t_cl,t_cl,250,120,0.6,20,283,206,19,187,178,2,176,0.09223300970873786,0.9842105263157894,0.011235955056179775,0.9263157894736842,220,33,187,184,5,179,0.15,0.9842105263157894,0.02717391304347826,0.9421052631578948,3.7918830190805104,188,1,187,0.005319148936170213,0.9842105263157894,3.7918830190805104,188,1,187,0.005319148936170213,0.9842105263157894,2.8928545838503674,204,14,190,0.06862745098039216,1.0,2.73260494831064,213,23,190,0.107981220657277,1.0,1.462705
t_cl,t_cl,250,120,0.6,20,284,197,12,185,163,1,162,0.06091370558375635,0.9736842105263158,0.006134969325153374,0.8526315789473684,206,19,187,170,2,168,0.09223300970873786,0.9842105263157894,0.011764705882352941,0.8842105263157894,3.692749170141658,181,0,181,0.0,0.9526315789473684,3.5536955901491654,184,0,184,0.0,0.968421052631579,2.912332082810821,196,8,188,0.04081632653061224,0.9894736842105263,2.754219968755986,204,16,188,0.0784313725490196,0.9894736842105263,1.241828
t_cl,t_cl,250,120,0.6,20,285,185,10,175,156,2,154,0.05405405405405406,0.9210526315789473,0.01282051282051282,0.8105263157894737,210,29,181,164,3,161,0.1380952380952381,0.9526315789473684,0.018292682926829267,0.8473684210526315,3.745510195279348,172,1,171,0.005813953488372093,0.9,3.4651021432636764,178,2,176,0.011235955056179775,0.9263157894736842,2.9302097820147974,194,9,185,0.04639175257731959,0.9736842105263158,2.7573364716428426,207,20,187,0.0966183574879227,0.9842105263157894,1.356496
t_cl,t_cl,250,120,0.6,20,286,190,9,181,164,0,164,0.04736842105263158,0.9526315789473684,0.0,0.8631578947368421,201,18,183,166,0,166,0.08955223880597014,0.9631578947368421,0.0,0.8736842105263158,3.6316227609314433,180,0,180,0.0,0.9473684210526315,3.532083772679455,181,0,181,0.0,0.9526315789473684,2.945730056655885,194,8,186,0.041237113402061855,0.9789473684210527,2.755542744881943,201,14,187,0.06965174129353234,0.9842105263157894,1.418014
t_cl,t_cl,250,120,0.6,20,287,186,9,177,154,1,153,0.04838709677419355,0.9315789473684211,0.006493506493506494,0.8052631578947368,202,22,180,162,2,160,0.10891089108910891,0.9473684210526315,0.012345679012345678,0.8421052631578947,3.6749171609186906,176,0,176,0.0,0.9263157894736842,3.4554873006743017,180,1,179,0.005555555555555556,0.9421052631578948,2.94439119961829,191,7,184,0.03664921465968586,0.968421052631579,2.7816444534754052,203,17,186,0.08374384236453201,0.9789473684210527,1.334643
t_cl,t_cl,250,120,0.6,20,288,195,7,188,179,0,179,0.035897435897435895,0.9894736842105263,0.0,0.9421052631578948,209,21,188,184,0,184,0.10047846889952153,0.9894736842105263,0.0,0.968421052631579,3.689312590956985,188,0,188,0.0,0.9894736842105263,3.689312590956985,188,0,188,0.0,0.9894736842105263,2.8625401751867066,194,4,190,0.020618556701030927,1.0,2.7137119125009006,200,10,190,0.05,1.0,1.382064
t_cl,t_cl,250,120,0.6,20,289,195,13,182,161,0,161,0.06666666666666667,0.9578947368421052,0.0,0.8473684210526315,211,26,185,170,2,168,0.12322274881516587,0.9736842105263158,0.011764705882352941,0.8842105263157894,3.6380642831772922,181,0,181,0.0,0.9526315789473684,3.5109011603145515,184,0,184,0.0,0.968421052631579,2.9264790375618337,198,9,189,0.045454545454545456,0.9947368421052631,2.7444324630261447,209,20,189,0.09569377990430622,0.9947368421052631,1.232658
t_cl,t_cl,250,120,0.6,20,290,174,7,167,145,2,143,0.040229885057471264,0.8789473684210526,0.013793103448275862,0.7526315789473684,186,14,172,153,3,150,0.07526881720430108,0.9052631578947369,0.0196078431372549,0.7894736842105263,3.7953179704681754,158,0,158,0.0,0.8315789473684211,3.466260303288119,167,0,167,0.0,0.8789473684210526,2.948509016420044,180,6,174,0.03333333333333333,0.9157894736842105,2.7497106782572107,188,13,175,0.06914893617021277,0.9210526315789473,1.560654
t_cl,t_cl,250,120,0.6,20,291,187,6,181,159,1,158,0.03208556149732621,0.9526315789473684,0.006289308176100629,0.8315789473684211,197,14,183,168,3,165,0.07106598984771574,0.9631578947368421,0.017857142857142856,0.868421052631579,3.6464968724724063,179,0,179,0.0,0.9421052631578948,3.4556521621448453,182,1,181,0.005494505494505495,0.9526315789473684,2.9209501640057094,194,5,189,0.02577319587628866,0.9947368421052631,2.7185682190415106,204,14,190,0.06862745098039216,1.0,1.25741
t_cl,t_cl,250,120,0.6,20,292,196,19,177,155,1,154,0.09693877551020408,0.9315789473684211,0.0064516129032258064,0.8105263157894737,214,35,179,163,3,160,0.16355140186915887,0.9421052631578948,0.018404907975460124,0.8421052631578947,3.6487217602383026,171,0,171,0.0,0.9,3.5119797042109098,177,1,176,0.005649717514124294,0.9263157894736842,2.912457379407928,198,16,182,0.08080808080808081,0.9578947368421052,2.7352752683496147,218,32,186,0.14678899082568808,0.9789473684210527,1.295808
t_cl,t_cl,250,120,0.6,20,293,197,7,190,189,1,188,0.03553299492385787,1.0,0.005291005291005291,0.9894736842105263,210,20,190,191,2,189,0.09523809523809523,1.0,0.010471204188481676,0.9947368421052631,4.224297376542714,190,0,190,0.0,1.0,3.434706254135509,191,1,190,0.005235602094240838,1.0,3.053844896034473,194,4,190,0.020618556701030927,1.0,2.7953589026269645,200,10,190,0.05,1.0,1.241239
t_cl,t_cl,250,120,0.6,20,294,154,11,143,84,0,84,0.07142857142857142,0.7526315789473684,0.0,0.4421052631578947,180,26,154,100,0,100,0.14444444444444443,0.8105263157894737,0.0,0.5263157894736842,3.7228349857607466,125,0,125,0.0,0.6578947368421053,3.5454701449942028,133,0,133,0.0,0.7,2.9183586795981724,173,11,162,0.06358381502890173,0.8526315789473684,2.745712503112766,194,26,168,0.13402061855670103,0.8842105263157894,1.436937
t_cl,t_cl,250,120,0.6,20,295,202,14,188,174,0,174,0.06930693069306931,0.9894736842105263,0.0,0.9157894736842105,215,26,189,183,2,181,0.12093023255813953,0.9947368421052631,0.01092896174863388,0.9526315789473684,3.6220521892565887,184,0,184,0.0,0.968421052631579,3.4451535783320537,186,0,186,0.0,0.9789473684210527,2.8548858863220277,200,10,190,0.05,1.0,2.648373436361609,210,20,190,0.09523809523809523,1.0,1.32543
t_cl,t_cl,250,120,0.6,20,296,201,13,188,168,1,167,0.06467661691542288,0.9894736842105263,0.005952380952380952,0.8789473684210526,220,31,189,178,2,176,0.1409090909090909,0.9947368421052631,0.011235955056179775,0.9263157894736842,3.6251315194524723,188,1,187,0.005319148936170213,0.9842105263157894,3.559899892586908,190,1,189,0.005263157894736842,0.9947368421052631,2.884562555490519,200,10,190,0.05,1.0,2.6804795309442597,215,25,190,0.11627906976744186,1.0,1.426698
t_cl,t_cl,250,120,0.6,20,297,168,8,160,120,1,119,0.047619047619047616,0.8421052631578947,0.008333333333333333,0.6263157894736842,184,17,167,137,1,136,0.09239130434782608,0.8789473684210526,0.0072992700729927005,0.7157894736842105,3.6694786621284194,156,0,156,0.0,0.8210526315789474,3.551176403204695,159,1,158,0.006289308176100629,0.8315789473684211,2.92086527539665,178,7,171,0.03932584269662921,0.9,2.7646983676734003,191,16,175,0.08376963350785341,0.9210526315789473,1.27639
t_cl,t_cl,250,120,0.6,20,298,196,14,182,165,1,164,0.07142857142857142,0.9578947368421052,0.006060606060606061,0.8631578947368421,212,28,184,177,4,173,0.1320754716981132,0.968421052631579,0.022598870056497175,0.9105263157894737,3.639434026602289,179,0,179,0.0,0.9421052631578948,3.550390367130344,181,0,181,0.0,0.9526315789473684,2.8609317442397164,200,14,186,0.07,0.9789473684210527,2.7233904398232935,203,16,187,0.07881773399014778,0.9842105263157894,1.344519
t_cl,t_cl,250,120,0.6,20,299,195,5,190,186,0,186,0.02564102564102564,1.0,0.0,0.9789473684210527,203,13,190,187,0,187,0.06403940886699508,1.0,0.0,0.9842105263157894,3.7176548572128096,190,0,190,0.0,1.0,3.7176548572128096,190,0,190,0.0,1.0,2.853566526029296,193,3,190,0.015544041450777202,1.0,2.695067071455682,202,12,190,0.0594059405940594,1.0,1.353694
