model,x_model,p,n,rho,block,seed,R_bh_0.05,V_bh_0.05,S_bh_0.05,R_by_0.05,V_by_0.05,S_by_0.05,fdr_bh_0.05,power_bh_0.05,fdr_by_0.05,power_by_0.05,R_bh_0.1,V_bh_0.1,S_bh_0.1,R_by_0.1,V_by_0.1,S_by_0.1,fdr_bh_0.1,power_bh_0.1,fdr_by_0.1,power_by_0.1,t_lct_0.05,R_lct_0.05,V_lct_0.05,S_lct_0.05,fdr_lct_0.05,power_lct_0.05,t_lct_0.1,R_lct_0.1,V_lct_0.1,S_lct_0.1,fdr_lct_0.1,power_lct_0.1,t_lctb_0.05_B100,R_lctb_0.05_B100,V_lctb_0.05_B100,S_lctb_0.05_B100,fdr_lctb_0.05_B100,power_lctb_0.05_B100,t_lctb_0.1_B100,R_lctb_0.1_B100,V_lctb_0.1_B100,S_lctb_0.1_B100,fdr_lctb_0.1_B100,power_lctb_0.1_B100,wall_time_s
exp_cl,exp_cl,250,80,0.7,20,0,159,13,146,110,0,110,0.08176100628930817,0.7684210526315789,0.0,0.5789473684210527,189,31,158,132,4,128,0.164021164021164,0.8315789473684211,0.030303030303030304,0.6736842105263158,3.722022555473169,124,0,124,0.0,0.6526315789473685,3.588086586830476,130,0,130,0.0,0.6842105263157895,2.608743972588644,155,4,151,0.025806451612903226,0.7947368421052632,2.3916611823501075,168,11,157,0.06547619047619048,0.8263157894736842,1.187988
exp_cl,exp_cl,250,80,0.7,20,1,191,7,184,175,2,173,0.03664921465968586,0.968421052631579,0.011428571428571429,0.9105263157894737,205,20,185,181,2,179,0.0975609756097561,0.9736842105263158,0.011049723756906077,0.9421052631578948,3.6667592374744276,181,0,181,0.0,0.9526315789473684,3.494176278652865,182,0,182,0.0,0.9578947368421052,2.5723343538243726,191,4,187,0.020942408376963352,0.9842105263157894,2.3521357126665703,196,8,188,0.04081632653061224,0.9894736842105263,1.164726
exp_cl,exp_cl,250,80,0.7,20,2,197,15,182,176,1,175,0.07614213197969544,0.9578947368421052,0.005681818181818182,0.9210526315789473,223,37,186,179,3,176,0.16591928251121077,0.9789473684210527,0.01675977653631285,0.9263157894736842,3.633796586425656,178,0,178,0.0,0.9368421052631579,3.4556063120705627,181,1,180,0.0055248618784530384,0.9473684210526315,2.620536489740392,194,4,190,0.020618556701030927,1.0,2.389483486379707,203,13,190,0.06403940886699508,1.0,1.163039
exp_cl,exp_cl,250,80,0.7,20,3,200,13,187,181,2,179,0.065,0.9842105263157894,0.011049723756906077,0.9421052631578948,223,34,189,186,4,182,0.15246636771300448,0.9947368421052631,0.021505376344086023,0.9578947368421052,3.6775627214349504,184,0,184,0.0,0.968421052631579,3.4783655392481276,187,0,187,0.0,0.9842105263157894,2.7917521642936958,191,2,189,0.010471204188481676,0.9947368421052631,2.5035133681893855,198,8,190,0.04040404040404041,1.0,1.387439
exp_cl,exp_cl,250,80,0.7,20,4,204,23,181,172,4,168,0.11274509803921569,0.9526315789473684,0.023255813953488372,0.8842105263157894,225,39,186,179,6,173,0.17333333333333334,0.9789473684210527,0.0335195530726257,0.9105263157894737,3.7461080800546305,170,0,170,0.0,0.8947368421052632,3.456209382354554,175,0,175,0.0,0.9210526315789473,2.561119291489235,193,7,186,0.03626943005181347,0.9789473684210527,2.366046797788495,204,16,188,0.0784313725490196,0.9894736842105263,1.202779
exp_cl,exp_cl,250,80,0.7,20,5,204,15,189,186,2,184,0.07352941176470588,0.9947368421052631,0.010752688172043012,0.968421052631579,220,31,189,187,2,185,0.1409090909090909,0.9947368421052631,0.0106951871657754,0.9736842105263158,3.9715013017306866,187,0,187,0.0,0.9842105263157894,3.5307073432047402,189,0,189,0.0,0.9947368421052631,2.887097976121954,191,1,190,0.005235602094240838,1.0,2.4688508886168896,202,12,190,0.0594059405940594,1.0,1.149016
exp_cl,exp_cl,250,80,0.7,20,6,197,13,184,174,1,173,0.06598984771573604,0.968421052631579,0.005747126436781609,0.9105263157894737,216,29,187,178,1,177,0.13425925925925927,0.9842105263157894,0.0056179775280898875,0.9315789473684211,3.7438388222882626,178,0,178,0.0,0.9368421052631579,3.5545620256001245,180,0,180,0.0,0.9473684210526315,2.550404871743807,193,4,189,0.02072538860103627,0.9947368421052631,2.3792326144989735,202,13,189,0.06435643564356436,0.9947368421052631,1.261663
exp_cl,exp_cl,250,80,0.7,20,7,205,19,186,177,2,175,0.09268292682926829,0.9789473684210527,0.011299435028248588,0.9210526315789473,228,40,188,183,6,177,0.17543859649122806,0.9894736842105263,0.03278688524590164,0.9315789473684211,3.6541945270270872,182,0,182,0.0,0.9578947368421052,3.5343543132483632,186,0,186,0.0,0.9789473684210527,2.6060322080327705,195,6,189,0.03076923076923077,0.9947368421052631,2.409162172419577,203,14,189,0.06896551724137931,0.9947368421052631,1.159952
exp_cl,exp_cl,250,80,0.7,20,8,193,8,185,180,1,179,0.04145077720207254,0.9736842105263158,0.005555555555555556,0.9421052631578948,212,26,186,183,1,182,0.12264150943396226,0.9789473684210527,0.00546448087431694,0.9578947368421052,3.732400816520485,183,0,183,0.0,0.9631578947368421,3.4366416077181112,184,0,184,0.0,0.968421052631579,2.9268432036356744,189,1,188,0.005291005291005291,0.9894736842105263,2.461401035262594,193,5,188,0.025906735751295335,0.9894736842105263,1.189488
exp_cl,exp_cl,250,80,0.7,20,9,193,7,186,182,0,182,0.03626943005181347,0.9789473684210527,0.0,0.9578947368421052,221,33,188,185,0,185,0.1493212669683258,0.9894736842105263,0.0,0.9736842105263158,3.7294680287056816,186,0,186,0.0,0.9789473684210527,3.7294680287056816,186,0,186,0.0,0.9789473684210527,2.5799523397828534,189,1,188,0.005291005291005291,0.9894736842105263,2.433382549697029,194,5,189,0.02577319587628866,0.9947368421052631,1.229153
exp_cl,exp_cl,250,80,0.7,20,10,211,25,186,177,3,174,0.11848341232227488,0.9789473684210527,0.01694915254237288,0.9157894736842105,223,35,188,180,5,175,0.15695067264573992,0.9894736842105263,0.027777777777777776,0.9210526315789473,3.737231509066324,177,1,176,0.005649717514124294,0.9263157894736842,3.5537877764407817,182,1,181,0.005494505494505495,0.9526315789473684,2.5805554555821995,196,7,189,0.03571428571428571,0.9947368421052631,2.3907368622399225,207,17,190,0.0821256038647343,1.0,1.097422
exp_cl,exp_cl,250,80,0.7,20,11,214,24,190,189,4,185,0.11214953271028037,1.0,0.021164021164021163,0.9736842105263158,229,39,190,191,6,185,0.1703056768558952,1.0,0.031413612565445025,0.9736842105263158,3.6219735851202506,189,0,189,0.0,0.9947368421052631,3.5793180709987276,190,0,190,0.0,1.0,2.6406485156405246,195,5,190,0.02564102564102564,1.0,2.4271813798622355,206,16,190,0.07766990291262135,1.0,1.286063
exp_cl,exp_cl,250,80,0.7,20,12,187,29,158,121,4,117,0.15508021390374332,0.8315789473684211,0.03305785123966942,0.6157894736842106,213,50,163,136,5,131,0.2347417840375587,0.8578947368421053,0.03676470588235294,0.6894736842105263,3.7267074148567563,136,1,135,0.007352941176470588,0.7105263157894737,3.5378114470216695,141,1,140,0.0070921985815602835,0.7368421052631579,2.518265023615089,178,13,165,0.07303370786516854,0.868421052631579,2.3466257770721577,207,35,172,0.16908212560386474,0.9052631578947369,1.297042
exp_cl,exp_cl,250,80,0.7,20,13,200,18,182,168,6,162,0.09,0.9578947368421052,0.03571428571428571,0.8526315789473684,210,28,182,177,7,170,0.13333333333333333,0.9578947368421052,0.03954802259887006,0.8947368421052632,3.676312783729624,173,1,172,0.005780346820809248,0.9052631578947369,3.512216288913586,176,1,175,0.005681818181818182,0.9210526315789473,2.578787067740821,198,10,188,0.050505050505050504,0.9894736842105263,2.392876389404328,207,18,189,0.08695652173913043,0.9947368421052631,1.254119
exp_cl,exp_cl,250,80,0.7,20,14,206,25,181,167,1,166,0.12135922330097088,0.9526315789473684,0.005988023952095809,0.8736842105263158,226,41,185,176,3,173,0.18141592920353983,0.9736842105263158,0.017045454545454544,0.9105263157894737,3.6347356023761765,176,1,175,0.005681818181818182,0.9210526315789473,3.460515740137096,181,1,180,0.0055248618784530384,0.9473684210526315,2.5565146699133883,192,5,187,0.026041666666666668,0.9842105263157894,2.398887246561854,211,24,187,0.11374407582938388,0.9842105263157894,1.113626
exp_cl,exp_cl,250,80,0.7,20,15,208,23,185,176,4,172,0.11057692307692307,0.9736842105263158,0.022727272727272728,0.9052631578947369,221,36,185,183,5,178,0.16289592760180996,0.9736842105263158,0.0273224043715847,0.9368421052631579,3.7370292250109234,181,1,180,0.0055248618784530384,0.9473684210526315,3.5428044047679506,183,1,182,0.00546448087431694,0.9578947368421052,2.5463933938342276,194,8,186,0.041237113402061855,0.9789473684210527,2.382301816502022,207,20,187,0.0966183574879227,0.9842105263157894,1.141857
exp_cl,exp_cl,250,80,0.7,20,16,202,14,188,179,1,178,0.06930693069306931,0.9894736842105263,0.00558659217877095,0.9368421052631579,215,27,188,185,4,181,0.12558139534883722,0.9894736842105263,0.021621621621621623,0.9526315789473684,3.6517709077310814,186,0,186,0.0,0.9789473684210527,3.5712800151726354,188,0,188,0.0,0.9894736842105263,2.740304874440225,191,2,189,0.010471204188481676,0.9947368421052631,2.495103993115483,198,9,189,0.045454545454545456,0.9947368421052631,1.170357
exp_cl,exp_cl,250,80,0.7,20,17,153,10,143,98,0,98,0.06535947712418301,0.7526315789473684,0.0,0.5157894736842106,185,26,159,114,0,114,0.14054054054054055,0.8368421052631579,0.0,0.6,3.784349363736553,110,0,110,0.0,0.5789473684210527,3.562310233205995,121,0,121,0.0,0.6368421052631579,2.553854353730245,162,1,161,0.006172839506172839,0.8473684210526315,2.369127734887958,182,14,168,0.07692307692307693,0.8842105263157894,1.294567
exp_cl,exp_cl,250,80,0.7,20,18,195,11,184,172,2,170,0.05641025641025641,0.968421052631579,0.011627906976744186,0.8947368421052632,216,29,187,177,3,174,0.13425925925925927,0.9842105263157894,0.01694915254237288,0.9157894736842105,3.63598487200044,181,0,181,0.0,0.9526315789473684,3.5343990003329866,183,0,183,0.0,0.9631578947368421,2.628987245161284,194,4,190,0.020618556701030927,1.0,2.4300018011910276,198,8,190,0.04040404040404041,1.0,1.176772
exp_cl,exp_cl,250,80,0.7,20,19,197,13,184,172,1,171,0.06598984771573604,0.968421052631579,0.005813953488372093,0.9,213,27,186,179,3,176,0.1267605633802817,0.9789473684210527,0.01675977653631285,0.9263157894736842,3.6584702144006154,180,1,179,0.005555555555555556,0.9421052631578948,3.452434288048556,183,1,182,0.00546448087431694,0.9578947368421052,2.721665405119556,189,2,187,0.010582010582010581,0.9842105263157894,2.489062339719936,194,6,188,0.030927835051546393,0.9894736842105263,1.15036
exp_cl,exp_cl,250,80,0.7,20,20,217,29,188,182,3,179,0.1336405529953917,0.9894736842105263,0.016483516483516484,0.9421052631578948,235,46,189,187,6,181,0.19574468085106383,0.9947368421052631,0.03208556149732621,0.9526315789473684,3.6303666582318797,185,0,185,0.0,0.9736842105263158,3.594744959824179,186,0,186,0.0,0.9789473684210527,2.642546160058399,195,5,190,0.02564102564102564,1.0,2.425888158170738,207,17,190,0.0821256038647343,1.0,1.235047
exp_cl,exp_cl,250,80,0.7,20,21,138,19,119,63,2,61,0.13768115942028986,0.6263157894736842,0.031746031746031744,0.32105263157894737,168,34,134,85,4,81,0.20238095238095238,0.7052631578947368,0.047058823529411764,0.4263157894736842,3.939461703172189,67,1,66,0.014925373134328358,0.3473684210526316,3.697913483598089,77,1,76,0.012987012987012988,0.4,2.6368000854793125,110,4,106,0.03636363636363636,0.5578947368421052,2.411597710204784,138,16,122,0.11594202898550725,0.6421052631578947,1.335209
exp_cl,exp_cl,250,80,0.7,20,22,161,12,149,112,3,109,0.07453416149068323,0.7842105263157895,0.026785714285714284,0.5736842105263158,191,31,160,127,4,123,0.16230366492146597,0.8421052631578947,0.031496062992125984,0.6473684210526316,3.7396649485436932,118,0,118,0.0,0.6210526315789474,3.553363413189272,123,0,123,0.0,0.6473684210526316,2.4903908261982703,168,6,162,0.03571428571428571,0.8526315789473684,2.3331924959189676,179,14,165,0.0782122905027933,0.868421052631579,1.10057
exp_cl,exp_cl,250,80,0.7,20,23,189,19,170,144,1,143,0.10052910052910052,0.8947368421052632,0.006944444444444444,0.7526315789473684,212,38,174,154,2,152,0.1792452830188679,0.9157894736842105,0.012987012987012988,0.8,3.745226032731521,148,0,148,0.0,0.7789473684210526,3.513680784444718,152,0,152,0.0,0.8,2.44892778760803,181,6,175,0.03314917127071823,0.9210526315789473,2.2878308621937116,198,22,176,0.1111111111111111,0.9263157894736842,1.190429
exp_cl,exp_cl,250,80,0.7,20,24,204,18,186,177,1,176,0.08823529411764706,0.9789473684210527,0.005649717514124294,0.9263157894736842,221,31,190,185,7,178,0.14027149321266968,1.0,0.03783783783783784,0.9368421052631579,3.6210577392818903,183,2,181,0.01092896174863388,0.9526315789473684,3.474917674728881,187,2,185,0.0106951871657754,0.9736842105263158,3.0947051967283756,190,2,188,0.010526315789473684,0.9894736842105263,2.4197601846058476,201,13,188,0.06467661691542288,0.9894736842105263,1.102389
exp_cl,exp_cl,250,80,0.7,20,25,146,21,125,62,0,62,0.14383561643835616,0.6578947368421053,0.0,0.3263157894736842,171,33,138,72,4,68,0.19298245614035087,0.7263157894736842,0.05555555555555555,0.35789473684210527,3.902260330381636,61,0,61,0.0,0.32105263157894737,3.689558134303534,70,0,70,0.0,0.3684210526315789,2.521645817724901,136,11,125,0.08088235294117647,0.6578947368421053,2.3746672895476446,160,20,140,0.125,0.7368421052631579,1.148159
exp_cl,exp_cl,250,80,0.7,20,26,209,20,189,185,3,182,0.09569377990430622,0.9947368421052631,0.016216216216216217,0.9578947368421052,231,41,190,188,4,184,0.1774891774891775,1.0,0.02127659574468085,0.968421052631579,3.70003295875117,189,1,188,0.005291005291005291,0.9894736842105263,3.70003295875117,189,1,188,0.005291005291005291,0.9894736842105263,2.7006543378659384,194,4,190,0.020618556701030927,1.0,2.4759529956870128,196,6,190,0.030612244897959183,1.0,1.353961
exp_cl,exp_cl,250,80,0.7,20,27,202,12,190,185,3,182,0.0594059405940594,1.0,0.016216216216216217,0.9578947368421052,223,33,190,191,5,186,0.14798206278026907,1.0,0.02617801047120419,0.9789473684210527,3.6497434127874997,191,1,190,0.005235602094240838,1.0,3.6497434127874997,191,1,190,0.005235602094240838,1.0,2.508498188690571,196,6,190,0.030612244897959183,1.0,2.3429071103356844,201,11,190,0.05472636815920398,1.0,1.122735
exp_cl,exp_cl,250,80,0.7,20,28,217,28,189,187,4,183,0.12903225806451613,0.9947368421052631,0.0213903743315508,0.9631578947368421,230,40,190,189,5,184,0.17391304347826086,1.0,0.026455026455026454,0.968421052631579,3.6468553729908795,189,1,188,0.005291005291005291,0.9894736842105263,3.604918601104926,190,1,189,0.005263157894736842,0.9947368421052631,2.577618681265384,198,8,190,0.04040404040404041,1.0,2.3980259469598835,214,24,190,0.11214953271028037,1.0,1.194327
exp_cl,exp_cl,250,80,0.7,20,29,195,21,174,161,4,157,0.1076923076923077,0.9157894736842105,0.024844720496894408,0.8263157894736842,217,36,181,168,6,162,0.16589861751152074,0.9526315789473684,0.03571428571428571,0.8526315789473684,3.6848274715124636,162,1,161,0.006172839506172839,0.8473684210526315,3.4955924484451057,166,1,165,0.006024096385542169,0.868421052631579,2.532585522456083,191,10,181,0.05235602094240838,0.9526315789473684,2.3583162133588362,203,20,183,0.09852216748768473,0.9631578947368421,1.281307
exp_cl,exp_cl,250,80,0.7,20,30,175,13,162,120,1,119,0.07428571428571429,0.8526315789473684,0.008333333333333333,0.6263157894736842,204,32,172,137,2,135,0.1568627450980392,0.9052631578947369,0.014598540145985401,0.7105263157894737,3.737354579447885,134,0,134,0.0,0.7052631578947368,3.5279968924674816,141,0,141,0.0,0.7421052631578947,2.5632541593832543,168,7,161,0.041666666666666664,0.8473684210526315,2.3944809460755856,181,13,168,0.0718232044198895,0.8842105263157894,1.22978
exp_cl,exp_cl,250,80,0.7,20,31,211,21,190,192,4,188,0.0995260663507109,1.0,0.020833333333333332,0.9894736842105263,223,33,190,193,5,188,0.14798206278026907,1.0,0.025906735751295335,0.9894736842105263,3.827362179437322,191,1,190,0.005235602094240838,1.0,3.827362179437322,191,1,190,0.005235602094240838,1.0,2.7094468451375557,196,6,190,0.030612244897959183,1.0,2.4887229856333177,207,17,190,0.0821256038647343,1.0,1.233326
exp_cl,exp_cl,250,80,0.7,20,32,201,22,179,165,3,162,0.10945273631840796,0.9421052631578948,0.01818181818181818,0.8526315789473684,228,45,183,174,4,170,0.19736842105263158,0.9631578947368421,0.022988505747126436,0.8947368421052632,3.6649335316653504,172,1,171,0.005813953488372093,0.9,3.4633967907065437,179,2,177,0.0111731843575419,0.9315789473684211,2.5130645581344986,194,6,188,0.030927835051546393,0.9894736842105263,2.338724998521893,211,22,189,0.10426540284360189,0.9947368421052631,1.138407
exp_cl,exp_cl,250,80,0.7,20,33,125,9,116,54,2,52,0.072,0.6105263157894737,0.037037037037037035,0.2736842105263158,166,24,142,64,2,62,0.14457831325301204,0.7473684210526316,0.03125,0.3263157894736842,3.888319019353463,63,0,63,0.0,0.33157894736842103,3.6914912156740445,74,0,74,0.0,0.3894736842105263,2.644985808372644,118,4,114,0.03389830508474576,0.6,2.4241451392547972,143,14,129,0.0979020979020979,0.6789473684210526,1.158719
exp_cl,exp_cl,250,80,0.7,20,34,170,13,157,111,1,110,0.07647058823529412,0.8263157894736842,0.009009009009009009,0.5789473684210527,216,42,174,131,4,127,0.19444444444444445,0.9157894736842105,0.030534351145038167,0.6684210526315789,3.7373121125362214,118,0,118,0.0,0.6210526315789474,3.528973482678646,131,0,131,0.0,0.6894736842105263,2.5996134838701015,163,5,158,0.03067484662576687,0.8315789473684211,2.35136864969922,182,15,167,0.08241758241758242,0.8789473684210526,1.143236
exp_cl,exp_cl,250,80,0.7,20,35,192,18,174,136,3,133,0.09375,0.9157894736842105,0.022058823529411766,0.7,216,36,180,149,6,143,0.16666666666666666,0.9473684210526315,0.040268456375838924,0.7526315789473684,3.706055967486815,146,1,145,0.00684931506849315,0.7631578947368421,3.4881093977772237,160,2,158,0.0125,0.8315789473684211,2.57285617920832,189,8,181,0.042328042328042326,0.9526315789473684,2.3615538140852834,199,16,183,0.08040201005025126,0.9631578947368421,1.21588
exp_cl,exp_cl,250,80,0.7,20,36,207,24,183,168,2,166,0.11594202898550725,0.9631578947368421,0.011904761904761904,0.8736842105263158,223,38,185,177,5,172,0.17040358744394618,0.9736842105263158,0.02824858757062147,0.9052631578947369,3.712405063614642,176,1,175,0.005681818181818182,0.9210526315789473,3.544815955323807,178,1,177,0.0056179775280898875,0.9315789473684211,2.602122570406219,193,5,188,0.025906735751295335,0.9894736842105263,2.381192726186407,206,17,189,0.0825242718446602,0.9947368421052631,1.2583
exp_cl,exp_cl,250,80,0.7,20,37,203,14,189,189,0,189,0.06896551724137931,0.9947368421052631,0.0,0.9947368421052631,233,44,189,190,1,189,0.1888412017167382,0.9947368421052631,0.005263157894736842,0.9947368421052631,4.408519003863827,189,0,189,0.0,0.9947368421052631,4.408519003863827,189,0,189,0.0,0.9947368421052631,4.408519003863827,189,0,189,0.0,0.9947368421052631,4.408519003863827,189,0,189,0.0,0.9947368421052631,1.263231
exp_cl,exp_cl,250,80,0.7,20,38,187,18,169,136,1,135,0.0962566844919786,0.8894736842105263,0.007352941176470588,0.7105263157894737,205,31,174,153,1,152,0.15121951219512195,0.9157894736842105,0.006535947712418301,0.8,3.6842967800673834,152,0,152,0.0,0.8,3.5213307505806157,154,0,154,0.0,0.8105263157894737,2.4566869458930327,183,6,177,0.03278688524590164,0.9315789473684211,2.31532628098497,197,19,178,0.09644670050761421,0.9368421052631579,1.165182
exp_cl,exp_cl,250,80,0.7,20,39,214,25,189,188,4,184,0.11682242990654206,0.9947368421052631,0.02127659574468085,0.968421052631579,231,42,189,191,5,186,0.18181818181818182,0.9947368421052631,0.02617801047120419,0.9789473684210527,3.7491309781112556,188,1,187,0.005319148936170213,0.9842105263157894,3.522072676885259,190,1,189,0.005263157894736842,0.9947368421052631,2.601187666023775,194,5,189,0.02577319587628866,0.9947368421052631,2.410172622103922,198,9,189,0.045454545454545456,0.9947368421052631,1.150734
exp_cl,exp_cl,250,80,0.7,20,40,177,16,161,136,2,134,0.0903954802259887,0.8473684210526315,0.014705882352941176,0.7052631578947368,198,28,170,142,3,139,0.1414141414141414,0.8947368421052632,0.02112676056338028,0.7315789473684211,3.709395298823892,142,0,142,0.0,0.7473684210526316,3.4975782259686388,149,0,149,0.0,0.7842105263157895,2.5768966534109357,171,4,167,0.023391812865497075,0.8789473684210526,2.36805741065197,185,15,170,0.08108108108108109,0.8947368421052632,1.250577
exp_cl,exp_cl,250,80,0.7,20,41,203,14,189,186,1,185,0.06896551724137931,0.9947368421052631,0.005376344086021506,0.9736842105263158,220,30,190,190,4,186,0.13636363636363635,1.0,0.021052631578947368,0.9789473684210527,3.738515193002624,189,0,189,0.0,0.9947368421052631,3.738515193002624,189,0,189,0.0,0.9947368421052631,2.642774877711693,194,4,190,0.020618556701030927,1.0,2.4374535603192053,197,7,190,0.03553299492385787,1.0,1.168653
exp_cl,exp_cl,250,80,0.7,20,42,210,25,185,184,1,183,0.11904761904761904,0.9736842105263158,0.005434782608695652,0.9631578947368421,229,43,186,187,3,184,0.18777292576419213,0.9789473684210527,0.016042780748663103,0.968421052631579,3.7763268343374428,186,1,185,0.005376344086021506,0.9736842105263158,3.4856166116984877,187,1,186,0.0053475935828877,0.9789473684210527,2.5835040629805333,193,4,189,0.02072538860103627,0.9947368421052631,2.384135656938761,211,21,190,0.0995260663507109,1.0,1.098853
exp_cl,exp_cl,250,80,0.7,20,43,192,14,178,158,3,155,0.07291666666666667,0.9368421052631579,0.0189873417721519,0.8157894736842105,219,33,186,167,4,163,0.1506849315068493,0.9789473684210527,0.023952095808383235,0.8578947368421053,3.6433174178067764,170,0,170,0.0,0.8947368421052632,3.479149845106026,178,0,178,0.0,0.9368421052631579,2.647585065438682,193,5,188,0.025906735751295335,0.9894736842105263,2.423939482883248,205,16,189,0.07804878048780488,0.9947368421052631,1.226212
exp_cl,exp_cl,250,80,0.7,20,44,209,22,187,177,1,176,0.10526315789473684,0.9842105263157894,0.005649717514124294,0.9263157894736842,226,36,190,183,4,179,0.1592920353982301,1.0,0.02185792349726776,0.9421052631578948,3.6416201230175367,179,0,179,0.0,0.9421052631578948,3.4630367965861555,184,0,184,0.0,0.968421052631579,2.741809583057021,191,1,190,0.005235602094240838,1.0,2.466746677255983,198,8,190,0.04040404040404041,1.0,1.094903
exp_cl,exp_cl,250,80,0.7,20,45,198,17,181,159,1,158,0.08585858585858586,0.9526315789473684,0.006289308176100629,0.8315789473684211,225,39,186,169,3,166,0.17333333333333334,0.9789473684210527,0.01775147928994083,0.8736842105263158,3.6856205435976226,169,0,169,0.0,0.8894736842105263,3.5425431919016095,175,0,175,0.0,0.9210526315789473,2.5309494220280024,191,7,184,0.03664921465968586,0.968421052631579,2.3530886251746423,203,18,185,0.08866995073891626,0.9736842105263158,1.254132
exp_cl,exp_cl,250,80,0.7,20,46,186,13,173,138,1,137,0.06989247311827956,0.9105263157894737,0.007246376811594203,0.7210526315789474,209,32,177,152,3,149,0.15311004784688995,0.9315789473684211,0.019736842105263157,0.7842105263157895,3.676559656503098,157,1,156,0.006369426751592357,0.8210526315789474,3.4924785768851008,163,1,162,0.006134969325153374,0.8526315789473684,2.5525031844406425,188,10,178,0.05319148936170213,0.9368421052631579,2.3927266027442546,195,15,180,0.07692307692307693,0.9473684210526315,1.329501
exp_cl,exp_cl,250,80,0.7,20,47,198,19,179,169,2,167,0.09595959595959595,0.9421052631578948,0.011834319526627219,0.8789473684210526,213,31,182,172,3,169,0.14553990610328638,0.9578947368421052,0.01744186046511628,0.8894736842105263,3.820918042142913,171,0,171,0.0,0.9,3.452452989999915,174,0,174,0.0,0.9157894736842105,2.6988411293651975,183,3,180,0.01639344262295082,0.9473684210526315,2.4291420427043113,197,15,182,0.07614213197969544,0.9578947368421052,1.142203
exp_cl,exp_cl,250,80,0.7,20,48,188,17,171,140,2,138,0.09042553191489362,0.9,0.014285714285714285,0.7263157894736842,218,43,175,154,2,152,0.19724770642201836,0.9210526315789473,0.012987012987012988,0.8,3.69046767557157,154,1,153,0.006493506493506494,0.8052631578947368,3.4722718678180975,161,1,160,0.006211180124223602,0.8421052631578947,2.5435653383714056,180,6,174,0.03333333333333333,0.9157894736842105,2.3798683480997185,192,15,177,0.078125,0.9315789473684211,1.158487
exp_cl,exp_cl,250,80,0.7,20,49,188,18,170,143,2,141,0.09574468085106383,0.8947368421052632,0.013986013986013986,0.7421052631578947,208,30,178,158,3,155,0.14423076923076922,0.9368421052631579,0.0189873417721519,0.8157894736842105,3.664123695932233,159,1,158,0.006289308176100629,0.8315789473684211,3.4810459525755233,161,1,160,0.006211180124223602,0.8421052631578947,2.641109342129474,184,4,180,0.021739130434782608,0.9473684210526315,2.413209570453985,195,13,182,0.06666666666666667,0.9578947368421052,1.193433
exp_cl,exp_cl,250,80,0.7,20,50,199,16,183,174,2,172,0.08040201005025126,0.9631578947368421,0.011494252873563218,0.9052631578947369,214,29,185,178,3,175,0.13551401869158877,0.9736842105263158,0.016853932584269662,0.9210526315789473,3.7103868005359635,175,0,175,0.0,0.9210526315789473,3.4912004588732644,178,0,178,0.0,0.9368421052631579,2.778437277010681,186,1,185,0.005376344086021506,0.9736842105263158,2.479492772082937,191,5,186,0.02617801047120419,0.9789473684210527,1.165464
exp_cl,exp_cl,250,80,0.7,20,51,209,20,189,185,4,181,0.09569377990430622,0.9947368421052631,0.021621621621621623,0.9526315789473684,220,31,189,188,4,184,0.1409090909090909,0.9947368421052631,0.02127659574468085,0.968421052631579,3.8231340244443075,188,2,186,0.010638297872340425,0.9789473684210527,3.558142123702303,191,2,189,0.010471204188481676,0.9947368421052631,2.5713113960008034,198,8,190,0.04040404040404041,1.0,2.4050504740929863,206,16,190,0.07766990291262135,1.0,1.257174
exp_cl,exp_cl,250,80,0.7,20,52,192,17,175,155,4,151,0.08854166666666667,0.9210526315789473,0.025806451612903226,0.7947368421052632,221,37,184,163,5,158,0.167420814479638,0.968421052631579,0.03067484662576687,0.8315789473684211,3.700810713497607,157,0,157,0.0,0.8263157894736842,3.46766447224009,165,0,165,0.0,0.868421052631579,2.5246604586183965,191,6,185,0.031413612565445025,0.9736842105263158,2.350203186687566,202,15,187,0.07425742574257425,0.9842105263157894,1.092103
exp_cl,exp_cl,250,80,0.7,20,53,216,26,190,193,3,190,0.12037037037037036,1.0,0.015544041450777202,1.0,236,46,190,196,6,190,0.19491525423728814,1.0,0.030612244897959183,1.0,4.4681927631270595,191,1,190,0.005235602094240838,1.0,4.4681927631270595,191,1,190,0.005235602094240838,1.0,3.293842713517706,192,2,190,0.010416666666666666,1.0,2.5208386887489542,196,6,190,0.030612244897959183,1.0,1.176848
exp_cl,exp_cl,250,80,0.7,20,54,187,13,174,148,2,146,0.06951871657754011,0.9157894736842105,0.013513513513513514,0.7684210526315789,205,29,176,155,3,152,0.14146341463414633,0.9263157894736842,0.01935483870967742,0.8,3.6841480740037422,154,0,154,0.0,0.8105263157894737,3.4711750395375742,164,0,164,0.0,0.8631578947368421,2.552958532404311,184,4,180,0.021739130434782608,0.9473684210526315,2.3758971055759193,193,11,182,0.05699481865284974,0.9578947368421052,1.206582
exp_cl,exp_cl,250,80,0.7,20,55,137,15,122,83,3,80,0.10948905109489052,0.6421052631578947,0.03614457831325301,0.42105263157894735,172,30,142,101,4,97,0.1744186046511628,0.7473684210526316,0.039603960396039604,0.5105263157894737,3.8458935002999857,84,1,83,0.011904761904761904,0.4368421052631579,3.7508916917516757,88,1,87,0.011363636363636364,0.45789473684210524,2.534918990541611,127,6,121,0.047244094488188976,0.6368421052631579,2.4011835850549694,140,12,128,0.08571428571428572,0.6736842105263158,1.291502
exp_cl,exp_cl,250,80,0.7,20,56,201,20,181,170,1,169,0.09950248756218906,0.9526315789473684,0.0058823529411764705,0.8894736842105263,223,39,184,176,3,173,0.17488789237668162,0.968421052631579,0.017045454545454544,0.9105263157894737,3.649847621600626,181,0,181,0.0,0.9526315789473684,3.4898996556112953,182,0,182,0.0,0.9578947368421052,2.5975254810444004,194,4,190,0.020618556701030927,1.0,2.4497550197795066,208,18,190,0.08653846153846154,1.0,1.282597
exp_cl,exp_cl,250,80,0.7,20,57,144,13,131,81,2,79,0.09027777777777778,0.6894736842105263,0.024691358024691357,0.41578947368421054,165,23,142,91,3,88,0.1393939393939394,0.7473684210526316,0.03296703296703297,0.4631578947368421,3.88429810770941,84,1,83,0.011904761904761904,0.4368421052631579,3.6188705028718067,97,1,96,0.010309278350515464,0.5052631578947369,2.602310742453724,139,5,134,0.03597122302158273,0.7052631578947368,2.419637293979444,158,16,142,0.10126582278481013,0.7473684210526316,1.111693
exp_cl,exp_cl,250,80,0.7,20,58,201,13,188,179,2,177,0.06467661691542288,0.9894736842105263,0.0111731843575419,0.9315789473684211,219,30,189,185,4,181,0.136986301369863,0.9947368421052631,0.021621621621621623,0.9526315789473684,3.797835552795807,184,0,184,0.0,0.968421052631579,3.4838575560644274,188,0,188,0.0,0.9894736842105263,2.517894602256512,194,5,189,0.02577319587628866,0.9947368421052631,2.3502140210710856,200,11,189,0.055,0.9947368421052631,1.149539
exp_cl,exp_cl,250,80,0.7,20,59,185,16,169,143,2,141,0.08648648648648649,0.8894736842105263,0.013986013986013986,0.7421052631578947,215,41,174,152,3,149,0.19069767441860466,0.9157894736842105,0.019736842105263157,0.7842105263157895,3.681160981817936,155,0,155,0.0,0.8157894736842105,3.501470312893889,161,0,161,0.0,0.8473684210526315,2.622141169466832,183,6,177,0.03278688524590164,0.9315789473684211,2.4106039874420784,200,19,181,0.095,0.9526315789473684,1.206576
exp_cl,exp_cl,250,80,0.7,20,60,180,10,170,140,1,139,0.05555555555555555,0.8947368421052632,0.007142857142857143,0.7315789473684211,204,28,176,152,2,150,0.13725490196078433,0.9263157894736842,0.013157894736842105,0.7894736842105263,3.671614537059502,154,0,154,0.0,0.8105263157894737,3.4791909975543063,164,0,164,0.0,0.8631578947368421,2.5385726774507504,188,5,183,0.026595744680851064,0.9631578947368421,2.396178171635286,194,10,184,0.05154639175257732,0.968421052631579,1.172532
exp_cl,exp_cl,250,80,0.7,20,61,207,23,184,174,3,171,0.1111111111111111,0.968421052631579,0.017241379310344827,0.9,228,43,185,180,5,175,0.18859649122807018,0.9736842105263158,0.027777777777777776,0.9210526315789473,3.6760454907793756,181,0,181,0.0,0.9526315789473684,3.5525286198318713,183,0,183,0.0,0.9631578947368421,2.7359270411475114,192,5,187,0.026041666666666668,0.9842105263157894,2.490576822460424,200,13,187,0.065,0.9842105263157894,1.168388
exp_cl,exp_cl,250,80,0.7,20,62,209,20,189,186,5,181,0.09569377990430622,0.9947368421052631,0.026881720430107527,0.9526315789473684,226,36,190,192,7,185,0.1592920353982301,1.0,0.036458333333333336,0.9736842105263158,3.6468651898613484,187,0,187,0.0,0.9842105263157894,3.5139060334636048,188,0,188,0.0,0.9894736842105263,2.541745755142334,199,9,190,0.04522613065326633,1.0,2.3693023786789236,207,17,190,0.0821256038647343,1.0,1.120784
exp_cl,exp_cl,250,80,0.7,20,63,200,17,183,159,5,154,0.085,0.9631578947368421,0.031446540880503145,0.8105263157894737,219,35,184,170,5,165,0.1598173515981735,0.968421052631579,0.029411764705882353,0.868421052631579,3.6826701187650297,167,0,167,0.0,0.8789473684210526,3.5319595395911128,173,0,173,0.0,0.9105263157894737,2.57515279851618,190,5,185,0.02631578947368421,0.9736842105263158,2.3901250913980814,201,15,186,0.07462686567164178,0.9789473684210527,1.338273
exp_cl,exp_cl,250,80,0.7,20,64,203,15,188,186,2,184,0.07389162561576355,0.9894736842105263,0.010752688172043012,0.968421052631579,223,33,190,189,4,185,0.14798206278026907,1.0,0.021164021164021163,0.9736842105263158,3.6614456637840664,187,0,187,0.0,0.9842105263157894,3.6614456637840664,187,0,187,0.0,0.9842105263157894,2.664026368038212,193,3,190,0.015544041450777202,1.0,2.4226105372914737,198,8,190,0.04040404040404041,1.0,1.203146
exp_cl,exp_cl,250,80,0.7,20,65,201,23,178,163,2,161,0.11442786069651742,0.9368421052631579,0.012269938650306749,0.8473684210526315,229,48,181,173,5,168,0.2096069868995633,0.9526315789473684,0.028901734104046242,0.8842105263157894,3.7226062299437603,171,1,170,0.005847953216374269,0.8947368421052632,3.5165426594275075,173,1,172,0.005780346820809248,0.9052631578947369,2.5399718118804806,192,7,185,0.036458333333333336,0.9736842105263158,2.374952602735792,203,18,185,0.08866995073891626,0.9736842105263158,1.129867
exp_cl,exp_cl,250,80,0.7,20,66,207,20,187,185,0,185,0.0966183574879227,0.9842105263157894,0.0,0.9736842105263158,226,38,188,189,3,186,0.168141592920354,0.9894736842105263,0.015873015873015872,0.9789473684210527,3.648502551446444,187,0,187,0.0,0.9842105263157894,3.648502551446444,187,0,187,0.0,0.9842105263157894,3.345137617895246,188,0,188,0.0,0.9894736842105263,2.6072436785922606,191,1,190,0.005235602094240838,1.0,1.21367
exp_cl,exp_cl,250,80,0.7,20,67,211,30,181,163,5,158,0.14218009478672985,0.9526315789473684,0.03067484662576687,0.8315789473684211,250,64,186,167,5,162,0.256,0.9789473684210527,0.029940119760479042,0.8526315789473684,3.660561472037372,168,1,167,0.005952380952380952,0.8789473684210526,3.4598016343296223,175,1,174,0.005714285714285714,0.9157894736842105,2.540502892676845,199,14,185,0.07035175879396985,0.9736842105263158,2.365284476506902,217,31,186,0.14285714285714285,0.9789473684210527,1.099895
exp_cl,exp_cl,250,80,0.7,20,68,208,18,190,191,3,188,0.08653846153846154,1.0,0.015706806282722512,0.9894736842105263,222,32,190,193,5,188,0.14414414414414414,1.0,0.025906735751295335,0.9894736842105263,3.628552541811091,191,1,190,0.005235602094240838,1.0,3.628552541811091,191,1,190,0.005235602094240838,1.0,3.628552541811091,191,1,190,0.005235602094240838,1.0,2.541525189933129,198,8,190,0.04040404040404041,1.0,1.237487
exp_cl,exp_cl,250,80,0.7,20,69,176,14,162,138,4,134,0.07954545454545454,0.8526315789473684,0.028985507246376812,0.7052631578947368,203,36,167,148,4,144,0.17733990147783252,0.8789473684210526,0.02702702702702703,0.7578947368421053,3.7035218413794726,144,2,142,0.013888888888888888,0.7473684210526316,3.5064362516740175,148,2,146,0.013513513513513514,0.7684210526315789,2.5403257553919953,186,9,177,0.04838709677419355,0.9315789473684211,2.3676351370988225,193,15,178,0.07772020725388601,0.9368421052631579,1.139397
exp_cl,exp_cl,250,80,0.7,20,70,202,24,178,158,1,157,0.1188118811881188,0.9368421052631579,0.006329113924050633,0.8263157894736842,220,36,184,168,5,163,0.16363636363636364,0.968421052631579,0.02976190476190476,0.8578947368421053,3.747651916775326,165,0,165,0.0,0.868421052631579,3.465732322848959,171,0,171,0.0,0.9,2.536511919190884,192,7,185,0.036458333333333336,0.9736842105263158,2.3415063378330854,208,22,186,0.10576923076923077,0.9789473684210527,1.1768
exp_cl,exp_cl,250,80,0.7,20,71,210,21,189,190,1,189,0.1,0.9947368421052631,0.005263157894736842,0.9947368421052631,228,39,189,191,2,189,0.17105263157894737,0.9947368421052631,0.010471204188481676,0.9947368421052631,4.3312442536659335,189,0,189,0.0,0.9947368421052631,4.3312442536659335,189,0,189,0.0,0.9947368421052631,2.6667643775773375,192,2,190,0.010416666666666666,1.0,2.4469259114002924,207,17,190,0.0821256038647343,1.0,1.175327
exp_cl,exp_cl,250,80,0.7,20,72,202,14,188,182,0,182,0.06930693069306931,0.9894736842105263,0.0,0.9578947368421052,221,33,188,186,1,185,0.1493212669683258,0.9894736842105263,0.005376344086021506,0.9736842105263158,3.6739885067999256,185,0,185,0.0,0.9736842105263158,3.5343233146735713,188,0,188,0.0,0.9894736842105263,2.628302373952915,190,1,189,0.005263157894736842,0.9947368421052631,2.4017987317956235,198,9,189,0.045454545454545456,0.9947368421052631,1.22658
exp_cl,exp_cl,250,80,0.7,20,73,185,16,169,138,2,136,0.08648648648648649,0.8894736842105263,0.014492753623188406,0.7157894736842105,214,38,176,152,4,148,0.17757009345794392,0.9263157894736842,0.02631578947368421,0.7789473684210526,3.6931367082457207,144,0,144,0.0,0.7578947368421053,3.511037612205243,146,0,146,0.0,0.7684210526315789,2.5180775240725706,185,11,174,0.05945945945945946,0.9157894736842105,2.349017797303161,201,20,181,0.09950248756218906,0.9526315789473684,1.298658
exp_cl,exp_cl,250,80,0.7,20,74,217,29,188,181,2,179,0.1336405529953917,0.9894736842105263,0.011049723756906077,0.9421052631578948,241,51,190,184,3,181,0.21161825726141079,1.0,0.016304347826086956,0.9526315789473684,3.707555961092447,187,0,187,0.0,0.9842105263157894,3.5379881937459077,188,0,188,0.0,0.9894736842105263,2.812551006495324,192,2,190,0.010416666666666666,1.0,2.4938898189259437,204,14,190,0.06862745098039216,1.0,1.127213
exp_cl,exp_cl,250,80,0.7,20,75,210,22,188,177,6,171,0.10476190476190476,0.9894736842105263,0.03389830508474576,0.9,229,41,188,186,9,177,0.17903930131004367,0.9894736842105263,0.04838709677419355,0.9315789473684211,3.6798735805579916,182,0,182,0.0,0.9578947368421052,3.4369565333001746,185,0,185,0.0,0.9736842105263158,2.579503875879545,200,10,190,0.05,1.0,2.3899890606727863,211,21,190,0.0995260663507109,1.0,1.152471
exp_cl,exp_cl,250,80,0.7,20,76,210,23,187,179,2,177,0.10952380952380952,0.9842105263157894,0.0111731843575419,0.9315789473684211,227,39,188,186,3,183,0.17180616740088106,0.9894736842105263,0.016129032258064516,0.9631578947368421,3.6234214100915354,184,1,183,0.005434782608695652,0.9631578947368421,3.6234214100915354,184,1,183,0.005434782608695652,0.9631578947368421,2.5706949538623225,192,4,188,0.020833333333333332,0.9894736842105263,2.3335093796631154,204,15,189,0.07352941176470588,0.9947368421052631,1.163403
exp_cl,exp_cl,250,80,0.7,20,77,205,16,189,186,2,184,0.07804878048780488,0.9947368421052631,0.010752688172043012,0.968421052631579,227,37,190,191,5,186,0.16299559471365638,1.0,0.02617801047120419,0.9789473684210527,3.6693619608127768,188,1,187,0.005319148936170213,0.9842105263157894,3.5852582454296886,189,1,188,0.005291005291005291,0.9894736842105263,3.5852582454296886,189,1,188,0.005291005291005291,0.9894736842105263,3.123559302562589,191,1,190,0.005235602094240838,1.0,1.185691
exp_cl,exp_cl,250,80,0.7,20,78,208,20,188,185,4,181,0.09615384615384616,0.9894736842105263,0.021621621621621623,0.9526315789473684,223,35,188,189,6,183,0.15695067264573992,0.9894736842105263,0.031746031746031744,0.9631578947368421,3.6718305366312607,187,0,187,0.0,0.9842105263157894,3.555074678821412,189,1,188,0.005291005291005291,0.9894736842105263,2.6555677958314083,198,8,190,0.04040404040404041,1.0,2.424921737396668,209,19,190,0.09090909090909091,1.0,1.200201
exp_cl,exp_cl,250,80,0.7,20,79,210,26,184,170,2,168,0.12380952380952381,0.968421052631579,0.011764705882352941,0.8842105263157894,228,41,187,179,7,172,0.17982456140350878,0.9842105263157894,0.03910614525139665,0.9052631578947369,3.8257548577879668,177,1,176,0.005649717514124294,0.9263157894736842,3.559680542226512,182,1,181,0.005494505494505495,0.9526315789473684,2.6249347507258722,197,7,190,0.03553299492385787,1.0,2.380580543909624,210,20,190,0.09523809523809523,1.0,1.144701
exp_cl,exp_cl,250,80,0.7,20,80,198,21,177,159,4,155,0.10606060606060606,0.9315789473684211,0.025157232704402517,0.8157894736842105,220,40,180,166,4,162,0.18181818181818182,0.9473684210526315,0.024096385542168676,0.8526315789473684,3.661941590210521,171,1,170,0.005847953216374269,0.8947368421052632,3.4853960058676408,175,1,174,0.005714285714285714,0.9157894736842105,2.515246430564157,195,11,184,0.05641025641025641,0.968421052631579,2.3697813989744625,209,23,186,0.11004784688995216,0.9789473684210527,1.150349
exp_cl,exp_cl,250,80,0.7,20,81,172,16,156,114,1,113,0.09302325581395349,0.8210526315789474,0.008771929824561403,0.5947368421052631,192,26,166,127,1,126,0.13541666666666666,0.8736842105263158,0.007874015748031496,0.6631578947368421,3.729117221138872,124,0,124,0.0,0.6526315789473685,3.5408144154359813,130,0,130,0.0,0.6842105263157895,2.5178022880934186,169,3,166,0.01775147928994083,0.8736842105263158,2.3504139712528955,186,17,169,0.0913978494623656,0.8894736842105263,1.324109
exp_cl,exp_cl,250,80,0.7,20,82,200,13,187,178,0,178,0.065,0.9842105263157894,0.0,0.9368421052631579,221,33,188,184,2,182,0.1493212669683258,0.9894736842105263,0.010869565217391304,0.9578947368421052,3.8489753826807998,184,0,184,0.0,0.968421052631579,3.4459504858861005,186,0,186,0.0,0.9789473684210527,2.5686667213865917,193,3,190,0.015544041450777202,1.0,2.390252330439153,202,12,190,0.0594059405940594,1.0,1.220006
exp_cl,exp_cl,250,80,0.7,20,83,211,23,188,188,4,184,0.10900473933649289,0.9894736842105263,0.02127659574468085,0.968421052631579,233,45,188,191,5,186,0.19313304721030042,0.9894736842105263,0.02617801047120419,0.9789473684210527,3.803048123304792,187,0,187,0.0,0.9842105263157894,3.803048123304792,187,0,187,0.0,0.9842105263157894,3.3709801508252886,188,0,188,0.0,0.9894736842105263,2.7378147439137748,193,4,189,0.02072538860103627,0.9947368421052631,1.189695
exp_cl,exp_cl,250,80,0.7,20,84,207,17,190,192,2,190,0.0821256038647343,1.0,0.010416666666666666,1.0,222,32,190,194,4,190,0.14414414414414414,1.0,0.020618556701030927,1.0,5.6710771699249,190,0,190,0.0,1.0,5.6710771699249,190,0,190,0.0,1.0,5.6710771699249,190,0,190,0.0,1.0,2.942159700975356,191,1,190,0.005235602094240838,1.0,1.090343
exp_cl,exp_cl,250,80,0.7,20,85,204,15,189,187,4,183,0.07352941176470588,0.9947368421052631,0.0213903743315508,0.9631578947368421,220,31,189,192,8,184,0.1409090909090909,0.9947368421052631,0.041666666666666664,0.968421052631579,3.793109630854437,188,1,187,0.005319148936170213,0.9842105263157894,3.5673917976558966,189,1,188,0.005291005291005291,0.9894736842105263,2.8309534645965173,194,4,190,0.020618556701030927,1.0,2.5368656506543186,199,9,190,0.04522613065326633,1.0,1.117451
exp_cl,exp_cl,250,80,0.7,20,86,145,17,128,76,2,74,0.11724137931034483,0.6736842105263158,0.02631578947368421,0.3894736842105263,185,33,152,93,3,90,0.1783783783783784,0.8,0.03225806451612903,0.47368421052631576,3.8284524269356535,82,0,82,0.0,0.43157894736842106,3.628188344856153,91,1,90,0.01098901098901099,0.47368421052631576,2.5917108601130088,135,4,131,0.02962962962962963,0.6894736842105263,2.38954985946364,157,19,138,0.12101910828025478,0.7263157894736842,1.208645
exp_cl,exp_cl,250,80,0.7,20,87,196,19,177,152,2,150,0.09693877551020408,0.9315789473684211,0.013157894736842105,0.7894736842105263,214,35,179,164,6,158,0.16355140186915887,0.9421052631578948,0.036585365853658534,0.8315789473684211,3.6895312773460365,162,2,160,0.012345679012345678,0.8421052631578947,3.4705912859666714,169,3,166,0.01775147928994083,0.8736842105263158,2.560053476662507,190,9,181,0.04736842105263158,0.9526315789473684,2.397119603930252,198,16,182,0.08080808080808081,0.9578947368421052,1.220875
exp_cl,exp_cl,250,80,0.7,20,88,210,24,186,183,2,181,0.11428571428571428,0.9789473684210527,0.01092896174863388,0.9526315789473684,234,45,189,185,3,182,0.19230769230769232,0.9947368421052631,0.016216216216216217,0.9578947368421052,3.886728829081108,184,0,184,0.0,0.968421052631579,3.4785563538099904,187,1,186,0.0053475935828877,0.9789473684210527,2.6581139961973568,193,3,190,0.015544041450777202,1.0,2.4303490116775834,200,10,190,0.05,1.0,1.159264
exp_cl,exp_cl,250,80,0.7,20,89,165,15,150,87,2,85,0.09090909090909091,0.7894736842105263,0.022988505747126436,0.4473684210526316,201,38,163,117,6,111,0.1890547263681592,0.8578947368421053,0.05128205128205128,0.5842105263157895,3.7850105078725336,100,0,100,0.0,0.5263157894736842,3.5804086846120375,112,0,112,0.0,0.5894736842105263,2.536180031599015,162,8,154,0.04938271604938271,0.8105263157894737,2.3583485042964023,176,14,162,0.07954545454545454,0.8526315789473684,1.087695
exp_cl,exp_cl,250,80,0.7,20,90,196,18,178,158,6,152,0.09183673469387756,0.9368421052631579,0.0379746835443038,0.8,220,38,182,170,7,163,0.17272727272727273,0.9578947368421052,0.041176470588235294,0.8578947368421053,3.705646158648538,165,1,164,0.006060606060606061,0.8631578947368421,3.497235998948617,170,1,169,0.0058823529411764705,0.8894736842105263,2.738507437182238,187,5,182,0.026737967914438502,0.9578947368421052,2.466306220752695,195,11,184,0.05641025641025641,0.968421052631579,1.341485
exp_cl,exp_cl,250,80,0.7,20,91,198,19,179,169,2,167,0.09595959595959595,0.9421052631578948,0.011834319526627219,0.8789473684210526,221,40,181,178,4,174,0.18099547511312217,0.9526315789473684,0.02247191011235955,0.9157894736842105,3.693473646807564,170,0,170,0.0,0.8947368421052632,3.5532112857801925,171,0,171,0.0,0.9,2.5366038086006033,189,7,182,0.037037037037037035,0.9578947368421052,2.355146421331825,200,15,185,0.075,0.9736842105263158,1.177668
exp_cl,exp_cl,250,80,0.7,20,92,204,17,187,180,2,178,0.08333333333333333,0.9842105263157894,0.011111111111111112,0.9368421052631579,229,41,188,187,5,182,0.17903930131004367,0.9894736842105263,0.026737967914438502,0.9578947368421052,3.6773984701498836,185,1,184,0.005405405405405406,0.968421052631579,3.454678993435312,188,1,187,0.005319148936170213,0.9842105263157894,2.5734665403283516,195,6,189,0.03076923076923077,0.9947368421052631,2.3653812452678618,203,13,190,0.06403940886699508,1.0,1.272706
exp_cl,exp_cl,250,80,0.7,20,93,204,16,188,183,1,182,0.0784313725490196,0.9894736842105263,0.00546448087431694,0.9578947368421052,216,27,189,187,3,184,0.125,0.9947368421052631,0.016042780748663103,0.968421052631579,3.6624857427001656,186,0,186,0.0,0.9789473684210527,3.500691108648421,188,0,188,0.0,0.9894736842105263,2.5667049394641075,193,3,190,0.015544041450777202,1.0,2.399205269830513,198,8,190,0.04040404040404041,1.0,1.144235
exp_cl,exp_cl,250,80,0.7,20,94,209,19,190,183,1,182,0.09090909090909091,1.0,0.00546448087431694,0.9578947368421052,225,35,190,187,2,185,0.15555555555555556,1.0,0.0106951871657754,0.9736842105263158,3.634908982239967,190,0,190,0.0,1.0,3.4452798521690884,191,1,190,0.005235602094240838,1.0,2.5701552848796863,194,4,190,0.020618556701030927,1.0,2.3480090368482673,205,15,190,0.07317073170731707,1.0,1.098555
exp_cl,exp_cl,250,80,0.7,20,95,201,12,189,188,1,187,0.05970149253731343,0.9947368421052631,0.005319148936170213,0.9842105263157894,210,20,190,191,4,187,0.09523809523809523,1.0,0.020942408376963352,0.9842105263157894,4.146814649828961,187,0,187,0.0,0.9842105263157894,3.492296283639631,188,0,188,0.0,0.9894736842105263,2.6981706902374105,192,2,190,0.010416666666666666,1.0,2.4476491215201195,200,10,190,0.05,1.0,1.177347
exp_cl,exp_cl,250,80,0.7,20,96,186,12,174,161,4,157,0.06451612903225806,0.9157894736842105,0.024844720496894408,0.8263157894736842,201,24,177,164,4,160,0.11940298507462686,0.9315789473684211,0.024390243902439025,0.8421052631578947,3.66189241415077,167,1,166,0.005988023952095809,0.8736842105263158,3.5145700976339884,172,1,171,0.005813953488372093,0.9,2.565790943553766,188,7,181,0.03723404255319149,0.9526315789473684,2.392219596971539,197,14,183,0.07106598984771574,0.9631578947368421,1.264382
exp_cl,exp_cl,250,80,0.7,20,97,168,18,150,117,0,117,0.10714285714285714,0.7894736842105263,0.0,0.6157894736842106,200,35,165,131,1,130,0.175,0.868421052631579,0.007633587786259542,0.6842105263157895,3.729968304174773,125,0,125,0.0,0.6578947368421053,3.546790912908396,135,0,135,0.0,0.7105263157894737,2.5344673800597834,168,7,161,0.041666666666666664,0.8473684210526315,2.363259506095267,182,17,165,0.09340659340659341,0.868421052631579,1.188544
exp_cl,exp_cl,250,80,0.7,20,98,213,28,185,174,5,169,0.13145539906103287,0.9736842105263158,0.028735632183908046,0.8894736842105263,235,48,187,183,6,177,0.20425531914893616,0.9842105263157894,0.03278688524590164,0.9315789473684211,3.680962611918514,184,3,181,0.016304347826086956,0.9526315789473684,3.5506754070354964,187,3,184,0.016042780748663103,0.968421052631579,2.5639052811128917,196,7,189,0.03571428571428571,0.9947368421052631,2.3607717304540343,211,22,189,0.10426540284360189,0.9947368421052631,1.851752
exp_cl,exp_cl,250,80,0.7,20,99,208,18,190,189,3,186,0.08653846153846154,1.0,0.015873015873015872,0.9789473684210527,223,33,190,193,5,188,0.14798206278026907,1.0,0.025906735751295335,0.9894736842105263,3.6947017263401585,189,0,189,0.0,0.9947368421052631,3.5755982487824425,190,0,190,0.0,1.0,2.654951124691828,196,6,190,0.030612244897959183,1.0,2.453559354172775,201,11,190,0.05472636815920398,1.0,1.086832
exp_cl,exp_cl,250,80,0.7,20,100,173,18,155,113,2,111,0.10404624277456648,0.8157894736842105,0.017699115044247787,0.5842105263157895,192,27,165,125,3,122,0.140625,0.868421052631579,0.024,0.6421052631578947,3.740364346321439,124,0,124,0.0,0.6526315789473685,3.543497621148957,131,0,131,0.0,0.6894736842105263,2.502142363699837,178,13,165,0.07303370786516854,0.868421052631579,2.3643176547563702,190,19,171,0.1,0.9,1.394244
exp_cl,exp_cl,250,80,0.7,20,101,162,16,146,90,0,90,0.09876543209876543,0.7684210526315789,0.0,0.47368421052631576,185,32,153,111,2,109,0.17297297297297298,0.8052631578947368,0.018018018018018018,0.5736842105263158,3.766182625416047,105,0,105,0.0,0.5526315789473685,3.59564769247831,114,0,114,0.0,0.6,2.5752973446002936,157,6,151,0.03821656050955414,0.7947368421052632,2.4020521990567945,180,21,159,0.11666666666666667,0.8368421052631579,1.193891
exp_cl,exp_cl,250,80,0.7,20,102,203,21,182,179,1,178,0.10344827586206896,0.9578947368421052,0.00558659217877095,0.9368421052631579,227,41,186,185,4,181,0.18061674008810572,0.9789473684210527,0.021621621621621623,0.9526315789473684,3.646671444837849,179,0,179,0.0,0.9421052631578948,3.4660123165821135,181,0,181,0.0,0.9526315789473684,2.6000078392464556,190,3,187,0.015789473684210527,0.9842105263157894,2.395452792016213,196,8,188,0.04081632653061224,0.9894736842105263,1.086929
exp_cl,exp_cl,250,80,0.7,20,103,212,23,189,190,4,186,0.10849056603773585,0.9947368421052631,0.021052631578947368,0.9789473684210527,234,45,189,192,5,187,0.19230769230769232,0.9947368421052631,0.026041666666666668,0.9842105263157894,4.3299482991877065,187,0,187,0.0,0.9842105263157894,3.509896388953546,189,0,189,0.0,0.9947368421052631,2.70835871941237,194,5,189,0.02577319587628866,0.9947368421052631,2.3904436392673727,209,19,190,0.09090909090909091,1.0,1.222409
exp_cl,exp_cl,250,80,0.7,20,104,188,15,173,144,4,140,0.0797872340425532,0.9105263157894737,0.027777777777777776,0.7368421052631579,208,29,179,157,5,152,0.13942307692307693,0.9421052631578948,0.03184713375796178,0.8,3.661379687442434,164,1,163,0.006097560975609756,0.8578947368421053,3.5169372805829835,169,1,168,0.005917159763313609,0.8842105263157894,2.5302605658127857,196,10,186,0.05102040816326531,0.9789473684210527,2.3540500187060722,202,15,187,0.07425742574257425,0.9842105263157894,1.125255
exp_cl,exp_cl,250,80,0.7,20,105,208,19,189,181,0,181,0.09134615384615384,0.9947368421052631,0.0,0.9526315789473684,224,35,189,186,3,183,0.15625,0.9947368421052631,0.016129032258064516,0.9631578947368421,3.6769980097582766,187,0,187,0.0,0.9842105263157894,3.4722921952107124,188,0,188,0.0,0.9894736842105263,2.6901600555152645,193,3,190,0.015544041450777202,1.0,2.4283703943216017,206,16,190,0.07766990291262135,1.0,1.343855
exp_cl,exp_cl,250,80,0.7,20,106,203,16,187,183,3,180,0.07881773399014778,0.9842105263157894,0.01639344262295082,0.9473684210526315,221,33,188,188,6,182,0.1493212669683258,0.9894736842105263,0.031914893617021274,0.9578947368421052,3.6199857793470818,184,0,184,0.0,0.968421052631579,3.6199857793470818,184,0,184,0.0,0.968421052631579,2.5393146820816965,196,7,189,0.03571428571428571,0.9947368421052631,2.3469751634400913,202,13,189,0.06435643564356436,0.9947368421052631,1.314835
exp_cl,exp_cl,250,80,0.7,20,107,188,23,165,134,2,132,0.12234042553191489,0.868421052631579,0.014925373134328358,0.6947368421052632,208,38,170,154,6,148,0.18269230769230768,0.8947368421052632,0.03896103896103896,0.7789473684210526,3.739809249928671,145,1,144,0.006896551724137931,0.7578947368421053,3.6301959624609155,148,1,147,0.006756756756756757,0.7736842105263158,2.5207318175574263,186,14,172,0.07526881720430108,0.9052631578947369,2.382262696362165,200,24,176,0.12,0.9263157894736842,1.14742
exp_cl,exp_cl,250,80,0.7,20,108,196,16,180,157,1,156,0.08163265306122448,0.9473684210526315,0.006369426751592357,0.8210526315789474,212,28,184,162,2,160,0.1320754716981132,0.968421052631579,0.012345679012345678,0.8421052631578947,3.6501115706511316,165,0,165,0.0,0.868421052631579,3.507253470736238,172,0,172,0.0,0.9052631578947369,2.5874944697146285,188,3,185,0.015957446808510637,0.9736842105263158,2.4025161308535523,200,13,187,0.065,0.9842105263157894,1.227278
exp_cl,exp_cl,250,80,0.7,20,109,204,17,187,179,0,179,0.08333333333333333,0.9842105263157894,0.0,0.9421052631578948,213,25,188,182,0,182,0.11737089201877934,0.9894736842105263,0.0,0.9578947368421052,3.6816634440241143,185,0,185,0.0,0.9736842105263158,3.511755407589105,186,0,186,0.0,0.9789473684210527,2.622356548612469,191,2,189,0.010471204188481676,0.9947368421052631,2.437105880409427,198,9,189,0.045454545454545456,0.9947368421052631,1.089798
exp_cl,exp_cl,250,80,0.7,20,110,192,14,178,166,1,165,0.07291666666666667,0.9368421052631579,0.006024096385542169,0.868421052631579,213,31,182,172,1,171,0.14553990610328638,0.9578947368421052,0.005813953488372093,0.9,3.7736862610300173,172,0,172,0.0,0.9052631578947369,3.519160796859092,173,0,173,0.0,0.9105263157894737,2.545338786161287,187,2,185,0.0106951871657754,0.9736842105263158,2.3579947675243327,200,14,186,0.07,0.9789473684210527,1.284213
exp_cl,exp_cl,250,80,0.7,20,111,187,14,173,149,5,144,0.0748663101604278,0.9105263157894737,0.03355704697986577,0.7578947368421053,207,29,178,157,5,152,0.14009661835748793,0.9368421052631579,0.03184713375796178,0.8,3.6853629222523256,144,0,144,0.0,0.7578947368421053,3.529161762318818,150,0,150,0.0,0.7894736842105263,2.475527469038744,185,7,178,0.03783783783783784,0.9368421052631579,2.3314117870713926,190,10,180,0.05263157894736842,0.9473684210526315,1.152702
exp_cl,exp_cl,250,80,0.7,20,112,197,12,185,175,1,174,0.06091370558375635,0.9736842105263158,0.005714285714285714,0.9157894736842105,212,26,186,177,1,176,0.12264150943396226,0.9789473684210527,0.005649717514124294,0.9263157894736842,3.718135410555155,184,1,183,0.005434782608695652,0.9631578947368421,3.5634081353787814,186,1,185,0.005376344086021506,0.9736842105263158,2.669847081798293,190,2,188,0.010526315789473684,0.9894736842105263,2.4684339642650848,200,11,189,0.055,0.9947368421052631,1.121085
exp_cl,exp_cl,250,80,0.7,20,113,189,15,174,159,1,158,0.07936507936507936,0.9157894736842105,0.006289308176100629,0.8315789473684211,204,24,180,164,2,162,0.11764705882352941,0.9473684210526315,0.012195121951219513,0.8526315789473684,3.73390466698308,166,0,166,0.0,0.8736842105263158,3.5069482750828747,171,0,171,0.0,0.9,2.5273777277430085,190,7,183,0.03684210526315789,0.9631578947368421,2.370745185529118,202,16,186,0.07920792079207921,0.9789473684210527,1.162696
exp_cl,exp_cl,250,80,0.7,20,114,187,9,178,170,1,169,0.0481283422459893,0.9368421052631579,0.0058823529411764705,0.8894736842105263,204,22,182,173,2,171,0.10784313725490197,0.9578947368421052,0.011560693641618497,0.9,3.7025280465280255,172,0,172,0.0,0.9052631578947369,3.5753824131415257,175,0,175,0.0,0.9210526315789473,2.4892555381378565,191,3,188,0.015706806282722512,0.9894736842105263,2.3229817593779867,197,7,190,0.03553299492385787,1.0,1.103514
exp_cl,exp_cl,250,80,0.7,20,115,209,19,190,187,2,185,0.09090909090909091,1.0,0.0106951871657754,0.9736842105263158,228,38,190,191,2,189,0.16666666666666666,1.0,0.010471204188481676,0.9947368421052631,3.6808427574690126,190,0,190,0.0,1.0,3.496919251981269,191,1,190,0.005235602094240838,1.0,2.8797951940914834,193,3,190,0.015544041450777202,1.0,2.4754054404904116,202,12,190,0.0594059405940594,1.0,1.46514
exp_cl,exp_cl,250,80,0.7,20,116,205,19,186,183,3,180,0.09268292682926829,0.9789473684210527,0.01639344262295082,0.9473684210526315,223,35,188,188,6,182,0.15695067264573992,0.9894736842105263,0.031914893617021274,0.9578947368421052,3.7356864650531767,186,1,185,0.005376344086021506,0.9736842105263158,3.581932482070949,188,2,186,0.010638297872340425,0.9789473684210527,2.6026169828375916,201,12,189,0.05970149253731343,0.9947368421052631,2.3970050121257733,207,17,190,0.0821256038647343,1.0,1.114924
exp_cl,exp_cl,250,80,0.7,20,117,208,30,178,163,5,158,0.14423076923076922,0.9368421052631579,0.03067484662576687,0.8315789473684211,237,53,184,175,10,165,0.22362869198312235,0.968421052631579,0.05714285714285714,0.868421052631579,3.659890661059641,167,0,167,0.0,0.8789473684210526,3.472263574516559,169,0,169,0.0,0.8894736842105263,2.5195716842388185,198,14,184,0.0707070707070707,0.968421052631579,2.3520599194569622,209,25,184,0.11961722488038277,0.968421052631579,1.096434
exp_cl,exp_cl,250,80,0.7,20,118,175,16,159,133,1,132,0.09142857142857143,0.8368421052631579,0.007518796992481203,0.6947368421052632,194,25,169,140,2,138,0.12886597938144329,0.8894736842105263,0.014285714285714285,0.7263157894736842,3.695564994551935,141,0,141,0.0,0.7421052631578947,3.5183409689124128,148,0,148,0.0,0.7789473684210526,2.53139671000017,190,6,184,0.031578947368421054,0.968421052631579,2.3696747278286097,200,15,185,0.075,0.9736842105263158,1.131719
exp_cl,exp_cl,250,80,0.7,20,119,218,32,186,178,1,177,0.14678899082568808,0.9789473684210527,0.0056179775280898875,0.9315789473684211,230,43,187,187,4,183,0.18695652173913044,0.9842105263157894,0.0213903743315508,0.9631578947368421,3.6290896801994172,184,1,183,0.005434782608695652,0.9631578947368421,3.6290896801994172,184,1,183,0.005434782608695652,0.9631578947368421,2.565166505240432,192,4,188,0.020833333333333332,0.9894736842105263,2.3704489116575806,206,18,188,0.08737864077669903,0.9894736842105263,1.182723
exp_cl,exp_cl,250,80,0.7,20,120,194,15,179,145,2,143,0.07731958762886598,0.9421052631578948,0.013793103448275862,0.7526315789473684,211,29,182,161,6,155,0.13744075829383887,0.9578947368421052,0.037267080745341616,0.8157894736842105,3.6872296501674025,161,0,161,0.0,0.8473684210526315,3.4581908595633304,170,0,170,0.0,0.8947368421052632,2.627414999600358,186,6,180,0.03225806451612903,0.9473684210526315,2.383197885716853,203,16,187,0.07881773399014778,0.9842105263157894,1.296563
exp_cl,exp_cl,250,80,0.7,20,121,171,13,158,116,1,115,0.07602339181286549,0.8315789473684211,0.008620689655172414,0.6052631578947368,185,22,163,131,4,127,0.11891891891891893,0.8578947368421053,0.030534351145038167,0.6684210526315789,3.7213644019116643,124,0,124,0.0,0.6526315789473685,3.539757212775235,132,0,132,0.0,0.6947368421052632,2.517140572000637,169,6,163,0.03550295857988166,0.8578947368421053,2.3667510765947273,181,14,167,0.07734806629834254,0.8789473684210526,1.145148
exp_cl,exp_cl,250,80,0.7,20,122,203,20,183,163,1,162,0.09852216748768473,0.9631578947368421,0.006134969325153374,0.8526315789473684,214,30,184,173,3,170,0.14018691588785046,0.968421052631579,0.017341040462427744,0.8947368421052632,3.7093895885860366,171,1,170,0.005847953216374269,0.8947368421052632,3.4794730768001902,178,1,177,0.0056179775280898875,0.9315789473684211,2.69144337972893,186,3,183,0.016129032258064516,0.9631578947368421,2.365458198766387,205,18,187,0.08780487804878048,0.9842105263157894,1.092031
exp_cl,exp_cl,250,80,0.7,20,123,194,14,180,163,2,161,0.07216494845360824,0.9473684210526315,0.012269938650306749,0.8473684210526315,220,35,185,172,3,169,0.1590909090909091,0.9736842105263158,0.01744186046511628,0.8894736842105263,3.644003561252286,172,0,172,0.0,0.9052631578947369,3.4972854356017518,176,0,176,0.0,0.9263157894736842,2.5402911912417636,195,6,189,0.03076923076923077,0.9947368421052631,2.3839320916377056,202,13,189,0.06435643564356436,0.9947368421052631,1.140056
exp_cl,exp_cl,250,80,0.7,20,124,214,24,190,188,2,186,0.11214953271028037,1.0,0.010638297872340425,0.9789473684210527,231,41,190,193,6,187,0.1774891774891775,1.0,0.031088082901554404,0.9842105263157894,3.835385150433369,190,0,190,0.0,1.0,3.835385150433369,190,0,190,0.0,1.0,2.612788161134838,198,8,190,0.04040404040404041,1.0,2.4264309985577848,210,20,190,0.09523809523809523,1.0,1.387066
exp_cl,exp_cl,250,80,0.7,20,125,199,18,181,164,2,162,0.09045226130653267,0.9526315789473684,0.012195121951219513,0.8526315789473684,225,40,185,174,5,169,0.17777777777777778,0.9736842105263158,0.028735632183908046,0.8894736842105263,3.682800770761061,175,0,175,0.0,0.9210526315789473,3.4446832956496856,180,0,180,0.0,0.9473684210526315,2.5383010766128855,197,8,189,0.04060913705583756,0.9947368421052631,2.372184105829748,209,20,189,0.09569377990430622,0.9947368421052631,1.249909
exp_cl,exp_cl,250,80,0.7,20,126,178,16,162,130,2,128,0.0898876404494382,0.8526315789473684,0.015384615384615385,0.6736842105263158,197,26,171,139,2,137,0.1319796954314721,0.9,0.014388489208633094,0.7210526315789474,3.696147844426786,147,0,147,0.0,0.7736842105263158,3.4958975737307147,152,0,152,0.0,0.8,2.5190615895465047,188,9,179,0.047872340425531915,0.9421052631578948,2.403595884137653,199,17,182,0.08542713567839195,0.9578947368421052,1.100357
exp_cl,exp_cl,250,80,0.7,20,127,185,21,164,136,2,134,0.11351351351351352,0.8631578947368421,0.014705882352941176,0.7052631578947368,211,38,173,143,5,138,0.18009478672985782,0.9105263157894737,0.03496503496503497,0.7263157894736842,3.7669572282956074,142,0,142,0.0,0.7473684210526316,3.5306270227916214,147,0,147,0.0,0.7736842105263158,2.529331987166674,178,10,168,0.056179775280898875,0.8842105263157894,2.3327009248949593,193,19,174,0.09844559585492228,0.9157894736842105,1.094633
exp_cl,exp_cl,250,80,0.7,20,128,154,17,137,91,2,89,0.11038961038961038,0.7210526315789474,0.02197802197802198,0.46842105263157896,186,37,149,99,4,95,0.1989247311827957,0.7842105263157895,0.04040404040404041,0.5,3.809589445734836,90,2,88,0.022222222222222223,0.4631578947368421,3.614505432031724,99,2,97,0.020202020202020204,0.5105263157894737,2.556329643072307,149,9,140,0.06040268456375839,0.7368421052631579,2.4289258570370373,157,13,144,0.08280254777070063,0.7578947368421053,1.195814
exp_cl,exp_cl,250,80,0.7,20,129,195,16,179,161,2,159,0.08205128205128205,0.9421052631578948,0.012422360248447204,0.8368421052631579,217,32,185,170,3,167,0.14746543778801843,0.9736842105263158,0.01764705882352941,0.8789473684210526,3.643911722248652,173,0,173,0.0,0.9105263157894737,3.514395690139974,177,0,177,0.0,0.9315789473684211,2.5266830949874475,194,7,187,0.03608247422680412,0.9842105263157894,2.359407435677459,203,15,188,0.07389162561576355,0.9894736842105263,1.28673
exp_cl,exp_cl,250,80,0.7,20,130,192,19,173,145,4,141,0.09895833333333333,0.9105263157894737,0.027586206896551724,0.7421052631578947,210,34,176,158,6,152,0.1619047619047619,0.9263157894736842,0.0379746835443038,0.8,3.713817078296257,155,0,155,0.0,0.8157894736842105,3.490006101209958,160,0,160,0.0,0.8421052631578947,2.5368002108289676,183,10,173,0.0546448087431694,0.9105263157894737,2.369768409524458,194,18,176,0.09278350515463918,0.9263157894736842,1.197881
exp_cl,exp_cl,250,80,0.7,20,131,208,25,183,173,4,169,0.1201923076923077,0.9631578947368421,0.023121387283236993,0.8894736842105263,221,36,185,187,8,179,0.16289592760180996,0.9736842105263158,0.0427807486631016,0.9421052631578948,3.6815521964756464,179,0,179,0.0,0.9421052631578948,3.6815521964756464,179,0,179,0.0,0.9421052631578948,2.5582884156456576,196,7,189,0.03571428571428571,0.9947368421052631,2.3845436094095236,203,14,189,0.06896551724137931,0.9947368421052631,1.11561
exp_cl,exp_cl,250,80,0.7,20,132,191,9,182,162,1,161,0.04712041884816754,0.9578947368421052,0.006172839506172839,0.8473684210526315,201,17,184,173,1,172,0.0845771144278607,0.968421052631579,0.005780346820809248,0.9052631578947369,3.6446094436952357,175,0,175,0.0,0.9210526315789473,3.4859495080145004,177,0,177,0.0,0.9315789473684211,2.547921024265071,190,4,186,0.021052631578947368,0.9789473684210527,2.4121865015163935,193,7,186,0.03626943005181347,0.9789473684210527,1.168765
exp_cl,exp_cl,250,80,0.7,20,133,63,5,58,15,0,15,0.07936507936507936,0.30526315789473685,0.0,0.07894736842105263,99,13,86,30,0,30,0.13131313131313133,0.45263157894736844,0.0,0.15789473684210525,4.19545691642684,17,0,17,0.0,0.08947368421052632,3.922212100564213,30,0,30,0.0,0.15789473684210525,2.79832516292037,49,0,49,0.0,0.2578947368421053,2.5290930359814485,65,5,60,0.07692307692307693,0.3157894736842105,1.357415
exp_cl,exp_cl,250,80,0.7,20,134,206,26,180,169,2,167,0.1262135922330097,0.9473684210526315,0.011834319526627219,0.8789473684210526,232,45,187,177,4,173,0.1939655172413793,0.9842105263157894,0.022598870056497175,0.9105263157894737,3.648722264432817,178,1,177,0.0056179775280898875,0.9315789473684211,3.4425564246016123,180,1,179,0.005555555555555556,0.9421052631578948,2.5569200160804795,199,9,190,0.04522613065326633,1.0,2.383228663349947,212,22,190,0.10377358490566038,1.0,1.152279
exp_cl,exp_cl,250,80,0.7,20,135,208,23,185,172,0,172,0.11057692307692307,0.9736842105263158,0.0,0.9052631578947369,220,35,185,179,3,176,0.1590909090909091,0.9736842105263158,0.01675977653631285,0.9263157894736842,3.6552668869442777,179,0,179,0.0,0.9421052631578948,3.4419548415006465,183,0,183,0.0,0.9631578947368421,2.57769107410976,189,1,188,0.005291005291005291,0.9894736842105263,2.364042748913796,199,11,188,0.05527638190954774,0.9894736842105263,1.185406
exp_cl,exp_cl,250,80,0.7,20,136,193,16,177,167,2,165,0.08290155440414508,0.9315789473684211,0.011976047904191617,0.868421052631579,218,39,179,174,5,169,0.17889908256880735,0.9421052631578948,0.028735632183908046,0.8894736842105263,3.669569600470926,172,0,172,0.0,0.9052631578947369,3.456159077396457,175,0,175,0.0,0.9210526315789473,2.5755758517091514,189,6,183,0.031746031746031744,0.9631578947368421,2.3952011636121227,193,10,183,0.05181347150259067,0.9631578947368421,1.111053
exp_cl,exp_cl,250,80,0.7,20,137,195,21,174,150,0,150,0.1076923076923077,0.9157894736842105,0.0,0.7894736842105263,221,39,182,160,5,155,0.17647058823529413,0.9578947368421052,0.03125,0.8157894736842105,3.7239911155583423,155,0,155,0.0,0.8157894736842105,3.482744999465895,160,0,160,0.0,0.8421052631578947,2.4632877649974834,184,8,176,0.043478260869565216,0.9263157894736842,2.327391452109305,194,18,176,0.09278350515463918,0.9263157894736842,1.182171
exp_cl,exp_cl,250,80,0.7,20,138,205,18,187,179,2,177,0.08780487804878048,0.9842105263157894,0.0111731843575419,0.9315789473684211,221,33,188,188,6,182,0.1493212669683258,0.9894736842105263,0.031914893617021274,0.9578947368421052,3.73160547129248,183,0,183,0.0,0.9631578947368421,3.73160547129248,183,0,183,0.0,0.9631578947368421,2.565446133019591,197,8,189,0.04060913705583756,0.9947368421052631,2.3839521885836046,207,18,189,0.08695652173913043,0.9947368421052631,1.281932
exp_cl,exp_cl,250,80,0.7,20,139,133,15,118,60,1,59,0.11278195488721804,0.6210526315789474,0.016666666666666666,0.3105263157894737,158,26,132,87,5,82,0.16455696202531644,0.6947368421052632,0.05747126436781609,0.43157894736842106,3.9405717428507328,69,0,69,0.0,0.3631578947368421,3.6770226620902733,78,0,78,0.0,0.4105263157894737,2.5769579219203806,123,7,116,0.056910569105691054,0.6105263157894737,2.403945273286441,144,16,128,0.1111111111111111,0.6736842105263158,1.088173
exp_cl,exp_cl,250,80,0.7,20,140,169,18,151,90,0,90,0.10650887573964497,0.7947368421052632,0.0,0.47368421052631576,190,32,158,106,1,105,0.16842105263157894,0.8315789473684211,0.009433962264150943,0.5526315789473685,3.7833469632582934,98,0,98,0.0,0.5157894736842106,3.5749570209670676,115,0,115,0.0,0.6052631578947368,2.5173286790707654,167,6,161,0.03592814371257485,0.8473684210526315,2.366971870906709,186,21,165,0.11290322580645161,0.868421052631579,1.129439
exp_cl,exp_cl,250,80,0.7,20,141,202,16,186,183,3,180,0.07920792079207921,0.9789473684210527,0.01639344262295082,0.9473684210526315,228,41,187,185,3,182,0.17982456140350878,0.9842105263157894,0.016216216216216217,0.9578947368421052,3.790438485633838,186,0,186,0.0,0.9789473684210527,3.790438485633838,186,0,186,0.0,0.9789473684210527,2.7596983093374003,192,3,189,0.015625,0.9947368421052631,2.3928142084191117,205,15,190,0.07317073170731707,1.0,1.380104
exp_cl,exp_cl,250,80,0.7,20,142,177,11,166,133,1,132,0.062146892655367235,0.8736842105263158,0.007518796992481203,0.6947368421052632,199,26,173,143,2,141,0.1306532663316583,0.9105263157894737,0.013986013986013986,0.7421052631578947,3.689322013531504,147,0,147,0.0,0.7736842105263158,3.6002161408688154,156,0,156,0.0,0.8210526315789474,2.518058817163873,188,9,179,0.047872340425531915,0.9421052631578948,2.365184556377467,196,14,182,0.07142857142857142,0.9578947368421052,1.127452
exp_cl,exp_cl,250,80,0.7,20,143,203,16,187,177,0,177,0.07881773399014778,0.9842105263157894,0.0,0.9315789473684211,214,27,187,181,2,179,0.1261682242990654,0.9842105263157894,0.011049723756906077,0.9421052631578948,3.6375478445442715,185,0,185,0.0,0.9736842105263158,3.5274762611032195,187,0,187,0.0,0.9842105263157894,2.5547693115467527,193,5,188,0.025906735751295335,0.9894736842105263,2.404841288597983,203,14,189,0.06896551724137931,0.9947368421052631,1.309157
exp_cl,exp_cl,250,80,0.7,20,144,180,15,165,125,1,124,0.08333333333333333,0.868421052631579,0.008,0.6526315789473685,213,40,173,137,4,133,0.18779342723004694,0.9105263157894737,0.029197080291970802,0.7,3.7054339652559154,137,0,137,0.0,0.7210526315789474,3.5237204170893,141,0,141,0.0,0.7421052631578947,2.537074459577431,180,8,172,0.044444444444444446,0.9052631578947369,2.3905379052337286,191,16,175,0.08376963350785341,0.9210526315789473,1.090902
exp_cl,exp_cl,250,80,0.7,20,145,208,23,185,163,3,160,0.11057692307692307,0.9736842105263158,0.018404907975460124,0.8421052631578947,227,39,188,174,8,166,0.17180616740088106,0.9894736842105263,0.04597701149425287,0.8736842105263158,3.6446170492946823,169,1,168,0.005917159763313609,0.8842105263157894,3.457060966212204,173,1,172,0.005780346820809248,0.9052631578947369,2.6044452120048356,197,13,184,0.06598984771573604,0.968421052631579,2.430962019781292,207,21,186,0.10144927536231885,0.9789473684210527,1.14415
exp_cl,exp_cl,250,80,0.7,20,146,178,25,153,114,4,110,0.1404494382022472,0.8052631578947368,0.03508771929824561,0.5789473684210527,216,49,167,125,7,118,0.22685185185185186,0.8789473684210526,0.056,0.6210526315789474,3.7380766975436734,116,0,116,0.0,0.6105263157894737,3.553862852383041,130,0,130,0.0,0.6842105263157895,2.5259364183808075,171,11,160,0.06432748538011696,0.8421052631578947,2.354674327836848,190,25,165,0.13157894736842105,0.868421052631579,1.265133
exp_cl,exp_cl,250,80,0.7,20,147,206,17,189,186,2,184,0.0825242718446602,0.9947368421052631,0.010752688172043012,0.968421052631579,223,34,189,190,3,187,0.15246636771300448,0.9947368421052631,0.015789473684210527,0.9842105263157894,3.6759505061588853,188,0,188,0.0,0.9894736842105263,3.428460041169261,189,0,189,0.0,0.9947368421052631,2.896492361124421,190,1,189,0.005263157894736842,0.9947368421052631,2.51822402259622,194,5,189,0.02577319587628866,0.9947368421052631,1.160223
exp_cl,exp_cl,250,80,0.7,20,148,209,23,186,164,6,158,0.11004784688995216,0.9789473684210527,0.036585365853658534,0.8315789473684211,222,35,187,172,8,164,0.15765765765765766,0.9842105263157894,0.046511627906976744,0.8631578947368421,3.6596944515641745,177,1,176,0.005649717514124294,0.9263157894736842,3.471486996126323,181,1,180,0.0055248618784530384,0.9473684210526315,2.5667870393201446,198,11,187,0.05555555555555555,0.9842105263157894,2.407089410173977,206,19,187,0.09223300970873786,0.9842105263157894,1.165365
exp_cl,exp_cl,250,80,0.7,20,149,193,19,174,143,2,141,0.09844559585492228,0.9157894736842105,0.013986013986013986,0.7421052631578947,213,37,176,157,5,152,0.17370892018779344,0.9263157894736842,0.03184713375796178,0.8,3.6801715643900637,158,0,158,0.0,0.8315789473684211,3.5020653973207128,167,0,167,0.0,0.8789473684210526,2.5163713883140626,195,11,184,0.05641025641025641,0.968421052631579,2.3571048886526844,208,23,185,0.11057692307692307,0.9736842105263158,1.087519
exp_cl,exp_cl,250,80,0.7,20,150,213,24,189,181,3,178,0.11267605633802817,0.9947368421052631,0.016574585635359115,0.9368421052631579,233,43,190,188,7,181,0.18454935622317598,1.0,0.03723404255319149,0.9526315789473684,3.6303861545655596,185,0,185,0.0,0.9736842105263158,3.6303861545655596,185,0,185,0.0,0.9736842105263158,2.5763881556472104,200,10,190,0.05,1.0,2.379665973046882,212,22,190,0.10377358490566038,1.0,1.407821
exp_cl,exp_cl,250,80,0.7,20,151,198,13,185,176,1,175,0.06565656565656566,0.9736842105263158,0.005681818181818182,0.9210526315789473,218,32,186,179,1,178,0.14678899082568808,0.9789473684210527,0.00558659217877095,0.9368421052631579,3.8431861587955702,180,0,180,0.0,0.9473684210526315,3.4643242338275506,184,0,184,0.0,0.968421052631579,2.73852352722036,192,2,190,0.010416666666666666,1.0,2.4048833982678453,201,11,190,0.05472636815920398,1.0,1.144938
exp_cl,exp_cl,250,80,0.7,20,152,188,14,174,152,0,152,0.07446808510638298,0.9157894736842105,0.0,0.8,215,37,178,164,4,160,0.17209302325581396,0.9368421052631579,0.024390243902439025,0.8421052631578947,3.670873372039126,169,0,169,0.0,0.8894736842105263,3.604304985379801,170,0,170,0.0,0.8947368421052632,2.5590889666084817,182,5,177,0.027472527472527472,0.9315789473684211,2.343708733461965,196,16,180,0.08163265306122448,0.9473684210526315,1.200641
exp_cl,exp_cl,250,80,0.7,20,153,188,17,171,141,0,141,0.09042553191489362,0.9,0.0,0.7421052631578947,213,36,177,155,4,151,0.16901408450704225,0.9315789473684211,0.025806451612903226,0.7947368421052632,3.710712856019548,150,0,150,0.0,0.7894736842105263,3.4943973143435705,160,0,160,0.0,0.8421052631578947,2.57006976261466,185,7,178,0.03783783783783784,0.9368421052631579,2.3782980063061046,199,19,180,0.09547738693467336,0.9473684210526315,1.171846
exp_cl,exp_cl,250,80,0.7,20,154,210,28,182,170,3,167,0.13333333333333333,0.9578947368421052,0.01764705882352941,0.8789473684210526,224,40,184,177,4,173,0.17857142857142858,0.968421052631579,0.022598870056497175,0.9105263157894737,3.63804718256167,175,1,174,0.005714285714285714,0.9157894736842105,3.5093796565067916,178,1,177,0.0056179775280898875,0.9315789473684211,2.587354816356099,193,6,187,0.031088082901554404,0.9842105263157894,2.397630706709728,206,18,188,0.08737864077669903,0.9894736842105263,1.131033
exp_cl,exp_cl,250,80,0.7,20,155,205,20,185,173,3,170,0.0975609756097561,0.9736842105263158,0.017341040462427744,0.8947368421052632,219,33,186,181,4,177,0.1506849315068493,0.9789473684210527,0.022099447513812154,0.9315789473684211,3.7674487654467024,182,2,180,0.01098901098901099,0.9473684210526315,3.5093604890052457,184,2,182,0.010869565217391304,0.9578947368421052,2.5651484838916594,194,9,185,0.04639175257731959,0.9736842105263158,2.413551523023466,205,19,186,0.09268292682926829,0.9789473684210527,1.236408
exp_cl,exp_cl,250,80,0.7,20,156,201,11,190,190,3,187,0.05472636815920398,1.0,0.015789473684210527,0.9842105263157894,216,26,190,191,3,188,0.12037037037037036,1.0,0.015706806282722512,0.9894736842105263,3.7338591659868245,190,0,190,0.0,1.0,3.575314745325548,191,1,190,0.005235602094240838,1.0,2.8279874434138406,193,3,190,0.015544041450777202,1.0,2.5066829854655075,197,7,190,0.03553299492385787,1.0,1.265332
exp_cl,exp_cl,250,80,0.7,20,157,207,17,190,189,0,189,0.0821256038647343,1.0,0.0,0.9947368421052631,222,32,190,192,3,189,0.14414414414414414,1.0,0.015625,0.9947368421052631,3.618389944058789,191,2,189,0.010471204188481676,0.9947368421052631,3.6061045009700137,192,2,190,0.010416666666666666,1.0,3.6061045009700137,192,2,190,0.010416666666666666,1.0,2.476174533061883,201,11,190,0.05472636815920398,1.0,1.175174
exp_cl,exp_cl,250,80,0.7,20,158,204,17,187,175,3,172,0.08333333333333333,0.9842105263157894,0.017142857142857144,0.9052631578947369,212,25,187,180,5,175,0.1179245283018868,0.9842105263157894,0.027777777777777776,0.9210526315789473,3.6695067522013884,180,0,180,0.0,0.9473684210526315,3.5050463341495623,186,0,186,0.0,0.9789473684210527,2.768481344856957,192,3,189,0.015625,0.9947368421052631,2.507275977368429,201,11,190,0.05472636815920398,1.0,1.34364
exp_cl,exp_cl,250,80,0.7,20,159,201,17,184,171,1,170,0.0845771144278607,0.968421052631579,0.005847953216374269,0.8947368421052632,219,33,186,176,2,174,0.1506849315068493,0.9789473684210527,0.011363636363636364,0.9157894736842105,3.6352657855718817,180,1,179,0.005555555555555556,0.9421052631578948,3.570662800004578,181,1,180,0.0055248618784530384,0.9473684210526315,2.540679072627875,197,7,190,0.03553299492385787,1.0,2.3869332574526587,207,17,190,0.0821256038647343,1.0,1.125469
exp_cl,exp_cl,250,80,0.7,20,160,204,19,185,172,2,170,0.09313725490196079,0.9736842105263158,0.011627906976744186,0.8947368421052632,231,44,187,177,4,173,0.19047619047619047,0.9842105263157894,0.022598870056497175,0.9105263157894737,3.634268793721093,180,0,180,0.0,0.9473684210526315,3.4483315750673564,185,0,185,0.0,0.9736842105263158,2.7382259516484697,192,3,189,0.015625,0.9947368421052631,2.4547977512788184,197,8,189,0.04060913705583756,0.9947368421052631,1.198383
exp_cl,exp_cl,250,80,0.7,20,161,193,12,181,173,3,170,0.06217616580310881,0.9526315789473684,0.017341040462427744,0.8947368421052632,215,29,186,181,4,177,0.13488372093023257,0.9789473684210527,0.022099447513812154,0.9315789473684211,3.656592913804376,181,3,178,0.016574585635359115,0.9368421052631579,3.596796716324445,182,3,179,0.016483516483516484,0.9421052631578948,2.538926736180382,196,6,190,0.030612244897959183,1.0,2.4111542138356317,201,11,190,0.05472636815920398,1.0,1.185072
exp_cl,exp_cl,250,80,0.7,20,162,192,14,178,164,5,159,0.07291666666666667,0.9368421052631579,0.03048780487804878,0.8368421052631579,207,27,180,169,7,162,0.13043478260869565,0.9473684210526315,0.04142011834319527,0.8526315789473684,3.7539833242413123,166,1,165,0.006024096385542169,0.868421052631579,3.5084845907190996,176,1,175,0.005681818181818182,0.9210526315789473,2.609771595160524,192,7,185,0.036458333333333336,0.9736842105263158,2.4070294224244577,199,12,187,0.06030150753768844,0.9842105263157894,1.111811
exp_cl,exp_cl,250,80,0.7,20,163,209,19,190,185,1,184,0.09090909090909091,1.0,0.005405405405405406,0.968421052631579,229,39,190,187,2,185,0.1703056768558952,1.0,0.0106951871657754,0.9736842105263158,3.7050098313591815,190,0,190,0.0,1.0,3.7050098313591815,190,0,190,0.0,1.0,2.782283530143921,191,1,190,0.005235602094240838,1.0,2.453001106768195,200,10,190,0.05,1.0,1.247491
exp_cl,exp_cl,250,80,0.7,20,164,179,17,162,141,3,138,0.09497206703910614,0.8526315789473684,0.02127659574468085,0.7263157894736842,211,41,170,152,5,147,0.1943127962085308,0.8947368421052632,0.03289473684210526,0.7736842105263158,3.7009656190874525,144,0,144,0.0,0.7578947368421053,3.4943491956205817,151,0,151,0.0,0.7947368421052632,2.5760797557971755,181,8,173,0.04419889502762431,0.9105263157894737,2.416296906038546,194,17,177,0.08762886597938144,0.9315789473684211,1.090968
exp_cl,exp_cl,250,80,0.7,20,165,202,14,188,185,1,184,0.06930693069306931,0.9894736842105263,0.005405405405405406,0.968421052631579,217,27,190,188,2,186,0.12442396313364056,1.0,0.010638297872340425,0.9789473684210527,3.696742542706685,188,0,188,0.0,0.9894736842105263,3.696742542706685,188,0,188,0.0,0.9894736842105263,2.653390021538942,193,3,190,0.015544041450777202,1.0,2.5296367246719984,200,10,190,0.05,1.0,1.118708
exp_cl,exp_cl,250,80,0.7,20,166,201,23,178,164,5,159,0.11442786069651742,0.9368421052631579,0.03048780487804878,0.8368421052631579,223,42,181,177,10,167,0.18834080717488788,0.9526315789473684,0.05649717514124294,0.8789473684210526,3.6443471980652435,169,2,167,0.011834319526627219,0.8789473684210526,3.469874942963168,175,2,173,0.011428571428571429,0.9105263157894737,2.5697957429246387,192,10,182,0.052083333333333336,0.9578947368421052,2.376770610206351,201,18,183,0.08955223880597014,0.9631578947368421,1.256431
exp_cl,exp_cl,250,80,0.7,20,167,202,16,186,183,3,180,0.07920792079207921,0.9789473684210527,0.01639344262295082,0.9473684210526315,233,45,188,184,4,180,0.19313304721030042,0.9894736842105263,0.021739130434782608,0.9473684210526315,3.6233962620483102,183,0,183,0.0,0.9631578947368421,3.566684767927318,184,0,184,0.0,0.968421052631579,2.758531177193216,192,3,189,0.015625,0.9947368421052631,2.4257099500251416,198,9,189,0.045454545454545456,0.9947368421052631,1.285976
exp_cl,exp_cl,250,80,0.7,20,168,204,22,182,169,2,167,0.10784313725490197,0.9578947368421052,0.011834319526627219,0.8789473684210526,229,41,188,174,3,171,0.17903930131004367,0.9894736842105263,0.017241379310344827,0.9,3.7728388831086437,175,0,175,0.0,0.9210526315789473,3.4511620252442254,181,0,181,0.0,0.9526315789473684,2.56584203276103,195,5,190,0.02564102564102564,1.0,2.3814817722054427,211,21,190,0.0995260663507109,1.0,1.249789
exp_cl,exp_cl,250,80,0.7,20,169,199,20,179,149,3,146,0.10050251256281408,0.9421052631578948,0.020134228187919462,0.7684210526315789,220,39,181,163,4,159,0.17727272727272728,0.9526315789473684,0.024539877300613498,0.8368421052631579,3.6776228858972346,161,0,161,0.0,0.8473684210526315,3.5671326523850038,165,0,165,0.0,0.868421052631579,2.6044577787088,184,7,177,0.03804347826086957,0.9315789473684211,2.4188104633517358,198,17,181,0.08585858585858586,0.9526315789473684,1.096497
exp_cl,exp_cl,250,80,0.7,20,170,169,13,156,118,2,116,0.07692307692307693,0.8210526315789474,0.01694915254237288,0.6105263157894737,189,27,162,125,4,121,0.14285714285714285,0.8526315789473684,0.032,0.6368421052631579,3.7387159687152938,126,2,124,0.015873015873015872,0.6526315789473685,3.5562520470465335,133,2,131,0.015037593984962405,0.6894736842105263,2.6017676462002544,169,9,160,0.05325443786982249,0.8421052631578947,2.4077382832087038,178,12,166,0.06741573033707865,0.8736842105263158,1.149942
exp_cl,exp_cl,250,80,0.7,20,171,173,20,153,111,2,109,0.11560693641618497,0.8052631578947368,0.018018018018018018,0.5736842105263158,191,29,162,121,4,117,0.1518324607329843,0.8526315789473684,0.03305785123966942,0.6157894736842106,3.7747742873279364,114,0,114,0.0,0.6,3.5425291837603075,124,0,124,0.0,0.6526315789473685,2.524690677926414,175,10,165,0.05714285714285714,0.868421052631579,2.352859679576401,191,20,171,0.10471204188481675,0.9,1.312789
exp_cl,exp_cl,250,80,0.7,20,172,151,12,139,87,0,87,0.07947019867549669,0.7315789473684211,0.0,0.45789473684210524,174,25,149,104,0,104,0.14367816091954022,0.7842105263157895,0.0,0.5473684210526316,3.81386554728447,101,0,101,0.0,0.531578947368421,3.6358253891334704,111,0,111,0.0,0.5842105263157895,2.556806494804062,142,3,139,0.02112676056338028,0.7315789473684211,2.379687765288984,162,13,149,0.08024691358024691,0.7842105263157895,1.21012
exp_cl,exp_cl,250,80,0.7,20,173,172,13,159,130,1,129,0.0755813953488372,0.8368421052631579,0.007692307692307693,0.6789473684210526,196,30,166,141,1,140,0.15306122448979592,0.8736842105263158,0.0070921985815602835,0.7368421052631579,3.712706156277384,136,0,136,0.0,0.7157894736842105,3.5640517378408454,140,0,140,0.0,0.7368421052631579,2.533681458004164,173,4,169,0.023121387283236993,0.8894736842105263,2.3501985989342127,194,15,179,0.07731958762886598,0.9421052631578948,1.146985
exp_cl,exp_cl,250,80,0.7,20,174,208,21,187,178,4,174,0.10096153846153846,0.9842105263157894,0.02247191011235955,0.9157894736842105,225,37,188,188,6,182,0.16444444444444445,0.9894736842105263,0.031914893617021274,0.9578947368421052,3.6403991358625496,187,0,187,0.0,0.9842105263157894,3.6403991358625496,187,0,187,0.0,0.9842105263157894,2.644302530085766,196,7,189,0.03571428571428571,0.9947368421052631,2.4316102204028778,206,17,189,0.0825242718446602,0.9947368421052631,1.126045
exp_cl,exp_cl,250,80,0.7,20,175,197,15,182,168,2,166,0.07614213197969544,0.9578947368421052,0.011904761904761904,0.8736842105263158,217,32,185,175,5,170,0.14746543778801843,0.9736842105263158,0.02857142857142857,0.8947368421052632,3.665627718228831,174,1,173,0.005747126436781609,0.9105263157894737,3.4483130760134317,178,1,177,0.0056179775280898875,0.9315789473684211,2.5468540609014685,192,6,186,0.03125,0.9789473684210527,2.357682303198372,201,15,186,0.07462686567164178,0.9789473684210527,1.326536
exp_cl,exp_cl,250,80,0.7,20,176,201,19,182,167,2,165,0.0945273631840796,0.9578947368421052,0.011976047904191617,0.868421052631579,219,35,184,174,5,169,0.1598173515981735,0.968421052631579,0.028735632183908046,0.8894736842105263,3.6810787886241862,170,1,169,0.0058823529411764705,0.8894736842105263,3.4560994161324783,175,1,174,0.005714285714285714,0.9157894736842105,2.5423016720006686,192,5,187,0.026041666666666668,0.9842105263157894,2.332247465663677,205,17,188,0.08292682926829269,0.9894736842105263,1.424104
exp_cl,exp_cl,250,80,0.7,20,177,208,19,189,195,6,189,0.09134615384615384,0.9947368421052631,0.03076923076923077,0.9947368421052631,224,34,190,196,7,189,0.15178571428571427,1.0,0.03571428571428571,0.9947368421052631,3.7316223921258422,190,1,189,0.005263157894736842,0.9947368421052631,3.7316223921258422,190,1,189,0.005263157894736842,0.9947368421052631,2.712116672923718,197,7,190,0.03553299492385787,1.0,2.5122538988976544,199,9,190,0.04522613065326633,1.0,1.116667
exp_cl,exp_cl,250,80,0.7,20,178,198,17,181,164,2,162,0.08585858585858586,0.9526315789473684,0.012195121951219513,0.8526315789473684,225,42,183,180,6,174,0.18666666666666668,0.9631578947368421,0.03333333333333333,0.9157894736842105,3.629717577204086,178,1,177,0.0056179775280898875,0.9315789473684211,3.5943037171566257,179,1,178,0.00558659217877095,0.9368421052631579,2.5252216213477374,196,11,185,0.05612244897959184,0.9736842105263158,2.363823592055599,205,20,185,0.0975609756097561,0.9736842105263158,1.187317
exp_cl,exp_cl,250,80,0.7,20,179,200,22,178,167,3,164,0.11,0.9368421052631579,0.017964071856287425,0.8631578947368421,238,53,185,176,9,167,0.22268907563025211,0.9736842105263158,0.05113636363636364,0.8789473684210526,3.723325949843846,171,1,170,0.005847953216374269,0.8947368421052632,3.462018160097955,177,1,176,0.005649717514124294,0.9263157894736842,2.5901156243752586,194,8,186,0.041237113402061855,0.9789473684210527,2.371332462250054,207,21,186,0.10144927536231885,0.9789473684210527,1.108179
exp_cl,exp_cl,250,80,0.7,20,180,177,25,152,118,3,115,0.14124293785310735,0.8,0.025423728813559324,0.6052631578947368,206,42,164,133,5,128,0.20388349514563106,0.8631578947368421,0.03759398496240601,0.6736842105263158,3.739902900335942,117,0,117,0.0,0.6157894736842106,3.581812656126996,125,0,125,0.0,0.6578947368421053,2.495386088295671,165,10,155,0.06060606060606061,0.8157894736842105,2.3238891297794115,183,22,161,0.12021857923497267,0.8473684210526315,1.410065
exp_cl,exp_cl,250,80,0.7,20,181,185,19,166,141,4,137,0.10270270270270271,0.8736842105263158,0.028368794326241134,0.7210526315789474,208,36,172,150,4,146,0.17307692307692307,0.9052631578947369,0.02666666666666667,0.7684210526315789,3.683345429035671,150,2,148,0.013333333333333334,0.7789473684210526,3.515422772582781,156,2,154,0.01282051282051282,0.8105263157894737,2.528103679393261,179,7,172,0.03910614525139665,0.9052631578947369,2.35679182223102,191,17,174,0.08900523560209424,0.9157894736842105,1.103181
exp_cl,exp_cl,250,80,0.7,20,182,204,21,183,177,3,174,0.10294117647058823,0.9631578947368421,0.01694915254237288,0.9157894736842105,223,39,184,184,6,178,0.17488789237668162,0.968421052631579,0.03260869565217391,0.9368421052631579,3.661356236459535,182,2,180,0.01098901098901099,0.9473684210526315,3.5878126435106736,184,2,182,0.010869565217391304,0.9578947368421052,2.6061816751869804,196,8,188,0.04081632653061224,0.9894736842105263,2.3898203283245225,210,20,190,0.09523809523809523,1.0,1.08732
exp_cl,exp_cl,250,80,0.7,20,183,138,14,124,66,0,66,0.10144927536231885,0.6526315789473685,0.0,0.3473684210526316,169,33,136,91,1,90,0.1952662721893491,0.7157894736842105,0.01098901098901099,0.47368421052631576,3.8710042978760857,70,0,70,0.0,0.3684210526315789,3.650371494835201,82,0,82,0.0,0.43157894736842106,2.5465866855686894,141,8,133,0.05673758865248227,0.7,2.3926796853309282,160,14,146,0.0875,0.7684210526315789,1.133936
exp_cl,exp_cl,250,80,0.7,20,184,178,18,160,126,4,122,0.10112359550561797,0.8421052631578947,0.031746031746031744,0.6421052631578947,205,33,172,142,7,135,0.16097560975609757,0.9052631578947369,0.04929577464788732,0.7105263157894737,3.7676153707711406,134,0,134,0.0,0.7052631578947368,3.503389070097995,148,0,148,0.0,0.7789473684210526,2.554806093575124,186,11,175,0.05913978494623656,0.9210526315789473,2.3937316159919697,199,21,178,0.10552763819095477,0.9368421052631579,1.343986
exp_cl,exp_cl,250,80,0.7,20,185,201,16,185,173,0,173,0.07960199004975124,0.9736842105263158,0.0,0.9105263157894737,216,30,186,180,1,179,0.1388888888888889,0.9789473684210527,0.005555555555555556,0.9421052631578948,3.626047094800699,181,0,181,0.0,0.9526315789473684,3.4913728832023265,184,0,184,0.0,0.968421052631579,2.660516535269167,189,0,189,0.0,0.9947368421052631,2.4413387674540132,196,7,189,0.03571428571428571,0.9947368421052631,1.267908
exp_cl,exp_cl,250,80,0.7,20,186,175,17,158,108,0,108,0.09714285714285714,0.8315789473684211,0.0,0.5684210526315789,204,39,165,118,2,116,0.19117647058823528,0.868421052631579,0.01694915254237288,0.6105263157894737,3.752755618963429,117,0,117,0.0,0.6157894736842106,3.528967759863309,131,0,131,0.0,0.6894736842105263,2.545015337729588,172,7,165,0.040697674418604654,0.868421052631579,2.367316503198684,186,17,169,0.0913978494623656,0.8894736842105263,1.10358
exp_cl,exp_cl,250,80,0.7,20,187,176,12,164,132,3,129,0.06818181818181818,0.8631578947368421,0.022727272727272728,0.6789473684210526,196,24,172,144,4,140,0.12244897959183673,0.9052631578947369,0.027777777777777776,0.7368421052631579,3.6749929228421068,149,1,148,0.006711409395973154,0.7789473684210526,3.516125104280372,158,1,157,0.006329113924050633,0.8263157894736842,2.4926860053088684,184,7,177,0.03804347826086957,0.9315789473684211,2.3710449518916574,192,14,178,0.07291666666666667,0.9368421052631579,1.107614
exp_cl,exp_cl,250,80,0.7,20,188,204,19,185,182,4,178,0.09313725490196079,0.9736842105263158,0.02197802197802198,0.9368421052631579,216,30,186,188,7,181,0.1388888888888889,0.9789473684210527,0.03723404255319149,0.9526315789473684,3.6381974211530355,185,0,185,0.0,0.9736842105263158,3.5729380790356724,186,1,185,0.005376344086021506,0.9736842105263158,2.95836135780543,189,2,187,0.010582010582010581,0.9842105263157894,2.5357131484790236,197,8,189,0.04060913705583756,0.9947368421052631,1.358228
exp_cl,exp_cl,250,80,0.7,20,189,206,17,189,190,1,189,0.0825242718446602,0.9947368421052631,0.005263157894736842,0.9947368421052631,221,31,190,194,5,189,0.14027149321266968,1.0,0.02577319587628866,0.9947368421052631,4.74445780382903,189,0,189,0.0,0.9947368421052631,4.74445780382903,189,0,189,0.0,0.9947368421052631,2.738112186481294,193,3,190,0.015544041450777202,1.0,2.4939520453211714,202,12,190,0.0594059405940594,1.0,1.220577
exp_cl,exp_cl,250,80,0.7,20,190,207,18,189,194,5,189,0.08695652173913043,0.9947368421052631,0.02577319587628866,0.9947368421052631,224,35,189,196,7,189,0.15625,0.9947368421052631,0.03571428571428571,0.9947368421052631,3.6633966941056033,191,2,189,0.010471204188481676,0.9947368421052631,3.6633966941056033,191,2,189,0.010471204188481676,0.9947368421052631,2.9805649270330936,193,3,190,0.015544041450777202,1.0,2.528255165456207,201,11,190,0.05472636815920398,1.0,1.184136
exp_cl,exp_cl,250,80,0.7,20,191,159,19,140,100,2,98,0.11949685534591195,0.7368421052631579,0.02,0.5157894736842106,194,38,156,119,6,113,0.1958762886597938,0.8210526315789474,0.05042016806722689,0.5947368421052631,3.755789393008881,110,0,110,0.0,0.5789473684210527,3.5506345409811075,123,0,123,0.0,0.6473684210526316,2.5415725750796545,166,11,155,0.06626506024096386,0.8157894736842105,2.374613689687167,183,20,163,0.1092896174863388,0.8578947368421053,1.114585
exp_cl,exp_cl,250,80,0.7,20,192,168,16,152,120,4,116,0.09523809523809523,0.8,0.03333333333333333,0.6105263157894737,188,25,163,133,4,129,0.13297872340425532,0.8578947368421053,0.03007518796992481,0.6789473684210526,3.7153289155622873,130,0,130,0.0,0.6842105263157895,3.5527487106339812,140,1,139,0.007142857142857143,0.7315789473684211,2.526718715081382,174,7,167,0.040229885057471264,0.8789473684210526,2.366119104975794,188,18,170,0.09574468085106383,0.8947368421052632,1.080796
exp_cl,exp_cl,250,80,0.7,20,193,190,19,171,144,5,139,0.1,0.9,0.034722222222222224,0.7315789473684211,213,37,176,152,6,146,0.17370892018779344,0.9263157894736842,0.039473684210526314,0.7684210526315789,3.675599548405696,153,1,152,0.006535947712418301,0.8,3.482033827073353,159,1,158,0.006289308176100629,0.8315789473684211,2.503249094374403,191,11,180,0.05759162303664921,0.9473684210526315,2.3387536712357404,204,20,184,0.09803921568627451,0.968421052631579,1.432772
exp_cl,exp_cl,250,80,0.7,20,194,226,36,190,196,8,188,0.1592920353982301,1.0,0.04081632653061224,0.9894736842105263,234,44,190,201,12,189,0.18803418803418803,1.0,0.05970149253731343,0.9947368421052631,4.10276805972285,189,0,189,0.0,0.9947368421052631,3.4918304766953883,190,0,190,0.0,1.0,2.7620559155530753,196,6,190,0.030612244897959183,1.0,2.457983634351729,209,19,190,0.09090909090909091,1.0,1.194229
exp_cl,exp_cl,250,80,0.7,20,195,212,25,187,185,5,180,0.1179245283018868,0.9842105263157894,0.02702702702702703,0.9473684210526315,235,47,188,190,7,183,0.2,0.9894736842105263,0.03684210526315789,0.9631578947368421,3.765137284335443,186,1,185,0.005376344086021506,0.9736842105263158,3.765137284335443,186,1,185,0.005376344086021506,0.9736842105263158,2.903075623605209,191,2,189,0.010471204188481676,0.9947368421052631,2.426661225088028,201,12,189,0.05970149253731343,0.9947368421052631,1.200768
exp_cl,exp_cl,250,80,0.7,20,196,200,15,185,168,1,167,0.075,0.9736842105263158,0.005952380952380952,0.8789473684210526,218,31,187,179,4,175,0.14220183486238533,0.9842105263157894,0.0223463687150838,0.9210526315789473,3.6559552532920256,182,0,182,0.0,0.9578947368421052,3.450568391578536,187,1,186,0.0053475935828877,0.9789473684210527,2.683681033317271,193,5,188,0.025906735751295335,0.9894736842105263,2.414691290568154,203,15,188,0.07389162561576355,0.9894736842105263,1.107163
exp_cl,exp_cl,250,80,0.7,20,197,215,25,190,193,4,189,0.11627906976744186,1.0,0.02072538860103627,0.9947368421052631,232,42,190,196,7,189,0.1810344827586207,1.0,0.03571428571428571,0.9947368421052631,3.860496545895465,190,0,190,0.0,1.0,3.426516887671424,191,1,190,0.005235602094240838,1.0,6.200987716731437,186,0,186,0.0,0.9789473684210527,4.703154231812954,189,0,189,0.0,0.9947368421052631,1.16189
exp_cl,exp_cl,250,80,0.7,20,198,204,21,183,178,2,176,0.10294117647058823,0.9631578947368421,0.011235955056179775,0.9263157894736842,234,48,186,184,4,180,0.20512820512820512,0.9789473684210527,0.021739130434782608,0.9473684210526315,3.7494107177578955,182,0,182,0.0,0.9578947368421052,3.7494107177578955,182,0,182,0.0,0.9578947368421052,2.683828496012642,190,2,188,0.010526315789473684,0.9894736842105263,2.4242452741173373,201,13,188,0.06467661691542288,0.9894736842105263,1.213895
exp_cl,exp_cl,250,80,0.7,20,199,210,25,185,164,4,160,0.11904761904761904,0.9736842105263158,0.024390243902439025,0.8421052631578947,229,43,186,176,7,169,0.18777292576419213,0.9789473684210527,0.03977272727272727,0.8894736842105263,3.688574481788076,172,0,172,0.0,0.9052631578947369,3.4452575959550447,179,0,179,0.0,0.9421052631578948,2.5168750251722236,198,12,186,0.06060606060606061,0.9789473684210527,2.3353435683935917,208,22,186,0.10576923076923077,0.9789473684210527,1.143388
exp_cl,exp_cl,250,80,0.7,20,200,187,21,166,136,2,134,0.11229946524064172,0.8736842105263158,0.014705882352941176,0.7052631578947368,221,41,180,149,5,144,0.18552036199095023,0.9473684210526315,0.03355704697986577,0.7578947368421053,3.6936222953190754,145,0,145,0.0,0.7631578947368421,3.513493711870825,150,0,150,0.0,0.7894736842105263,2.5139406721576734,187,8,179,0.0427807486631016,0.9421052631578948,2.3611226112024823,199,18,181,0.09045226130653267,0.9526315789473684,1.135327
exp_cl,exp_cl,250,80,0.7,20,201,210,22,188,186,1,185,0.10476190476190476,0.9894736842105263,0.005376344086021506,0.9736842105263158,234,44,190,192,5,187,0.18803418803418803,1.0,0.026041666666666668,0.9842105263157894,3.6227200833126996,189,0,189,0.0,0.9947368421052631,3.6227200833126996,189,0,189,0.0,0.9947368421052631,2.72249886886247,194,4,190,0.020618556701030927,1.0,2.474744455502124,203,13,190,0.06403940886699508,1.0,1.39952
exp_cl,exp_cl,250,80,0.7,20,202,204,14,190,185,2,183,0.06862745098039216,1.0,0.010810810810810811,0.9631578947368421,221,31,190,192,4,188,0.14027149321266968,1.0,0.020833333333333332,0.9894736842105263,3.7520177648867334,188,0,188,0.0,0.9894736842105263,3.457310418237211,190,0,190,0.0,1.0,2.732268035148936,192,2,190,0.010416666666666666,1.0,2.532370449875985,199,9,190,0.04522613065326633,1.0,1.148433
exp_cl,exp_cl,250,80,0.7,20,203,203,25,178,162,3,159,0.12315270935960591,0.9368421052631579,0.018518518518518517,0.8368421052631579,224,41,183,169,4,165,0.18303571428571427,0.9631578947368421,0.023668639053254437,0.868421052631579,3.633808646052366,175,1,174,0.005714285714285714,0.9157894736842105,3.4724657995924852,177,1,176,0.005649717514124294,0.9263157894736842,2.6150653001649653,186,5,181,0.026881720430107527,0.9526315789473684,2.405878071657803,207,22,185,0.10628019323671498,0.9736842105263158,1.242207
exp_cl,exp_cl,250,80,0.7,20,204,207,17,190,190,2,188,0.0821256038647343,1.0,0.010526315789473684,0.9894736842105263,222,32,190,193,4,189,0.14414414414414414,1.0,0.02072538860103627,0.9947368421052631,3.8097929429481776,191,1,190,0.005235602094240838,1.0,3.8097929429481776,191,1,190,0.005235602094240838,1.0,2.7126436573705193,193,3,190,0.015544041450777202,1.0,2.4280940883086934,200,10,190,0.05,1.0,1.087189
exp_cl,exp_cl,250,80,0.7,20,205,186,17,169,134,1,133,0.0913978494623656,0.8894736842105263,0.007462686567164179,0.7,211,33,178,150,2,148,0.15639810426540285,0.9368421052631579,0.013333333333333334,0.7789473684210526,3.68958090452708,140,0,140,0.0,0.7368421052631579,3.516494041703368,145,0,145,0.0,0.7631578947368421,2.512465001663273,176,3,173,0.017045454545454544,0.9105263157894737,2.3325224319909577,193,14,179,0.07253886010362694,0.9421052631578948,1.163248
exp_cl,exp_cl,250,80,0.7,20,206,204,21,183,166,1,165,0.10294117647058823,0.9631578947368421,0.006024096385542169,0.868421052631579,223,38,185,179,4,175,0.17040358744394618,0.9736842105263158,0.0223463687150838,0.9210526315789473,3.6473606078388046,176,0,176,0.0,0.9263157894736842,3.492732702098578,180,0,180,0.0,0.9473684210526315,2.5611255653843585,194,6,188,0.030927835051546393,0.9894736842105263,2.3787155398724664,206,17,189,0.0825242718446602,0.9947368421052631,1.36335
exp_cl,exp_cl,250,80,0.7,20,207,162,16,146,110,2,108,0.09876543209876543,0.7684210526315789,0.01818181818181818,0.5684210526315789,190,31,159,121,5,116,0.1631578947368421,0.8368421052631579,0.04132231404958678,0.6105263157894737,3.8176005407103313,103,1,102,0.009708737864077669,0.5368421052631579,3.6578084056900666,112,1,111,0.008928571428571428,0.5842105263157895,2.5338501235322926,155,8,147,0.05161290322580645,0.7736842105263158,2.369028709033141,168,14,154,0.08333333333333333,0.8105263157894737,1.097553
exp_cl,exp_cl,250,80,0.7,20,208,158,9,149,117,1,116,0.056962025316455694,0.7842105263157895,0.008547008547008548,0.6105263157894737,175,18,157,123,1,122,0.10285714285714286,0.8263157894736842,0.008130081300813009,0.6421052631578947,3.817211256024004,121,0,121,0.0,0.6368421052631579,3.5550604775682193,128,0,128,0.0,0.6736842105263158,2.519665044436698,161,4,157,0.024844720496894408,0.8263157894736842,2.3715323889346087,173,11,162,0.06358381502890173,0.8526315789473684,1.249654
exp_cl,exp_cl,250,80,0.7,20,209,201,15,186,164,3,161,0.07462686567164178,0.9789473684210527,0.018292682926829267,0.8473684210526315,214,26,188,172,4,168,0.12149532710280374,0.9894736842105263,0.023255813953488372,0.8842105263157894,3.662619155756087,174,0,174,0.0,0.9157894736842105,3.522353353594562,175,0,175,0.0,0.9210526315789473,2.487886643465888,193,8,185,0.04145077720207254,0.9736842105263158,2.3405234944819804,202,16,186,0.07920792079207921,0.9789473684210527,1.112945
exp_cl,exp_cl,250,80,0.7,20,210,200,14,186,184,1,183,0.07,0.9789473684210527,0.005434782608695652,0.9631578947368421,217,29,188,185,1,184,0.1336405529953917,0.9894736842105263,0.005405405405405406,0.968421052631579,3.6998340502442684,185,0,185,0.0,0.9736842105263158,3.573150851263566,186,0,186,0.0,0.9789473684210527,2.6404646571972537,192,3,189,0.015625,0.9947368421052631,2.50684681516873,198,9,189,0.045454545454545456,0.9947368421052631,1.488805
exp_cl,exp_cl,250,80,0.7,20,211,189,18,171,143,3,140,0.09523809523809523,0.9,0.02097902097902098,0.7368421052631579,209,35,174,157,4,153,0.1674641148325359,0.9157894736842105,0.025477707006369428,0.8052631578947368,3.6679033260400953,156,0,156,0.0,0.8210526315789474,3.4833379414837995,161,0,161,0.0,0.8473684210526315,2.5261683786477187,185,10,175,0.05405405405405406,0.9210526315789473,2.370092781485635,199,20,179,0.10050251256281408,0.9421052631578948,1.106825
exp_cl,exp_cl,250,80,0.7,20,212,76,13,63,10,1,9,0.17105263157894737,0.33157894736842103,0.1,0.04736842105263158,105,21,84,27,5,22,0.2,0.4421052631578947,0.18518518518518517,0.11578947368421053,4.26594406328632,15,1,14,0.06666666666666667,0.07368421052631578,3.997101809232533,22,1,21,0.045454545454545456,0.11052631578947368,2.7610146300015534,65,5,60,0.07692307692307693,0.3157894736842105,2.500000087464976,90,16,74,0.17777777777777778,0.3894736842105263,1.18963
exp_cl,exp_cl,250,80,0.7,20,213,212,22,190,190,2,188,0.10377358490566038,1.0,0.010526315789473684,0.9894736842105263,229,39,190,193,4,189,0.1703056768558952,1.0,0.02072538860103627,0.9947368421052631,3.8353633421954383,191,1,190,0.005235602094240838,1.0,3.8353633421954383,191,1,190,0.005235602094240838,1.0,2.7587623773154872,192,2,190,0.010416666666666666,1.0,2.435832209310462,199,9,190,0.04522613065326633,1.0,1.21348
exp_cl,exp_cl,250,80,0.7,20,214,184,21,163,123,2,121,0.11413043478260869,0.8578947368421053,0.016260162601626018,0.6368421052631579,209,37,172,138,3,135,0.17703349282296652,0.9052631578947369,0.021739130434782608,0.7105263157894737,3.7303448634309535,128,0,128,0.0,0.6736842105263158,3.559714817833125,138,0,138,0.0,0.7263157894736842,2.485990880344715,186,11,175,0.05913978494623656,0.9210526315789473,2.3392226384714117,197,19,178,0.09644670050761421,0.9368421052631579,1.173577
exp_cl,exp_cl,250,80,0.7,20,215,197,15,182,177,3,174,0.07614213197969544,0.9578947368421052,0.01694915254237288,0.9157894736842105,215,31,184,182,5,177,0.14418604651162792,0.968421052631579,0.027472527472527472,0.9315789473684211,3.7190433308680872,178,1,177,0.0056179775280898875,0.9315789473684211,3.5651118357340716,180,1,179,0.005555555555555556,0.9421052631578948,2.63907779883713,192,5,187,0.026041666666666668,0.9842105263157894,2.397321201366445,200,13,187,0.065,0.9842105263157894,1.184931
exp_cl,exp_cl,250,80,0.7,20,216,199,18,181,159,3,156,0.09045226130653267,0.9526315789473684,0.018867924528301886,0.8210526315789474,220,33,187,172,7,165,0.15,0.9842105263157894,0.040697674418604654,0.868421052631579,3.659613991776107,170,0,170,0.0,0.8947368421052632,3.4622273745556424,176,0,176,0.0,0.9263157894736842,2.5236190384907355,200,12,188,0.06,0.9894736842105263,2.3888670207664884,209,19,190,0.09090909090909091,1.0,1.11268
exp_cl,exp_cl,250,80,0.7,20,217,201,16,185,173,1,172,0.07960199004975124,0.9736842105263158,0.005780346820809248,0.9052631578947369,221,34,187,178,1,177,0.15384615384615385,0.9842105263157894,0.0056179775280898875,0.9315789473684211,3.6405342260206046,180,0,180,0.0,0.9473684210526315,3.4377010961025194,184,0,184,0.0,0.968421052631579,2.738825493557558,190,1,189,0.005263157894736842,0.9947368421052631,2.433555129543104,194,5,189,0.02577319587628866,0.9947368421052631,1.201347
exp_cl,exp_cl,250,80,0.7,20,218,211,21,190,188,2,186,0.0995260663507109,1.0,0.010638297872340425,0.9789473684210527,232,42,190,191,3,188,0.1810344827586207,1.0,0.015706806282722512,0.9894736842105263,3.8741189623786556,189,0,189,0.0,0.9947368421052631,3.6026287106377604,190,0,190,0.0,1.0,2.96743232405961,192,2,190,0.010416666666666666,1.0,2.454209109496912,201,11,190,0.05472636815920398,1.0,1.229484
exp_cl,exp_cl,250,80,0.7,20,219,204,16,188,176,1,175,0.0784313725490196,0.9894736842105263,0.005681818181818182,0.9210526315789473,217,28,189,186,3,183,0.12903225806451613,0.9947368421052631,0.016129032258064516,0.9631578947368421,3.7668696437817486,187,1,186,0.0053475935828877,0.9789473684210527,3.5141899309821487,189,1,188,0.005291005291005291,0.9894736842105263,3.29143480039724,190,1,189,0.005263157894736842,0.9947368421052631,2.4638167333102943,199,9,190,0.04522613065326633,1.0,1.279487
exp_cl,exp_cl,250,80,0.7,20,220,200,13,187,175,1,174,0.065,0.9842105263157894,0.005714285714285714,0.9157894736842105,222,33,189,182,4,178,0.14864864864864866,0.9947368421052631,0.02197802197802198,0.9368421052631579,3.6432008442428105,185,1,184,0.005405405405405406,0.968421052631579,3.530309587379031,186,1,185,0.005376344086021506,0.9736842105263158,2.6071697654309443,197,7,190,0.03553299492385787,1.0,2.420827243782347,200,10,190,0.05,1.0,1.207589
exp_cl,exp_cl,250,80,0.7,20,221,194,19,175,144,0,144,0.0979381443298969,0.9210526315789473,0.0,0.7578947368421053,208,29,179,154,1,153,0.13942307692307693,0.9421052631578948,0.006493506493506494,0.8052631578947368,3.662488260331551,156,0,156,0.0,0.8210526315789474,3.4961526131621614,164,0,164,0.0,0.8631578947368421,2.5284594392669972,188,5,183,0.026595744680851064,0.9631578947368421,2.3413235633399916,201,16,185,0.07960199004975124,0.9736842105263158,1.094174
exp_cl,exp_cl,250,80,0.7,20,222,217,27,190,186,3,183,0.12442396313364056,1.0,0.016129032258064516,0.9631578947368421,225,35,190,190,5,185,0.15555555555555556,1.0,0.02631578947368421,0.9736842105263158,3.6676077743424433,188,1,187,0.005319148936170213,0.9842105263157894,3.5619610135699986,191,1,190,0.005235602094240838,1.0,2.5688069020707083,197,7,190,0.03553299492385787,1.0,2.3602586906519005,212,22,190,0.10377358490566038,1.0,1.22059
exp_cl,exp_cl,250,80,0.7,20,223,195,14,181,155,0,155,0.07179487179487179,0.9526315789473684,0.0,0.8157894736842105,214,32,182,166,1,165,0.14953271028037382,0.9578947368421052,0.006024096385542169,0.868421052631579,3.645499007327514,169,0,169,0.0,0.8894736842105263,3.472030751384602,177,0,177,0.0,0.9315789473684211,2.5803056239683246,190,4,186,0.021052631578947368,0.9789473684210527,2.3954080688495045,200,13,187,0.065,0.9842105263157894,1.238466
exp_cl,exp_cl,250,80,0.7,20,224,203,22,181,170,2,168,0.10837438423645321,0.9526315789473684,0.011764705882352941,0.8842105263157894,227,43,184,177,6,171,0.1894273127753304,0.968421052631579,0.03389830508474576,0.9,3.6314156685571755,176,0,176,0.0,0.9263157894736842,3.4613067054997892,179,0,179,0.0,0.9421052631578948,2.5013084434031447,195,8,187,0.041025641025641026,0.9842105263157894,2.331656910763225,206,19,187,0.09223300970873786,0.9842105263157894,1.114082
exp_cl,exp_cl,250,80,0.7,20,225,185,16,169,117,2,115,0.08648648648648649,0.8894736842105263,0.017094017094017096,0.6052631578947368,219,40,179,127,2,125,0.182648401826484,0.9421052631578948,0.015748031496062992,0.6578947368421053,3.7369781695058917,123,0,123,0.0,0.6473684210526316,3.505335086487315,143,0,143,0.0,0.7526315789473684,2.557766691615257,173,6,167,0.03468208092485549,0.8789473684210526,2.349036407108088,189,15,174,0.07936507936507936,0.9157894736842105,1.219214
exp_cl,exp_cl,250,80,0.7,20,226,218,28,190,190,3,187,0.12844036697247707,1.0,0.015789473684210527,0.9842105263157894,242,52,190,194,6,188,0.21487603305785125,1.0,0.030927835051546393,0.9894736842105263,3.818391011292196,190,1,189,0.005263157894736842,0.9947368421052631,3.519353014416187,191,2,189,0.010471204188481676,0.9947368421052631,3.332400501725661,193,3,190,0.015544041450777202,1.0,2.5086095559749415,200,10,190,0.05,1.0,1.179496
exp_cl,exp_cl,250,80,0.7,20,227,202,15,187,188,3,185,0.07425742574257425,0.9842105263157894,0.015957446808510637,0.9736842105263158,220,33,187,191,6,185,0.15,0.9842105263157894,0.031413612565445025,0.9736842105263158,3.688295874556421,186,0,186,0.0,0.9789473684210527,3.440054239738262,187,0,187,0.0,0.9842105263157894,2.600615482607568,195,5,190,0.02564102564102564,1.0,2.3968328060156705,204,14,190,0.06862745098039216,1.0,1.355701
exp_cl,exp_cl,250,80,0.7,20,228,215,25,190,196,7,189,0.11627906976744186,1.0,0.03571428571428571,0.9947368421052631,232,42,190,197,8,189,0.1810344827586207,1.0,0.04060913705583756,0.9947368421052631,4.209434223530384,190,1,189,0.005263157894736842,0.9947368421052631,3.4712232401692047,191,1,190,0.005235602094240838,1.0,2.689163365559464,197,7,190,0.03553299492385787,1.0,2.4090721414335965,202,12,190,0.0594059405940594,1.0,1.178984
exp_cl,exp_cl,250,80,0.7,20,229,140,14,126,72,1,71,0.1,0.6631578947368421,0.013888888888888888,0.3736842105263158,156,23,133,81,2,79,0.14743589743589744,0.7,0.024691358024691357,0.41578947368421054,3.8720186039050475,76,0,76,0.0,0.4,3.6767801266375915,85,0,85,0.0,0.4473684210526316,2.56005400840526,133,3,130,0.022556390977443608,0.6842105263157895,2.3503722849573294,161,16,145,0.09937888198757763,0.7631578947368421,1.12566
exp_cl,exp_cl,250,80,0.7,20,230,199,15,184,172,2,170,0.07537688442211055,0.968421052631579,0.011627906976744186,0.8947368421052632,220,31,189,183,6,177,0.1409090909090909,0.9947368421052631,0.03278688524590164,0.9315789473684211,3.7432580524244905,178,0,178,0.0,0.9368421052631579,3.4466115677909572,182,0,182,0.0,0.9578947368421052,2.5322225815289703,197,7,190,0.03553299492385787,1.0,2.381400176362726,204,14,190,0.06862745098039216,1.0,1.20481
exp_cl,exp_cl,250,80,0.7,20,231,203,17,186,177,0,177,0.08374384236453201,0.9789473684210527,0.0,0.9315789473684211,222,34,188,181,1,180,0.15315315315315314,0.9894736842105263,0.0055248618784530384,0.9473684210526315,3.667397400568619,185,0,185,0.0,0.9736842105263158,3.5578616585634344,186,0,186,0.0,0.9789473684210527,2.7268673339758545,189,0,189,0.0,0.9947368421052631,2.5021176725600185,201,11,190,0.05472636815920398,1.0,1.270909
exp_cl,exp_cl,250,80,0.7,20,232,217,29,188,184,4,180,0.1336405529953917,0.9894736842105263,0.021739130434782608,0.9473684210526315,240,51,189,188,7,181,0.2125,0.9947368421052631,0.03723404255319149,0.9526315789473684,3.653523743221959,189,1,188,0.005291005291005291,0.9894736842105263,3.653523743221959,189,1,188,0.005291005291005291,0.9894736842105263,2.593973348612941,199,9,190,0.04522613065326633,1.0,2.3685021642689428,218,28,190,0.12844036697247707,1.0,1.108018
exp_cl,exp_cl,250,80,0.7,20,233,204,21,183,175,1,174,0.10294117647058823,0.9631578947368421,0.005714285714285714,0.9157894736842105,231,44,187,177,1,176,0.19047619047619047,0.9842105263157894,0.005649717514124294,0.9263157894736842,3.629387125712414,178,0,178,0.0,0.9368421052631579,3.4532788689585447,181,0,181,0.0,0.9526315789473684,2.7014374232022904,190,1,189,0.005263157894736842,0.9947368421052631,2.4240372194965576,203,13,190,0.06403940886699508,1.0,1.153176
exp_cl,exp_cl,250,80,0.7,20,234,192,13,179,171,1,170,0.06770833333333333,0.9421052631578948,0.005847953216374269,0.8947368421052632,221,36,185,178,3,175,0.16289592760180996,0.9736842105263158,0.016853932584269662,0.9210526315789473,3.6982095169052562,174,0,174,0.0,0.9157894736842105,3.5584367701432535,175,0,175,0.0,0.9210526315789473,2.8541510849660323,184,1,183,0.005434782608695652,0.9631578947368421,2.5029983205028787,190,4,186,0.021052631578947368,0.9789473684210527,1.113132
exp_cl,exp_cl,250,80,0.7,20,235,191,22,169,143,3,140,0.11518324607329843,0.8894736842105263,0.02097902097902098,0.7368421052631579,220,44,176,153,4,149,0.2,0.9263157894736842,0.026143790849673203,0.7842105263157895,3.7416034513994125,147,0,147,0.0,0.7736842105263158,3.5317980729467506,156,0,156,0.0,0.8210526315789474,2.472046630072369,189,12,177,0.06349206349206349,0.9315789473684211,2.325665335656361,201,23,178,0.11442786069651742,0.9368421052631579,1.237944
exp_cl,exp_cl,250,80,0.7,20,236,138,13,125,86,2,84,0.09420289855072464,0.6578947368421053,0.023255813953488372,0.4421052631578947,164,32,132,94,3,91,0.1951219512195122,0.6947368421052632,0.031914893617021274,0.4789473684210526,3.83111316584539,92,2,90,0.021739130434782608,0.47368421052631576,3.5977066955339563,103,2,101,0.019417475728155338,0.531578947368421,2.576511536607023,135,6,129,0.044444444444444446,0.6789473684210526,2.4029864372371317,160,21,139,0.13125,0.7315789473684211,1.453607
exp_cl,exp_cl,250,80,0.7,20,237,217,27,190,190,6,184,0.12442396313364056,1.0,0.031578947368421054,0.968421052631579,232,42,190,194,8,186,0.1810344827586207,1.0,0.041237113402061855,0.9789473684210527,3.6143756929493573,188,0,188,0.0,0.9894736842105263,3.5730682429477962,189,0,189,0.0,0.9947368421052631,2.5308814518091363,199,9,190,0.04522613065326633,1.0,2.355279297125445,207,17,190,0.0821256038647343,1.0,1.113995
exp_cl,exp_cl,250,80,0.7,20,238,213,24,189,187,1,186,0.11267605633802817,0.9947368421052631,0.0053475935828877,0.9789473684210527,222,33,189,194,6,188,0.14864864864864866,0.9947368421052631,0.030927835051546393,0.9894736842105263,3.8631580445732157,189,1,188,0.005291005291005291,0.9894736842105263,3.469177762285752,190,1,189,0.005263157894736842,0.9947368421052631,3.469177762285752,190,1,189,0.005263157894736842,0.9947368421052631,2.6274939298428635,195,5,190,0.02564102564102564,1.0,1.245262
exp_cl,exp_cl,250,80,0.7,20,239,206,16,190,192,3,189,0.07766990291262135,1.0,0.015625,0.9947368421052631,219,29,190,193,4,189,0.1324200913242009,1.0,0.02072538860103627,0.9947368421052631,4.310265061377711,189,0,189,0.0,0.9947368421052631,3.457259020914756,190,0,190,0.0,1.0,2.828713797586478,191,1,190,0.005235602094240838,1.0,2.5101110397009383,196,6,190,0.030612244897959183,1.0,1.121787
exp_cl,exp_cl,250,80,0.7,20,240,199,17,182,169,3,166,0.08542713567839195,0.9578947368421052,0.01775147928994083,0.8736842105263158,219,36,183,179,6,173,0.1643835616438356,0.9631578947368421,0.0335195530726257,0.9105263157894737,3.67187932175419,174,0,174,0.0,0.9157894736842105,3.4556991245204,178,0,178,0.0,0.9368421052631579,2.6146944752201464,192,4,188,0.020833333333333332,0.9894736842105263,2.4484831296573315,198,10,188,0.050505050505050504,0.9894736842105263,1.312018
exp_cl,exp_cl,250,80,0.7,20,241,184,20,164,129,2,127,0.10869565217391304,0.8631578947368421,0.015503875968992248,0.6684210526315789,195,28,167,147,4,143,0.14358974358974358,0.8789473684210526,0.027210884353741496,0.7526315789473684,3.7501833090302683,138,0,138,0.0,0.7263157894736842,3.549482840369193,145,0,145,0.0,0.7631578947368421,2.5032053975390123,180,11,169,0.06111111111111111,0.8894736842105263,2.3534229531467474,189,17,172,0.08994708994708994,0.9052631578947369,1.143132
exp_cl,exp_cl,250,80,0.7,20,242,157,13,144,94,0,94,0.08280254777070063,0.7578947368421053,0.0,0.49473684210526314,179,28,151,108,1,107,0.1564245810055866,0.7947368421052632,0.009259259259259259,0.5631578947368421,3.781144820334021,100,0,100,0.0,0.5263157894736842,3.58247663243259,107,0,107,0.0,0.5631578947368421,2.481839139794875,161,5,156,0.031055900621118012,0.8210526315789474,2.3420953177701223,173,13,160,0.07514450867052024,0.8421052631578947,1.101499
exp_cl,exp_cl,250,80,0.7,20,243,202,17,185,168,1,167,0.08415841584158416,0.9736842105263158,0.005952380952380952,0.8789473684210526,218,32,186,180,3,177,0.14678899082568808,0.9789473684210527,0.016666666666666666,0.9315789473684211,3.639051038665876,177,0,177,0.0,0.9315789473684211,3.4454615072422086,178,0,178,0.0,0.9368421052631579,2.684566115632703,187,2,185,0.0106951871657754,0.9736842105263158,2.4236102091378924,194,8,186,0.041237113402061855,0.9789473684210527,1.177744
exp_cl,exp_cl,250,80,0.7,20,244,200,13,187,180,1,179,0.065,0.9842105263157894,0.005555555555555556,0.9421052631578948,219,32,187,184,2,182,0.1461187214611872,0.9842105263157894,0.010869565217391304,0.9578947368421052,3.78932272778877,186,0,186,0.0,0.9789473684210527,3.554805075727785,187,0,187,0.0,0.9842105263157894,2.5588377924394323,190,2,188,0.010526315789473684,0.9894736842105263,2.388933226044236,199,11,188,0.05527638190954774,0.9894736842105263,1.257828
exp_cl,exp_cl,250,80,0.7,20,245,205,21,184,176,3,173,0.1024390243902439,0.968421052631579,0.017045454545454544,0.9105263157894737,222,37,185,185,7,178,0.16666666666666666,0.9736842105263158,0.03783783783783784,0.9368421052631579,3.7040517622877918,181,0,181,0.0,0.9526315789473684,3.546095944795447,184,0,184,0.0,0.968421052631579,2.614438299830148,199,11,188,0.05527638190954774,0.9894736842105263,2.401815791270267,210,21,189,0.1,0.9947368421052631,1.374511
exp_cl,exp_cl,250,80,0.7,20,246,156,21,135,91,3,88,0.1346153846153846,0.7105263157894737,0.03296703296703297,0.4631578947368421,195,44,151,105,3,102,0.22564102564102564,0.7947368421052632,0.02857142857142857,0.5368421052631579,3.7716940049797,101,0,101,0.0,0.531578947368421,3.5805125566421294,115,0,115,0.0,0.6052631578947368,2.5159737554643047,158,12,146,0.0759493670886076,0.7684210526315789,2.365250023202335,174,22,152,0.12643678160919541,0.8,1.110804
exp_cl,exp_cl,250,80,0.7,20,247,203,23,180,167,3,164,0.11330049261083744,0.9473684210526315,0.017964071856287425,0.8631578947368421,234,49,185,172,4,168,0.2094017094017094,0.9736842105263158,0.023255813953488372,0.8842105263157894,3.675142194715155,169,0,169,0.0,0.8894736842105263,3.4685098387893416,173,0,173,0.0,0.9105263157894737,2.614562239571855,189,4,185,0.021164021164021163,0.9736842105263158,2.339933436893506,200,15,185,0.075,0.9736842105263158,1.112859
exp_cl,exp_cl,250,80,0.7,20,248,196,12,184,166,2,164,0.061224489795918366,0.968421052631579,0.012048192771084338,0.8631578947368421,214,27,187,176,3,173,0.1261682242990654,0.9842105263157894,0.017045454545454544,0.9105263157894737,3.6533007480202397,177,1,176,0.005649717514124294,0.9263157894736842,3.441519421613277,182,1,181,0.005494505494505495,0.9526315789473684,2.5241451865951996,192,3,189,0.015625,0.9947368421052631,2.3258892505122977,197,7,190,0.03553299492385787,1.0,1.219904
exp_cl,exp_cl,250,80,0.7,20,249,193,13,180,169,3,166,0.06735751295336788,0.9473684210526315,0.01775147928994083,0.8736842105263158,213,30,183,180,5,175,0.14084507042253522,0.9631578947368421,0.027777777777777776,0.9210526315789473,3.6411323404089515,177,0,177,0.0,0.9315789473684211,3.5501260659725333,180,0,180,0.0,0.9473684210526315,2.646998729148137,190,4,186,0.021052631578947368,0.9789473684210527,2.4265378558112736,198,12,186,0.06060606060606061,0.9789473684210527,1.086484
exp_cl,exp_cl,250,80,0.7,20,250,184,18,166,142,1,141,0.09782608695652174,0.8736842105263158,0.007042253521126761,0.7421052631578947,199,29,170,152,4,148,0.1457286432160804,0.8947368421052632,0.02631578947368421,0.7789473684210526,3.726371537963634,144,1,143,0.006944444444444444,0.7526315789473684,3.513748163954947,148,1,147,0.006756756756756757,0.7736842105263158,2.5270121078740733,177,6,171,0.03389830508474576,0.9,2.3555914061260883,193,17,176,0.08808290155440414,0.9263157894736842,1.284306
exp_cl,exp_cl,250,80,0.7,20,251,191,21,170,160,4,156,0.1099476439790576,0.8947368421052632,0.025,0.8210526315789474,213,35,178,169,5,164,0.1643192488262911,0.9368421052631579,0.029585798816568046,0.8631578947368421,3.6947291726260185,162,0,162,0.0,0.8526315789473684,3.5485258454328488,165,0,165,0.0,0.868421052631579,2.751914938637584,183,4,179,0.02185792349726776,0.9421052631578948,2.442881849075692,195,15,180,0.07692307692307693,0.9473684210526315,1.093329
exp_cl,exp_cl,250,80,0.7,20,252,201,12,189,187,0,187,0.05970149253731343,0.9947368421052631,0.0,0.9842105263157894,210,21,189,189,1,188,0.1,0.9947368421052631,0.005291005291005291,0.9894736842105263,3.7127275449557686,189,0,189,0.0,0.9947368421052631,3.7127275449557686,189,0,189,0.0,0.9947368421052631,3.0494429608839484,190,0,190,0.0,1.0,2.53321360193473,193,3,190,0.015544041450777202,1.0,1.124797
exp_cl,exp_cl,250,80,0.7,20,253,209,19,190,191,3,188,0.09090909090909091,1.0,0.015706806282722512,0.9894736842105263,225,35,190,193,4,189,0.15555555555555556,1.0,0.02072538860103627,0.9947368421052631,4.352157836991488,189,0,189,0.0,0.9947368421052631,3.5837739217811735,190,0,190,0.0,1.0,2.7679043294756895,193,3,190,0.015544041450777202,1.0,2.482650090102285,199,9,190,0.04522613065326633,1.0,1.372195
exp_cl,exp_cl,250,80,0.7,20,254,199,18,181,172,3,169,0.09045226130653267,0.9526315789473684,0.01744186046511628,0.8894736842105263,220,36,184,178,6,172,0.16363636363636364,0.968421052631579,0.033707865168539325,0.9052631578947369,3.68236558313844,175,0,175,0.0,0.9210526315789473,3.47004384504228,178,0,178,0.0,0.9368421052631579,2.559224032118633,195,6,189,0.03076923076923077,0.9947368421052631,2.3786987679539178,204,15,189,0.07352941176470588,0.9947368421052631,1.140201
exp_cl,exp_cl,250,80,0.7,20,255,218,29,189,193,7,186,0.13302752293577982,0.9947368421052631,0.03626943005181347,0.9789473684210527,235,46,189,196,9,187,0.19574468085106383,0.9947368421052631,0.04591836734693878,0.9842105263157894,3.823758829554301,189,0,189,0.0,0.9947368421052631,3.823758829554301,189,0,189,0.0,0.9947368421052631,3.823758829554301,189,0,189,0.0,0.9947368421052631,2.946617540427775,191,1,190,0.005235602094240838,1.0,1.289693
exp_cl,exp_cl,250,80,0.7,20,256,210,20,190,191,2,189,0.09523809523809523,1.0,0.010471204188481676,0.9947368421052631,236,46,190,192,3,189,0.19491525423728814,1.0,0.015625,0.9947368421052631,3.8146131865370987,190,0,190,0.0,1.0,3.8146131865370987,190,0,190,0.0,1.0,2.7316540937329647,192,2,190,0.010416666666666666,1.0,2.4355324735684523,201,11,190,0.05472636815920398,1.0,1.233755
exp_cl,exp_cl,250,80,0.7,20,257,144,9,135,88,0,88,0.0625,0.7105263157894737,0.0,0.4631578947368421,161,15,146,108,1,107,0.09316770186335403,0.7684210526315789,0.009259259259259259,0.5631578947368421,3.791003819719217,109,0,109,0.0,0.5736842105263158,3.5542474117464264,120,0,120,0.0,0.631578947368421,2.559572630218677,148,4,144,0.02702702702702703,0.7578947368421053,2.376343201805043,160,10,150,0.0625,0.7894736842105263,1.163791
exp_cl,exp_cl,250,80,0.7,20,258,201,20,181,173,5,168,0.09950248756218906,0.9526315789473684,0.028901734104046242,0.8842105263157894,221,39,182,180,8,172,0.17647058823529413,0.9578947368421052,0.044444444444444446,0.9052631578947369,3.683088498956197,172,0,172,0.0,0.9052631578947369,3.5108584990986196,177,0,177,0.0,0.9315789473684211,2.4961448473092767,196,10,186,0.05102040816326531,0.9789473684210527,2.3361523624046305,207,19,188,0.09178743961352658,0.9894736842105263,1.179074
exp_cl,exp_cl,250,80,0.7,20,259,205,15,190,190,1,189,0.07317073170731707,1.0,0.005263157894736842,0.9947368421052631,229,39,190,192,2,190,0.1703056768558952,1.0,0.010416666666666666,1.0,3.8384008991964635,190,0,190,0.0,1.0,3.8384008991964635,190,0,190,0.0,1.0,2.886085617348004,191,1,190,0.005235602094240838,1.0,2.518095644792864,195,5,190,0.02564102564102564,1.0,1.213176
exp_cl,exp_cl,250,80,0.7,20,260,200,11,189,186,1,185,0.055,0.9947368421052631,0.005376344086021506,0.9736842105263158,214,24,190,189,2,187,0.11214953271028037,1.0,0.010582010582010581,0.9842105263157894,3.777252192843559,188,0,188,0.0,0.9894736842105263,3.4373224951510752,190,1,189,0.005263157894736842,0.9947368421052631,3.9940756853784682,187,0,187,0.0,0.9842105263157894,3.3459713375751536,191,1,190,0.005235602094240838,1.0,1.205026
exp_cl,exp_cl,250,80,0.7,20,261,200,25,175,154,1,153,0.125,0.9210526315789473,0.006493506493506494,0.8052631578947368,224,41,183,164,2,162,0.18303571428571427,0.9631578947368421,0.012195121951219513,0.8526315789473684,3.6533742836763143,166,0,166,0.0,0.8736842105263158,3.596760924254034,169,0,169,0.0,0.8894736842105263,2.490069425244115,194,11,183,0.05670103092783505,0.9631578947368421,2.3499400029516315,209,25,184,0.11961722488038277,0.968421052631579,1.188362
exp_cl,exp_cl,250,80,0.7,20,262,201,13,188,177,0,177,0.06467661691542288,0.9894736842105263,0.0,0.9315789473684211,218,29,189,181,1,180,0.13302752293577982,0.9947368421052631,0.0055248618784530384,0.9473684210526315,3.633626741829521,184,0,184,0.0,0.968421052631579,3.5012280171286854,187,0,187,0.0,0.9842105263157894,2.5955186018156806,192,2,190,0.010416666666666666,1.0,2.3704754466484643,202,12,190,0.0594059405940594,1.0,1.351195
exp_cl,exp_cl,250,80,0.7,20,263,161,16,145,82,2,80,0.09937888198757763,0.7631578947368421,0.024390243902439025,0.42105263157894735,178,29,149,105,3,102,0.16292134831460675,0.7842105263157895,0.02857142857142857,0.5368421052631579,3.837401191187725,84,0,84,0.0,0.4421052631578947,3.6292479736461107,94,0,94,0.0,0.49473684210526314,2.5757860594735664,143,8,135,0.055944055944055944,0.7105263157894737,2.3824462672216207,164,16,148,0.0975609756097561,0.7789473684210526,1.159016
exp_cl,exp_cl,250,80,0.7,20,264,200,13,187,186,5,181,0.065,0.9842105263157894,0.026881720430107527,0.9526315789473684,217,29,188,189,6,183,0.1336405529953917,0.9894736842105263,0.031746031746031744,0.9631578947368421,3.9352315153418895,186,1,185,0.005376344086021506,0.9736842105263158,3.545630488220972,188,1,187,0.005319148936170213,0.9842105263157894,2.5927688640085775,196,6,190,0.030612244897959183,1.0,2.404706211789079,202,12,190,0.0594059405940594,1.0,1.179999
exp_cl,exp_cl,250,80,0.7,20,265,180,15,165,128,3,125,0.08333333333333333,0.868421052631579,0.0234375,0.6578947368421053,202,31,171,143,3,140,0.15346534653465346,0.9,0.02097902097902098,0.7368421052631579,3.700717705390785,143,1,142,0.006993006993006993,0.7473684210526316,3.512750003054541,148,1,147,0.006756756756756757,0.7736842105263158,2.603294737520749,173,3,170,0.017341040462427744,0.8947368421052632,2.375913192267443,190,13,177,0.06842105263157895,0.9315789473684211,1.288166
exp_cl,exp_cl,250,80,0.7,20,266,206,16,190,183,1,182,0.07766990291262135,1.0,0.00546448087431694,0.9578947368421052,221,31,190,187,2,185,0.14027149321266968,1.0,0.0106951871657754,0.9736842105263158,3.613785713715518,190,0,190,0.0,1.0,3.613785713715518,190,0,190,0.0,1.0,2.647798939256255,193,3,190,0.015544041450777202,1.0,2.432431929207201,205,15,190,0.07317073170731707,1.0,1.127981
exp_cl,exp_cl,250,80,0.7,20,267,198,10,188,185,1,184,0.050505050505050504,0.9894736842105263,0.005405405405405406,0.968421052631579,209,20,189,191,3,188,0.09569377990430622,0.9947368421052631,0.015706806282722512,0.9894736842105263,4.123348353897879,188,0,188,0.0,0.9894736842105263,4.123348353897879,188,0,188,0.0,0.9894736842105263,2.5837138082870963,196,6,190,0.030612244897959183,1.0,2.4406682833089643,200,10,190,0.05,1.0,1.156751
exp_cl,exp_cl,250,80,0.7,20,268,206,26,180,176,4,172,0.1262135922330097,0.9473684210526315,0.022727272727272728,0.9052631578947369,231,48,183,180,6,174,0.2077922077922078,0.9631578947368421,0.03333333333333333,0.9157894736842105,3.898895264315502,174,0,174,0.0,0.9157894736842105,3.4721144538169133,177,0,177,0.0,0.9315789473684211,2.519149794845578,198,11,187,0.05555555555555555,0.9842105263157894,2.355380426884413,212,25,187,0.1179245283018868,0.9842105263157894,1.207624
exp_cl,exp_cl,250,80,0.7,20,269,170,10,160,132,0,132,0.058823529411764705,0.8421052631578947,0.0,0.6947368421052632,191,19,172,144,2,142,0.09947643979057591,0.9052631578947369,0.013888888888888888,0.7473684210526316,3.826804607432441,142,0,142,0.0,0.7473684210526316,3.5109438472685413,151,0,151,0.0,0.7947368421052632,2.583834813583147,178,5,173,0.028089887640449437,0.9105263157894737,2.499490284722341,186,10,176,0.053763440860215055,0.9263157894736842,1.13088
exp_cl,exp_cl,250,80,0.7,20,270,215,25,190,186,2,184,0.11627906976744186,1.0,0.010752688172043012,0.968421052631579,228,38,190,191,6,185,0.16666666666666666,1.0,0.031413612565445025,0.9736842105263158,3.6761550539826438,190,1,189,0.005263157894736842,0.9947368421052631,3.6761550539826438,190,1,189,0.005263157894736842,0.9947368421052631,2.587522289341691,197,7,190,0.03553299492385787,1.0,2.3921156138721544,209,19,190,0.09090909090909091,1.0,1.469357
exp_cl,exp_cl,250,80,0.7,20,271,206,25,181,172,3,169,0.12135922330097088,0.9526315789473684,0.01744186046511628,0.8894736842105263,230,45,185,182,9,173,0.1956521739130435,0.9736842105263158,0.04945054945054945,0.9105263157894737,3.6739839721021488,177,2,175,0.011299435028248588,0.9210526315789473,3.486978731179966,180,2,178,0.011111111111111112,0.9368421052631579,2.756228128185106,191,4,187,0.020942408376963352,0.9842105263157894,2.4228763031086706,205,17,188,0.08292682926829269,0.9894736842105263,1.130582
exp_cl,exp_cl,250,80,0.7,20,272,196,24,172,140,3,137,0.12244897959183673,0.9052631578947369,0.02142857142857143,0.7210526315789474,219,41,178,150,3,147,0.1872146118721461,0.9368421052631579,0.02,0.7736842105263158,3.6731958305896946,155,1,154,0.0064516129032258064,0.8105263157894737,3.5002804417420395,161,1,160,0.006211180124223602,0.8421052631578947,2.635019724309785,180,3,177,0.016666666666666666,0.9315789473684211,2.3867596446658514,199,18,181,0.09045226130653267,0.9526315789473684,1.169465
exp_cl,exp_cl,250,80,0.7,20,273,184,12,172,133,3,130,0.06521739130434782,0.9052631578947369,0.022556390977443608,0.6842105263157895,212,32,180,153,5,148,0.1509433962264151,0.9473684210526315,0.032679738562091505,0.7789473684210526,3.684305422000973,152,0,152,0.0,0.8,3.488944295748833,164,0,164,0.0,0.8631578947368421,2.5620861056770057,190,9,181,0.04736842105263158,0.9526315789473684,2.3996849268307154,195,13,182,0.06666666666666667,0.9578947368421052,1.235073
exp_cl,exp_cl,250,80,0.7,20,274,209,20,189,184,2,182,0.09569377990430622,0.9947368421052631,0.010869565217391304,0.9578947368421052,236,47,189,189,5,184,0.19915254237288135,0.9947368421052631,0.026455026455026454,0.968421052631579,3.656537940430116,187,0,187,0.0,0.9842105263157894,3.580509183634565,188,0,188,0.0,0.9894736842105263,2.674142501088596,194,4,190,0.020618556701030927,1.0,2.4537868570151096,198,8,190,0.04040404040404041,1.0,1.201685
exp_cl,exp_cl,250,80,0.7,20,275,203,16,187,180,3,177,0.07881773399014778,0.9842105263157894,0.016666666666666666,0.9315789473684211,225,36,189,182,4,178,0.16,0.9947368421052631,0.02197802197802198,0.9368421052631579,3.658141945128057,183,1,182,0.00546448087431694,0.9578947368421052,3.482745570973571,186,1,185,0.005376344086021506,0.9736842105263158,2.568277541584314,196,6,190,0.030612244897959183,1.0,2.3991575655328163,204,14,190,0.06862745098039216,1.0,1.251676
exp_cl,exp_cl,250,80,0.7,20,276,199,18,181,166,3,163,0.09045226130653267,0.9526315789473684,0.018072289156626505,0.8578947368421053,211,28,183,170,4,166,0.13270142180094788,0.9631578947368421,0.023529411764705882,0.8736842105263158,3.6414180142443104,170,0,170,0.0,0.8947368421052632,3.474139030049044,174,0,174,0.0,0.9157894736842105,2.7285905777637764,184,2,182,0.010869565217391304,0.9578947368421052,2.4473902084629278,196,11,185,0.05612244897959184,0.9736842105263158,1.121801
exp_cl,exp_cl,250,80,0.7,20,277,206,19,187,183,1,182,0.09223300970873786,0.9842105263157894,0.00546448087431694,0.9578947368421052,231,43,188,189,3,186,0.18614718614718614,0.9894736842105263,0.015873015873015872,0.9789473684210527,3.6168944038634416,187,0,187,0.0,0.9842105263157894,3.6168944038634416,187,0,187,0.0,0.9842105263157894,2.6626141132679764,192,4,188,0.020833333333333332,0.9894736842105263,2.4087074827959123,203,13,190,0.06403940886699508,1.0,1.263727
exp_cl,exp_cl,250,80,0.7,20,278,185,13,172,154,2,152,0.07027027027027027,0.9052631578947369,0.012987012987012988,0.8,210,30,180,162,2,160,0.14285714285714285,0.9473684210526315,0.012345679012345678,0.8421052631578947,3.75143292620483,160,0,160,0.0,0.8421052631578947,3.5186353375195085,165,0,165,0.0,0.868421052631579,2.6237227485133094,183,2,181,0.01092896174863388,0.9526315789473684,2.3581476322495543,194,12,182,0.061855670103092786,0.9578947368421052,1.203989
exp_cl,exp_cl,250,80,0.7,20,279,201,13,188,188,1,187,0.06467661691542288,0.9894736842105263,0.005319148936170213,0.9842105263157894,223,33,190,188,1,187,0.14798206278026907,1.0,0.005319148936170213,0.9842105263157894,3.7323919903276033,189,1,188,0.005291005291005291,0.9894736842105263,3.7323919903276033,189,1,188,0.005291005291005291,0.9894736842105263,3.2036737989060513,191,1,190,0.005235602094240838,1.0,2.5760756306593557,195,5,190,0.02564102564102564,1.0,1.269046
exp_cl,exp_cl,250,80,0.7,20,280,202,12,190,189,1,188,0.0594059405940594,1.0,0.005291005291005291,0.9894736842105263,219,29,190,193,3,190,0.1324200913242009,1.0,0.015544041450777202,1.0,3.9301709775366875,190,0,190,0.0,1.0,3.9301709775366875,190,0,190,0.0,1.0,2.575358814860611,195,5,190,0.02564102564102564,1.0,2.386943764943815,200,10,190,0.05,1.0,1.235156
exp_cl,exp_cl,250,80,0.7,20,281,194,14,180,167,0,167,0.07216494845360824,0.9473684210526315,0.0,0.8789473684210526,217,33,184,174,2,172,0.15207373271889402,0.968421052631579,0.011494252873563218,0.9052631578947369,3.6430101736907785,176,0,176,0.0,0.9263157894736842,3.5211377214590907,180,0,180,0.0,0.9473684210526315,2.5546746915573686,192,3,189,0.015625,0.9947368421052631,2.3688672169134395,204,14,190,0.06862745098039216,1.0,1.134856
exp_cl,exp_cl,250,80,0.7,20,282,191,18,173,146,4,142,0.09424083769633508,0.9105263157894737,0.0273972602739726,0.7473684210526316,218,39,179,164,7,157,0.17889908256880735,0.9421052631578948,0.042682926829268296,0.8263157894736842,3.694560400994635,155,0,155,0.0,0.8157894736842105,3.517248374730623,163,0,163,0.0,0.8578947368421053,2.5190755324428458,193,11,182,0.05699481865284974,0.9578947368421052,2.3617708485532907,205,22,183,0.1073170731707317,0.9631578947368421,1.343024
exp_cl,exp_cl,250,80,0.7,20,283,188,16,172,160,4,156,0.0851063829787234,0.9052631578947369,0.025,0.8210526315789474,214,38,176,167,4,163,0.17757009345794392,0.9263157894736842,0.023952095808383235,0.8578947368421053,3.6830313167213924,163,2,161,0.012269938650306749,0.8473684210526315,3.4929743111689144,166,2,164,0.012048192771084338,0.8631578947368421,2.5512511078142235,187,7,180,0.0374331550802139,0.9473684210526315,2.3769328188692547,193,11,182,0.05699481865284974,0.9578947368421052,1.131973
exp_cl,exp_cl,250,80,0.7,20,284,196,19,177,164,3,161,0.09693877551020408,0.9315789473684211,0.018292682926829267,0.8473684210526315,224,42,182,174,6,168,0.1875,0.9578947368421052,0.034482758620689655,0.8842105263157894,3.6741586238319344,173,1,172,0.005780346820809248,0.9052631578947369,3.571403530445727,174,1,173,0.005747126436781609,0.9105263157894737,2.53105277646992,199,13,186,0.06532663316582915,0.9789473684210527,2.377855798244804,206,19,187,0.09223300970873786,0.9842105263157894,1.108285
exp_cl,exp_cl,250,80,0.7,20,285,204,20,184,173,5,168,0.09803921568627451,0.968421052631579,0.028901734104046242,0.8842105263157894,225,38,187,176,6,170,0.1688888888888889,0.9842105263157894,0.03409090909090909,0.8947368421052632,3.6377992285623346,177,1,176,0.005649717514124294,0.9263157894736842,3.5225342298311677,178,1,177,0.0056179775280898875,0.9315789473684211,2.5137963583684697,195,7,188,0.035897435897435895,0.9894736842105263,2.341915811287706,208,20,188,0.09615384615384616,0.9894736842105263,1.224763
exp_cl,exp_cl,250,80,0.7,20,286,209,25,184,176,3,173,0.11961722488038277,0.968421052631579,0.017045454545454544,0.9105263157894737,224,38,186,182,5,177,0.16964285714285715,0.9789473684210527,0.027472527472527472,0.9315789473684211,3.6782628185571484,180,0,180,0.0,0.9473684210526315,3.467027442576416,182,0,182,0.0,0.9578947368421052,2.7425544756113003,191,5,186,0.02617801047120419,0.9789473684210527,2.3823314925993944,209,23,186,0.11004784688995216,0.9789473684210527,1.171435
exp_cl,exp_cl,250,80,0.7,20,287,185,16,169,134,1,133,0.08648648648648649,0.8894736842105263,0.007462686567164179,0.7,206,29,177,146,3,143,0.1407766990291262,0.9315789473684211,0.02054794520547945,0.7526315789473684,3.685589096806004,150,0,150,0.0,0.7894736842105263,3.511016969384361,161,0,161,0.0,0.8473684210526315,2.5591237038769417,187,7,180,0.0374331550802139,0.9473684210526315,2.378069802467495,196,14,182,0.07142857142857142,0.9578947368421052,1.442215
exp_cl,exp_cl,250,80,0.7,20,288,183,11,172,145,2,143,0.060109289617486336,0.9052631578947369,0.013793103448275862,0.7526315789473684,205,28,177,160,5,155,0.13658536585365855,0.9315789473684211,0.03125,0.8157894736842105,3.673048847400786,159,2,157,0.012578616352201259,0.8263157894736842,3.4791589363917903,165,2,163,0.012121212121212121,0.8578947368421053,2.5946360490870943,185,6,179,0.032432432432432434,0.9421052631578948,2.4150428827178367,197,14,183,0.07106598984771574,0.9631578947368421,1.095593
exp_cl,exp_cl,250,80,0.7,20,289,199,23,176,157,4,153,0.11557788944723618,0.9263157894736842,0.025477707006369428,0.8052631578947368,230,48,182,166,7,159,0.20869565217391303,0.9578947368421052,0.04216867469879518,0.8368421052631579,3.6904636950716307,164,0,164,0.0,0.8631578947368421,3.4834630726017615,170,0,170,0.0,0.8947368421052632,2.5049611333452653,194,11,183,0.05670103092783505,0.9631578947368421,2.356824718758471,206,22,184,0.10679611650485436,0.968421052631579,1.091235
exp_cl,exp_cl,250,80,0.7,20,290,129,16,113,51,0,51,0.12403100775193798,0.5947368421052631,0.0,0.26842105263157895,167,34,133,62,1,61,0.20359281437125748,0.7,0.016129032258064516,0.32105263157894737,3.936371117898233,55,0,55,0.0,0.2894736842105263,3.7086819177411483,68,0,68,0.0,0.35789473684210527,2.5496176588250328,131,11,120,0.08396946564885496,0.631578947368421,2.3929997312721283,147,17,130,0.11564625850340136,0.6842105263157895,1.220509
exp_cl,exp_cl,250,80,0.7,20,291,178,21,157,119,3,116,0.11797752808988764,0.8263157894736842,0.025210084033613446,0.6105263157894737,212,41,171,137,5,132,0.19339622641509435,0.9,0.0364963503649635,0.6947368421052632,3.749921826715376,125,1,124,0.008,0.6526315789473685,3.5149963614126865,139,1,138,0.007194244604316547,0.7263157894736842,2.563856879063934,178,7,171,0.03932584269662921,0.9,2.370154155562678,193,18,175,0.09326424870466321,0.9210526315789473,1.243629
exp_cl,exp_cl,250,80,0.7,20,292,206,16,190,193,5,188,0.07766990291262135,1.0,0.025906735751295335,0.9894736842105263,226,36,190,196,7,189,0.1592920353982301,1.0,0.03571428571428571,0.9947368421052631,3.667910955450944,191,1,190,0.005235602094240838,1.0,3.667910955450944,191,1,190,0.005235602094240838,1.0,3.667910955450944,191,1,190,0.005235602094240838,1.0,2.6021136600121015,197,7,190,0.03553299492385787,1.0,1.185722
exp_cl,exp_cl,250,80,0.7,20,293,202,23,179,150,2,148,0.11386138613861387,0.9421052631578948,0.013333333333333334,0.7789473684210526,214,29,185,159,2,157,0.13551401869158877,0.9736842105263158,0.012578616352201259,0.8263157894736842,3.7079211673358525,164,0,164,0.0,0.8631578947368421,3.4821197825486867,174,0,174,0.0,0.9157894736842105,2.584602923267067,191,4,187,0.020942408376963352,0.9842105263157894,2.3809043934296126,209,22,187,0.10526315789473684,0.9842105263157894,1.103128
exp_cl,exp_cl,250,80,0.7,20,294,180,30,150,103,2,101,0.16666666666666666,0.7894736842105263,0.019417475728155338,0.531578947368421,218,52,166,120,5,115,0.23853211009174313,0.8736842105263158,0.041666666666666664,0.6052631578947368,3.764560830240286,107,1,106,0.009345794392523364,0.5578947368421052,3.5727524309568164,113,1,112,0.008849557522123894,0.5894736842105263,2.4880740015601197,163,9,154,0.05521472392638037,0.8105263157894737,2.3235444633329054,186,27,159,0.14516129032258066,0.8368421052631579,1.13798
exp_cl,exp_cl,250,80,0.7,20,295,146,19,127,85,1,84,0.13013698630136986,0.6684210526315789,0.011764705882352941,0.4421052631578947,164,26,138,104,3,101,0.15853658536585366,0.7263157894736842,0.028846153846153848,0.531578947368421,3.783525630190826,97,0,97,0.0,0.5105263157894737,3.6705302111309686,103,0,103,0.0,0.5421052631578948,2.538919827929316,149,12,137,0.08053691275167785,0.7210526315789474,2.3960547372370016,159,19,140,0.11949685534591195,0.7368421052631579,1.278434
exp_cl,exp_cl,250,80,0.7,20,296,200,20,180,171,1,170,0.1,0.9473684210526315,0.005847953216374269,0.8947368421052632,219,35,184,178,4,174,0.1598173515981735,0.968421052631579,0.02247191011235955,0.9157894736842105,3.7259836671443654,174,0,174,0.0,0.9157894736842105,3.7259836671443654,174,0,174,0.0,0.9157894736842105,2.576200200462665,191,5,186,0.02617801047120419,0.9789473684210527,2.389029298732929,203,16,187,0.07881773399014778,0.9842105263157894,1.3422
exp_cl,exp_cl,250,80,0.7,20,297,194,17,177,148,0,148,0.08762886597938144,0.9315789473684211,0.0,0.7789473684210526,214,33,181,157,1,156,0.1542056074766355,0.9526315789473684,0.006369426751592357,0.8210526315789474,3.730814820138801,157,0,157,0.0,0.8263157894736842,3.5220754277572195,163,0,163,0.0,0.8578947368421053,2.59872872964281,188,5,183,0.026595744680851064,0.9631578947368421,2.388355135454751,199,15,184,0.07537688442211055,0.968421052631579,1.185464
exp_cl,exp_cl,250,80,0.7,20,298,177,13,164,125,2,123,0.07344632768361582,0.8631578947368421,0.016,0.6473684210526316,209,36,173,142,6,136,0.1722488038277512,0.9105263157894737,0.04225352112676056,0.7157894736842105,3.7021958932931542,136,1,135,0.007352941176470588,0.7105263157894737,3.5009327236677357,148,1,147,0.006756756756756757,0.7736842105263158,2.5424299008766806,182,9,173,0.04945054945054945,0.9105263157894737,2.379321866403402,189,13,176,0.06878306878306878,0.9263157894736842,1.134837
exp_cl,exp_cl,250,80,0.7,20,299,189,20,169,136,2,134,0.10582010582010581,0.8894736842105263,0.014705882352941176,0.7052631578947368,211,34,177,153,7,146,0.16113744075829384,0.9315789473684211,0.0457516339869281,0.7684210526315789,3.681412983402485,150,0,150,0.0,0.7894736842105263,3.496096652097501,155,0,155,0.0,0.8157894736842105,2.4950913934930257,192,11,181,0.057291666666666664,0.9526315789473684,2.34361420181898,206,23,183,0.11165048543689321,0.9631578947368421,1.129315
