model,x_model,p,n,rho,block,seed,R_bh_0.05,V_bh_0.05,S_bh_0.05,R_by_0.05,V_by_0.05,S_by_0.05,fdr_bh_0.05,power_bh_0.05,fdr_by_0.05,power_by_0.05,R_bh_0.1,V_bh_0.1,S_bh_0.1,R_by_0.1,V_by_0.1,S_by_0.1,fdr_bh_0.1,power_bh_0.1,fdr_by_0.1,power_by_0.1,t_lct_0.05,R_lct_0.05,V_lct_0.05,S_lct_0.05,fdr_lct_0.05,power_lct_0.05,t_lct_0.1,R_lct_0.1,V_lct_0.1,S_lct_0.1,fdr_lct_0.1,power_lct_0.1,t_lctb_0.05_B100,R_lctb_0.05_B100,V_lctb_0.05_B100,S_lctb_0.05_B100,fdr_lctb_0.05_B100,power_lctb_0.05_B100,t_lctb_0.1_B100,R_lctb_0.1_B100,V_lctb_0.1_B100,S_lctb_0.1_B100,fdr_lctb_0.1_B100,power_lctb_0.1_B100,wall_time_s
gaussian,gaussian,250,200,0.8,20,0,198,8,190,190,0,190,0.04040404040404041,1.0,0.0,1.0,212,22,190,191,1,190,0.10377358490566038,1.0,0.005235602094240838,1.0,3.6149363894880104,199,9,190,0.04522613065326633,1.0,3.4082209063899427,210,20,190,0.09523809523809523,1.0,3.7254556654060034,194,4,190,0.020618556701030927,1.0,3.554456190299514,201,11,190,0.05472636815920398,1.0,1.795433
gaussian,gaussian,250,200,0.8,20,1,203,13,190,192,2,190,0.06403940886699508,1.0,0.010416666666666666,1.0,214,24,190,192,2,190,0.11214953271028037,1.0,0.010416666666666666,1.0,3.6581463317999017,203,13,190,0.06403940886699508,1.0,3.401186705376178,212,22,190,0.10377358490566038,1.0,3.711663126823879,201,11,190,0.05472636815920398,1.0,3.4630641438633205,207,17,190,0.0821256038647343,1.0,1.793939
gaussian,gaussian,250,200,0.8,20,2,197,7,190,191,1,190,0.03553299492385787,1.0,0.005235602094240838,1.0,214,24,190,191,1,190,0.11214953271028037,1.0,0.005235602094240838,1.0,3.617129181419838,197,7,190,0.03553299492385787,1.0,3.4017097762441533,214,24,190,0.11214953271028037,1.0,3.6273881652313404,196,6,190,0.030612244897959183,1.0,3.4313768775544213,212,22,190,0.10377358490566038,1.0,1.77151
gaussian,gaussian,250,200,0.8,20,3,199,9,190,191,1,190,0.04522613065326633,1.0,0.005235602094240838,1.0,211,21,190,191,1,190,0.0995260663507109,1.0,0.005235602094240838,1.0,3.638398848996527,199,9,190,0.04522613065326633,1.0,3.4090490185405002,212,22,190,0.10377358490566038,1.0,3.7459872258098805,196,6,190,0.030612244897959183,1.0,3.4758077964652045,207,17,190,0.0821256038647343,1.0,1.768106
gaussian,gaussian,250,200,0.8,20,4,204,14,190,193,3,190,0.06862745098039216,1.0,0.015544041450777202,1.0,223,33,190,195,5,190,0.14798206278026907,1.0,0.02564102564102564,1.0,3.5963249685024805,204,14,190,0.06862745098039216,1.0,3.390428788235638,223,33,190,0.14798206278026907,1.0,3.6921296750589234,202,12,190,0.0594059405940594,1.0,3.4477842178992595,219,29,190,0.1324200913242009,1.0,1.772754
gaussian,gaussian,250,200,0.8,20,5,201,11,190,190,0,190,0.05472636815920398,1.0,0.0,1.0,212,22,190,190,0,190,0.10377358490566038,1.0,0.0,1.0,3.6220029479163776,201,11,190,0.05472636815920398,1.0,3.3983696468884945,213,23,190,0.107981220657277,1.0,3.654231407615108,200,10,190,0.05,1.0,3.446917777952949,211,21,190,0.0995260663507109,1.0,1.703278
gaussian,gaussian,250,200,0.8,20,6,197,7,190,190,0,190,0.03553299492385787,1.0,0.0,1.0,212,22,190,190,0,190,0.10377358490566038,1.0,0.0,1.0,3.6546683679238687,197,7,190,0.03553299492385787,1.0,3.441333340291524,210,20,190,0.09523809523809523,1.0,3.7204873218627426,196,6,190,0.030612244897959183,1.0,3.4452406840597485,209,19,190,0.09090909090909091,1.0,1.782324
gaussian,gaussian,250,200,0.8,20,7,197,7,190,192,2,190,0.03553299492385787,1.0,0.010416666666666666,1.0,209,19,190,193,3,190,0.09090909090909091,1.0,0.015544041450777202,1.0,3.633990118289026,197,7,190,0.03553299492385787,1.0,3.400308767762036,211,21,190,0.0995260663507109,1.0,3.9343282982259558,194,4,190,0.020618556701030927,1.0,3.4691122606441236,206,16,190,0.07766990291262135,1.0,1.731663
gaussian,gaussian,250,200,0.8,20,8,201,11,190,193,3,190,0.05472636815920398,1.0,0.015544041450777202,1.0,214,24,190,194,4,190,0.11214953271028037,1.0,0.020618556701030927,1.0,3.6136928201995624,201,11,190,0.05472636815920398,1.0,3.3965855467468553,213,23,190,0.107981220657277,1.0,3.649754196857238,200,10,190,0.05,1.0,3.4503093922186836,209,19,190,0.09090909090909091,1.0,1.796709
gaussian,gaussian,250,200,0.8,20,9,201,11,190,190,0,190,0.05472636815920398,1.0,0.0,1.0,210,20,190,191,1,190,0.09523809523809523,1.0,0.005235602094240838,1.0,3.661650272276508,201,11,190,0.05472636815920398,1.0,3.400817497160422,212,22,190,0.10377358490566038,1.0,3.6796081622924595,200,10,190,0.05,1.0,3.4602542010030795,208,18,190,0.08653846153846154,1.0,1.663818
gaussian,gaussian,250,200,0.8,20,10,199,9,190,190,0,190,0.04522613065326633,1.0,0.0,1.0,214,24,190,190,0,190,0.11214953271028037,1.0,0.0,1.0,3.626010160365169,199,9,190,0.04522613065326633,1.0,3.4061788969247155,212,22,190,0.10377358490566038,1.0,3.676646224310544,197,7,190,0.03553299492385787,1.0,3.4444626529422586,208,18,190,0.08653846153846154,1.0,1.784828
gaussian,gaussian,250,200,0.8,20,11,202,12,190,190,0,190,0.0594059405940594,1.0,0.0,1.0,213,23,190,192,2,190,0.107981220657277,1.0,0.010416666666666666,1.0,3.5919101025023683,205,15,190,0.07317073170731707,1.0,3.4000171995517863,214,24,190,0.11214953271028037,1.0,3.6797740261053784,199,9,190,0.04522613065326633,1.0,3.4666380615383265,210,20,190,0.09523809523809523,1.0,1.626368
gaussian,gaussian,250,200,0.8,20,12,206,16,190,191,1,190,0.07766990291262135,1.0,0.005235602094240838,1.0,220,30,190,191,1,190,0.13636363636363635,1.0,0.005235602094240838,1.0,3.5959190190871055,206,16,190,0.07766990291262135,1.0,3.400834896345745,220,30,190,0.13636363636363635,1.0,3.7277485184121653,199,9,190,0.04522613065326633,1.0,3.4729239172769124,216,26,190,0.12037037037037036,1.0,1.682448
gaussian,gaussian,250,200,0.8,20,13,202,12,190,192,2,190,0.0594059405940594,1.0,0.010416666666666666,1.0,209,19,190,193,3,190,0.09090909090909091,1.0,0.015544041450777202,1.0,3.593999016896799,205,15,190,0.07317073170731707,1.0,3.414918809792555,209,19,190,0.09090909090909091,1.0,3.680550300119481,200,10,190,0.05,1.0,3.5131328931616768,207,17,190,0.0821256038647343,1.0,1.626795
gaussian,gaussian,250,200,0.8,20,14,201,11,190,192,2,190,0.05472636815920398,1.0,0.010416666666666666,1.0,213,23,190,193,3,190,0.107981220657277,1.0,0.015544041450777202,1.0,3.616667345230199,200,10,190,0.05,1.0,3.413296097468526,211,21,190,0.0995260663507109,1.0,3.6770636472488656,198,8,190,0.04040404040404041,1.0,3.4471147235143076,207,17,190,0.0821256038647343,1.0,1.91656
gaussian,gaussian,250,200,0.8,20,15,203,13,190,190,0,190,0.06403940886699508,1.0,0.0,1.0,214,24,190,193,3,190,0.11214953271028037,1.0,0.015544041450777202,1.0,3.602121247223295,202,12,190,0.0594059405940594,1.0,3.406635785961601,214,24,190,0.11214953271028037,1.0,3.8328416616477976,197,7,190,0.03553299492385787,1.0,3.485968808155952,208,18,190,0.08653846153846154,1.0,1.768025
gaussian,gaussian,250,200,0.8,20,16,207,17,190,190,0,190,0.0821256038647343,1.0,0.0,1.0,215,25,190,192,2,190,0.11627906976744186,1.0,0.010416666666666666,1.0,3.607037100870887,207,17,190,0.0821256038647343,1.0,3.396188217398048,215,25,190,0.11627906976744186,1.0,3.694395024626064,201,11,190,0.05472636815920398,1.0,3.5212819914551483,212,22,190,0.10377358490566038,1.0,1.683371
gaussian,gaussian,250,200,0.8,20,17,205,15,190,194,4,190,0.07317073170731707,1.0,0.020618556701030927,1.0,214,24,190,196,6,190,0.11214953271028037,1.0,0.030612244897959183,1.0,3.6124839951405723,205,15,190,0.07317073170731707,1.0,3.393021394512404,216,26,190,0.12037037037037036,1.0,3.720128730672208,202,12,190,0.0594059405940594,1.0,3.4698923872315905,213,23,190,0.107981220657277,1.0,1.784629
gaussian,gaussian,250,200,0.8,20,18,202,12,190,190,0,190,0.0594059405940594,1.0,0.0,1.0,215,25,190,191,1,190,0.11627906976744186,1.0,0.005235602094240838,1.0,3.606124046344305,202,12,190,0.0594059405940594,1.0,3.4040809212977967,212,22,190,0.10377358490566038,1.0,3.6541699605619957,201,11,190,0.05472636815920398,1.0,3.4422563075579395,209,19,190,0.09090909090909091,1.0,1.688621
gaussian,gaussian,250,200,0.8,20,19,200,10,190,190,0,190,0.05,1.0,0.0,1.0,208,18,190,192,2,190,0.08653846153846154,1.0,0.010416666666666666,1.0,3.6116133920945255,200,10,190,0.05,1.0,3.40120979029017,211,21,190,0.0995260663507109,1.0,3.6980496163235004,197,7,190,0.03553299492385787,1.0,3.460958177494289,206,16,190,0.07766990291262135,1.0,1.693456
gaussian,gaussian,250,200,0.8,20,20,199,9,190,191,1,190,0.04522613065326633,1.0,0.005235602094240838,1.0,210,20,190,192,2,190,0.09523809523809523,1.0,0.010416666666666666,1.0,3.638223131573981,199,9,190,0.04522613065326633,1.0,3.4069338581030677,210,20,190,0.09523809523809523,1.0,3.647412888063383,198,8,190,0.04040404040404041,1.0,3.477157385297925,205,15,190,0.07317073170731707,1.0,2.096022
gaussian,gaussian,250,200,0.8,20,21,201,11,190,190,0,190,0.05472636815920398,1.0,0.0,1.0,215,25,190,190,0,190,0.11627906976744186,1.0,0.0,1.0,3.6003686319128683,201,11,190,0.05472636815920398,1.0,3.3932811851848297,218,28,190,0.12844036697247707,1.0,3.692601034808716,195,5,190,0.02564102564102564,1.0,3.452475250978526,212,22,190,0.10377358490566038,1.0,1.700328
gaussian,gaussian,250,200,0.8,20,22,206,16,190,191,1,190,0.07766990291262135,1.0,0.005235602094240838,1.0,220,30,190,192,2,190,0.13636363636363635,1.0,0.010416666666666666,1.0,3.6052061800719497,206,16,190,0.07766990291262135,1.0,3.3882670339149747,222,32,190,0.14414414414414414,1.0,3.7039742343335513,200,10,190,0.05,1.0,3.447593246591775,219,29,190,0.1324200913242009,1.0,1.706431
gaussian,gaussian,250,200,0.8,20,23,196,6,190,192,2,190,0.030612244897959183,1.0,0.010416666666666666,1.0,206,16,190,192,2,190,0.07766990291262135,1.0,0.010416666666666666,1.0,3.6460510885869644,196,6,190,0.030612244897959183,1.0,3.4072037471724683,207,17,190,0.0821256038647343,1.0,3.6959023041471473,195,5,190,0.02564102564102564,1.0,3.46560525859454,204,14,190,0.06862745098039216,1.0,1.69016
gaussian,gaussian,250,200,0.8,20,24,204,14,190,191,1,190,0.06862745098039216,1.0,0.005235602094240838,1.0,221,31,190,193,3,190,0.14027149321266968,1.0,0.015544041450777202,1.0,3.601036119536881,203,13,190,0.06403940886699508,1.0,3.3969491746551905,219,29,190,0.1324200913242009,1.0,3.6388252772621548,202,12,190,0.0594059405940594,1.0,3.4178328199117094,218,28,190,0.12844036697247707,1.0,1.74617
gaussian,gaussian,250,200,0.8,20,25,198,8,190,192,2,190,0.04040404040404041,1.0,0.010416666666666666,1.0,207,17,190,194,4,190,0.0821256038647343,1.0,0.020618556701030927,1.0,3.830435203455765,196,6,190,0.030612244897959183,1.0,3.439858197112419,205,15,190,0.07317073170731707,1.0,3.830435203455765,196,6,190,0.030612244897959183,1.0,3.439858197112419,205,15,190,0.07317073170731707,1.0,1.656126
gaussian,gaussian,250,200,0.8,20,26,200,10,190,190,0,190,0.05,1.0,0.0,1.0,215,25,190,192,2,190,0.11627906976744186,1.0,0.010416666666666666,1.0,3.6172932578600325,200,10,190,0.05,1.0,3.3995426873803196,215,25,190,0.11627906976744186,1.0,3.674373451120916,199,9,190,0.04522613065326633,1.0,3.4546036721484996,209,19,190,0.09090909090909091,1.0,1.881565
gaussian,gaussian,250,200,0.8,20,27,195,5,190,191,1,190,0.02564102564102564,1.0,0.005235602094240838,1.0,207,17,190,191,1,190,0.0821256038647343,1.0,0.005235602094240838,1.0,3.682517190999977,195,5,190,0.02564102564102564,1.0,3.412836847020302,207,17,190,0.0821256038647343,1.0,3.682517190999977,195,5,190,0.02564102564102564,1.0,3.435906797890799,205,15,190,0.07317073170731707,1.0,1.846069
gaussian,gaussian,250,200,0.8,20,28,204,14,190,192,2,190,0.06862745098039216,1.0,0.010416666666666666,1.0,211,21,190,193,3,190,0.0995260663507109,1.0,0.015544041450777202,1.0,3.623367636304296,204,14,190,0.06862745098039216,1.0,3.4000249032070045,211,21,190,0.0995260663507109,1.0,3.690854145238638,200,10,190,0.05,1.0,3.496618040497449,208,18,190,0.08653846153846154,1.0,1.599562
gaussian,gaussian,250,200,0.8,20,29,200,10,190,191,1,190,0.05,1.0,0.005235602094240838,1.0,205,15,190,191,1,190,0.07317073170731707,1.0,0.005235602094240838,1.0,3.617114741788322,200,10,190,0.05,1.0,3.418226269468311,204,14,190,0.06862745098039216,1.0,3.652577252468029,197,7,190,0.03553299492385787,1.0,3.4650259295268886,201,11,190,0.05472636815920398,1.0,1.727439
gaussian,gaussian,250,200,0.8,20,30,206,16,190,191,1,190,0.07766990291262135,1.0,0.005235602094240838,1.0,218,28,190,191,1,190,0.12844036697247707,1.0,0.005235602094240838,1.0,3.5987372775000783,207,17,190,0.0821256038647343,1.0,3.42244513954104,218,28,190,0.12844036697247707,1.0,3.7139321582017804,202,12,190,0.0594059405940594,1.0,3.4541798406652098,216,26,190,0.12037037037037036,1.0,1.786347
gaussian,gaussian,250,200,0.8,20,31,197,7,190,191,1,190,0.03553299492385787,1.0,0.005235602094240838,1.0,207,17,190,191,1,190,0.0821256038647343,1.0,0.005235602094240838,1.0,3.649010534994663,196,6,190,0.030612244897959183,1.0,3.404493544947537,208,18,190,0.08653846153846154,1.0,3.649010534994663,196,6,190,0.030612244897959183,1.0,3.473643016008528,205,15,190,0.07317073170731707,1.0,1.665903
gaussian,gaussian,250,200,0.8,20,32,198,8,190,190,0,190,0.04040404040404041,1.0,0.0,1.0,208,18,190,191,1,190,0.08653846153846154,1.0,0.005235602094240838,1.0,3.605778372454705,198,8,190,0.04040404040404041,1.0,3.4197160416898127,208,18,190,0.08653846153846154,1.0,3.711201188795685,195,5,190,0.02564102564102564,1.0,3.4752436366645174,204,14,190,0.06862745098039216,1.0,1.808444
gaussian,gaussian,250,200,0.8,20,33,195,5,190,190,0,190,0.02564102564102564,1.0,0.0,1.0,208,18,190,191,1,190,0.08653846153846154,1.0,0.005235602094240838,1.0,3.69629350911624,195,5,190,0.02564102564102564,1.0,3.4184092279238194,208,18,190,0.08653846153846154,1.0,3.69629350911624,195,5,190,0.02564102564102564,1.0,3.43055538571036,207,17,190,0.0821256038647343,1.0,1.841444
gaussian,gaussian,250,200,0.8,20,34,204,14,190,191,1,190,0.06862745098039216,1.0,0.005235602094240838,1.0,209,19,190,191,1,190,0.09090909090909091,1.0,0.005235602094240838,1.0,3.634979666156973,204,14,190,0.06862745098039216,1.0,3.4811500367133075,209,19,190,0.09090909090909091,1.0,3.642438255036074,203,13,190,0.06403940886699508,1.0,3.4811500367133075,209,19,190,0.09090909090909091,1.0,1.661296
gaussian,gaussian,250,200,0.8,20,35,197,7,190,192,2,190,0.03553299492385787,1.0,0.010416666666666666,1.0,212,22,190,192,2,190,0.10377358490566038,1.0,0.010416666666666666,1.0,3.6355637334014044,196,6,190,0.030612244897959183,1.0,3.4029184448086225,211,21,190,0.0995260663507109,1.0,3.663561787922815,195,5,190,0.02564102564102564,1.0,3.4446683723667055,208,18,190,0.08653846153846154,1.0,1.697786
gaussian,gaussian,250,200,0.8,20,36,200,10,190,190,0,190,0.05,1.0,0.0,1.0,212,22,190,191,1,190,0.10377358490566038,1.0,0.005235602094240838,1.0,3.600113672465439,201,11,190,0.05472636815920398,1.0,3.3935437905875574,216,26,190,0.12037037037037036,1.0,3.6986322713463657,199,9,190,0.04522613065326633,1.0,3.4958355094963562,207,17,190,0.0821256038647343,1.0,1.839795
gaussian,gaussian,250,200,0.8,20,37,205,15,190,193,3,190,0.07317073170731707,1.0,0.015544041450777202,1.0,229,39,190,196,6,190,0.1703056768558952,1.0,0.030612244897959183,1.0,3.595634706957869,205,15,190,0.07317073170731707,1.0,3.3812335830396094,230,40,190,0.17391304347826086,1.0,3.7021521800170896,202,12,190,0.0594059405940594,1.0,3.429842850188556,226,36,190,0.1592920353982301,1.0,1.594896
gaussian,gaussian,250,200,0.8,20,38,198,8,190,190,0,190,0.04040404040404041,1.0,0.0,1.0,207,17,190,190,0,190,0.0821256038647343,1.0,0.0,1.0,3.609223561264073,198,8,190,0.04040404040404041,1.0,3.4076657453430887,207,17,190,0.0821256038647343,1.0,3.6974039321421595,194,4,190,0.020618556701030927,1.0,3.4617235168951495,205,15,190,0.07317073170731707,1.0,1.900791
gaussian,gaussian,250,200,0.8,20,39,203,13,190,191,1,190,0.06403940886699508,1.0,0.005235602094240838,1.0,216,26,190,192,2,190,0.12037037037037036,1.0,0.010416666666666666,1.0,3.6194858971569657,202,12,190,0.0594059405940594,1.0,3.41333874183956,216,26,190,0.12037037037037036,1.0,3.7113609535320653,199,9,190,0.04522613065326633,1.0,3.4673140579739066,211,21,190,0.0995260663507109,1.0,1.808014
gaussian,gaussian,250,200,0.8,20,40,203,13,190,192,2,190,0.06403940886699508,1.0,0.010416666666666666,1.0,214,24,190,195,5,190,0.11214953271028037,1.0,0.02564102564102564,1.0,3.599435481436936,202,12,190,0.0594059405940594,1.0,3.431399767910898,214,24,190,0.11214953271028037,1.0,3.6844119209546937,199,9,190,0.04522613065326633,1.0,3.455388405498501,211,21,190,0.0995260663507109,1.0,1.711076
gaussian,gaussian,250,200,0.8,20,41,199,9,190,191,1,190,0.04522613065326633,1.0,0.005235602094240838,1.0,207,17,190,192,2,190,0.0821256038647343,1.0,0.010416666666666666,1.0,3.6091085870339894,200,10,190,0.05,1.0,3.4035198735324856,209,19,190,0.09090909090909091,1.0,3.733189313035471,196,6,190,0.030612244897959183,1.0,3.4683567717721164,204,14,190,0.06862745098039216,1.0,1.702825
gaussian,gaussian,250,200,0.8,20,42,203,13,190,190,0,190,0.06403940886699508,1.0,0.0,1.0,212,22,190,190,0,190,0.10377358490566038,1.0,0.0,1.0,3.604768118443081,203,13,190,0.06403940886699508,1.0,3.41372122979096,212,22,190,0.10377358490566038,1.0,3.669417440288646,199,9,190,0.04522613065326633,1.0,3.499021122629295,210,20,190,0.09523809523809523,1.0,1.707739
gaussian,gaussian,250,200,0.8,20,43,199,9,190,191,1,190,0.04522613065326633,1.0,0.005235602094240838,1.0,212,22,190,192,2,190,0.10377358490566038,1.0,0.010416666666666666,1.0,3.6025907404861863,200,10,190,0.05,1.0,3.408979622507007,214,24,190,0.11214953271028037,1.0,3.6859535854464136,196,6,190,0.030612244897959183,1.0,3.457470378735355,206,16,190,0.07766990291262135,1.0,1.679376
gaussian,gaussian,250,200,0.8,20,44,197,7,190,190,0,190,0.03553299492385787,1.0,0.0,1.0,207,17,190,190,0,190,0.0821256038647343,1.0,0.0,1.0,3.6094546853967544,198,8,190,0.04040404040404041,1.0,3.4094009765065674,208,18,190,0.08653846153846154,1.0,3.679321683292836,195,5,190,0.02564102564102564,1.0,3.4667097952994133,205,15,190,0.07317073170731707,1.0,1.815008
gaussian,gaussian,250,200,0.8,20,45,202,12,190,191,1,190,0.0594059405940594,1.0,0.005235602094240838,1.0,212,22,190,192,2,190,0.10377358490566038,1.0,0.010416666666666666,1.0,3.5996299459251304,202,12,190,0.0594059405940594,1.0,3.403001387000374,214,24,190,0.11214953271028037,1.0,3.6985675110462926,201,11,190,0.05472636815920398,1.0,3.465400450033321,208,18,190,0.08653846153846154,1.0,1.836381
gaussian,gaussian,250,200,0.8,20,46,199,9,190,191,1,190,0.04522613065326633,1.0,0.005235602094240838,1.0,207,17,190,191,1,190,0.0821256038647343,1.0,0.005235602094240838,1.0,3.644719307693434,200,10,190,0.05,1.0,3.404641077919566,208,18,190,0.08653846153846154,1.0,3.686114490249203,198,8,190,0.04040404040404041,1.0,3.4705794869166104,204,14,190,0.06862745098039216,1.0,1.670922
gaussian,gaussian,250,200,0.8,20,47,198,8,190,191,1,190,0.04040404040404041,1.0,0.005235602094240838,1.0,212,22,190,191,1,190,0.10377358490566038,1.0,0.005235602094240838,1.0,3.6110212438983353,199,9,190,0.04522613065326633,1.0,3.40235006198158,214,24,190,0.11214953271028037,1.0,3.6956591094499487,194,4,190,0.020618556701030927,1.0,3.4491846654744096,209,19,190,0.09090909090909091,1.0,1.702997
gaussian,gaussian,250,200,0.8,20,48,198,8,190,191,1,190,0.04040404040404041,1.0,0.005235602094240838,1.0,209,19,190,192,2,190,0.09090909090909091,1.0,0.010416666666666666,1.0,3.7360884085172272,199,9,190,0.04522613065326633,1.0,3.4133195630829247,208,18,190,0.08653846153846154,1.0,3.7360884085172272,199,9,190,0.04522613065326633,1.0,3.4475286523676063,204,14,190,0.06862745098039216,1.0,1.676922
gaussian,gaussian,250,200,0.8,20,49,194,4,190,190,0,190,0.020618556701030927,1.0,0.0,1.0,205,15,190,190,0,190,0.07317073170731707,1.0,0.0,1.0,3.647860939015489,194,4,190,0.020618556701030927,1.0,3.4387107419405853,205,15,190,0.07317073170731707,1.0,3.690235571235562,193,3,190,0.015544041450777202,1.0,3.470582914209033,202,12,190,0.0594059405940594,1.0,1.708188
gaussian,gaussian,250,200,0.8,20,50,201,11,190,191,1,190,0.05472636815920398,1.0,0.005235602094240838,1.0,221,31,190,192,2,190,0.14027149321266968,1.0,0.010416666666666666,1.0,3.632393499540435,201,11,190,0.05472636815920398,1.0,3.390305404306759,220,30,190,0.13636363636363635,1.0,3.666934342075824,200,10,190,0.05,1.0,3.445458928310877,214,24,190,0.11214953271028037,1.0,1.904591
gaussian,gaussian,250,200,0.8,20,51,201,11,190,191,1,190,0.05472636815920398,1.0,0.005235602094240838,1.0,213,23,190,191,1,190,0.107981220657277,1.0,0.005235602094240838,1.0,3.64277533410242,201,11,190,0.05472636815920398,1.0,3.4196732876670164,213,23,190,0.107981220657277,1.0,3.6531220705857743,199,9,190,0.04522613065326633,1.0,3.4482566885105093,210,20,190,0.09523809523809523,1.0,1.644523
gaussian,gaussian,250,200,0.8,20,52,200,10,190,190,0,190,0.05,1.0,0.0,1.0,209,19,190,191,1,190,0.09090909090909091,1.0,0.005235602094240838,1.0,3.6126781947901025,198,8,190,0.04040404040404041,1.0,3.4348711231267024,209,19,190,0.09090909090909091,1.0,3.6697959742190274,197,7,190,0.03553299492385787,1.0,3.474135644467616,205,15,190,0.07317073170731707,1.0,1.743727
gaussian,gaussian,250,200,0.8,20,53,199,9,190,191,1,190,0.04522613065326633,1.0,0.005235602094240838,1.0,210,20,190,191,1,190,0.09523809523809523,1.0,0.005235602094240838,1.0,3.6115029373136505,199,9,190,0.04522613065326633,1.0,3.4010960103677084,213,23,190,0.107981220657277,1.0,3.7051130622972677,197,7,190,0.03553299492385787,1.0,3.4638223046401078,209,19,190,0.09090909090909091,1.0,1.616169
gaussian,gaussian,250,200,0.8,20,54,197,7,190,190,0,190,0.03553299492385787,1.0,0.0,1.0,211,21,190,191,1,190,0.0995260663507109,1.0,0.005235602094240838,1.0,3.6259445222897715,198,8,190,0.04040404040404041,1.0,3.439364423032831,212,22,190,0.10377358490566038,1.0,3.7206928689668683,197,7,190,0.03553299492385787,1.0,3.4456171779807176,209,19,190,0.09090909090909091,1.0,1.767753
gaussian,gaussian,250,200,0.8,20,55,204,14,190,192,2,190,0.06862745098039216,1.0,0.010416666666666666,1.0,213,23,190,193,3,190,0.107981220657277,1.0,0.015544041450777202,1.0,3.5940809302138477,205,15,190,0.07317073170731707,1.0,3.4215162529106427,213,23,190,0.107981220657277,1.0,3.6602918048285025,203,13,190,0.06403940886699508,1.0,3.44077030643974,212,22,190,0.10377358490566038,1.0,1.763194
gaussian,gaussian,250,200,0.8,20,56,193,3,190,190,0,190,0.015544041450777202,1.0,0.0,1.0,210,20,190,190,0,190,0.09523809523809523,1.0,0.0,1.0,3.6541330402081225,193,3,190,0.015544041450777202,1.0,3.399394147312782,211,21,190,0.0995260663507109,1.0,3.736175465472596,192,2,190,0.010416666666666666,1.0,3.4792505850091606,200,10,190,0.05,1.0,1.782662
gaussian,gaussian,250,200,0.8,20,57,206,16,190,190,0,190,0.07766990291262135,1.0,0.0,1.0,218,28,190,192,2,190,0.12844036697247707,1.0,0.010416666666666666,1.0,3.6040908931148703,206,16,190,0.07766990291262135,1.0,3.3882399682547,220,30,190,0.13636363636363635,1.0,3.715138792119527,201,11,190,0.05472636815920398,1.0,3.452098178440685,215,25,190,0.11627906976744186,1.0,1.664269
gaussian,gaussian,250,200,0.8,20,58,203,13,190,192,2,190,0.06403940886699508,1.0,0.010416666666666666,1.0,214,24,190,193,3,190,0.11214953271028037,1.0,0.015544041450777202,1.0,3.611133339512632,203,13,190,0.06403940886699508,1.0,3.410666872932142,214,24,190,0.11214953271028037,1.0,3.6482240619260287,200,10,190,0.05,1.0,3.4420918061201617,212,22,190,0.10377358490566038,1.0,1.771864
gaussian,gaussian,250,200,0.8,20,59,199,9,190,190,0,190,0.04522613065326633,1.0,0.0,1.0,216,26,190,193,3,190,0.12037037037037036,1.0,0.015544041450777202,1.0,3.60356097969535,199,9,190,0.04522613065326633,1.0,3.4005379415615593,214,24,190,0.11214953271028037,1.0,3.7462276944240958,197,7,190,0.03553299492385787,1.0,3.4425771257736586,206,16,190,0.07766990291262135,1.0,1.79375
gaussian,gaussian,250,200,0.8,20,60,200,10,190,190,0,190,0.05,1.0,0.0,1.0,211,21,190,193,3,190,0.0995260663507109,1.0,0.015544041450777202,1.0,3.6063829161963965,201,11,190,0.05472636815920398,1.0,3.4349139304629466,211,21,190,0.0995260663507109,1.0,3.7308698780003433,199,9,190,0.04522613065326633,1.0,3.4349139304629466,211,21,190,0.0995260663507109,1.0,1.630487
gaussian,gaussian,250,200,0.8,20,61,202,12,190,191,1,190,0.0594059405940594,1.0,0.005235602094240838,1.0,211,21,190,191,1,190,0.0995260663507109,1.0,0.005235602094240838,1.0,3.5964953544863096,202,12,190,0.0594059405940594,1.0,3.4206936557342664,211,21,190,0.0995260663507109,1.0,3.68653207097982,199,9,190,0.04522613065326633,1.0,3.4878770996562505,206,16,190,0.07766990291262135,1.0,1.658247
gaussian,gaussian,250,200,0.8,20,62,196,6,190,191,1,190,0.030612244897959183,1.0,0.005235602094240838,1.0,203,13,190,191,1,190,0.06403940886699508,1.0,0.005235602094240838,1.0,3.6100407382848867,196,6,190,0.030612244897959183,1.0,3.4563761103007056,202,12,190,0.0594059405940594,1.0,3.6721604923807645,195,5,190,0.02564102564102564,1.0,3.4563761103007056,202,12,190,0.0594059405940594,1.0,1.950095
gaussian,gaussian,250,200,0.8,20,63,199,9,190,190,0,190,0.04522613065326633,1.0,0.0,1.0,208,18,190,190,0,190,0.08653846153846154,1.0,0.0,1.0,3.601929555161228,199,9,190,0.04522613065326633,1.0,3.4092007234032113,209,19,190,0.09090909090909091,1.0,3.719355037347353,196,6,190,0.030612244897959183,1.0,3.4815489040987684,206,16,190,0.07766990291262135,1.0,1.596438
gaussian,gaussian,250,200,0.8,20,64,205,15,190,191,1,190,0.07317073170731707,1.0,0.005235602094240838,1.0,213,23,190,193,3,190,0.107981220657277,1.0,0.015544041450777202,1.0,3.6134062194339105,204,14,190,0.06862745098039216,1.0,3.4008951891007424,213,23,190,0.107981220657277,1.0,3.7094241321159185,203,13,190,0.06403940886699508,1.0,3.460389879552636,211,21,190,0.0995260663507109,1.0,1.66335
gaussian,gaussian,250,200,0.8,20,65,199,9,190,191,1,190,0.04522613065326633,1.0,0.005235602094240838,1.0,206,16,190,191,1,190,0.07766990291262135,1.0,0.005235602094240838,1.0,3.62226413256624,199,9,190,0.04522613065326633,1.0,3.409924927568292,210,20,190,0.09523809523809523,1.0,3.759005299430726,194,4,190,0.020618556701030927,1.0,3.481199595025947,205,15,190,0.07317073170731707,1.0,1.818689
gaussian,gaussian,250,200,0.8,20,66,197,7,190,191,1,190,0.03553299492385787,1.0,0.005235602094240838,1.0,210,20,190,192,2,190,0.09523809523809523,1.0,0.010416666666666666,1.0,3.599437875670296,199,9,190,0.04522613065326633,1.0,3.3975982380922973,213,23,190,0.107981220657277,1.0,3.6670894385879693,198,8,190,0.04040404040404041,1.0,3.450200230896991,208,18,190,0.08653846153846154,1.0,1.67043
gaussian,gaussian,250,200,0.8,20,67,198,8,190,190,0,190,0.04040404040404041,1.0,0.0,1.0,208,18,190,191,1,190,0.08653846153846154,1.0,0.005235602094240838,1.0,3.645331126304475,197,7,190,0.03553299492385787,1.0,3.4174529118388253,209,19,190,0.09090909090909091,1.0,3.645331126304475,197,7,190,0.03553299492385787,1.0,3.430205523485773,208,18,190,0.08653846153846154,1.0,1.596337
gaussian,gaussian,250,200,0.8,20,68,200,10,190,191,1,190,0.05,1.0,0.005235602094240838,1.0,208,18,190,192,2,190,0.08653846153846154,1.0,0.010416666666666666,1.0,3.6407006099413195,201,11,190,0.05472636815920398,1.0,3.4421884145327866,209,19,190,0.09090909090909091,1.0,3.707510663747,200,10,190,0.05,1.0,3.5156458703785596,207,17,190,0.0821256038647343,1.0,2.024642
gaussian,gaussian,250,200,0.8,20,69,202,12,190,191,1,190,0.0594059405940594,1.0,0.005235602094240838,1.0,217,27,190,191,1,190,0.12442396313364056,1.0,0.005235602094240838,1.0,3.62025547577749,202,12,190,0.0594059405940594,1.0,3.3888123706731896,219,29,190,0.1324200913242009,1.0,3.6557158278086663,199,9,190,0.04522613065326633,1.0,3.449395795357146,214,24,190,0.11214953271028037,1.0,1.643637
gaussian,gaussian,250,200,0.8,20,70,201,11,190,190,0,190,0.05472636815920398,1.0,0.0,1.0,211,21,190,191,1,190,0.0995260663507109,1.0,0.005235602094240838,1.0,3.632787613211721,201,11,190,0.05472636815920398,1.0,3.4065901696335916,211,21,190,0.0995260663507109,1.0,3.6686932195544837,199,9,190,0.04522613065326633,1.0,3.452617525340703,209,19,190,0.09090909090909091,1.0,1.602799
gaussian,gaussian,250,200,0.8,20,71,202,12,190,192,2,190,0.0594059405940594,1.0,0.010416666666666666,1.0,217,27,190,192,2,190,0.12442396313364056,1.0,0.010416666666666666,1.0,3.631397396368352,202,12,190,0.0594059405940594,1.0,3.395291179960901,220,30,190,0.13636363636363635,1.0,3.695161574694129,201,11,190,0.05472636815920398,1.0,3.4647381345990316,213,23,190,0.107981220657277,1.0,1.789759
gaussian,gaussian,250,200,0.8,20,72,208,18,190,193,3,190,0.08653846153846154,1.0,0.015544041450777202,1.0,219,29,190,193,3,190,0.1324200913242009,1.0,0.015544041450777202,1.0,3.606872430851263,208,18,190,0.08653846153846154,1.0,3.39906712166314,220,30,190,0.13636363636363635,1.0,3.6779974380215172,206,16,190,0.07766990291262135,1.0,3.4747283434199256,214,24,190,0.11214953271028037,1.0,1.610899
gaussian,gaussian,250,200,0.8,20,73,205,15,190,191,1,190,0.07317073170731707,1.0,0.005235602094240838,1.0,221,31,190,192,2,190,0.14027149321266968,1.0,0.010416666666666666,1.0,3.5959853222849625,204,14,190,0.06862745098039216,1.0,3.3873944416140644,221,31,190,0.14027149321266968,1.0,3.6392668363041403,202,12,190,0.0594059405940594,1.0,3.432510475363204,218,28,190,0.12844036697247707,1.0,1.660324
gaussian,gaussian,250,200,0.8,20,74,201,11,190,193,3,190,0.05472636815920398,1.0,0.015544041450777202,1.0,209,19,190,193,3,190,0.09090909090909091,1.0,0.015544041450777202,1.0,3.6972785874402145,200,10,190,0.05,1.0,3.479702018078993,209,19,190,0.09090909090909091,1.0,3.6972785874402145,200,10,190,0.05,1.0,3.479702018078993,209,19,190,0.09090909090909091,1.0,1.818203
gaussian,gaussian,250,200,0.8,20,75,199,9,190,191,1,190,0.04522613065326633,1.0,0.005235602094240838,1.0,207,17,190,191,1,190,0.0821256038647343,1.0,0.005235602094240838,1.0,3.6169555388325643,199,9,190,0.04522613065326633,1.0,3.4027174458156426,208,18,190,0.08653846153846154,1.0,3.6975513189772076,192,2,190,0.010416666666666666,1.0,3.462384758193788,204,14,190,0.06862745098039216,1.0,1.803585
gaussian,gaussian,250,200,0.8,20,76,199,9,190,190,0,190,0.04522613065326633,1.0,0.0,1.0,216,26,190,191,1,190,0.12037037037037036,1.0,0.005235602094240838,1.0,3.618555580475343,199,9,190,0.04522613065326633,1.0,3.4045159187278182,217,27,190,0.12442396313364056,1.0,3.7685456986137176,195,5,190,0.02564102564102564,1.0,3.4511775391917183,215,25,190,0.11627906976744186,1.0,1.576002
gaussian,gaussian,250,200,0.8,20,77,197,7,190,192,2,190,0.03553299492385787,1.0,0.010416666666666666,1.0,210,20,190,192,2,190,0.09523809523809523,1.0,0.010416666666666666,1.0,3.671414903742349,197,7,190,0.03553299492385787,1.0,3.409629546137938,210,20,190,0.09523809523809523,1.0,3.671414903742349,197,7,190,0.03553299492385787,1.0,3.4568665648093786,203,13,190,0.06403940886699508,1.0,1.800005
gaussian,gaussian,250,200,0.8,20,78,203,13,190,193,3,190,0.06403940886699508,1.0,0.015544041450777202,1.0,211,21,190,193,3,190,0.0995260663507109,1.0,0.015544041450777202,1.0,3.642286677400439,203,13,190,0.06403940886699508,1.0,3.4063471319256426,212,22,190,0.10377358490566038,1.0,3.669360409849087,202,12,190,0.0594059405940594,1.0,3.454000676585648,209,19,190,0.09090909090909091,1.0,1.689173
gaussian,gaussian,250,200,0.8,20,79,200,10,190,191,1,190,0.05,1.0,0.005235602094240838,1.0,207,17,190,191,1,190,0.0821256038647343,1.0,0.005235602094240838,1.0,3.6107554228203704,201,11,190,0.05472636815920398,1.0,3.4126799731466706,210,20,190,0.09523809523809523,1.0,3.7455534294332367,198,8,190,0.04040404040404041,1.0,3.50505307281895,206,16,190,0.07766990291262135,1.0,1.587863
gaussian,gaussian,250,200,0.8,20,80,200,10,190,190,0,190,0.05,1.0,0.0,1.0,202,12,190,190,0,190,0.0594059405940594,1.0,0.0,1.0,3.6006406170303884,200,10,190,0.05,1.0,3.458564577194959,202,12,190,0.0594059405940594,1.0,3.6808156131232965,195,5,190,0.02564102564102564,1.0,3.458564577194959,202,12,190,0.0594059405940594,1.0,1.94186
gaussian,gaussian,250,200,0.8,20,81,204,14,190,191,1,190,0.06862745098039216,1.0,0.005235602094240838,1.0,221,31,190,191,1,190,0.14027149321266968,1.0,0.005235602094240838,1.0,3.6100200979399086,201,11,190,0.05472636815920398,1.0,3.3940482995201684,220,30,190,0.13636363636363635,1.0,3.6787442640023853,199,9,190,0.04522613065326633,1.0,3.4220892968397183,217,27,190,0.12442396313364056,1.0,1.691402
gaussian,gaussian,250,200,0.8,20,82,205,15,190,192,2,190,0.07317073170731707,1.0,0.010416666666666666,1.0,219,29,190,193,3,190,0.1324200913242009,1.0,0.015544041450777202,1.0,3.603712186827199,200,10,190,0.05,1.0,3.4061806688715968,217,27,190,0.12442396313364056,1.0,3.692004521792195,198,8,190,0.04040404040404041,1.0,3.4476703855082644,214,24,190,0.11214953271028037,1.0,1.628928
gaussian,gaussian,250,200,0.8,20,83,212,22,190,192,2,190,0.10377358490566038,1.0,0.010416666666666666,1.0,228,38,190,194,4,190,0.16666666666666666,1.0,0.020618556701030927,1.0,3.5913220705352176,212,22,190,0.10377358490566038,1.0,3.3809484770234075,229,39,190,0.1703056768558952,1.0,3.6533942542868356,206,16,190,0.07766990291262135,1.0,3.4180443548396613,224,34,190,0.15178571428571427,1.0,1.701315
gaussian,gaussian,250,200,0.8,20,84,198,8,190,190,0,190,0.04040404040404041,1.0,0.0,1.0,206,16,190,190,0,190,0.07766990291262135,1.0,0.0,1.0,3.6321688200051496,198,8,190,0.04040404040404041,1.0,3.4151255475792013,207,17,190,0.0821256038647343,1.0,3.742855973823246,195,5,190,0.02564102564102564,1.0,3.4619340866122603,206,16,190,0.07766990291262135,1.0,1.669663
gaussian,gaussian,250,200,0.8,20,85,209,19,190,192,2,190,0.09090909090909091,1.0,0.010416666666666666,1.0,228,38,190,194,4,190,0.16666666666666666,1.0,0.020618556701030927,1.0,3.604204963889228,209,19,190,0.09090909090909091,1.0,3.374349814857944,231,41,190,0.1774891774891775,1.0,3.6871192252927565,202,12,190,0.0594059405940594,1.0,3.4361116431186534,226,36,190,0.1592920353982301,1.0,1.945714
gaussian,gaussian,250,200,0.8,20,86,202,12,190,191,1,190,0.0594059405940594,1.0,0.005235602094240838,1.0,213,23,190,192,2,190,0.107981220657277,1.0,0.010416666666666666,1.0,3.613971054845157,201,11,190,0.05472636815920398,1.0,3.4055778264108922,212,22,190,0.10377358490566038,1.0,3.6774439205390883,200,10,190,0.05,1.0,3.452806868209344,208,18,190,0.08653846153846154,1.0,2.183631
gaussian,gaussian,250,200,0.8,20,87,205,15,190,193,3,190,0.07317073170731707,1.0,0.015544041450777202,1.0,220,30,190,194,4,190,0.13636363636363635,1.0,0.020618556701030927,1.0,3.5980183140220703,204,14,190,0.06862745098039216,1.0,3.3934781073626024,219,29,190,0.1324200913242009,1.0,3.7308136565731767,202,12,190,0.0594059405940594,1.0,3.442914511479823,214,24,190,0.11214953271028037,1.0,1.869995
gaussian,gaussian,250,200,0.8,20,88,203,13,190,191,1,190,0.06403940886699508,1.0,0.005235602094240838,1.0,211,21,190,192,2,190,0.0995260663507109,1.0,0.010416666666666666,1.0,3.611337280590543,203,13,190,0.06403940886699508,1.0,3.4616377317665936,212,22,190,0.10377358490566038,1.0,3.6788385363712424,199,9,190,0.04522613065326633,1.0,3.4616377317665936,212,22,190,0.10377358490566038,1.0,1.67128
gaussian,gaussian,250,200,0.8,20,89,199,9,190,192,2,190,0.04522613065326633,1.0,0.010416666666666666,1.0,206,16,190,192,2,190,0.07766990291262135,1.0,0.010416666666666666,1.0,3.6644991050214664,199,9,190,0.04522613065326633,1.0,3.4312270401940057,206,16,190,0.07766990291262135,1.0,3.6644991050214664,199,9,190,0.04522613065326633,1.0,3.5059962730644294,202,12,190,0.0594059405940594,1.0,1.68895
gaussian,gaussian,250,200,0.8,20,90,197,7,190,190,0,190,0.03553299492385787,1.0,0.0,1.0,209,19,190,191,1,190,0.09090909090909091,1.0,0.005235602094240838,1.0,3.6048095703332104,198,8,190,0.04040404040404041,1.0,3.3984959005234265,211,21,190,0.0995260663507109,1.0,3.752410916026461,195,5,190,0.02564102564102564,1.0,3.4590079329488224,207,17,190,0.0821256038647343,1.0,1.681813
gaussian,gaussian,250,200,0.8,20,91,196,6,190,191,1,190,0.030612244897959183,1.0,0.005235602094240838,1.0,210,20,190,192,2,190,0.09523809523809523,1.0,0.010416666666666666,1.0,3.734133340120612,196,6,190,0.030612244897959183,1.0,3.4216454208969203,208,18,190,0.08653846153846154,1.0,3.734133340120612,196,6,190,0.030612244897959183,1.0,3.4544976115006745,205,15,190,0.07317073170731707,1.0,1.844702
gaussian,gaussian,250,200,0.8,20,92,200,10,190,192,2,190,0.05,1.0,0.010416666666666666,1.0,210,20,190,192,2,190,0.09523809523809523,1.0,0.010416666666666666,1.0,3.6052522050289086,201,11,190,0.05472636815920398,1.0,3.4125857363857284,210,20,190,0.09523809523809523,1.0,3.6979123567150207,197,7,190,0.03553299492385787,1.0,3.455478803869439,208,18,190,0.08653846153846154,1.0,1.701244
gaussian,gaussian,250,200,0.8,20,93,199,9,190,193,3,190,0.04522613065326633,1.0,0.015544041450777202,1.0,207,17,190,194,4,190,0.0821256038647343,1.0,0.020618556701030927,1.0,3.6395684742080245,199,9,190,0.04522613065326633,1.0,3.4292752401424247,207,17,190,0.0821256038647343,1.0,4.000230877285828,196,6,190,0.030612244897959183,1.0,3.4889503184446378,204,14,190,0.06862745098039216,1.0,1.558242
gaussian,gaussian,250,200,0.8,20,94,203,13,190,192,2,190,0.06403940886699508,1.0,0.010416666666666666,1.0,218,28,190,193,3,190,0.12844036697247707,1.0,0.015544041450777202,1.0,3.6196011584703056,203,13,190,0.06403940886699508,1.0,3.391225253933739,218,28,190,0.12844036697247707,1.0,3.7434555257485855,199,9,190,0.04522613065326633,1.0,3.50085323760414,209,19,190,0.09090909090909091,1.0,1.795778
gaussian,gaussian,250,200,0.8,20,95,201,11,190,190,0,190,0.05472636815920398,1.0,0.0,1.0,212,22,190,190,0,190,0.10377358490566038,1.0,0.0,1.0,3.6139254902192124,200,10,190,0.05,1.0,3.402960130849238,211,21,190,0.0995260663507109,1.0,3.692185337897359,196,6,190,0.030612244897959183,1.0,3.4793789556075287,207,17,190,0.0821256038647343,1.0,1.703296
gaussian,gaussian,250,200,0.8,20,96,200,10,190,192,2,190,0.05,1.0,0.010416666666666666,1.0,208,18,190,193,3,190,0.08653846153846154,1.0,0.015544041450777202,1.0,3.6154718675002497,200,10,190,0.05,1.0,3.406000674022472,208,18,190,0.08653846153846154,1.0,3.6623317005212432,199,9,190,0.04522613065326633,1.0,3.452445624682511,205,15,190,0.07317073170731707,1.0,1.661231
gaussian,gaussian,250,200,0.8,20,97,203,13,190,193,3,190,0.06403940886699508,1.0,0.015544041450777202,1.0,212,22,190,194,4,190,0.10377358490566038,1.0,0.020618556701030927,1.0,3.6075648681078385,202,12,190,0.0594059405940594,1.0,3.400482357100576,213,23,190,0.107981220657277,1.0,3.725532784440404,199,9,190,0.04522613065326633,1.0,3.540541958748577,207,17,190,0.0821256038647343,1.0,1.773464
gaussian,gaussian,250,200,0.8,20,98,205,15,190,191,1,190,0.07317073170731707,1.0,0.005235602094240838,1.0,218,28,190,193,3,190,0.12844036697247707,1.0,0.015544041450777202,1.0,3.5978052601859654,205,15,190,0.07317073170731707,1.0,3.396989970821001,218,28,190,0.12844036697247707,1.0,3.665495726833831,201,11,190,0.05472636815920398,1.0,3.445753050324624,215,25,190,0.11627906976744186,1.0,1.910968
gaussian,gaussian,250,200,0.8,20,99,200,10,190,190,0,190,0.05,1.0,0.0,1.0,216,26,190,191,1,190,0.12037037037037036,1.0,0.005235602094240838,1.0,3.6167598998839265,200,10,190,0.05,1.0,3.4045692749475984,218,28,190,0.12844036697247707,1.0,3.66850443587398,197,7,190,0.03553299492385787,1.0,3.443878274547891,214,24,190,0.11214953271028037,1.0,1.632416
gaussian,gaussian,250,200,0.8,20,100,205,15,190,191,1,190,0.07317073170731707,1.0,0.005235602094240838,1.0,215,25,190,192,2,190,0.11627906976744186,1.0,0.010416666666666666,1.0,3.598668357471107,205,15,190,0.07317073170731707,1.0,3.4224342782107273,215,25,190,0.11627906976744186,1.0,3.7015861471935425,201,11,190,0.05472636815920398,1.0,3.4532428294865247,212,22,190,0.10377358490566038,1.0,1.789709
gaussian,gaussian,250,200,0.8,20,101,204,14,190,193,3,190,0.06862745098039216,1.0,0.015544041450777202,1.0,218,28,190,194,4,190,0.12844036697247707,1.0,0.020618556701030927,1.0,3.6109383490712714,204,14,190,0.06862745098039216,1.0,3.387934577646556,223,33,190,0.14798206278026907,1.0,3.708794129655184,202,12,190,0.0594059405940594,1.0,3.4713504965092943,212,22,190,0.10377358490566038,1.0,1.659918
gaussian,gaussian,250,200,0.8,20,102,200,10,190,191,1,190,0.05,1.0,0.005235602094240838,1.0,209,19,190,192,2,190,0.09090909090909091,1.0,0.010416666666666666,1.0,3.620859629178315,200,10,190,0.05,1.0,3.4090063442722007,210,20,190,0.09523809523809523,1.0,3.6790613729066433,198,8,190,0.04040404040404041,1.0,3.491015268544102,207,17,190,0.0821256038647343,1.0,1.590121
gaussian,gaussian,250,200,0.8,20,103,198,8,190,190,0,190,0.04040404040404041,1.0,0.0,1.0,210,20,190,193,3,190,0.09523809523809523,1.0,0.015544041450777202,1.0,3.6411769280873707,199,9,190,0.04522613065326633,1.0,3.411412624660101,208,18,190,0.08653846153846154,1.0,3.6973970710550224,198,8,190,0.04040404040404041,1.0,3.4551299057916247,205,15,190,0.07317073170731707,1.0,1.833213
gaussian,gaussian,250,200,0.8,20,104,199,9,190,190,0,190,0.04522613065326633,1.0,0.0,1.0,212,22,190,191,1,190,0.10377358490566038,1.0,0.005235602094240838,1.0,3.6231159367615566,200,10,190,0.05,1.0,3.437169247815239,212,22,190,0.10377358490566038,1.0,3.7013536509053946,197,7,190,0.03553299492385787,1.0,3.4684496793534882,209,19,190,0.09090909090909091,1.0,1.726398
gaussian,gaussian,250,200,0.8,20,105,196,6,190,190,0,190,0.030612244897959183,1.0,0.0,1.0,208,18,190,191,1,190,0.08653846153846154,1.0,0.005235602094240838,1.0,3.624060607194854,196,6,190,0.030612244897959183,1.0,3.4157466693510194,207,17,190,0.0821256038647343,1.0,3.674425270621901,194,4,190,0.020618556701030927,1.0,3.4652203588959267,204,14,190,0.06862745098039216,1.0,1.695423
gaussian,gaussian,250,200,0.8,20,106,199,9,190,190,0,190,0.04522613065326633,1.0,0.0,1.0,211,21,190,192,2,190,0.0995260663507109,1.0,0.010416666666666666,1.0,3.6260189930346294,199,9,190,0.04522613065326633,1.0,3.412697908924384,210,20,190,0.09523809523809523,1.0,3.771792254891141,196,6,190,0.030612244897959183,1.0,3.500990907118809,203,13,190,0.06403940886699508,1.0,1.75327
gaussian,gaussian,250,200,0.8,20,107,198,8,190,191,1,190,0.04040404040404041,1.0,0.005235602094240838,1.0,209,19,190,192,2,190,0.09090909090909091,1.0,0.010416666666666666,1.0,3.693352868702667,198,8,190,0.04040404040404041,1.0,3.412764516484887,210,20,190,0.09523809523809523,1.0,3.693352868702667,198,8,190,0.04040404040404041,1.0,3.4682615713729934,206,16,190,0.07766990291262135,1.0,1.667991
gaussian,gaussian,250,200,0.8,20,108,206,16,190,190,0,190,0.07766990291262135,1.0,0.0,1.0,219,29,190,192,2,190,0.1324200913242009,1.0,0.010416666666666666,1.0,3.613813329188119,206,16,190,0.07766990291262135,1.0,3.392252483702941,219,29,190,0.1324200913242009,1.0,3.651739202935721,205,15,190,0.07317073170731707,1.0,3.4385721950407397,217,27,190,0.12442396313364056,1.0,1.62217
gaussian,gaussian,250,200,0.8,20,109,197,7,190,193,3,190,0.03553299492385787,1.0,0.015544041450777202,1.0,206,16,190,193,3,190,0.07766990291262135,1.0,0.015544041450777202,1.0,3.6050032090726862,198,8,190,0.04040404040404041,1.0,3.457971754397097,207,17,190,0.0821256038647343,1.0,3.815620930888957,195,5,190,0.02564102564102564,1.0,3.4732009086832596,205,15,190,0.07317073170731707,1.0,1.662421
gaussian,gaussian,250,200,0.8,20,110,198,8,190,190,0,190,0.04040404040404041,1.0,0.0,1.0,207,17,190,190,0,190,0.0821256038647343,1.0,0.0,1.0,3.6990727177683707,197,7,190,0.03553299492385787,1.0,3.4154824709404212,207,17,190,0.0821256038647343,1.0,3.6990727177683707,197,7,190,0.03553299492385787,1.0,3.4659251246283533,206,16,190,0.07766990291262135,1.0,2.003272
gaussian,gaussian,250,200,0.8,20,111,201,11,190,190,0,190,0.05472636815920398,1.0,0.0,1.0,218,28,190,190,0,190,0.12844036697247707,1.0,0.0,1.0,3.604064396586842,201,11,190,0.05472636815920398,1.0,3.395200811121293,215,25,190,0.11627906976744186,1.0,3.6785523381006837,198,8,190,0.04040404040404041,1.0,3.446428956085007,209,19,190,0.09090909090909091,1.0,1.577287
gaussian,gaussian,250,200,0.8,20,112,208,18,190,191,1,190,0.08653846153846154,1.0,0.005235602094240838,1.0,218,28,190,194,4,190,0.12844036697247707,1.0,0.020618556701030927,1.0,3.598358714872743,208,18,190,0.08653846153846154,1.0,3.401421676648967,218,28,190,0.12844036697247707,1.0,3.66843854102206,202,12,190,0.0594059405940594,1.0,3.447202477969869,215,25,190,0.11627906976744186,1.0,1.729923
gaussian,gaussian,250,200,0.8,20,113,200,10,190,190,0,190,0.05,1.0,0.0,1.0,211,21,190,192,2,190,0.0995260663507109,1.0,0.010416666666666666,1.0,3.6031982395833824,200,10,190,0.05,1.0,3.4048602141095707,213,23,190,0.107981220657277,1.0,3.7023864776806743,196,6,190,0.030612244897959183,1.0,3.4626470753195533,206,16,190,0.07766990291262135,1.0,1.62391
gaussian,gaussian,250,200,0.8,20,114,193,3,190,191,1,190,0.015544041450777202,1.0,0.005235602094240838,1.0,205,15,190,191,1,190,0.07317073170731707,1.0,0.005235602094240838,1.0,3.6105916205332296,195,5,190,0.02564102564102564,1.0,3.4275951249042396,204,14,190,0.06862745098039216,1.0,3.786497253087164,194,4,190,0.020618556701030927,1.0,3.482186371893153,202,12,190,0.0594059405940594,1.0,1.699461
gaussian,gaussian,250,200,0.8,20,115,201,11,190,190,0,190,0.05472636815920398,1.0,0.0,1.0,205,15,190,191,1,190,0.07317073170731707,1.0,0.005235602094240838,1.0,3.6222318337664747,200,10,190,0.05,1.0,3.419601892068496,205,15,190,0.07317073170731707,1.0,3.709923089971337,196,6,190,0.030612244897959183,1.0,3.554909426820611,203,13,190,0.06403940886699508,1.0,1.79975
gaussian,gaussian,250,200,0.8,20,116,197,7,190,191,1,190,0.03553299492385787,1.0,0.005235602094240838,1.0,204,14,190,191,1,190,0.06862745098039216,1.0,0.005235602094240838,1.0,3.611394717777455,197,7,190,0.03553299492385787,1.0,3.4041461135505884,207,17,190,0.0821256038647343,1.0,3.6679232317327837,196,6,190,0.030612244897959183,1.0,3.481934434137225,203,13,190,0.06403940886699508,1.0,1.74283
gaussian,gaussian,250,200,0.8,20,117,200,10,190,192,2,190,0.05,1.0,0.010416666666666666,1.0,212,22,190,193,3,190,0.10377358490566038,1.0,0.015544041450777202,1.0,3.6819828965624675,200,10,190,0.05,1.0,3.3972241884995835,213,23,190,0.107981220657277,1.0,3.6819828965624675,200,10,190,0.05,1.0,3.460999334994896,207,17,190,0.0821256038647343,1.0,1.715675
gaussian,gaussian,250,200,0.8,20,118,201,11,190,191,1,190,0.05472636815920398,1.0,0.005235602094240838,1.0,208,18,190,191,1,190,0.08653846153846154,1.0,0.005235602094240838,1.0,3.6150954051376245,200,10,190,0.05,1.0,3.4124686172245995,208,18,190,0.08653846153846154,1.0,3.6658931265378385,198,8,190,0.04040404040404041,1.0,3.5169136493779676,204,14,190,0.06862745098039216,1.0,1.65418
gaussian,gaussian,250,200,0.8,20,119,201,11,190,192,2,190,0.05472636815920398,1.0,0.010416666666666666,1.0,206,16,190,194,4,190,0.07766990291262135,1.0,0.020618556701030927,1.0,3.606886992821465,200,10,190,0.05,1.0,3.462486295814512,204,14,190,0.06862745098039216,1.0,3.7022806594966706,199,9,190,0.04522613065326633,1.0,3.462486295814512,204,14,190,0.06862745098039216,1.0,1.642206
gaussian,gaussian,250,200,0.8,20,120,209,19,190,193,3,190,0.09090909090909091,1.0,0.015544041450777202,1.0,225,35,190,196,6,190,0.15555555555555556,1.0,0.030612244897959183,1.0,3.596762459451011,208,18,190,0.08653846153846154,1.0,3.3870590089984063,226,36,190,0.1592920353982301,1.0,3.669354060991172,206,16,190,0.07766990291262135,1.0,3.4362979534420894,223,33,190,0.14798206278026907,1.0,1.716477
gaussian,gaussian,250,200,0.8,20,121,199,9,190,192,2,190,0.04522613065326633,1.0,0.010416666666666666,1.0,210,20,190,194,4,190,0.09523809523809523,1.0,0.020618556701030927,1.0,3.6046520131452513,201,11,190,0.05472636815920398,1.0,3.4051716793171103,211,21,190,0.0995260663507109,1.0,3.6786538329357503,197,7,190,0.03553299492385787,1.0,3.4832642552165285,207,17,190,0.0821256038647343,1.0,1.739821
gaussian,gaussian,250,200,0.8,20,122,204,14,190,192,2,190,0.06862745098039216,1.0,0.010416666666666666,1.0,219,29,190,195,5,190,0.1324200913242009,1.0,0.02564102564102564,1.0,3.647524664286494,205,15,190,0.07317073170731707,1.0,3.39940399955024,219,29,190,0.1324200913242009,1.0,3.647524664286494,205,15,190,0.07317073170731707,1.0,3.429987077481891,215,25,190,0.11627906976744186,1.0,1.769167
gaussian,gaussian,250,200,0.8,20,123,198,8,190,190,0,190,0.04040404040404041,1.0,0.0,1.0,205,15,190,190,0,190,0.07317073170731707,1.0,0.0,1.0,3.6286103149338573,198,8,190,0.04040404040404041,1.0,3.4127798965339577,207,17,190,0.0821256038647343,1.0,3.7060824548331164,195,5,190,0.02564102564102564,1.0,3.4794268894773914,204,14,190,0.06862745098039216,1.0,1.723157
gaussian,gaussian,250,200,0.8,20,124,204,14,190,191,1,190,0.06862745098039216,1.0,0.005235602094240838,1.0,216,26,190,193,3,190,0.12037037037037036,1.0,0.015544041450777202,1.0,3.597547328206273,205,15,190,0.07317073170731707,1.0,3.384656553605701,222,32,190,0.14414414414414414,1.0,3.7186148763744935,200,10,190,0.05,1.0,3.4837509592500524,209,19,190,0.09090909090909091,1.0,1.687633
gaussian,gaussian,250,200,0.8,20,125,202,12,190,192,2,190,0.0594059405940594,1.0,0.010416666666666666,1.0,209,19,190,194,4,190,0.09090909090909091,1.0,0.020618556701030927,1.0,3.6537738865929867,201,11,190,0.05472636815920398,1.0,3.4241912210935506,209,19,190,0.09090909090909091,1.0,3.709224619109268,200,10,190,0.05,1.0,3.4465927990535943,208,18,190,0.08653846153846154,1.0,1.645297
gaussian,gaussian,250,200,0.8,20,126,205,15,190,190,0,190,0.07317073170731707,1.0,0.0,1.0,214,24,190,190,0,190,0.11214953271028037,1.0,0.0,1.0,3.6058761516985225,202,12,190,0.0594059405940594,1.0,3.4759094757792095,213,23,190,0.107981220657277,1.0,3.637167211750785,200,10,190,0.05,1.0,3.4759094757792095,213,23,190,0.107981220657277,1.0,1.726282
gaussian,gaussian,250,200,0.8,20,127,203,13,190,191,1,190,0.06403940886699508,1.0,0.005235602094240838,1.0,211,21,190,191,1,190,0.0995260663507109,1.0,0.005235602094240838,1.0,3.6187865686715397,205,15,190,0.07317073170731707,1.0,3.394192035065405,215,25,190,0.11627906976744186,1.0,3.688735529344484,202,12,190,0.0594059405940594,1.0,3.4700383134179726,209,19,190,0.09090909090909091,1.0,1.660102
gaussian,gaussian,250,200,0.8,20,128,198,8,190,190,0,190,0.04040404040404041,1.0,0.0,1.0,209,19,190,191,1,190,0.09090909090909091,1.0,0.005235602094240838,1.0,3.629591711842209,198,8,190,0.04040404040404041,1.0,3.4082356988466,209,19,190,0.09090909090909091,1.0,3.703005270352873,196,6,190,0.030612244897959183,1.0,3.4720809596034403,205,15,190,0.07317073170731707,1.0,1.772243
gaussian,gaussian,250,200,0.8,20,129,204,14,190,192,2,190,0.06862745098039216,1.0,0.010416666666666666,1.0,216,26,190,193,3,190,0.12037037037037036,1.0,0.015544041450777202,1.0,3.640052491955551,204,14,190,0.06862745098039216,1.0,3.404110163221368,215,25,190,0.11627906976744186,1.0,3.6673506040879427,202,12,190,0.0594059405940594,1.0,3.449628274116827,210,20,190,0.09523809523809523,1.0,1.586452
gaussian,gaussian,250,200,0.8,20,130,200,10,190,191,1,190,0.05,1.0,0.005235602094240838,1.0,216,26,190,191,1,190,0.12037037037037036,1.0,0.005235602094240838,1.0,3.5996317435815794,201,11,190,0.05472636815920398,1.0,3.3972020201203055,215,25,190,0.11627906976744186,1.0,3.653981831503206,198,8,190,0.04040404040404041,1.0,3.4427377224528684,211,21,190,0.0995260663507109,1.0,1.893361
gaussian,gaussian,250,200,0.8,20,131,199,9,190,194,4,190,0.04522613065326633,1.0,0.020618556701030927,1.0,210,20,190,195,5,190,0.09523809523809523,1.0,0.02564102564102564,1.0,3.6166906602163316,199,9,190,0.04522613065326633,1.0,3.400628946639862,210,20,190,0.09523809523809523,1.0,3.6599365946870197,198,8,190,0.04040404040404041,1.0,3.430015966000861,208,18,190,0.08653846153846154,1.0,1.637398
gaussian,gaussian,250,200,0.8,20,132,200,10,190,192,2,190,0.05,1.0,0.010416666666666666,1.0,210,20,190,194,4,190,0.09523809523809523,1.0,0.020618556701030927,1.0,3.617976041850855,200,10,190,0.05,1.0,3.43858889108339,210,20,190,0.09523809523809523,1.0,3.646170284149663,199,9,190,0.04522613065326633,1.0,3.43858889108339,210,20,190,0.09523809523809523,1.0,1.563599
gaussian,gaussian,250,200,0.8,20,133,197,7,190,190,0,190,0.03553299492385787,1.0,0.0,1.0,207,17,190,190,0,190,0.0821256038647343,1.0,0.0,1.0,3.649716658954302,197,7,190,0.03553299492385787,1.0,3.422791885320241,207,17,190,0.0821256038647343,1.0,3.7700834790387487,195,5,190,0.02564102564102564,1.0,3.5129936168288105,200,10,190,0.05,1.0,1.880317
gaussian,gaussian,250,200,0.8,20,134,196,6,190,190,0,190,0.030612244897959183,1.0,0.0,1.0,209,19,190,190,0,190,0.09090909090909091,1.0,0.0,1.0,3.6483683313937045,196,6,190,0.030612244897959183,1.0,3.4085891147419973,209,19,190,0.09090909090909091,1.0,3.6691735786437403,195,5,190,0.02564102564102564,1.0,3.4494992229428028,205,15,190,0.07317073170731707,1.0,1.70078
gaussian,gaussian,250,200,0.8,20,135,201,11,190,191,1,190,0.05472636815920398,1.0,0.005235602094240838,1.0,209,19,190,192,2,190,0.09090909090909091,1.0,0.010416666666666666,1.0,3.6438740875266014,201,11,190,0.05472636815920398,1.0,3.4430568639745287,209,19,190,0.09090909090909091,1.0,3.658027561536517,199,9,190,0.04522613065326633,1.0,3.445652582758657,208,18,190,0.08653846153846154,1.0,1.689589
gaussian,gaussian,250,200,0.8,20,136,206,16,190,192,2,190,0.07766990291262135,1.0,0.010416666666666666,1.0,220,30,190,193,3,190,0.13636363636363635,1.0,0.015544041450777202,1.0,3.614773812056785,206,16,190,0.07766990291262135,1.0,3.3890406133351143,221,31,190,0.14027149321266968,1.0,3.7628126360215504,204,14,190,0.06862745098039216,1.0,3.441081384079949,217,27,190,0.12442396313364056,1.0,1.715261
gaussian,gaussian,250,200,0.8,20,137,196,6,190,191,1,190,0.030612244897959183,1.0,0.005235602094240838,1.0,209,19,190,192,2,190,0.09090909090909091,1.0,0.010416666666666666,1.0,3.729724660972671,196,6,190,0.030612244897959183,1.0,3.4188360339840287,207,17,190,0.0821256038647343,1.0,3.729724660972671,196,6,190,0.030612244897959183,1.0,3.4920812116637983,202,12,190,0.0594059405940594,1.0,1.683537
gaussian,gaussian,250,200,0.8,20,138,196,6,190,192,2,190,0.030612244897959183,1.0,0.010416666666666666,1.0,209,19,190,192,2,190,0.09090909090909091,1.0,0.010416666666666666,1.0,3.612705650534797,196,6,190,0.030612244897959183,1.0,3.4043814554061824,210,20,190,0.09523809523809523,1.0,3.7457124927608607,193,3,190,0.015544041450777202,1.0,3.4592284460506586,205,15,190,0.07317073170731707,1.0,1.569647
gaussian,gaussian,250,200,0.8,20,139,202,12,190,192,2,190,0.0594059405940594,1.0,0.010416666666666666,1.0,211,21,190,192,2,190,0.0995260663507109,1.0,0.010416666666666666,1.0,3.6075467789486195,202,12,190,0.0594059405940594,1.0,3.4036087371436534,211,21,190,0.0995260663507109,1.0,3.6801644645743137,197,7,190,0.03553299492385787,1.0,3.46357068697024,208,18,190,0.08653846153846154,1.0,1.796102
gaussian,gaussian,250,200,0.8,20,140,198,8,190,191,1,190,0.04040404040404041,1.0,0.005235602094240838,1.0,210,20,190,193,3,190,0.09523809523809523,1.0,0.015544041450777202,1.0,3.601572102252966,197,7,190,0.03553299492385787,1.0,3.411106857190096,210,20,190,0.09523809523809523,1.0,3.7131187858466874,196,6,190,0.030612244897959183,1.0,3.4622536843461287,203,13,190,0.06403940886699508,1.0,1.902105
gaussian,gaussian,250,200,0.8,20,141,203,13,190,190,0,190,0.06403940886699508,1.0,0.0,1.0,213,23,190,193,3,190,0.107981220657277,1.0,0.015544041450777202,1.0,3.607150549173342,203,13,190,0.06403940886699508,1.0,3.4154933916194428,212,22,190,0.10377358490566038,1.0,3.667294847510169,201,11,190,0.05472636815920398,1.0,3.4284123380369644,210,20,190,0.09523809523809523,1.0,1.605074
gaussian,gaussian,250,200,0.8,20,142,199,9,190,190,0,190,0.04522613065326633,1.0,0.0,1.0,210,20,190,191,1,190,0.09523809523809523,1.0,0.005235602094240838,1.0,3.6331830874560893,199,9,190,0.04522613065326633,1.0,3.403683022463217,212,22,190,0.10377358490566038,1.0,3.745115534977769,198,8,190,0.04040404040404041,1.0,3.4918827130292915,204,14,190,0.06862745098039216,1.0,1.701508
gaussian,gaussian,250,200,0.8,20,143,198,8,190,193,3,190,0.04040404040404041,1.0,0.015544041450777202,1.0,203,13,190,193,3,190,0.06403940886699508,1.0,0.015544041450777202,1.0,3.6150511618567465,198,8,190,0.04040404040404041,1.0,3.4735338426405447,203,13,190,0.06403940886699508,1.0,4.126910279446291,194,4,190,0.020618556701030927,1.0,3.4735338426405447,203,13,190,0.06403940886699508,1.0,1.690805
gaussian,gaussian,250,200,0.8,20,144,198,8,190,191,1,190,0.04040404040404041,1.0,0.005235602094240838,1.0,202,12,190,191,1,190,0.0594059405940594,1.0,0.005235602094240838,1.0,3.7588025814660257,195,5,190,0.02564102564102564,1.0,3.4146403257634077,202,12,190,0.0594059405940594,1.0,3.7588025814660257,195,5,190,0.02564102564102564,1.0,3.460789964360736,201,11,190,0.05472636815920398,1.0,1.667032
gaussian,gaussian,250,200,0.8,20,145,198,8,190,190,0,190,0.04040404040404041,1.0,0.0,1.0,205,15,190,190,0,190,0.07317073170731707,1.0,0.0,1.0,3.6178850501085624,198,8,190,0.04040404040404041,1.0,3.422587298765271,203,13,190,0.06403940886699508,1.0,3.6750687096032655,197,7,190,0.03553299492385787,1.0,3.493420581217861,202,12,190,0.0594059405940594,1.0,1.712072
gaussian,gaussian,250,200,0.8,20,146,198,8,190,191,1,190,0.04040404040404041,1.0,0.005235602094240838,1.0,207,17,190,191,1,190,0.0821256038647343,1.0,0.005235602094240838,1.0,3.613895374745935,198,8,190,0.04040404040404041,1.0,3.407695721748151,208,18,190,0.08653846153846154,1.0,3.715152159609092,196,6,190,0.030612244897959183,1.0,3.4747586626344855,205,15,190,0.07317073170731707,1.0,1.923996
gaussian,gaussian,250,200,0.8,20,147,205,15,190,190,0,190,0.07317073170731707,1.0,0.0,1.0,216,26,190,193,3,190,0.12037037037037036,1.0,0.015544041450777202,1.0,3.623944180058902,205,15,190,0.07317073170731707,1.0,3.3956097409402086,217,27,190,0.12442396313364056,1.0,3.6589686713500322,204,14,190,0.06862745098039216,1.0,3.46620630100577,214,24,190,0.11214953271028037,1.0,1.644455
gaussian,gaussian,250,200,0.8,20,148,205,15,190,192,2,190,0.07317073170731707,1.0,0.010416666666666666,1.0,220,30,190,192,2,190,0.13636363636363635,1.0,0.010416666666666666,1.0,3.5900074520394627,206,16,190,0.07766990291262135,1.0,3.394725909247391,220,30,190,0.13636363636363635,1.0,3.6774608151711545,202,12,190,0.0594059405940594,1.0,3.4551913091727013,214,24,190,0.11214953271028037,1.0,1.63774
gaussian,gaussian,250,200,0.8,20,149,201,11,190,191,1,190,0.05472636815920398,1.0,0.005235602094240838,1.0,215,25,190,191,1,190,0.11627906976744186,1.0,0.005235602094240838,1.0,3.638406854897483,201,11,190,0.05472636815920398,1.0,3.438218357726115,215,25,190,0.11627906976744186,1.0,3.681825876654655,196,6,190,0.030612244897959183,1.0,3.4522671325663055,214,24,190,0.11214953271028037,1.0,1.726558
gaussian,gaussian,250,200,0.8,20,150,200,10,190,193,3,190,0.05,1.0,0.015544041450777202,1.0,205,15,190,194,4,190,0.07317073170731707,1.0,0.020618556701030927,1.0,3.643490901341521,200,10,190,0.05,1.0,3.411986012281162,205,15,190,0.07317073170731707,1.0,3.743915193330405,199,9,190,0.04522613065326633,1.0,3.4547239933312257,203,13,190,0.06403940886699508,1.0,1.612363
gaussian,gaussian,250,200,0.8,20,151,198,8,190,192,2,190,0.04040404040404041,1.0,0.010416666666666666,1.0,214,24,190,193,3,190,0.11214953271028037,1.0,0.015544041450777202,1.0,3.6046386615584596,198,8,190,0.04040404040404041,1.0,3.410846918600634,214,24,190,0.11214953271028037,1.0,3.924860703390839,195,5,190,0.02564102564102564,1.0,3.456038569480382,212,22,190,0.10377358490566038,1.0,1.748372
gaussian,gaussian,250,200,0.8,20,152,203,13,190,193,3,190,0.06403940886699508,1.0,0.015544041450777202,1.0,214,24,190,194,4,190,0.11214953271028037,1.0,0.020618556701030927,1.0,3.593529425957905,204,14,190,0.06862745098039216,1.0,3.407015385909936,213,23,190,0.107981220657277,1.0,3.690211016408624,202,12,190,0.0594059405940594,1.0,3.4510799521674715,212,22,190,0.10377358490566038,1.0,1.746763
gaussian,gaussian,250,200,0.8,20,153,200,10,190,192,2,190,0.05,1.0,0.010416666666666666,1.0,213,23,190,192,2,190,0.107981220657277,1.0,0.010416666666666666,1.0,3.6018896694501152,201,11,190,0.05472636815920398,1.0,3.419960652677475,213,23,190,0.107981220657277,1.0,3.750606084470559,196,6,190,0.030612244897959183,1.0,3.4493113930072297,209,19,190,0.09090909090909091,1.0,1.744996
gaussian,gaussian,250,200,0.8,20,154,203,13,190,190,0,190,0.06403940886699508,1.0,0.0,1.0,215,25,190,192,2,190,0.11627906976744186,1.0,0.010416666666666666,1.0,3.6210223491209246,202,12,190,0.0594059405940594,1.0,3.393426517263677,215,25,190,0.11627906976744186,1.0,3.7648855757342625,201,11,190,0.05472636815920398,1.0,3.4478058726172134,212,22,190,0.10377358490566038,1.0,1.697995
gaussian,gaussian,250,200,0.8,20,155,198,8,190,191,1,190,0.04040404040404041,1.0,0.005235602094240838,1.0,210,20,190,192,2,190,0.09523809523809523,1.0,0.010416666666666666,1.0,3.6653363302938495,198,8,190,0.04040404040404041,1.0,3.411988268057439,210,20,190,0.09523809523809523,1.0,3.6653363302938495,198,8,190,0.04040404040404041,1.0,3.4541711424230352,209,19,190,0.09090909090909091,1.0,1.684013
gaussian,gaussian,250,200,0.8,20,156,200,10,190,190,0,190,0.05,1.0,0.0,1.0,218,28,190,193,3,190,0.12844036697247707,1.0,0.015544041450777202,1.0,3.602223142653183,200,10,190,0.05,1.0,3.3904006471223176,218,28,190,0.12844036697247707,1.0,3.7006091156701615,197,7,190,0.03553299492385787,1.0,3.457624761171819,211,21,190,0.0995260663507109,1.0,1.720193
gaussian,gaussian,250,200,0.8,20,157,204,14,190,190,0,190,0.06862745098039216,1.0,0.0,1.0,215,25,190,194,4,190,0.11627906976744186,1.0,0.020618556701030927,1.0,3.593274113437542,205,15,190,0.07317073170731707,1.0,3.400547563096973,215,25,190,0.11627906976744186,1.0,3.6710280644537456,204,14,190,0.06862745098039216,1.0,3.4696565417528626,211,21,190,0.0995260663507109,1.0,1.657309
gaussian,gaussian,250,200,0.8,20,158,202,12,190,192,2,190,0.0594059405940594,1.0,0.010416666666666666,1.0,220,30,190,193,3,190,0.13636363636363635,1.0,0.015544041450777202,1.0,3.600575472621914,203,13,190,0.06403940886699508,1.0,3.411379763447663,220,30,190,0.13636363636363635,1.0,3.6986266778711405,197,7,190,0.03553299492385787,1.0,3.4308858653957355,218,28,190,0.12844036697247707,1.0,1.827721
gaussian,gaussian,250,200,0.8,20,159,195,5,190,191,1,190,0.02564102564102564,1.0,0.005235602094240838,1.0,202,12,190,192,2,190,0.0594059405940594,1.0,0.010416666666666666,1.0,3.6674663522032116,195,5,190,0.02564102564102564,1.0,3.4349167351975307,202,12,190,0.0594059405940594,1.0,3.793912128299693,193,3,190,0.015544041450777202,1.0,3.492724471050698,200,10,190,0.05,1.0,1.683965
gaussian,gaussian,250,200,0.8,20,160,199,9,190,191,1,190,0.04522613065326633,1.0,0.005235602094240838,1.0,204,14,190,192,2,190,0.06862745098039216,1.0,0.010416666666666666,1.0,3.597905894341141,201,11,190,0.05472636815920398,1.0,3.483171185814657,204,14,190,0.06862745098039216,1.0,3.678194441755843,198,8,190,0.04040404040404041,1.0,3.483171185814657,204,14,190,0.06862745098039216,1.0,1.7265
gaussian,gaussian,250,200,0.8,20,161,198,8,190,191,1,190,0.04040404040404041,1.0,0.005235602094240838,1.0,205,15,190,191,1,190,0.07317073170731707,1.0,0.005235602094240838,1.0,3.6515530442486823,197,7,190,0.03553299492385787,1.0,3.427799308887064,205,15,190,0.07317073170731707,1.0,3.6515530442486823,197,7,190,0.03553299492385787,1.0,3.4628033767565385,204,14,190,0.06862745098039216,1.0,1.584954
gaussian,gaussian,250,200,0.8,20,162,198,8,190,191,1,190,0.04040404040404041,1.0,0.005235602094240838,1.0,207,17,190,191,1,190,0.0821256038647343,1.0,0.005235602094240838,1.0,3.6399660942062457,196,6,190,0.030612244897959183,1.0,3.4046788888588146,208,18,190,0.08653846153846154,1.0,3.6717887594467746,195,5,190,0.02564102564102564,1.0,3.5111978431565976,201,11,190,0.05472636815920398,1.0,1.723682
gaussian,gaussian,250,200,0.8,20,163,198,8,190,190,0,190,0.04040404040404041,1.0,0.0,1.0,216,26,190,190,0,190,0.12037037037037036,1.0,0.0,1.0,3.619379524960365,199,9,190,0.04522613065326633,1.0,3.3979042192977476,217,27,190,0.12442396313364056,1.0,3.6420849973350955,198,8,190,0.04040404040404041,1.0,3.432708776990997,215,25,190,0.11627906976744186,1.0,1.745904
gaussian,gaussian,250,200,0.8,20,164,198,8,190,190,0,190,0.04040404040404041,1.0,0.0,1.0,212,22,190,190,0,190,0.10377358490566038,1.0,0.0,1.0,3.622299971947203,198,8,190,0.04040404040404041,1.0,3.40584885855954,213,23,190,0.107981220657277,1.0,3.738542373481139,193,3,190,0.015544041450777202,1.0,3.4844061595491653,207,17,190,0.0821256038647343,1.0,1.70239
gaussian,gaussian,250,200,0.8,20,165,207,17,190,193,3,190,0.0821256038647343,1.0,0.015544041450777202,1.0,220,30,190,193,3,190,0.13636363636363635,1.0,0.015544041450777202,1.0,3.590257201857849,207,17,190,0.0821256038647343,1.0,3.391397741700123,217,27,190,0.12442396313364056,1.0,3.708055023999336,201,11,190,0.05472636815920398,1.0,3.452041672631005,215,25,190,0.11627906976744186,1.0,1.745518
gaussian,gaussian,250,200,0.8,20,166,201,11,190,190,0,190,0.05472636815920398,1.0,0.0,1.0,213,23,190,190,0,190,0.107981220657277,1.0,0.0,1.0,3.6490485919664635,201,11,190,0.05472636815920398,1.0,3.3909176856258116,219,29,190,0.1324200913242009,1.0,3.696541261612065,197,7,190,0.03553299492385787,1.0,3.4977065430088965,207,17,190,0.0821256038647343,1.0,1.756511
gaussian,gaussian,250,200,0.8,20,167,204,14,190,191,1,190,0.06862745098039216,1.0,0.005235602094240838,1.0,216,26,190,191,1,190,0.12037037037037036,1.0,0.005235602094240838,1.0,3.593383413698086,204,14,190,0.06862745098039216,1.0,3.4263812125579927,215,25,190,0.11627906976744186,1.0,3.7264141890510034,198,8,190,0.04040404040404041,1.0,3.4724009840387,213,23,190,0.107981220657277,1.0,1.655548
gaussian,gaussian,250,200,0.8,20,168,203,13,190,191,1,190,0.06403940886699508,1.0,0.005235602094240838,1.0,217,27,190,191,1,190,0.12442396313364056,1.0,0.005235602094240838,1.0,3.6009461420952236,203,13,190,0.06403940886699508,1.0,3.4037051566231935,217,27,190,0.12442396313364056,1.0,3.6764031496442016,199,9,190,0.04522613065326633,1.0,3.474186064071429,211,21,190,0.0995260663507109,1.0,1.583546
gaussian,gaussian,250,200,0.8,20,169,205,15,190,190,0,190,0.07317073170731707,1.0,0.0,1.0,220,30,190,193,3,190,0.13636363636363635,1.0,0.015544041450777202,1.0,3.610554722089271,205,15,190,0.07317073170731707,1.0,3.3974732256446307,221,31,190,0.14027149321266968,1.0,3.6664958416979685,204,14,190,0.06862745098039216,1.0,3.470696024575056,219,29,190,0.1324200913242009,1.0,1.815152
gaussian,gaussian,250,200,0.8,20,170,197,7,190,190,0,190,0.03553299492385787,1.0,0.0,1.0,207,17,190,190,0,190,0.0821256038647343,1.0,0.0,1.0,3.6123384265778813,196,6,190,0.030612244897959183,1.0,3.4155383174261487,207,17,190,0.0821256038647343,1.0,3.6794532639136586,194,4,190,0.020618556701030927,1.0,3.4917009514900497,202,12,190,0.0594059405940594,1.0,1.855082
gaussian,gaussian,250,200,0.8,20,171,195,5,190,191,1,190,0.02564102564102564,1.0,0.005235602094240838,1.0,213,23,190,192,2,190,0.107981220657277,1.0,0.010416666666666666,1.0,3.6247826166671753,195,5,190,0.02564102564102564,1.0,3.411997658580632,213,23,190,0.107981220657277,1.0,3.6518975663979583,194,4,190,0.020618556701030927,1.0,3.4508177534003206,212,22,190,0.10377358490566038,1.0,1.591368
gaussian,gaussian,250,200,0.8,20,172,197,7,190,192,2,190,0.03553299492385787,1.0,0.010416666666666666,1.0,208,18,190,193,3,190,0.08653846153846154,1.0,0.015544041450777202,1.0,3.689582474244665,195,5,190,0.02564102564102564,1.0,3.4158501867171704,205,15,190,0.07317073170731707,1.0,3.689582474244665,195,5,190,0.02564102564102564,1.0,3.4534145123420275,203,13,190,0.06403940886699508,1.0,1.832466
gaussian,gaussian,250,200,0.8,20,173,200,10,190,190,0,190,0.05,1.0,0.0,1.0,211,21,190,191,1,190,0.0995260663507109,1.0,0.005235602094240838,1.0,3.6087193391926817,200,10,190,0.05,1.0,3.4249611000830273,211,21,190,0.0995260663507109,1.0,3.670077499886018,197,7,190,0.03553299492385787,1.0,3.4635932613587572,207,17,190,0.0821256038647343,1.0,1.58243
gaussian,gaussian,250,200,0.8,20,174,196,6,190,190,0,190,0.030612244897959183,1.0,0.0,1.0,206,16,190,190,0,190,0.07766990291262135,1.0,0.0,1.0,3.7141819696585014,196,6,190,0.030612244897959183,1.0,3.409985812337546,208,18,190,0.08653846153846154,1.0,3.7141819696585014,196,6,190,0.030612244897959183,1.0,3.493462973320444,205,15,190,0.07317073170731707,1.0,1.616444
gaussian,gaussian,250,200,0.8,20,175,197,7,190,191,1,190,0.03553299492385787,1.0,0.005235602094240838,1.0,214,24,190,192,2,190,0.11214953271028037,1.0,0.010416666666666666,1.0,3.647161490131031,196,6,190,0.030612244897959183,1.0,3.397151039152825,213,23,190,0.107981220657277,1.0,3.647161490131031,196,6,190,0.030612244897959183,1.0,3.4262168473366112,209,19,190,0.09090909090909091,1.0,1.795893
gaussian,gaussian,250,200,0.8,20,176,207,17,190,190,0,190,0.0821256038647343,1.0,0.0,1.0,215,25,190,191,1,190,0.11627906976744186,1.0,0.005235602094240838,1.0,3.5902675794048817,208,18,190,0.08653846153846154,1.0,3.388798089947769,219,29,190,0.1324200913242009,1.0,3.6627528453247966,203,13,190,0.06403940886699508,1.0,3.478811707052722,214,24,190,0.11214953271028037,1.0,1.828426
gaussian,gaussian,250,200,0.8,20,177,199,9,190,191,1,190,0.04522613065326633,1.0,0.005235602094240838,1.0,204,14,190,191,1,190,0.06862745098039216,1.0,0.005235602094240838,1.0,3.6334760369853187,199,9,190,0.04522613065326633,1.0,3.4091720193289636,206,16,190,0.07766990291262135,1.0,3.7387313637093174,197,7,190,0.03553299492385787,1.0,3.5004751112167747,201,11,190,0.05472636815920398,1.0,1.566111
gaussian,gaussian,250,200,0.8,20,178,201,11,190,190,0,190,0.05472636815920398,1.0,0.0,1.0,208,18,190,190,0,190,0.08653846153846154,1.0,0.0,1.0,3.6069237852603937,201,11,190,0.05472636815920398,1.0,3.399807681049804,210,20,190,0.09523809523809523,1.0,3.7851509722405474,195,5,190,0.02564102564102564,1.0,3.4905139673390435,204,14,190,0.06862745098039216,1.0,1.721172
gaussian,gaussian,250,200,0.8,20,179,197,7,190,191,1,190,0.03553299492385787,1.0,0.005235602094240838,1.0,204,14,190,191,1,190,0.06862745098039216,1.0,0.005235602094240838,1.0,3.667628227416607,196,6,190,0.030612244897959183,1.0,3.4064058018543477,206,16,190,0.07766990291262135,1.0,3.6943092490716376,195,5,190,0.02564102564102564,1.0,3.475709579690223,204,14,190,0.06862745098039216,1.0,1.776146
gaussian,gaussian,250,200,0.8,20,180,200,10,190,191,1,190,0.05,1.0,0.005235602094240838,1.0,213,23,190,192,2,190,0.107981220657277,1.0,0.010416666666666666,1.0,3.685299371370687,199,9,190,0.04522613065326633,1.0,3.402551915700977,214,24,190,0.11214953271028037,1.0,3.685299371370687,199,9,190,0.04522613065326633,1.0,3.4624366414588548,207,17,190,0.0821256038647343,1.0,1.616958
gaussian,gaussian,250,200,0.8,20,181,196,6,190,190,0,190,0.030612244897959183,1.0,0.0,1.0,207,17,190,190,0,190,0.0821256038647343,1.0,0.0,1.0,3.6665804027918614,196,6,190,0.030612244897959183,1.0,3.4120673613371637,208,18,190,0.08653846153846154,1.0,3.674585727163693,195,5,190,0.02564102564102564,1.0,3.4620514340336577,201,11,190,0.05472636815920398,1.0,1.719008
gaussian,gaussian,250,200,0.8,20,182,201,11,190,192,2,190,0.05472636815920398,1.0,0.010416666666666666,1.0,211,21,190,193,3,190,0.0995260663507109,1.0,0.015544041450777202,1.0,3.609183966442428,200,10,190,0.05,1.0,3.3982091061685105,212,22,190,0.10377358490566038,1.0,3.666030045189142,199,9,190,0.04522613065326633,1.0,3.4883516693547,209,19,190,0.09090909090909091,1.0,1.824189
gaussian,gaussian,250,200,0.8,20,183,201,11,190,190,0,190,0.05472636815920398,1.0,0.0,1.0,213,23,190,190,0,190,0.107981220657277,1.0,0.0,1.0,3.6031460638946236,201,11,190,0.05472636815920398,1.0,3.413950936099957,212,22,190,0.10377358490566038,1.0,3.6833873151427525,197,7,190,0.03553299492385787,1.0,3.467743725336533,209,19,190,0.09090909090909091,1.0,1.643804
gaussian,gaussian,250,200,0.8,20,184,203,13,190,194,4,190,0.06403940886699508,1.0,0.020618556701030927,1.0,213,23,190,196,6,190,0.107981220657277,1.0,0.030612244897959183,1.0,3.61790054285998,203,13,190,0.06403940886699508,1.0,3.4042457276190423,215,25,190,0.11627906976744186,1.0,3.784780484444748,201,11,190,0.05472636815920398,1.0,3.465174131235247,209,19,190,0.09090909090909091,1.0,1.659289
gaussian,gaussian,250,200,0.8,20,185,196,6,190,191,1,190,0.030612244897959183,1.0,0.005235602094240838,1.0,206,16,190,192,2,190,0.07766990291262135,1.0,0.010416666666666666,1.0,3.6031171365011705,198,8,190,0.04040404040404041,1.0,3.4267670423693533,205,15,190,0.07317073170731707,1.0,3.7874506510088337,196,6,190,0.030612244897959183,1.0,3.479077071102086,204,14,190,0.06862745098039216,1.0,1.801573
gaussian,gaussian,250,200,0.8,20,186,201,11,190,192,2,190,0.05472636815920398,1.0,0.010416666666666666,1.0,215,25,190,192,2,190,0.11627906976744186,1.0,0.010416666666666666,1.0,3.6086646410584,202,12,190,0.0594059405940594,1.0,3.393922144870739,216,26,190,0.12037037037037036,1.0,3.810829465012178,196,6,190,0.030612244897959183,1.0,3.498647624106253,213,23,190,0.107981220657277,1.0,1.595243
gaussian,gaussian,250,200,0.8,20,187,197,7,190,190,0,190,0.03553299492385787,1.0,0.0,1.0,215,25,190,190,0,190,0.11627906976744186,1.0,0.0,1.0,3.6944686779538594,197,7,190,0.03553299492385787,1.0,3.39680735107292,215,25,190,0.11627906976744186,1.0,3.6944686779538594,197,7,190,0.03553299492385787,1.0,3.4570390218416196,208,18,190,0.08653846153846154,1.0,1.720081
gaussian,gaussian,250,200,0.8,20,188,198,8,190,190,0,190,0.04040404040404041,1.0,0.0,1.0,208,18,190,191,1,190,0.08653846153846154,1.0,0.005235602094240838,1.0,3.654483984552837,197,7,190,0.03553299492385787,1.0,3.4422842991371025,208,18,190,0.08653846153846154,1.0,3.654483984552837,197,7,190,0.03553299492385787,1.0,3.4422842991371025,208,18,190,0.08653846153846154,1.0,1.829866
gaussian,gaussian,250,200,0.8,20,189,198,8,190,190,0,190,0.04040404040404041,1.0,0.0,1.0,208,18,190,190,0,190,0.08653846153846154,1.0,0.0,1.0,3.6466546921295038,197,7,190,0.03553299492385787,1.0,3.4009655656379216,209,19,190,0.09090909090909091,1.0,3.7784033966090473,195,5,190,0.02564102564102564,1.0,3.4947198986107972,203,13,190,0.06403940886699508,1.0,1.611898
gaussian,gaussian,250,200,0.8,20,190,202,12,190,191,1,190,0.0594059405940594,1.0,0.005235602094240838,1.0,211,21,190,192,2,190,0.0995260663507109,1.0,0.010416666666666666,1.0,3.5959676001610474,202,12,190,0.0594059405940594,1.0,3.423998338890064,210,20,190,0.09523809523809523,1.0,3.682275001250803,198,8,190,0.04040404040404041,1.0,3.443487776723789,209,19,190,0.09090909090909091,1.0,1.773853
gaussian,gaussian,250,200,0.8,20,191,197,7,190,193,3,190,0.03553299492385787,1.0,0.015544041450777202,1.0,211,21,190,193,3,190,0.0995260663507109,1.0,0.015544041450777202,1.0,3.5992352238221996,199,9,190,0.04522613065326633,1.0,3.4130676078221427,214,24,190,0.11214953271028037,1.0,3.6801193698172194,197,7,190,0.03553299492385787,1.0,3.46148587025244,209,19,190,0.09090909090909091,1.0,1.587878
gaussian,gaussian,250,200,0.8,20,192,199,9,190,193,3,190,0.04522613065326633,1.0,0.015544041450777202,1.0,216,26,190,193,3,190,0.12037037037037036,1.0,0.015544041450777202,1.0,3.6502781923392624,199,9,190,0.04522613065326633,1.0,3.4005969747084577,216,26,190,0.12037037037037036,1.0,3.699685155331243,198,8,190,0.04040404040404041,1.0,3.456103966199305,209,19,190,0.09090909090909091,1.0,1.76362
gaussian,gaussian,250,200,0.8,20,193,206,16,190,191,1,190,0.07766990291262135,1.0,0.005235602094240838,1.0,219,29,190,195,5,190,0.1324200913242009,1.0,0.02564102564102564,1.0,3.5895997345867783,207,17,190,0.0821256038647343,1.0,3.385806924205645,223,33,190,0.14798206278026907,1.0,3.6794135979990283,201,11,190,0.05472636815920398,1.0,3.4462576364633675,214,24,190,0.11214953271028037,1.0,1.724375
gaussian,gaussian,250,200,0.8,20,194,198,8,190,190,0,190,0.04040404040404041,1.0,0.0,1.0,208,18,190,191,1,190,0.08653846153846154,1.0,0.005235602094240838,1.0,3.611554820222344,198,8,190,0.04040404040404041,1.0,3.403770569941514,207,17,190,0.0821256038647343,1.0,3.7797202884951906,193,3,190,0.015544041450777202,1.0,3.474628622558639,204,14,190,0.06862745098039216,1.0,1.789925
gaussian,gaussian,250,200,0.8,20,195,204,14,190,190,0,190,0.06862745098039216,1.0,0.0,1.0,214,24,190,192,2,190,0.11214953271028037,1.0,0.010416666666666666,1.0,3.5950451095978035,203,13,190,0.06403940886699508,1.0,3.4093574453867026,214,24,190,0.11214953271028037,1.0,3.6593475943513276,199,9,190,0.04522613065326633,1.0,3.4899084882486444,210,20,190,0.09523809523809523,1.0,1.843037
gaussian,gaussian,250,200,0.8,20,196,197,7,190,190,0,190,0.03553299492385787,1.0,0.0,1.0,212,22,190,190,0,190,0.10377358490566038,1.0,0.0,1.0,3.615685264432221,200,10,190,0.05,1.0,3.4040304846547325,215,25,190,0.11627906976744186,1.0,3.727749561863964,195,5,190,0.02564102564102564,1.0,3.4655739813889093,211,21,190,0.0995260663507109,1.0,1.648023
gaussian,gaussian,250,200,0.8,20,197,197,7,190,190,0,190,0.03553299492385787,1.0,0.0,1.0,205,15,190,190,0,190,0.07317073170731707,1.0,0.0,1.0,3.6071886715149755,197,7,190,0.03553299492385787,1.0,3.502758058181967,204,14,190,0.06862745098039216,1.0,3.7592316399995362,193,3,190,0.015544041450777202,1.0,3.502758058181967,204,14,190,0.06862745098039216,1.0,1.628257
gaussian,gaussian,250,200,0.8,20,198,200,10,190,190,0,190,0.05,1.0,0.0,1.0,205,15,190,190,0,190,0.07317073170731707,1.0,0.0,1.0,3.6097440553059523,199,9,190,0.04522613065326633,1.0,3.4645575572680345,205,15,190,0.07317073170731707,1.0,3.7436234348512376,196,6,190,0.030612244897959183,1.0,3.507548802642903,204,14,190,0.06862745098039216,1.0,1.70403
gaussian,gaussian,250,200,0.8,20,199,194,4,190,190,0,190,0.020618556701030927,1.0,0.0,1.0,199,9,190,190,0,190,0.04522613065326633,1.0,0.0,1.0,3.707591417968468,194,4,190,0.020618556701030927,1.0,3.4407186711880087,199,9,190,0.04522613065326633,1.0,3.707591417968468,194,4,190,0.020618556701030927,1.0,3.496786945045633,198,8,190,0.04040404040404041,1.0,1.714912
gaussian,gaussian,250,200,0.8,20,200,197,7,190,191,1,190,0.03553299492385787,1.0,0.005235602094240838,1.0,202,12,190,192,2,190,0.0594059405940594,1.0,0.010416666666666666,1.0,3.604157940770647,198,8,190,0.04040404040404041,1.0,3.4278917529665254,202,12,190,0.0594059405940594,1.0,3.711314209769022,196,6,190,0.030612244897959183,1.0,3.49807165447762,200,10,190,0.05,1.0,1.781492
gaussian,gaussian,250,200,0.8,20,201,196,6,190,190,0,190,0.030612244897959183,1.0,0.0,1.0,207,17,190,191,1,190,0.0821256038647343,1.0,0.005235602094240838,1.0,3.6334621746829967,195,5,190,0.02564102564102564,1.0,3.435427884555003,203,13,190,0.06403940886699508,1.0,3.6887638104347586,194,4,190,0.020618556701030927,1.0,3.441659422889422,202,12,190,0.0594059405940594,1.0,1.760472
gaussian,gaussian,250,200,0.8,20,202,201,11,190,190,0,190,0.05472636815920398,1.0,0.0,1.0,213,23,190,191,1,190,0.107981220657277,1.0,0.005235602094240838,1.0,3.6646422872347433,201,11,190,0.05472636815920398,1.0,3.39977909942736,213,23,190,0.107981220657277,1.0,3.6646422872347433,201,11,190,0.05472636815920398,1.0,3.4641439097880746,207,17,190,0.0821256038647343,1.0,1.774805
gaussian,gaussian,250,200,0.8,20,203,206,16,190,190,0,190,0.07766990291262135,1.0,0.0,1.0,216,26,190,191,1,190,0.12037037037037036,1.0,0.005235602094240838,1.0,3.598709701933698,207,17,190,0.0821256038647343,1.0,3.435996004337565,216,26,190,0.12037037037037036,1.0,3.6994519427848633,201,11,190,0.05472636815920398,1.0,3.460214617553189,214,24,190,0.11214953271028037,1.0,1.610093
gaussian,gaussian,250,200,0.8,20,204,197,7,190,192,2,190,0.03553299492385787,1.0,0.010416666666666666,1.0,213,23,190,192,2,190,0.107981220657277,1.0,0.010416666666666666,1.0,3.6393644342474807,197,7,190,0.03553299492385787,1.0,3.4102698123304886,212,22,190,0.10377358490566038,1.0,3.6393644342474807,197,7,190,0.03553299492385787,1.0,3.429392017366222,211,21,190,0.0995260663507109,1.0,1.686782
gaussian,gaussian,250,200,0.8,20,205,203,13,190,191,1,190,0.06403940886699508,1.0,0.005235602094240838,1.0,215,25,190,191,1,190,0.11627906976744186,1.0,0.005235602094240838,1.0,3.614180249667489,203,13,190,0.06403940886699508,1.0,3.3935451545245585,217,27,190,0.12442396313364056,1.0,3.693961503670341,201,11,190,0.05472636815920398,1.0,3.435879246958039,213,23,190,0.107981220657277,1.0,1.812681
gaussian,gaussian,250,200,0.8,20,206,201,11,190,193,3,190,0.05472636815920398,1.0,0.015544041450777202,1.0,211,21,190,194,4,190,0.0995260663507109,1.0,0.020618556701030927,1.0,3.6412163970171196,201,11,190,0.05472636815920398,1.0,3.412100979416441,209,19,190,0.09090909090909091,1.0,3.6412163970171196,201,11,190,0.05472636815920398,1.0,3.495809614179137,205,15,190,0.07317073170731707,1.0,1.846975
gaussian,gaussian,250,200,0.8,20,207,197,7,190,192,2,190,0.03553299492385787,1.0,0.010416666666666666,1.0,213,23,190,192,2,190,0.107981220657277,1.0,0.010416666666666666,1.0,3.5990192291286767,199,9,190,0.04522613065326633,1.0,3.3957794338455827,214,24,190,0.11214953271028037,1.0,3.6824033655877604,196,6,190,0.030612244897959183,1.0,3.4580087817350895,208,18,190,0.08653846153846154,1.0,1.649176
gaussian,gaussian,250,200,0.8,20,208,200,10,190,192,2,190,0.05,1.0,0.010416666666666666,1.0,207,17,190,193,3,190,0.0821256038647343,1.0,0.015544041450777202,1.0,3.6334607815912308,200,10,190,0.05,1.0,3.423772258549195,207,17,190,0.0821256038647343,1.0,3.804228429024957,196,6,190,0.030612244897959183,1.0,3.499200842612309,204,14,190,0.06862745098039216,1.0,1.845251
gaussian,gaussian,250,200,0.8,20,209,197,7,190,191,1,190,0.03553299492385787,1.0,0.005235602094240838,1.0,211,21,190,191,1,190,0.0995260663507109,1.0,0.005235602094240838,1.0,3.623348208811039,197,7,190,0.03553299492385787,1.0,3.4135258130321295,211,21,190,0.0995260663507109,1.0,3.7102611597341677,195,5,190,0.02564102564102564,1.0,3.4796146184953796,207,17,190,0.0821256038647343,1.0,1.595291
gaussian,gaussian,250,200,0.8,20,210,204,14,190,190,0,190,0.06862745098039216,1.0,0.0,1.0,212,22,190,191,1,190,0.10377358490566038,1.0,0.005235602094240838,1.0,3.5947934966138857,205,15,190,0.07317073170731707,1.0,3.4157150213437006,213,23,190,0.107981220657277,1.0,3.7016486494258625,198,8,190,0.04040404040404041,1.0,3.5041450260482923,211,21,190,0.0995260663507109,1.0,1.766104
gaussian,gaussian,250,200,0.8,20,211,203,13,190,190,0,190,0.06403940886699508,1.0,0.0,1.0,216,26,190,192,2,190,0.12037037037037036,1.0,0.010416666666666666,1.0,3.5990665456602944,206,16,190,0.07766990291262135,1.0,3.41043666362868,217,27,190,0.12442396313364056,1.0,3.6454377375369025,202,12,190,0.0594059405940594,1.0,3.442765894815404,216,26,190,0.12037037037037036,1.0,1.870562
gaussian,gaussian,250,200,0.8,20,212,198,8,190,190,0,190,0.04040404040404041,1.0,0.0,1.0,206,16,190,190,0,190,0.07766990291262135,1.0,0.0,1.0,3.6230922863395802,199,9,190,0.04522613065326633,1.0,3.407588551466407,205,15,190,0.07317073170731707,1.0,3.6662881422998557,196,6,190,0.030612244897959183,1.0,3.479281716589019,201,11,190,0.05472636815920398,1.0,1.757284
gaussian,gaussian,250,200,0.8,20,213,203,13,190,191,1,190,0.06403940886699508,1.0,0.005235602094240838,1.0,214,24,190,193,3,190,0.11214953271028037,1.0,0.015544041450777202,1.0,3.6681263011676117,203,13,190,0.06403940886699508,1.0,3.3939880126411155,219,29,190,0.1324200913242009,1.0,3.6681263011676117,203,13,190,0.06403940886699508,1.0,3.448678260279287,215,25,190,0.11627906976744186,1.0,1.670296
gaussian,gaussian,250,200,0.8,20,214,202,12,190,191,1,190,0.0594059405940594,1.0,0.005235602094240838,1.0,212,22,190,193,3,190,0.10377358490566038,1.0,0.015544041450777202,1.0,3.607386575071128,203,13,190,0.06403940886699508,1.0,3.4103557567647083,213,23,190,0.107981220657277,1.0,3.717840738285041,200,10,190,0.05,1.0,3.502407016512919,211,21,190,0.0995260663507109,1.0,1.748698
gaussian,gaussian,250,200,0.8,20,215,198,8,190,192,2,190,0.04040404040404041,1.0,0.010416666666666666,1.0,208,18,190,192,2,190,0.08653846153846154,1.0,0.010416666666666666,1.0,3.615658211746634,198,8,190,0.04040404040404041,1.0,3.4048344653064344,209,19,190,0.09090909090909091,1.0,3.706060715495037,197,7,190,0.03553299492385787,1.0,3.454703026532072,204,14,190,0.06862745098039216,1.0,1.728619
gaussian,gaussian,250,200,0.8,20,216,202,12,190,191,1,190,0.0594059405940594,1.0,0.005235602094240838,1.0,210,20,190,193,3,190,0.09523809523809523,1.0,0.015544041450777202,1.0,3.644296183489187,202,12,190,0.0594059405940594,1.0,3.4009582201891737,212,22,190,0.10377358490566038,1.0,3.6714487375518177,201,11,190,0.05472636815920398,1.0,3.4882716982504887,208,18,190,0.08653846153846154,1.0,1.636573
gaussian,gaussian,250,200,0.8,20,217,196,6,190,190,0,190,0.030612244897959183,1.0,0.0,1.0,211,21,190,190,0,190,0.0995260663507109,1.0,0.0,1.0,3.6395423087537844,195,5,190,0.02564102564102564,1.0,3.3994213624416556,211,21,190,0.0995260663507109,1.0,3.729979674190201,193,3,190,0.015544041450777202,1.0,3.4575726379889558,204,14,190,0.06862745098039216,1.0,1.78969
gaussian,gaussian,250,200,0.8,20,218,199,9,190,191,1,190,0.04522613065326633,1.0,0.005235602094240838,1.0,212,22,190,193,3,190,0.10377358490566038,1.0,0.015544041450777202,1.0,3.606545813449679,199,9,190,0.04522613065326633,1.0,3.402815193811667,210,20,190,0.09523809523809523,1.0,3.7279922630583875,195,5,190,0.02564102564102564,1.0,3.4892782248150143,204,14,190,0.06862745098039216,1.0,1.870397
gaussian,gaussian,250,200,0.8,20,219,202,12,190,190,0,190,0.0594059405940594,1.0,0.0,1.0,218,28,190,193,3,190,0.12844036697247707,1.0,0.015544041450777202,1.0,3.600271075381386,202,12,190,0.0594059405940594,1.0,3.390442207738502,218,28,190,0.12844036697247707,1.0,3.661015949052065,200,10,190,0.05,1.0,3.4566184609629413,211,21,190,0.0995260663507109,1.0,1.62614
gaussian,gaussian,250,200,0.8,20,220,200,10,190,190,0,190,0.05,1.0,0.0,1.0,215,25,190,190,0,190,0.11627906976744186,1.0,0.0,1.0,3.606630195536064,201,11,190,0.05472636815920398,1.0,3.3939509716980685,216,26,190,0.12037037037037036,1.0,3.685568444137096,196,6,190,0.030612244897959183,1.0,3.4693912887208342,210,20,190,0.09523809523809523,1.0,1.75525
gaussian,gaussian,250,200,0.8,20,221,196,6,190,191,1,190,0.030612244897959183,1.0,0.005235602094240838,1.0,204,14,190,192,2,190,0.06862745098039216,1.0,0.010416666666666666,1.0,3.600956241252062,198,8,190,0.04040404040404041,1.0,3.408741522494767,204,14,190,0.06862745098039216,1.0,3.6685743550070224,195,5,190,0.02564102564102564,1.0,3.556957956862932,200,10,190,0.05,1.0,1.730599
gaussian,gaussian,250,200,0.8,20,222,203,13,190,190,0,190,0.06403940886699508,1.0,0.0,1.0,211,21,190,192,2,190,0.0995260663507109,1.0,0.010416666666666666,1.0,3.5922903776309796,205,15,190,0.07317073170731707,1.0,3.4209201569524432,211,21,190,0.0995260663507109,1.0,3.6695436608551164,202,12,190,0.0594059405940594,1.0,3.4680980395205085,209,19,190,0.09090909090909091,1.0,1.67319
gaussian,gaussian,250,200,0.8,20,223,204,14,190,190,0,190,0.06862745098039216,1.0,0.0,1.0,218,28,190,192,2,190,0.12844036697247707,1.0,0.010416666666666666,1.0,3.607220964211329,204,14,190,0.06862745098039216,1.0,3.391928968701759,217,27,190,0.12442396313364056,1.0,3.671829325221632,202,12,190,0.0594059405940594,1.0,3.443443957058837,214,24,190,0.11214953271028037,1.0,1.666933
gaussian,gaussian,250,200,0.8,20,224,202,12,190,191,1,190,0.0594059405940594,1.0,0.005235602094240838,1.0,219,29,190,191,1,190,0.1324200913242009,1.0,0.005235602094240838,1.0,3.6006169214746504,203,13,190,0.06403940886699508,1.0,3.383262028506921,225,35,190,0.15555555555555556,1.0,3.6813285057116443,199,9,190,0.04522613065326633,1.0,3.4569129336553956,215,25,190,0.11627906976744186,1.0,1.910458
gaussian,gaussian,250,200,0.8,20,225,197,7,190,191,1,190,0.03553299492385787,1.0,0.005235602094240838,1.0,213,23,190,192,2,190,0.107981220657277,1.0,0.010416666666666666,1.0,3.601456146742503,198,8,190,0.04040404040404041,1.0,3.4123923827459537,213,23,190,0.107981220657277,1.0,3.7067932113642197,196,6,190,0.030612244897959183,1.0,3.4695084584676747,203,13,190,0.06403940886699508,1.0,1.748474
gaussian,gaussian,250,200,0.8,20,226,195,5,190,191,1,190,0.02564102564102564,1.0,0.005235602094240838,1.0,211,21,190,192,2,190,0.0995260663507109,1.0,0.010416666666666666,1.0,3.7024809413906397,193,3,190,0.015544041450777202,1.0,3.4063094547757293,209,19,190,0.09090909090909091,1.0,3.7024809413906397,193,3,190,0.015544041450777202,1.0,3.448178357068906,205,15,190,0.07317073170731707,1.0,1.644709
gaussian,gaussian,250,200,0.8,20,227,198,8,190,191,1,190,0.04040404040404041,1.0,0.005235602094240838,1.0,214,24,190,191,1,190,0.11214953271028037,1.0,0.005235602094240838,1.0,3.6077666637561867,198,8,190,0.04040404040404041,1.0,3.4078192638350204,213,23,190,0.107981220657277,1.0,3.6551144194124854,197,7,190,0.03553299492385787,1.0,3.461793706541379,207,17,190,0.0821256038647343,1.0,1.756926
gaussian,gaussian,250,200,0.8,20,228,204,14,190,192,2,190,0.06862745098039216,1.0,0.010416666666666666,1.0,217,27,190,192,2,190,0.12442396313364056,1.0,0.010416666666666666,1.0,3.600217129883328,206,16,190,0.07766990291262135,1.0,3.422630978726523,216,26,190,0.12037037037037036,1.0,3.694371478846748,202,12,190,0.0594059405940594,1.0,3.4589145537348607,214,24,190,0.11214953271028037,1.0,1.712751
gaussian,gaussian,250,200,0.8,20,229,201,11,190,190,0,190,0.05472636815920398,1.0,0.0,1.0,212,22,190,191,1,190,0.10377358490566038,1.0,0.005235602094240838,1.0,3.654574989217673,201,11,190,0.05472636815920398,1.0,3.4080937617834084,213,23,190,0.107981220657277,1.0,3.735941255996089,198,8,190,0.04040404040404041,1.0,3.515724204570735,206,16,190,0.07766990291262135,1.0,1.702279
gaussian,gaussian,250,200,0.8,20,230,199,9,190,191,1,190,0.04522613065326633,1.0,0.005235602094240838,1.0,211,21,190,192,2,190,0.0995260663507109,1.0,0.010416666666666666,1.0,3.6142590193934767,199,9,190,0.04522613065326633,1.0,3.4002412032224223,211,21,190,0.0995260663507109,1.0,3.718926107191317,195,5,190,0.02564102564102564,1.0,3.4928666541975506,202,12,190,0.0594059405940594,1.0,1.848981
gaussian,gaussian,250,200,0.8,20,231,201,11,190,191,1,190,0.05472636815920398,1.0,0.005235602094240838,1.0,212,22,190,192,2,190,0.10377358490566038,1.0,0.010416666666666666,1.0,3.6016314242187764,201,11,190,0.05472636815920398,1.0,3.399006056716323,212,22,190,0.10377358490566038,1.0,3.641270914362964,199,9,190,0.04522613065326633,1.0,3.454022698944355,211,21,190,0.0995260663507109,1.0,1.723935
gaussian,gaussian,250,200,0.8,20,232,202,12,190,191,1,190,0.0594059405940594,1.0,0.005235602094240838,1.0,214,24,190,191,1,190,0.11214953271028037,1.0,0.005235602094240838,1.0,3.6285008641096006,202,12,190,0.0594059405940594,1.0,3.3985067762828542,214,24,190,0.11214953271028037,1.0,3.6343718375602494,201,11,190,0.05472636815920398,1.0,3.447620582176617,210,20,190,0.09523809523809523,1.0,1.723177
gaussian,gaussian,250,200,0.8,20,233,199,9,190,191,1,190,0.04522613065326633,1.0,0.005235602094240838,1.0,209,19,190,191,1,190,0.09090909090909091,1.0,0.005235602094240838,1.0,3.5990389378481935,200,10,190,0.05,1.0,3.419955221889723,209,19,190,0.09090909090909091,1.0,3.699370948259572,198,8,190,0.04040404040404041,1.0,3.4570806509608007,205,15,190,0.07317073170731707,1.0,1.651951
gaussian,gaussian,250,200,0.8,20,234,194,4,190,191,1,190,0.020618556701030927,1.0,0.005235602094240838,1.0,204,14,190,192,2,190,0.06862745098039216,1.0,0.010416666666666666,1.0,3.6062675103565134,195,5,190,0.02564102564102564,1.0,3.431652792152699,206,16,190,0.07766990291262135,1.0,3.747334143491792,194,4,190,0.020618556701030927,1.0,3.4884936950121315,204,14,190,0.06862745098039216,1.0,1.783912
gaussian,gaussian,250,200,0.8,20,235,202,12,190,193,3,190,0.0594059405940594,1.0,0.015544041450777202,1.0,210,20,190,194,4,190,0.09523809523809523,1.0,0.020618556701030927,1.0,3.595055124140409,203,13,190,0.06403940886699508,1.0,3.4027805743743404,208,18,190,0.08653846153846154,1.0,3.6702743860996385,200,10,190,0.05,1.0,3.479313444607237,206,16,190,0.07766990291262135,1.0,1.732681
gaussian,gaussian,250,200,0.8,20,236,199,9,190,191,1,190,0.04522613065326633,1.0,0.005235602094240838,1.0,214,24,190,193,3,190,0.11214953271028037,1.0,0.015544041450777202,1.0,3.6161505205409785,199,9,190,0.04522613065326633,1.0,3.4048172032832884,213,23,190,0.107981220657277,1.0,3.6662940082102855,198,8,190,0.04040404040404041,1.0,3.480164042391499,209,19,190,0.09090909090909091,1.0,1.816842
gaussian,gaussian,250,200,0.8,20,237,199,9,190,191,1,190,0.04522613065326633,1.0,0.005235602094240838,1.0,210,20,190,193,3,190,0.09523809523809523,1.0,0.015544041450777202,1.0,3.616970050077137,199,9,190,0.04522613065326633,1.0,3.403858902509513,211,21,190,0.0995260663507109,1.0,3.6733801785260254,197,7,190,0.03553299492385787,1.0,3.4533203951063025,210,20,190,0.09523809523809523,1.0,1.709967
gaussian,gaussian,250,200,0.8,20,238,198,8,190,191,1,190,0.04040404040404041,1.0,0.005235602094240838,1.0,212,22,190,192,2,190,0.10377358490566038,1.0,0.010416666666666666,1.0,3.681600900135737,198,8,190,0.04040404040404041,1.0,3.396350547873211,213,23,190,0.107981220657277,1.0,3.681600900135737,198,8,190,0.04040404040404041,1.0,3.452171570778192,212,22,190,0.10377358490566038,1.0,1.736532
gaussian,gaussian,250,200,0.8,20,239,200,10,190,191,1,190,0.05,1.0,0.005235602094240838,1.0,210,20,190,192,2,190,0.09523809523809523,1.0,0.010416666666666666,1.0,3.623091810145067,200,10,190,0.05,1.0,3.401865921729598,213,23,190,0.107981220657277,1.0,3.6791235870822225,199,9,190,0.04522613065326633,1.0,3.4839897366105275,206,16,190,0.07766990291262135,1.0,1.723826
gaussian,gaussian,250,200,0.8,20,240,202,12,190,191,1,190,0.0594059405940594,1.0,0.005235602094240838,1.0,210,20,190,192,2,190,0.09523809523809523,1.0,0.010416666666666666,1.0,3.6064659960182626,204,14,190,0.06862745098039216,1.0,3.419743593260913,210,20,190,0.09523809523809523,1.0,3.662285241494767,201,11,190,0.05472636815920398,1.0,3.4518500326598893,208,18,190,0.08653846153846154,1.0,1.784146
gaussian,gaussian,250,200,0.8,20,241,201,11,190,190,0,190,0.05472636815920398,1.0,0.0,1.0,214,24,190,190,0,190,0.11214953271028037,1.0,0.0,1.0,3.59597440601163,204,14,190,0.06862745098039216,1.0,3.401101625467165,216,26,190,0.12037037037037036,1.0,3.7232851411060666,198,8,190,0.04040404040404041,1.0,3.467210209835111,209,19,190,0.09090909090909091,1.0,1.717509
gaussian,gaussian,250,200,0.8,20,242,194,4,190,190,0,190,0.020618556701030927,1.0,0.0,1.0,204,14,190,190,0,190,0.06862745098039216,1.0,0.0,1.0,3.6452573625273934,194,4,190,0.020618556701030927,1.0,3.41220702340307,206,16,190,0.07766990291262135,1.0,3.6714798330986422,193,3,190,0.015544041450777202,1.0,3.461405487842265,201,11,190,0.05472636815920398,1.0,1.767824
gaussian,gaussian,250,200,0.8,20,243,199,9,190,191,1,190,0.04522613065326633,1.0,0.005235602094240838,1.0,215,25,190,191,1,190,0.11627906976744186,1.0,0.005235602094240838,1.0,3.6154858048180833,198,8,190,0.04040404040404041,1.0,3.405280009665033,212,22,190,0.10377358490566038,1.0,3.676715681354484,196,6,190,0.030612244897959183,1.0,3.4435980112381643,210,20,190,0.09523809523809523,1.0,1.843144
gaussian,gaussian,250,200,0.8,20,244,199,9,190,190,0,190,0.04522613065326633,1.0,0.0,1.0,205,15,190,192,2,190,0.07317073170731707,1.0,0.010416666666666666,1.0,3.6018123652470964,199,9,190,0.04522613065326633,1.0,3.4133293622333296,205,15,190,0.07317073170731707,1.0,3.6468343517754342,197,7,190,0.03553299492385787,1.0,3.4405717216983516,203,13,190,0.06403940886699508,1.0,1.595033
gaussian,gaussian,250,200,0.8,20,245,199,9,190,193,3,190,0.04522613065326633,1.0,0.015544041450777202,1.0,205,15,190,194,4,190,0.07317073170731707,1.0,0.020618556701030927,1.0,3.66402726996442,199,9,190,0.04522613065326633,1.0,3.403714294311904,207,17,190,0.0821256038647343,1.0,3.670542983897813,198,8,190,0.04040404040404041,1.0,3.4671817010418775,205,15,190,0.07317073170731707,1.0,1.725888
gaussian,gaussian,250,200,0.8,20,246,201,11,190,191,1,190,0.05472636815920398,1.0,0.005235602094240838,1.0,221,31,190,191,1,190,0.14027149321266968,1.0,0.005235602094240838,1.0,3.6126968386731733,200,10,190,0.05,1.0,3.391216728741177,221,31,190,0.14027149321266968,1.0,3.7084997764550027,196,6,190,0.030612244897959183,1.0,3.445888962821972,215,25,190,0.11627906976744186,1.0,1.704817
gaussian,gaussian,250,200,0.8,20,247,204,14,190,191,1,190,0.06862745098039216,1.0,0.005235602094240838,1.0,222,32,190,191,1,190,0.14414414414414414,1.0,0.005235602094240838,1.0,3.620210415442367,204,14,190,0.06862745098039216,1.0,3.3880098850361366,221,31,190,0.14027149321266968,1.0,3.6475356745018814,203,13,190,0.06403940886699508,1.0,3.4245964488232956,219,29,190,0.1324200913242009,1.0,1.661872
gaussian,gaussian,250,200,0.8,20,248,197,7,190,190,0,190,0.03553299492385787,1.0,0.0,1.0,205,15,190,190,0,190,0.07317073170731707,1.0,0.0,1.0,3.624903757051774,197,7,190,0.03553299492385787,1.0,3.414005791910823,206,16,190,0.07766990291262135,1.0,3.7269275583108525,194,4,190,0.020618556701030927,1.0,3.481024349067974,201,11,190,0.05472636815920398,1.0,1.790855
gaussian,gaussian,250,200,0.8,20,249,198,8,190,190,0,190,0.04040404040404041,1.0,0.0,1.0,207,17,190,190,0,190,0.0821256038647343,1.0,0.0,1.0,3.6074875987668937,200,10,190,0.05,1.0,3.4072934465420013,209,19,190,0.09090909090909091,1.0,3.6943561934627875,197,7,190,0.03553299492385787,1.0,3.4658863048611366,204,14,190,0.06862745098039216,1.0,1.584875
gaussian,gaussian,250,200,0.8,20,250,198,8,190,191,1,190,0.04040404040404041,1.0,0.005235602094240838,1.0,204,14,190,193,3,190,0.06862745098039216,1.0,0.015544041450777202,1.0,3.6017569915953103,199,9,190,0.04522613065326633,1.0,3.42467038904457,204,14,190,0.06862745098039216,1.0,3.807229089988607,195,5,190,0.02564102564102564,1.0,3.479845697555849,201,11,190,0.05472636815920398,1.0,1.834046
gaussian,gaussian,250,200,0.8,20,251,202,12,190,190,0,190,0.0594059405940594,1.0,0.0,1.0,214,24,190,192,2,190,0.11214953271028037,1.0,0.010416666666666666,1.0,3.613570151021212,202,12,190,0.0594059405940594,1.0,3.4215854834539465,214,24,190,0.11214953271028037,1.0,3.6768651602965083,200,10,190,0.05,1.0,3.4635247501159863,212,22,190,0.10377358490566038,1.0,1.626162
gaussian,gaussian,250,200,0.8,20,252,196,6,190,192,2,190,0.030612244897959183,1.0,0.010416666666666666,1.0,205,15,190,193,3,190,0.07317073170731707,1.0,0.015544041450777202,1.0,3.6392404055135077,196,6,190,0.030612244897959183,1.0,3.4148091069458286,205,15,190,0.07317073170731707,1.0,3.7133639905672426,194,4,190,0.020618556701030927,1.0,3.48953883312858,202,12,190,0.0594059405940594,1.0,1.660252
gaussian,gaussian,250,200,0.8,20,253,199,9,190,190,0,190,0.04522613065326633,1.0,0.0,1.0,217,27,190,190,0,190,0.12442396313364056,1.0,0.0,1.0,3.5992235192295285,200,10,190,0.05,1.0,3.3906353816852683,219,29,190,0.1324200913242009,1.0,3.6621643427038943,197,7,190,0.03553299492385787,1.0,3.448376104903515,213,23,190,0.107981220657277,1.0,1.711383
gaussian,gaussian,250,200,0.8,20,254,199,9,190,192,2,190,0.04522613065326633,1.0,0.010416666666666666,1.0,211,21,190,193,3,190,0.0995260663507109,1.0,0.015544041450777202,1.0,3.59848102990551,200,10,190,0.05,1.0,3.4178579165736975,211,21,190,0.0995260663507109,1.0,3.700263667317868,199,9,190,0.04522613065326633,1.0,3.452240389755923,208,18,190,0.08653846153846154,1.0,1.816702
gaussian,gaussian,250,200,0.8,20,255,201,11,190,191,1,190,0.05472636815920398,1.0,0.005235602094240838,1.0,213,23,190,194,4,190,0.107981220657277,1.0,0.020618556701030927,1.0,3.6322630349672336,201,11,190,0.05472636815920398,1.0,3.403062039188501,213,23,190,0.107981220657277,1.0,3.6322630349672336,201,11,190,0.05472636815920398,1.0,3.429237314445022,210,20,190,0.09523809523809523,1.0,1.666581
gaussian,gaussian,250,200,0.8,20,256,200,10,190,191,1,190,0.05,1.0,0.005235602094240838,1.0,213,23,190,192,2,190,0.107981220657277,1.0,0.010416666666666666,1.0,3.6208030959728137,200,10,190,0.05,1.0,3.4096419916465037,214,24,190,0.11214953271028037,1.0,3.7867284091083726,197,7,190,0.03553299492385787,1.0,3.4532753085750314,209,19,190,0.09090909090909091,1.0,1.742465
gaussian,gaussian,250,200,0.8,20,257,197,7,190,190,0,190,0.03553299492385787,1.0,0.0,1.0,201,11,190,190,0,190,0.05472636815920398,1.0,0.0,1.0,3.6102426730881088,197,7,190,0.03553299492385787,1.0,3.4318865487212324,202,12,190,0.0594059405940594,1.0,3.654504208974407,196,6,190,0.030612244897959183,1.0,3.4501695222146775,200,10,190,0.05,1.0,1.656197
gaussian,gaussian,250,200,0.8,20,258,199,9,190,190,0,190,0.04522613065326633,1.0,0.0,1.0,209,19,190,192,2,190,0.09090909090909091,1.0,0.010416666666666666,1.0,3.6431278318609164,199,9,190,0.04522613065326633,1.0,3.403409620568067,209,19,190,0.09090909090909091,1.0,3.6900792234605886,197,7,190,0.03553299492385787,1.0,3.505314037454742,203,13,190,0.06403940886699508,1.0,1.575906
gaussian,gaussian,250,200,0.8,20,259,200,10,190,192,2,190,0.05,1.0,0.010416666666666666,1.0,207,17,190,195,5,190,0.0821256038647343,1.0,0.02564102564102564,1.0,3.64112618115206,200,10,190,0.05,1.0,3.418279162422207,207,17,190,0.0821256038647343,1.0,3.64112618115206,200,10,190,0.05,1.0,3.457043547943022,206,16,190,0.07766990291262135,1.0,1.699277
gaussian,gaussian,250,200,0.8,20,260,194,4,190,190,0,190,0.020618556701030927,1.0,0.0,1.0,199,9,190,190,0,190,0.04522613065326633,1.0,0.0,1.0,3.612699772586281,196,6,190,0.030612244897959183,1.0,3.419990546571693,202,12,190,0.0594059405940594,1.0,3.6615048996725497,194,4,190,0.020618556701030927,1.0,3.4604341179173783,199,9,190,0.04522613065326633,1.0,2.329042
gaussian,gaussian,250,200,0.8,20,261,200,10,190,192,2,190,0.05,1.0,0.010416666666666666,1.0,213,23,190,192,2,190,0.107981220657277,1.0,0.010416666666666666,1.0,3.6159928085600903,200,10,190,0.05,1.0,3.395322028728544,214,24,190,0.11214953271028037,1.0,3.7169537134082797,195,5,190,0.02564102564102564,1.0,3.4686585302126636,208,18,190,0.08653846153846154,1.0,1.696089
gaussian,gaussian,250,200,0.8,20,262,201,11,190,190,0,190,0.05472636815920398,1.0,0.0,1.0,217,27,190,192,2,190,0.12442396313364056,1.0,0.010416666666666666,1.0,3.654509478582034,201,11,190,0.05472636815920398,1.0,3.3971742290272773,218,28,190,0.12844036697247707,1.0,3.6801527450259774,200,10,190,0.05,1.0,3.472363909408358,210,20,190,0.09523809523809523,1.0,1.886203
gaussian,gaussian,250,200,0.8,20,263,198,8,190,191,1,190,0.04040404040404041,1.0,0.005235602094240838,1.0,210,20,190,193,3,190,0.09523809523809523,1.0,0.015544041450777202,1.0,3.658605706348095,198,8,190,0.04040404040404041,1.0,3.403444923110987,209,19,190,0.09090909090909091,1.0,3.658605706348095,198,8,190,0.04040404040404041,1.0,3.4388649346898044,207,17,190,0.0821256038647343,1.0,1.709095
gaussian,gaussian,250,200,0.8,20,264,202,12,190,191,1,190,0.0594059405940594,1.0,0.005235602094240838,1.0,213,23,190,192,2,190,0.107981220657277,1.0,0.010416666666666666,1.0,3.6012333671452432,202,12,190,0.0594059405940594,1.0,3.3994736568447412,213,23,190,0.107981220657277,1.0,3.6758319491638534,198,8,190,0.04040404040404041,1.0,3.452281939016085,210,20,190,0.09523809523809523,1.0,1.715342
gaussian,gaussian,250,200,0.8,20,265,197,7,190,190,0,190,0.03553299492385787,1.0,0.0,1.0,202,12,190,191,1,190,0.0594059405940594,1.0,0.005235602094240838,1.0,3.6042428998185265,196,6,190,0.030612244897959183,1.0,3.420653603411966,202,12,190,0.0594059405940594,1.0,3.7231418880546814,195,5,190,0.02564102564102564,1.0,3.497608544017261,201,11,190,0.05472636815920398,1.0,1.616932
gaussian,gaussian,250,200,0.8,20,266,196,6,190,191,1,190,0.030612244897959183,1.0,0.005235602094240838,1.0,202,12,190,191,1,190,0.0594059405940594,1.0,0.005235602094240838,1.0,3.605028275163246,197,7,190,0.03553299492385787,1.0,3.4124149692399754,204,14,190,0.06862745098039216,1.0,3.678549411910544,195,5,190,0.02564102564102564,1.0,3.459171013234256,201,11,190,0.05472636815920398,1.0,1.951513
gaussian,gaussian,250,200,0.8,20,267,198,8,190,190,0,190,0.04040404040404041,1.0,0.0,1.0,211,21,190,191,1,190,0.0995260663507109,1.0,0.005235602094240838,1.0,3.606304696740211,198,8,190,0.04040404040404041,1.0,3.400554019272368,211,21,190,0.0995260663507109,1.0,3.805947110603977,196,6,190,0.030612244897959183,1.0,3.4481787012494376,209,19,190,0.09090909090909091,1.0,1.688839
gaussian,gaussian,250,200,0.8,20,268,198,8,190,190,0,190,0.04040404040404041,1.0,0.0,1.0,207,17,190,190,0,190,0.0821256038647343,1.0,0.0,1.0,3.637062035897191,198,8,190,0.04040404040404041,1.0,3.414895575849161,207,17,190,0.0821256038647343,1.0,3.637062035897191,198,8,190,0.04040404040404041,1.0,3.444718931397959,205,15,190,0.07317073170731707,1.0,1.585443
gaussian,gaussian,250,200,0.8,20,269,197,7,190,192,2,190,0.03553299492385787,1.0,0.010416666666666666,1.0,208,18,190,192,2,190,0.08653846153846154,1.0,0.010416666666666666,1.0,3.6063900967209093,198,8,190,0.04040404040404041,1.0,3.4056106241286765,207,17,190,0.0821256038647343,1.0,3.684762192538856,195,5,190,0.02564102564102564,1.0,3.440449266775064,206,16,190,0.07766990291262135,1.0,1.778616
gaussian,gaussian,250,200,0.8,20,270,199,9,190,190,0,190,0.04522613065326633,1.0,0.0,1.0,213,23,190,191,1,190,0.107981220657277,1.0,0.005235602094240838,1.0,3.634211135320521,199,9,190,0.04522613065326633,1.0,3.3966084704213464,216,26,190,0.12037037037037036,1.0,3.6857892876738023,197,7,190,0.03553299492385787,1.0,3.478696689562943,211,21,190,0.0995260663507109,1.0,1.691698
gaussian,gaussian,250,200,0.8,20,271,202,12,190,190,0,190,0.0594059405940594,1.0,0.0,1.0,212,22,190,191,1,190,0.10377358490566038,1.0,0.005235602094240838,1.0,3.5954939638044556,202,12,190,0.0594059405940594,1.0,3.401127459851767,212,22,190,0.10377358490566038,1.0,3.6429944786594053,199,9,190,0.04522613065326633,1.0,3.4689965961405176,208,18,190,0.08653846153846154,1.0,1.656127
gaussian,gaussian,250,200,0.8,20,272,199,9,190,190,0,190,0.04522613065326633,1.0,0.0,1.0,210,20,190,190,0,190,0.09523809523809523,1.0,0.0,1.0,3.597537916999265,200,10,190,0.05,1.0,3.4180242992979366,209,19,190,0.09090909090909091,1.0,3.692034496593378,196,6,190,0.030612244897959183,1.0,3.4838167448316604,203,13,190,0.06403940886699508,1.0,1.959564
gaussian,gaussian,250,200,0.8,20,273,197,7,190,192,2,190,0.03553299492385787,1.0,0.010416666666666666,1.0,207,17,190,192,2,190,0.0821256038647343,1.0,0.010416666666666666,1.0,3.627786561259457,196,6,190,0.030612244897959183,1.0,3.410714136888683,206,16,190,0.07766990291262135,1.0,3.7229848371074215,195,5,190,0.02564102564102564,1.0,3.4463258076856023,205,15,190,0.07317073170731707,1.0,1.710686
gaussian,gaussian,250,200,0.8,20,274,196,6,190,191,1,190,0.030612244897959183,1.0,0.005235602094240838,1.0,210,20,190,191,1,190,0.09523809523809523,1.0,0.005235602094240838,1.0,3.6713531541584854,196,6,190,0.030612244897959183,1.0,3.3976642289762253,214,24,190,0.11214953271028037,1.0,3.7682278619912024,194,4,190,0.020618556701030927,1.0,3.482323681761929,206,16,190,0.07766990291262135,1.0,1.586725
gaussian,gaussian,250,200,0.8,20,275,200,10,190,191,1,190,0.05,1.0,0.005235602094240838,1.0,209,19,190,193,3,190,0.09090909090909091,1.0,0.015544041450777202,1.0,3.6060818694668235,200,10,190,0.05,1.0,3.419562487123299,209,19,190,0.09090909090909091,1.0,3.6804919618957657,198,8,190,0.04040404040404041,1.0,3.4499966601779204,207,17,190,0.0821256038647343,1.0,1.812163
gaussian,gaussian,250,200,0.8,20,276,197,7,190,190,0,190,0.03553299492385787,1.0,0.0,1.0,210,20,190,191,1,190,0.09523809523809523,1.0,0.005235602094240838,1.0,3.69971457099881,197,7,190,0.03553299492385787,1.0,3.4348794079248504,210,20,190,0.09523809523809523,1.0,3.69971457099881,197,7,190,0.03553299492385787,1.0,3.4348794079248504,210,20,190,0.09523809523809523,1.0,1.752223
gaussian,gaussian,250,200,0.8,20,277,205,15,190,190,0,190,0.07317073170731707,1.0,0.0,1.0,216,26,190,194,4,190,0.12037037037037036,1.0,0.020618556701030927,1.0,3.6247632395780687,205,15,190,0.07317073170731707,1.0,3.394007114286112,217,27,190,0.12442396313364056,1.0,3.688903186022072,202,12,190,0.0594059405940594,1.0,3.4440611245946227,212,22,190,0.10377358490566038,1.0,1.623176
gaussian,gaussian,250,200,0.8,20,278,205,15,190,191,1,190,0.07317073170731707,1.0,0.005235602094240838,1.0,218,28,190,191,1,190,0.12844036697247707,1.0,0.005235602094240838,1.0,3.6016351384553076,205,15,190,0.07317073170731707,1.0,3.386547600455745,221,31,190,0.14027149321266968,1.0,3.691713594867309,199,9,190,0.04522613065326633,1.0,3.454534759177145,213,23,190,0.107981220657277,1.0,1.780441
gaussian,gaussian,250,200,0.8,20,279,198,8,190,192,2,190,0.04040404040404041,1.0,0.010416666666666666,1.0,211,21,190,194,4,190,0.0995260663507109,1.0,0.020618556701030927,1.0,3.6164484044622416,198,8,190,0.04040404040404041,1.0,3.4050804485768524,210,20,190,0.09523809523809523,1.0,3.7065064872467848,197,7,190,0.03553299492385787,1.0,3.465356087681984,206,16,190,0.07766990291262135,1.0,1.76585
gaussian,gaussian,250,200,0.8,20,280,204,14,190,191,1,190,0.06862745098039216,1.0,0.005235602094240838,1.0,209,19,190,192,2,190,0.09090909090909091,1.0,0.010416666666666666,1.0,3.6161612468094564,204,14,190,0.06862745098039216,1.0,3.4049527064915717,212,22,190,0.10377358490566038,1.0,3.6900145432423566,199,9,190,0.04522613065326633,1.0,3.4788726977582822,207,17,190,0.0821256038647343,1.0,1.727338
gaussian,gaussian,250,200,0.8,20,281,194,4,190,190,0,190,0.020618556701030927,1.0,0.0,1.0,204,14,190,190,0,190,0.06862745098039216,1.0,0.0,1.0,3.605319357448143,195,5,190,0.02564102564102564,1.0,3.4224067768378053,205,15,190,0.07317073170731707,1.0,3.7881680629535373,192,2,190,0.010416666666666666,1.0,3.4944356521048525,200,10,190,0.05,1.0,1.593244
gaussian,gaussian,250,200,0.8,20,282,204,14,190,193,3,190,0.06862745098039216,1.0,0.015544041450777202,1.0,213,23,190,195,5,190,0.107981220657277,1.0,0.02564102564102564,1.0,3.5980097793423216,202,12,190,0.0594059405940594,1.0,3.4208116571624494,212,22,190,0.10377358490566038,1.0,3.6864707551915528,200,10,190,0.05,1.0,3.4208116571624494,212,22,190,0.10377358490566038,1.0,1.780206
gaussian,gaussian,250,200,0.8,20,283,198,8,190,191,1,190,0.04040404040404041,1.0,0.005235602094240838,1.0,211,21,190,192,2,190,0.0995260663507109,1.0,0.010416666666666666,1.0,3.6857058078993354,197,7,190,0.03553299492385787,1.0,3.410430354796077,211,21,190,0.0995260663507109,1.0,3.6857058078993354,197,7,190,0.03553299492385787,1.0,3.451774806059439,208,18,190,0.08653846153846154,1.0,1.683083
gaussian,gaussian,250,200,0.8,20,284,195,5,190,190,0,190,0.02564102564102564,1.0,0.0,1.0,210,20,190,190,0,190,0.09523809523809523,1.0,0.0,1.0,3.6074886695774104,197,7,190,0.03553299492385787,1.0,3.4220351098104116,210,20,190,0.09523809523809523,1.0,3.698112784934941,195,5,190,0.02564102564102564,1.0,3.4494236587243843,207,17,190,0.0821256038647343,1.0,1.711291
gaussian,gaussian,250,200,0.8,20,285,198,8,190,191,1,190,0.04040404040404041,1.0,0.005235602094240838,1.0,210,20,190,191,1,190,0.09523809523809523,1.0,0.005235602094240838,1.0,3.6013236849636985,198,8,190,0.04040404040404041,1.0,3.4021113746537597,210,20,190,0.09523809523809523,1.0,3.6691051315412797,195,5,190,0.02564102564102564,1.0,3.451724469527897,208,18,190,0.08653846153846154,1.0,1.857833
gaussian,gaussian,250,200,0.8,20,286,202,12,190,192,2,190,0.0594059405940594,1.0,0.010416666666666666,1.0,220,30,190,192,2,190,0.13636363636363635,1.0,0.010416666666666666,1.0,3.6177501183419456,202,12,190,0.0594059405940594,1.0,3.386929863587428,220,30,190,0.13636363636363635,1.0,3.7248207262926387,200,10,190,0.05,1.0,3.4327710777334532,217,27,190,0.12442396313364056,1.0,1.62484
gaussian,gaussian,250,200,0.8,20,287,202,12,190,190,0,190,0.0594059405940594,1.0,0.0,1.0,215,25,190,190,0,190,0.11627906976744186,1.0,0.0,1.0,3.632571176206844,202,12,190,0.0594059405940594,1.0,3.4007341876337427,217,27,190,0.12442396313364056,1.0,3.6513015872023615,200,10,190,0.05,1.0,3.4434554891804705,212,22,190,0.10377358490566038,1.0,1.661242
gaussian,gaussian,250,200,0.8,20,288,199,9,190,190,0,190,0.04522613065326633,1.0,0.0,1.0,213,23,190,191,1,190,0.107981220657277,1.0,0.005235602094240838,1.0,3.6469907303486777,199,9,190,0.04522613065326633,1.0,3.4010982109719263,213,23,190,0.107981220657277,1.0,3.6837484278550776,198,8,190,0.04040404040404041,1.0,3.5066832856009125,207,17,190,0.0821256038647343,1.0,1.68523
gaussian,gaussian,250,200,0.8,20,289,206,16,190,193,3,190,0.07766990291262135,1.0,0.015544041450777202,1.0,219,29,190,194,4,190,0.1324200913242009,1.0,0.020618556701030927,1.0,3.620001538217098,206,16,190,0.07766990291262135,1.0,3.389276163747047,220,30,190,0.13636363636363635,1.0,3.648680866782443,205,15,190,0.07317073170731707,1.0,3.4401274413467826,216,26,190,0.12037037037037036,1.0,1.713164
gaussian,gaussian,250,200,0.8,20,290,200,10,190,191,1,190,0.05,1.0,0.005235602094240838,1.0,205,15,190,194,4,190,0.07317073170731707,1.0,0.020618556701030927,1.0,3.6580053771056815,200,10,190,0.05,1.0,3.441895482920484,205,15,190,0.07317073170731707,1.0,3.676110112909532,199,9,190,0.04522613065326633,1.0,3.483529660836572,204,14,190,0.06862745098039216,1.0,1.780809
gaussian,gaussian,250,200,0.8,20,291,200,10,190,190,0,190,0.05,1.0,0.0,1.0,209,19,190,190,0,190,0.09090909090909091,1.0,0.0,1.0,3.614692350643352,199,9,190,0.04522613065326633,1.0,3.4123107234862977,208,18,190,0.08653846153846154,1.0,3.6642227264382434,197,7,190,0.03553299492385787,1.0,3.4455483195820307,206,16,190,0.07766990291262135,1.0,1.724433
gaussian,gaussian,250,200,0.8,20,292,195,5,190,190,0,190,0.02564102564102564,1.0,0.0,1.0,209,19,190,190,0,190,0.09090909090909091,1.0,0.0,1.0,3.6186049253946533,195,5,190,0.02564102564102564,1.0,3.412368057118095,209,19,190,0.09090909090909091,1.0,3.7280005231742654,193,3,190,0.015544041450777202,1.0,3.4640392816398773,206,16,190,0.07766990291262135,1.0,1.712768
gaussian,gaussian,250,200,0.8,20,293,201,11,190,191,1,190,0.05472636815920398,1.0,0.005235602094240838,1.0,212,22,190,192,2,190,0.10377358490566038,1.0,0.010416666666666666,1.0,3.689993648426788,199,9,190,0.04522613065326633,1.0,3.4045896812426943,212,22,190,0.10377358490566038,1.0,3.689993648426788,199,9,190,0.04522613065326633,1.0,3.46772042262996,207,17,190,0.0821256038647343,1.0,1.580273
gaussian,gaussian,250,200,0.8,20,294,197,7,190,190,0,190,0.03553299492385787,1.0,0.0,1.0,206,16,190,190,0,190,0.07766990291262135,1.0,0.0,1.0,3.603356336520369,198,8,190,0.04040404040404041,1.0,3.4069653081194797,208,18,190,0.08653846153846154,1.0,3.7010568258420586,195,5,190,0.02564102564102564,1.0,3.4924292202500853,204,14,190,0.06862745098039216,1.0,1.719873
gaussian,gaussian,250,200,0.8,20,295,198,8,190,190,0,190,0.04040404040404041,1.0,0.0,1.0,220,30,190,190,0,190,0.13636363636363635,1.0,0.0,1.0,3.6083517657899598,199,9,190,0.04522613065326633,1.0,3.3922373122503817,220,30,190,0.13636363636363635,1.0,3.742629561609906,195,5,190,0.02564102564102564,1.0,3.4527675168099567,211,21,190,0.0995260663507109,1.0,1.754071
gaussian,gaussian,250,200,0.8,20,296,198,8,190,192,2,190,0.04040404040404041,1.0,0.010416666666666666,1.0,204,14,190,192,2,190,0.06862745098039216,1.0,0.010416666666666666,1.0,3.63069635241118,197,7,190,0.03553299492385787,1.0,3.470211900943521,204,14,190,0.06862745098039216,1.0,3.685496105165257,196,6,190,0.030612244897959183,1.0,3.470211900943521,204,14,190,0.06862745098039216,1.0,1.805172
gaussian,gaussian,250,200,0.8,20,297,203,13,190,191,1,190,0.06403940886699508,1.0,0.005235602094240838,1.0,217,27,190,191,1,190,0.12442396313364056,1.0,0.005235602094240838,1.0,3.600858673622596,203,13,190,0.06403940886699508,1.0,3.3890655251908837,219,29,190,0.1324200913242009,1.0,3.695661194946679,199,9,190,0.04522613065326633,1.0,3.514450556125183,213,23,190,0.107981220657277,1.0,1.69598
gaussian,gaussian,250,200,0.8,20,298,201,11,190,191,1,190,0.05472636815920398,1.0,0.005235602094240838,1.0,214,24,190,193,3,190,0.11214953271028037,1.0,0.015544041450777202,1.0,3.603402160687045,201,11,190,0.05472636815920398,1.0,3.4083714050502705,214,24,190,0.11214953271028037,1.0,3.6999392597202085,198,8,190,0.04040404040404041,1.0,3.473609235309921,210,20,190,0.09523809523809523,1.0,1.752136
gaussian,gaussian,250,200,0.8,20,299,205,15,190,193,3,190,0.07317073170731707,1.0,0.015544041450777202,1.0,221,31,190,193,3,190,0.14027149321266968,1.0,0.015544041450777202,1.0,3.5972634931933167,205,15,190,0.07317073170731707,1.0,3.3953298991446013,221,31,190,0.14027149321266968,1.0,3.6624847751701464,203,13,190,0.06403940886699508,1.0,3.461613711712355,214,24,190,0.11214953271028037,1.0,1.625142
