model,x_model,p,n,rho,block,seed,R_bh_0.05,V_bh_0.05,S_bh_0.05,R_by_0.05,V_by_0.05,S_by_0.05,fdr_bh_0.05,power_bh_0.05,fdr_by_0.05,power_by_0.05,R_bh_0.1,V_bh_0.1,S_bh_0.1,R_by_0.1,V_by_0.1,S_by_0.1,fdr_bh_0.1,power_bh_0.1,fdr_by_0.1,power_by_0.1,t_lct_0.05,R_lct_0.05,V_lct_0.05,S_lct_0.05,fdr_lct_0.05,power_lct_0.05,t_lct_0.1,R_lct_0.1,V_lct_0.1,S_lct_0.1,fdr_lct_0.1,power_lct_0.1,t_lctb_0.05_B100,R_lctb_0.05_B100,V_lctb_0.05_B100,S_lctb_0.05_B100,fdr_lctb_0.05_B100,power_lctb_0.05_B100,t_lctb_0.1_B100,R_lctb_0.1_B100,V_lctb_0.1_B100,S_lctb_0.1_B100,fdr_lctb_0.1_B100,power_lctb_0.1_B100,wall_time_s
t_cl,t_cl,250,200,0.5,20,0,187,8,179,162,1,161,0.0427807486631016,0.9421052631578948,0.006172839506172839,0.8473684210526315,203,20,183,169,1,168,0.09852216748768473,0.9631578947368421,0.005917159763313609,0.8842105263157894,3.663844300101625,170,0,170,0.0,0.8947368421052632,3.5718785835061477,173,0,173,0.0,0.9105263157894737,2.882307122702818,192,7,185,0.036458333333333336,0.9736842105263158,2.682410567213702,203,17,186,0.08374384236453201,0.9789473684210527,1.70898
t_cl,t_cl,250,200,0.5,20,1,178,5,173,142,0,142,0.028089887640449437,0.9105263157894737,0.0,0.7473684210526316,197,16,181,154,0,154,0.08121827411167512,0.9526315789473684,0.0,0.8105263157894737,3.6735648408674177,150,0,150,0.0,0.7894736842105263,3.4811417532767526,161,0,161,0.0,0.8473684210526315,2.8141576561856554,182,4,178,0.02197802197802198,0.9368421052631579,2.666595679061207,196,14,182,0.07142857142857142,0.9578947368421052,1.670334
t_cl,t_cl,250,200,0.5,20,2,189,11,178,153,1,152,0.0582010582010582,0.9368421052631579,0.006535947712418301,0.8,203,23,180,169,2,167,0.11330049261083744,0.9473684210526315,0.011834319526627219,0.8789473684210526,3.67611546492249,161,0,161,0.0,0.8473684210526315,3.4784959011563736,171,0,171,0.0,0.9,2.812387305861782,193,11,182,0.05699481865284974,0.9578947368421052,2.6658188667967577,206,20,186,0.0970873786407767,0.9789473684210527,1.770079
t_cl,t_cl,250,200,0.5,20,3,207,18,189,184,2,182,0.08695652173913043,0.9947368421052631,0.010869565217391304,0.9578947368421052,215,26,189,185,3,182,0.12093023255813953,0.9947368421052631,0.016216216216216217,0.9578947368421052,3.7990676012678373,183,0,183,0.0,0.9631578947368421,3.445363996752067,187,1,186,0.0053475935828877,0.9789473684210527,2.8649006279270144,204,15,189,0.07352941176470588,0.9947368421052631,2.674709865065355,214,25,189,0.11682242990654206,0.9947368421052631,1.657204
t_cl,t_cl,250,200,0.5,20,4,159,8,151,117,1,116,0.050314465408805034,0.7947368421052632,0.008547008547008548,0.6105263157894737,187,21,166,128,2,126,0.11229946524064172,0.8736842105263158,0.015625,0.6631578947368421,3.7255837896834834,125,1,124,0.008,0.6526315789473685,3.5153214627081053,138,1,137,0.007246376811594203,0.7210526315789474,2.88283787999159,172,8,164,0.046511627906976744,0.8631578947368421,2.7068764881031147,187,20,167,0.10695187165775401,0.8789473684210526,1.889715
t_cl,t_cl,250,200,0.5,20,5,199,14,185,169,2,167,0.07035175879396985,0.9736842105263158,0.011834319526627219,0.8789473684210526,212,25,187,179,4,175,0.1179245283018868,0.9842105263157894,0.0223463687150838,0.9210526315789473,3.657596391869684,170,0,170,0.0,0.8947368421052632,3.4735444355755276,177,0,177,0.0,0.9315789473684211,2.8201675286862296,199,12,187,0.06030150753768844,0.9842105263157894,2.652900514272106,210,22,188,0.10476190476190476,0.9894736842105263,1.79145
t_cl,t_cl,250,200,0.5,20,6,197,10,187,179,1,178,0.050761421319796954,0.9842105263157894,0.00558659217877095,0.9368421052631579,206,19,187,182,1,181,0.09223300970873786,0.9842105263157894,0.005494505494505495,0.9526315789473684,3.6300768715120957,181,0,181,0.0,0.9526315789473684,3.439873717568675,185,0,185,0.0,0.9736842105263158,2.7990725892902355,193,6,187,0.031088082901554404,0.9842105263157894,2.6431777235716734,206,17,189,0.0825242718446602,0.9947368421052631,1.620395
t_cl,t_cl,250,200,0.5,20,7,190,11,179,166,2,164,0.05789473684210526,0.9421052631578948,0.012048192771084338,0.8631578947368421,205,21,184,175,6,169,0.1024390243902439,0.968421052631579,0.03428571428571429,0.8894736842105263,3.7287438998794884,164,0,164,0.0,0.8631578947368421,3.5234295398411124,170,0,170,0.0,0.8947368421052632,2.784378226593225,196,10,186,0.05102040816326531,0.9789473684210527,2.62180992220128,208,21,187,0.10096153846153846,0.9842105263157894,1.683395
t_cl,t_cl,250,200,0.5,20,8,209,20,189,181,0,181,0.09569377990430622,0.9947368421052631,0.0,0.9526315789473684,216,27,189,183,0,183,0.125,0.9947368421052631,0.0,0.9631578947368421,3.6359246342132208,184,0,184,0.0,0.968421052631579,3.5244938966443895,186,0,186,0.0,0.9789473684210527,2.7645749286773387,206,17,189,0.0825242718446602,0.9947368421052631,2.6006462190411317,216,27,189,0.125,0.9947368421052631,1.712848
t_cl,t_cl,250,200,0.5,20,9,192,9,183,165,0,165,0.046875,0.9631578947368421,0.0,0.868421052631579,205,20,185,175,1,174,0.0975609756097561,0.9736842105263158,0.005714285714285714,0.9157894736842105,3.6442621247088596,169,0,169,0.0,0.8894736842105263,3.4504875676244744,177,0,177,0.0,0.9315789473684211,2.789830030824126,197,8,189,0.04060913705583756,0.9947368421052631,2.6266689816431614,209,20,189,0.09569377990430622,0.9947368421052631,1.665284
t_cl,t_cl,250,200,0.5,20,10,197,10,187,175,0,175,0.050761421319796954,0.9842105263157894,0.0,0.9210526315789473,206,18,188,181,1,180,0.08737864077669903,0.9894736842105263,0.0055248618784530384,0.9473684210526315,3.71652046819181,180,0,180,0.0,0.9473684210526315,3.495858095366732,184,0,184,0.0,0.968421052631579,2.8935846884533296,199,10,189,0.05025125628140704,0.9947368421052631,2.7226571902488366,206,16,190,0.07766990291262135,1.0,1.795275
t_cl,t_cl,250,200,0.5,20,11,191,10,181,177,2,175,0.05235602094240838,0.9526315789473684,0.011299435028248588,0.9210526315789473,204,19,185,179,2,177,0.09313725490196079,0.9736842105263158,0.0111731843575419,0.9315789473684211,3.703922747638858,178,1,177,0.0056179775280898875,0.9315789473684211,3.5446467378812674,181,1,180,0.0055248618784530384,0.9473684210526315,2.806441040231234,198,10,188,0.050505050505050504,0.9894736842105263,2.653466797724494,209,19,190,0.09090909090909091,1.0,1.815448
t_cl,t_cl,250,200,0.5,20,12,190,7,183,172,1,171,0.03684210526315789,0.9631578947368421,0.005813953488372093,0.9,205,20,185,181,3,178,0.0975609756097561,0.9736842105263158,0.016574585635359115,0.9368421052631579,3.6465112329332725,176,1,175,0.005681818181818182,0.9210526315789473,3.4430537447871834,184,1,183,0.005434782608695652,0.9631578947368421,2.933078103705762,192,6,186,0.03125,0.9789473684210527,2.6755500392822538,199,13,186,0.06532663316582915,0.9789473684210527,1.604464
t_cl,t_cl,250,200,0.5,20,13,191,9,182,164,1,163,0.04712041884816754,0.9578947368421052,0.006097560975609756,0.8578947368421053,205,20,185,170,2,168,0.0975609756097561,0.9736842105263158,0.011764705882352941,0.8842105263157894,3.6603317388506964,165,0,165,0.0,0.868421052631579,3.4578192545977697,171,0,171,0.0,0.9,2.759013365453545,193,9,184,0.046632124352331605,0.968421052631579,2.5878526996921165,203,16,187,0.07881773399014778,0.9842105263157894,1.630321
t_cl,t_cl,250,200,0.5,20,14,200,11,189,191,3,188,0.055,0.9947368421052631,0.015706806282722512,0.9894736842105263,208,18,190,194,5,189,0.08653846153846154,1.0,0.02577319587628866,0.9947368421052631,3.6373477163083847,190,1,189,0.005263157894736842,0.9947368421052631,3.6373477163083847,190,1,189,0.005263157894736842,0.9947368421052631,2.7863864964340133,201,11,190,0.05472636815920398,1.0,2.6371539873981162,206,16,190,0.07766990291262135,1.0,1.639892
t_cl,t_cl,250,200,0.5,20,15,195,5,190,184,0,184,0.02564102564102564,1.0,0.0,0.968421052631579,210,20,190,186,1,185,0.09523809523809523,1.0,0.005376344086021506,0.9736842105263158,3.682990667763349,186,0,186,0.0,0.9789473684210527,3.5102032181272573,188,0,188,0.0,0.9894736842105263,2.866048716042551,195,5,190,0.02564102564102564,1.0,2.654650921981185,208,18,190,0.08653846153846154,1.0,1.764378
t_cl,t_cl,250,200,0.5,20,16,191,9,182,166,0,166,0.04712041884816754,0.9578947368421052,0.0,0.8736842105263158,209,24,185,176,2,174,0.11483253588516747,0.9736842105263158,0.011363636363636364,0.9157894736842105,3.658094392313933,171,0,171,0.0,0.9,3.541367580610785,178,0,178,0.0,0.9368421052631579,2.7955351830611215,197,9,188,0.04568527918781726,0.9894736842105263,2.6296284492050606,211,22,189,0.10426540284360189,0.9947368421052631,1.829666
t_cl,t_cl,250,200,0.5,20,17,194,10,184,176,1,175,0.05154639175257732,0.968421052631579,0.005681818181818182,0.9210526315789473,209,22,187,178,1,177,0.10526315789473684,0.9842105263157894,0.0056179775280898875,0.9315789473684211,3.681762654539129,177,0,177,0.0,0.9315789473684211,3.4561378314281392,182,1,181,0.005494505494505495,0.9526315789473684,2.847536643426761,195,7,188,0.035897435897435895,0.9894736842105263,2.6683534814404624,209,20,189,0.09569377990430622,0.9947368421052631,1.60492
t_cl,t_cl,250,200,0.5,20,18,191,7,184,172,0,172,0.03664921465968586,0.968421052631579,0.0,0.9052631578947369,204,20,184,173,0,173,0.09803921568627451,0.968421052631579,0.0,0.9105263157894737,3.677457610001537,174,0,174,0.0,0.9157894736842105,3.604597468293713,175,0,175,0.0,0.9210526315789473,2.8486300681902015,191,6,185,0.031413612565445025,0.9736842105263158,2.655312614299614,204,17,187,0.08333333333333333,0.9842105263157894,1.776326
t_cl,t_cl,250,200,0.5,20,19,194,13,181,154,1,153,0.06701030927835051,0.9526315789473684,0.006493506493506494,0.8052631578947368,213,30,183,163,2,161,0.14084507042253522,0.9631578947368421,0.012269938650306749,0.8473684210526315,3.6647684737585444,160,0,160,0.0,0.8421052631578947,3.4737489341201515,172,1,171,0.005813953488372093,0.9,2.8331113925752818,195,13,182,0.06666666666666667,0.9578947368421052,2.6869630868743575,213,29,184,0.13615023474178403,0.968421052631579,1.677742
t_cl,t_cl,250,200,0.5,20,20,192,9,183,172,1,171,0.046875,0.9631578947368421,0.005813953488372093,0.9,202,16,186,178,3,175,0.07920792079207921,0.9789473684210527,0.016853932584269662,0.9210526315789473,3.673957985910242,174,0,174,0.0,0.9157894736842105,3.531968498835297,176,0,176,0.0,0.9263157894736842,2.8218901723901793,195,9,186,0.046153846153846156,0.9789473684210527,2.6771083455651135,200,13,187,0.065,0.9842105263157894,1.682385
t_cl,t_cl,250,200,0.5,20,21,190,8,182,159,2,157,0.042105263157894736,0.9578947368421052,0.012578616352201259,0.8263157894736842,206,21,185,172,2,170,0.10194174757281553,0.9736842105263158,0.011627906976744186,0.8947368421052632,3.6635213664903024,166,0,166,0.0,0.8736842105263158,3.5078672494466376,173,0,173,0.0,0.9105263157894737,2.7877913602218003,192,7,185,0.036458333333333336,0.9736842105263158,2.626958222937602,208,20,188,0.09615384615384616,0.9894736842105263,1.772204
t_cl,t_cl,250,200,0.5,20,22,185,4,181,150,0,150,0.021621621621621623,0.9526315789473684,0.0,0.7894736842105263,198,14,184,160,0,160,0.0707070707070707,0.968421052631579,0.0,0.8421052631578947,3.6664343399736596,158,0,158,0.0,0.8315789473684211,3.463679535706458,169,0,169,0.0,0.8894736842105263,2.8612135669526304,188,4,184,0.02127659574468085,0.968421052631579,2.6807256752459234,198,12,186,0.06060606060606061,0.9789473684210527,1.765974
t_cl,t_cl,250,200,0.5,20,23,190,10,180,169,1,168,0.05263157894736842,0.9473684210526315,0.005917159763313609,0.8842105263157894,209,23,186,175,1,174,0.11004784688995216,0.9789473684210527,0.005714285714285714,0.9157894736842105,3.705833400254394,169,0,169,0.0,0.8894736842105263,3.5081059917503294,174,0,174,0.0,0.9157894736842105,2.841977877352369,194,7,187,0.03608247422680412,0.9842105263157894,2.6062215537289037,208,20,188,0.09615384615384616,0.9894736842105263,1.687904
t_cl,t_cl,250,200,0.5,20,24,198,11,187,180,0,180,0.05555555555555555,0.9842105263157894,0.0,0.9473684210526315,212,25,187,184,1,183,0.1179245283018868,0.9842105263157894,0.005434782608695652,0.9631578947368421,3.7986769093158,182,0,182,0.0,0.9578947368421052,3.442274480723027,186,0,186,0.0,0.9789473684210527,2.898611967999119,195,8,187,0.041025641025641026,0.9842105263157894,2.676307362332975,212,24,188,0.11320754716981132,0.9894736842105263,1.624292
t_cl,t_cl,250,200,0.5,20,25,170,6,164,131,0,131,0.03529411764705882,0.8631578947368421,0.0,0.6894736842105263,189,12,177,147,0,147,0.06349206349206349,0.9315789473684211,0.0,0.7736842105263158,3.697598235728273,137,0,137,0.0,0.7210526315789474,3.4979437731999625,151,0,151,0.0,0.7947368421052632,2.846964592836128,184,6,178,0.03260869565217391,0.9368421052631579,2.6733310951465468,200,13,187,0.065,0.9842105263157894,1.774056
t_cl,t_cl,250,200,0.5,20,26,204,18,186,167,2,165,0.08823529411764706,0.9789473684210527,0.011976047904191617,0.868421052631579,221,32,189,178,6,172,0.14479638009049775,0.9947368421052631,0.033707865168539325,0.9052631578947369,3.6831938698535827,167,0,167,0.0,0.8789473684210526,3.4723730612824824,177,0,177,0.0,0.9315789473684211,2.7880313299320614,204,17,187,0.08333333333333333,0.9842105263157894,2.601307970794309,219,30,189,0.136986301369863,0.9947368421052631,1.776976
t_cl,t_cl,250,200,0.5,20,27,201,13,188,179,1,178,0.06467661691542288,0.9894736842105263,0.00558659217877095,0.9368421052631579,213,24,189,183,2,181,0.11267605633802817,0.9947368421052631,0.01092896174863388,0.9526315789473684,3.7124167786680293,182,0,182,0.0,0.9578947368421052,3.498613232861371,187,1,186,0.0053475935828877,0.9789473684210527,2.803639547653306,199,10,189,0.05025125628140704,0.9947368421052631,2.6396880600929538,211,22,189,0.10426540284360189,0.9947368421052631,1.782766
t_cl,t_cl,250,200,0.5,20,28,200,11,189,185,1,184,0.055,0.9947368421052631,0.005405405405405406,0.968421052631579,215,26,189,191,2,189,0.12093023255813953,0.9947368421052631,0.010471204188481676,0.9947368421052631,3.649871610221141,189,0,189,0.0,0.9947368421052631,3.649871610221141,189,0,189,0.0,0.9947368421052631,2.850887048084891,200,10,190,0.05,1.0,2.693058577637036,210,20,190,0.09523809523809523,1.0,2.065002
t_cl,t_cl,250,200,0.5,20,29,178,10,168,136,2,134,0.056179775280898875,0.8842105263157894,0.014705882352941176,0.7052631578947368,197,20,177,145,2,143,0.10152284263959391,0.9315789473684211,0.013793103448275862,0.7526315789473684,3.699034820894413,135,0,135,0.0,0.7105263157894737,3.5071669409926995,149,0,149,0.0,0.7842105263157895,2.8015882997623613,188,9,179,0.047872340425531915,0.9421052631578948,2.6307681083576617,198,17,181,0.08585858585858586,0.9526315789473684,1.777642
t_cl,t_cl,250,200,0.5,20,30,179,10,169,144,0,144,0.055865921787709494,0.8894736842105263,0.0,0.7578947368421053,194,18,176,151,1,150,0.09278350515463918,0.9263157894736842,0.006622516556291391,0.7894736842105263,3.7022947005613642,140,0,140,0.0,0.7368421052631579,3.545165837350297,148,0,148,0.0,0.7789473684210526,2.734810803101816,187,9,178,0.0481283422459893,0.9368421052631579,2.5777144984331217,196,17,179,0.08673469387755102,0.9421052631578948,1.736034
t_cl,t_cl,250,200,0.5,20,31,194,10,184,166,1,165,0.05154639175257732,0.968421052631579,0.006024096385542169,0.868421052631579,209,24,185,172,4,168,0.11483253588516747,0.9736842105263158,0.023255813953488372,0.8842105263157894,3.67861070367403,168,0,168,0.0,0.8842105263157894,3.467694137460505,173,0,173,0.0,0.9105263157894737,2.8286310006466304,196,10,186,0.05102040816326531,0.9789473684210527,2.652919627386875,210,22,188,0.10476190476190476,0.9894736842105263,1.714018
t_cl,t_cl,250,200,0.5,20,32,200,15,185,168,0,168,0.075,0.9736842105263158,0.0,0.8842105263157894,210,22,188,175,2,173,0.10476190476190476,0.9894736842105263,0.011428571428571429,0.9105263157894737,3.638417126067059,173,0,173,0.0,0.9105263157894737,3.4606167792728475,176,0,176,0.0,0.9263157894736842,2.7994922132903253,193,6,187,0.031088082901554404,0.9842105263157894,2.654364638715728,207,19,188,0.09178743961352658,0.9894736842105263,1.646681
t_cl,t_cl,250,200,0.5,20,33,201,11,190,181,1,180,0.05472636815920398,1.0,0.0055248618784530384,0.9473684210526315,214,24,190,185,1,184,0.11214953271028037,1.0,0.005405405405405406,0.968421052631579,3.6269734423899953,186,0,186,0.0,0.9789473684210527,3.4648403122964386,187,0,187,0.0,0.9842105263157894,2.8055025283986983,198,8,190,0.04040404040404041,1.0,2.629968959581021,214,24,190,0.11214953271028037,1.0,1.671517
t_cl,t_cl,250,200,0.5,20,34,196,18,178,168,6,162,0.09183673469387756,0.9368421052631579,0.03571428571428571,0.8526315789473684,207,25,182,177,9,168,0.12077294685990338,0.9578947368421052,0.05084745762711865,0.8842105263157894,3.6529074518264926,167,0,167,0.0,0.8789473684210526,3.507481784744997,173,2,171,0.011560693641618497,0.9,2.783051968171853,199,17,182,0.08542713567839195,0.9578947368421052,2.6262878573143293,209,24,185,0.11483253588516747,0.9736842105263158,1.778647
t_cl,t_cl,250,200,0.5,20,35,179,9,170,146,1,145,0.05027932960893855,0.8947368421052632,0.00684931506849315,0.7631578947368421,200,25,175,154,1,153,0.125,0.9210526315789473,0.006493506493506494,0.8052631578947368,3.675696293044345,148,0,148,0.0,0.7789473684210526,3.541759040680554,158,0,158,0.0,0.8315789473684211,2.8205723725408904,181,8,173,0.04419889502762431,0.9105263157894737,2.6506042826238096,202,25,177,0.12376237623762376,0.9315789473684211,1.700563
t_cl,t_cl,250,200,0.5,20,36,191,15,176,162,1,161,0.07853403141361257,0.9263157894736842,0.006172839506172839,0.8473684210526315,209,25,184,167,2,165,0.11961722488038277,0.968421052631579,0.011976047904191617,0.868421052631579,3.689656163196097,166,0,166,0.0,0.8736842105263158,3.483273473220673,171,0,171,0.0,0.9,2.8202462491670217,201,14,187,0.06965174129353234,0.9842105263157894,2.669053025240177,214,25,189,0.11682242990654206,0.9947368421052631,1.580175
t_cl,t_cl,250,200,0.5,20,37,205,16,189,184,1,183,0.07804878048780488,0.9947368421052631,0.005434782608695652,0.9631578947368421,220,30,190,187,2,185,0.13636363636363635,1.0,0.0106951871657754,0.9736842105263158,3.6309636035681834,186,0,186,0.0,0.9789473684210527,3.434174902989265,187,0,187,0.0,0.9842105263157894,2.7788707903256036,200,10,190,0.05,1.0,2.6022913399737813,217,27,190,0.12442396313364056,1.0,1.736693
t_cl,t_cl,250,200,0.5,20,38,198,10,188,183,1,182,0.050505050505050504,0.9894736842105263,0.00546448087431694,0.9578947368421052,213,24,189,188,4,184,0.11267605633802817,0.9947368421052631,0.02127659574468085,0.968421052631579,3.674848720989522,186,0,186,0.0,0.9789473684210527,3.5519977052058627,187,0,187,0.0,0.9842105263157894,2.874408749814266,200,10,190,0.05,1.0,2.691593235294102,213,23,190,0.107981220657277,1.0,1.651973
t_cl,t_cl,250,200,0.5,20,39,198,12,186,174,2,172,0.06060606060606061,0.9789473684210527,0.011494252873563218,0.9052631578947369,208,22,186,180,3,177,0.10576923076923077,0.9789473684210527,0.016666666666666666,0.9315789473684211,3.6973251673986574,175,1,174,0.005714285714285714,0.9157894736842105,3.5064152152489347,182,1,181,0.005494505494505495,0.9526315789473684,2.788169797356613,195,9,186,0.046153846153846156,0.9789473684210527,2.6292572017049745,205,18,187,0.08780487804878048,0.9842105263157894,1.590851
t_cl,t_cl,250,200,0.5,20,40,183,10,173,145,2,143,0.0546448087431694,0.9105263157894737,0.013793103448275862,0.7526315789473684,202,23,179,157,3,154,0.11386138613861387,0.9421052631578948,0.01910828025477707,0.8105263157894737,3.6794899922553235,153,0,153,0.0,0.8052631578947368,3.4877396419558186,158,0,158,0.0,0.8315789473684211,2.859112738209461,187,9,178,0.0481283422459893,0.9368421052631579,2.6589627219416263,202,22,180,0.10891089108910891,0.9473684210526315,1.836554
t_cl,t_cl,250,200,0.5,20,41,170,9,161,125,0,125,0.052941176470588235,0.8473684210526315,0.0,0.6578947368421053,196,28,168,137,2,135,0.14285714285714285,0.8842105263157894,0.014598540145985401,0.7105263157894737,3.7421974487858383,126,0,126,0.0,0.6631578947368421,3.5143878755149585,139,0,139,0.0,0.7315789473684211,2.7906751566306074,180,9,171,0.05,0.9,2.627637032690126,199,26,173,0.1306532663316583,0.9105263157894737,1.71222
t_cl,t_cl,250,200,0.5,20,42,198,10,188,180,2,178,0.050505050505050504,0.9894736842105263,0.011111111111111112,0.9368421052631579,209,21,188,188,3,185,0.10047846889952153,0.9894736842105263,0.015957446808510637,0.9736842105263158,3.6382821994931502,183,0,183,0.0,0.9631578947368421,3.6008209147978083,186,0,186,0.0,0.9789473684210527,2.8466045375347346,197,8,189,0.04060913705583756,0.9947368421052631,2.6778866176264144,206,17,189,0.0825242718446602,0.9947368421052631,1.622761
t_cl,t_cl,250,200,0.5,20,43,182,5,177,157,0,157,0.027472527472527472,0.9315789473684211,0.0,0.8263157894736842,196,16,180,170,1,169,0.08163265306122448,0.9473684210526315,0.0058823529411764705,0.8894736842105263,3.6938380124962604,164,0,164,0.0,0.8631578947368421,3.4919087176228913,169,0,169,0.0,0.8894736842105263,2.8319841398028167,185,4,181,0.021621621621621623,0.9526315789473684,2.640126723585225,200,16,184,0.08,0.968421052631579,1.543996
t_cl,t_cl,250,200,0.5,20,44,187,7,180,164,3,161,0.0374331550802139,0.9473684210526315,0.018292682926829267,0.8473684210526315,202,18,184,171,4,167,0.0891089108910891,0.968421052631579,0.023391812865497075,0.8789473684210526,3.660813963009786,166,0,166,0.0,0.8736842105263158,3.4989848944179482,172,1,171,0.005813953488372093,0.9,2.821896139782313,193,7,186,0.03626943005181347,0.9789473684210527,2.6451250986771564,206,18,188,0.08737864077669903,0.9894736842105263,1.807473
t_cl,t_cl,250,200,0.5,20,45,199,12,187,173,2,171,0.06030150753768844,0.9842105263157894,0.011560693641618497,0.9,227,39,188,182,4,178,0.17180616740088106,0.9894736842105263,0.02197802197802198,0.9368421052631579,3.6501469999148095,174,0,174,0.0,0.9157894736842105,3.5667882670240467,178,0,178,0.0,0.9368421052631579,2.762897827858537,200,11,189,0.055,0.9947368421052631,2.5932666367456068,225,36,189,0.16,0.9947368421052631,1.604159
t_cl,t_cl,250,200,0.5,20,46,195,5,190,181,3,178,0.02564102564102564,1.0,0.016574585635359115,0.9368421052631579,203,13,190,188,3,185,0.06403940886699508,1.0,0.015957446808510637,0.9736842105263158,3.6430472670030443,182,0,182,0.0,0.9578947368421052,3.432798571805946,188,1,187,0.005319148936170213,0.9842105263157894,2.871503813119493,195,5,190,0.02564102564102564,1.0,2.6461405714888047,201,11,190,0.05472636815920398,1.0,1.771627
t_cl,t_cl,250,200,0.5,20,47,185,5,180,158,1,157,0.02702702702702703,0.9473684210526315,0.006329113924050633,0.8263157894736842,199,14,185,166,1,165,0.07035175879396985,0.9736842105263158,0.006024096385542169,0.868421052631579,3.681562472385774,165,0,165,0.0,0.868421052631579,3.497506358169756,170,0,170,0.0,0.8947368421052632,2.9005868605110896,189,3,186,0.015873015873015872,0.9789473684210527,2.7044956026376847,200,13,187,0.065,0.9842105263157894,1.749446
t_cl,t_cl,250,200,0.5,20,48,204,14,190,188,1,187,0.06862745098039216,1.0,0.005319148936170213,0.9842105263157894,218,28,190,188,1,187,0.12844036697247707,1.0,0.005319148936170213,0.9842105263157894,3.6455105072586744,187,0,187,0.0,0.9842105263157894,3.6455105072586744,187,0,187,0.0,0.9842105263157894,2.788342883244072,203,13,190,0.06403940886699508,1.0,2.631790863228055,212,22,190,0.10377358490566038,1.0,1.557413
t_cl,t_cl,250,200,0.5,20,49,199,11,188,175,2,173,0.05527638190954774,0.9894736842105263,0.011428571428571429,0.9105263157894737,216,26,190,184,4,180,0.12037037037037036,1.0,0.021739130434782608,0.9473684210526315,3.638911687434807,182,0,182,0.0,0.9578947368421052,3.459047258754107,184,1,183,0.005434782608695652,0.9631578947368421,2.8461240913555073,198,10,188,0.050505050505050504,0.9894736842105263,2.6645272263570643,212,23,189,0.10849056603773585,0.9947368421052631,1.637326
t_cl,t_cl,250,200,0.5,20,50,191,6,185,165,0,165,0.031413612565445025,0.9736842105263158,0.0,0.868421052631579,211,23,188,172,0,172,0.10900473933649289,0.9894736842105263,0.0,0.9052631578947369,3.6516576549479955,166,0,166,0.0,0.8736842105263158,3.456159209414166,176,0,176,0.0,0.9263157894736842,2.777759310156628,194,6,188,0.030927835051546393,0.9894736842105263,2.625308530473635,209,20,189,0.09569377990430622,0.9947368421052631,1.660995
t_cl,t_cl,250,200,0.5,20,51,189,9,180,162,0,162,0.047619047619047616,0.9473684210526315,0.0,0.8526315789473684,204,18,186,172,1,171,0.08823529411764706,0.9789473684210527,0.005813953488372093,0.9,3.6967191153228303,160,0,160,0.0,0.8421052631578947,3.5156912076076785,168,0,168,0.0,0.8842105263157894,2.7351180265476036,195,9,186,0.046153846153846156,0.9789473684210527,2.577086466013084,203,16,187,0.07881773399014778,0.9842105263157894,1.700953
t_cl,t_cl,250,200,0.5,20,52,192,14,178,162,1,161,0.07291666666666667,0.9368421052631579,0.006172839506172839,0.8473684210526315,205,23,182,167,1,166,0.11219512195121951,0.9578947368421052,0.005988023952095809,0.8736842105263158,3.6515414909126047,167,0,167,0.0,0.8789473684210526,3.4798399564531235,173,0,173,0.0,0.9105263157894737,2.815014601183379,200,12,188,0.06,0.9894736842105263,2.6525778020248216,209,21,188,0.10047846889952153,0.9894736842105263,1.619512
t_cl,t_cl,250,200,0.5,20,53,197,10,187,182,1,181,0.050761421319796954,0.9842105263157894,0.005494505494505495,0.9526315789473684,212,24,188,185,2,183,0.11320754716981132,0.9894736842105263,0.010810810810810811,0.9631578947368421,3.684977824637393,182,0,182,0.0,0.9578947368421052,3.543417713160524,184,0,184,0.0,0.968421052631579,2.8086775828877757,195,6,189,0.03076923076923077,0.9947368421052631,2.62784955428698,212,22,190,0.10377358490566038,1.0,1.718949
t_cl,t_cl,250,200,0.5,20,54,192,12,180,163,1,162,0.0625,0.9473684210526315,0.006134969325153374,0.8526315789473684,202,20,182,171,1,170,0.09900990099009901,0.9578947368421052,0.005847953216374269,0.8947368421052632,3.6685368976916966,169,0,169,0.0,0.8894736842105263,3.4532696053247287,174,0,174,0.0,0.9157894736842105,2.8180889492267616,192,10,182,0.052083333333333336,0.9578947368421052,2.657797587936218,202,17,185,0.08415841584158416,0.9736842105263158,1.800456
t_cl,t_cl,250,200,0.5,20,55,184,7,177,156,1,155,0.03804347826086957,0.9315789473684211,0.00641025641025641,0.8157894736842105,198,16,182,160,1,159,0.08080808080808081,0.9578947368421052,0.00625,0.8368421052631579,3.664294903010968,161,0,161,0.0,0.8473684210526315,3.5218145832285406,164,0,164,0.0,0.8631578947368421,2.8068557438610404,192,7,185,0.036458333333333336,0.9736842105263158,2.6367343704193216,201,15,186,0.07462686567164178,0.9789473684210527,1.606988
t_cl,t_cl,250,200,0.5,20,56,205,15,190,184,2,182,0.07317073170731707,1.0,0.010869565217391304,0.9578947368421052,224,34,190,189,3,186,0.15178571428571427,1.0,0.015873015873015872,0.9789473684210527,3.6254554745056886,187,0,187,0.0,0.9842105263157894,3.528839532346737,189,0,189,0.0,0.9947368421052631,2.8215578579817144,204,14,190,0.06862745098039216,1.0,2.6686585595963472,218,28,190,0.12844036697247707,1.0,1.609833
t_cl,t_cl,250,200,0.5,20,57,170,10,160,127,2,125,0.058823529411764705,0.8421052631578947,0.015748031496062992,0.6578947368421053,183,14,169,136,3,133,0.07650273224043716,0.8894736842105263,0.022058823529411766,0.7,3.7308851028964427,121,0,121,0.0,0.6368421052631579,3.5228092967940055,138,1,137,0.007246376811594203,0.7210526315789474,2.7887870085830797,177,10,167,0.05649717514124294,0.8789473684210526,2.6327814984451394,188,13,175,0.06914893617021277,0.9210526315789473,1.730125
t_cl,t_cl,250,200,0.5,20,58,194,9,185,181,0,181,0.04639175257731959,0.9736842105263158,0.0,0.9526315789473684,207,20,187,183,2,181,0.0966183574879227,0.9842105263157894,0.01092896174863388,0.9526315789473684,3.6278633511211758,182,0,182,0.0,0.9578947368421052,3.4769094632058373,183,0,183,0.0,0.9631578947368421,2.7996564433419695,195,7,188,0.035897435897435895,0.9894736842105263,2.6325070913775277,206,17,189,0.0825242718446602,0.9947368421052631,1.59157
t_cl,t_cl,250,200,0.5,20,59,192,13,179,157,0,157,0.06770833333333333,0.9421052631578948,0.0,0.8263157894736842,212,29,183,164,0,164,0.13679245283018868,0.9631578947368421,0.0,0.8631578947368421,3.7117948437358845,164,0,164,0.0,0.8631578947368421,3.4690120257116774,169,0,169,0.0,0.8894736842105263,2.837988706415739,194,11,183,0.05670103092783505,0.9631578947368421,2.6837722629586693,211,28,183,0.13270142180094788,0.9631578947368421,1.678615
t_cl,t_cl,250,200,0.5,20,60,188,14,174,142,1,141,0.07446808510638298,0.9157894736842105,0.007042253521126761,0.7421052631578947,203,22,181,156,2,154,0.10837438423645321,0.9526315789473684,0.01282051282051282,0.8105263157894737,3.6771430830874934,154,1,153,0.006493506493506494,0.8052631578947368,3.509843893670618,164,1,163,0.006097560975609756,0.8578947368421053,2.830820518870124,198,13,185,0.06565656565656566,0.9736842105263158,2.66805221141432,207,22,185,0.10628019323671498,0.9736842105263158,1.769681
t_cl,t_cl,250,200,0.5,20,61,181,8,173,145,0,145,0.04419889502762431,0.9105263157894737,0.0,0.7631578947368421,194,18,176,161,0,161,0.09278350515463918,0.9263157894736842,0.0,0.8473684210526315,3.6884968568310574,146,0,146,0.0,0.7684210526315789,3.4763643907307213,163,0,163,0.0,0.8578947368421053,2.767804639991502,187,7,180,0.0374331550802139,0.9473684210526315,2.6092141797066963,196,13,183,0.0663265306122449,0.9631578947368421,1.630869
t_cl,t_cl,250,200,0.5,20,62,188,9,179,150,1,149,0.047872340425531915,0.9421052631578948,0.006666666666666667,0.7842105263157895,206,24,182,162,2,160,0.11650485436893204,0.9578947368421052,0.012345679012345678,0.8421052631578947,3.6582892734573327,161,1,160,0.006211180124223602,0.8421052631578947,3.5451371554792024,169,1,168,0.005917159763313609,0.8842105263157894,2.918220139260215,187,7,180,0.0374331550802139,0.9473684210526315,2.7108133834758794,206,20,186,0.0970873786407767,0.9789473684210527,1.599087
t_cl,t_cl,250,200,0.5,20,63,192,10,182,164,2,162,0.052083333333333336,0.9578947368421052,0.012195121951219513,0.8526315789473684,208,24,184,169,2,167,0.11538461538461539,0.968421052631579,0.011834319526627219,0.8789473684210526,3.7132463173888666,167,0,167,0.0,0.8789473684210526,3.4527075272402215,174,0,174,0.0,0.9157894736842105,2.8539738468563702,197,10,187,0.050761421319796954,0.9842105263157894,2.6688953624884255,210,21,189,0.1,0.9947368421052631,1.659468
t_cl,t_cl,250,200,0.5,20,64,203,13,190,177,0,177,0.06403940886699508,1.0,0.0,0.9315789473684211,213,23,190,184,1,183,0.107981220657277,1.0,0.005434782608695652,0.9631578947368421,3.649488574681495,180,0,180,0.0,0.9473684210526315,3.4499406554243963,186,0,186,0.0,0.9789473684210527,2.805436068188965,202,12,190,0.0594059405940594,1.0,2.641724106500316,210,20,190,0.09523809523809523,1.0,1.701002
t_cl,t_cl,250,200,0.5,20,65,206,16,190,188,2,186,0.07766990291262135,1.0,0.010638297872340425,0.9789473684210527,212,22,190,190,3,187,0.10377358490566038,1.0,0.015789473684210527,0.9842105263157894,3.722018222118119,186,0,186,0.0,0.9789473684210527,3.567292193633615,187,0,187,0.0,0.9842105263157894,2.7809786106556738,201,11,190,0.05472636815920398,1.0,2.6272133288646895,210,20,190,0.09523809523809523,1.0,1.759901
t_cl,t_cl,250,200,0.5,20,66,209,19,190,187,1,186,0.09090909090909091,1.0,0.0053475935828877,0.9789473684210527,225,35,190,193,6,187,0.15555555555555556,1.0,0.031088082901554404,0.9842105263157894,3.6255985255870002,188,0,188,0.0,0.9894736842105263,3.6255985255870002,188,0,188,0.0,0.9894736842105263,2.7982225498726794,206,16,190,0.07766990291262135,1.0,2.6211367857222516,223,33,190,0.14798206278026907,1.0,1.711968
t_cl,t_cl,250,200,0.5,20,67,192,8,184,171,1,170,0.041666666666666664,0.968421052631579,0.005847953216374269,0.8947368421052632,208,21,187,179,2,177,0.10096153846153846,0.9842105263157894,0.0111731843575419,0.9315789473684211,3.6346207444541183,176,0,176,0.0,0.9263157894736842,3.6043811057175414,177,0,177,0.0,0.9315789473684211,2.8104277328931255,195,8,187,0.041025641025641026,0.9842105263157894,2.667729240049572,207,19,188,0.09178743961352658,0.9894736842105263,1.701775
t_cl,t_cl,250,200,0.5,20,68,189,9,180,159,2,157,0.047619047619047616,0.9473684210526315,0.012578616352201259,0.8263157894736842,208,23,185,166,2,164,0.11057692307692307,0.9736842105263158,0.012048192771084338,0.8631578947368421,3.669040395301373,159,0,159,0.0,0.8368421052631579,3.464812266926028,170,0,170,0.0,0.8947368421052632,2.799419751681486,193,8,185,0.04145077720207254,0.9736842105263158,2.622145347463544,205,19,186,0.09268292682926829,0.9789473684210527,1.545345
t_cl,t_cl,250,200,0.5,20,69,200,11,189,182,1,181,0.055,0.9947368421052631,0.005494505494505495,0.9526315789473684,213,24,189,186,1,185,0.11267605633802817,0.9947368421052631,0.005376344086021506,0.9736842105263158,3.7330198434130653,183,0,183,0.0,0.9631578947368421,3.5202064005878344,187,0,187,0.0,0.9842105263157894,2.785746842438407,199,10,189,0.05025125628140704,0.9947368421052631,2.609416551522605,208,19,189,0.09134615384615384,0.9947368421052631,1.664478
t_cl,t_cl,250,200,0.5,20,70,206,18,188,183,1,182,0.08737864077669903,0.9894736842105263,0.00546448087431694,0.9578947368421052,222,33,189,188,4,184,0.14864864864864866,0.9947368421052631,0.02127659574468085,0.968421052631579,3.749172017367645,184,0,184,0.0,0.968421052631579,3.4640143130335295,187,0,187,0.0,0.9842105263157894,2.840900719460883,204,14,190,0.06862745098039216,1.0,2.655518835556346,220,30,190,0.13636363636363635,1.0,1.703289
t_cl,t_cl,250,200,0.5,20,71,198,10,188,189,3,186,0.050505050505050504,0.9894736842105263,0.015873015873015872,0.9789473684210527,210,21,189,190,3,187,0.1,0.9947368421052631,0.015789473684210527,0.9842105263157894,3.7851040518665395,187,0,187,0.0,0.9842105263157894,3.5149325433566845,190,3,187,0.015789473684210527,0.9842105263157894,2.8547553336120575,199,10,189,0.05025125628140704,0.9947368421052631,2.687537763997796,211,21,190,0.0995260663507109,1.0,1.846188
t_cl,t_cl,250,200,0.5,20,72,191,10,181,172,0,172,0.05235602094240838,0.9526315789473684,0.0,0.9052631578947369,208,22,186,176,2,174,0.10576923076923077,0.9789473684210527,0.011363636363636364,0.9157894736842105,3.696031145559612,174,0,174,0.0,0.9157894736842105,3.51226979078957,179,0,179,0.0,0.9421052631578948,2.8609340074009517,197,10,187,0.050761421319796954,0.9842105263157894,2.6921792548755508,209,21,188,0.10047846889952153,0.9894736842105263,1.698351
t_cl,t_cl,250,200,0.5,20,73,183,11,172,145,0,145,0.060109289617486336,0.9052631578947369,0.0,0.7631578947368421,197,18,179,152,0,152,0.09137055837563451,0.9421052631578948,0.0,0.8,3.67694503790206,147,0,147,0.0,0.7736842105263158,3.4836261057233195,157,0,157,0.0,0.8263157894736842,2.8278636408839475,188,10,178,0.05319148936170213,0.9368421052631579,2.65356799036132,197,17,180,0.08629441624365482,0.9473684210526315,1.543288
t_cl,t_cl,250,200,0.5,20,74,184,13,171,140,0,140,0.07065217391304347,0.9,0.0,0.7368421052631579,221,38,183,147,1,146,0.17194570135746606,0.9631578947368421,0.006802721088435374,0.7684210526315789,3.702732644056437,141,0,141,0.0,0.7421052631578947,3.499489096056259,153,0,153,0.0,0.8052631578947368,2.808993395897186,193,11,182,0.05699481865284974,0.9578947368421052,2.6375793981826074,219,34,185,0.1552511415525114,0.9736842105263158,1.756722
t_cl,t_cl,250,200,0.5,20,75,199,16,183,168,2,166,0.08040201005025126,0.9631578947368421,0.011904761904761904,0.8736842105263158,215,29,186,178,4,174,0.13488372093023257,0.9789473684210527,0.02247191011235955,0.9157894736842105,3.6487760812019854,174,0,174,0.0,0.9157894736842105,3.4794131936892896,181,0,181,0.0,0.9526315789473684,2.8065007111738276,203,16,187,0.07881773399014778,0.9842105263157894,2.6579100423543465,213,25,188,0.11737089201877934,0.9894736842105263,1.669056
t_cl,t_cl,250,200,0.5,20,76,203,14,189,183,1,182,0.06896551724137931,0.9947368421052631,0.00546448087431694,0.9578947368421052,213,23,190,187,2,185,0.107981220657277,1.0,0.0106951871657754,0.9736842105263158,3.6493414274617804,186,1,185,0.005376344086021506,0.9736842105263158,3.4477525682547645,189,2,187,0.010582010582010581,0.9842105263157894,2.765177080631498,200,10,190,0.05,1.0,2.6005983268518302,211,21,190,0.0995260663507109,1.0,1.647949
t_cl,t_cl,250,200,0.5,20,77,195,6,189,184,0,184,0.03076923076923077,0.9947368421052631,0.0,0.968421052631579,206,17,189,186,1,185,0.0825242718446602,0.9947368421052631,0.005376344086021506,0.9736842105263158,3.6545865532375914,185,0,185,0.0,0.9736842105263158,3.5754446720097963,186,0,186,0.0,0.9789473684210527,2.822040429565351,193,3,190,0.015544041450777202,1.0,2.655315626991181,201,11,190,0.05472636815920398,1.0,1.811305
t_cl,t_cl,250,200,0.5,20,78,175,12,163,149,4,145,0.06857142857142857,0.8578947368421053,0.026845637583892617,0.7631578947368421,204,27,177,158,4,154,0.1323529411764706,0.9315789473684211,0.02531645569620253,0.8105263157894737,3.7204954888750597,145,2,143,0.013793103448275862,0.7526315789473684,3.487132030512879,159,2,157,0.012578616352201259,0.8263157894736842,2.785739779188587,183,9,174,0.04918032786885246,0.9157894736842105,2.6139082840661456,204,25,179,0.12254901960784313,0.9421052631578948,1.716055
t_cl,t_cl,250,200,0.5,20,79,199,10,189,179,2,177,0.05025125628140704,0.9947368421052631,0.0111731843575419,0.9315789473684211,210,21,189,185,2,183,0.1,0.9947368421052631,0.010810810810810811,0.9631578947368421,3.6469872377854275,183,0,183,0.0,0.9631578947368421,3.453129725622681,187,0,187,0.0,0.9842105263157894,2.869712035572022,198,9,189,0.045454545454545456,0.9947368421052631,2.672090668786057,206,16,190,0.07766990291262135,1.0,1.590964
t_cl,t_cl,250,200,0.5,20,80,194,8,186,175,1,174,0.041237113402061855,0.9789473684210527,0.005714285714285714,0.9157894736842105,206,17,189,185,2,183,0.0825242718446602,0.9947368421052631,0.010810810810810811,0.9631578947368421,3.658742407964746,183,0,183,0.0,0.9631578947368421,3.5711985308002188,185,0,185,0.0,0.9736842105263158,2.8471400129438473,195,7,188,0.035897435897435895,0.9894736842105263,2.677786143854691,202,13,189,0.06435643564356436,0.9947368421052631,1.641087
t_cl,t_cl,250,200,0.5,20,81,197,10,187,166,1,165,0.050761421319796954,0.9842105263157894,0.006024096385542169,0.868421052631579,206,19,187,177,1,176,0.09223300970873786,0.9842105263157894,0.005649717514124294,0.9263157894736842,3.6658489967265426,176,0,176,0.0,0.9263157894736842,3.4375502867210757,183,1,182,0.00546448087431694,0.9578947368421052,2.8661733887429173,195,8,187,0.041025641025641026,0.9842105263157894,2.683269370267349,205,17,188,0.08292682926829269,0.9894736842105263,1.732048
t_cl,t_cl,250,200,0.5,20,82,200,11,189,183,1,182,0.055,0.9947368421052631,0.00546448087431694,0.9578947368421052,213,24,189,189,4,185,0.11267605633802817,0.9947368421052631,0.021164021164021163,0.9736842105263158,3.6883999872107998,184,0,184,0.0,0.968421052631579,3.5166950775265304,188,0,188,0.0,0.9894736842105263,2.826524621249666,199,10,189,0.05025125628140704,0.9947368421052631,2.64866084673486,213,23,190,0.107981220657277,1.0,1.597836
t_cl,t_cl,250,200,0.5,20,83,202,13,189,181,0,181,0.06435643564356436,0.9947368421052631,0.0,0.9526315789473684,213,24,189,186,1,185,0.11267605633802817,0.9947368421052631,0.005376344086021506,0.9736842105263158,3.6322487372272847,183,0,183,0.0,0.9631578947368421,3.525518577582182,187,0,187,0.0,0.9842105263157894,2.7741008647738097,200,11,189,0.055,0.9947368421052631,2.625465948702408,213,23,190,0.107981220657277,1.0,1.735405
t_cl,t_cl,250,200,0.5,20,84,191,9,182,172,0,172,0.04712041884816754,0.9578947368421052,0.0,0.9052631578947369,204,18,186,178,1,177,0.08823529411764706,0.9789473684210527,0.0056179775280898875,0.9315789473684211,3.640460297787592,177,0,177,0.0,0.9315789473684211,3.4416907005462254,181,0,181,0.0,0.9526315789473684,2.797400392783527,195,8,187,0.041025641025641026,0.9842105263157894,2.637909306950434,203,15,188,0.07389162561576355,0.9894736842105263,1.716232
t_cl,t_cl,250,200,0.5,20,85,195,12,183,162,1,161,0.06153846153846154,0.9631578947368421,0.006172839506172839,0.8473684210526315,210,24,186,169,1,168,0.11428571428571428,0.9789473684210527,0.005917159763313609,0.8842105263157894,3.659602995884343,169,0,169,0.0,0.8894736842105263,3.4481312257794747,177,0,177,0.0,0.9315789473684211,2.8308186992328834,198,11,187,0.05555555555555555,0.9842105263157894,2.6706447056966134,208,20,188,0.09615384615384616,0.9894736842105263,1.735422
t_cl,t_cl,250,200,0.5,20,86,193,6,187,174,0,174,0.031088082901554404,0.9842105263157894,0.0,0.9157894736842105,206,18,188,180,2,178,0.08737864077669903,0.9894736842105263,0.011111111111111112,0.9368421052631579,3.6311343325302126,178,0,178,0.0,0.9368421052631579,3.4552649989068023,181,0,181,0.0,0.9526315789473684,2.848654713126835,195,5,190,0.02564102564102564,1.0,2.6722093922400973,207,17,190,0.0821256038647343,1.0,1.608221
t_cl,t_cl,250,200,0.5,20,87,196,10,186,163,0,163,0.05102040816326531,0.9789473684210527,0.0,0.8578947368421053,210,23,187,168,0,168,0.10952380952380952,0.9842105263157894,0.0,0.8842105263157894,3.6579750887386053,167,0,167,0.0,0.8789473684210526,3.4517203315703564,178,0,178,0.0,0.9368421052631579,2.8232622837479058,195,8,187,0.041025641025641026,0.9842105263157894,2.6713954705893115,206,18,188,0.08737864077669903,0.9894736842105263,1.722281
t_cl,t_cl,250,200,0.5,20,88,197,10,187,168,1,167,0.050761421319796954,0.9842105263157894,0.005952380952380952,0.8789473684210526,212,22,190,179,3,176,0.10377358490566038,1.0,0.01675977653631285,0.9263157894736842,3.650424508129298,173,0,173,0.0,0.9105263157894737,3.4647162671866467,181,1,180,0.0055248618784530384,0.9473684210526315,2.79524395503722,198,8,190,0.04040404040404041,1.0,2.5984412737246902,211,21,190,0.0995260663507109,1.0,1.633014
t_cl,t_cl,250,200,0.5,20,89,185,7,178,147,0,147,0.03783783783783784,0.9368421052631579,0.0,0.7736842105263158,199,18,181,162,0,162,0.09045226130653267,0.9526315789473684,0.0,0.8526315789473684,3.6815784436945584,151,0,151,0.0,0.7947368421052632,3.502024781743503,162,0,162,0.0,0.8526315789473684,2.845559967017858,185,4,181,0.021621621621621623,0.9526315789473684,2.6393945230938614,197,15,182,0.07614213197969544,0.9578947368421052,1.682291
t_cl,t_cl,250,200,0.5,20,90,180,15,165,130,1,129,0.08333333333333333,0.868421052631579,0.007692307692307693,0.6789473684210526,199,25,174,143,2,141,0.12562814070351758,0.9157894736842105,0.013986013986013986,0.7421052631578947,3.704054638627255,141,1,140,0.0070921985815602835,0.7368421052631579,3.5059079668475883,152,1,151,0.006578947368421052,0.7947368421052632,2.867466853344951,189,14,175,0.07407407407407407,0.9210526315789473,2.72205729397048,199,20,179,0.10050251256281408,0.9421052631578948,1.832558
t_cl,t_cl,250,200,0.5,20,91,185,7,178,156,0,156,0.03783783783783784,0.9368421052631579,0.0,0.8210526315789474,196,11,185,163,1,162,0.05612244897959184,0.9736842105263158,0.006134969325153374,0.8526315789473684,3.6539373693677186,161,0,161,0.0,0.8473684210526315,3.5328534310248307,165,0,165,0.0,0.868421052631579,2.815019771948206,190,7,183,0.03684210526315789,0.9631578947368421,2.7091311732355,196,10,186,0.05102040816326531,0.9789473684210527,1.602987
t_cl,t_cl,250,200,0.5,20,92,181,6,175,154,0,154,0.03314917127071823,0.9210526315789473,0.0,0.8105263157894737,202,20,182,162,0,162,0.09900990099009901,0.9578947368421052,0.0,0.8526315789473684,3.675514965903989,160,0,160,0.0,0.8421052631578947,3.4810546464565926,167,0,167,0.0,0.8789473684210526,2.843491909812863,190,6,184,0.031578947368421054,0.968421052631579,2.6438355673480807,205,20,185,0.0975609756097561,0.9736842105263158,1.602012
t_cl,t_cl,250,200,0.5,20,93,195,7,188,178,1,177,0.035897435897435895,0.9894736842105263,0.0056179775280898875,0.9315789473684211,203,15,188,181,1,180,0.07389162561576355,0.9894736842105263,0.0055248618784530384,0.9473684210526315,3.6701727725162914,180,0,180,0.0,0.9473684210526315,3.578320431970857,181,0,181,0.0,0.9526315789473684,2.812686094018996,194,5,189,0.02577319587628866,0.9947368421052631,2.639192528135212,200,11,189,0.055,0.9947368421052631,1.604038
t_cl,t_cl,250,200,0.5,20,94,189,7,182,165,3,162,0.037037037037037035,0.9578947368421052,0.01818181818181818,0.8526315789473684,206,20,186,172,3,169,0.0970873786407767,0.9789473684210527,0.01744186046511628,0.8894736842105263,3.650996313779756,169,0,169,0.0,0.8894736842105263,3.4743175628857754,178,1,177,0.0056179775280898875,0.9315789473684211,2.872382971330923,194,7,187,0.03608247422680412,0.9842105263157894,2.7296636032734467,200,11,189,0.055,0.9947368421052631,1.759236
t_cl,t_cl,250,200,0.5,20,95,188,10,178,170,4,166,0.05319148936170213,0.9368421052631579,0.023529411764705882,0.8736842105263158,203,19,184,174,5,169,0.09359605911330049,0.968421052631579,0.028735632183908046,0.8894736842105263,3.646509143590478,170,1,169,0.0058823529411764705,0.8894736842105263,3.499064532942253,172,1,171,0.005813953488372093,0.9,2.8752740627491753,195,10,185,0.05128205128205128,0.9736842105263158,2.657070711798969,204,18,186,0.08823529411764706,0.9789473684210527,1.747126
t_cl,t_cl,250,200,0.5,20,96,174,10,164,134,0,134,0.05747126436781609,0.8631578947368421,0.0,0.7052631578947368,189,16,173,141,0,141,0.08465608465608465,0.9105263157894737,0.0,0.7421052631578947,3.754873593710509,135,0,135,0.0,0.7105263157894737,3.500164351048518,145,0,145,0.0,0.7631578947368421,2.792265463875098,184,9,175,0.04891304347826087,0.9210526315789473,2.6420893250043087,195,16,179,0.08205128205128205,0.9421052631578948,1.630454
t_cl,t_cl,250,200,0.5,20,97,200,14,186,177,0,177,0.07,0.9789473684210527,0.0,0.9315789473684211,217,30,187,183,1,182,0.1382488479262673,0.9842105263157894,0.00546448087431694,0.9578947368421052,3.6254839845900597,182,0,182,0.0,0.9578947368421052,3.509376559388797,185,0,185,0.0,0.9736842105263158,2.802273051019578,199,12,187,0.06030150753768844,0.9842105263157894,2.651076542688234,215,26,189,0.12093023255813953,0.9947368421052631,1.742152
t_cl,t_cl,250,200,0.5,20,98,191,10,181,170,2,168,0.05235602094240838,0.9526315789473684,0.011764705882352941,0.8842105263157894,201,18,183,178,2,176,0.08955223880597014,0.9631578947368421,0.011235955056179775,0.9263157894736842,3.6899013859568006,176,0,176,0.0,0.9263157894736842,3.4430815214256723,181,1,180,0.0055248618784530384,0.9473684210526315,2.881127198607199,195,10,185,0.05128205128205128,0.9736842105263158,2.703606174722106,203,18,185,0.08866995073891626,0.9736842105263158,1.551402
t_cl,t_cl,250,200,0.5,20,99,195,12,183,169,1,168,0.06153846153846154,0.9631578947368421,0.005917159763313609,0.8842105263157894,205,22,183,175,2,173,0.1073170731707317,0.9631578947368421,0.011428571428571429,0.9105263157894737,3.690478649714152,167,0,167,0.0,0.8789473684210526,3.4655279296545842,175,0,175,0.0,0.9210526315789473,2.7614177620598057,192,9,183,0.046875,0.9631578947368421,2.602965775234979,204,20,184,0.09803921568627451,0.968421052631579,1.665833
t_cl,t_cl,250,200,0.5,20,100,201,13,188,178,0,178,0.06467661691542288,0.9894736842105263,0.0,0.9368421052631579,217,27,190,184,1,183,0.12442396313364056,1.0,0.005434782608695652,0.9631578947368421,3.635331410954268,180,0,180,0.0,0.9473684210526315,3.4365687363176267,184,0,184,0.0,0.968421052631579,2.8714903918456014,195,5,190,0.02564102564102564,1.0,2.6169251645308895,212,22,190,0.10377358490566038,1.0,1.68979
t_cl,t_cl,250,200,0.5,20,101,187,10,177,157,0,157,0.053475935828877004,0.9315789473684211,0.0,0.8263157894736842,212,29,183,162,2,160,0.13679245283018868,0.9631578947368421,0.012345679012345678,0.8421052631578947,3.6788865739860896,161,0,161,0.0,0.8473684210526315,3.4702853224526042,168,0,168,0.0,0.8842105263157894,2.8373744955503164,196,10,186,0.05102040816326531,0.9789473684210527,2.675198342541156,214,27,187,0.1261682242990654,0.9842105263157894,1.65258
t_cl,t_cl,250,200,0.5,20,102,202,14,188,184,1,183,0.06930693069306931,0.9894736842105263,0.005434782608695652,0.9631578947368421,209,20,189,187,2,185,0.09569377990430622,0.9947368421052631,0.0106951871657754,0.9736842105263158,3.629147701417509,185,0,185,0.0,0.9736842105263158,3.498175498803842,186,0,186,0.0,0.9789473684210527,2.7644797194781057,199,10,189,0.05025125628140704,0.9947368421052631,2.606699983596145,207,18,189,0.08695652173913043,0.9947368421052631,1.751121
t_cl,t_cl,250,200,0.5,20,103,195,11,184,163,1,162,0.05641025641025641,0.968421052631579,0.006134969325153374,0.8526315789473684,204,20,184,173,3,170,0.09803921568627451,0.968421052631579,0.017341040462427744,0.8947368421052632,3.6571056865837392,165,1,164,0.006060606060606061,0.8631578947368421,3.4588376014178155,176,1,175,0.005681818181818182,0.9210526315789473,2.786038125998815,190,6,184,0.031578947368421054,0.968421052631579,2.6185189928898702,205,19,186,0.09268292682926829,0.9789473684210527,1.678207
t_cl,t_cl,250,200,0.5,20,104,195,12,183,173,1,172,0.06153846153846154,0.9631578947368421,0.005780346820809248,0.9052631578947369,212,26,186,181,4,177,0.12264150943396226,0.9789473684210527,0.022099447513812154,0.9315789473684211,3.6376774642291245,181,1,180,0.0055248618784530384,0.9473684210526315,3.492634988997764,182,1,181,0.005494505494505495,0.9526315789473684,2.8293744352267463,199,12,187,0.06030150753768844,0.9842105263157894,2.6703347042121597,211,24,187,0.11374407582938388,0.9842105263157894,1.746443
t_cl,t_cl,250,200,0.5,20,105,209,21,188,177,0,177,0.10047846889952153,0.9894736842105263,0.0,0.9315789473684211,220,32,188,186,4,182,0.14545454545454545,0.9894736842105263,0.021505376344086023,0.9578947368421052,3.6508131851897208,182,0,182,0.0,0.9578947368421052,3.4971291158683604,185,0,185,0.0,0.9736842105263158,2.803124536658378,205,17,188,0.08292682926829269,0.9894736842105263,2.626553240837508,218,30,188,0.13761467889908258,0.9894736842105263,1.620503
t_cl,t_cl,250,200,0.5,20,106,198,14,184,167,0,167,0.0707070707070707,0.968421052631579,0.0,0.8789473684210526,215,26,189,181,3,178,0.12093023255813953,0.9947368421052631,0.016574585635359115,0.9368421052631579,3.6392139325846204,177,0,177,0.0,0.9315789473684211,3.4864403643301602,182,0,182,0.0,0.9578947368421052,2.839841385308215,200,11,189,0.055,0.9947368421052631,2.686186015901984,210,21,189,0.1,0.9947368421052631,1.647482
t_cl,t_cl,250,200,0.5,20,107,180,10,170,141,0,141,0.05555555555555555,0.8947368421052632,0.0,0.7421052631578947,197,21,176,151,2,149,0.1065989847715736,0.9263157894736842,0.013245033112582781,0.7842105263157895,3.6869814791839874,145,0,145,0.0,0.7631578947368421,3.509042725444683,149,0,149,0.0,0.7842105263157895,2.7693696670102,186,10,176,0.053763440860215055,0.9263157894736842,2.6016232755261837,200,21,179,0.105,0.9421052631578948,1.662708
t_cl,t_cl,250,200,0.5,20,108,191,10,181,141,1,140,0.05235602094240838,0.9526315789473684,0.0070921985815602835,0.7368421052631579,202,20,182,160,3,157,0.09900990099009901,0.9578947368421052,0.01875,0.8263157894736842,3.685018057116783,153,0,153,0.0,0.8052631578947368,3.465948782848646,175,1,174,0.005714285714285714,0.9157894736842105,2.8163727734672497,195,9,186,0.046153846153846156,0.9789473684210527,2.6681219419728444,206,20,186,0.0970873786407767,0.9789473684210527,1.812544
t_cl,t_cl,250,200,0.5,20,109,196,8,188,186,2,184,0.04081632653061224,0.9894736842105263,0.010752688172043012,0.968421052631579,206,16,190,187,2,185,0.07766990291262135,1.0,0.0106951871657754,0.9736842105263158,3.6260247621272823,186,0,186,0.0,0.9789473684210527,3.4475915593467943,187,0,187,0.0,0.9842105263157894,2.8430742273107708,197,7,190,0.03553299492385787,1.0,2.6681289399022874,202,12,190,0.0594059405940594,1.0,1.57604
t_cl,t_cl,250,200,0.5,20,110,198,8,190,190,0,190,0.04040404040404041,1.0,0.0,1.0,214,24,190,190,0,190,0.11214953271028037,1.0,0.0,1.0,3.9950422346899317,190,0,190,0.0,1.0,3.9950422346899317,190,0,190,0.0,1.0,2.8219205312388613,196,6,190,0.030612244897959183,1.0,2.6491433109941087,207,17,190,0.0821256038647343,1.0,1.736913
t_cl,t_cl,250,200,0.5,20,111,182,8,174,154,0,154,0.04395604395604396,0.9157894736842105,0.0,0.8105263157894737,198,18,180,165,0,165,0.09090909090909091,0.9473684210526315,0.0,0.868421052631579,3.6829398272684517,158,0,158,0.0,0.8315789473684211,3.489133903241785,167,0,167,0.0,0.8789473684210526,2.825276057970343,187,5,182,0.026737967914438502,0.9578947368421052,2.6614635722782873,197,14,183,0.07106598984771574,0.9631578947368421,1.579747
t_cl,t_cl,250,200,0.5,20,112,189,9,180,163,0,163,0.047619047619047616,0.9473684210526315,0.0,0.8578947368421053,203,20,183,167,0,167,0.09852216748768473,0.9631578947368421,0.0,0.8789473684210526,3.6511002094014366,167,0,167,0.0,0.8789473684210526,3.4735969638790993,169,0,169,0.0,0.8894736842105263,2.81200171708455,190,7,183,0.03684210526315789,0.9631578947368421,2.6305355935692005,199,16,183,0.08040201005025126,0.9631578947368421,1.714439
t_cl,t_cl,250,200,0.5,20,113,195,15,180,159,0,159,0.07692307692307693,0.9473684210526315,0.0,0.8368421052631579,207,24,183,168,1,167,0.11594202898550725,0.9631578947368421,0.005952380952380952,0.8789473684210526,3.6647485111716938,165,0,165,0.0,0.868421052631579,3.457880267380127,174,0,174,0.0,0.9157894736842105,2.807492281976312,202,15,187,0.07425742574257425,0.9842105263157894,2.6548255826447584,211,24,187,0.11374407582938388,0.9842105263157894,1.688782
t_cl,t_cl,250,200,0.5,20,114,182,10,172,151,0,151,0.054945054945054944,0.9052631578947369,0.0,0.7947368421052632,202,23,179,162,2,160,0.11386138613861387,0.9421052631578948,0.012345679012345678,0.8421052631578947,3.6953675145290608,153,0,153,0.0,0.8052631578947368,3.5239455506034787,158,0,158,0.0,0.8315789473684211,2.8255228435676516,188,10,178,0.05319148936170213,0.9368421052631579,2.6170795603188752,204,23,181,0.11274509803921569,0.9526315789473684,1.774988
t_cl,t_cl,250,200,0.5,20,115,191,14,177,152,2,150,0.07329842931937172,0.9315789473684211,0.013157894736842105,0.7894736842105263,212,31,181,163,2,161,0.14622641509433962,0.9526315789473684,0.012269938650306749,0.8473684210526315,3.707742998186516,151,1,150,0.006622516556291391,0.7894736842105263,3.470220383067195,163,1,162,0.006134969325153374,0.8526315789473684,2.7699228992966347,190,8,182,0.042105263157894736,0.9578947368421052,2.6030637548261786,208,24,184,0.11538461538461539,0.968421052631579,1.707938
t_cl,t_cl,250,200,0.5,20,116,194,10,184,166,0,166,0.05154639175257732,0.968421052631579,0.0,0.8736842105263158,207,22,185,171,0,171,0.10628019323671498,0.9736842105263158,0.0,0.9,3.6626954822671207,172,0,172,0.0,0.9052631578947369,3.5179765660767264,176,0,176,0.0,0.9263157894736842,2.8538867078242136,198,10,188,0.050505050505050504,0.9894736842105263,2.715024686749358,209,21,188,0.10047846889952153,0.9894736842105263,1.575862
t_cl,t_cl,250,200,0.5,20,117,192,11,181,166,0,166,0.057291666666666664,0.9526315789473684,0.0,0.8736842105263158,202,20,182,173,0,173,0.09900990099009901,0.9578947368421052,0.0,0.9105263157894737,3.6602246650583226,167,0,167,0.0,0.8789473684210526,3.475777760355589,173,0,173,0.0,0.9105263157894737,2.7298647313307587,192,9,183,0.046875,0.9631578947368421,2.5751289263387145,203,19,184,0.09359605911330049,0.968421052631579,1.747579
t_cl,t_cl,250,200,0.5,20,118,186,11,175,149,2,147,0.05913978494623656,0.9210526315789473,0.013422818791946308,0.7736842105263158,207,22,185,159,4,155,0.10628019323671498,0.9736842105263158,0.025157232704402517,0.8157894736842105,3.764926459289932,146,0,146,0.0,0.7684210526315789,3.5313222453073574,155,0,155,0.0,0.8157894736842105,2.790811366867682,191,11,180,0.05759162303664921,0.9473684210526315,2.6293428020617715,206,21,185,0.10194174757281553,0.9736842105263158,1.66612
t_cl,t_cl,250,200,0.5,20,119,187,9,178,154,0,154,0.0481283422459893,0.9368421052631579,0.0,0.8105263157894737,207,23,184,161,0,161,0.1111111111111111,0.968421052631579,0.0,0.8473684210526315,3.6870338570416332,152,0,152,0.0,0.8,3.5026769609972477,161,0,161,0.0,0.8473684210526315,2.7670697857020685,191,7,184,0.03664921465968586,0.968421052631579,2.6028452301542644,205,20,185,0.0975609756097561,0.9736842105263158,1.61682
t_cl,t_cl,250,200,0.5,20,120,195,5,190,179,0,179,0.02564102564102564,1.0,0.0,0.9421052631578948,202,12,190,183,1,182,0.0594059405940594,1.0,0.00546448087431694,0.9578947368421052,3.682939130283812,184,0,184,0.0,0.968421052631579,3.433495220356808,189,0,189,0.0,0.9947368421052631,2.9725581742060925,195,5,190,0.02564102564102564,1.0,2.736720352760073,202,12,190,0.0594059405940594,1.0,1.90822
t_cl,t_cl,250,200,0.5,20,121,192,4,188,177,0,177,0.020833333333333332,0.9894736842105263,0.0,0.9315789473684211,204,14,190,179,0,179,0.06862745098039216,1.0,0.0,0.9421052631578948,3.704213743260614,179,0,179,0.0,0.9421052631578948,3.5431150665516644,181,0,181,0.0,0.9526315789473684,2.9868475893673008,192,2,190,0.010416666666666666,1.0,2.7200966809880924,201,11,190,0.05472636815920398,1.0,1.667286
t_cl,t_cl,250,200,0.5,20,122,191,10,181,165,1,164,0.05235602094240838,0.9526315789473684,0.006060606060606061,0.8631578947368421,209,25,184,174,3,171,0.11961722488038277,0.968421052631579,0.017241379310344827,0.9,3.636404802592531,174,0,174,0.0,0.9157894736842105,3.467991723075897,180,0,180,0.0,0.9473684210526315,2.9121498861646185,192,8,184,0.041666666666666664,0.968421052631579,2.6819812936898035,205,18,187,0.08780487804878048,0.9842105263157894,1.627843
t_cl,t_cl,250,200,0.5,20,123,194,8,186,181,1,180,0.041237113402061855,0.9789473684210527,0.0055248618784530384,0.9473684210526315,210,23,187,183,1,182,0.10952380952380952,0.9842105263157894,0.00546448087431694,0.9578947368421052,3.734319880048514,180,1,179,0.005555555555555556,0.9421052631578948,3.4864520322730077,184,1,183,0.005434782608695652,0.9631578947368421,2.7768400265054054,196,8,188,0.04081632653061224,0.9894736842105263,2.5888175494770764,212,23,189,0.10849056603773585,0.9947368421052631,1.591698
t_cl,t_cl,250,200,0.5,20,124,199,10,189,177,0,177,0.05025125628140704,0.9947368421052631,0.0,0.9315789473684211,207,17,190,183,1,182,0.0821256038647343,1.0,0.00546448087431694,0.9578947368421052,3.6656725048370826,182,0,182,0.0,0.9578947368421052,3.504028447116103,185,0,185,0.0,0.9736842105263158,2.8378529952338014,198,8,190,0.04040404040404041,1.0,2.6663013338964503,206,16,190,0.07766990291262135,1.0,1.770582
t_cl,t_cl,250,200,0.5,20,125,197,10,187,182,1,181,0.050761421319796954,0.9842105263157894,0.005494505494505495,0.9526315789473684,209,20,189,185,1,184,0.09569377990430622,0.9947368421052631,0.005405405405405406,0.968421052631579,3.6695961325352244,183,0,183,0.0,0.9631578947368421,3.489448310051616,185,0,185,0.0,0.9736842105263158,2.7203910043499295,197,7,190,0.03553299492385787,1.0,2.5691386506625107,208,18,190,0.08653846153846154,1.0,1.601088
t_cl,t_cl,250,200,0.5,20,126,197,9,188,186,2,184,0.04568527918781726,0.9894736842105263,0.010752688172043012,0.968421052631579,204,15,189,187,2,185,0.07352941176470588,0.9947368421052631,0.0106951871657754,0.9736842105263158,3.684662772837085,185,0,185,0.0,0.9736842105263158,3.684662772837085,185,0,185,0.0,0.9736842105263158,2.8532509346817787,197,7,190,0.03553299492385787,1.0,2.629851587799971,204,14,190,0.06862745098039216,1.0,1.817537
t_cl,t_cl,250,200,0.5,20,127,190,8,182,158,1,157,0.042105263157894736,0.9578947368421052,0.006329113924050633,0.8263157894736842,202,19,183,164,2,162,0.09405940594059406,0.9631578947368421,0.012195121951219513,0.8526315789473684,3.6586760215432856,160,0,160,0.0,0.8421052631578947,3.4578035727576353,171,0,171,0.0,0.9,2.826765119779474,194,8,186,0.041237113402061855,0.9789473684210527,2.6614646730881883,202,16,186,0.07920792079207921,0.9789473684210527,1.835215
t_cl,t_cl,250,200,0.5,20,128,192,7,185,173,2,171,0.036458333333333336,0.9736842105263158,0.011560693641618497,0.9,200,13,187,179,2,177,0.065,0.9842105263157894,0.0111731843575419,0.9315789473684211,3.64251905649009,174,0,174,0.0,0.9157894736842105,3.4871558150538218,180,0,180,0.0,0.9473684210526315,2.76091738971254,193,7,186,0.03626943005181347,0.9789473684210527,2.6221824366920563,198,11,187,0.05555555555555555,0.9842105263157894,1.569383
t_cl,t_cl,250,200,0.5,20,129,185,13,172,153,2,151,0.07027027027027027,0.9052631578947369,0.013071895424836602,0.7947368421052632,204,23,181,158,4,154,0.11274509803921569,0.9526315789473684,0.02531645569620253,0.8105263157894737,3.7078167487748352,153,0,153,0.0,0.8052631578947368,3.486659417103551,160,0,160,0.0,0.8421052631578947,2.8233724822324526,191,11,180,0.05759162303664921,0.9473684210526315,2.668649200355951,204,23,181,0.11274509803921569,0.9526315789473684,1.605856
t_cl,t_cl,250,200,0.5,20,130,196,14,182,164,3,161,0.07142857142857142,0.9578947368421052,0.018292682926829267,0.8473684210526315,204,21,183,171,4,167,0.10294117647058823,0.9631578947368421,0.023391812865497075,0.8789473684210526,3.6520275187198488,162,0,162,0.0,0.8526315789473684,3.5859012958610323,165,0,165,0.0,0.868421052631579,2.7321819298428,197,13,184,0.06598984771573604,0.968421052631579,2.5759303088420893,207,22,185,0.10628019323671498,0.9736842105263158,1.804415
t_cl,t_cl,250,200,0.5,20,131,195,6,189,178,1,177,0.03076923076923077,0.9947368421052631,0.0056179775280898875,0.9315789473684211,208,18,190,182,1,181,0.08653846153846154,1.0,0.005494505494505495,0.9526315789473684,3.643713567665171,180,0,180,0.0,0.9473684210526315,3.534617405510009,183,0,183,0.0,0.9631578947368421,2.7801375884674884,195,5,190,0.02564102564102564,1.0,2.62658938303576,206,16,190,0.07766990291262135,1.0,1.645617
t_cl,t_cl,250,200,0.5,20,132,204,14,190,185,1,184,0.06862745098039216,1.0,0.005405405405405406,0.968421052631579,216,26,190,187,2,185,0.12037037037037036,1.0,0.0106951871657754,0.9736842105263158,3.631434656417516,187,0,187,0.0,0.9842105263157894,3.5388299544147466,188,0,188,0.0,0.9894736842105263,2.792119760590617,203,13,190,0.06403940886699508,1.0,2.6506767372440816,214,24,190,0.11214953271028037,1.0,1.670668
t_cl,t_cl,250,200,0.5,20,133,171,5,166,122,0,122,0.029239766081871343,0.8736842105263158,0.0,0.6421052631578947,190,17,173,139,0,139,0.08947368421052632,0.9105263157894737,0.0,0.7315789473684211,3.7108869335524557,130,0,130,0.0,0.6842105263157895,3.512704519599737,147,0,147,0.0,0.7736842105263158,2.804995042527497,176,5,171,0.028409090909090908,0.9,2.654135948124888,189,15,174,0.07936507936507936,0.9157894736842105,1.812749
t_cl,t_cl,250,200,0.5,20,134,191,8,183,171,1,170,0.041884816753926704,0.9631578947368421,0.005847953216374269,0.8947368421052632,202,17,185,175,1,174,0.08415841584158416,0.9736842105263158,0.005714285714285714,0.9157894736842105,3.7053739627842885,173,0,173,0.0,0.9105263157894737,3.5131334657346214,177,0,177,0.0,0.9315789473684211,2.8297394422061855,195,8,187,0.041025641025641026,0.9842105263157894,2.6446870579256605,206,17,189,0.0825242718446602,0.9947368421052631,1.626606
t_cl,t_cl,250,200,0.5,20,135,198,10,188,182,1,181,0.050505050505050504,0.9894736842105263,0.005494505494505495,0.9526315789473684,217,28,189,186,2,184,0.12903225806451613,0.9947368421052631,0.010752688172043012,0.968421052631579,3.6237727629020453,183,0,183,0.0,0.9631578947368421,3.5753442292556805,185,1,184,0.005405405405405406,0.968421052631579,2.866798276583909,198,9,189,0.045454545454545456,0.9947368421052631,2.6831451549740355,214,24,190,0.11214953271028037,1.0,1.579383
t_cl,t_cl,250,200,0.5,20,136,193,9,184,172,2,170,0.046632124352331605,0.968421052631579,0.011627906976744186,0.8947368421052632,202,18,184,182,4,178,0.0891089108910891,0.968421052631579,0.02197802197802198,0.9368421052631579,3.6374441929394226,177,0,177,0.0,0.9315789473684211,3.4653120679916567,180,0,180,0.0,0.9473684210526315,2.772098473007818,193,8,185,0.04145077720207254,0.9736842105263158,2.6150008870197246,205,16,189,0.07804878048780488,0.9947368421052631,1.698119
t_cl,t_cl,250,200,0.5,20,137,174,7,167,150,0,150,0.040229885057471264,0.8789473684210526,0.0,0.7894736842105263,187,14,173,160,1,159,0.0748663101604278,0.9105263157894737,0.00625,0.8368421052631579,3.6601320606586545,158,0,158,0.0,0.8315789473684211,3.504922095646915,162,0,162,0.0,0.8526315789473684,2.8756708707011156,180,6,174,0.03333333333333333,0.9157894736842105,2.690907394469269,193,13,180,0.06735751295336788,0.9473684210526315,1.663007
t_cl,t_cl,250,200,0.5,20,138,172,4,168,143,0,143,0.023255813953488372,0.8842105263157894,0.0,0.7526315789473684,197,21,176,154,0,154,0.1065989847715736,0.9263157894736842,0.0,0.8105263157894737,3.6866113657858497,146,0,146,0.0,0.7684210526315789,3.4800140815342084,160,0,160,0.0,0.8421052631578947,2.7858674903124543,176,1,175,0.005681818181818182,0.9210526315789473,2.60514639950625,203,19,184,0.09359605911330049,0.968421052631579,1.72985
t_cl,t_cl,250,200,0.5,20,139,193,11,182,158,1,157,0.05699481865284974,0.9578947368421052,0.006329113924050633,0.8263157894736842,210,28,182,169,1,168,0.13333333333333333,0.9578947368421052,0.005917159763313609,0.8842105263157894,3.665283559188231,160,0,160,0.0,0.8421052631578947,3.5104587024620573,169,0,169,0.0,0.8894736842105263,2.749851016432311,194,10,184,0.05154639175257732,0.968421052631579,2.5854118915203497,212,26,186,0.12264150943396226,0.9789473684210527,1.668028
t_cl,t_cl,250,200,0.5,20,140,201,12,189,180,1,179,0.05970149253731343,0.9947368421052631,0.005555555555555556,0.9421052631578948,214,25,189,186,1,185,0.11682242990654206,0.9947368421052631,0.005376344086021506,0.9736842105263158,3.6467189956867743,184,0,184,0.0,0.968421052631579,3.5825384342916795,186,0,186,0.0,0.9789473684210527,2.7733525975465714,201,11,190,0.05472636815920398,1.0,2.6034152048394668,211,21,190,0.0995260663507109,1.0,1.789729
t_cl,t_cl,250,200,0.5,20,141,180,7,173,144,1,143,0.03888888888888889,0.9105263157894737,0.006944444444444444,0.7526315789473684,203,23,180,154,2,152,0.11330049261083744,0.9473684210526315,0.012987012987012988,0.8,3.6972854291503965,150,0,150,0.0,0.7894736842105263,3.494797472140285,156,0,156,0.0,0.8210526315789474,2.8085444460830353,189,7,182,0.037037037037037035,0.9578947368421052,2.637926796289772,210,23,187,0.10952380952380952,0.9842105263157894,1.563607
t_cl,t_cl,250,200,0.5,20,142,202,13,189,183,1,182,0.06435643564356436,0.9947368421052631,0.00546448087431694,0.9578947368421052,211,22,189,190,3,187,0.10426540284360189,0.9947368421052631,0.015789473684210527,0.9842105263157894,3.65002521205487,187,0,187,0.0,0.9842105263157894,3.500262593693064,188,0,188,0.0,0.9894736842105263,2.7918338703246266,200,11,189,0.055,0.9947368421052631,2.6167772433791665,210,21,189,0.1,0.9947368421052631,1.688498
t_cl,t_cl,250,200,0.5,20,143,199,15,184,164,3,161,0.07537688442211055,0.968421052631579,0.018292682926829267,0.8473684210526315,219,33,186,177,5,172,0.1506849315068493,0.9789473684210527,0.02824858757062147,0.9052631578947369,3.6576767668137338,162,0,162,0.0,0.8526315789473684,3.4620837827131936,178,1,177,0.0056179775280898875,0.9315789473684211,2.7520988007583815,200,13,187,0.065,0.9842105263157894,2.571870197694059,213,24,189,0.11267605633802817,0.9947368421052631,1.711478
t_cl,t_cl,250,200,0.5,20,144,185,6,179,158,0,158,0.032432432432432434,0.9421052631578948,0.0,0.8315789473684211,200,18,182,164,0,164,0.09,0.9578947368421052,0.0,0.8631578947368421,3.6641688077539802,160,0,160,0.0,0.8421052631578947,3.460225720168285,168,0,168,0.0,0.8842105263157894,2.7665855988774903,187,4,183,0.0213903743315508,0.9631578947368421,2.6129836586986905,202,18,184,0.0891089108910891,0.968421052631579,1.680531
t_cl,t_cl,250,200,0.5,20,145,200,12,188,178,0,178,0.06,0.9894736842105263,0.0,0.9368421052631579,216,27,189,182,0,182,0.125,0.9947368421052631,0.0,0.9578947368421052,3.6637877892445667,183,0,183,0.0,0.9631578947368421,3.4520041967848787,185,0,185,0.0,0.9736842105263158,2.8890833433237355,199,10,189,0.05025125628140704,0.9947368421052631,2.7159319811732168,212,22,190,0.10377358490566038,1.0,1.763414
t_cl,t_cl,250,200,0.5,20,146,199,11,188,185,0,185,0.05527638190954774,0.9894736842105263,0.0,0.9736842105263158,208,19,189,189,2,187,0.09134615384615384,0.9947368421052631,0.010582010582010581,0.9842105263157894,3.711413435859269,187,0,187,0.0,0.9842105263157894,3.5262299298527093,188,0,188,0.0,0.9894736842105263,2.868986396638918,199,9,190,0.04522613065326633,1.0,2.7106994428428277,204,14,190,0.06862745098039216,1.0,1.566635
t_cl,t_cl,250,200,0.5,20,147,189,4,185,180,1,179,0.021164021164021163,0.9736842105263158,0.005555555555555556,0.9421052631578948,198,10,188,181,1,180,0.050505050505050504,0.9894736842105263,0.0055248618784530384,0.9473684210526315,3.758483220207646,180,0,180,0.0,0.9473684210526315,3.4646911012789654,182,0,182,0.0,0.9578947368421052,2.9356366589078604,192,3,189,0.015625,0.9947368421052631,2.639981672288731,199,10,189,0.05025125628140704,0.9947368421052631,1.713196
t_cl,t_cl,250,200,0.5,20,148,193,5,188,185,1,184,0.025906735751295335,0.9894736842105263,0.005405405405405406,0.968421052631579,204,14,190,186,1,185,0.06862745098039216,1.0,0.005376344086021506,0.9736842105263158,3.622225465106608,184,0,184,0.0,0.968421052631579,3.622225465106608,184,0,184,0.0,0.968421052631579,2.816271915088166,194,5,189,0.02577319587628866,0.9947368421052631,2.6136942961519725,202,12,190,0.0594059405940594,1.0,1.675257
t_cl,t_cl,250,200,0.5,20,149,190,8,182,170,0,170,0.042105263157894736,0.9578947368421052,0.0,0.8947368421052632,207,21,186,172,0,172,0.10144927536231885,0.9789473684210527,0.0,0.9052631578947369,3.7234485638296118,172,0,172,0.0,0.9052631578947369,3.4736923408770495,176,0,176,0.0,0.9263157894736842,2.8255668297010126,197,8,189,0.04060913705583756,0.9947368421052631,2.640831901194119,210,20,190,0.09523809523809523,1.0,1.617096
t_cl,t_cl,250,200,0.5,20,150,208,18,190,185,1,184,0.08653846153846154,1.0,0.005405405405405406,0.968421052631579,221,31,190,189,4,185,0.14027149321266968,1.0,0.021164021164021163,0.9736842105263158,3.6599744773374288,186,0,186,0.0,0.9789473684210527,3.429265781361784,189,0,189,0.0,0.9947368421052631,2.8108968110941404,205,15,190,0.07317073170731707,1.0,2.652042097677919,221,31,190,0.14027149321266968,1.0,1.769078
t_cl,t_cl,250,200,0.5,20,151,205,16,189,189,0,189,0.07804878048780488,0.9947368421052631,0.0,0.9947368421052631,218,29,189,190,1,189,0.13302752293577982,0.9947368421052631,0.005263157894736842,0.9947368421052631,3.7221470727053303,189,0,189,0.0,0.9947368421052631,3.7221470727053303,189,0,189,0.0,0.9947368421052631,3.7221470727053303,189,0,189,0.0,0.9947368421052631,2.745384243134484,198,9,189,0.045454545454545456,0.9947368421052631,1.746398
t_cl,t_cl,250,200,0.5,20,152,197,7,190,186,0,186,0.03553299492385787,1.0,0.0,0.9789473684210527,207,17,190,190,1,189,0.0821256038647343,1.0,0.005263157894736842,0.9947368421052631,3.724214354499191,189,0,189,0.0,0.9947368421052631,3.724214354499191,189,0,189,0.0,0.9947368421052631,2.8291576958359355,196,6,190,0.030612244897959183,1.0,2.6552434506573914,207,17,190,0.0821256038647343,1.0,1.597543
t_cl,t_cl,250,200,0.5,20,153,188,12,176,149,0,149,0.06382978723404255,0.9263157894736842,0.0,0.7842105263157895,207,25,182,156,1,155,0.12077294685990338,0.9578947368421052,0.00641025641025641,0.8157894736842105,3.7005794313594373,150,0,150,0.0,0.7894736842105263,3.4802625241545346,163,0,163,0.0,0.8578947368421053,2.781324297561282,193,11,182,0.05699481865284974,0.9578947368421052,2.6260250995337384,208,24,184,0.11538461538461539,0.968421052631579,1.634819
t_cl,t_cl,250,200,0.5,20,154,190,7,183,182,2,180,0.03684210526315789,0.9631578947368421,0.01098901098901099,0.9473684210526315,202,16,186,185,4,181,0.07920792079207921,0.9789473684210527,0.021621621621621623,0.9526315789473684,3.770108821147086,181,0,181,0.0,0.9526315789473684,3.4831629703457425,183,1,182,0.00546448087431694,0.9578947368421052,2.8614935569746023,195,7,188,0.035897435897435895,0.9894736842105263,2.6776869151048506,200,12,188,0.06,0.9894736842105263,1.667548
t_cl,t_cl,250,200,0.5,20,155,197,9,188,174,1,173,0.04568527918781726,0.9894736842105263,0.005747126436781609,0.9105263157894737,207,19,188,181,1,180,0.09178743961352658,0.9894736842105263,0.0055248618784530384,0.9473684210526315,3.64721215599738,177,0,177,0.0,0.9315789473684211,3.448163714321106,185,1,184,0.005405405405405406,0.968421052631579,2.8090870610322307,198,9,189,0.045454545454545456,0.9947368421052631,2.6511766998520634,207,17,190,0.0821256038647343,1.0,1.585046
t_cl,t_cl,250,200,0.5,20,156,174,6,168,136,0,136,0.034482758620689655,0.8842105263157894,0.0,0.7157894736842105,187,14,173,151,1,150,0.0748663101604278,0.9105263157894737,0.006622516556291391,0.7894736842105263,3.706600885986349,146,0,146,0.0,0.7684210526315789,3.484934573539416,158,0,158,0.0,0.8315789473684211,2.829304301474199,182,6,176,0.03296703296703297,0.9263157894736842,2.6806845936385653,193,13,180,0.06735751295336788,0.9473684210526315,1.649382
t_cl,t_cl,250,200,0.5,20,157,203,20,183,163,0,163,0.09852216748768473,0.9631578947368421,0.0,0.8578947368421053,223,36,187,172,3,169,0.16143497757847533,0.9842105263157894,0.01744186046511628,0.8894736842105263,3.6697976648971253,167,0,167,0.0,0.8789473684210526,3.451270983355913,174,0,174,0.0,0.9157894736842105,2.775546676947688,206,19,187,0.09223300970873786,0.9842105263157894,2.625935524648506,214,27,187,0.1261682242990654,0.9842105263157894,1.887817
t_cl,t_cl,250,200,0.5,20,158,194,9,185,171,1,170,0.04639175257731959,0.9736842105263158,0.005847953216374269,0.8947368421052632,210,23,187,176,2,174,0.10952380952380952,0.9842105263157894,0.011363636363636364,0.9157894736842105,3.6442862453859424,173,0,173,0.0,0.9105263157894737,3.461983135590948,178,0,178,0.0,0.9368421052631579,2.795209552974637,197,9,188,0.04568527918781726,0.9894736842105263,2.6417960086650085,209,21,188,0.10047846889952153,0.9894736842105263,1.595653
t_cl,t_cl,250,200,0.5,20,159,184,9,175,143,0,143,0.04891304347826087,0.9210526315789473,0.0,0.7526315789473684,193,14,179,157,1,156,0.07253886010362694,0.9421052631578948,0.006369426751592357,0.8210526315789474,3.6755410518779374,152,0,152,0.0,0.8,3.486523396596329,162,0,162,0.0,0.8526315789473684,2.8175502434526805,189,9,180,0.047619047619047616,0.9473684210526315,2.666111042818918,196,14,182,0.07142857142857142,0.9578947368421052,1.552801
t_cl,t_cl,250,200,0.5,20,160,203,15,188,178,1,177,0.07389162561576355,0.9894736842105263,0.0056179775280898875,0.9315789473684211,218,28,190,185,2,183,0.12844036697247707,1.0,0.010810810810810811,0.9631578947368421,3.6421355580003043,181,0,181,0.0,0.9526315789473684,3.5200939474983457,183,0,183,0.0,0.9631578947368421,2.762643523781331,202,12,190,0.0594059405940594,1.0,2.606049277085717,214,24,190,0.11214953271028037,1.0,1.796877
t_cl,t_cl,250,200,0.5,20,161,195,7,188,182,1,181,0.035897435897435895,0.9894736842105263,0.005494505494505495,0.9526315789473684,208,20,188,187,2,185,0.09615384615384616,0.9894736842105263,0.0106951871657754,0.9736842105263158,3.6643073855441344,181,0,181,0.0,0.9526315789473684,3.4910671388696723,185,0,185,0.0,0.9736842105263158,2.7954633078418962,193,5,188,0.025906735751295335,0.9894736842105263,2.6121953078115436,208,19,189,0.09134615384615384,0.9947368421052631,1.642838
t_cl,t_cl,250,200,0.5,20,162,177,10,167,134,1,133,0.05649717514124294,0.8789473684210526,0.007462686567164179,0.7,199,20,179,144,2,142,0.10050251256281408,0.9421052631578948,0.013888888888888888,0.7473684210526316,3.715836623960218,135,0,135,0.0,0.7105263157894737,3.5445107381271947,143,0,143,0.0,0.7526315789473684,2.8178003193591157,187,9,178,0.0481283422459893,0.9368421052631579,2.655727367251313,198,18,180,0.09090909090909091,0.9473684210526315,1.569993
t_cl,t_cl,250,200,0.5,20,163,204,16,188,184,2,182,0.0784313725490196,0.9894736842105263,0.010869565217391304,0.9578947368421052,222,34,188,188,4,184,0.15315315315315314,0.9894736842105263,0.02127659574468085,0.968421052631579,3.6361108098525823,183,0,183,0.0,0.9631578947368421,3.58046282831582,185,1,184,0.005405405405405406,0.968421052631579,2.7281414475141856,204,16,188,0.0784313725490196,0.9894736842105263,2.5693843460155272,219,31,188,0.1415525114155251,0.9894736842105263,1.971885
t_cl,t_cl,250,200,0.5,20,164,194,10,184,167,3,164,0.05154639175257732,0.968421052631579,0.017964071856287425,0.8631578947368421,211,25,186,177,3,174,0.11848341232227488,0.9789473684210527,0.01694915254237288,0.9157894736842105,3.6438524676340114,168,1,167,0.005952380952380952,0.8789473684210526,3.4883504104187506,177,1,176,0.005649717514124294,0.9263157894736842,2.7650420219056917,191,9,182,0.04712041884816754,0.9578947368421052,2.6135853604758457,207,21,186,0.10144927536231885,0.9789473684210527,1.565573
t_cl,t_cl,250,200,0.5,20,165,206,19,187,182,3,179,0.09223300970873786,0.9842105263157894,0.016483516483516484,0.9421052631578948,222,33,189,184,3,181,0.14864864864864866,0.9947368421052631,0.016304347826086956,0.9526315789473684,3.6808819426938433,181,2,179,0.011049723756906077,0.9421052631578948,3.4467254531987592,188,3,185,0.015957446808510637,0.9736842105263158,2.8055059587173248,203,14,189,0.06896551724137931,0.9947368421052631,2.6473324634583055,214,25,189,0.11682242990654206,0.9947368421052631,1.69583
t_cl,t_cl,250,200,0.5,20,166,201,13,188,182,1,181,0.06467661691542288,0.9894736842105263,0.005494505494505495,0.9526315789473684,214,25,189,185,2,183,0.11682242990654206,0.9947368421052631,0.010810810810810811,0.9631578947368421,3.6486635907860365,183,0,183,0.0,0.9631578947368421,3.437450771565624,187,1,186,0.0053475935828877,0.9789473684210527,2.7702901396760606,201,12,189,0.05970149253731343,0.9947368421052631,2.6148245037719384,213,24,189,0.11267605633802817,0.9947368421052631,1.646445
t_cl,t_cl,250,200,0.5,20,167,193,8,185,168,0,168,0.04145077720207254,0.9736842105263158,0.0,0.8842105263157894,204,17,187,174,1,173,0.08333333333333333,0.9842105263157894,0.005747126436781609,0.9105263157894737,3.6901692575499387,171,0,171,0.0,0.9,3.446868629862578,179,0,179,0.0,0.9421052631578948,2.799113511585527,191,4,187,0.020942408376963352,0.9842105263157894,2.615509434137527,203,15,188,0.07389162561576355,0.9894736842105263,1.76664
t_cl,t_cl,250,200,0.5,20,168,201,13,188,176,2,174,0.06467661691542288,0.9894736842105263,0.011363636363636364,0.9157894736842105,211,21,190,185,5,180,0.0995260663507109,1.0,0.02702702702702703,0.9473684210526315,3.655675992981641,179,0,179,0.0,0.9421052631578948,3.452175441824682,183,1,182,0.00546448087431694,0.9578947368421052,2.81003521211938,202,12,190,0.0594059405940594,1.0,2.6426294337654275,210,20,190,0.09523809523809523,1.0,1.659633
t_cl,t_cl,250,200,0.5,20,169,179,9,170,130,2,128,0.05027932960893855,0.8947368421052632,0.015384615384615385,0.6736842105263158,195,20,175,140,2,138,0.10256410256410256,0.9210526315789473,0.014285714285714285,0.7263157894736842,3.698102154092976,139,0,139,0.0,0.7315789473684211,3.506938336235659,149,0,149,0.0,0.7842105263157895,2.854249271640974,187,9,178,0.0481283422459893,0.9368421052631579,2.6959757321211417,200,20,180,0.1,0.9473684210526315,1.815375
t_cl,t_cl,250,200,0.5,20,170,196,9,187,177,2,175,0.04591836734693878,0.9842105263157894,0.011299435028248588,0.9210526315789473,207,20,187,181,3,178,0.0966183574879227,0.9842105263157894,0.016574585635359115,0.9368421052631579,3.6288813654342276,183,0,183,0.0,0.9631578947368421,3.510076413506685,187,1,186,0.0053475935828877,0.9789473684210527,2.871736300583197,196,8,188,0.04081632653061224,0.9894736842105263,2.7049055408027263,208,19,189,0.09134615384615384,0.9947368421052631,1.742045
t_cl,t_cl,250,200,0.5,20,171,204,14,190,186,0,186,0.06862745098039216,1.0,0.0,0.9789473684210527,215,25,190,192,5,187,0.11627906976744186,1.0,0.026041666666666668,0.9842105263157894,3.6200749768190366,188,0,188,0.0,0.9894736842105263,3.476423837447794,189,0,189,0.0,0.9947368421052631,2.9012487013172237,202,12,190,0.0594059405940594,1.0,2.694630730659778,211,21,190,0.0995260663507109,1.0,1.575096
t_cl,t_cl,250,200,0.5,20,172,197,11,186,175,3,172,0.05583756345177665,0.9789473684210527,0.017142857142857144,0.9052631578947369,207,20,187,181,3,178,0.0966183574879227,0.9842105263157894,0.016574585635359115,0.9368421052631579,3.6745559735941353,179,0,179,0.0,0.9421052631578948,3.4353548128282805,186,1,185,0.005376344086021506,0.9736842105263158,2.87744050417809,197,10,187,0.050761421319796954,0.9842105263157894,2.6887292552949695,203,15,188,0.07389162561576355,0.9894736842105263,1.706544
t_cl,t_cl,250,200,0.5,20,173,206,19,187,171,3,168,0.09223300970873786,0.9842105263157894,0.017543859649122806,0.8842105263157894,220,32,188,179,4,175,0.14545454545454545,0.9894736842105263,0.0223463687150838,0.9210526315789473,3.675257920032785,175,1,174,0.005714285714285714,0.9157894736842105,3.510016393280346,183,3,180,0.01639344262295082,0.9473684210526315,2.786821239832139,207,17,190,0.0821256038647343,1.0,2.633700637225881,220,30,190,0.13636363636363635,1.0,1.626744
t_cl,t_cl,250,200,0.5,20,174,179,12,167,123,3,120,0.0670391061452514,0.8789473684210526,0.024390243902439025,0.631578947368421,193,21,172,137,5,132,0.10880829015544041,0.9052631578947369,0.0364963503649635,0.6947368421052632,3.7660606726279777,111,0,111,0.0,0.5842105263157895,3.539533516221341,126,0,126,0.0,0.6631578947368421,2.7776372000466725,179,11,168,0.061452513966480445,0.8842105263157894,2.6333651732217676,192,19,173,0.09895833333333333,0.9105263157894737,1.638122
t_cl,t_cl,250,200,0.5,20,175,154,10,144,100,1,99,0.06493506493506493,0.7578947368421053,0.01,0.5210526315789473,170,15,155,115,3,112,0.08823529411764706,0.8157894736842105,0.02608695652173913,0.5894736842105263,3.7956903179182886,99,0,99,0.0,0.5210526315789473,3.5866670908803977,108,0,108,0.0,0.5684210526315789,2.827927488268751,164,9,155,0.054878048780487805,0.8157894736842105,2.701334824728161,175,15,160,0.08571428571428572,0.8421052631578947,1.865546
t_cl,t_cl,250,200,0.5,20,176,193,10,183,163,0,163,0.05181347150259067,0.9631578947368421,0.0,0.8578947368421053,203,17,186,170,2,168,0.08374384236453201,0.9789473684210527,0.011764705882352941,0.8842105263157894,3.648908643623811,171,0,171,0.0,0.9,3.4712896561458706,177,0,177,0.0,0.9315789473684211,2.835879424464889,196,9,187,0.04591836734693878,0.9842105263157894,2.651246082494344,202,14,188,0.06930693069306931,0.9894736842105263,1.640712
t_cl,t_cl,250,200,0.5,20,177,196,12,184,170,0,170,0.061224489795918366,0.968421052631579,0.0,0.8947368421052632,211,23,188,175,2,173,0.10900473933649289,0.9894736842105263,0.011428571428571429,0.9105263157894737,3.7388550592185967,170,0,170,0.0,0.8947368421052632,3.4873951486163173,176,0,176,0.0,0.9263157894736842,2.8009459432276462,198,10,188,0.050505050505050504,0.9894736842105263,2.644619971535964,209,20,189,0.09569377990430622,0.9947368421052631,1.694325
t_cl,t_cl,250,200,0.5,20,178,170,12,158,124,2,122,0.07058823529411765,0.8315789473684211,0.016129032258064516,0.6421052631578947,184,18,166,137,3,134,0.09782608695652174,0.8736842105263158,0.021897810218978103,0.7052631578947368,3.7510665092640765,124,0,124,0.0,0.6526315789473685,3.552027818696519,136,0,136,0.0,0.7157894736842105,2.835241347648646,173,11,162,0.06358381502890173,0.8526315789473684,2.610851852146913,190,18,172,0.09473684210526316,0.9052631578947369,1.624712
t_cl,t_cl,250,200,0.5,20,179,181,11,170,119,2,117,0.06077348066298342,0.8947368421052632,0.01680672268907563,0.6157894736842106,193,19,174,134,2,132,0.09844559585492228,0.9157894736842105,0.014925373134328358,0.6947368421052632,3.7582668537239408,119,0,119,0.0,0.6263157894736842,3.526577058376165,135,0,135,0.0,0.7105263157894737,2.7802837041108877,187,8,179,0.0427807486631016,0.9421052631578948,2.631900170031639,200,18,182,0.09,0.9578947368421052,1.62026
t_cl,t_cl,250,200,0.5,20,180,173,8,165,130,1,129,0.046242774566473986,0.868421052631579,0.007692307692307693,0.6789473684210526,195,18,177,144,3,141,0.09230769230769231,0.9315789473684211,0.020833333333333332,0.7421052631578947,3.7150598780858988,139,0,139,0.0,0.7315789473684211,3.4908139805954415,153,0,153,0.0,0.8052631578947368,2.8433263361956365,182,8,174,0.04395604395604396,0.9157894736842105,2.686426651888185,195,17,178,0.08717948717948718,0.9368421052631579,1.764641
t_cl,t_cl,250,200,0.5,20,181,200,11,189,182,1,181,0.055,0.9947368421052631,0.005494505494505495,0.9526315789473684,212,22,190,184,1,183,0.10377358490566038,1.0,0.005434782608695652,0.9631578947368421,3.679077515495332,186,0,186,0.0,0.9789473684210527,3.4768880476160335,189,0,189,0.0,0.9947368421052631,2.8584364147582115,200,10,190,0.05,1.0,2.689622363716315,209,19,190,0.09090909090909091,1.0,1.864428
t_cl,t_cl,250,200,0.5,20,182,189,19,170,137,3,134,0.10052910052910052,0.8947368421052632,0.021897810218978103,0.7052631578947368,207,30,177,153,6,147,0.14492753623188406,0.9315789473684211,0.0392156862745098,0.7736842105263158,3.7107245966676645,137,1,136,0.0072992700729927005,0.7157894736842105,3.534255793783377,147,1,146,0.006802721088435374,0.7684210526315789,2.7927600725830013,198,18,180,0.09090909090909091,0.9473684210526315,2.6282443970342637,213,30,183,0.14084507042253522,0.9631578947368421,1.59973
t_cl,t_cl,250,200,0.5,20,183,173,11,162,140,1,139,0.06358381502890173,0.8526315789473684,0.007142857142857143,0.7315789473684211,191,21,170,150,1,149,0.1099476439790576,0.8947368421052632,0.006666666666666667,0.7842105263157895,3.707753978154986,140,0,140,0.0,0.7368421052631579,3.541825300321984,148,0,148,0.0,0.7789473684210526,2.818065045784785,181,9,172,0.049723756906077346,0.9052631578947369,2.6232511535765717,192,17,175,0.08854166666666667,0.9210526315789473,1.709378
t_cl,t_cl,250,200,0.5,20,184,191,9,182,156,1,155,0.04712041884816754,0.9578947368421052,0.00641025641025641,0.8157894736842105,201,17,184,165,1,164,0.0845771144278607,0.968421052631579,0.006060606060606061,0.8631578947368421,3.6628290072993015,162,0,162,0.0,0.8526315789473684,3.4578218427511858,173,1,172,0.005780346820809248,0.9052631578947369,2.8124661151101518,194,9,185,0.04639175257731959,0.9736842105263158,2.642286409765222,200,15,185,0.075,0.9736842105263158,1.798215
t_cl,t_cl,250,200,0.5,20,185,199,9,190,183,1,182,0.04522613065326633,1.0,0.00546448087431694,0.9578947368421052,206,16,190,187,1,186,0.07766990291262135,1.0,0.0053475935828877,0.9789473684210527,3.789995735815804,186,0,186,0.0,0.9789473684210527,3.495567922179894,187,0,187,0.0,0.9842105263157894,2.8544413753593645,196,6,190,0.030612244897959183,1.0,2.691878556083929,206,16,190,0.07766990291262135,1.0,1.638644
t_cl,t_cl,250,200,0.5,20,186,198,14,184,175,0,175,0.0707070707070707,0.968421052631579,0.0,0.9210526315789473,211,24,187,179,3,176,0.11374407582938388,0.9842105263157894,0.01675977653631285,0.9263157894736842,3.7034308083274947,176,0,176,0.0,0.9263157894736842,3.4844043459594136,181,0,181,0.0,0.9526315789473684,2.83844840474633,199,12,187,0.06030150753768844,0.9842105263157894,2.6612804765099383,212,23,189,0.10849056603773585,0.9947368421052631,1.760696
t_cl,t_cl,250,200,0.5,20,187,186,10,176,147,2,145,0.053763440860215055,0.9263157894736842,0.013605442176870748,0.7631578947368421,202,22,180,158,3,155,0.10891089108910891,0.9473684210526315,0.0189873417721519,0.8157894736842105,3.6575058723024143,160,0,160,0.0,0.8421052631578947,3.4565841642118156,173,1,172,0.005780346820809248,0.9052631578947369,2.885948209285627,191,9,182,0.04712041884816754,0.9578947368421052,2.7196773379583488,205,20,185,0.0975609756097561,0.9736842105263158,1.750638
t_cl,t_cl,250,200,0.5,20,188,193,11,182,169,0,169,0.05699481865284974,0.9578947368421052,0.0,0.8894736842105263,204,21,183,172,0,172,0.10294117647058823,0.9631578947368421,0.0,0.9052631578947369,3.647684035296342,177,0,177,0.0,0.9315789473684211,3.5033901053098773,181,0,181,0.0,0.9526315789473684,2.8928727999780435,194,9,185,0.04639175257731959,0.9736842105263158,2.719973942769715,205,17,188,0.08292682926829269,0.9894736842105263,1.633675
t_cl,t_cl,250,200,0.5,20,189,199,14,185,160,1,159,0.07035175879396985,0.9736842105263158,0.00625,0.8368421052631579,211,24,187,169,2,167,0.11374407582938388,0.9842105263157894,0.011834319526627219,0.8789473684210526,3.6953476545655004,163,0,163,0.0,0.8578947368421053,3.547387504528923,171,1,170,0.005847953216374269,0.8947368421052632,2.792610612096648,201,14,187,0.06965174129353234,0.9842105263157894,2.62469381952362,212,23,189,0.10849056603773585,0.9947368421052631,1.580512
t_cl,t_cl,250,200,0.5,20,190,180,15,165,152,0,152,0.08333333333333333,0.868421052631579,0.0,0.8,197,25,172,157,3,154,0.12690355329949238,0.9052631578947369,0.01910828025477707,0.8105263157894737,3.682989708806643,151,0,151,0.0,0.7947368421052632,3.4934313457180095,156,0,156,0.0,0.8210526315789474,2.8030672718600713,187,16,171,0.0855614973262032,0.9,2.6509160298877243,203,27,176,0.1330049261083744,0.9263157894736842,1.813491
t_cl,t_cl,250,200,0.5,20,191,194,6,188,182,0,182,0.030927835051546393,0.9894736842105263,0.0,0.9578947368421052,209,19,190,186,2,184,0.09090909090909091,1.0,0.010752688172043012,0.968421052631579,3.7214543006639844,184,0,184,0.0,0.968421052631579,3.469649635537372,187,0,187,0.0,0.9842105263157894,2.941581829676886,194,4,190,0.020618556701030927,1.0,2.685602241626898,205,15,190,0.07317073170731707,1.0,1.634545
t_cl,t_cl,250,200,0.5,20,192,189,13,176,144,0,144,0.06878306878306878,0.9263157894736842,0.0,0.7578947368421053,205,21,184,150,0,150,0.1024390243902439,0.968421052631579,0.0,0.7894736842105263,3.703272142368616,146,0,146,0.0,0.7684210526315789,3.5107981277543945,156,0,156,0.0,0.8210526315789474,2.797951685804964,190,12,178,0.06315789473684211,0.9368421052631579,2.642159594434812,204,21,183,0.10294117647058823,0.9631578947368421,1.559442
t_cl,t_cl,250,200,0.5,20,193,199,11,188,183,2,181,0.05527638190954774,0.9894736842105263,0.01092896174863388,0.9526315789473684,211,23,188,184,3,181,0.10900473933649289,0.9894736842105263,0.016304347826086956,0.9526315789473684,3.7488169841829992,182,0,182,0.0,0.9578947368421052,3.5050521592740824,186,0,186,0.0,0.9789473684210527,2.8293418300262623,199,9,190,0.04522613065326633,1.0,2.66791500202371,211,21,190,0.0995260663507109,1.0,1.963916
t_cl,t_cl,250,200,0.5,20,194,188,3,185,162,0,162,0.015957446808510637,0.9736842105263158,0.0,0.8526315789473684,200,14,186,173,1,172,0.07,0.9789473684210527,0.005780346820809248,0.9052631578947369,3.646182363271115,168,0,168,0.0,0.8842105263157894,3.5154575939581023,173,0,173,0.0,0.9105263157894737,2.98550494611823,188,2,186,0.010638297872340425,0.9789473684210527,2.6630699559752853,199,12,187,0.06030150753768844,0.9842105263157894,1.583102
t_cl,t_cl,250,200,0.5,20,195,196,12,184,166,0,166,0.061224489795918366,0.968421052631579,0.0,0.8736842105263158,213,28,185,177,1,176,0.13145539906103287,0.9736842105263158,0.005649717514124294,0.9263157894736842,3.651328297925147,171,0,171,0.0,0.9,3.4658769234111495,179,0,179,0.0,0.9421052631578948,2.813448338200839,194,9,185,0.04639175257731959,0.9736842105263158,2.642525326760066,211,22,189,0.10426540284360189,0.9947368421052631,1.664163
t_cl,t_cl,250,200,0.5,20,196,192,6,186,166,0,166,0.03125,0.9789473684210527,0.0,0.8736842105263158,205,17,188,173,1,172,0.08292682926829269,0.9894736842105263,0.005780346820809248,0.9052631578947369,3.702085106554627,167,0,167,0.0,0.8789473684210526,3.4659570648913878,178,0,178,0.0,0.9368421052631579,2.8241096936388783,195,5,190,0.02564102564102564,1.0,2.6243933646701034,207,17,190,0.0821256038647343,1.0,1.738923
t_cl,t_cl,250,200,0.5,20,197,203,14,189,185,2,183,0.06896551724137931,0.9947368421052631,0.010810810810810811,0.9631578947368421,211,21,190,189,4,185,0.0995260663507109,1.0,0.021164021164021163,0.9736842105263158,3.7259160994647296,185,0,185,0.0,0.9736842105263158,3.4528721353228566,186,0,186,0.0,0.9789473684210527,2.837763214731916,199,9,190,0.04522613065326633,1.0,2.664480632701518,210,20,190,0.09523809523809523,1.0,1.652502
t_cl,t_cl,250,200,0.5,20,198,187,12,175,147,1,146,0.06417112299465241,0.9210526315789473,0.006802721088435374,0.7684210526315789,205,25,180,152,2,150,0.12195121951219512,0.9473684210526315,0.013157894736842105,0.7894736842105263,3.6910950284894444,147,0,147,0.0,0.7736842105263158,3.4938580834100055,158,1,157,0.006329113924050633,0.8263157894736842,2.820632251987936,192,10,182,0.052083333333333336,0.9578947368421052,2.6546546237684017,208,24,184,0.11538461538461539,0.968421052631579,1.630236
t_cl,t_cl,250,200,0.5,20,199,196,12,184,167,0,167,0.061224489795918366,0.968421052631579,0.0,0.8789473684210526,220,33,187,178,3,175,0.15,0.9842105263157894,0.016853932584269662,0.9210526315789473,3.7046246822284514,170,0,170,0.0,0.8947368421052632,3.4789119898931364,178,0,178,0.0,0.9368421052631579,2.8015582116850233,195,11,184,0.05641025641025641,0.968421052631579,2.6455574824452808,210,24,186,0.11428571428571428,0.9789473684210527,1.856893
t_cl,t_cl,250,200,0.5,20,200,183,8,175,146,1,145,0.04371584699453552,0.9210526315789473,0.00684931506849315,0.7631578947368421,204,22,182,158,1,157,0.10784313725490197,0.9578947368421052,0.006329113924050633,0.8263157894736842,3.6761001098980906,149,0,149,0.0,0.7842105263157895,3.504067060481425,154,0,154,0.0,0.8105263157894737,2.8115751177187724,185,6,179,0.032432432432432434,0.9421052631578948,2.614841560972226,204,22,182,0.10784313725490197,0.9578947368421052,1.754135
t_cl,t_cl,250,200,0.5,20,201,192,10,182,152,2,150,0.052083333333333336,0.9578947368421052,0.013157894736842105,0.7894736842105263,208,22,186,170,3,167,0.10576923076923077,0.9789473684210527,0.01764705882352941,0.8789473684210526,3.6539870763918625,162,0,162,0.0,0.8526315789473684,3.4910214057203888,173,0,173,0.0,0.9105263157894737,2.835816133337495,195,10,185,0.05128205128205128,0.9736842105263158,2.6719587013093493,208,21,187,0.10096153846153846,0.9842105263157894,1.558188
t_cl,t_cl,250,200,0.5,20,202,187,6,181,150,1,149,0.03208556149732621,0.9526315789473684,0.006666666666666667,0.7842105263157895,204,21,183,157,1,156,0.10294117647058823,0.9631578947368421,0.006369426751592357,0.8210526315789474,3.74646498704325,151,0,151,0.0,0.7947368421052632,3.4974477913303263,162,0,162,0.0,0.8526315789473684,2.8104392325335614,191,6,185,0.031413612565445025,0.9736842105263158,2.6544491885554926,208,21,187,0.10096153846153846,0.9842105263157894,1.681141
t_cl,t_cl,250,200,0.5,20,203,204,17,187,173,1,172,0.08333333333333333,0.9842105263157894,0.005780346820809248,0.9052631578947369,227,40,187,184,3,181,0.1762114537444934,0.9842105263157894,0.016304347826086956,0.9526315789473684,3.63928411353273,180,0,180,0.0,0.9473684210526315,3.4368962695080936,185,1,184,0.005405405405405406,0.968421052631579,2.8097867811769612,198,11,187,0.05555555555555555,0.9842105263157894,2.6193113029225303,218,31,187,0.14220183486238533,0.9842105263157894,1.81503
t_cl,t_cl,250,200,0.5,20,204,188,7,181,151,0,151,0.03723404255319149,0.9526315789473684,0.0,0.7947368421052632,203,16,187,166,2,164,0.07881773399014778,0.9842105263157894,0.012048192771084338,0.8631578947368421,3.667434750639307,155,0,155,0.0,0.8157894736842105,3.5161192685583122,165,0,165,0.0,0.868421052631579,2.8191529946458584,191,4,187,0.020942408376963352,0.9842105263157894,2.7023263077076116,198,11,187,0.05555555555555555,0.9842105263157894,1.666542
t_cl,t_cl,250,200,0.5,20,205,200,10,190,186,1,185,0.05,1.0,0.005376344086021506,0.9736842105263158,220,30,190,190,2,188,0.13636363636363635,1.0,0.010526315789473684,0.9894736842105263,3.706017456306958,186,0,186,0.0,0.9789473684210527,3.4397307196857816,189,0,189,0.0,0.9947368421052631,2.781046148052976,198,8,190,0.04040404040404041,1.0,2.609559425970358,206,16,190,0.07766990291262135,1.0,1.915051
t_cl,t_cl,250,200,0.5,20,206,199,13,186,180,1,179,0.06532663316582915,0.9789473684210527,0.005555555555555556,0.9421052631578948,215,26,189,181,1,180,0.12093023255813953,0.9947368421052631,0.0055248618784530384,0.9473684210526315,3.6230522686474704,183,1,182,0.00546448087431694,0.9578947368421052,3.6230522686474704,183,1,182,0.00546448087431694,0.9578947368421052,2.829728611842306,200,11,189,0.055,0.9947368421052631,2.658581378314643,215,25,190,0.11627906976744186,1.0,2.091614
t_cl,t_cl,250,200,0.5,20,207,199,14,185,165,3,162,0.07035175879396985,0.9736842105263158,0.01818181818181818,0.8526315789473684,208,21,187,169,4,165,0.10096153846153846,0.9842105263157894,0.023668639053254437,0.868421052631579,3.753641732787259,163,1,162,0.006134969325153374,0.8526315789473684,3.4674778374904998,171,1,170,0.005847953216374269,0.8947368421052632,2.7676806447572826,201,12,189,0.05970149253731343,0.9947368421052631,2.6533537000992804,207,18,189,0.08695652173913043,0.9947368421052631,1.713495
t_cl,t_cl,250,200,0.5,20,208,203,16,187,183,5,178,0.07881773399014778,0.9842105263157894,0.0273224043715847,0.9368421052631579,218,29,189,189,8,181,0.13302752293577982,0.9947368421052631,0.042328042328042326,0.9526315789473684,3.7409077228551704,180,0,180,0.0,0.9473684210526315,3.437970581031232,187,2,185,0.0106951871657754,0.9736842105263158,2.847985517911032,205,15,190,0.07317073170731707,1.0,2.6296524165370303,215,25,190,0.11627906976744186,1.0,1.622033
t_cl,t_cl,250,200,0.5,20,209,185,10,175,137,1,136,0.05405405405405406,0.9210526315789473,0.0072992700729927005,0.7157894736842105,200,19,181,157,2,155,0.095,0.9526315789473684,0.012738853503184714,0.8157894736842105,3.6922143893405694,143,0,143,0.0,0.7526315789473684,3.488548477378514,161,1,160,0.006211180124223602,0.8421052631578947,2.808825785283113,192,9,183,0.046875,0.9631578947368421,2.6508436171698375,203,19,184,0.09359605911330049,0.968421052631579,1.752705
t_cl,t_cl,250,200,0.5,20,210,194,11,183,168,1,167,0.05670103092783505,0.9631578947368421,0.005952380952380952,0.8789473684210526,207,22,185,178,4,174,0.10628019323671498,0.9736842105263158,0.02247191011235955,0.9157894736842105,3.6647992785733425,170,0,170,0.0,0.8947368421052632,3.4719918923976745,177,1,176,0.005649717514124294,0.9263157894736842,2.7733795422361,196,10,186,0.05102040816326531,0.9789473684210527,2.624915262500161,206,19,187,0.09223300970873786,0.9842105263157894,1.643346
t_cl,t_cl,250,200,0.5,20,211,207,18,189,184,3,181,0.08695652173913043,0.9947368421052631,0.016304347826086956,0.9526315789473684,215,26,189,189,4,185,0.12093023255813953,0.9947368421052631,0.021164021164021163,0.9736842105263158,3.7147311309479694,183,0,183,0.0,0.9631578947368421,3.475861719554288,189,1,188,0.005291005291005291,0.9894736842105263,2.7996926355255187,205,15,190,0.07317073170731707,1.0,2.6395059520880473,213,23,190,0.107981220657277,1.0,1.797729
t_cl,t_cl,250,200,0.5,20,212,193,9,184,167,1,166,0.046632124352331605,0.968421052631579,0.005988023952095809,0.8736842105263158,202,17,185,174,1,173,0.08415841584158416,0.9736842105263158,0.005747126436781609,0.9105263157894737,3.681090447717132,171,0,171,0.0,0.9,3.466876997336079,176,0,176,0.0,0.9263157894736842,2.795147193905253,194,8,186,0.041237113402061855,0.9789473684210527,2.646328306712337,201,15,186,0.07462686567164178,0.9789473684210527,1.693746
t_cl,t_cl,250,200,0.5,20,213,195,10,185,177,2,175,0.05128205128205128,0.9736842105263158,0.011299435028248588,0.9210526315789473,206,19,187,181,3,178,0.09223300970873786,0.9842105263157894,0.016574585635359115,0.9368421052631579,3.6498714635543683,178,0,178,0.0,0.9368421052631579,3.4838097230431986,182,1,181,0.005494505494505495,0.9526315789473684,2.848244544210892,195,8,187,0.041025641025641026,0.9842105263157894,2.7116938851096504,205,18,187,0.08780487804878048,0.9842105263157894,1.557717
t_cl,t_cl,250,200,0.5,20,214,187,10,177,165,1,164,0.053475935828877004,0.9315789473684211,0.006060606060606061,0.8631578947368421,204,20,184,168,2,166,0.09803921568627451,0.968421052631579,0.011904761904761904,0.8736842105263158,3.6948471667424143,166,0,166,0.0,0.8736842105263158,3.460851917784465,169,0,169,0.0,0.8894736842105263,2.818856058226424,193,10,183,0.05181347150259067,0.9631578947368421,2.6386756169307737,203,18,185,0.08866995073891626,0.9736842105263158,1.67047
t_cl,t_cl,250,200,0.5,20,215,198,11,187,181,2,179,0.05555555555555555,0.9842105263157894,0.011049723756906077,0.9421052631578948,208,21,187,187,4,183,0.10096153846153846,0.9842105263157894,0.0213903743315508,0.9631578947368421,3.6239285118698112,184,0,184,0.0,0.968421052631579,3.4925194524638625,186,0,186,0.0,0.9789473684210527,2.859666321189755,199,11,188,0.05527638190954774,0.9894736842105263,2.683696895902139,209,19,190,0.09090909090909091,1.0,1.586812
t_cl,t_cl,250,200,0.5,20,216,194,15,179,162,3,159,0.07731958762886598,0.9421052631578948,0.018518518518518517,0.8368421052631579,209,25,184,175,6,169,0.11961722488038277,0.968421052631579,0.03428571428571429,0.8894736842105263,3.641538270758824,172,1,171,0.005813953488372093,0.9,3.4777960236597543,177,2,175,0.011299435028248588,0.9210526315789473,2.8712610831949683,199,14,185,0.07035175879396985,0.9736842105263158,2.7276427554766274,209,24,185,0.11483253588516747,0.9736842105263158,1.748651
t_cl,t_cl,250,200,0.5,20,217,202,16,186,174,1,173,0.07920792079207921,0.9789473684210527,0.005747126436781609,0.9105263157894737,212,25,187,179,2,177,0.1179245283018868,0.9842105263157894,0.0111731843575419,0.9315789473684211,3.6556364110500303,178,0,178,0.0,0.9368421052631579,3.520524960041978,181,1,180,0.0055248618784530384,0.9473684210526315,2.844929506144491,203,15,188,0.07389162561576355,0.9894736842105263,2.668371963620984,213,24,189,0.11267605633802817,0.9947368421052631,1.819064
t_cl,t_cl,250,200,0.5,20,218,210,25,185,161,2,159,0.11904761904761904,0.9736842105263158,0.012422360248447204,0.8368421052631579,217,31,186,172,3,169,0.14285714285714285,0.9789473684210527,0.01744186046511628,0.8894736842105263,3.665674993713829,157,0,157,0.0,0.8263157894736842,3.4722349284718983,167,0,167,0.0,0.8789473684210526,2.6905169716937847,209,20,189,0.09569377990430622,0.9947368421052631,2.5678038490462773,218,29,189,0.13302752293577982,0.9947368421052631,1.577609
t_cl,t_cl,250,200,0.5,20,219,196,6,190,188,1,187,0.030612244897959183,1.0,0.005319148936170213,0.9842105263157894,211,21,190,190,2,188,0.0995260663507109,1.0,0.010526315789473684,0.9894736842105263,3.7930648233318283,188,0,188,0.0,0.9894736842105263,3.5242491404497063,189,0,189,0.0,0.9947368421052631,2.923038251985523,195,5,190,0.02564102564102564,1.0,2.667867112074724,211,21,190,0.0995260663507109,1.0,1.779071
t_cl,t_cl,250,200,0.5,20,220,189,14,175,148,0,148,0.07407407407407407,0.9210526315789473,0.0,0.7789473684210526,200,21,179,160,3,157,0.105,0.9421052631578948,0.01875,0.8263157894736842,3.7218471115629566,151,0,151,0.0,0.7947368421052632,3.4780877433824005,160,0,160,0.0,0.8421052631578947,2.7908805104714567,192,14,178,0.07291666666666667,0.9368421052631579,2.6384016229477356,200,21,179,0.105,0.9421052631578948,1.689605
t_cl,t_cl,250,200,0.5,20,221,190,10,180,159,0,159,0.05263157894736842,0.9473684210526315,0.0,0.8368421052631579,207,23,184,170,2,168,0.1111111111111111,0.968421052631579,0.011764705882352941,0.8842105263157894,3.641175446135885,169,0,169,0.0,0.8894736842105263,3.5229436695878595,172,0,172,0.0,0.9052631578947369,2.7891071821421805,196,10,186,0.05102040816326531,0.9789473684210527,2.6419805221079513,209,21,188,0.10047846889952153,0.9894736842105263,1.616863
t_cl,t_cl,250,200,0.5,20,222,195,8,187,180,2,178,0.041025641025641026,0.9842105263157894,0.011111111111111112,0.9368421052631579,207,18,189,184,2,182,0.08695652173913043,0.9947368421052631,0.010869565217391304,0.9578947368421052,3.6511713913323773,184,0,184,0.0,0.968421052631579,3.450894562103743,186,0,186,0.0,0.9789473684210527,2.8722399985192313,195,6,189,0.03076923076923077,0.9947368421052631,2.717833541355214,202,13,189,0.06435643564356436,0.9947368421052631,1.627057
t_cl,t_cl,250,200,0.5,20,223,195,8,187,175,0,175,0.041025641025641026,0.9842105263157894,0.0,0.9210526315789473,205,18,187,183,1,182,0.08780487804878048,0.9842105263157894,0.00546448087431694,0.9578947368421052,3.624557054221285,182,0,182,0.0,0.9578947368421052,3.45713560360103,184,0,184,0.0,0.968421052631579,2.8169135164462653,196,8,188,0.04081632653061224,0.9894736842105263,2.650740317450994,207,18,189,0.08695652173913043,0.9947368421052631,1.735877
t_cl,t_cl,250,200,0.5,20,224,198,13,185,164,3,161,0.06565656565656566,0.9736842105263158,0.018292682926829267,0.8473684210526315,213,27,186,175,4,171,0.1267605633802817,0.9789473684210527,0.022857142857142857,0.9,3.6522032562385935,166,1,165,0.006024096385542169,0.868421052631579,3.456328167789802,181,2,179,0.011049723756906077,0.9421052631578948,2.805633475502093,199,12,187,0.06030150753768844,0.9842105263157894,2.6360562941762566,212,25,187,0.1179245283018868,0.9842105263157894,1.638456
t_cl,t_cl,250,200,0.5,20,225,195,13,182,171,1,170,0.06666666666666667,0.9578947368421052,0.005847953216374269,0.8947368421052632,208,22,186,174,2,172,0.10576923076923077,0.9789473684210527,0.011494252873563218,0.9052631578947369,3.6825392775587202,166,0,166,0.0,0.8736842105263158,3.492966133231112,170,0,170,0.0,0.8947368421052632,2.7469736626463575,196,11,185,0.05612244897959184,0.9736842105263158,2.6003760303276224,204,18,186,0.08823529411764706,0.9789473684210527,1.68636
t_cl,t_cl,250,200,0.5,20,226,199,14,185,173,3,170,0.07035175879396985,0.9736842105263158,0.017341040462427744,0.8947368421052632,210,24,186,180,4,176,0.11428571428571428,0.9789473684210527,0.022222222222222223,0.9263157894736842,3.678271931611542,176,0,176,0.0,0.9263157894736842,3.46170436916886,182,0,182,0.0,0.9578947368421052,2.8143128669613118,201,14,187,0.06965174129353234,0.9842105263157894,2.6802481323208927,210,23,187,0.10952380952380952,0.9842105263157894,1.716751
t_cl,t_cl,250,200,0.5,20,227,195,13,182,163,2,161,0.06666666666666667,0.9578947368421052,0.012269938650306749,0.8473684210526315,213,28,185,168,3,165,0.13145539906103287,0.9736842105263158,0.017857142857142856,0.868421052631579,3.6849816358500918,164,0,164,0.0,0.8631578947368421,3.4798477378899477,169,0,169,0.0,0.8894736842105263,2.780889981530629,199,13,186,0.06532663316582915,0.9789473684210527,2.613668584598358,212,24,188,0.11320754716981132,0.9894736842105263,1.550997
t_cl,t_cl,250,200,0.5,20,228,183,11,172,147,1,146,0.060109289617486336,0.9052631578947369,0.006802721088435374,0.7684210526315789,208,27,181,157,2,155,0.12980769230769232,0.9526315789473684,0.012738853503184714,0.8157894736842105,3.7111347428534054,142,0,142,0.0,0.7473684210526316,3.507910636813252,148,0,148,0.0,0.7789473684210526,2.7826704434064946,190,8,182,0.042105263157894736,0.9578947368421052,2.6186135086512463,207,24,183,0.11594202898550725,0.9631578947368421,1.585779
t_cl,t_cl,250,200,0.5,20,229,200,10,190,187,2,185,0.05,1.0,0.0106951871657754,0.9736842105263158,211,21,190,189,2,187,0.0995260663507109,1.0,0.010582010582010581,0.9842105263157894,3.7775429891082593,187,0,187,0.0,0.9842105263157894,3.5222695525513696,189,1,188,0.005291005291005291,0.9894736842105263,2.7987865921258543,198,8,190,0.04040404040404041,1.0,2.6370455683825664,210,20,190,0.09523809523809523,1.0,1.706235
t_cl,t_cl,250,200,0.5,20,230,202,14,188,180,1,179,0.06930693069306931,0.9894736842105263,0.005555555555555556,0.9421052631578948,216,26,190,183,1,182,0.12037037037037036,1.0,0.00546448087431694,0.9578947368421052,3.6362044949398826,180,0,180,0.0,0.9473684210526315,3.449449410050987,185,0,185,0.0,0.9736842105263158,2.805043162386555,202,12,190,0.0594059405940594,1.0,2.636613628772919,212,22,190,0.10377358490566038,1.0,1.865326
t_cl,t_cl,250,200,0.5,20,231,168,6,162,131,0,131,0.03571428571428571,0.8526315789473684,0.0,0.6894736842105263,189,17,172,141,0,141,0.08994708994708994,0.9052631578947369,0.0,0.7421052631578947,3.7276748388249676,137,0,137,0.0,0.7210526315789474,3.5341907874251026,147,0,147,0.0,0.7736842105263158,2.855635120031618,177,6,171,0.03389830508474576,0.9,2.648044703893944,191,16,175,0.08376963350785341,0.9210526315789473,1.530531
t_cl,t_cl,250,200,0.5,20,232,194,8,186,174,0,174,0.041237113402061855,0.9789473684210527,0.0,0.9157894736842105,201,14,187,178,0,178,0.06965174129353234,0.9842105263157894,0.0,0.9368421052631579,3.650983312165128,180,0,180,0.0,0.9473684210526315,3.46219378666137,182,0,182,0.0,0.9578947368421052,2.8258075736489587,196,8,188,0.04081632653061224,0.9894736842105263,2.6716000099272583,199,11,188,0.05527638190954774,0.9894736842105263,1.72591
t_cl,t_cl,250,200,0.5,20,233,192,4,188,183,0,183,0.020833333333333332,0.9894736842105263,0.0,0.9631578947368421,205,17,188,185,1,184,0.08292682926829269,0.9894736842105263,0.005405405405405406,0.968421052631579,3.626447738272441,184,0,184,0.0,0.968421052631579,3.5118093467413107,187,0,187,0.0,0.9842105263157894,2.8691077005803196,192,4,188,0.020833333333333332,0.9894736842105263,2.6252678006366437,197,9,188,0.04568527918781726,0.9894736842105263,1.617774
t_cl,t_cl,250,200,0.5,20,234,194,8,186,170,0,170,0.041237113402061855,0.9789473684210527,0.0,0.8947368421052632,209,23,186,176,0,176,0.11004784688995216,0.9789473684210527,0.0,0.9263157894736842,3.653213083218285,175,0,175,0.0,0.9210526315789473,3.4643056711572253,182,0,182,0.0,0.9578947368421052,2.8263657616178044,195,7,188,0.035897435897435895,0.9894736842105263,2.6381542611927262,213,23,190,0.107981220657277,1.0,1.600598
t_cl,t_cl,250,200,0.5,20,235,195,11,184,175,1,174,0.05641025641025641,0.968421052631579,0.005714285714285714,0.9157894736842105,210,21,189,180,2,178,0.1,0.9947368421052631,0.011111111111111112,0.9368421052631579,3.7040237737761426,174,0,174,0.0,0.9157894736842105,3.4704793271343624,179,0,179,0.0,0.9421052631578948,2.699009623092798,198,10,188,0.050505050505050504,0.9894736842105263,2.571417182380556,204,15,189,0.07352941176470588,0.9947368421052631,1.670047
t_cl,t_cl,250,200,0.5,20,236,184,6,178,164,0,164,0.03260869565217391,0.9368421052631579,0.0,0.8631578947368421,202,17,185,168,0,168,0.08415841584158416,0.9736842105263158,0.0,0.8842105263157894,3.7395874587931637,165,0,165,0.0,0.868421052631579,3.4891451457063405,174,0,174,0.0,0.9157894736842105,2.839239527020882,192,5,187,0.026041666666666668,0.9842105263157894,2.6498152403066455,207,17,190,0.0821256038647343,1.0,1.884028
t_cl,t_cl,250,200,0.5,20,237,166,11,155,116,1,115,0.06626506024096386,0.8157894736842105,0.008620689655172414,0.6052631578947368,188,24,164,129,4,125,0.1276595744680851,0.8631578947368421,0.031007751937984496,0.6578947368421053,3.7753151690924907,119,0,119,0.0,0.6263157894736842,3.5623146782173714,128,0,128,0.0,0.6736842105263158,2.8282698179644457,175,11,164,0.06285714285714286,0.8631578947368421,2.6808538089881937,195,23,172,0.11794871794871795,0.9052631578947369,1.586801
t_cl,t_cl,250,200,0.5,20,238,205,21,184,181,2,179,0.1024390243902439,0.968421052631579,0.011049723756906077,0.9421052631578948,224,36,188,185,3,182,0.16071428571428573,0.9894736842105263,0.016216216216216217,0.9578947368421052,3.727410254906147,180,0,180,0.0,0.9473684210526315,3.5318749820130795,183,1,182,0.00546448087431694,0.9578947368421052,2.8240208484150693,204,15,189,0.07352941176470588,0.9947368421052631,2.644154786072096,224,34,190,0.15178571428571427,1.0,1.577375
t_cl,t_cl,250,200,0.5,20,239,196,11,185,175,0,175,0.05612244897959184,0.9736842105263158,0.0,0.9210526315789473,206,19,187,182,1,181,0.09223300970873786,0.9842105263157894,0.005494505494505495,0.9526315789473684,3.6395566031743667,179,0,179,0.0,0.9421052631578948,3.471546607705338,183,0,183,0.0,0.9631578947368421,2.8125102795162302,197,9,188,0.04568527918781726,0.9894736842105263,2.6472455724875505,207,19,188,0.09178743961352658,0.9894736842105263,1.792954
t_cl,t_cl,250,200,0.5,20,240,204,16,188,185,2,183,0.0784313725490196,0.9894736842105263,0.010810810810810811,0.9631578947368421,214,25,189,185,2,183,0.11682242990654206,0.9947368421052631,0.010810810810810811,0.9631578947368421,3.6650465778399792,184,1,183,0.005434782608695652,0.9631578947368421,3.6650465778399792,184,1,183,0.005434782608695652,0.9631578947368421,2.7667572811977856,204,15,189,0.07352941176470588,0.9947368421052631,2.655904025088124,210,20,190,0.09523809523809523,1.0,1.564958
t_cl,t_cl,250,200,0.5,20,241,204,14,190,183,1,182,0.06862745098039216,1.0,0.00546448087431694,0.9578947368421052,213,23,190,188,3,185,0.107981220657277,1.0,0.015957446808510637,0.9736842105263158,3.6739581130508867,186,0,186,0.0,0.9789473684210527,3.5258445870871267,189,0,189,0.0,0.9947368421052631,2.824432432381089,204,14,190,0.06862745098039216,1.0,2.7035212588436917,212,22,190,0.10377358490566038,1.0,1.671862
t_cl,t_cl,250,200,0.5,20,242,193,5,188,177,0,177,0.025906735751295335,0.9894736842105263,0.0,0.9315789473684211,207,19,188,183,1,182,0.09178743961352658,0.9894736842105263,0.00546448087431694,0.9578947368421052,3.6464848829869427,182,0,182,0.0,0.9578947368421052,3.4764041683855713,187,0,187,0.0,0.9842105263157894,2.8479161014370376,192,4,188,0.020833333333333332,0.9894736842105263,2.6576564326547167,203,15,188,0.07389162561576355,0.9894736842105263,1.803187
t_cl,t_cl,250,200,0.5,20,243,178,7,171,126,0,126,0.03932584269662921,0.9,0.0,0.6631578947368421,196,19,177,138,0,138,0.09693877551020408,0.9315789473684211,0.0,0.7263157894736842,3.7168765926727114,131,0,131,0.0,0.6894736842105263,3.516479759593073,140,0,140,0.0,0.7368421052631579,2.8835242878171976,184,5,179,0.02717391304347826,0.9421052631578948,2.675809664411686,196,17,179,0.08673469387755102,0.9421052631578948,1.601573
t_cl,t_cl,250,200,0.5,20,244,193,9,184,171,1,170,0.046632124352331605,0.968421052631579,0.005847953216374269,0.8947368421052632,207,20,187,177,2,175,0.0966183574879227,0.9842105263157894,0.011299435028248588,0.9210526315789473,3.662183359182229,175,0,175,0.0,0.9210526315789473,3.4362609865536315,184,0,184,0.0,0.968421052631579,2.802187005120795,196,7,189,0.03571428571428571,0.9947368421052631,2.640749443099199,207,18,189,0.08695652173913043,0.9947368421052631,1.620524
t_cl,t_cl,250,200,0.5,20,245,196,13,183,159,1,158,0.0663265306122449,0.9631578947368421,0.006289308176100629,0.8315789473684211,207,22,185,169,1,168,0.10628019323671498,0.9736842105263158,0.005917159763313609,0.8842105263157894,3.7112736195958105,162,0,162,0.0,0.8526315789473684,3.555800909115652,173,1,172,0.005780346820809248,0.9052631578947369,2.7691817051177607,201,13,188,0.06467661691542288,0.9894736842105263,2.602840393101883,212,23,189,0.10849056603773585,0.9947368421052631,1.642273
t_cl,t_cl,250,200,0.5,20,246,193,7,186,182,1,181,0.03626943005181347,0.9789473684210527,0.005494505494505495,0.9526315789473684,197,10,187,183,1,182,0.050761421319796954,0.9842105263157894,0.00546448087431694,0.9578947368421052,3.8052485010079486,182,0,182,0.0,0.9578947368421052,3.438557454233457,186,0,186,0.0,0.9789473684210527,2.871289838320057,192,5,187,0.026041666666666668,0.9842105263157894,2.6882797750472283,197,8,189,0.04060913705583756,0.9947368421052631,1.693917
t_cl,t_cl,250,200,0.5,20,247,205,15,190,189,0,189,0.07317073170731707,1.0,0.0,0.9947368421052631,218,28,190,192,2,190,0.12844036697247707,1.0,0.010416666666666666,1.0,3.7771757907700385,190,0,190,0.0,1.0,3.7771757907700385,190,0,190,0.0,1.0,2.825840511959375,205,15,190,0.07317073170731707,1.0,2.681688296045107,213,23,190,0.107981220657277,1.0,1.58262
t_cl,t_cl,250,200,0.5,20,248,189,12,177,152,0,152,0.06349206349206349,0.9315789473684211,0.0,0.8,206,24,182,163,2,161,0.11650485436893204,0.9578947368421052,0.012269938650306749,0.8473684210526315,3.662355693887517,157,0,157,0.0,0.8263157894736842,3.4804356599174606,163,0,163,0.0,0.8578947368421053,2.857234055396181,194,10,184,0.05154639175257732,0.968421052631579,2.6826304323183834,205,20,185,0.0975609756097561,0.9736842105263158,1.774855
t_cl,t_cl,250,200,0.5,20,249,197,11,186,183,0,183,0.05583756345177665,0.9789473684210527,0.0,0.9631578947368421,211,22,189,184,0,184,0.10426540284360189,0.9947368421052631,0.0,0.968421052631579,3.7707676194058233,183,0,183,0.0,0.9631578947368421,3.5670362284575647,186,0,186,0.0,0.9789473684210527,2.8122280693286505,199,9,190,0.04522613065326633,1.0,2.644940875865035,210,20,190,0.09523809523809523,1.0,1.65885
t_cl,t_cl,250,200,0.5,20,250,182,6,176,159,1,158,0.03296703296703297,0.9263157894736842,0.006289308176100629,0.8315789473684211,199,18,181,165,2,163,0.09045226130653267,0.9526315789473684,0.012121212121212121,0.8578947368421053,3.6659448256918967,164,1,163,0.006097560975609756,0.8578947368421053,3.5050020097974666,170,1,169,0.0058823529411764705,0.8894736842105263,2.878161090350029,186,5,181,0.026881720430107527,0.9526315789473684,2.645337055566628,193,12,181,0.06217616580310881,0.9526315789473684,1.678817
t_cl,t_cl,250,200,0.5,20,251,208,19,189,187,1,186,0.09134615384615384,0.9947368421052631,0.0053475935828877,0.9789473684210527,221,32,189,190,3,187,0.14479638009049775,0.9947368421052631,0.015789473684210527,0.9842105263157894,3.622684047831718,187,0,187,0.0,0.9842105263157894,3.622684047831718,187,0,187,0.0,0.9842105263157894,2.7694844212882272,207,18,189,0.08695652173913043,0.9947368421052631,2.6117866697719117,216,27,189,0.125,0.9947368421052631,1.615441
t_cl,t_cl,250,200,0.5,20,252,192,10,182,178,2,176,0.052083333333333336,0.9578947368421052,0.011235955056179775,0.9263157894736842,214,27,187,181,2,179,0.1261682242990654,0.9842105263157894,0.011049723756906077,0.9421052631578948,3.6978220329223084,179,0,179,0.0,0.9421052631578948,3.479783813253465,183,1,182,0.00546448087431694,0.9578947368421052,2.9023091696435963,198,10,188,0.050505050505050504,0.9894736842105263,2.6886103497172438,215,26,189,0.12093023255813953,0.9947368421052631,1.648193
t_cl,t_cl,250,200,0.5,20,253,188,13,175,156,1,155,0.06914893617021277,0.9210526315789473,0.00641025641025641,0.8157894736842105,201,20,181,166,3,163,0.09950248756218906,0.9526315789473684,0.018072289156626505,0.8578947368421053,3.658379550102577,163,0,163,0.0,0.8578947368421053,3.4891452530477483,167,0,167,0.0,0.8789473684210526,2.8085749303945677,193,12,181,0.06217616580310881,0.9526315789473684,2.6334935114781852,203,19,184,0.09359605911330049,0.968421052631579,1.68301
t_cl,t_cl,250,200,0.5,20,254,200,12,188,183,0,183,0.06,0.9894736842105263,0.0,0.9631578947368421,218,28,190,189,4,185,0.12844036697247707,1.0,0.021164021164021163,0.9736842105263158,3.62299376164793,186,0,186,0.0,0.9789473684210527,3.575611554620022,188,0,188,0.0,0.9894736842105263,2.870316005041369,201,11,190,0.05472636815920398,1.0,2.7210209368139036,212,22,190,0.10377358490566038,1.0,1.656975
t_cl,t_cl,250,200,0.5,20,255,202,14,188,176,1,175,0.06930693069306931,0.9894736842105263,0.005681818181818182,0.9210526315789473,213,24,189,181,2,179,0.11267605633802817,0.9947368421052631,0.011049723756906077,0.9421052631578948,3.642664051890512,178,0,178,0.0,0.9368421052631579,3.437957343609456,184,0,184,0.0,0.968421052631579,2.7456063191933526,200,11,189,0.055,0.9947368421052631,2.59200487641969,210,21,189,0.1,0.9947368421052631,1.842963
t_cl,t_cl,250,200,0.5,20,256,197,11,186,167,3,164,0.05583756345177665,0.9789473684210527,0.017964071856287425,0.8631578947368421,210,22,188,176,4,172,0.10476190476190476,0.9894736842105263,0.022727272727272728,0.9052631578947369,3.6352389324292944,174,0,174,0.0,0.9157894736842105,3.448827148539373,181,0,181,0.0,0.9526315789473684,2.897803994234432,196,9,187,0.04591836734693878,0.9842105263157894,2.6667467697421885,209,21,188,0.10047846889952153,0.9894736842105263,1.660755
t_cl,t_cl,250,200,0.5,20,257,198,12,186,169,0,169,0.06060606060606061,0.9789473684210527,0.0,0.8894736842105263,207,18,189,177,0,177,0.08695652173913043,0.9947368421052631,0.0,0.9315789473684211,3.6508817749016447,173,0,173,0.0,0.9105263157894737,3.4858811513599246,177,0,177,0.0,0.9315789473684211,2.7339111588737963,194,5,189,0.02577319587628866,0.9947368421052631,2.579739729769924,206,17,189,0.0825242718446602,0.9947368421052631,1.676288
t_cl,t_cl,250,200,0.5,20,258,199,14,185,179,1,178,0.07035175879396985,0.9736842105263158,0.00558659217877095,0.9368421052631579,212,26,186,181,2,179,0.12264150943396226,0.9789473684210527,0.011049723756906077,0.9421052631578948,3.8247641044555856,178,0,178,0.0,0.9368421052631579,3.4872364687129687,180,0,180,0.0,0.9473684210526315,2.7793043506576214,200,12,188,0.06,0.9894736842105263,2.65825327956551,208,18,190,0.08653846153846154,1.0,1.533082
t_cl,t_cl,250,200,0.5,20,259,209,20,189,186,0,186,0.09569377990430622,0.9947368421052631,0.0,0.9789473684210527,225,35,190,190,2,188,0.15555555555555556,1.0,0.010526315789473684,0.9894736842105263,3.752092734918567,188,0,188,0.0,0.9894736842105263,3.752092734918567,188,0,188,0.0,0.9894736842105263,2.793175699656384,206,16,190,0.07766990291262135,1.0,2.62437964836839,223,33,190,0.14798206278026907,1.0,1.715412
t_cl,t_cl,250,200,0.5,20,260,196,10,186,177,1,176,0.05102040816326531,0.9789473684210527,0.005649717514124294,0.9263157894736842,205,18,187,182,1,181,0.08780487804878048,0.9842105263157894,0.005494505494505495,0.9526315789473684,3.6471320218473,178,0,178,0.0,0.9368421052631579,3.4829074190078066,181,0,181,0.0,0.9526315789473684,2.76666032161811,198,10,188,0.050505050505050504,0.9894736842105263,2.597884649432239,207,18,189,0.08695652173913043,0.9947368421052631,1.633903
t_cl,t_cl,250,200,0.5,20,261,193,6,187,174,0,174,0.031088082901554404,0.9842105263157894,0.0,0.9157894736842105,203,14,189,180,1,179,0.06896551724137931,0.9947368421052631,0.005555555555555556,0.9421052631578948,3.6625741888429255,178,0,178,0.0,0.9368421052631579,3.5075027840502724,182,0,182,0.0,0.9578947368421052,2.834269114066106,195,6,189,0.03076923076923077,0.9947368421052631,2.680944785503085,203,13,190,0.06403940886699508,1.0,1.778401
t_cl,t_cl,250,200,0.5,20,262,193,12,181,159,1,158,0.06217616580310881,0.9526315789473684,0.006289308176100629,0.8315789473684211,206,22,184,167,2,165,0.10679611650485436,0.968421052631579,0.011976047904191617,0.868421052631579,3.702674058928992,159,0,159,0.0,0.8368421052631579,3.480675020312214,166,1,165,0.006024096385542169,0.868421052631579,2.799431548971312,197,11,186,0.05583756345177665,0.9789473684210527,2.640577203315635,206,19,187,0.09223300970873786,0.9842105263157894,1.721641
t_cl,t_cl,250,200,0.5,20,263,193,10,183,155,1,154,0.05181347150259067,0.9631578947368421,0.0064516129032258064,0.8105263157894737,209,23,186,164,1,163,0.11004784688995216,0.9789473684210527,0.006097560975609756,0.8578947368421053,3.6946177259783384,157,0,157,0.0,0.8263157894736842,3.4663516752186108,169,0,169,0.0,0.8894736842105263,2.7592562561526326,197,10,187,0.050761421319796954,0.9842105263157894,2.617065109126074,208,21,187,0.10096153846153846,0.9842105263157894,1.590593
t_cl,t_cl,250,200,0.5,20,264,188,13,175,155,2,153,0.06914893617021277,0.9210526315789473,0.012903225806451613,0.8052631578947368,203,23,180,160,2,158,0.11330049261083744,0.9473684210526315,0.0125,0.8315789473684211,3.6833718920298257,148,0,148,0.0,0.7789473684210526,3.5112104794259227,155,0,155,0.0,0.8157894736842105,2.7260903764418503,195,13,182,0.06666666666666667,0.9578947368421052,2.581378417597205,203,20,183,0.09852216748768473,0.9631578947368421,1.582627
t_cl,t_cl,250,200,0.5,20,265,194,6,188,181,0,181,0.030927835051546393,0.9894736842105263,0.0,0.9526315789473684,206,16,190,185,1,184,0.07766990291262135,1.0,0.005405405405405406,0.968421052631579,3.677045952541822,182,0,182,0.0,0.9578947368421052,3.4549371324574913,185,0,185,0.0,0.9736842105263158,2.800524483000627,195,5,190,0.02564102564102564,1.0,2.646119477623835,203,13,190,0.06403940886699508,1.0,1.613777
t_cl,t_cl,250,200,0.5,20,266,198,15,183,172,0,172,0.07575757575757576,0.9631578947368421,0.0,0.9052631578947369,210,27,183,178,2,176,0.12857142857142856,0.9631578947368421,0.011235955056179775,0.9263157894736842,3.6378690413737496,175,0,175,0.0,0.9210526315789473,3.5662418611526765,177,0,177,0.0,0.9315789473684211,2.803141047682278,196,11,185,0.05612244897959184,0.9736842105263158,2.632826904189576,216,27,189,0.125,0.9947368421052631,1.773083
t_cl,t_cl,250,200,0.5,20,267,191,14,177,158,2,156,0.07329842931937172,0.9315789473684211,0.012658227848101266,0.8210526315789474,204,22,182,168,4,164,0.10784313725490197,0.9578947368421052,0.023809523809523808,0.8631578947368421,3.6695294993019334,164,0,164,0.0,0.8631578947368421,3.501524276137553,170,0,170,0.0,0.8947368421052632,2.8496151293670855,200,14,186,0.07,0.9789473684210527,2.703343342215954,205,18,187,0.08780487804878048,0.9842105263157894,1.672963
t_cl,t_cl,250,200,0.5,20,268,184,9,175,151,0,151,0.04891304347826087,0.9210526315789473,0.0,0.7947368421052632,196,18,178,159,0,159,0.09183673469387756,0.9368421052631579,0.0,0.8368421052631579,3.664796326014618,156,0,156,0.0,0.8210526315789474,3.4877298801028696,163,0,163,0.0,0.8578947368421053,2.809334901496072,189,7,182,0.037037037037037035,0.9578947368421052,2.6416689733278376,199,17,182,0.08542713567839195,0.9578947368421052,1.651659
t_cl,t_cl,250,200,0.5,20,269,208,21,187,181,2,179,0.10096153846153846,0.9842105263157894,0.011049723756906077,0.9421052631578948,225,38,187,185,3,182,0.1688888888888889,0.9842105263157894,0.016216216216216217,0.9578947368421052,3.637285737087244,185,0,185,0.0,0.9736842105263158,3.551759846922402,186,1,185,0.005376344086021506,0.9736842105263158,2.928286521216681,204,16,188,0.0784313725490196,0.9894736842105263,2.700464590811388,220,32,188,0.14545454545454545,0.9894736842105263,1.684114
t_cl,t_cl,250,200,0.5,20,270,191,8,183,172,0,172,0.041884816753926704,0.9631578947368421,0.0,0.9052631578947369,200,16,184,178,2,176,0.08,0.968421052631579,0.011235955056179775,0.9263157894736842,3.6547624392233837,175,0,175,0.0,0.9210526315789473,3.447350011359801,180,0,180,0.0,0.9473684210526315,2.7973760654165716,193,7,186,0.03626943005181347,0.9789473684210527,2.6474494655866905,202,14,188,0.06930693069306931,0.9894736842105263,1.649018
t_cl,t_cl,250,200,0.5,20,271,209,22,187,169,1,168,0.10526315789473684,0.9842105263157894,0.005917159763313609,0.8842105263157894,227,37,190,176,3,173,0.16299559471365638,1.0,0.017045454545454544,0.9105263157894737,3.6783765383161695,173,0,173,0.0,0.9105263157894737,3.4456538166299717,179,0,179,0.0,0.9421052631578948,2.832912961038662,209,19,190,0.09090909090909091,1.0,2.680617238806359,222,32,190,0.14414414414414414,1.0,1.675529
t_cl,t_cl,250,200,0.5,20,272,193,10,183,160,1,159,0.05181347150259067,0.9631578947368421,0.00625,0.8368421052631579,207,22,185,170,1,169,0.10628019323671498,0.9736842105263158,0.0058823529411764705,0.8894736842105263,3.658825067772926,168,1,167,0.005952380952380952,0.8789473684210526,3.515845185727336,173,1,172,0.005780346820809248,0.9052631578947369,2.837891972686446,195,8,187,0.041025641025641026,0.9842105263157894,2.6244861694575956,207,19,188,0.09178743961352658,0.9894736842105263,1.585621
t_cl,t_cl,250,200,0.5,20,273,192,9,183,168,1,167,0.046875,0.9631578947368421,0.005952380952380952,0.8789473684210526,213,27,186,178,3,175,0.1267605633802817,0.9789473684210527,0.016853932584269662,0.9210526315789473,3.6400621801337842,170,0,170,0.0,0.8947368421052632,3.5411615393213283,176,0,176,0.0,0.9263157894736842,2.7455906999285924,198,9,189,0.045454545454545456,0.9947368421052631,2.5906623701262923,209,20,189,0.09569377990430622,0.9947368421052631,1.864208
t_cl,t_cl,250,200,0.5,20,274,195,12,183,167,0,167,0.06153846153846154,0.9631578947368421,0.0,0.8789473684210526,209,24,185,175,1,174,0.11483253588516747,0.9736842105263158,0.005714285714285714,0.9157894736842105,3.6422675349205025,172,0,172,0.0,0.9052631578947369,3.5259605174832327,176,0,176,0.0,0.9263157894736842,2.81592627411885,198,11,187,0.05555555555555555,0.9842105263157894,2.59373014392176,209,22,187,0.10526315789473684,0.9842105263157894,1.596816
t_cl,t_cl,250,200,0.5,20,275,200,10,190,186,1,185,0.05,1.0,0.005376344086021506,0.9736842105263158,212,22,190,189,1,188,0.10377358490566038,1.0,0.005291005291005291,0.9894736842105263,3.693858975363726,188,0,188,0.0,0.9894736842105263,3.4775501718192947,191,1,190,0.005235602094240838,1.0,2.795770343001309,200,10,190,0.05,1.0,2.6460973345059258,210,20,190,0.09523809523809523,1.0,1.663595
t_cl,t_cl,250,200,0.5,20,276,203,13,190,177,0,177,0.06403940886699508,1.0,0.0,0.9315789473684211,224,34,190,185,2,183,0.15178571428571427,1.0,0.010810810810810811,0.9631578947368421,3.6482453684997678,182,0,182,0.0,0.9578947368421052,3.525424592331476,184,0,184,0.0,0.968421052631579,2.759039562797986,202,12,190,0.0594059405940594,1.0,2.584528561104037,222,32,190,0.14414414414414414,1.0,1.727
t_cl,t_cl,250,200,0.5,20,277,205,18,187,184,2,182,0.08780487804878048,0.9842105263157894,0.010869565217391304,0.9578947368421052,223,35,188,187,3,184,0.15695067264573992,0.9894736842105263,0.016042780748663103,0.968421052631579,3.655869178321978,186,0,186,0.0,0.9789473684210527,3.655869178321978,186,0,186,0.0,0.9789473684210527,2.868063799690923,204,15,189,0.07352941176470588,0.9947368421052631,2.692706617650443,219,30,189,0.136986301369863,0.9947368421052631,1.644209
t_cl,t_cl,250,200,0.5,20,278,197,12,185,172,1,171,0.06091370558375635,0.9736842105263158,0.005813953488372093,0.9,207,20,187,182,3,179,0.0966183574879227,0.9842105263157894,0.016483516483516484,0.9421052631578948,3.6757625200402213,175,0,175,0.0,0.9210526315789473,3.4987777363153425,180,0,180,0.0,0.9473684210526315,2.797316687446811,197,12,185,0.06091370558375635,0.9736842105263158,2.6344583914785686,205,19,186,0.09268292682926829,0.9789473684210527,1.551992
t_cl,t_cl,250,200,0.5,20,279,187,11,176,161,2,159,0.058823529411764705,0.9263157894736842,0.012422360248447204,0.8368421052631579,209,27,182,168,2,166,0.1291866028708134,0.9578947368421052,0.011904761904761904,0.8736842105263158,3.6560887296419424,161,0,161,0.0,0.8473684210526315,3.4835515495745355,167,0,167,0.0,0.8789473684210526,2.7956643552699183,195,11,184,0.05641025641025641,0.968421052631579,2.6307728240569617,211,26,185,0.12322274881516587,0.9736842105263158,1.899294
t_cl,t_cl,250,200,0.5,20,280,183,8,175,155,0,155,0.04371584699453552,0.9210526315789473,0.0,0.8157894736842105,198,19,179,165,2,163,0.09595959595959595,0.9421052631578948,0.012121212121212121,0.8578947368421053,3.791896128772988,162,0,162,0.0,0.8526315789473684,3.4862326470278204,166,0,166,0.0,0.8736842105263158,2.8578038833687143,188,6,182,0.031914893617021274,0.9578947368421052,2.6828384658968676,201,18,183,0.08955223880597014,0.9631578947368421,1.670433
t_cl,t_cl,250,200,0.5,20,281,195,7,188,179,0,179,0.035897435897435895,0.9894736842105263,0.0,0.9421052631578948,202,14,188,184,1,183,0.06930693069306931,0.9894736842105263,0.005434782608695652,0.9631578947368421,3.6564903574571934,183,0,183,0.0,0.9631578947368421,3.571341884283779,185,0,185,0.0,0.9736842105263158,2.775003307949957,195,6,189,0.03076923076923077,0.9947368421052631,2.6197755749316327,202,13,189,0.06435643564356436,0.9947368421052631,1.562339
t_cl,t_cl,250,200,0.5,20,282,202,15,187,173,0,173,0.07425742574257425,0.9842105263157894,0.0,0.9105263157894737,206,19,187,181,1,180,0.09223300970873786,0.9842105263157894,0.0055248618784530384,0.9473684210526315,3.642387399245274,179,0,179,0.0,0.9421052631578948,3.457425336413455,184,0,184,0.0,0.968421052631579,2.7592825889359296,199,10,189,0.05025125628140704,0.9947368421052631,2.6047901010921746,209,19,190,0.09090909090909091,1.0,1.744288
t_cl,t_cl,250,200,0.5,20,283,190,7,183,160,1,159,0.03684210526315789,0.9631578947368421,0.00625,0.8368421052631579,210,25,185,173,1,172,0.11904761904761904,0.9736842105263158,0.005780346820809248,0.9052631578947369,3.6733229393099696,165,0,165,0.0,0.868421052631579,3.4821482791499814,178,0,178,0.0,0.9368421052631579,2.8211103088991605,193,7,186,0.03626943005181347,0.9789473684210527,2.657573974036316,205,19,186,0.09268292682926829,0.9789473684210527,1.553815
t_cl,t_cl,250,200,0.5,20,284,191,7,184,166,0,166,0.03664921465968586,0.968421052631579,0.0,0.8736842105263158,200,16,184,171,1,170,0.08,0.968421052631579,0.005847953216374269,0.8947368421052632,3.6560742836163214,169,0,169,0.0,0.8894736842105263,3.4590865538732816,175,0,175,0.0,0.9210526315789473,2.8180595539033657,193,6,187,0.031088082901554404,0.9842105263157894,2.6597983964597933,203,16,187,0.07881773399014778,0.9842105263157894,1.633581
t_cl,t_cl,250,200,0.5,20,285,193,11,182,170,2,168,0.05699481865284974,0.9578947368421052,0.011764705882352941,0.8842105263157894,217,32,185,179,5,174,0.14746543778801843,0.9736842105263158,0.027932960893854747,0.9157894736842105,3.6423629527083423,172,0,172,0.0,0.9052631578947369,3.5346739249090082,175,0,175,0.0,0.9210526315789473,2.8011247570965954,195,10,185,0.05128205128205128,0.9736842105263158,2.6334678749183027,216,29,187,0.13425925925925927,0.9842105263157894,1.701243
t_cl,t_cl,250,200,0.5,20,286,187,11,176,159,1,158,0.058823529411764705,0.9263157894736842,0.006289308176100629,0.8315789473684211,200,19,181,167,1,166,0.095,0.9526315789473684,0.005988023952095809,0.8736842105263158,3.660821411779993,165,0,165,0.0,0.868421052631579,3.4585977191676776,170,1,169,0.0058823529411764705,0.8894736842105263,2.883229851808828,192,11,181,0.057291666666666664,0.9526315789473684,2.669210591014736,201,18,183,0.08955223880597014,0.9631578947368421,1.774274
t_cl,t_cl,250,200,0.5,20,287,192,12,180,152,3,149,0.0625,0.9473684210526315,0.019736842105263157,0.7842105263157895,209,24,185,158,3,155,0.11483253588516747,0.9736842105263158,0.0189873417721519,0.8157894736842105,3.6728985331849056,157,0,157,0.0,0.8263157894736842,3.4752439298456768,170,1,169,0.0058823529411764705,0.8894736842105263,2.869671561086576,196,11,185,0.05612244897959184,0.9736842105263158,2.7256276976123606,206,20,186,0.0970873786407767,0.9789473684210527,1.596602
t_cl,t_cl,250,200,0.5,20,288,198,14,184,173,0,173,0.0707070707070707,0.968421052631579,0.0,0.9105263157894737,207,21,186,180,1,179,0.10144927536231885,0.9789473684210527,0.005555555555555556,0.9421052631578948,3.6759034083235855,180,0,180,0.0,0.9473684210526315,3.6759034083235855,180,0,180,0.0,0.9473684210526315,2.8111319080889925,199,10,189,0.05025125628140704,0.9947368421052631,2.655335766447003,209,19,190,0.09090909090909091,1.0,1.63285
t_cl,t_cl,250,200,0.5,20,289,182,8,174,129,0,129,0.04395604395604396,0.9157894736842105,0.0,0.6789473684210526,198,20,178,138,1,137,0.10101010101010101,0.9368421052631579,0.007246376811594203,0.7210526315789474,3.7446798872678095,136,0,136,0.0,0.7157894736842105,3.4953165668733144,149,0,149,0.0,0.7842105263157895,2.837442096662849,191,8,183,0.041884816753926704,0.9631578947368421,2.6748575031501116,206,20,186,0.0970873786407767,0.9789473684210527,1.673749
t_cl,t_cl,250,200,0.5,20,290,188,8,180,168,1,167,0.0425531914893617,0.9473684210526315,0.005952380952380952,0.8789473684210526,204,19,185,172,2,170,0.09313725490196079,0.9736842105263158,0.011627906976744186,0.8947368421052632,3.6446248740209923,167,0,167,0.0,0.8789473684210526,3.476422277244938,171,0,171,0.0,0.9,2.732343759462264,193,8,185,0.04145077720207254,0.9736842105263158,2.577036184475868,202,15,187,0.07425742574257425,0.9842105263157894,1.607024
t_cl,t_cl,250,200,0.5,20,291,192,10,182,161,1,160,0.052083333333333336,0.9578947368421052,0.006211180124223602,0.8421052631578947,209,23,186,172,3,169,0.11004784688995216,0.9789473684210527,0.01744186046511628,0.8894736842105263,3.646995924326995,167,0,167,0.0,0.8789473684210526,3.5153009170856295,169,0,169,0.0,0.8894736842105263,2.77052622181871,196,8,188,0.04081632653061224,0.9894736842105263,2.6186129799780793,209,20,189,0.09569377990430622,0.9947368421052631,1.710097
t_cl,t_cl,250,200,0.5,20,292,187,13,174,148,0,148,0.06951871657754011,0.9157894736842105,0.0,0.7789473684210526,208,29,179,159,1,158,0.13942307692307693,0.9421052631578948,0.006289308176100629,0.8315789473684211,3.6749757772967677,155,0,155,0.0,0.8157894736842105,3.5017398041463688,165,0,165,0.0,0.868421052631579,2.8406307333490846,191,10,181,0.05235602094240838,0.9526315789473684,2.666962814783021,209,27,182,0.1291866028708134,0.9578947368421052,1.766402
t_cl,t_cl,250,200,0.5,20,293,200,10,190,188,0,188,0.05,1.0,0.0,0.9894736842105263,210,20,190,190,2,188,0.09523809523809523,1.0,0.010526315789473684,0.9894736842105263,4.216205503908233,188,0,188,0.0,0.9894736842105263,4.216205503908233,188,0,188,0.0,0.9894736842105263,2.853759494248393,199,9,190,0.04522613065326633,1.0,2.7045263833446445,208,18,190,0.08653846153846154,1.0,1.701558
t_cl,t_cl,250,200,0.5,20,294,164,11,153,117,0,117,0.06707317073170732,0.8052631578947368,0.0,0.6157894736842106,181,18,163,129,1,128,0.09944751381215469,0.8578947368421053,0.007751937984496124,0.6736842105263158,3.743870523188061,119,0,119,0.0,0.6263157894736842,3.5406119223673036,129,0,129,0.0,0.6789473684210526,2.8126324539936127,179,11,168,0.061452513966480445,0.8842105263157894,2.658778826693255,189,17,172,0.08994708994708994,0.9052631578947369,1.604971
t_cl,t_cl,250,200,0.5,20,295,197,12,185,169,1,168,0.06091370558375635,0.9736842105263158,0.005917159763313609,0.8842105263157894,216,29,187,176,2,174,0.13425925925925927,0.9842105263157894,0.011363636363636364,0.9157894736842105,3.68357517522499,165,0,165,0.0,0.868421052631579,3.463588753964351,173,0,173,0.0,0.9105263157894737,2.721492011090956,196,10,186,0.05102040816326531,0.9789473684210527,2.552186360568021,211,25,186,0.11848341232227488,0.9789473684210527,1.674408
t_cl,t_cl,250,200,0.5,20,296,193,13,180,160,0,160,0.06735751295336788,0.9473684210526315,0.0,0.8421052631578947,200,18,182,169,1,168,0.09,0.9578947368421052,0.005917159763313609,0.8842105263157894,3.659546287241111,164,0,164,0.0,0.8631578947368421,3.460446044867053,171,0,171,0.0,0.9,2.7816333582931123,200,12,188,0.06,0.9894736842105263,2.6296474354534842,207,18,189,0.08695652173913043,0.9947368421052631,1.779274
t_cl,t_cl,250,200,0.5,20,297,194,10,184,171,0,171,0.05154639175257732,0.968421052631579,0.0,0.9,205,20,185,179,1,178,0.0975609756097561,0.9736842105263158,0.00558659217877095,0.9368421052631579,3.6327163790249606,175,0,175,0.0,0.9210526315789473,3.4789035006727045,182,0,182,0.0,0.9578947368421052,2.833560995295435,195,9,186,0.046153846153846156,0.9789473684210527,2.6587683258395343,204,17,187,0.08333333333333333,0.9842105263157894,1.629998
t_cl,t_cl,250,200,0.5,20,298,196,14,182,170,0,170,0.07142857142857142,0.9578947368421052,0.0,0.8947368421052632,213,28,185,176,1,175,0.13145539906103287,0.9736842105263158,0.005681818181818182,0.9210526315789473,3.6979644861220105,173,0,173,0.0,0.9105263157894737,3.4618213822035955,177,0,177,0.0,0.9315789473684211,2.776360999439033,197,9,188,0.04568527918781726,0.9894736842105263,2.602746145402925,212,24,188,0.11320754716981132,0.9894736842105263,1.748898
t_cl,t_cl,250,200,0.5,20,299,201,11,190,183,0,183,0.05472636815920398,1.0,0.0,0.9631578947368421,207,17,190,186,0,186,0.0821256038647343,1.0,0.0,0.9789473684210527,3.6181661701283168,186,0,186,0.0,0.9789473684210527,3.452785167228228,190,0,190,0.0,1.0,2.810360006132929,198,8,190,0.04040404040404041,1.0,2.650523811655488,206,16,190,0.07766990291262135,1.0,1.693615
