model,x_model,p,n,rho,block,seed,R_bh_0.05,V_bh_0.05,S_bh_0.05,R_by_0.05,V_by_0.05,S_by_0.05,fdr_bh_0.05,power_bh_0.05,fdr_by_0.05,power_by_0.05,R_bh_0.1,V_bh_0.1,S_bh_0.1,R_by_0.1,V_by_0.1,S_by_0.1,fdr_bh_0.1,power_bh_0.1,fdr_by_0.1,power_by_0.1,t_lct_0.05,R_lct_0.05,V_lct_0.05,S_lct_0.05,fdr_lct_0.05,power_lct_0.05,t_lct_0.1,R_lct_0.1,V_lct_0.1,S_lct_0.1,fdr_lct_0.1,power_lct_0.1,t_lctb_0.05_B100,R_lctb_0.05_B100,V_lctb_0.05_B100,S_lctb_0.05_B100,fdr_lctb_0.05_B100,power_lctb_0.05_B100,t_lctb_0.1_B100,R_lctb_0.1_B100,V_lctb_0.1_B100,S_lctb_0.1_B100,fdr_lctb_0.1_B100,power_lctb_0.1_B100,wall_time_s
gaussian,gaussian,250,200,0.6,20,0,196,6,190,189,0,189,0.030612244897959183,1.0,0.0,0.9947368421052631,207,17,190,191,1,190,0.0821256038647343,1.0,0.005235602094240838,1.0,3.6252427515119914,197,7,190,0.03553299492385787,1.0,3.4300361340215297,206,16,190,0.07766990291262135,1.0,3.649832562614917,196,6,190,0.030612244897959183,1.0,3.464356249767308,202,12,190,0.0594059405940594,1.0,1.813832
gaussian,gaussian,250,200,0.6,20,1,202,12,190,191,2,189,0.0594059405940594,1.0,0.010471204188481676,0.9947368421052631,211,21,190,191,2,189,0.0995260663507109,1.0,0.010471204188481676,0.9947368421052631,3.657292119782318,202,12,190,0.0594059405940594,1.0,3.400392495879274,210,20,190,0.09523809523809523,1.0,3.657292119782318,202,12,190,0.0594059405940594,1.0,3.418698735031355,208,18,190,0.08653846153846154,1.0,1.772736
gaussian,gaussian,250,200,0.6,20,2,201,11,190,190,1,189,0.05472636815920398,1.0,0.005263157894736842,0.9947368421052631,223,33,190,190,1,189,0.14798206278026907,1.0,0.005263157894736842,0.9947368421052631,3.6080408914627764,201,11,190,0.05472636815920398,1.0,3.4028097255912053,221,31,190,0.14027149321266968,1.0,3.6080408914627764,201,11,190,0.05472636815920398,1.0,3.4028097255912053,221,31,190,0.14027149321266968,1.0,1.628012
gaussian,gaussian,250,200,0.6,20,3,201,11,190,191,1,190,0.05472636815920398,1.0,0.005235602094240838,1.0,210,20,190,192,2,190,0.09523809523809523,1.0,0.010416666666666666,1.0,3.6383213038728526,201,11,190,0.05472636815920398,1.0,3.401846793273193,212,22,190,0.10377358490566038,1.0,3.652094031730114,200,10,190,0.05,1.0,3.4757337166414604,207,17,190,0.0821256038647343,1.0,1.924895
gaussian,gaussian,250,200,0.6,20,4,204,14,190,192,3,189,0.06862745098039216,1.0,0.015625,0.9947368421052631,222,32,190,194,5,189,0.14414414414414414,1.0,0.02577319587628866,0.9947368421052631,3.6013220091675757,204,14,190,0.06862745098039216,1.0,3.3951397391856513,222,32,190,0.14414414414414414,1.0,3.6972598349551125,202,12,190,0.0594059405940594,1.0,3.4525748633754634,219,29,190,0.1324200913242009,1.0,1.87984
gaussian,gaussian,250,200,0.6,20,5,201,11,190,188,0,188,0.05472636815920398,1.0,0.0,0.9894736842105263,213,23,190,189,0,189,0.107981220657277,1.0,0.0,0.9947368421052631,3.623857798914219,201,11,190,0.05472636815920398,1.0,3.4001099738349954,214,24,190,0.11214953271028037,1.0,3.623857798914219,201,11,190,0.05472636815920398,1.0,3.4209902693330787,213,23,190,0.107981220657277,1.0,1.68335
gaussian,gaussian,250,200,0.6,20,6,199,9,190,191,1,190,0.04522613065326633,1.0,0.005235602094240838,1.0,217,27,190,191,1,190,0.12442396313364056,1.0,0.005235602094240838,1.0,3.613525883128456,199,9,190,0.04522613065326633,1.0,3.3953470213478427,216,26,190,0.12037037037037036,1.0,3.6552976280062284,198,8,190,0.04040404040404041,1.0,3.441925868390693,213,23,190,0.107981220657277,1.0,1.805401
gaussian,gaussian,250,200,0.6,20,7,197,7,190,192,2,190,0.03553299492385787,1.0,0.010416666666666666,1.0,209,19,190,193,3,190,0.09090909090909091,1.0,0.015544041450777202,1.0,3.6318824128019656,197,7,190,0.03553299492385787,1.0,3.4063201828338183,210,20,190,0.09523809523809523,1.0,3.6430422155849063,196,6,190,0.030612244897959183,1.0,3.4389702779824374,208,18,190,0.08653846153846154,1.0,1.764238
gaussian,gaussian,250,200,0.6,20,8,200,10,190,191,2,189,0.05,1.0,0.010471204188481676,0.9947368421052631,214,24,190,192,3,189,0.11214953271028037,1.0,0.015625,0.9947368421052631,3.6155129761253146,200,10,190,0.05,1.0,3.3982963494126706,213,23,190,0.107981220657277,1.0,3.6155129761253146,200,10,190,0.05,1.0,3.4236469336239415,210,20,190,0.09523809523809523,1.0,1.680995
gaussian,gaussian,250,200,0.6,20,9,202,12,190,189,0,189,0.0594059405940594,1.0,0.0,0.9947368421052631,210,20,190,189,0,189,0.09523809523809523,1.0,0.0,0.9947368421052631,3.6027233426326113,203,13,190,0.06403940886699508,1.0,3.4007168710048328,213,23,190,0.107981220657277,1.0,3.6363747074625015,202,12,190,0.0594059405940594,1.0,3.4453203890188924,209,19,190,0.09090909090909091,1.0,1.704742
gaussian,gaussian,250,200,0.6,20,10,197,7,190,190,0,190,0.03553299492385787,1.0,0.0,1.0,214,24,190,190,0,190,0.11214953271028037,1.0,0.0,1.0,3.6308453591445096,197,7,190,0.03553299492385787,1.0,3.4051871036275876,212,22,190,0.10377358490566038,1.0,3.6308453591445096,197,7,190,0.03553299492385787,1.0,3.4051871036275876,212,22,190,0.10377358490566038,1.0,1.877245
gaussian,gaussian,250,200,0.6,20,11,201,11,190,190,0,190,0.05472636815920398,1.0,0.0,1.0,212,22,190,192,2,190,0.10377358490566038,1.0,0.010416666666666666,1.0,3.5943774643147126,204,14,190,0.06862745098039216,1.0,3.4375500755646775,212,22,190,0.10377358490566038,1.0,3.6399849274581744,200,10,190,0.05,1.0,3.4375500755646775,212,22,190,0.10377358490566038,1.0,1.606326
gaussian,gaussian,250,200,0.6,20,12,206,16,190,190,1,189,0.07766990291262135,1.0,0.005263157894736842,0.9947368421052631,220,30,190,192,2,190,0.13636363636363635,1.0,0.010416666666666666,1.0,3.5990754461804038,206,16,190,0.07766990291262135,1.0,3.387819900585362,221,31,190,0.14027149321266968,1.0,3.7310206628509195,200,10,190,0.05,1.0,3.448393194971574,216,26,190,0.12037037037037036,1.0,1.765266
gaussian,gaussian,250,200,0.6,20,13,202,12,190,191,2,189,0.0594059405940594,1.0,0.010471204188481676,0.9947368421052631,209,19,190,192,3,189,0.09090909090909091,1.0,0.015625,0.9947368421052631,3.5915716206932804,205,15,190,0.07317073170731707,1.0,3.4126123648226914,209,19,190,0.09090909090909091,1.0,3.6493768691806916,201,11,190,0.05472636815920398,1.0,3.5107601141466507,207,17,190,0.0821256038647343,1.0,1.784925
gaussian,gaussian,250,200,0.6,20,14,201,11,190,192,2,190,0.05472636815920398,1.0,0.010416666666666666,1.0,214,24,190,193,3,190,0.11214953271028037,1.0,0.015544041450777202,1.0,3.5993314730249804,201,11,190,0.05472636815920398,1.0,3.3975411634190777,214,24,190,0.11214953271028037,1.0,3.6219148516344353,200,10,190,0.05,1.0,3.4182485278198116,212,22,190,0.10377358490566038,1.0,1.675134
gaussian,gaussian,250,200,0.6,20,15,200,11,189,187,0,187,0.055,0.9947368421052631,0.0,0.9842105263157894,212,23,189,191,3,188,0.10849056603773585,0.9947368421052631,0.015706806282722512,0.9894736842105263,3.5955861137207368,202,12,190,0.0594059405940594,1.0,3.410640832558123,213,23,190,0.107981220657277,1.0,3.654396707392529,200,11,189,0.055,0.9947368421052631,3.44192750126756,211,21,190,0.0995260663507109,1.0,1.782209
gaussian,gaussian,250,200,0.6,20,16,208,18,190,191,1,190,0.08653846153846154,1.0,0.005235602094240838,1.0,215,25,190,192,2,190,0.11627906976744186,1.0,0.010416666666666666,1.0,3.589924977861731,208,18,190,0.08653846153846154,1.0,3.400120531894782,216,26,190,0.12037037037037036,1.0,3.6578295631377746,202,12,190,0.0594059405940594,1.0,3.4300371880797362,213,23,190,0.107981220657277,1.0,1.939189
gaussian,gaussian,250,200,0.6,20,17,204,14,190,194,4,190,0.06862745098039216,1.0,0.020618556701030927,1.0,215,25,190,196,6,190,0.11627906976744186,1.0,0.030612244897959183,1.0,3.5921813168066303,205,15,190,0.07317073170731707,1.0,3.4272349026706728,216,26,190,0.12037037037037036,1.0,3.636919478270041,203,13,190,0.06403940886699508,1.0,3.4272349026706728,216,26,190,0.12037037037037036,1.0,1.66338
gaussian,gaussian,250,200,0.6,20,18,204,14,190,191,1,190,0.06862745098039216,1.0,0.005235602094240838,1.0,217,27,190,193,3,190,0.12442396313364056,1.0,0.015544041450777202,1.0,3.6049482815142166,204,14,190,0.06862745098039216,1.0,3.3946684104465277,215,25,190,0.11627906976744186,1.0,3.6529785305203277,203,13,190,0.06403940886699508,1.0,3.429412913382358,212,22,190,0.10377358490566038,1.0,1.660303
gaussian,gaussian,250,200,0.6,20,19,197,7,190,189,0,189,0.03553299492385787,1.0,0.0,0.9947368421052631,208,18,190,192,2,190,0.08653846153846154,1.0,0.010416666666666666,1.0,3.611733161683301,197,7,190,0.03553299492385787,1.0,3.401322582400979,210,20,190,0.09523809523809523,1.0,3.69817225234063,196,6,190,0.030612244897959183,1.0,3.42342970086536,208,18,190,0.08653846153846154,1.0,1.841168
gaussian,gaussian,250,200,0.6,20,20,200,10,190,191,1,190,0.05,1.0,0.005235602094240838,1.0,211,21,190,192,2,190,0.0995260663507109,1.0,0.010416666666666666,1.0,3.6108844854800433,200,10,190,0.05,1.0,3.4090890315248075,211,21,190,0.0995260663507109,1.0,3.6108844854800433,200,10,190,0.05,1.0,3.4090890315248075,211,21,190,0.0995260663507109,1.0,1.640673
gaussian,gaussian,250,200,0.6,20,21,200,10,190,191,1,190,0.05,1.0,0.005235602094240838,1.0,214,24,190,192,2,190,0.11214953271028037,1.0,0.010416666666666666,1.0,3.599071773373519,200,10,190,0.05,1.0,3.3920589198749904,217,27,190,0.12442396313364056,1.0,3.7038557743929403,196,6,190,0.030612244897959183,1.0,3.4512316638715177,211,21,190,0.0995260663507109,1.0,1.734891
gaussian,gaussian,250,200,0.6,20,22,207,17,190,191,1,190,0.0821256038647343,1.0,0.005235602094240838,1.0,219,29,190,192,2,190,0.1324200913242009,1.0,0.010416666666666666,1.0,3.602645924896759,207,17,190,0.0821256038647343,1.0,3.385860839157943,221,31,190,0.14027149321266968,1.0,3.634744032775061,203,13,190,0.06403940886699508,1.0,3.4218615672833197,218,28,190,0.12844036697247707,1.0,1.989571
gaussian,gaussian,250,200,0.6,20,23,199,9,190,193,3,190,0.04522613065326633,1.0,0.015544041450777202,1.0,209,19,190,194,4,190,0.09090909090909091,1.0,0.020618556701030927,1.0,3.6457589112424555,199,9,190,0.04522613065326633,1.0,3.406930709927827,210,20,190,0.09523809523809523,1.0,3.6457589112424555,199,9,190,0.04522613065326633,1.0,3.465327541328114,207,17,190,0.0821256038647343,1.0,1.607711
gaussian,gaussian,250,200,0.6,20,24,201,11,190,191,1,190,0.05472636815920398,1.0,0.005235602094240838,1.0,220,30,190,192,2,190,0.13636363636363635,1.0,0.010416666666666666,1.0,3.599041914997712,200,10,190,0.05,1.0,3.3950679906740935,218,28,190,0.12844036697247707,1.0,3.599041914997712,200,10,190,0.05,1.0,3.3950679906740935,218,28,190,0.12844036697247707,1.0,1.716387
gaussian,gaussian,250,200,0.6,20,25,198,8,190,192,2,190,0.04040404040404041,1.0,0.010416666666666666,1.0,205,15,190,194,4,190,0.07317073170731707,1.0,0.020618556701030927,1.0,3.6015041940139305,197,7,190,0.03553299492385787,1.0,3.441992605440955,204,14,190,0.06862745098039216,1.0,3.8328119621276886,196,6,190,0.030612244897959183,1.0,3.441992605440955,204,14,190,0.06862745098039216,1.0,1.77677
gaussian,gaussian,250,200,0.6,20,26,199,9,190,190,0,190,0.04522613065326633,1.0,0.0,1.0,216,26,190,192,2,190,0.12037037037037036,1.0,0.010416666666666666,1.0,3.671552046192138,199,9,190,0.04522613065326633,1.0,3.396948374083124,216,26,190,0.12037037037037036,1.0,3.671552046192138,199,9,190,0.04522613065326633,1.0,3.424189996702497,211,21,190,0.0995260663507109,1.0,1.721215
gaussian,gaussian,250,200,0.6,20,27,195,5,190,190,1,189,0.02564102564102564,1.0,0.005263157894736842,0.9947368421052631,207,17,190,190,1,189,0.0821256038647343,1.0,0.005263157894736842,0.9947368421052631,3.684278122155632,195,5,190,0.02564102564102564,1.0,3.4144688205920137,206,16,190,0.07766990291262135,1.0,3.684278122155632,195,5,190,0.02564102564102564,1.0,3.4144688205920137,206,16,190,0.07766990291262135,1.0,1.631215
gaussian,gaussian,250,200,0.6,20,28,202,13,189,189,2,187,0.06435643564356436,0.9947368421052631,0.010582010582010581,0.9842105263157894,213,23,190,192,3,189,0.107981220657277,1.0,0.015625,0.9947368421052631,3.6413127433784287,203,13,190,0.06403940886699508,1.0,3.4020482844260127,213,23,190,0.107981220657277,1.0,3.663252658655024,202,12,190,0.0594059405940594,1.0,3.4986989050424455,209,19,190,0.09090909090909091,1.0,1.918434
gaussian,gaussian,250,200,0.6,20,29,200,11,189,189,1,188,0.055,0.9947368421052631,0.005291005291005291,0.9894736842105263,206,16,190,189,1,188,0.07766990291262135,1.0,0.005291005291005291,0.9894736842105263,3.6185322312014288,201,11,190,0.05472636815920398,1.0,3.40581246477484,206,16,190,0.07766990291262135,1.0,3.6185322312014288,201,11,190,0.05472636815920398,1.0,3.4663838177670656,204,14,190,0.06862745098039216,1.0,1.704108
gaussian,gaussian,250,200,0.6,20,30,207,17,190,191,1,190,0.0821256038647343,1.0,0.005235602094240838,1.0,216,26,190,191,1,190,0.12037037037037036,1.0,0.005235602094240838,1.0,3.5988295217963455,208,18,190,0.08653846153846154,1.0,3.4225328650455893,216,26,190,0.12037037037037036,1.0,3.646063929948753,206,16,190,0.07766990291262135,1.0,3.443604046768717,215,25,190,0.11627906976744186,1.0,1.67198
gaussian,gaussian,250,200,0.6,20,31,197,7,190,189,1,188,0.03553299492385787,1.0,0.005291005291005291,0.9894736842105263,215,25,190,190,1,189,0.11627906976744186,1.0,0.005263157894736842,0.9947368421052631,3.647606653878284,196,6,190,0.030612244897959183,1.0,3.396741170674751,214,24,190,0.11214953271028037,1.0,3.647606653878284,196,6,190,0.030612244897959183,1.0,3.4168134056402115,212,22,190,0.10377358490566038,1.0,1.712283
gaussian,gaussian,250,200,0.6,20,32,198,8,190,190,0,190,0.04040404040404041,1.0,0.0,1.0,212,22,190,191,1,190,0.10377358490566038,1.0,0.005235602094240838,1.0,3.602461252995718,198,8,190,0.04040404040404041,1.0,3.416570089428089,212,22,190,0.10377358490566038,1.0,3.6455929496056245,196,6,190,0.030612244897959183,1.0,3.416570089428089,212,22,190,0.10377358490566038,1.0,1.653668
gaussian,gaussian,250,200,0.6,20,33,195,5,190,189,0,189,0.02564102564102564,1.0,0.0,0.9947368421052631,213,23,190,190,1,189,0.107981220657277,1.0,0.005263157894736842,0.9947368421052631,3.6979946899419787,195,5,190,0.02564102564102564,1.0,3.404461643430894,213,23,190,0.107981220657277,1.0,3.6979946899419787,195,5,190,0.02564102564102564,1.0,3.419811056535548,212,22,190,0.10377358490566038,1.0,1.71996
gaussian,gaussian,250,200,0.6,20,34,203,13,190,190,1,189,0.06403940886699508,1.0,0.005263157894736842,0.9947368421052631,209,19,190,190,1,189,0.09090909090909091,1.0,0.005263157894736842,0.9947368421052631,3.5978129944244532,203,13,190,0.06403940886699508,1.0,3.481686869840871,209,19,190,0.09090909090909091,1.0,3.642999960650536,202,12,190,0.0594059405940594,1.0,3.481686869840871,209,19,190,0.09090909090909091,1.0,1.791377
gaussian,gaussian,250,200,0.6,20,35,196,6,190,191,1,190,0.030612244897959183,1.0,0.005235602094240838,1.0,208,18,190,191,1,190,0.08653846153846154,1.0,0.005235602094240838,1.0,3.6369836747619964,195,5,190,0.02564102564102564,1.0,3.4149424839374882,208,18,190,0.08653846153846154,1.0,3.6369836747619964,195,5,190,0.02564102564102564,1.0,3.4149424839374882,208,18,190,0.08653846153846154,1.0,1.838431
gaussian,gaussian,250,200,0.6,20,36,200,10,190,190,0,190,0.05,1.0,0.0,1.0,209,19,190,191,1,190,0.09090909090909091,1.0,0.005235602094240838,1.0,3.5996634616034537,202,12,190,0.0594059405940594,1.0,3.396761966961069,216,26,190,0.12037037037037036,1.0,3.698169740278032,200,10,190,0.05,1.0,3.448524774675631,209,19,190,0.09090909090909091,1.0,1.740158
gaussian,gaussian,250,200,0.6,20,37,201,11,190,191,2,189,0.05472636815920398,1.0,0.010471204188481676,0.9947368421052631,220,30,190,193,4,189,0.13636363636363635,1.0,0.02072538860103627,0.9947368421052631,3.6279726151488774,201,11,190,0.05472636815920398,1.0,3.3919657321229457,221,31,190,0.14027149321266968,1.0,3.6279726151488774,201,11,190,0.05472636815920398,1.0,3.4160089045498054,219,29,190,0.1324200913242009,1.0,1.610559
gaussian,gaussian,250,200,0.6,20,38,199,9,190,190,0,190,0.04522613065326633,1.0,0.0,1.0,206,16,190,190,0,190,0.07766990291262135,1.0,0.0,1.0,3.6087114154738535,199,9,190,0.04522613065326633,1.0,3.4240352193853947,206,16,190,0.07766990291262135,1.0,3.6494986612799862,198,8,190,0.04040404040404041,1.0,3.4240352193853947,206,16,190,0.07766990291262135,1.0,1.822908
gaussian,gaussian,250,200,0.6,20,39,206,16,190,191,1,190,0.07766990291262135,1.0,0.005235602094240838,1.0,218,28,190,192,2,190,0.12844036697247707,1.0,0.010416666666666666,1.0,3.6198006845243613,204,14,190,0.06862745098039216,1.0,3.4361854513494183,218,28,190,0.12844036697247707,1.0,3.6613136562495088,203,13,190,0.06403940886699508,1.0,3.4361854513494183,218,28,190,0.12844036697247707,1.0,1.68175
gaussian,gaussian,250,200,0.6,20,40,203,13,190,191,2,189,0.06403940886699508,1.0,0.010471204188481676,0.9947368421052631,214,24,190,193,4,189,0.11214953271028037,1.0,0.02072538860103627,0.9947368421052631,3.6002389620999757,202,12,190,0.0594059405940594,1.0,3.4281044265547385,214,24,190,0.11214953271028037,1.0,3.6530387927407912,201,11,190,0.05472636815920398,1.0,3.4281044265547385,214,24,190,0.11214953271028037,1.0,1.84973
gaussian,gaussian,250,200,0.6,20,41,201,11,190,189,1,188,0.05472636815920398,1.0,0.005291005291005291,0.9894736842105263,211,21,190,191,2,189,0.0995260663507109,1.0,0.010471204188481676,0.9947368421052631,3.615438249282567,202,12,190,0.0594059405940594,1.0,3.4059271798648276,212,22,190,0.10377358490566038,1.0,3.6479248587798976,201,11,190,0.05472636815920398,1.0,3.426487761096168,210,20,190,0.09523809523809523,1.0,1.705032
gaussian,gaussian,250,200,0.6,20,42,201,11,190,190,0,190,0.05472636815920398,1.0,0.0,1.0,211,21,190,190,0,190,0.0995260663507109,1.0,0.0,1.0,3.635686080332765,201,11,190,0.05472636815920398,1.0,3.4397755262329066,211,21,190,0.0995260663507109,1.0,3.635686080332765,201,11,190,0.05472636815920398,1.0,3.4397755262329066,211,21,190,0.0995260663507109,1.0,1.791609
gaussian,gaussian,250,200,0.6,20,43,197,7,190,191,1,190,0.03553299492385787,1.0,0.005235602094240838,1.0,210,20,190,192,2,190,0.09523809523809523,1.0,0.010416666666666666,1.0,3.602932661997137,198,8,190,0.04040404040404041,1.0,3.4093031684069697,213,23,190,0.107981220657277,1.0,3.6519440483802077,196,6,190,0.030612244897959183,1.0,3.436993812470604,205,15,190,0.07317073170731707,1.0,1.594058
gaussian,gaussian,250,200,0.6,20,44,198,8,190,190,0,190,0.04040404040404041,1.0,0.0,1.0,208,18,190,190,0,190,0.08653846153846154,1.0,0.0,1.0,3.6067787823321504,199,9,190,0.04522613065326633,1.0,3.4068733851342725,209,19,190,0.09090909090909091,1.0,3.6582001297285127,196,6,190,0.030612244897959183,1.0,3.4442866927326046,208,18,190,0.08653846153846154,1.0,1.734064
gaussian,gaussian,250,200,0.6,20,45,202,12,190,192,2,190,0.0594059405940594,1.0,0.010416666666666666,1.0,210,20,190,193,3,190,0.09523809523809523,1.0,0.015544041450777202,1.0,3.697444690553255,201,11,190,0.05472636815920398,1.0,3.4019682952199086,211,21,190,0.0995260663507109,1.0,3.697444690553255,201,11,190,0.05472636815920398,1.0,3.4306233663648618,210,20,190,0.09523809523809523,1.0,1.84664
gaussian,gaussian,250,200,0.6,20,46,200,10,190,191,1,190,0.05,1.0,0.005235602094240838,1.0,207,17,190,191,1,190,0.0821256038647343,1.0,0.005235602094240838,1.0,3.646110758454144,201,11,190,0.05472636815920398,1.0,3.415917916508963,208,18,190,0.08653846153846154,1.0,3.646110758454144,201,11,190,0.05472636815920398,1.0,3.472360571633049,205,15,190,0.07317073170731707,1.0,1.79355
gaussian,gaussian,250,200,0.6,20,47,199,9,190,191,1,190,0.04522613065326633,1.0,0.005235602094240838,1.0,214,24,190,191,1,190,0.11214953271028037,1.0,0.005235602094240838,1.0,3.608310263362971,200,10,190,0.05,1.0,3.403985846501544,215,25,190,0.11627906976744186,1.0,3.6252302067058775,199,9,190,0.04522613065326633,1.0,3.4465951840342828,212,22,190,0.10377358490566038,1.0,1.706706
gaussian,gaussian,250,200,0.6,20,48,199,9,190,191,1,190,0.04522613065326633,1.0,0.005235602094240838,1.0,210,20,190,192,2,190,0.09523809523809523,1.0,0.010416666666666666,1.0,3.6248171914658776,200,10,190,0.05,1.0,3.3987854133201107,212,22,190,0.10377358490566038,1.0,3.6248171914658776,200,10,190,0.05,1.0,3.4287635741108686,209,19,190,0.09090909090909091,1.0,1.803864
gaussian,gaussian,250,200,0.6,20,49,194,4,190,189,0,189,0.020618556701030927,1.0,0.0,0.9947368421052631,204,14,190,191,1,190,0.06862745098039216,1.0,0.005235602094240838,1.0,3.6456257694361613,194,4,190,0.020618556701030927,1.0,3.436603725864318,204,14,190,0.06862745098039216,1.0,3.6456257694361613,194,4,190,0.020618556701030927,1.0,3.436603725864318,204,14,190,0.06862745098039216,1.0,1.684695
gaussian,gaussian,250,200,0.6,20,50,202,12,190,188,1,187,0.0594059405940594,1.0,0.005319148936170213,0.9842105263157894,220,30,190,190,2,188,0.13636363636363635,1.0,0.010526315789473684,0.9894736842105263,3.608237059311254,202,12,190,0.0594059405940594,1.0,3.392471941900296,219,29,190,0.1324200913242009,1.0,3.6347147408838483,201,11,190,0.05472636815920398,1.0,3.42047234083631,217,27,190,0.12442396313364056,1.0,1.622147
gaussian,gaussian,250,200,0.6,20,51,201,12,189,190,2,188,0.05970149253731343,0.9947368421052631,0.010526315789473684,0.9894736842105263,214,24,190,191,2,189,0.11214953271028037,1.0,0.010471204188481676,0.9947368421052631,3.646121155490351,202,12,190,0.0594059405940594,1.0,3.422814193975045,214,24,190,0.11214953271028037,1.0,3.646121155490351,202,12,190,0.0594059405940594,1.0,3.422814193975045,214,24,190,0.11214953271028037,1.0,1.886432
gaussian,gaussian,250,200,0.6,20,52,201,11,190,190,0,190,0.05472636815920398,1.0,0.0,1.0,211,21,190,191,1,190,0.0995260663507109,1.0,0.005235602094240838,1.0,3.615119346288594,199,9,190,0.04522613065326633,1.0,3.421612963476999,211,21,190,0.0995260663507109,1.0,3.6339134030968583,198,8,190,0.04040404040404041,1.0,3.421612963476999,211,21,190,0.0995260663507109,1.0,1.75934
gaussian,gaussian,250,200,0.6,20,53,198,8,190,191,1,190,0.04040404040404041,1.0,0.005235602094240838,1.0,213,23,190,192,2,190,0.107981220657277,1.0,0.010416666666666666,1.0,3.6717756235625476,198,8,190,0.04040404040404041,1.0,3.401032597658284,214,24,190,0.11214953271028037,1.0,3.6717756235625476,198,8,190,0.04040404040404041,1.0,3.433665460418452,212,22,190,0.10377358490566038,1.0,1.560188
gaussian,gaussian,250,200,0.6,20,54,197,7,190,190,0,190,0.03553299492385787,1.0,0.0,1.0,211,21,190,191,1,190,0.0995260663507109,1.0,0.005235602094240838,1.0,3.624553649416543,198,8,190,0.04040404040404041,1.0,3.43804512025593,212,22,190,0.10377358490566038,1.0,3.624553649416543,198,8,190,0.04040404040404041,1.0,3.43804512025593,212,22,190,0.10377358490566038,1.0,1.880984
gaussian,gaussian,250,200,0.6,20,55,204,14,190,185,1,184,0.06862745098039216,1.0,0.005405405405405406,0.968421052631579,212,22,190,188,2,186,0.10377358490566038,1.0,0.010638297872340425,0.9789473684210527,3.612810449145106,204,14,190,0.06862745098039216,1.0,3.4143140283909736,213,23,190,0.107981220657277,1.0,3.612810449145106,204,14,190,0.06862745098039216,1.0,3.4240091512403286,212,22,190,0.10377358490566038,1.0,1.605152
gaussian,gaussian,250,200,0.6,20,56,193,3,190,190,0,190,0.015544041450777202,1.0,0.0,1.0,211,21,190,190,0,190,0.0995260663507109,1.0,0.0,1.0,3.6539632681114615,193,3,190,0.015544041450777202,1.0,3.3992362104600686,212,22,190,0.10377358490566038,1.0,3.736001881660708,192,2,190,0.010416666666666666,1.0,3.448845575712337,205,15,190,0.07317073170731707,1.0,1.629929
gaussian,gaussian,250,200,0.6,20,57,205,15,190,190,0,190,0.07317073170731707,1.0,0.0,1.0,215,25,190,192,2,190,0.11627906976744186,1.0,0.010416666666666666,1.0,3.609702486602332,205,15,190,0.07317073170731707,1.0,3.4172646840298584,216,26,190,0.12037037037037036,1.0,3.615491808000672,204,14,190,0.06862745098039216,1.0,3.4172646840298584,216,26,190,0.12037037037037036,1.0,1.720589
gaussian,gaussian,250,200,0.6,20,58,206,16,190,187,2,185,0.07766990291262135,1.0,0.0106951871657754,0.9736842105263158,217,27,190,191,4,187,0.12442396313364056,1.0,0.020942408376963352,0.9842105263157894,3.608459665526995,206,16,190,0.07766990291262135,1.0,3.408141623811028,217,27,190,0.12442396313364056,1.0,3.608459665526995,206,16,190,0.07766990291262135,1.0,3.408141623811028,217,27,190,0.12442396313364056,1.0,1.890439
gaussian,gaussian,250,200,0.6,20,59,200,10,190,190,0,190,0.05,1.0,0.0,1.0,218,28,190,193,3,190,0.12844036697247707,1.0,0.015544041450777202,1.0,3.6041304692706495,200,10,190,0.05,1.0,3.3923885668393674,217,27,190,0.12442396313364056,1.0,3.6406442857301267,198,8,190,0.04040404040404041,1.0,3.4118128349947168,214,24,190,0.11214953271028037,1.0,1.640804
gaussian,gaussian,250,200,0.6,20,60,200,10,190,191,2,189,0.05,1.0,0.010471204188481676,0.9947368421052631,211,21,190,193,4,189,0.0995260663507109,1.0,0.02072538860103627,0.9947368421052631,3.6064191390657796,201,11,190,0.05472636815920398,1.0,3.4131133390396466,211,21,190,0.0995260663507109,1.0,3.61773267142463,200,10,190,0.05,1.0,3.4131133390396466,211,21,190,0.0995260663507109,1.0,1.742909
gaussian,gaussian,250,200,0.6,20,61,204,14,190,190,1,189,0.06862745098039216,1.0,0.005263157894736842,0.9947368421052631,215,25,190,191,1,190,0.11627906976744186,1.0,0.005235602094240838,1.0,3.595500905401637,203,13,190,0.06403940886699508,1.0,3.416578456033438,215,25,190,0.11627906976744186,1.0,3.685512726289432,200,10,190,0.05,1.0,3.416578456033438,215,25,190,0.11627906976744186,1.0,1.745442
gaussian,gaussian,250,200,0.6,20,62,195,5,190,191,1,190,0.02564102564102564,1.0,0.005235602094240838,1.0,205,15,190,191,1,190,0.07317073170731707,1.0,0.005235602094240838,1.0,3.6735339238956324,195,5,190,0.02564102564102564,1.0,3.4576688359010634,203,13,190,0.06403940886699508,1.0,3.6735339238956324,195,5,190,0.02564102564102564,1.0,3.4576688359010634,203,13,190,0.06403940886699508,1.0,1.571058
gaussian,gaussian,250,200,0.6,20,63,200,10,190,190,1,189,0.05,1.0,0.005263157894736842,0.9947368421052631,210,20,190,190,1,189,0.09523809523809523,1.0,0.005263157894736842,0.9947368421052631,3.5996624870502303,200,10,190,0.05,1.0,3.4468925164396023,210,20,190,0.09523809523809523,1.0,3.6392206645728455,198,8,190,0.04040404040404041,1.0,3.4468925164396023,210,20,190,0.09523809523809523,1.0,1.727119
gaussian,gaussian,250,200,0.6,20,64,205,15,190,188,1,187,0.07317073170731707,1.0,0.005319148936170213,0.9842105263157894,212,22,190,191,3,188,0.10377358490566038,1.0,0.015706806282722512,0.9894736842105263,3.6948318041780084,204,14,190,0.06862745098039216,1.0,3.403496672234741,212,22,190,0.10377358490566038,1.0,3.6948318041780084,204,14,190,0.06862745098039216,1.0,3.4268693177758105,211,21,190,0.0995260663507109,1.0,1.954989
gaussian,gaussian,250,200,0.6,20,65,199,9,190,190,1,189,0.04522613065326633,1.0,0.005263157894736842,0.9947368421052631,206,16,190,190,1,189,0.07766990291262135,1.0,0.005263157894736842,0.9947368421052631,3.622660258090988,199,9,190,0.04522613065326633,1.0,3.4102978319871444,211,21,190,0.0995260663507109,1.0,3.645939036704227,198,8,190,0.04040404040404041,1.0,3.439723698428619,206,16,190,0.07766990291262135,1.0,1.682691
gaussian,gaussian,250,200,0.6,20,66,197,7,190,191,1,190,0.03553299492385787,1.0,0.005235602094240838,1.0,211,21,190,192,2,190,0.0995260663507109,1.0,0.010416666666666666,1.0,3.6003319167045857,199,9,190,0.04522613065326633,1.0,3.398442145487787,214,24,190,0.11214953271028037,1.0,3.6133334386897666,198,8,190,0.04040404040404041,1.0,3.419573302949102,212,22,190,0.10377358490566038,1.0,1.72798
gaussian,gaussian,250,200,0.6,20,67,198,11,187,185,0,185,0.05555555555555555,0.9842105263157894,0.0,0.9736842105263158,213,23,190,186,1,185,0.107981220657277,1.0,0.005376344086021506,0.9736842105263158,3.6010981646849016,200,10,190,0.05,1.0,3.3996264979925126,214,24,190,0.11214953271028037,1.0,3.650877183613688,199,9,190,0.04522613065326633,1.0,3.4226522720735733,213,23,190,0.107981220657277,1.0,1.670906
gaussian,gaussian,250,200,0.6,20,68,201,11,190,191,1,190,0.05472636815920398,1.0,0.005235602094240838,1.0,210,20,190,192,2,190,0.09523809523809523,1.0,0.010416666666666666,1.0,3.7060611648210586,202,12,190,0.0594059405940594,1.0,3.4343794671209045,211,21,190,0.0995260663507109,1.0,3.7060611648210586,202,12,190,0.0594059405940594,1.0,3.4343794671209045,211,21,190,0.0995260663507109,1.0,1.625155
gaussian,gaussian,250,200,0.6,20,69,203,13,190,191,1,190,0.06403940886699508,1.0,0.005235602094240838,1.0,218,28,190,191,1,190,0.12844036697247707,1.0,0.005235602094240838,1.0,3.6203431151574548,202,12,190,0.0594059405940594,1.0,3.388894407263417,220,30,190,0.13636363636363635,1.0,3.6203431151574548,202,12,190,0.0594059405940594,1.0,3.4158434793552046,216,26,190,0.12037037037037036,1.0,1.64101
gaussian,gaussian,250,200,0.6,20,70,201,11,190,190,0,190,0.05472636815920398,1.0,0.0,1.0,212,22,190,191,1,190,0.10377358490566038,1.0,0.005235602094240838,1.0,3.6303804256294185,201,11,190,0.05472636815920398,1.0,3.40433286686023,212,22,190,0.10377358490566038,1.0,3.6303804256294185,201,11,190,0.05472636815920398,1.0,3.421743971871677,211,21,190,0.0995260663507109,1.0,1.913118
gaussian,gaussian,250,200,0.6,20,71,203,13,190,192,2,190,0.06403940886699508,1.0,0.010416666666666666,1.0,220,30,190,192,2,190,0.13636363636363635,1.0,0.010416666666666666,1.0,3.6304090238099085,203,13,190,0.06403940886699508,1.0,3.383511911888965,223,33,190,0.14798206278026907,1.0,3.6889151881543376,202,12,190,0.0594059405940594,1.0,3.4334296304231358,219,29,190,0.1324200913242009,1.0,1.598931
gaussian,gaussian,250,200,0.6,20,72,206,16,190,191,2,189,0.07766990291262135,1.0,0.010471204188481676,0.9947368421052631,218,28,190,192,2,190,0.12844036697247707,1.0,0.010416666666666666,1.0,3.6070096742665188,206,16,190,0.07766990291262135,1.0,3.399196457975805,219,29,190,0.1324200913242009,1.0,3.678137387781142,204,14,190,0.06862745098039216,1.0,3.431038700067431,217,27,190,0.12442396313364056,1.0,1.725228
gaussian,gaussian,250,200,0.6,20,73,207,17,190,190,1,189,0.0821256038647343,1.0,0.005263157894736842,0.9947368421052631,224,34,190,192,2,190,0.15178571428571427,1.0,0.010416666666666666,1.0,3.596914590703425,206,16,190,0.07766990291262135,1.0,3.3882698063314787,224,34,190,0.15178571428571427,1.0,3.627704751617638,204,14,190,0.06862745098039216,1.0,3.4333974988894207,221,31,190,0.14027149321266968,1.0,1.593076
gaussian,gaussian,250,200,0.6,20,74,201,11,190,193,3,190,0.05472636815920398,1.0,0.015544041450777202,1.0,213,23,190,193,3,190,0.107981220657277,1.0,0.015544041450777202,1.0,3.5962474898815433,201,11,190,0.05472636815920398,1.0,3.396449059561665,213,23,190,0.107981220657277,1.0,3.698467809383822,200,10,190,0.05,1.0,3.436270211750101,212,22,190,0.10377358490566038,1.0,1.770185
gaussian,gaussian,250,200,0.6,20,75,198,8,190,190,0,190,0.04040404040404041,1.0,0.0,1.0,205,15,190,190,0,190,0.07317073170731707,1.0,0.0,1.0,3.6183315546558235,198,8,190,0.04040404040404041,1.0,3.423840563982292,204,14,190,0.06862745098039216,1.0,3.634839686187605,196,6,190,0.030612244897959183,1.0,3.4694133396881277,202,12,190,0.0594059405940594,1.0,1.767915
gaussian,gaussian,250,200,0.6,20,76,194,6,188,188,0,188,0.030927835051546393,0.9894736842105263,0.0,0.9894736842105263,212,22,190,188,0,188,0.10377358490566038,1.0,0.0,0.9894736842105263,3.6541260286152912,196,6,190,0.030612244897959183,1.0,3.406180092005858,213,23,190,0.107981220657277,1.0,3.6541260286152912,196,6,190,0.030612244897959183,1.0,3.442074123887538,212,22,190,0.10377358490566038,1.0,1.755913
gaussian,gaussian,250,200,0.6,20,77,197,7,190,191,1,190,0.03553299492385787,1.0,0.005235602094240838,1.0,209,19,190,191,1,190,0.09090909090909091,1.0,0.005235602094240838,1.0,3.6684125351859302,197,7,190,0.03553299492385787,1.0,3.406841257479,209,19,190,0.09090909090909091,1.0,3.6684125351859302,197,7,190,0.03553299492385787,1.0,3.428235239771888,207,17,190,0.0821256038647343,1.0,1.809699
gaussian,gaussian,250,200,0.6,20,78,204,14,190,192,3,189,0.06862745098039216,1.0,0.015625,0.9947368421052631,213,23,190,193,3,190,0.107981220657277,1.0,0.015544041450777202,1.0,3.641613673044764,204,14,190,0.06862745098039216,1.0,3.4057177233535634,213,23,190,0.107981220657277,1.0,3.641613673044764,204,14,190,0.06862745098039216,1.0,3.4306040869962704,211,21,190,0.0995260663507109,1.0,1.652961
gaussian,gaussian,250,200,0.6,20,79,199,9,190,190,0,190,0.04522613065326633,1.0,0.0,1.0,206,16,190,190,0,190,0.07766990291262135,1.0,0.0,1.0,3.61146809478785,200,10,190,0.05,1.0,3.4133535500207697,209,19,190,0.09090909090909091,1.0,3.6682368818541042,198,8,190,0.04040404040404041,1.0,3.450274762923043,207,17,190,0.0821256038647343,1.0,1.654571
gaussian,gaussian,250,200,0.6,20,80,199,9,190,190,0,190,0.04522613065326633,1.0,0.0,1.0,201,11,190,190,0,190,0.05472636815920398,1.0,0.0,1.0,3.600327910478887,199,9,190,0.04522613065326633,1.0,3.4582642095889935,201,11,190,0.05472636815920398,1.0,3.6281251017052334,197,7,190,0.03553299492385787,1.0,3.4582642095889935,201,11,190,0.05472636815920398,1.0,1.708947
gaussian,gaussian,250,200,0.6,20,81,207,17,190,191,1,190,0.0821256038647343,1.0,0.005235602094240838,1.0,218,28,190,191,1,190,0.12844036697247707,1.0,0.005235602094240838,1.0,3.61065699171505,203,13,190,0.06403940886699508,1.0,3.3946470907113113,217,27,190,0.12442396313364056,1.0,3.61065699171505,203,13,190,0.06403940886699508,1.0,3.4030531483054625,215,25,190,0.11627906976744186,1.0,1.767114
gaussian,gaussian,250,200,0.6,20,82,204,14,190,193,3,190,0.06862745098039216,1.0,0.015544041450777202,1.0,215,25,190,193,3,190,0.11627906976744186,1.0,0.015544041450777202,1.0,3.6034138442707957,201,11,190,0.05472636815920398,1.0,3.4058986794685477,214,24,190,0.11214953271028037,1.0,3.6167887416868854,200,10,190,0.05,1.0,3.4058986794685477,214,24,190,0.11214953271028037,1.0,1.800099
gaussian,gaussian,250,200,0.6,20,83,208,19,189,191,3,188,0.09134615384615384,0.9947368421052631,0.015706806282722512,0.9894736842105263,229,40,189,194,5,189,0.17467248908296942,0.9947368421052631,0.02577319587628866,0.9947368421052631,3.590318613077941,208,19,189,0.09134615384615384,0.9947368421052631,3.380003800412593,231,41,190,0.1774891774891775,1.0,3.6126678630298845,206,17,189,0.0825242718446602,0.9947368421052631,3.3923351931485572,229,39,190,0.1703056768558952,1.0,1.69398
gaussian,gaussian,250,200,0.6,20,84,199,9,190,191,1,190,0.04522613065326633,1.0,0.005235602094240838,1.0,207,17,190,191,1,190,0.0821256038647343,1.0,0.005235602094240838,1.0,3.631119847013035,199,9,190,0.04522613065326633,1.0,3.460934277534737,207,17,190,0.0821256038647343,1.0,3.656504006497159,197,7,190,0.03553299492385787,1.0,3.460934277534737,207,17,190,0.0821256038647343,1.0,1.72412
gaussian,gaussian,250,200,0.6,20,85,207,17,190,192,2,190,0.0821256038647343,1.0,0.010416666666666666,1.0,227,37,190,193,3,190,0.16299559471365638,1.0,0.015544041450777202,1.0,3.6063784955462257,207,17,190,0.0821256038647343,1.0,3.3833317309561917,228,38,190,0.16666666666666666,1.0,3.6502605843282403,204,14,190,0.06862745098039216,1.0,3.410932630277692,226,36,190,0.1592920353982301,1.0,1.606516
gaussian,gaussian,250,200,0.6,20,86,203,13,190,192,2,190,0.06403940886699508,1.0,0.010416666666666666,1.0,214,24,190,193,3,190,0.11214953271028037,1.0,0.015544041450777202,1.0,3.6054353162524557,202,12,190,0.0594059405940594,1.0,3.4058068545861926,213,23,190,0.107981220657277,1.0,3.701620549593877,200,10,190,0.05,1.0,3.4261764545888496,212,22,190,0.10377358490566038,1.0,1.709811
gaussian,gaussian,250,200,0.6,20,87,206,16,190,192,3,189,0.07766990291262135,1.0,0.015625,0.9947368421052631,220,30,190,194,4,190,0.13636363636363635,1.0,0.020618556701030927,1.0,3.60098082236385,205,15,190,0.07317073170731707,1.0,3.396272202979495,219,29,190,0.1324200913242009,1.0,3.626209970040419,204,14,190,0.06862745098039216,1.0,3.41655220684552,217,27,190,0.12442396313364056,1.0,1.82423
gaussian,gaussian,250,200,0.6,20,88,201,11,190,191,1,190,0.05472636815920398,1.0,0.005235602094240838,1.0,210,20,190,192,2,190,0.09523809523809523,1.0,0.010416666666666666,1.0,3.611797852210964,201,11,190,0.05472636815920398,1.0,3.418436078104897,211,21,190,0.0995260663507109,1.0,3.6793077167590917,199,9,190,0.04522613065326633,1.0,3.462079211466648,210,20,190,0.09523809523809523,1.0,1.81272
gaussian,gaussian,250,200,0.6,20,89,199,9,190,190,1,189,0.04522613065326633,1.0,0.005263157894736842,0.9947368421052631,207,17,190,191,1,190,0.0821256038647343,1.0,0.005235602094240838,1.0,3.663970461726473,199,9,190,0.04522613065326633,1.0,3.432695639807909,207,17,190,0.0821256038647343,1.0,3.663970461726473,199,9,190,0.04522613065326633,1.0,3.432695639807909,207,17,190,0.0821256038647343,1.0,1.653436
gaussian,gaussian,250,200,0.6,20,90,198,8,190,187,0,187,0.04040404040404041,1.0,0.0,0.9842105263157894,207,17,190,189,1,188,0.0821256038647343,1.0,0.005291005291005291,0.9894736842105263,3.6086424081170754,199,9,190,0.04522613065326633,1.0,3.4021093739238073,209,19,190,0.09090909090909091,1.0,3.644073443937545,197,7,190,0.03553299492385787,1.0,3.441298046034425,208,18,190,0.08653846153846154,1.0,1.937339
gaussian,gaussian,250,200,0.6,20,91,194,4,190,190,0,190,0.020618556701030927,1.0,0.0,1.0,208,18,190,190,0,190,0.08653846153846154,1.0,0.0,1.0,3.6242918747945696,194,4,190,0.020618556701030927,1.0,3.423533360174833,206,16,190,0.07766990291262135,1.0,3.6242918747945696,194,4,190,0.020618556701030927,1.0,3.423533360174833,206,16,190,0.07766990291262135,1.0,1.665141
gaussian,gaussian,250,200,0.6,20,92,201,11,190,191,3,188,0.05472636815920398,1.0,0.015706806282722512,0.9894736842105263,213,23,190,192,3,189,0.107981220657277,1.0,0.015625,0.9947368421052631,3.6040019795082503,202,12,190,0.0594059405940594,1.0,3.4106312937184504,212,22,190,0.10377358490566038,1.0,3.634910241808281,201,11,190,0.05472636815920398,1.0,3.4436710929030383,210,20,190,0.09523809523809523,1.0,1.651942
gaussian,gaussian,250,200,0.6,20,93,199,9,190,192,2,190,0.04522613065326633,1.0,0.010416666666666666,1.0,205,15,190,193,3,190,0.07317073170731707,1.0,0.015544041450777202,1.0,3.6377739844303507,199,9,190,0.04522613065326633,1.0,3.427584435475093,205,15,190,0.07317073170731707,1.0,3.6588958143724,198,8,190,0.04040404040404041,1.0,3.47192712210097,204,14,190,0.06862745098039216,1.0,1.788665
gaussian,gaussian,250,200,0.6,20,94,205,15,190,192,2,190,0.07317073170731707,1.0,0.010416666666666666,1.0,219,29,190,194,4,190,0.1324200913242009,1.0,0.020618556701030927,1.0,3.620384258136975,205,15,190,0.07317073170731707,1.0,3.3919589445393297,219,29,190,0.1324200913242009,1.0,3.67940390652322,203,13,190,0.06403940886699508,1.0,3.4364067084510865,213,23,190,0.107981220657277,1.0,1.724974
gaussian,gaussian,250,200,0.6,20,95,201,11,190,190,0,190,0.05472636815920398,1.0,0.0,1.0,211,21,190,190,0,190,0.0995260663507109,1.0,0.0,1.0,3.6130413022469208,200,10,190,0.05,1.0,3.402127557951421,210,20,190,0.09523809523809523,1.0,3.638442480531774,199,9,190,0.04522613065326633,1.0,3.440370873180795,208,18,190,0.08653846153846154,1.0,1.782135
gaussian,gaussian,250,200,0.6,20,96,201,11,190,189,2,187,0.05472636815920398,1.0,0.010582010582010581,0.9842105263157894,208,18,190,193,4,189,0.08653846153846154,1.0,0.02072538860103627,0.9947368421052631,3.61755290773011,201,11,190,0.05472636815920398,1.0,3.4079611441036497,208,18,190,0.08653846153846154,1.0,3.61755290773011,201,11,190,0.05472636815920398,1.0,3.4240318473178104,207,17,190,0.0821256038647343,1.0,1.712593
gaussian,gaussian,250,200,0.6,20,97,203,13,190,193,3,190,0.06403940886699508,1.0,0.015544041450777202,1.0,212,22,190,194,4,190,0.10377358490566038,1.0,0.020618556701030927,1.0,3.6096777336705443,202,12,190,0.0594059405940594,1.0,3.4024739393261436,213,23,190,0.107981220657277,1.0,3.6443557354764824,201,11,190,0.05472636815920398,1.0,3.439243894334477,209,19,190,0.09090909090909091,1.0,1.65122
gaussian,gaussian,250,200,0.6,20,98,204,14,190,191,1,190,0.06862745098039216,1.0,0.005235602094240838,1.0,218,28,190,191,1,190,0.12844036697247707,1.0,0.005235602094240838,1.0,3.6028229957089137,204,14,190,0.06862745098039216,1.0,3.3983788901919776,218,28,190,0.12844036697247707,1.0,3.648322959095848,203,13,190,0.06403940886699508,1.0,3.415421334588953,216,26,190,0.12037037037037036,1.0,1.692485
gaussian,gaussian,250,200,0.6,20,99,200,10,190,189,0,189,0.05,1.0,0.0,0.9947368421052631,215,25,190,191,1,190,0.11627906976744186,1.0,0.005235602094240838,1.0,3.621583377728382,200,10,190,0.05,1.0,3.4012594309383077,216,26,190,0.12037037037037036,1.0,3.621583377728382,200,10,190,0.05,1.0,3.440530215232542,214,24,190,0.11214953271028037,1.0,1.778812
gaussian,gaussian,250,200,0.6,20,100,206,16,190,192,2,190,0.07766990291262135,1.0,0.010416666666666666,1.0,216,26,190,193,3,190,0.12037037037037036,1.0,0.015544041450777202,1.0,3.597660153094123,206,16,190,0.07766990291262135,1.0,3.4214754476443963,216,26,190,0.12037037037037036,1.0,3.6250798327849565,205,15,190,0.07317073170731707,1.0,3.4214754476443963,216,26,190,0.12037037037037036,1.0,1.907666
gaussian,gaussian,250,200,0.6,20,101,205,15,190,193,3,190,0.07317073170731707,1.0,0.015544041450777202,1.0,217,27,190,194,4,190,0.12442396313364056,1.0,0.020618556701030927,1.0,3.610316562335473,205,15,190,0.07317073170731707,1.0,3.387351191119706,222,32,190,0.14414414414414414,1.0,3.708155492610545,203,13,190,0.06403940886699508,1.0,3.434650168925497,215,25,190,0.11627906976744186,1.0,1.65457
gaussian,gaussian,250,200,0.6,20,102,199,9,190,191,1,190,0.04522613065326633,1.0,0.005235602094240838,1.0,209,19,190,192,2,190,0.09090909090909091,1.0,0.010416666666666666,1.0,3.618599103546264,199,9,190,0.04522613065326633,1.0,3.406878079989611,210,20,190,0.09523809523809523,1.0,3.663444083621144,198,8,190,0.04040404040404041,1.0,3.4405071354050327,207,17,190,0.0821256038647343,1.0,1.702131
gaussian,gaussian,250,200,0.6,20,103,198,8,190,190,0,190,0.04040404040404041,1.0,0.0,1.0,212,22,190,193,3,190,0.10377358490566038,1.0,0.015544041450777202,1.0,3.640981038572199,199,9,190,0.04522613065326633,1.0,3.400167800366171,211,21,190,0.0995260663507109,1.0,3.640981038572199,199,9,190,0.04522613065326633,1.0,3.4176090913173818,208,18,190,0.08653846153846154,1.0,1.642604
gaussian,gaussian,250,200,0.6,20,104,199,9,190,190,0,190,0.04522613065326633,1.0,0.0,1.0,214,24,190,191,1,190,0.11214953271028037,1.0,0.005235602094240838,1.0,3.623982834491633,201,11,190,0.05472636815920398,1.0,3.4169877322520468,214,24,190,0.11214953271028037,1.0,3.6415585519314106,200,10,190,0.05,1.0,3.4379916543489593,213,23,190,0.107981220657277,1.0,1.740198
gaussian,gaussian,250,200,0.6,20,105,197,7,190,190,0,190,0.03553299492385787,1.0,0.0,1.0,209,19,190,192,2,190,0.09090909090909091,1.0,0.010416666666666666,1.0,3.624147264870585,197,7,190,0.03553299492385787,1.0,3.415828345873389,208,18,190,0.08653846153846154,1.0,3.649429436289778,196,6,190,0.030612244897959183,1.0,3.415828345873389,208,18,190,0.08653846153846154,1.0,1.737263
gaussian,gaussian,250,200,0.6,20,106,197,7,190,190,0,190,0.03553299492385787,1.0,0.0,1.0,212,22,190,191,1,190,0.10377358490566038,1.0,0.005235602094240838,1.0,3.626383937400698,197,7,190,0.03553299492385787,1.0,3.3982639749420804,212,22,190,0.10377358490566038,1.0,3.673027191440326,196,6,190,0.030612244897959183,1.0,3.4370414110449583,210,20,190,0.09523809523809523,1.0,1.861717
gaussian,gaussian,250,200,0.6,20,107,196,6,190,191,1,190,0.030612244897959183,1.0,0.005235602094240838,1.0,205,15,190,192,2,190,0.07317073170731707,1.0,0.010416666666666666,1.0,3.67387294910744,196,6,190,0.030612244897959183,1.0,3.4132022323194104,207,17,190,0.0821256038647343,1.0,3.67387294910744,196,6,190,0.030612244897959183,1.0,3.4684978441359533,204,14,190,0.06862745098039216,1.0,1.762137
gaussian,gaussian,250,200,0.6,20,108,204,14,190,189,0,189,0.06862745098039216,1.0,0.0,0.9947368421052631,217,27,190,190,1,189,0.12442396313364056,1.0,0.005263157894736842,0.9947368421052631,3.6114840268524864,204,14,190,0.06862745098039216,1.0,3.414344315478445,216,26,190,0.12037037037037036,1.0,3.6114840268524864,204,14,190,0.06862745098039216,1.0,3.414344315478445,216,26,190,0.12037037037037036,1.0,1.574295
gaussian,gaussian,250,200,0.6,20,109,197,7,190,191,3,188,0.03553299492385787,1.0,0.015706806282722512,0.9894736842105263,206,16,190,192,3,189,0.07766990291262135,1.0,0.015625,0.9947368421052631,3.6081447609659874,198,8,190,0.04040404040404041,1.0,3.460985176877462,207,17,190,0.0821256038647343,1.0,3.6662143576107082,197,7,190,0.03553299492385787,1.0,3.460985176877462,207,17,190,0.0821256038647343,1.0,1.777763
gaussian,gaussian,250,200,0.6,20,110,198,8,190,188,0,188,0.04040404040404041,1.0,0.0,0.9894736842105263,208,18,190,189,0,189,0.08653846153846154,1.0,0.0,0.9947368421052631,3.700237177620763,197,7,190,0.03553299492385787,1.0,3.41655765721477,207,17,190,0.0821256038647343,1.0,3.700237177620763,197,7,190,0.03553299492385787,1.0,3.41655765721477,207,17,190,0.0821256038647343,1.0,1.727325
gaussian,gaussian,250,200,0.6,20,111,201,11,190,189,0,189,0.05472636815920398,1.0,0.0,0.9947368421052631,217,27,190,189,0,189,0.12442396313364056,1.0,0.0,0.9947368421052631,3.6073057486936912,201,11,190,0.05472636815920398,1.0,3.408769954996485,214,24,190,0.11214953271028037,1.0,3.6281878675024304,199,9,190,0.04522613065326633,1.0,3.408769954996485,214,24,190,0.11214953271028037,1.0,1.651473
gaussian,gaussian,250,200,0.6,20,112,206,16,190,191,1,190,0.07766990291262135,1.0,0.005235602094240838,1.0,219,29,190,194,4,190,0.1324200913242009,1.0,0.020618556701030927,1.0,3.6017217305616476,206,16,190,0.07766990291262135,1.0,3.384467661073986,222,32,190,0.14414414414414414,1.0,3.626355306715794,203,13,190,0.06403940886699508,1.0,3.41915131300147,217,27,190,0.12442396313364056,1.0,1.892148
gaussian,gaussian,250,200,0.6,20,113,203,13,190,189,0,189,0.06403940886699508,1.0,0.0,0.9947368421052631,215,25,190,191,1,190,0.11627906976744186,1.0,0.005235602094240838,1.0,3.5936996371413086,204,14,190,0.06862745098039216,1.0,3.3941318390733963,216,26,190,0.12037037037037036,1.0,3.7022935995854738,199,9,190,0.04522613065326633,1.0,3.4230465718992305,212,22,190,0.10377358490566038,1.0,1.672252
gaussian,gaussian,250,200,0.6,20,114,192,2,190,191,1,190,0.010416666666666666,1.0,0.005235602094240838,1.0,207,17,190,191,1,190,0.0821256038647343,1.0,0.005235602094240838,1.0,3.610734602348605,194,4,190,0.020618556701030927,1.0,3.4168318026316618,206,16,190,0.07766990291262135,1.0,3.950332839216522,193,3,190,0.015544041450777202,1.0,3.442902939071759,204,14,190,0.06862745098039216,1.0,1.624964
gaussian,gaussian,250,200,0.6,20,115,200,10,190,190,0,190,0.05,1.0,0.0,1.0,206,16,190,191,1,190,0.07766990291262135,1.0,0.005235602094240838,1.0,3.6279335856632224,199,9,190,0.04522613065326633,1.0,3.4249846843548606,206,16,190,0.07766990291262135,1.0,3.697456309448555,197,7,190,0.03553299492385787,1.0,3.457588419968744,205,15,190,0.07317073170731707,1.0,1.633527
gaussian,gaussian,250,200,0.6,20,116,197,8,189,187,1,186,0.04060913705583756,0.9947368421052631,0.0053475935828877,0.9789473684210527,208,19,189,189,2,187,0.09134615384615384,0.9947368421052631,0.010582010582010581,0.9842105263157894,3.6113532275969926,197,7,190,0.03553299492385787,1.0,3.3958224652332665,214,24,190,0.11214953271028037,1.0,3.6678810921139657,195,5,190,0.02564102564102564,1.0,3.4401610804028504,209,19,190,0.09090909090909091,1.0,1.910074
gaussian,gaussian,250,200,0.6,20,117,200,10,190,192,3,189,0.05,1.0,0.015625,0.9947368421052631,214,24,190,194,4,190,0.11214953271028037,1.0,0.020618556701030927,1.0,3.6028637771389582,200,10,190,0.05,1.0,3.395461764288383,216,26,190,0.12037037037037036,1.0,3.683062016022726,199,9,190,0.04522613065326633,1.0,3.416531799857348,213,23,190,0.107981220657277,1.0,1.594925
gaussian,gaussian,250,200,0.6,20,118,200,10,190,187,1,186,0.05,1.0,0.0053475935828877,0.9789473684210527,207,17,190,189,1,188,0.0821256038647343,1.0,0.005291005291005291,0.9894736842105263,3.6159939000742325,199,9,190,0.04522613065326633,1.0,3.413316751348405,207,17,190,0.0821256038647343,1.0,3.666804246727823,198,8,190,0.04040404040404041,1.0,3.432420583773333,205,15,190,0.07317073170731707,1.0,1.845038
gaussian,gaussian,250,200,0.6,20,119,198,10,188,189,2,187,0.050505050505050504,0.9894736842105263,0.010582010582010581,0.9842105263157894,205,15,190,191,4,187,0.07317073170731707,1.0,0.020942408376963352,0.9842105263157894,3.701751645812059,199,9,190,0.04522613065326633,1.0,3.461991546009803,203,13,190,0.06403940886699508,1.0,3.701751645812059,199,9,190,0.04522613065326633,1.0,3.461991546009803,203,13,190,0.06403940886699508,1.0,1.858957
gaussian,gaussian,250,200,0.6,20,120,210,20,190,192,2,190,0.09523809523809523,1.0,0.010416666666666666,1.0,223,33,190,195,5,190,0.14798206278026907,1.0,0.02564102564102564,1.0,3.594776256542956,209,19,190,0.09090909090909091,1.0,3.382563991891271,225,35,190,0.15555555555555556,1.0,3.6266081320801304,208,18,190,0.08653846153846154,1.0,3.408138243905641,223,33,190,0.14798206278026907,1.0,1.634824
gaussian,gaussian,250,200,0.6,20,121,201,11,190,192,2,190,0.05472636815920398,1.0,0.010416666666666666,1.0,211,21,190,194,4,190,0.0995260663507109,1.0,0.020618556701030927,1.0,3.606547245360386,202,12,190,0.0594059405940594,1.0,3.4069620299643217,212,22,190,0.10377358490566038,1.0,3.6457533855196256,200,10,190,0.05,1.0,3.4360721847596265,209,19,190,0.09090909090909091,1.0,1.651261
gaussian,gaussian,250,200,0.6,20,122,205,15,190,192,2,190,0.07317073170731707,1.0,0.010416666666666666,1.0,219,29,190,196,6,190,0.1324200913242009,1.0,0.030612244897959183,1.0,3.644669175110669,206,16,190,0.07766990291262135,1.0,3.3967427533028833,219,29,190,0.1324200913242009,1.0,3.644669175110669,206,16,190,0.07766990291262135,1.0,3.409193197737733,218,28,190,0.12844036697247707,1.0,1.767246
gaussian,gaussian,250,200,0.6,20,123,199,9,190,190,0,190,0.04522613065326633,1.0,0.0,1.0,209,19,190,190,0,190,0.09090909090909091,1.0,0.0,1.0,3.6250599116040916,199,9,190,0.04522613065326633,1.0,3.4094406718565256,211,21,190,0.0995260663507109,1.0,3.6491951866604544,198,8,190,0.04040404040404041,1.0,3.435298581250791,207,17,190,0.0821256038647343,1.0,1.677005
gaussian,gaussian,250,200,0.6,20,124,205,15,190,191,1,190,0.07317073170731707,1.0,0.005235602094240838,1.0,219,29,190,193,3,190,0.1324200913242009,1.0,0.015544041450777202,1.0,3.6041265911271303,205,15,190,0.07317073170731707,1.0,3.385293715158564,223,33,190,0.14798206278026907,1.0,3.6414648904695905,202,12,190,0.0594059405940594,1.0,3.432137045855638,217,27,190,0.12442396313364056,1.0,1.727825
gaussian,gaussian,250,200,0.6,20,125,202,12,190,191,2,189,0.0594059405940594,1.0,0.010471204188481676,0.9947368421052631,213,23,190,193,4,189,0.107981220657277,1.0,0.02072538860103627,0.9947368421052631,3.652133500174999,201,11,190,0.05472636815920398,1.0,3.3969053094646733,214,24,190,0.11214953271028037,1.0,3.652133500174999,201,11,190,0.05472636815920398,1.0,3.4226539073609508,213,23,190,0.107981220657277,1.0,1.943854
gaussian,gaussian,250,200,0.6,20,126,205,15,190,190,0,190,0.07317073170731707,1.0,0.0,1.0,213,23,190,190,0,190,0.107981220657277,1.0,0.0,1.0,3.5926640104285728,205,15,190,0.07317073170731707,1.0,3.477974962627292,212,22,190,0.10377358490566038,1.0,3.5926640104285728,205,15,190,0.07317073170731707,1.0,3.477974962627292,212,22,190,0.10377358490566038,1.0,1.634962
gaussian,gaussian,250,200,0.6,20,127,203,13,190,190,1,189,0.06403940886699508,1.0,0.005263157894736842,0.9947368421052631,211,21,190,192,2,190,0.0995260663507109,1.0,0.010416666666666666,1.0,3.6189290441901223,205,15,190,0.07317073170731707,1.0,3.394325668055687,216,26,190,0.12037037037037036,1.0,3.6888807588288666,203,13,190,0.06403940886699508,1.0,3.445639191053508,212,22,190,0.10377358490566038,1.0,1.587024
gaussian,gaussian,250,200,0.6,20,128,199,9,190,189,0,189,0.04522613065326633,1.0,0.0,0.9947368421052631,209,19,190,189,0,189,0.09090909090909091,1.0,0.0,0.9947368421052631,3.632823709028481,199,9,190,0.04522613065326633,1.0,3.4009719013469644,210,20,190,0.09523809523809523,1.0,3.632823709028481,199,9,190,0.04522613065326633,1.0,3.4227164665079433,209,19,190,0.09090909090909091,1.0,1.817746
gaussian,gaussian,250,200,0.6,20,129,206,17,189,189,2,187,0.0825242718446602,0.9947368421052631,0.010582010582010581,0.9842105263157894,220,30,190,193,4,189,0.13636363636363635,1.0,0.02072538860103627,0.9947368421052631,3.641407487699652,207,17,190,0.0821256038647343,1.0,3.4014836656353125,219,29,190,0.1324200913242009,1.0,3.641407487699652,207,17,190,0.0821256038647343,1.0,3.436068269293622,214,24,190,0.11214953271028037,1.0,1.658787
gaussian,gaussian,250,200,0.6,20,130,198,10,188,189,2,187,0.050505050505050504,0.9894736842105263,0.010582010582010581,0.9842105263157894,216,27,189,189,2,187,0.125,0.9947368421052631,0.010582010582010581,0.9842105263157894,3.599368127247293,200,11,189,0.055,0.9947368421052631,3.396953228575178,217,27,190,0.12442396313364056,1.0,3.6537142348809435,197,8,189,0.04060913705583756,0.9947368421052631,3.442485596134691,213,23,190,0.107981220657277,1.0,1.913068
gaussian,gaussian,250,200,0.6,20,131,200,10,190,193,3,190,0.05,1.0,0.015544041450777202,1.0,209,19,190,194,4,190,0.09090909090909091,1.0,0.020618556701030927,1.0,3.6155629004695893,200,10,190,0.05,1.0,3.416737598642564,208,18,190,0.08653846153846154,1.0,3.6155629004695893,200,10,190,0.05,1.0,3.4289464153257954,207,17,190,0.0821256038647343,1.0,1.631746
gaussian,gaussian,250,200,0.6,20,132,199,11,188,188,3,185,0.05527638190954774,0.9894736842105263,0.015957446808510637,0.9736842105263158,211,22,189,192,5,187,0.10426540284360189,0.9947368421052631,0.026041666666666668,0.9842105263157894,3.6233580073098675,200,11,189,0.055,0.9947368421052631,3.4437040069452647,211,22,189,0.10426540284360189,0.9947368421052631,3.6233580073098675,200,11,189,0.055,0.9947368421052631,3.4437040069452647,211,22,189,0.10426540284360189,0.9947368421052631,1.765487
gaussian,gaussian,250,200,0.6,20,133,197,7,190,189,0,189,0.03553299492385787,1.0,0.0,0.9947368421052631,210,20,190,190,0,190,0.09523809523809523,1.0,0.0,1.0,3.6494389400634,197,7,190,0.03553299492385787,1.0,3.422531433878388,210,20,190,0.09523809523809523,1.0,3.769796601042388,195,5,190,0.02564102564102564,1.0,3.446451721207751,207,17,190,0.0821256038647343,1.0,1.615265
gaussian,gaussian,250,200,0.6,20,134,197,7,190,190,0,190,0.03553299492385787,1.0,0.0,1.0,211,21,190,191,1,190,0.0995260663507109,1.0,0.005235602094240838,1.0,3.6474677356321044,197,7,190,0.03553299492385787,1.0,3.415522640328259,211,21,190,0.0995260663507109,1.0,3.6474677356321044,197,7,190,0.03553299492385787,1.0,3.4288068598784993,210,20,190,0.09523809523809523,1.0,1.799964
gaussian,gaussian,250,200,0.6,20,135,201,11,190,191,1,190,0.05472636815920398,1.0,0.005235602094240838,1.0,209,19,190,192,2,190,0.09090909090909091,1.0,0.010416666666666666,1.0,3.6462286918060443,201,11,190,0.05472636815920398,1.0,3.4452817038651364,209,19,190,0.09090909090909091,1.0,3.6462286918060443,201,11,190,0.05472636815920398,1.0,3.4452817038651364,209,19,190,0.09090909090909091,1.0,1.785518
gaussian,gaussian,250,200,0.6,20,136,205,15,190,191,2,189,0.07317073170731707,1.0,0.010471204188481676,0.9947368421052631,220,30,190,192,3,189,0.13636363636363635,1.0,0.015625,0.9947368421052631,3.6135514245884397,205,15,190,0.07317073170731707,1.0,3.387894560776684,221,31,190,0.14027149321266968,1.0,3.640708815822967,204,14,190,0.06862745098039216,1.0,3.429522724632672,219,29,190,0.1324200913242009,1.0,1.804797
gaussian,gaussian,250,200,0.6,20,137,197,7,190,191,1,190,0.03553299492385787,1.0,0.005235602094240838,1.0,212,22,190,192,2,190,0.10377358490566038,1.0,0.010416666666666666,1.0,3.6703987085053966,197,7,190,0.03553299492385787,1.0,3.4149303868685887,210,20,190,0.09523809523809523,1.0,3.6703987085053966,197,7,190,0.03553299492385787,1.0,3.44078551701307,206,16,190,0.07766990291262135,1.0,1.737452
gaussian,gaussian,250,200,0.6,20,138,195,5,190,192,3,189,0.02564102564102564,1.0,0.015625,0.9947368421052631,209,19,190,192,3,189,0.09090909090909091,1.0,0.015625,0.9947368421052631,3.6135414300562654,195,5,190,0.02564102564102564,1.0,3.4051690402744024,210,20,190,0.09523809523809523,1.0,3.746579042681498,194,4,190,0.020618556701030927,1.0,3.441026566691521,207,17,190,0.0821256038647343,1.0,1.658098
gaussian,gaussian,250,200,0.6,20,139,202,12,190,192,2,190,0.0594059405940594,1.0,0.010416666666666666,1.0,208,18,190,192,2,190,0.08653846153846154,1.0,0.010416666666666666,1.0,3.6090879248259453,202,12,190,0.0594059405940594,1.0,3.4050627605824864,209,19,190,0.09090909090909091,1.0,3.651585674814281,198,8,190,0.04040404040404041,1.0,3.465050326185509,206,16,190,0.07766990291262135,1.0,1.67637
gaussian,gaussian,250,200,0.6,20,140,196,8,188,187,1,186,0.04081632653061224,0.9894736842105263,0.0053475935828877,0.9789473684210527,204,16,188,190,2,188,0.0784313725490196,0.9894736842105263,0.010526315789473684,0.9894736842105263,3.7121963099451123,194,6,188,0.030927835051546393,0.9894736842105263,3.4102594122105683,205,16,189,0.07804878048780488,0.9947368421052631,3.7121963099451123,194,6,188,0.030927835051546393,0.9894736842105263,3.461393532604923,202,13,189,0.06435643564356436,0.9947368421052631,1.676265
gaussian,gaussian,250,200,0.6,20,141,204,14,190,190,0,190,0.06862745098039216,1.0,0.0,1.0,215,25,190,193,3,190,0.11627906976744186,1.0,0.015544041450777202,1.0,3.609308625681485,204,14,190,0.06862745098039216,1.0,3.395112716900087,215,25,190,0.11627906976744186,1.0,3.6408022858651505,203,13,190,0.06403940886699508,1.0,3.4175368039893144,214,24,190,0.11214953271028037,1.0,1.743177
gaussian,gaussian,250,200,0.6,20,142,198,8,190,190,0,190,0.04040404040404041,1.0,0.0,1.0,211,21,190,191,1,190,0.0995260663507109,1.0,0.005235602094240838,1.0,3.603397331730807,199,9,190,0.04522613065326633,1.0,3.4073642789417455,213,23,190,0.107981220657277,1.0,3.7491660681017374,198,8,190,0.04040404040404041,1.0,3.4664488450073243,207,17,190,0.0821256038647343,1.0,1.90167
gaussian,gaussian,250,200,0.6,20,143,198,8,190,193,3,190,0.04040404040404041,1.0,0.015544041450777202,1.0,206,16,190,193,3,190,0.07766990291262135,1.0,0.015544041450777202,1.0,3.612591386151448,198,8,190,0.04040404040404041,1.0,3.436664044469048,206,16,190,0.07766990291262135,1.0,3.6663118427128976,195,5,190,0.02564102564102564,1.0,3.436664044469048,206,16,190,0.07766990291262135,1.0,1.692221
gaussian,gaussian,250,200,0.6,20,144,199,9,190,191,1,190,0.04522613065326633,1.0,0.005235602094240838,1.0,204,14,190,191,1,190,0.06862745098039216,1.0,0.005235602094240838,1.0,3.601156719130451,198,8,190,0.04040404040404041,1.0,3.4176446166029253,204,14,190,0.06862745098039216,1.0,3.6632798257574426,196,6,190,0.030612244897959183,1.0,3.4638348588724583,203,13,190,0.06403940886699508,1.0,1.630339
gaussian,gaussian,250,200,0.6,20,145,198,8,190,190,0,190,0.04040404040404041,1.0,0.0,1.0,207,17,190,190,0,190,0.0821256038647343,1.0,0.0,1.0,3.6177682777831754,198,8,190,0.04040404040404041,1.0,3.422476829949324,204,14,190,0.06862745098039216,1.0,3.6177682777831754,198,8,190,0.04040404040404041,1.0,3.422476829949324,204,14,190,0.06862745098039216,1.0,1.751062
gaussian,gaussian,250,200,0.6,20,146,199,9,190,192,2,190,0.04522613065326633,1.0,0.010416666666666666,1.0,211,21,190,192,2,190,0.0995260663507109,1.0,0.010416666666666666,1.0,3.6262531928225163,199,9,190,0.04522613065326633,1.0,3.405569981041278,211,21,190,0.0995260663507109,1.0,3.6262531928225163,199,9,190,0.04522613065326633,1.0,3.4403614829405695,208,18,190,0.08653846153846154,1.0,1.733865
gaussian,gaussian,250,200,0.6,20,147,203,13,190,190,0,190,0.06403940886699508,1.0,0.0,1.0,216,26,190,193,3,190,0.12037037037037036,1.0,0.015544041450777202,1.0,3.65940413091345,203,13,190,0.06403940886699508,1.0,3.396013857746921,217,27,190,0.12442396313364056,1.0,3.65940413091345,203,13,190,0.06403940886699508,1.0,3.4183347933222943,214,24,190,0.11214953271028037,1.0,1.617052
gaussian,gaussian,250,200,0.6,20,148,204,14,190,192,2,190,0.06862745098039216,1.0,0.010416666666666666,1.0,218,28,190,192,2,190,0.12844036697247707,1.0,0.010416666666666666,1.0,3.6141348884491857,204,14,190,0.06862745098039216,1.0,3.3954678921849473,219,29,190,0.1324200913242009,1.0,3.6358946039423006,203,13,190,0.06403940886699508,1.0,3.4360819242838643,216,26,190,0.12037037037037036,1.0,1.971237
gaussian,gaussian,250,200,0.6,20,149,199,10,189,190,1,189,0.05025125628140704,0.9947368421052631,0.005263157894736842,0.9947368421052631,218,29,189,191,2,189,0.13302752293577982,0.9947368421052631,0.010471204188481676,0.9947368421052631,3.598425329119099,201,11,190,0.05472636815920398,1.0,3.3917232170827565,219,29,190,0.1324200913242009,1.0,3.6364223881288806,200,10,190,0.05,1.0,3.4363430781473836,216,26,190,0.12037037037037036,1.0,1.709116
gaussian,gaussian,250,200,0.6,20,150,199,9,190,193,3,190,0.04522613065326633,1.0,0.015544041450777202,1.0,204,14,190,194,4,190,0.06862745098039216,1.0,0.020618556701030927,1.0,3.642451243000727,199,9,190,0.04522613065326633,1.0,3.4077143155496654,204,14,190,0.06862745098039216,1.0,3.642451243000727,199,9,190,0.04522613065326633,1.0,3.4302386084363454,202,12,190,0.0594059405940594,1.0,1.599244
gaussian,gaussian,250,200,0.6,20,151,199,9,190,191,2,189,0.04522613065326633,1.0,0.010471204188481676,0.9947368421052631,214,24,190,193,3,190,0.11214953271028037,1.0,0.015544041450777202,1.0,3.60504669193222,199,9,190,0.04522613065326633,1.0,3.4112330125406114,215,25,190,0.11627906976744186,1.0,3.629700093022909,198,8,190,0.04040404040404041,1.0,3.4209067181663353,214,24,190,0.11214953271028037,1.0,1.809813
gaussian,gaussian,250,200,0.6,20,152,204,14,190,191,3,188,0.06862745098039216,1.0,0.015706806282722512,0.9894736842105263,211,21,190,194,5,189,0.0995260663507109,1.0,0.02577319587628866,0.9947368421052631,3.59455651331637,205,15,190,0.07317073170731707,1.0,3.4079891646155414,211,21,190,0.0995260663507109,1.0,3.648814831210246,203,13,190,0.06403940886699508,1.0,3.452066325220749,210,20,190,0.09523809523809523,1.0,1.614789
gaussian,gaussian,250,200,0.6,20,153,200,10,190,190,0,190,0.05,1.0,0.0,1.0,210,20,190,191,1,190,0.09523809523809523,1.0,0.005235602094240838,1.0,3.611621528110521,200,10,190,0.05,1.0,3.420166067769341,210,20,190,0.09523809523809523,1.0,3.6362872884861157,197,7,190,0.03553299492385787,1.0,3.4230154232697565,209,19,190,0.09090909090909091,1.0,1.674014
gaussian,gaussian,250,200,0.6,20,154,205,15,190,190,0,190,0.07317073170731707,1.0,0.0,1.0,214,24,190,192,2,190,0.11214953271028037,1.0,0.010416666666666666,1.0,3.66298749936763,203,13,190,0.06403940886699508,1.0,3.4204192276459913,214,24,190,0.11214953271028037,1.0,3.66298749936763,203,13,190,0.06403940886699508,1.0,3.4204192276459913,214,24,190,0.11214953271028037,1.0,1.846357
gaussian,gaussian,250,200,0.6,20,155,198,8,190,189,1,188,0.04040404040404041,1.0,0.005291005291005291,0.9894736842105263,209,19,190,190,2,188,0.09090909090909091,1.0,0.010526315789473684,0.9894736842105263,3.7118804499777154,198,8,190,0.04040404040404041,1.0,3.4124497031119803,209,19,190,0.09090909090909091,1.0,3.7118804499777154,198,8,190,0.04040404040404041,1.0,3.454638282261827,208,18,190,0.08653846153846154,1.0,1.808841
gaussian,gaussian,250,200,0.6,20,156,199,9,190,190,0,190,0.04522613065326633,1.0,0.0,1.0,221,31,190,193,3,190,0.14027149321266968,1.0,0.015544041450777202,1.0,3.6364477376251294,199,9,190,0.04522613065326633,1.0,3.3908477832337005,220,30,190,0.13636363636363635,1.0,3.6364477376251294,199,9,190,0.04522613065326633,1.0,3.4162138547525824,216,26,190,0.12037037037037036,1.0,1.627977
gaussian,gaussian,250,200,0.6,20,157,205,15,190,189,0,189,0.07317073170731707,1.0,0.0,0.9947368421052631,216,26,190,195,5,190,0.12037037037037036,1.0,0.02564102564102564,1.0,3.5908067433218958,206,16,190,0.07766990291262135,1.0,3.3982125312655183,216,26,190,0.12037037037037036,1.0,3.656397246353036,205,15,190,0.07317073170731707,1.0,3.423405106959287,214,24,190,0.11214953271028037,1.0,1.697953
gaussian,gaussian,250,200,0.6,20,158,205,15,190,192,2,190,0.07317073170731707,1.0,0.010416666666666666,1.0,221,31,190,193,3,190,0.14027149321266968,1.0,0.015544041450777202,1.0,3.5982114951202107,205,15,190,0.07317073170731707,1.0,3.4091400034226678,221,31,190,0.14027149321266968,1.0,3.62584782508886,201,11,190,0.05472636815920398,1.0,3.4091400034226678,221,31,190,0.14027149321266968,1.0,1.832911
gaussian,gaussian,250,200,0.6,20,159,196,6,190,191,1,190,0.030612244897959183,1.0,0.005235602094240838,1.0,202,12,190,192,2,190,0.0594059405940594,1.0,0.010416666666666666,1.0,3.6294148066112295,196,6,190,0.030612244897959183,1.0,3.4179588860986745,203,13,190,0.06403940886699508,1.0,3.675504208508288,195,5,190,0.02564102564102564,1.0,3.458012998991698,202,12,190,0.0594059405940594,1.0,1.598985
gaussian,gaussian,250,200,0.6,20,160,198,8,190,189,0,189,0.04040404040404041,1.0,0.0,0.9947368421052631,202,12,190,190,1,189,0.0594059405940594,1.0,0.005263157894736842,0.9947368421052631,3.6733464695422153,198,8,190,0.04040404040404041,1.0,3.4785802601875506,202,12,190,0.0594059405940594,1.0,3.6733464695422153,198,8,190,0.04040404040404041,1.0,3.4785802601875506,202,12,190,0.0594059405940594,1.0,1.937655
gaussian,gaussian,250,200,0.6,20,161,197,10,187,175,1,174,0.050761421319796954,0.9842105263157894,0.005714285714285714,0.9157894736842105,206,19,187,182,1,181,0.09223300970873786,0.9842105263157894,0.005494505494505495,0.9526315789473684,3.6263770653217837,197,8,189,0.04060913705583756,0.9947368421052631,3.404315823065235,208,19,189,0.09134615384615384,0.9947368421052631,3.6263770653217837,197,8,189,0.04060913705583756,0.9947368421052631,3.4260306653431036,206,17,189,0.0825242718446602,0.9947368421052631,1.750888
gaussian,gaussian,250,200,0.6,20,162,197,7,190,189,0,189,0.03553299492385787,1.0,0.0,0.9947368421052631,203,13,190,190,0,190,0.06403940886699508,1.0,0.0,1.0,3.614716900804493,196,6,190,0.030612244897959183,1.0,3.418416378157766,204,14,190,0.06862745098039216,1.0,3.6409439643769974,195,5,190,0.02564102564102564,1.0,3.447118893340786,203,13,190,0.06403940886699508,1.0,1.668541
gaussian,gaussian,250,200,0.6,20,163,197,7,190,190,0,190,0.03553299492385787,1.0,0.0,1.0,212,22,190,190,0,190,0.10377358490566038,1.0,0.0,1.0,3.61949650046822,197,7,190,0.03553299492385787,1.0,3.3980140368974094,213,23,190,0.107981220657277,1.0,3.61949650046822,197,7,190,0.03553299492385787,1.0,3.4221408630137673,212,22,190,0.10377358490566038,1.0,2.145099
gaussian,gaussian,250,200,0.6,20,164,197,7,190,190,0,190,0.03553299492385787,1.0,0.0,1.0,208,18,190,190,0,190,0.08653846153846154,1.0,0.0,1.0,3.6216429463939637,197,7,190,0.03553299492385787,1.0,3.4052310936731764,209,19,190,0.09090909090909091,1.0,3.6864221877928105,194,4,190,0.020618556701030927,1.0,3.456957274825662,206,16,190,0.07766990291262135,1.0,1.833806
gaussian,gaussian,250,200,0.6,20,165,208,18,190,190,3,187,0.08653846153846154,1.0,0.015789473684210527,0.9842105263157894,222,32,190,191,3,188,0.14414414414414414,1.0,0.015706806282722512,0.9894736842105263,3.590679610754634,207,17,190,0.0821256038647343,1.0,3.391796753943004,220,30,190,0.13636363636363635,1.0,3.610726657510883,204,14,190,0.06862745098039216,1.0,3.3972190236372297,219,29,190,0.1324200913242009,1.0,1.934825
gaussian,gaussian,250,200,0.6,20,166,200,10,190,187,0,187,0.05,1.0,0.0,0.9842105263157894,212,22,190,189,0,189,0.10377358490566038,1.0,0.0,0.9947368421052631,3.6461833413399414,200,10,190,0.05,1.0,3.3953832128563066,217,27,190,0.12442396313364056,1.0,3.6692983171418865,198,8,190,0.04040404040404041,1.0,3.454042903323805,210,20,190,0.09523809523809523,1.0,1.636345
gaussian,gaussian,250,200,0.6,20,167,203,13,190,191,1,190,0.06403940886699508,1.0,0.005235602094240838,1.0,216,26,190,191,1,190,0.12037037037037036,1.0,0.005235602094240838,1.0,3.5975204974684583,204,14,190,0.06862745098039216,1.0,3.392622727336501,217,27,190,0.12442396313364056,1.0,3.636493328867738,201,11,190,0.05472636815920398,1.0,3.440325276359264,216,26,190,0.12037037037037036,1.0,1.73742
gaussian,gaussian,250,200,0.6,20,168,201,11,190,191,1,190,0.05472636815920398,1.0,0.005235602094240838,1.0,215,25,190,191,1,190,0.11627906976744186,1.0,0.005235602094240838,1.0,3.5977058939981594,201,11,190,0.05472636815920398,1.0,3.413623556148624,215,25,190,0.11627906976744186,1.0,3.673095002885099,200,10,190,0.05,1.0,3.442630954861747,212,22,190,0.10377358490566038,1.0,1.681946
gaussian,gaussian,250,200,0.6,20,169,203,14,189,189,0,189,0.06896551724137931,0.9947368421052631,0.0,0.9947368421052631,220,30,190,191,2,189,0.13636363636363635,1.0,0.010471204188481676,0.9947368421052631,3.6095271178902033,204,14,190,0.06862745098039216,1.0,3.38516800077725,223,33,190,0.14798206278026907,1.0,3.6654523160314714,203,13,190,0.06403940886699508,1.0,3.445066155603701,218,28,190,0.12844036697247707,1.0,1.730178
gaussian,gaussian,250,200,0.6,20,170,197,7,190,189,0,189,0.03553299492385787,1.0,0.0,0.9947368421052631,206,16,190,189,0,189,0.07766990291262135,1.0,0.0,0.9947368421052631,3.6015946452646435,197,7,190,0.03553299492385787,1.0,3.417578511180884,206,16,190,0.07766990291262135,1.0,3.6139660174784574,196,6,190,0.030612244897959183,1.0,3.424924467259999,205,15,190,0.07317073170731707,1.0,1.870524
gaussian,gaussian,250,200,0.6,20,171,194,4,190,191,1,190,0.020618556701030927,1.0,0.005235602094240838,1.0,212,22,190,192,2,190,0.10377358490566038,1.0,0.010416666666666666,1.0,3.6486141235736604,194,4,190,0.020618556701030927,1.0,3.4089299111904343,212,22,190,0.10377358490566038,1.0,3.6486141235736604,194,4,190,0.020618556701030927,1.0,3.447715102631959,211,21,190,0.0995260663507109,1.0,1.775051
gaussian,gaussian,250,200,0.6,20,172,196,6,190,191,2,189,0.030612244897959183,1.0,0.010471204188481676,0.9947368421052631,206,16,190,191,2,189,0.07766990291262135,1.0,0.010471204188481676,0.9947368421052631,3.6877088260953284,195,5,190,0.02564102564102564,1.0,3.4141155456228374,204,14,190,0.06862745098039216,1.0,3.6877088260953284,195,5,190,0.02564102564102564,1.0,3.4297793435744155,203,13,190,0.06403940886699508,1.0,1.71734
gaussian,gaussian,250,200,0.6,20,173,200,10,190,188,0,188,0.05,1.0,0.0,0.9894736842105263,212,22,190,191,1,190,0.10377358490566038,1.0,0.005235602094240838,1.0,3.6095611352446415,200,10,190,0.05,1.0,3.3992836352615563,212,22,190,0.10377358490566038,1.0,3.6285313664853613,198,8,190,0.04040404040404041,1.0,3.4257600313550864,211,21,190,0.0995260663507109,1.0,1.707987
gaussian,gaussian,250,200,0.6,20,174,195,5,190,188,0,188,0.02564102564102564,1.0,0.0,0.9894736842105263,202,12,190,190,0,190,0.0594059405940594,1.0,0.0,1.0,3.7145828380534827,195,5,190,0.02564102564102564,1.0,3.4080423256008023,205,15,190,0.07317073170731707,1.0,3.7145828380534827,195,5,190,0.02564102564102564,1.0,3.4938400197081765,201,11,190,0.05472636815920398,1.0,1.705621
gaussian,gaussian,250,200,0.6,20,175,198,8,190,191,1,190,0.04040404040404041,1.0,0.005235602094240838,1.0,213,23,190,192,2,190,0.107981220657277,1.0,0.010416666666666666,1.0,3.6490614631469116,197,7,190,0.03553299492385787,1.0,3.3989207703047706,212,22,190,0.10377358490566038,1.0,3.6490614631469116,197,7,190,0.03553299492385787,1.0,3.4115698767224565,210,20,190,0.09523809523809523,1.0,1.709564
gaussian,gaussian,250,200,0.6,20,176,205,15,190,189,0,189,0.07317073170731707,1.0,0.0,0.9947368421052631,215,25,190,191,1,190,0.11627906976744186,1.0,0.005235602094240838,1.0,3.607846109709936,205,15,190,0.07317073170731707,1.0,3.3881733576490096,219,29,190,0.1324200913242009,1.0,3.663448649213252,202,12,190,0.0594059405940594,1.0,3.428424021180668,214,24,190,0.11214953271028037,1.0,1.890203
gaussian,gaussian,250,200,0.6,20,177,198,8,190,191,1,190,0.04040404040404041,1.0,0.005235602094240838,1.0,202,12,190,192,2,190,0.0594059405940594,1.0,0.010416666666666666,1.0,3.633865264506055,198,8,190,0.04040404040404041,1.0,3.4025687201656316,208,18,190,0.08653846153846154,1.0,3.73913186645781,196,6,190,0.030612244897959183,1.0,3.4642793777879,201,11,190,0.05472636815920398,1.0,1.846069
gaussian,gaussian,250,200,0.6,20,178,201,11,190,189,0,189,0.05472636815920398,1.0,0.0,0.9947368421052631,208,18,190,190,1,189,0.08653846153846154,1.0,0.005263157894736842,0.9947368421052631,3.605882427616761,201,11,190,0.05472636815920398,1.0,3.4127733888677474,208,18,190,0.08653846153846154,1.0,3.686845682126437,198,8,190,0.04040404040404041,1.0,3.4895062184603596,204,14,190,0.06862745098039216,1.0,1.628746
gaussian,gaussian,250,200,0.6,20,179,197,7,190,189,1,188,0.03553299492385787,1.0,0.005291005291005291,0.9894736842105263,205,15,190,189,1,188,0.07317073170731707,1.0,0.005291005291005291,0.9894736842105263,3.6676018654459868,196,6,190,0.030612244897959183,1.0,3.4063813174834947,207,17,190,0.0821256038647343,1.0,3.6676018654459868,196,6,190,0.030612244897959183,1.0,3.4482145538524063,206,16,190,0.07766990291262135,1.0,1.680692
gaussian,gaussian,250,200,0.6,20,180,199,9,190,190,0,190,0.04522613065326633,1.0,0.0,1.0,212,22,190,191,1,190,0.10377358490566038,1.0,0.005235602094240838,1.0,3.691525345093019,198,8,190,0.04040404040404041,1.0,3.4007734180774745,213,23,190,0.107981220657277,1.0,3.691525345093019,198,8,190,0.04040404040404041,1.0,3.460626842375423,206,16,190,0.07766990291262135,1.0,1.77437
gaussian,gaussian,250,200,0.6,20,181,196,6,190,190,0,190,0.030612244897959183,1.0,0.0,1.0,211,21,190,190,0,190,0.0995260663507109,1.0,0.0,1.0,3.6667071074802124,196,6,190,0.030612244897959183,1.0,3.412185270910706,210,20,190,0.09523809523809523,1.0,3.6667071074802124,196,6,190,0.030612244897959183,1.0,3.4463190165260262,206,16,190,0.07766990291262135,1.0,1.795191
gaussian,gaussian,250,200,0.6,20,182,197,7,190,192,2,190,0.03553299492385787,1.0,0.010416666666666666,1.0,209,19,190,193,3,190,0.09090909090909091,1.0,0.015544041450777202,1.0,3.6633032163820887,197,7,190,0.03553299492385787,1.0,3.407758451901252,209,19,190,0.09090909090909091,1.0,3.6633032163820887,197,7,190,0.03553299492385787,1.0,3.432833751976892,208,18,190,0.08653846153846154,1.0,1.588916
gaussian,gaussian,250,200,0.6,20,183,204,14,190,190,0,190,0.06862745098039216,1.0,0.0,1.0,214,24,190,192,2,190,0.11214953271028037,1.0,0.010416666666666666,1.0,3.6274289602677747,204,14,190,0.06862745098039216,1.0,3.4074306990208756,213,23,190,0.107981220657277,1.0,3.6274289602677747,204,14,190,0.06862745098039216,1.0,3.41638294568396,212,22,190,0.10377358490566038,1.0,2.003177
gaussian,gaussian,250,200,0.6,20,184,203,13,190,195,5,190,0.06403940886699508,1.0,0.02564102564102564,1.0,212,22,190,197,7,190,0.10377358490566038,1.0,0.03553299492385787,1.0,3.6414781412023727,203,13,190,0.06403940886699508,1.0,3.4004323813414685,214,24,190,0.11214953271028037,1.0,3.6414781412023727,203,13,190,0.06403940886699508,1.0,3.440352282222999,210,20,190,0.09523809523809523,1.0,1.682886
gaussian,gaussian,250,200,0.6,20,185,196,6,190,191,1,190,0.030612244897959183,1.0,0.005235602094240838,1.0,209,19,190,192,2,190,0.09090909090909091,1.0,0.010416666666666666,1.0,3.60292608192436,198,8,190,0.04040404040404041,1.0,3.404635852625055,209,19,190,0.09090909090909091,1.0,3.641611000824489,196,6,190,0.030612244897959183,1.0,3.4542618814443298,206,16,190,0.07766990291262135,1.0,1.633046
gaussian,gaussian,250,200,0.6,20,186,202,12,190,192,2,190,0.0594059405940594,1.0,0.010416666666666666,1.0,214,24,190,192,2,190,0.11214953271028037,1.0,0.010416666666666666,1.0,3.6071906864707546,203,13,190,0.06403940886699508,1.0,3.41497066343718,214,24,190,0.11214953271028037,1.0,3.6539745421355607,200,10,190,0.05,1.0,3.497218605832448,212,22,190,0.10377358490566038,1.0,1.826626
gaussian,gaussian,250,200,0.6,20,187,198,8,190,190,0,190,0.04040404040404041,1.0,0.0,1.0,212,22,190,190,0,190,0.10377358490566038,1.0,0.0,1.0,3.6927417520962886,198,8,190,0.04040404040404041,1.0,3.4068811421313248,212,22,190,0.10377358490566038,1.0,3.6927417520962886,198,8,190,0.04040404040404041,1.0,3.434500394343404,209,19,190,0.09090909090909091,1.0,1.632456
gaussian,gaussian,250,200,0.6,20,188,199,9,190,190,0,190,0.04522613065326633,1.0,0.0,1.0,208,18,190,191,1,190,0.08653846153846154,1.0,0.005235602094240838,1.0,3.6556574157401283,198,8,190,0.04040404040404041,1.0,3.443389594376924,208,18,190,0.08653846153846154,1.0,3.6556574157401283,198,8,190,0.04040404040404041,1.0,3.443389594376924,208,18,190,0.08653846153846154,1.0,1.675872
gaussian,gaussian,250,200,0.6,20,189,199,9,190,190,0,190,0.04522613065326633,1.0,0.0,1.0,207,17,190,190,0,190,0.0821256038647343,1.0,0.0,1.0,3.6451564554115747,198,8,190,0.04040404040404041,1.0,3.414081211543475,207,17,190,0.0821256038647343,1.0,3.6451564554115747,198,8,190,0.04040404040404041,1.0,3.453440798138348,205,15,190,0.07317073170731707,1.0,1.830232
gaussian,gaussian,250,200,0.6,20,190,202,12,190,191,1,190,0.0594059405940594,1.0,0.005235602094240838,1.0,211,21,190,192,2,190,0.0995260663507109,1.0,0.010416666666666666,1.0,3.5942622160245676,203,13,190,0.06403940886699508,1.0,3.423023741771848,210,20,190,0.09523809523809523,1.0,3.636232437348023,201,11,190,0.05472636815920398,1.0,3.4745978296888773,209,19,190,0.09090909090909091,1.0,1.769709
gaussian,gaussian,250,200,0.6,20,191,196,6,190,191,2,189,0.030612244897959183,1.0,0.010471204188481676,0.9947368421052631,208,18,190,192,2,190,0.08653846153846154,1.0,0.010416666666666666,1.0,3.6029346616438827,197,7,190,0.03553299492385787,1.0,3.4079053529804035,211,21,190,0.0995260663507109,1.0,3.64817807551356,196,6,190,0.030612244897959183,1.0,3.43996813735056,208,18,190,0.08653846153846154,1.0,1.6493
gaussian,gaussian,250,200,0.6,20,192,198,8,190,193,3,190,0.04040404040404041,1.0,0.015544041450777202,1.0,218,28,190,193,3,190,0.12844036697247707,1.0,0.015544041450777202,1.0,3.619604179183285,198,8,190,0.04040404040404041,1.0,3.4042885920166612,218,28,190,0.12844036697247707,1.0,3.6542408583813777,197,7,190,0.03553299492385787,1.0,3.4233923244997833,214,24,190,0.11214953271028037,1.0,1.655937
gaussian,gaussian,250,200,0.6,20,193,206,16,190,191,1,190,0.07766990291262135,1.0,0.005235602094240838,1.0,217,27,190,195,5,190,0.12442396313364056,1.0,0.02564102564102564,1.0,3.5887178233232686,207,17,190,0.0821256038647343,1.0,3.394863180455232,219,29,190,0.1324200913242009,1.0,3.626157055033623,205,15,190,0.07317073170731707,1.0,3.4454109422213133,214,24,190,0.11214953271028037,1.0,1.770424
gaussian,gaussian,250,200,0.6,20,194,199,9,190,188,0,188,0.04522613065326633,1.0,0.0,0.9894736842105263,209,19,190,191,1,190,0.09090909090909091,1.0,0.005235602094240838,1.0,3.6105364750250186,199,9,190,0.04522613065326633,1.0,3.402810813386445,208,18,190,0.08653846153846154,1.0,3.6292860041431343,196,6,190,0.030612244897959183,1.0,3.4736488862549115,205,15,190,0.07317073170731707,1.0,1.583233
gaussian,gaussian,250,200,0.6,20,195,201,11,190,190,0,190,0.05472636815920398,1.0,0.0,1.0,211,21,190,192,2,190,0.0995260663507109,1.0,0.010416666666666666,1.0,3.5963541354063473,201,11,190,0.05472636815920398,1.0,3.410598858707121,211,21,190,0.0995260663507109,1.0,3.614334097011686,200,10,190,0.05,1.0,3.416197256328169,210,20,190,0.09523809523809523,1.0,1.88233
gaussian,gaussian,250,200,0.6,20,196,196,6,190,190,0,190,0.030612244897959183,1.0,0.0,1.0,210,20,190,190,0,190,0.09523809523809523,1.0,0.0,1.0,3.61330770085501,198,8,190,0.04040404040404041,1.0,3.4017920987599073,213,23,190,0.107981220657277,1.0,3.678309660450272,196,6,190,0.030612244897959183,1.0,3.453631742200145,208,18,190,0.08653846153846154,1.0,1.786165
gaussian,gaussian,250,200,0.6,20,197,197,8,189,190,1,189,0.04060913705583756,0.9947368421052631,0.005263157894736842,0.9947368421052631,207,18,189,190,1,189,0.08695652173913043,0.9947368421052631,0.005263157894736842,0.9947368421052631,3.604693139900004,197,8,189,0.04060913705583756,0.9947368421052631,3.470049274093011,206,17,189,0.0825242718446602,0.9947368421052631,3.625219453638662,196,7,189,0.03571428571428571,0.9947368421052631,3.470049274093011,206,17,189,0.0825242718446602,0.9947368421052631,1.670589
gaussian,gaussian,250,200,0.6,20,198,200,10,190,190,0,190,0.05,1.0,0.0,1.0,205,15,190,190,0,190,0.07317073170731707,1.0,0.0,1.0,3.6106107997319414,199,9,190,0.04522613065326633,1.0,3.4653894406108066,205,15,190,0.07317073170731707,1.0,3.6594579472400377,198,8,190,0.04040404040404041,1.0,3.4653894406108066,205,15,190,0.07317073170731707,1.0,1.620096
gaussian,gaussian,250,200,0.6,20,199,194,4,190,190,0,190,0.020618556701030927,1.0,0.0,1.0,199,9,190,190,0,190,0.04522613065326633,1.0,0.0,1.0,3.705828762944958,194,4,190,0.020618556701030927,1.0,3.439082892223568,199,9,190,0.04522613065326633,1.0,3.705828762944958,194,4,190,0.020618556701030927,1.0,3.4951245102247523,198,8,190,0.04040404040404041,1.0,1.883419
gaussian,gaussian,250,200,0.6,20,200,198,8,190,191,1,190,0.04040404040404041,1.0,0.005235602094240838,1.0,204,14,190,192,2,190,0.06862745098039216,1.0,0.010416666666666666,1.0,3.6024648500626077,199,9,190,0.04522613065326633,1.0,3.426059473561511,205,15,190,0.07317073170731707,1.0,3.637529391276263,198,8,190,0.04040404040404041,1.0,3.426059473561511,205,15,190,0.07317073170731707,1.0,1.740695
gaussian,gaussian,250,200,0.6,20,201,196,6,190,189,0,189,0.030612244897959183,1.0,0.0,0.9947368421052631,206,16,190,190,1,189,0.07766990291262135,1.0,0.005263157894736842,0.9947368421052631,3.634836400501338,195,5,190,0.02564102564102564,1.0,3.4367272110565694,203,13,190,0.06403940886699508,1.0,3.634836400501338,195,5,190,0.02564102564102564,1.0,3.4367272110565694,203,13,190,0.06403940886699508,1.0,1.785329
gaussian,gaussian,250,200,0.6,20,202,201,11,190,189,0,189,0.05472636815920398,1.0,0.0,0.9947368421052631,211,21,190,190,1,189,0.0995260663507109,1.0,0.005263157894736842,0.9947368421052631,3.6650484364993607,201,11,190,0.05472636815920398,1.0,3.4070768171764136,212,22,190,0.10377358490566038,1.0,3.6650484364993607,201,11,190,0.05472636815920398,1.0,3.4367794876847118,210,20,190,0.09523809523809523,1.0,1.802152
gaussian,gaussian,250,200,0.6,20,203,202,12,190,190,0,190,0.0594059405940594,1.0,0.0,1.0,212,22,190,191,1,190,0.10377358490566038,1.0,0.005235602094240838,1.0,3.597610877863832,203,13,190,0.06403940886699508,1.0,3.434946862999073,212,22,190,0.10377358490566038,1.0,3.643557228351426,201,11,190,0.05472636815920398,1.0,3.455361201498219,211,21,190,0.0995260663507109,1.0,1.629504
gaussian,gaussian,250,200,0.6,20,204,199,9,190,190,2,188,0.04522613065326633,1.0,0.010526315789473684,0.9894736842105263,213,23,190,191,2,189,0.107981220657277,1.0,0.010471204188481676,0.9947368421052631,3.636054466142918,198,8,190,0.04040404040404041,1.0,3.407168203653835,212,22,190,0.10377358490566038,1.0,3.636054466142918,198,8,190,0.04040404040404041,1.0,3.407168203653835,212,22,190,0.10377358490566038,1.0,1.681662
gaussian,gaussian,250,200,0.6,20,205,202,12,190,191,1,190,0.0594059405940594,1.0,0.005235602094240838,1.0,215,25,190,191,1,190,0.11627906976744186,1.0,0.005235602094240838,1.0,3.6128790560342727,202,12,190,0.0594059405940594,1.0,3.40538011634335,216,26,190,0.12037037037037036,1.0,3.7062185067969846,200,10,190,0.05,1.0,3.412861583031741,215,25,190,0.11627906976744186,1.0,1.708526
gaussian,gaussian,250,200,0.6,20,206,203,13,190,193,3,190,0.06403940886699508,1.0,0.015544041450777202,1.0,214,24,190,194,4,190,0.11214953271028037,1.0,0.020618556701030927,1.0,3.603158768493552,203,13,190,0.06403940886699508,1.0,3.411211894109154,212,22,190,0.10377358490566038,1.0,3.613701087261807,202,12,190,0.0594059405940594,1.0,3.411211894109154,212,22,190,0.10377358490566038,1.0,1.764108
gaussian,gaussian,250,200,0.6,20,207,197,8,189,190,2,188,0.04060913705583756,0.9947368421052631,0.010526315789473684,0.9894736842105263,212,22,190,193,4,189,0.10377358490566038,1.0,0.02072538860103627,0.9947368421052631,3.600582309472522,199,9,190,0.04522613065326633,1.0,3.405692586037664,212,22,190,0.10377358490566038,1.0,3.6214494754157642,198,8,190,0.04040404040404041,1.0,3.438258205131939,208,18,190,0.08653846153846154,1.0,1.880442
gaussian,gaussian,250,200,0.6,20,208,199,9,190,192,2,190,0.04522613065326633,1.0,0.010416666666666666,1.0,207,17,190,193,3,190,0.0821256038647343,1.0,0.015544041450777202,1.0,3.6347025799929007,199,9,190,0.04522613065326633,1.0,3.4249423922519964,207,17,190,0.0821256038647343,1.0,3.661340457107399,198,8,190,0.04040404040404041,1.0,3.463002961618393,206,16,190,0.07766990291262135,1.0,1.583568
gaussian,gaussian,250,200,0.6,20,209,197,7,190,191,1,190,0.03553299492385787,1.0,0.005235602094240838,1.0,212,22,190,191,1,190,0.10377358490566038,1.0,0.005235602094240838,1.0,3.6084760691271165,198,8,190,0.04040404040404041,1.0,3.4144185774409284,212,22,190,0.10377358490566038,1.0,3.7112315315116753,195,5,190,0.02564102564102564,1.0,3.4716933474575664,209,19,190,0.09090909090909091,1.0,1.780456
gaussian,gaussian,250,200,0.6,20,210,205,15,190,190,0,190,0.07317073170731707,1.0,0.0,1.0,216,26,190,191,1,190,0.12037037037037036,1.0,0.005235602094240838,1.0,3.5954813008646513,206,16,190,0.07766990291262135,1.0,3.388954180629711,219,29,190,0.1324200913242009,1.0,3.6453505579183214,202,12,190,0.0594059405940594,1.0,3.4163685618915225,217,27,190,0.12442396313364056,1.0,1.703847
gaussian,gaussian,250,200,0.6,20,211,203,13,190,190,0,190,0.06403940886699508,1.0,0.0,1.0,215,25,190,192,2,190,0.11627906976744186,1.0,0.010416666666666666,1.0,3.5948090077887853,205,15,190,0.07317073170731707,1.0,3.4386932537586303,215,25,190,0.11627906976744186,1.0,3.6411253445792044,202,12,190,0.0594059405940594,1.0,3.4386932537586303,215,25,190,0.11627906976744186,1.0,1.68715
gaussian,gaussian,250,200,0.6,20,212,200,10,190,190,0,190,0.05,1.0,0.0,1.0,210,20,190,190,0,190,0.09523809523809523,1.0,0.0,1.0,3.6234007122711986,201,11,190,0.05472636815920398,1.0,3.4215597952156966,209,19,190,0.09090909090909091,1.0,3.6234007122711986,201,11,190,0.05472636815920398,1.0,3.4215597952156966,209,19,190,0.09090909090909091,1.0,1.740139
gaussian,gaussian,250,200,0.6,20,213,203,14,189,190,1,189,0.06896551724137931,0.9947368421052631,0.005263157894736842,0.9947368421052631,215,25,190,191,2,189,0.11627906976744186,1.0,0.010471204188481676,0.9947368421052631,3.6326489321687307,203,13,190,0.06403940886699508,1.0,3.3909396245159455,219,29,190,0.1324200913242009,1.0,3.6326489321687307,203,13,190,0.06403940886699508,1.0,3.4012692944032947,218,28,190,0.12844036697247707,1.0,1.849035
gaussian,gaussian,250,200,0.6,20,214,203,13,190,191,1,190,0.06403940886699508,1.0,0.005235602094240838,1.0,215,25,190,193,3,190,0.11627906976744186,1.0,0.015544041450777202,1.0,3.609566226071189,204,14,190,0.06862745098039216,1.0,3.409722838285471,216,26,190,0.12037037037037036,1.0,3.7200871277735614,201,11,190,0.05472636815920398,1.0,3.4551085912601165,214,24,190,0.11214953271028037,1.0,1.640491
gaussian,gaussian,250,200,0.6,20,215,196,6,190,192,2,190,0.030612244897959183,1.0,0.010416666666666666,1.0,208,18,190,192,2,190,0.08653846153846154,1.0,0.010416666666666666,1.0,3.6122469277141316,196,6,190,0.030612244897959183,1.0,3.4016220882606514,209,19,190,0.09090909090909091,1.0,3.702564138937779,195,5,190,0.02564102564102564,1.0,3.447697273689316,204,14,190,0.06862745098039216,1.0,1.805194
gaussian,gaussian,250,200,0.6,20,216,202,15,187,183,1,182,0.07425742574257425,0.9842105263157894,0.00546448087431694,0.9578947368421052,211,23,188,189,4,185,0.10900473933649289,0.9894736842105263,0.021164021164021163,0.9736842105263158,3.591142973115203,206,16,190,0.07766990291262135,1.0,3.4001997296805655,215,25,190,0.11627906976744186,1.0,3.646728302298537,205,15,190,0.07317073170731707,1.0,3.4359083294408603,213,23,190,0.107981220657277,1.0,1.740474
gaussian,gaussian,250,200,0.6,20,217,197,7,190,190,0,190,0.03553299492385787,1.0,0.0,1.0,215,25,190,190,0,190,0.11627906976744186,1.0,0.0,1.0,3.6381730329990396,196,6,190,0.030612244897959183,1.0,3.394668064920141,214,24,190,0.11214953271028037,1.0,3.6381730329990396,196,6,190,0.030612244897959183,1.0,3.4122342543273123,211,21,190,0.0995260663507109,1.0,1.601159
gaussian,gaussian,250,200,0.6,20,218,198,8,190,191,1,190,0.04040404040404041,1.0,0.005235602094240838,1.0,211,21,190,193,3,190,0.0995260663507109,1.0,0.015544041450777202,1.0,3.607607229624998,198,8,190,0.04040404040404041,1.0,3.403816651515286,209,19,190,0.09090909090909091,1.0,3.6271615962723436,197,7,190,0.03553299492385787,1.0,3.437193867545293,206,16,190,0.07766990291262135,1.0,1.795116
gaussian,gaussian,250,200,0.6,20,219,198,8,190,187,0,187,0.04040404040404041,1.0,0.0,0.9842105263157894,217,27,190,192,3,189,0.12442396313364056,1.0,0.015625,0.9947368421052631,3.660783307232565,198,8,190,0.04040404040404041,1.0,3.393521770798312,215,25,190,0.11627906976744186,1.0,3.660783307232565,198,8,190,0.04040404040404041,1.0,3.4177254415452665,211,21,190,0.0995260663507109,1.0,1.791291
gaussian,gaussian,250,200,0.6,20,220,199,9,190,191,1,190,0.04522613065326633,1.0,0.005235602094240838,1.0,214,24,190,191,1,190,0.11214953271028037,1.0,0.005235602094240838,1.0,3.609285939292417,200,10,190,0.05,1.0,3.394174062510076,215,25,190,0.11627906976744186,1.0,3.68581070351673,198,8,190,0.04040404040404041,1.0,3.4223237675433733,212,22,190,0.10377358490566038,1.0,1.703427
gaussian,gaussian,250,200,0.6,20,221,196,6,190,191,1,190,0.030612244897959183,1.0,0.005235602094240838,1.0,202,12,190,192,2,190,0.0594059405940594,1.0,0.010416666666666666,1.0,3.6010764588627553,198,8,190,0.04040404040404041,1.0,3.4565286103076938,201,11,190,0.05472636815920398,1.0,3.7209887176517964,195,5,190,0.02564102564102564,1.0,3.4565286103076938,201,11,190,0.05472636815920398,1.0,1.718247
gaussian,gaussian,250,200,0.6,20,222,203,13,190,189,0,189,0.06403940886699508,1.0,0.0,0.9947368421052631,212,22,190,191,2,189,0.10377358490566038,1.0,0.010471204188481676,0.9947368421052631,3.5952438073010455,204,14,190,0.06862745098039216,1.0,3.4177119709775416,212,22,190,0.10377358490566038,1.0,3.66610231233866,202,12,190,0.0594059405940594,1.0,3.442726857152557,210,20,190,0.09523809523809523,1.0,1.690985
gaussian,gaussian,250,200,0.6,20,223,203,13,190,190,0,190,0.06403940886699508,1.0,0.0,1.0,217,27,190,192,2,190,0.12442396313364056,1.0,0.010416666666666666,1.0,3.6138674943175517,203,13,190,0.06403940886699508,1.0,3.3981788098488135,216,26,190,0.12037037037037036,1.0,3.6138674943175517,203,13,190,0.06403940886699508,1.0,3.424181939488187,215,25,190,0.11627906976744186,1.0,1.613317
gaussian,gaussian,250,200,0.6,20,224,202,12,190,186,1,185,0.0594059405940594,1.0,0.005376344086021506,0.9736842105263158,215,25,190,189,1,188,0.11627906976744186,1.0,0.005291005291005291,0.9894736842105263,3.599710933018861,203,13,190,0.06403940886699508,1.0,3.389404172270249,220,30,190,0.13636363636363635,1.0,3.6430084524549415,200,10,190,0.05,1.0,3.4335820581262433,215,25,190,0.11627906976744186,1.0,1.652474
gaussian,gaussian,250,200,0.6,20,225,198,8,190,191,1,190,0.04040404040404041,1.0,0.005235602094240838,1.0,211,21,190,193,3,190,0.0995260663507109,1.0,0.015544041450777202,1.0,3.6012733415133766,199,9,190,0.04522613065326633,1.0,3.4122191741475483,210,20,190,0.09523809523809523,1.0,3.6492603306964884,198,8,190,0.04040404040404041,1.0,3.4425667022562987,206,16,190,0.07766990291262135,1.0,2.04184
gaussian,gaussian,250,200,0.6,20,226,196,6,190,191,1,190,0.030612244897959183,1.0,0.005235602094240838,1.0,212,22,190,193,3,190,0.10377358490566038,1.0,0.015544041450777202,1.0,3.6057517756987174,194,4,190,0.020618556701030927,1.0,3.408061685023309,210,20,190,0.09523809523809523,1.0,4.09354736514003,193,3,190,0.015544041450777202,1.0,3.408061685023309,210,20,190,0.09523809523809523,1.0,1.6256
gaussian,gaussian,250,200,0.6,20,227,199,9,190,191,1,190,0.04522613065326633,1.0,0.005235602094240838,1.0,208,18,190,191,1,190,0.08653846153846154,1.0,0.005235602094240838,1.0,3.6062979141470026,199,9,190,0.04522613065326633,1.0,3.4101727269113846,208,18,190,0.08653846153846154,1.0,3.6536263941671256,197,7,190,0.03553299492385787,1.0,3.4329497132878894,207,17,190,0.0821256038647343,1.0,1.686484
gaussian,gaussian,250,200,0.6,20,228,201,12,189,191,2,189,0.05970149253731343,0.9947368421052631,0.010471204188481676,0.9947368421052631,216,26,190,192,3,189,0.12037037037037036,1.0,0.015625,0.9947368421052631,3.598997488548752,204,14,190,0.06862745098039216,1.0,3.421471498044093,215,25,190,0.11627906976744186,1.0,3.653857992198642,201,11,190,0.05472636815920398,1.0,3.421471498044093,215,25,190,0.11627906976744186,1.0,1.751984
gaussian,gaussian,250,200,0.6,20,229,203,13,190,190,0,190,0.06403940886699508,1.0,0.0,1.0,213,23,190,191,1,190,0.107981220657277,1.0,0.005235602094240838,1.0,3.6512090766610497,203,13,190,0.06403940886699508,1.0,3.416163022099668,213,23,190,0.107981220657277,1.0,3.6512090766610497,203,13,190,0.06403940886699508,1.0,3.4631943658817335,209,19,190,0.09090909090909091,1.0,1.63961
gaussian,gaussian,250,200,0.6,20,230,200,10,190,191,1,190,0.05,1.0,0.005235602094240838,1.0,211,21,190,192,2,190,0.0995260663507109,1.0,0.010416666666666666,1.0,3.6150700760025942,200,10,190,0.05,1.0,3.401004233233738,211,21,190,0.0995260663507109,1.0,3.719760651583922,195,5,190,0.02564102564102564,1.0,3.4416541537289755,205,15,190,0.07317073170731707,1.0,1.701274
gaussian,gaussian,250,200,0.6,20,231,201,11,190,191,1,190,0.05472636815920398,1.0,0.005235602094240838,1.0,209,19,190,192,2,190,0.09090909090909091,1.0,0.010416666666666666,1.0,3.604242046260589,201,11,190,0.05472636815920398,1.0,3.4014698069135947,210,20,190,0.09523809523809523,1.0,3.604242046260589,201,11,190,0.05472636815920398,1.0,3.4590664732603686,209,19,190,0.09090909090909091,1.0,1.921799
gaussian,gaussian,250,200,0.6,20,232,199,10,189,189,1,188,0.05025125628140704,0.9947368421052631,0.005291005291005291,0.9894736842105263,213,23,190,189,1,188,0.107981220657277,1.0,0.005291005291005291,0.9894736842105263,3.6279879421073606,200,10,190,0.05,1.0,3.3980263660623256,213,23,190,0.107981220657277,1.0,3.6279879421073606,200,10,190,0.05,1.0,3.414199672922946,212,22,190,0.10377358490566038,1.0,1.666762
gaussian,gaussian,250,200,0.6,20,233,197,7,190,189,1,188,0.03553299492385787,1.0,0.005291005291005291,0.9894736842105263,209,19,190,189,1,188,0.09090909090909091,1.0,0.005291005291005291,0.9894736842105263,3.5988329090490456,199,9,190,0.04522613065326633,1.0,3.4197594448282147,210,20,190,0.09523809523809523,1.0,3.6679266729032762,198,8,190,0.04040404040404041,1.0,3.427754573729141,209,19,190,0.09090909090909091,1.0,1.628197
gaussian,gaussian,250,200,0.6,20,234,194,4,190,190,0,190,0.020618556701030927,1.0,0.0,1.0,205,15,190,191,1,190,0.07317073170731707,1.0,0.005235602094240838,1.0,3.6318671077774947,194,4,190,0.020618556701030927,1.0,3.428615301517837,207,17,190,0.0821256038647343,1.0,3.7440172308972013,193,3,190,0.015544041450777202,1.0,3.4616502385055443,205,15,190,0.07317073170731707,1.0,1.748832
gaussian,gaussian,250,200,0.6,20,235,204,14,190,193,3,190,0.06862745098039216,1.0,0.015544041450777202,1.0,214,24,190,194,4,190,0.11214953271028037,1.0,0.020618556701030927,1.0,3.5914292947488775,205,15,190,0.07317073170731707,1.0,3.3993486654345717,212,22,190,0.10377358490566038,1.0,3.616274773929773,203,13,190,0.06403940886699508,1.0,3.4758043476631886,208,18,190,0.08653846153846154,1.0,1.697543
gaussian,gaussian,250,200,0.6,20,236,198,8,190,189,1,188,0.04040404040404041,1.0,0.005291005291005291,0.9894736842105263,213,23,190,193,3,190,0.107981220657277,1.0,0.015544041450777202,1.0,3.61379360233099,198,8,190,0.04040404040404041,1.0,3.4025980269457663,212,22,190,0.10377358490566038,1.0,3.663904407704986,197,7,190,0.03553299492385787,1.0,3.423485723422468,209,19,190,0.09090909090909091,1.0,1.68469
gaussian,gaussian,250,200,0.6,20,237,198,8,190,190,0,190,0.04040404040404041,1.0,0.0,1.0,208,18,190,192,2,190,0.08653846153846154,1.0,0.010416666666666666,1.0,3.6150016515565713,198,8,190,0.04040404040404041,1.0,3.4020064816337108,209,19,190,0.09090909090909091,1.0,3.6150016515565713,198,8,190,0.04040404040404041,1.0,3.451441056692477,208,18,190,0.08653846153846154,1.0,1.907726
gaussian,gaussian,250,200,0.6,20,238,199,9,190,192,2,190,0.04522613065326633,1.0,0.010416666666666666,1.0,211,21,190,193,3,190,0.0995260663507109,1.0,0.015544041450777202,1.0,3.6814880950860682,199,9,190,0.04522613065326633,1.0,3.45206579549291,211,21,190,0.0995260663507109,1.0,3.6814880950860682,199,9,190,0.04522613065326633,1.0,3.45206579549291,211,21,190,0.0995260663507109,1.0,1.703655
gaussian,gaussian,250,200,0.6,20,239,203,13,190,191,1,190,0.06403940886699508,1.0,0.005235602094240838,1.0,210,20,190,192,2,190,0.09523809523809523,1.0,0.010416666666666666,1.0,3.6217075431587884,203,13,190,0.06403940886699508,1.0,3.400566178048245,212,22,190,0.10377358490566038,1.0,3.6217075431587884,203,13,190,0.06403940886699508,1.0,3.426109422911853,209,19,190,0.09090909090909091,1.0,1.69222
gaussian,gaussian,250,200,0.6,20,240,198,8,190,191,1,190,0.04040404040404041,1.0,0.005235602094240838,1.0,207,17,190,192,2,190,0.0821256038647343,1.0,0.010416666666666666,1.0,3.6086278600956354,200,10,190,0.05,1.0,3.4217935282488647,207,17,190,0.0821256038647343,1.0,3.6456985447923276,198,8,190,0.04040404040404041,1.0,3.43123218819743,206,16,190,0.07766990291262135,1.0,1.684099
gaussian,gaussian,250,200,0.6,20,241,200,10,190,189,0,189,0.05,1.0,0.0,0.9947368421052631,216,26,190,190,0,190,0.12037037037037036,1.0,0.0,1.0,3.596116853975313,203,13,190,0.06403940886699508,1.0,3.401236353901276,218,28,190,0.12844036697247707,1.0,3.655841911266712,200,10,190,0.05,1.0,3.4341740183085174,216,26,190,0.12037037037037036,1.0,1.755393
gaussian,gaussian,250,200,0.6,20,242,194,4,190,189,0,189,0.020618556701030927,1.0,0.0,0.9947368421052631,207,17,190,189,0,189,0.0821256038647343,1.0,0.0,0.9947368421052631,3.6435436001746973,194,4,190,0.020618556701030927,1.0,3.4106028261256913,208,18,190,0.08653846153846154,1.0,3.6435436001746973,194,4,190,0.020618556701030927,1.0,3.4355535852998385,204,14,190,0.06862745098039216,1.0,1.594271
gaussian,gaussian,250,200,0.6,20,243,200,10,190,191,1,190,0.05,1.0,0.005235602094240838,1.0,213,23,190,191,1,190,0.107981220657277,1.0,0.005235602094240838,1.0,3.6185929521481217,199,9,190,0.04522613065326633,1.0,3.411236001216535,211,21,190,0.0995260663507109,1.0,3.6185929521481217,199,9,190,0.04522613065326633,1.0,3.411236001216535,211,21,190,0.0995260663507109,1.0,1.842208
gaussian,gaussian,250,200,0.6,20,244,198,8,190,187,0,187,0.04040404040404041,1.0,0.0,0.9842105263157894,205,15,190,190,2,188,0.07317073170731707,1.0,0.010526315789473684,0.9894736842105263,3.6133305923338366,199,9,190,0.04522613065326633,1.0,3.4197429118936475,205,15,190,0.07317073170731707,1.0,3.64743111145655,198,8,190,0.04040404040404041,1.0,3.4197429118936475,205,15,190,0.07317073170731707,1.0,1.750418
gaussian,gaussian,250,200,0.6,20,245,200,10,190,193,3,190,0.05,1.0,0.015544041450777202,1.0,207,17,190,195,5,190,0.0821256038647343,1.0,0.02564102564102564,1.0,3.6621227263393945,200,10,190,0.05,1.0,3.4019450601105707,209,19,190,0.09090909090909091,1.0,3.6621227263393945,200,10,190,0.05,1.0,3.4653794767899853,207,17,190,0.0821256038647343,1.0,1.667046
gaussian,gaussian,250,200,0.6,20,246,201,11,190,190,1,189,0.05472636815920398,1.0,0.005263157894736842,0.9947368421052631,215,25,190,191,1,190,0.11627906976744186,1.0,0.005235602094240838,1.0,3.61190926461877,200,10,190,0.05,1.0,3.397964586919276,216,26,190,0.12037037037037036,1.0,3.6479909356120155,198,8,190,0.04040404040404041,1.0,3.428907448441456,215,25,190,0.11627906976744186,1.0,1.708524
gaussian,gaussian,250,200,0.6,20,247,204,14,190,190,1,189,0.06862745098039216,1.0,0.005263157894736842,0.9947368421052631,221,31,190,191,1,190,0.14027149321266968,1.0,0.005235602094240838,1.0,3.639378892909554,204,14,190,0.06862745098039216,1.0,3.386891248000897,221,31,190,0.14027149321266968,1.0,3.639378892909554,204,14,190,0.06862745098039216,1.0,3.4120762563600877,219,29,190,0.1324200913242009,1.0,1.615399
gaussian,gaussian,250,200,0.6,20,248,198,8,190,191,1,190,0.04040404040404041,1.0,0.005235602094240838,1.0,206,16,190,191,1,190,0.07766990291262135,1.0,0.005235602094240838,1.0,3.62446937328317,198,8,190,0.04040404040404041,1.0,3.413596680717445,207,17,190,0.0821256038647343,1.0,3.642884100582556,197,7,190,0.03553299492385787,1.0,3.435393065230571,205,15,190,0.07317073170731707,1.0,1.725735
gaussian,gaussian,250,200,0.6,20,249,195,5,190,190,0,190,0.02564102564102564,1.0,0.0,1.0,205,15,190,190,0,190,0.07317073170731707,1.0,0.0,1.0,3.605134047737061,197,7,190,0.03553299492385787,1.0,3.4050705036266073,206,16,190,0.07766990291262135,1.0,3.6467294515553403,195,5,190,0.02564102564102564,1.0,3.4413696305148145,201,11,190,0.05472636815920398,1.0,1.751806
gaussian,gaussian,250,200,0.6,20,250,198,8,190,191,1,190,0.04040404040404041,1.0,0.005235602094240838,1.0,204,14,190,193,3,190,0.06862745098039216,1.0,0.015544041450777202,1.0,3.6022180884796033,199,9,190,0.04522613065326633,1.0,3.425108815304255,204,14,190,0.06862745098039216,1.0,3.6239560620141735,198,8,190,0.04040404040404041,1.0,3.4363051471837665,203,13,190,0.06403940886699508,1.0,1.741416
gaussian,gaussian,250,200,0.6,20,251,199,12,187,183,0,183,0.06030150753768844,0.9842105263157894,0.0,0.9631578947368421,215,26,189,187,1,186,0.12093023255813953,0.9947368421052631,0.0053475935828877,0.9789473684210527,3.617452397742524,202,12,190,0.0594059405940594,1.0,3.393209212297595,217,27,190,0.12442396313364056,1.0,3.680815408144674,200,10,190,0.05,1.0,3.425261471042308,216,26,190,0.12037037037037036,1.0,1.690942
gaussian,gaussian,250,200,0.6,20,252,196,7,189,190,1,189,0.03571428571428571,0.9947368421052631,0.005263157894736842,0.9947368421052631,206,16,190,191,2,189,0.07766990291262135,1.0,0.010471204188481676,0.9947368421052631,3.6389048550620298,198,8,190,0.04040404040404041,1.0,3.4144942498300934,205,15,190,0.07317073170731707,1.0,3.6389048550620298,198,8,190,0.04040404040404041,1.0,3.4500987505972645,203,13,190,0.06403940886699508,1.0,1.670233
gaussian,gaussian,250,200,0.6,20,253,199,9,190,188,0,188,0.04522613065326633,1.0,0.0,0.9894736842105263,217,27,190,189,0,189,0.12442396313364056,1.0,0.0,0.9947368421052631,3.599658255115998,200,10,190,0.05,1.0,3.39104492304064,219,29,190,0.1324200913242009,1.0,3.638547633936223,198,8,190,0.04040404040404041,1.0,3.415856518585435,216,26,190,0.12037037037037036,1.0,1.657349
gaussian,gaussian,250,200,0.6,20,254,199,9,190,191,1,190,0.04522613065326633,1.0,0.005235602094240838,1.0,207,17,190,193,3,190,0.0821256038647343,1.0,0.015544041450777202,1.0,3.601297729022856,200,10,190,0.05,1.0,3.4179412964241553,208,18,190,0.08653846153846154,1.0,3.7003539365563114,199,9,190,0.04522613065326633,1.0,3.4250799393717855,207,17,190,0.0821256038647343,1.0,1.721546
gaussian,gaussian,250,200,0.6,20,255,202,12,190,189,0,189,0.0594059405940594,1.0,0.0,0.9947368421052631,216,26,190,194,4,190,0.12037037037037036,1.0,0.020618556701030927,1.0,3.6320599008318672,202,12,190,0.0594059405940594,1.0,3.3914812324881836,217,27,190,0.12442396313364056,1.0,3.6320599008318672,202,12,190,0.0594059405940594,1.0,3.4137427978954173,215,25,190,0.11627906976744186,1.0,1.86996
gaussian,gaussian,250,200,0.6,20,256,200,10,190,191,1,190,0.05,1.0,0.005235602094240838,1.0,212,22,190,192,2,190,0.10377358490566038,1.0,0.010416666666666666,1.0,3.620326043509873,200,10,190,0.05,1.0,3.4119092926006656,213,23,190,0.107981220657277,1.0,3.7862294954513276,197,7,190,0.03553299492385787,1.0,3.4286671925844447,211,21,190,0.0995260663507109,1.0,1.626134
gaussian,gaussian,250,200,0.6,20,257,200,10,190,186,0,186,0.05,1.0,0.0,0.9789473684210527,205,15,190,189,1,188,0.07317073170731707,1.0,0.005291005291005291,0.9894736842105263,3.6131453071350794,200,10,190,0.05,1.0,3.4346457844966873,206,16,190,0.07766990291262135,1.0,3.6574424292832077,199,9,190,0.04522613065326633,1.0,3.4346457844966873,206,16,190,0.07766990291262135,1.0,1.754848
gaussian,gaussian,250,200,0.6,20,258,196,6,190,187,0,187,0.030612244897959183,1.0,0.0,0.9842105263157894,210,20,190,189,0,189,0.09523809523809523,1.0,0.0,0.9947368421052631,3.6433086474620526,196,6,190,0.030612244897959183,1.0,3.401853258052707,211,21,190,0.0995260663507109,1.0,3.6433086474620526,196,6,190,0.030612244897959183,1.0,3.440683639863024,207,17,190,0.0821256038647343,1.0,1.620882
gaussian,gaussian,250,200,0.6,20,259,200,10,190,192,2,190,0.05,1.0,0.010416666666666666,1.0,208,18,190,195,5,190,0.08653846153846154,1.0,0.02564102564102564,1.0,3.620229905278413,200,10,190,0.05,1.0,3.4138452741151246,208,18,190,0.08653846153846154,1.0,3.620229905278413,200,10,190,0.05,1.0,3.45255937791595,207,17,190,0.0821256038647343,1.0,1.685203
gaussian,gaussian,250,200,0.6,20,260,193,4,189,185,0,185,0.02072538860103627,0.9947368421052631,0.0,0.9736842105263158,198,9,189,188,0,188,0.045454545454545456,0.9947368421052631,0.0,0.9894736842105263,3.607807583987876,195,6,189,0.03076923076923077,0.9947368421052631,3.415359317902887,201,12,189,0.05970149253731343,0.9947368421052631,3.649371419747187,194,5,189,0.02577319587628866,0.9947368421052631,3.455748122013244,198,9,189,0.045454545454545456,0.9947368421052631,1.65
gaussian,gaussian,250,200,0.6,20,261,199,9,190,191,1,190,0.04522613065326633,1.0,0.005235602094240838,1.0,211,21,190,191,1,190,0.0995260663507109,1.0,0.005235602094240838,1.0,3.613736373202923,199,9,190,0.04522613065326633,1.0,3.404898533325068,210,20,190,0.09523809523809523,1.0,3.624000751896813,198,8,190,0.04040404040404041,1.0,3.4266145268817705,209,19,190,0.09090909090909091,1.0,1.920741
gaussian,gaussian,250,200,0.6,20,262,202,12,190,189,0,189,0.0594059405940594,1.0,0.0,0.9947368421052631,216,26,190,191,2,189,0.12037037037037036,1.0,0.010471204188481676,0.9947368421052631,3.657685485415918,202,12,190,0.0594059405940594,1.0,3.4088314539299147,216,26,190,0.12037037037037036,1.0,3.657685485415918,202,12,190,0.0594059405940594,1.0,3.4470588157548905,212,22,190,0.10377358490566038,1.0,1.678871
gaussian,gaussian,250,200,0.6,20,263,198,8,190,190,1,189,0.04040404040404041,1.0,0.005263157894736842,0.9947368421052631,209,19,190,193,3,190,0.09090909090909091,1.0,0.015544041450777202,1.0,3.65829204438333,198,8,190,0.04040404040404041,1.0,3.4129472202900346,206,16,190,0.07766990291262135,1.0,3.65829204438333,198,8,190,0.04040404040404041,1.0,3.4129472202900346,206,16,190,0.07766990291262135,1.0,1.609364
gaussian,gaussian,250,200,0.6,20,264,200,10,190,190,0,190,0.05,1.0,0.0,1.0,208,18,190,191,1,190,0.08653846153846154,1.0,0.005235602094240838,1.0,3.5994586704491294,200,10,190,0.05,1.0,3.400589656352332,210,20,190,0.09523809523809523,1.0,3.633743287904773,198,8,190,0.04040404040404041,1.0,3.45058064595157,208,18,190,0.08653846153846154,1.0,1.777306
gaussian,gaussian,250,200,0.6,20,265,197,7,190,191,1,190,0.03553299492385787,1.0,0.005235602094240838,1.0,203,13,190,192,2,190,0.06403940886699508,1.0,0.010416666666666666,1.0,3.6072649288825662,196,6,190,0.030612244897959183,1.0,3.409618381058203,204,14,190,0.06862745098039216,1.0,3.7262636096777753,195,5,190,0.02564102564102564,1.0,3.500541163978914,201,11,190,0.05472636815920398,1.0,1.643402
gaussian,gaussian,250,200,0.6,20,266,196,6,190,191,1,190,0.030612244897959183,1.0,0.005235602094240838,1.0,201,11,190,191,1,190,0.05472636815920398,1.0,0.005235602094240838,1.0,3.6038027441153995,197,7,190,0.03553299492385787,1.0,3.4112549171755435,203,13,190,0.06403940886699508,1.0,3.6398340876325195,196,6,190,0.030612244897959183,1.0,3.4517607253527753,201,11,190,0.05472636815920398,1.0,1.673874
gaussian,gaussian,250,200,0.6,20,267,197,7,190,189,0,189,0.03553299492385787,1.0,0.0,0.9947368421052631,211,21,190,189,0,189,0.0995260663507109,1.0,0.0,0.9947368421052631,3.606151323533237,197,7,190,0.03553299492385787,1.0,3.40040939647444,210,20,190,0.09523809523809523,1.0,3.669891078190731,195,5,190,0.02564102564102564,1.0,3.4369841457490944,209,19,190,0.09090909090909091,1.0,1.84935
gaussian,gaussian,250,200,0.6,20,268,200,10,190,190,0,190,0.05,1.0,0.0,1.0,209,19,190,190,0,190,0.09090909090909091,1.0,0.0,1.0,3.636965077250342,200,10,190,0.05,1.0,3.414877016468753,208,18,190,0.08653846153846154,1.0,3.636965077250342,200,10,190,0.05,1.0,3.40023591709466,209,19,190,0.09090909090909091,1.0,1.700549
gaussian,gaussian,250,200,0.6,20,269,198,8,190,188,2,186,0.04040404040404041,1.0,0.010638297872340425,0.9789473684210527,206,16,190,192,2,190,0.07766990291262135,1.0,0.010416666666666666,1.0,3.6086390290536396,199,9,190,0.04522613065326633,1.0,3.442594718982856,205,15,190,0.07317073170731707,1.0,3.6219775390144795,198,8,190,0.04040404040404041,1.0,3.442594718982856,205,15,190,0.07317073170731707,1.0,1.666317
gaussian,gaussian,250,200,0.6,20,270,199,9,190,190,0,190,0.04522613065326633,1.0,0.0,1.0,212,22,190,191,1,190,0.10377358490566038,1.0,0.005235602094240838,1.0,3.6335515095367783,199,9,190,0.04522613065326633,1.0,3.3959919705976036,214,24,190,0.11214953271028037,1.0,3.6507604984510023,198,8,190,0.04040404040404041,1.0,3.478065290355573,210,20,190,0.09523809523809523,1.0,1.786014
gaussian,gaussian,250,200,0.6,20,271,201,11,190,189,0,189,0.05472636815920398,1.0,0.0,0.9947368421052631,212,22,190,191,1,190,0.10377358490566038,1.0,0.005235602094240838,1.0,3.615421408870086,201,11,190,0.05472636815920398,1.0,3.3987940590059913,211,21,190,0.0995260663507109,1.0,3.615421408870086,201,11,190,0.05472636815920398,1.0,3.419981727194806,210,20,190,0.09523809523809523,1.0,1.666855
gaussian,gaussian,250,200,0.6,20,272,198,9,189,188,0,188,0.045454545454545456,0.9947368421052631,0.0,0.9894736842105263,209,19,190,188,0,188,0.09090909090909091,1.0,0.0,0.9894736842105263,3.598905410330401,199,9,190,0.04522613065326633,1.0,3.417306688447596,208,18,190,0.08653846153846154,1.0,3.6439219795588462,198,8,190,0.04040404040404041,1.0,3.4478900349428265,204,14,190,0.06862745098039216,1.0,1.639573
gaussian,gaussian,250,200,0.6,20,273,198,8,190,192,2,190,0.04040404040404041,1.0,0.010416666666666666,1.0,208,18,190,192,2,190,0.08653846153846154,1.0,0.010416666666666666,1.0,3.6044270584148435,197,7,190,0.03553299492385787,1.0,3.4025201356150108,208,18,190,0.08653846153846154,1.0,3.6287208168772316,196,6,190,0.030612244897959183,1.0,3.447213332128439,206,16,190,0.07766990291262135,1.0,1.848718
gaussian,gaussian,250,200,0.6,20,274,197,7,190,191,1,190,0.03553299492385787,1.0,0.005235602094240838,1.0,211,21,190,191,1,190,0.0995260663507109,1.0,0.005235602094240838,1.0,3.642099319508007,198,8,190,0.04040404040404041,1.0,3.3993052678153033,215,25,190,0.11627906976744186,1.0,3.6689820525974044,197,7,190,0.03553299492385787,1.0,3.4589035779603656,209,19,190,0.09090909090909091,1.0,1.673965
gaussian,gaussian,250,200,0.6,20,275,201,11,190,191,1,190,0.05472636815920398,1.0,0.005235602094240838,1.0,208,18,190,192,2,190,0.08653846153846154,1.0,0.010416666666666666,1.0,3.6018635862854635,200,10,190,0.05,1.0,3.4190461571666453,208,18,190,0.08653846153846154,1.0,3.6018635862854635,200,10,190,0.05,1.0,3.4190461571666453,208,18,190,0.08653846153846154,1.0,1.692787
gaussian,gaussian,250,200,0.6,20,276,197,7,190,190,0,190,0.03553299492385787,1.0,0.0,1.0,210,20,190,191,1,190,0.09523809523809523,1.0,0.005235602094240838,1.0,3.7047518812094857,197,7,190,0.03553299492385787,1.0,3.4334088493912334,210,20,190,0.09523809523809523,1.0,3.7047518812094857,197,7,190,0.03553299492385787,1.0,3.4334088493912334,210,20,190,0.09523809523809523,1.0,1.648277
gaussian,gaussian,250,200,0.6,20,277,204,14,190,189,1,188,0.06862745098039216,1.0,0.005291005291005291,0.9894736842105263,213,23,190,194,5,189,0.107981220657277,1.0,0.02577319587628866,0.9947368421052631,3.6250015058003884,204,14,190,0.06862745098039216,1.0,3.40027686513044,214,24,190,0.11214953271028037,1.0,3.6250015058003884,204,14,190,0.06862745098039216,1.0,3.4381329218402072,210,20,190,0.09523809523809523,1.0,1.753725
gaussian,gaussian,250,200,0.6,20,278,205,15,190,191,1,190,0.07317073170731707,1.0,0.005235602094240838,1.0,218,28,190,191,1,190,0.12844036697247707,1.0,0.005235602094240838,1.0,3.602710458394295,205,15,190,0.07317073170731707,1.0,3.387558702918684,221,31,190,0.14027149321266968,1.0,3.660520554519856,202,12,190,0.0594059405940594,1.0,3.4339494103686294,217,27,190,0.12442396313364056,1.0,1.66294
gaussian,gaussian,250,200,0.6,20,279,197,7,190,192,2,190,0.03553299492385787,1.0,0.010416666666666666,1.0,214,24,190,193,3,190,0.11214953271028037,1.0,0.015544041450777202,1.0,3.6182192014357883,197,7,190,0.03553299492385787,1.0,3.3966965073621265,214,24,190,0.11214953271028037,1.0,3.7083213812355806,196,6,190,0.030612244897959183,1.0,3.4301376432915522,210,20,190,0.09523809523809523,1.0,1.735963
gaussian,gaussian,250,200,0.6,20,280,200,10,190,191,1,190,0.05,1.0,0.005235602094240838,1.0,207,17,190,191,1,190,0.0821256038647343,1.0,0.005235602094240838,1.0,3.6141044354917566,201,11,190,0.05472636815920398,1.0,3.4030160270171366,209,19,190,0.09090909090909091,1.0,3.6421024459900253,200,10,190,0.05,1.0,3.446207771790856,207,17,190,0.0821256038647343,1.0,1.82639
gaussian,gaussian,250,200,0.6,20,281,197,7,190,189,0,189,0.03553299492385787,1.0,0.0,0.9947368421052631,205,15,190,190,0,190,0.07317073170731707,1.0,0.0,1.0,3.605049306972313,197,7,190,0.03553299492385787,1.0,3.422150427125911,205,15,190,0.07317073170731707,1.0,3.6739192293754357,196,6,190,0.030612244897959183,1.0,3.4606742108393664,201,11,190,0.05472636815920398,1.0,1.609775
gaussian,gaussian,250,200,0.6,20,282,206,16,190,192,3,189,0.07766990291262135,1.0,0.015625,0.9947368421052631,215,25,190,195,5,190,0.11627906976744186,1.0,0.02564102564102564,1.0,3.600289000164854,204,14,190,0.06862745098039216,1.0,3.3952544677002487,215,25,190,0.11627906976744186,1.0,3.600289000164854,204,14,190,0.06862745098039216,1.0,3.4280894314813257,214,24,190,0.11214953271028037,1.0,1.746048
gaussian,gaussian,250,200,0.6,20,283,198,8,190,190,1,189,0.04040404040404041,1.0,0.005263157894736842,0.9947368421052631,209,19,190,191,2,189,0.09090909090909091,1.0,0.010471204188481676,0.9947368421052631,3.735603487108642,198,8,190,0.04040404040404041,1.0,3.414658724870376,209,19,190,0.09090909090909091,1.0,3.735603487108642,198,8,190,0.04040404040404041,1.0,3.438715612794808,207,17,190,0.0821256038647343,1.0,1.674938
gaussian,gaussian,250,200,0.6,20,284,198,8,190,189,0,189,0.04040404040404041,1.0,0.0,0.9947368421052631,211,21,190,190,0,190,0.0995260663507109,1.0,0.0,1.0,3.6059293483419674,198,8,190,0.04040404040404041,1.0,3.412897278817715,211,21,190,0.0995260663507109,1.0,3.6361019027018604,196,6,190,0.030612244897959183,1.0,3.435052258690263,208,18,190,0.08653846153846154,1.0,1.712421
gaussian,gaussian,250,200,0.6,20,285,196,6,190,192,2,190,0.030612244897959183,1.0,0.010416666666666666,1.0,205,15,190,192,2,190,0.07317073170731707,1.0,0.010416666666666666,1.0,3.602989326970991,196,6,190,0.030612244897959183,1.0,3.419434384821343,205,15,190,0.07317073170731707,1.0,3.6361823762001557,195,5,190,0.02564102564102564,1.0,3.419434384821343,205,15,190,0.07317073170731707,1.0,1.855963
gaussian,gaussian,250,200,0.6,20,286,202,12,190,191,1,190,0.0594059405940594,1.0,0.005235602094240838,1.0,220,30,190,191,1,190,0.13636363636363635,1.0,0.005235602094240838,1.0,3.6167170053827205,202,12,190,0.0594059405940594,1.0,3.3976699401909447,219,29,190,0.1324200913242009,1.0,3.6521794047889853,200,10,190,0.05,1.0,3.427547925389314,217,27,190,0.12442396313364056,1.0,1.666285
gaussian,gaussian,250,200,0.6,20,287,197,7,190,190,0,190,0.03553299492385787,1.0,0.0,1.0,214,24,190,190,0,190,0.11214953271028037,1.0,0.0,1.0,3.629481989860685,197,7,190,0.03553299492385787,1.0,3.397842158514488,216,26,190,0.12037037037037036,1.0,3.629481989860685,197,7,190,0.03553299492385787,1.0,3.4273700151824147,212,22,190,0.10377358490566038,1.0,1.700227
gaussian,gaussian,250,200,0.6,20,288,201,11,190,190,0,190,0.05472636815920398,1.0,0.0,1.0,212,22,190,191,1,190,0.10377358490566038,1.0,0.005235602094240838,1.0,3.644593094395957,201,11,190,0.05472636815920398,1.0,3.4061455373724665,212,22,190,0.10377358490566038,1.0,3.644593094395957,201,11,190,0.05472636815920398,1.0,3.4413442377269585,210,20,190,0.09523809523809523,1.0,1.644812
gaussian,gaussian,250,200,0.6,20,289,205,15,190,191,1,190,0.07317073170731707,1.0,0.005235602094240838,1.0,218,28,190,193,3,190,0.12844036697247707,1.0,0.015544041450777202,1.0,3.618446764689185,205,15,190,0.07317073170731707,1.0,3.399954761003929,218,28,190,0.12844036697247707,1.0,3.618446764689185,205,15,190,0.07317073170731707,1.0,3.42845379943865,216,26,190,0.12037037037037036,1.0,1.682175
gaussian,gaussian,250,200,0.6,20,290,200,10,190,192,2,190,0.05,1.0,0.010416666666666666,1.0,205,15,190,195,5,190,0.07317073170731707,1.0,0.02564102564102564,1.0,3.6582067808241368,200,10,190,0.05,1.0,3.4330568808453186,205,15,190,0.07317073170731707,1.0,3.6582067808241368,200,10,190,0.05,1.0,3.442084987986041,204,14,190,0.06862745098039216,1.0,1.749775
gaussian,gaussian,250,200,0.6,20,291,200,10,190,188,0,188,0.05,1.0,0.0,0.9894736842105263,212,22,190,189,0,189,0.10377358490566038,1.0,0.0,0.9947368421052631,3.6148177339706233,199,9,190,0.04522613065326633,1.0,3.39999940805351,212,22,190,0.10377358490566038,1.0,3.635799956113561,198,8,190,0.04040404040404041,1.0,3.4301474317447656,210,20,190,0.09523809523809523,1.0,1.8526
gaussian,gaussian,250,200,0.6,20,292,200,10,190,190,1,189,0.05,1.0,0.005263157894736842,0.9947368421052631,213,23,190,190,1,189,0.107981220657277,1.0,0.005263157894736842,0.9947368421052631,3.6193004499847796,199,9,190,0.04522613065326633,1.0,3.4130239413450885,213,23,190,0.107981220657277,1.0,3.6193004499847796,199,9,190,0.04522613065326633,1.0,3.4647050974863753,210,20,190,0.09523809523809523,1.0,1.696682
gaussian,gaussian,250,200,0.6,20,293,200,10,190,189,0,189,0.05,1.0,0.0,0.9947368421052631,211,21,190,191,1,190,0.0995260663507109,1.0,0.005235602094240838,1.0,3.693203365849463,198,8,190,0.04040404040404041,1.0,3.4075511418461844,210,20,190,0.09523809523809523,1.0,3.693203365849463,198,8,190,0.04040404040404041,1.0,3.4418406714827743,209,19,190,0.09090909090909091,1.0,1.657231
gaussian,gaussian,250,200,0.6,20,294,196,6,190,190,0,190,0.030612244897959183,1.0,0.0,1.0,206,16,190,190,0,190,0.07766990291262135,1.0,0.0,1.0,3.6038498901088425,198,8,190,0.04040404040404041,1.0,3.405502975519084,209,19,190,0.09090909090909091,1.0,3.703266607234488,196,6,190,0.030612244897959183,1.0,3.455961878409098,204,14,190,0.06862745098039216,1.0,1.690124
gaussian,gaussian,250,200,0.6,20,295,197,7,190,190,0,190,0.03553299492385787,1.0,0.0,1.0,218,28,190,190,0,190,0.12844036697247707,1.0,0.0,1.0,3.6045498758206826,198,8,190,0.04040404040404041,1.0,3.3943869679788885,218,28,190,0.12844036697247707,1.0,3.6650951291405827,195,5,190,0.02564102564102564,1.0,3.405832665172751,217,27,190,0.12442396313364056,1.0,1.693125
gaussian,gaussian,250,200,0.6,20,296,198,8,190,191,1,190,0.04040404040404041,1.0,0.005235602094240838,1.0,205,15,190,191,1,190,0.07317073170731707,1.0,0.005235602094240838,1.0,3.630835946309361,197,7,190,0.03553299492385787,1.0,3.4485917146325518,205,15,190,0.07317073170731707,1.0,3.630835946309361,197,7,190,0.03553299492385787,1.0,3.4485917146325518,205,15,190,0.07317073170731707,1.0,1.729759
gaussian,gaussian,250,200,0.6,20,297,204,14,190,191,1,190,0.06862745098039216,1.0,0.005235602094240838,1.0,217,27,190,192,2,190,0.12442396313364056,1.0,0.010416666666666666,1.0,3.5998242168029106,204,14,190,0.06862745098039216,1.0,3.398175856994206,218,28,190,0.12844036697247707,1.0,3.6504956764421572,201,11,190,0.05472636815920398,1.0,3.4248635456945875,216,26,190,0.12037037037037036,1.0,1.779714
gaussian,gaussian,250,200,0.6,20,298,202,12,190,191,1,190,0.0594059405940594,1.0,0.005235602094240838,1.0,214,24,190,193,3,190,0.11214953271028037,1.0,0.015544041450777202,1.0,3.606998019391911,202,12,190,0.0594059405940594,1.0,3.404111153188445,214,24,190,0.11214953271028037,1.0,3.6420300359611515,201,11,190,0.05472636815920398,1.0,3.447646730021131,212,22,190,0.10377358490566038,1.0,1.699899
gaussian,gaussian,250,200,0.6,20,299,198,10,188,187,4,183,0.050505050505050504,0.9894736842105263,0.0213903743315508,0.9631578947368421,216,27,189,190,4,186,0.125,0.9947368421052631,0.021052631578947368,0.9789473684210527,3.630175412832761,199,10,189,0.05025125628140704,0.9947368421052631,3.3948823957397316,215,26,189,0.12093023255813953,0.9947368421052631,3.6383247770128087,198,9,189,0.045454545454545456,0.9947368421052631,3.4262121148968507,211,22,189,0.10426540284360189,0.9947368421052631,1.606897
