model,x_model,p,n,rho,block,seed,R_bh_0.05,V_bh_0.05,S_bh_0.05,R_by_0.05,V_by_0.05,S_by_0.05,fdr_bh_0.05,power_bh_0.05,fdr_by_0.05,power_by_0.05,R_bh_0.1,V_bh_0.1,S_bh_0.1,R_by_0.1,V_by_0.1,S_by_0.1,fdr_bh_0.1,power_bh_0.1,fdr_by_0.1,power_by_0.1,t_lct_0.05,R_lct_0.05,V_lct_0.05,S_lct_0.05,fdr_lct_0.05,power_lct_0.05,t_lct_0.1,R_lct_0.1,V_lct_0.1,S_lct_0.1,fdr_lct_0.1,power_lct_0.1,t_lctb_0.05_B100,R_lctb_0.05_B100,V_lctb_0.05_B100,S_lctb_0.05_B100,fdr_lctb_0.05_B100,power_lctb_0.05_B100,t_lctb_0.1_B100,R_lctb_0.1_B100,V_lctb_0.1_B100,S_lctb_0.1_B100,fdr_lctb_0.1_B100,power_lctb_0.1_B100,wall_time_s
exp_cl,exp_cl,250,200,0.5,20,0,185,9,176,151,0,151,0.04864864864864865,0.9263157894736842,0.0,0.7947368421052632,208,24,184,160,1,159,0.11538461538461539,0.968421052631579,0.00625,0.8368421052631579,3.8157978785035067,88,0,88,0.0,0.4631578947368421,3.588289724157131,105,0,105,0.0,0.5526315789473685,2.2870257835601278,184,6,178,0.03260869565217391,0.9368421052631579,2.154159010406956,194,12,182,0.061855670103092786,0.9578947368421052,1.678961
exp_cl,exp_cl,250,200,0.5,20,1,195,11,184,160,1,159,0.05641025641025641,0.968421052631579,0.00625,0.8368421052631579,208,24,184,169,2,167,0.11538461538461539,0.968421052631579,0.011834319526627219,0.8789473684210526,3.7570574930264753,114,0,114,0.0,0.6,3.5403270945017518,130,0,130,0.0,0.6842105263157895,2.3117520528080853,186,8,178,0.043010752688172046,0.9368421052631579,2.158714364153982,204,21,183,0.10294117647058823,0.9631578947368421,1.90371
exp_cl,exp_cl,250,200,0.5,20,2,198,18,180,158,0,158,0.09090909090909091,0.9473684210526315,0.0,0.8315789473684211,208,25,183,168,1,167,0.1201923076923077,0.9631578947368421,0.005952380952380952,0.8789473684210526,3.822102056601771,83,0,83,0.0,0.4368421052631579,3.632408272339899,99,0,99,0.0,0.5210526315789473,2.2923680885854925,192,13,179,0.06770833333333333,0.9421052631578948,2.1514330028681607,202,20,182,0.09900990099009901,0.9578947368421052,1.762451
exp_cl,exp_cl,250,200,0.5,20,3,203,19,184,168,1,167,0.09359605911330049,0.968421052631579,0.005952380952380952,0.8789473684210526,226,40,186,176,1,175,0.17699115044247787,0.9789473684210527,0.005681818181818182,0.9210526315789473,3.7828553945939913,105,0,105,0.0,0.5526315789473685,3.578018081130555,115,0,115,0.0,0.6052631578947368,2.3178566309745983,191,8,183,0.041884816753926704,0.9631578947368421,2.153551220771723,208,24,184,0.11538461538461539,0.968421052631579,1.685347
exp_cl,exp_cl,250,200,0.5,20,4,207,17,190,191,2,189,0.0821256038647343,1.0,0.010471204188481676,0.9947368421052631,221,31,190,194,5,189,0.14027149321266968,1.0,0.02577319587628866,0.9947368421052631,3.64389409120262,175,0,175,0.0,0.9210526315789473,3.4540746875477977,181,0,181,0.0,0.9526315789473684,2.281977014044517,199,9,190,0.04522613065326633,1.0,2.1186576273824276,212,22,190,0.10377358490566038,1.0,1.765954
exp_cl,exp_cl,250,200,0.5,20,5,203,17,186,180,1,179,0.08374384236453201,0.9789473684210527,0.005555555555555556,0.9421052631578948,214,27,187,182,2,180,0.1261682242990654,0.9842105263157894,0.01098901098901099,0.9473684210526315,3.6780362104976585,147,0,147,0.0,0.7736842105263158,3.522860854092776,160,0,160,0.0,0.8421052631578947,2.2997253595390448,201,14,187,0.06965174129353234,0.9842105263157894,2.1699408845101553,210,22,188,0.10476190476190476,0.9894736842105263,1.707904
exp_cl,exp_cl,250,200,0.5,20,6,199,17,182,170,4,166,0.08542713567839195,0.9578947368421052,0.023529411764705882,0.8736842105263158,210,28,182,177,5,172,0.13333333333333333,0.9578947368421052,0.02824858757062147,0.9052631578947369,3.733648534274594,118,0,118,0.0,0.6210526315789474,3.5593644038500876,126,0,126,0.0,0.6631578947368421,2.2556688994192777,196,16,180,0.08163265306122448,0.9473684210526315,2.127669001049346,207,22,185,0.10628019323671498,0.9736842105263158,1.763106
exp_cl,exp_cl,250,200,0.5,20,7,196,9,187,182,0,182,0.04591836734693878,0.9842105263157894,0.0,0.9578947368421052,209,21,188,186,2,184,0.10047846889952153,0.9894736842105263,0.010752688172043012,0.968421052631579,3.6900897713565315,162,0,162,0.0,0.8526315789473684,3.4595388000291414,171,0,171,0.0,0.9,2.3381683141900527,192,4,188,0.020833333333333332,0.9894736842105263,2.1926524370399227,203,14,189,0.06896551724137931,0.9947368421052631,1.857306
exp_cl,exp_cl,250,200,0.5,20,8,202,14,188,184,2,182,0.06930693069306931,0.9894736842105263,0.010869565217391304,0.9578947368421052,219,30,189,191,6,185,0.136986301369863,0.9947368421052631,0.031413612565445025,0.9736842105263158,3.6576792153454574,166,0,166,0.0,0.8736842105263158,3.495573188481853,173,0,173,0.0,0.9105263157894737,2.3793300926681735,199,10,189,0.05025125628140704,0.9947368421052631,2.212264146649702,206,16,190,0.07766990291262135,1.0,1.681425
exp_cl,exp_cl,250,200,0.5,20,9,186,7,179,166,1,165,0.03763440860215054,0.9421052631578948,0.006024096385542169,0.868421052631579,207,22,185,173,2,171,0.10628019323671498,0.9736842105263158,0.011560693641618497,0.9,3.7096770439864737,137,0,137,0.0,0.7210526315789474,3.498901228922849,149,0,149,0.0,0.7842105263157895,2.2918845405958215,190,6,184,0.031578947368421054,0.968421052631579,2.169081461179288,203,18,185,0.08866995073891626,0.9736842105263158,1.699016
exp_cl,exp_cl,250,200,0.5,20,10,207,18,189,181,2,179,0.08695652173913043,0.9947368421052631,0.011049723756906077,0.9421052631578948,222,33,189,188,5,183,0.14864864864864866,0.9947368421052631,0.026595744680851064,0.9631578947368421,3.6631933659604785,157,0,157,0.0,0.8263157894736842,3.478078048689758,166,0,166,0.0,0.8736842105263158,2.308625362988101,205,15,190,0.07317073170731707,1.0,2.221565870859956,210,20,190,0.09523809523809523,1.0,1.697116
exp_cl,exp_cl,250,200,0.5,20,11,207,18,189,188,2,186,0.08695652173913043,0.9947368421052631,0.010638297872340425,0.9789473684210527,232,43,189,192,4,188,0.1853448275862069,0.9947368421052631,0.020833333333333332,0.9894736842105263,3.647025884732946,167,0,167,0.0,0.8789473684210526,3.4612646058558383,176,0,176,0.0,0.9263157894736842,2.3248785841841704,197,9,188,0.04568527918781726,0.9894736842105263,2.16402680646831,211,22,189,0.10426540284360189,0.9947368421052631,1.743028
exp_cl,exp_cl,250,200,0.5,20,12,193,12,181,164,3,161,0.06217616580310881,0.9526315789473684,0.018292682926829267,0.8473684210526315,212,26,186,175,5,170,0.12264150943396226,0.9789473684210527,0.02857142857142857,0.8947368421052632,3.77553420993139,109,0,109,0.0,0.5736842105263158,3.558941132341289,122,0,122,0.0,0.6421052631578947,2.321337751340724,189,9,180,0.047619047619047616,0.9473684210526315,2.17837125069995,203,19,184,0.09359605911330049,0.968421052631579,1.709568
exp_cl,exp_cl,250,200,0.5,20,13,206,18,188,182,2,180,0.08737864077669903,0.9894736842105263,0.01098901098901099,0.9473684210526315,219,31,188,185,2,183,0.1415525114155251,0.9894736842105263,0.010810810810810811,0.9631578947368421,3.6674438760181216,159,0,159,0.0,0.8368421052631579,3.508968725741053,167,0,167,0.0,0.8789473684210526,2.2893320112438422,192,3,189,0.015625,0.9947368421052631,2.151653926750576,212,22,190,0.10377358490566038,1.0,1.87854
exp_cl,exp_cl,250,200,0.5,20,14,203,20,183,173,3,170,0.09852216748768473,0.9631578947368421,0.017341040462427744,0.8947368421052632,216,28,188,182,4,178,0.12962962962962962,0.9894736842105263,0.02197802197802198,0.9368421052631579,3.7050559185467726,134,0,134,0.0,0.7052631578947368,3.527840309346495,144,0,144,0.0,0.7578947368421053,2.323418988604611,197,10,187,0.050761421319796954,0.9842105263157894,2.1728114322235648,213,26,187,0.12206572769953052,0.9842105263157894,1.726414
exp_cl,exp_cl,250,200,0.5,20,15,195,17,178,145,0,145,0.08717948717948718,0.9368421052631579,0.0,0.7631578947368421,211,29,182,159,5,154,0.13744075829383887,0.9578947368421052,0.031446540880503145,0.8105263157894737,3.844583250515672,81,0,81,0.0,0.4263157894736842,3.635707519687827,94,0,94,0.0,0.49473684210526314,2.3028637974167276,188,13,175,0.06914893617021277,0.9210526315789473,2.162603776312063,203,23,180,0.11330049261083744,0.9473684210526315,1.935855
exp_cl,exp_cl,250,200,0.5,20,16,200,24,176,153,1,152,0.12,0.9263157894736842,0.006535947712418301,0.8,221,39,182,170,5,165,0.17647058823529413,0.9578947368421052,0.029411764705882353,0.868421052631579,3.7578160962063256,108,0,108,0.0,0.5684210526315789,3.577522926244115,120,0,120,0.0,0.631578947368421,2.3018300879911546,199,21,178,0.10552763819095477,0.9368421052631579,2.1755574128046846,215,33,182,0.15348837209302327,0.9578947368421052,1.651648
exp_cl,exp_cl,250,200,0.5,20,17,188,14,174,139,0,139,0.07446808510638298,0.9157894736842105,0.0,0.7315789473684211,198,23,175,155,0,155,0.11616161616161616,0.9210526315789473,0.0,0.8157894736842105,3.896684166313595,62,0,62,0.0,0.3263157894736842,3.6754962130202764,85,0,85,0.0,0.4473684210526316,2.3024126478595424,177,10,167,0.05649717514124294,0.8789473684210526,2.17230129032689,187,16,171,0.0855614973262032,0.9,1.586983
exp_cl,exp_cl,250,200,0.5,20,18,196,7,189,180,2,178,0.03571428571428571,0.9947368421052631,0.011111111111111112,0.9368421052631579,208,19,189,182,2,180,0.09134615384615384,0.9947368421052631,0.01098901098901099,0.9473684210526315,3.6878814543744713,142,0,142,0.0,0.7473684210526316,3.5029342738534397,156,0,156,0.0,0.8210526315789474,2.343659385195776,193,5,188,0.025906735751295335,0.9894736842105263,2.185820281450372,198,9,189,0.045454545454545456,0.9947368421052631,1.880028
exp_cl,exp_cl,250,200,0.5,20,19,201,13,188,179,1,178,0.06467661691542288,0.9894736842105263,0.00558659217877095,0.9368421052631579,215,26,189,184,3,181,0.12093023255813953,0.9947368421052631,0.016304347826086956,0.9526315789473684,3.7128730633711866,140,0,140,0.0,0.7368421052631579,3.501384974710071,150,0,150,0.0,0.7894736842105263,2.3096714838365715,194,7,187,0.03608247422680412,0.9842105263157894,2.177198106877633,208,20,188,0.09615384615384616,0.9894736842105263,1.780808
exp_cl,exp_cl,250,200,0.5,20,20,199,15,184,177,1,176,0.07537688442211055,0.968421052631579,0.005649717514124294,0.9263157894736842,214,27,187,181,2,179,0.1261682242990654,0.9842105263157894,0.011049723756906077,0.9421052631578948,3.677155918772349,151,0,151,0.0,0.7947368421052632,3.4936934213873787,157,0,157,0.0,0.8263157894736842,2.3290073273556464,187,7,180,0.0374331550802139,0.9473684210526315,2.2107801242032354,198,15,183,0.07575757575757576,0.9631578947368421,1.632041
exp_cl,exp_cl,250,200,0.5,20,21,194,13,181,154,1,153,0.06701030927835051,0.9526315789473684,0.006493506493506494,0.8052631578947368,206,24,182,165,2,163,0.11650485436893204,0.9578947368421052,0.012121212121212121,0.8578947368421053,3.8220928486708345,85,0,85,0.0,0.4473684210526316,3.6039923529329516,100,0,100,0.0,0.5263157894736842,2.313483143667993,183,9,174,0.04918032786885246,0.9157894736842105,2.170908753233354,193,14,179,0.07253886010362694,0.9421052631578948,1.860644
exp_cl,exp_cl,250,200,0.5,20,22,171,15,156,109,1,108,0.08771929824561403,0.8210526315789474,0.009174311926605505,0.5684210526315789,200,32,168,132,6,126,0.16,0.8842105263157894,0.045454545454545456,0.6631578947368421,4.224772132648281,16,0,16,0.0,0.08421052631578947,3.8956167675666324,32,0,32,0.0,0.16842105263157894,2.2921041598381975,160,11,149,0.06875,0.7842105263157895,2.1679569812590502,181,20,161,0.11049723756906077,0.8473684210526315,1.60327
exp_cl,exp_cl,250,200,0.5,20,23,169,8,161,132,1,131,0.047337278106508875,0.8473684210526315,0.007575757575757576,0.6894736842105263,199,24,175,145,3,142,0.12060301507537688,0.9210526315789473,0.020689655172413793,0.7473684210526316,4.027042349758031,38,0,38,0.0,0.2,3.77597472857357,56,0,56,0.0,0.29473684210526313,2.3201300027166543,159,4,155,0.025157232704402517,0.8157894736842105,2.1660709346823066,175,12,163,0.06857142857142857,0.8578947368421053,1.671625
exp_cl,exp_cl,250,200,0.5,20,24,194,12,182,170,1,169,0.061855670103092786,0.9578947368421052,0.0058823529411764705,0.8894736842105263,207,23,184,175,2,173,0.1111111111111111,0.968421052631579,0.011428571428571429,0.9105263157894737,3.7362123639746154,130,0,130,0.0,0.6842105263157895,3.521626378224982,138,0,138,0.0,0.7263157894736842,2.3253499706008527,184,6,178,0.03260869565217391,0.9368421052631579,2.187515554655717,200,16,184,0.08,0.968421052631579,1.752884
exp_cl,exp_cl,250,200,0.5,20,25,184,13,171,150,2,148,0.07065217391304347,0.9,0.013333333333333334,0.7789473684210526,206,24,182,162,4,158,0.11650485436893204,0.9578947368421052,0.024691358024691357,0.8315789473684211,3.839865544811587,77,0,77,0.0,0.4052631578947368,3.6065652141044606,97,0,97,0.0,0.5105263157894737,2.3070681627887524,178,8,170,0.0449438202247191,0.8947368421052632,2.168303408481384,193,19,174,0.09844559585492228,0.9157894736842105,1.906559
exp_cl,exp_cl,250,200,0.5,20,26,212,22,190,183,4,179,0.10377358490566038,1.0,0.02185792349726776,0.9421052631578948,225,35,190,188,5,183,0.15555555555555556,1.0,0.026595744680851064,0.9631578947368421,3.6680179776135216,155,0,155,0.0,0.8157894736842105,3.524431743136465,168,0,168,0.0,0.8842105263157894,2.2298640328474715,206,16,190,0.07766990291262135,1.0,2.093917061338156,220,30,190,0.13636363636363635,1.0,1.704123
exp_cl,exp_cl,250,200,0.5,20,27,199,14,185,184,2,182,0.07035175879396985,0.9736842105263158,0.010869565217391304,0.9578947368421052,212,25,187,186,2,184,0.1179245283018868,0.9842105263157894,0.010752688172043012,0.968421052631579,3.676940978896221,148,0,148,0.0,0.7789473684210526,3.4764975322873015,161,0,161,0.0,0.8473684210526315,2.268106840247984,201,13,188,0.06467661691542288,0.9894736842105263,2.142334148381634,207,19,188,0.09178743961352658,0.9894736842105263,1.707035
exp_cl,exp_cl,250,200,0.5,20,28,186,10,176,148,1,147,0.053763440860215055,0.9263157894736842,0.006756756756756757,0.7736842105263158,211,30,181,160,2,158,0.14218009478672985,0.9526315789473684,0.0125,0.8315789473684211,3.8582425663265005,77,0,77,0.0,0.4052631578947368,3.605633726425815,101,0,101,0.0,0.531578947368421,2.336433162229497,181,7,174,0.03867403314917127,0.9157894736842105,2.171241463517651,194,16,178,0.08247422680412371,0.9368421052631579,1.714223
exp_cl,exp_cl,250,200,0.5,20,29,190,16,174,138,3,135,0.08421052631578947,0.9157894736842105,0.021739130434782608,0.7105263157894737,209,34,175,155,5,150,0.16267942583732056,0.9210526315789473,0.03225806451612903,0.7894736842105263,3.955462277239379,52,0,52,0.0,0.2736842105263158,3.69228407976812,71,0,71,0.0,0.3736842105263158,2.28238504262301,181,15,166,0.08287292817679558,0.8736842105263158,2.1473507484458803,195,23,172,0.11794871794871795,0.9052631578947369,1.630728
exp_cl,exp_cl,250,200,0.5,20,30,182,8,174,141,1,140,0.04395604395604396,0.9157894736842105,0.0070921985815602835,0.7368421052631579,207,29,178,151,1,150,0.14009661835748793,0.9368421052631579,0.006622516556291391,0.7894736842105263,3.90644766684507,59,0,59,0.0,0.3105263157894737,3.730317738612373,68,0,68,0.0,0.35789473684210527,2.2841953938232,169,5,164,0.029585798816568046,0.8631578947368421,2.1588912474276785,190,18,172,0.09473684210526316,0.9052631578947369,1.737406
exp_cl,exp_cl,250,200,0.5,20,31,198,12,186,173,0,173,0.06060606060606061,0.9789473684210527,0.0,0.9105263157894737,217,29,188,179,3,176,0.1336405529953917,0.9894736842105263,0.01675977653631285,0.9263157894736842,3.667752526173822,153,0,153,0.0,0.8052631578947368,3.5015992041475466,157,0,157,0.0,0.8263157894736842,2.3430555894842824,194,8,186,0.041237113402061855,0.9789473684210527,2.2035575168945165,206,18,188,0.08737864077669903,0.9894736842105263,1.980337
exp_cl,exp_cl,250,200,0.5,20,32,201,16,185,172,2,170,0.07960199004975124,0.9736842105263158,0.011627906976744186,0.8947368421052632,221,34,187,178,2,176,0.15384615384615385,0.9842105263157894,0.011235955056179775,0.9263157894736842,3.734460116518904,119,0,119,0.0,0.6263157894736842,3.5320603804364326,146,0,146,0.0,0.7684210526315789,2.2884892146182647,192,11,181,0.057291666666666664,0.9526315789473684,2.138535849844552,209,25,184,0.11961722488038277,0.968421052631579,1.627662
exp_cl,exp_cl,250,200,0.5,20,33,183,10,173,136,1,135,0.0546448087431694,0.9105263157894737,0.007352941176470588,0.7105263157894737,197,18,179,151,2,149,0.09137055837563451,0.9421052631578948,0.013245033112582781,0.7842105263157895,3.972607026131841,48,0,48,0.0,0.25263157894736843,3.8336380209735874,58,0,58,0.0,0.30526315789473685,2.317183902477869,163,5,158,0.03067484662576687,0.8315789473684211,2.1506563893139012,187,15,172,0.08021390374331551,0.9052631578947369,1.726979
exp_cl,exp_cl,250,200,0.5,20,34,176,12,164,121,1,120,0.06818181818181818,0.8631578947368421,0.008264462809917356,0.631578947368421,197,25,172,132,1,131,0.12690355329949238,0.9052631578947369,0.007575757575757576,0.6894736842105263,4.072024290405204,38,0,38,0.0,0.2,3.810352704714598,50,0,50,0.0,0.2631578947368421,2.315489422554421,160,5,155,0.03125,0.8157894736842105,2.1786032831262743,180,19,161,0.10555555555555556,0.8473684210526315,1.672142
exp_cl,exp_cl,250,200,0.5,20,35,213,25,188,188,4,184,0.11737089201877934,0.9894736842105263,0.02127659574468085,0.968421052631579,229,41,188,192,6,186,0.17903930131004367,0.9894736842105263,0.03125,0.9789473684210527,3.6662301997476194,161,0,161,0.0,0.8473684210526315,3.4777436328536444,171,0,171,0.0,0.9,2.2592583161167528,199,12,187,0.06030150753768844,0.9842105263157894,2.1141606684528487,220,31,189,0.1409090909090909,0.9947368421052631,1.748894
exp_cl,exp_cl,250,200,0.5,20,36,199,15,184,174,1,173,0.07537688442211055,0.968421052631579,0.005747126436781609,0.9105263157894737,215,28,187,179,1,178,0.13023255813953488,0.9842105263157894,0.00558659217877095,0.9368421052631579,3.7353034701659764,124,0,124,0.0,0.6526315789473685,3.5136585077513565,144,0,144,0.0,0.7578947368421053,2.3165370392247806,193,7,186,0.03626943005181347,0.9789473684210527,2.16356691978978,210,23,187,0.10952380952380952,0.9842105263157894,1.642664
exp_cl,exp_cl,250,200,0.5,20,37,205,15,190,188,1,187,0.07317073170731707,1.0,0.005319148936170213,0.9842105263157894,220,30,190,191,3,188,0.13636363636363635,1.0,0.015706806282722512,0.9894736842105263,3.6550120226769867,175,0,175,0.0,0.9210526315789473,3.5449075735716895,176,0,176,0.0,0.9263157894736842,2.2806037122677916,197,8,189,0.04060913705583756,0.9947368421052631,2.149898662029056,205,15,190,0.07317073170731707,1.0,1.898913
exp_cl,exp_cl,250,200,0.5,20,38,179,21,158,127,2,125,0.11731843575418995,0.8315789473684211,0.015748031496062992,0.6578947368421053,202,37,165,144,2,142,0.18316831683168316,0.868421052631579,0.013888888888888888,0.7473684210526316,4.090560289254256,28,0,28,0.0,0.14736842105263157,3.89076384312723,35,0,35,0.0,0.18421052631578946,2.3122128835740723,158,7,151,0.04430379746835443,0.7947368421052632,2.157939115464541,185,27,158,0.14594594594594595,0.8315789473684211,1.706039
exp_cl,exp_cl,250,200,0.5,20,39,196,8,188,183,1,182,0.04081632653061224,0.9894736842105263,0.00546448087431694,0.9578947368421052,211,23,188,186,3,183,0.10900473933649289,0.9894736842105263,0.016129032258064516,0.9631578947368421,3.7265857683834245,157,0,157,0.0,0.8263157894736842,3.4712568091016665,167,0,167,0.0,0.8789473684210526,2.2540120882082526,194,6,188,0.030927835051546393,0.9894736842105263,2.1213605878855994,201,13,188,0.06467661691542288,0.9894736842105263,1.631189
exp_cl,exp_cl,250,200,0.5,20,40,208,23,185,179,1,178,0.11057692307692307,0.9736842105263158,0.00558659217877095,0.9368421052631579,223,36,187,184,2,182,0.16143497757847533,0.9842105263157894,0.010869565217391304,0.9578947368421052,3.707646817944403,133,0,133,0.0,0.7,3.5047502496791223,147,0,147,0.0,0.7736842105263158,2.2930253076901232,198,13,185,0.06565656565656566,0.9736842105263158,2.150351956644058,211,26,185,0.12322274881516587,0.9736842105263158,1.765251
exp_cl,exp_cl,250,200,0.5,20,41,191,11,180,170,2,168,0.05759162303664921,0.9473684210526315,0.011764705882352941,0.8842105263157894,209,22,187,175,3,172,0.10526315789473684,0.9842105263157894,0.017142857142857144,0.9052631578947369,3.750956308423648,113,0,113,0.0,0.5947368421052631,3.5276605109088996,131,0,131,0.0,0.6894736842105263,2.3313975954756745,188,7,181,0.03723404255319149,0.9526315789473684,2.1783384541672666,198,15,183,0.07575757575757576,0.9631578947368421,1.68175
exp_cl,exp_cl,250,200,0.5,20,42,187,7,180,172,0,172,0.0374331550802139,0.9473684210526315,0.0,0.9052631578947369,202,18,184,174,0,174,0.0891089108910891,0.968421052631579,0.0,0.9157894736842105,3.7362630988880348,129,0,129,0.0,0.6789473684210526,3.5017660457186937,144,0,144,0.0,0.7578947368421053,2.3101679824084185,188,6,182,0.031914893617021274,0.9578947368421052,2.1889789166336038,193,11,182,0.05699481865284974,0.9578947368421052,1.698453
exp_cl,exp_cl,250,200,0.5,20,43,192,17,175,155,1,154,0.08854166666666667,0.9210526315789473,0.0064516129032258064,0.8105263157894737,209,29,180,165,2,163,0.13875598086124402,0.9473684210526315,0.012121212121212121,0.8578947368421053,3.7843934381249933,111,0,111,0.0,0.5842105263157895,3.5416002378479496,125,0,125,0.0,0.6578947368421053,2.3566156267271805,189,14,175,0.07407407407407407,0.9210526315789473,2.181810829462559,206,25,181,0.12135922330097088,0.9526315789473684,1.811631
exp_cl,exp_cl,250,200,0.5,20,44,192,16,176,156,1,155,0.08333333333333333,0.9263157894736842,0.00641025641025641,0.8157894736842105,207,28,179,163,2,161,0.13526570048309178,0.9421052631578948,0.012269938650306749,0.8473684210526315,3.7873301057469737,107,0,107,0.0,0.5631578947368421,3.6027028087638344,112,0,112,0.0,0.5894736842105263,2.312953145384216,180,10,170,0.05555555555555555,0.8947368421052632,2.1672183729260484,197,20,177,0.10152284263959391,0.9315789473684211,1.807309
exp_cl,exp_cl,250,200,0.5,20,45,183,11,172,141,3,138,0.060109289617486336,0.9052631578947369,0.02127659574468085,0.7263157894736842,200,24,176,150,3,147,0.12,0.9263157894736842,0.02,0.7736842105263158,3.8770986683808837,67,0,67,0.0,0.3526315789473684,3.667428400885177,78,0,78,0.0,0.4105263157894737,2.2855303758343286,174,8,166,0.04597701149425287,0.8736842105263158,2.1634130404477077,191,17,174,0.08900523560209424,0.9157894736842105,1.711541
exp_cl,exp_cl,250,200,0.5,20,46,167,13,154,121,4,117,0.07784431137724551,0.8105263157894737,0.03305785123966942,0.6157894736842106,187,26,161,133,5,128,0.13903743315508021,0.8473684210526315,0.03759398496240601,0.6736842105263158,4.257139821644759,15,0,15,0.0,0.07894736842105263,3.9063839710784127,31,0,31,0.0,0.1631578947368421,2.3120542612805277,153,9,144,0.058823529411764705,0.7578947368421053,2.1724901214472765,170,16,154,0.09411764705882353,0.8105263157894737,1.629958
exp_cl,exp_cl,250,200,0.5,20,47,187,12,175,156,2,154,0.06417112299465241,0.9210526315789473,0.01282051282051282,0.8105263157894737,205,26,179,167,3,164,0.12682926829268293,0.9421052631578948,0.017964071856287425,0.8631578947368421,3.7304975458544365,122,0,122,0.0,0.6421052631578947,3.539945807085736,128,0,128,0.0,0.6736842105263158,2.3588112389412594,182,7,175,0.038461538461538464,0.9210526315789473,2.207352344686287,197,19,178,0.09644670050761421,0.9368421052631579,1.830511
exp_cl,exp_cl,250,200,0.5,20,48,190,15,175,154,2,152,0.07894736842105263,0.9210526315789473,0.012987012987012988,0.8,205,28,177,160,2,158,0.13658536585365855,0.9315789473684211,0.0125,0.8315789473684211,3.7691675920191527,110,0,110,0.0,0.5789473684210527,3.5750983516980113,124,0,124,0.0,0.6526315789473685,2.286973084708134,175,9,166,0.05142857142857143,0.8736842105263158,2.1372432629756055,191,17,174,0.08900523560209424,0.9157894736842105,1.671954
exp_cl,exp_cl,250,200,0.5,20,49,201,25,176,158,3,155,0.12437810945273632,0.9263157894736842,0.0189873417721519,0.8157894736842105,222,41,181,169,3,166,0.18468468468468469,0.9526315789473684,0.01775147928994083,0.8736842105263158,3.840427082605507,77,0,77,0.0,0.4052631578947368,3.6061501635336066,97,0,97,0.0,0.5105263157894737,2.297869532836325,191,17,174,0.08900523560209424,0.9157894736842105,2.1592259920805454,210,32,178,0.1523809523809524,0.9368421052631579,1.819724
exp_cl,exp_cl,250,200,0.5,20,50,202,19,183,175,1,174,0.09405940594059406,0.9631578947368421,0.005714285714285714,0.9157894736842105,227,43,184,184,3,181,0.1894273127753304,0.968421052631579,0.016304347826086956,0.9526315789473684,3.720031698050998,137,0,137,0.0,0.7210526315789474,3.505243507995084,149,0,149,0.0,0.7842105263157895,2.2840499204296747,198,15,183,0.07575757575757576,0.9631578947368421,2.158986578626909,207,22,185,0.10628019323671498,0.9736842105263158,2.318736
exp_cl,exp_cl,250,200,0.5,20,51,202,12,190,186,2,184,0.0594059405940594,1.0,0.010752688172043012,0.968421052631579,213,23,190,189,2,187,0.107981220657277,1.0,0.010582010582010581,0.9842105263157894,3.659873003711946,169,0,169,0.0,0.8894736842105263,3.4731603861744818,174,0,174,0.0,0.9157894736842105,2.3050834385416827,198,8,190,0.04040404040404041,1.0,2.160640157518578,209,19,190,0.09090909090909091,1.0,1.796589
exp_cl,exp_cl,250,200,0.5,20,52,203,14,189,183,2,181,0.06896551724137931,0.9947368421052631,0.01092896174863388,0.9526315789473684,217,28,189,189,7,182,0.12903225806451613,0.9947368421052631,0.037037037037037035,0.9578947368421052,3.7274371258085304,147,0,147,0.0,0.7736842105263158,3.5277422057012586,158,0,158,0.0,0.8315789473684211,2.299362370043266,198,9,189,0.045454545454545456,0.9947368421052631,2.135565056795204,209,19,190,0.09090909090909091,1.0,1.654706
exp_cl,exp_cl,250,200,0.5,20,53,210,22,188,181,2,179,0.10476190476190476,0.9894736842105263,0.011049723756906077,0.9421052631578948,222,34,188,190,5,185,0.15315315315315314,0.9894736842105263,0.02631578947368421,0.9736842105263158,3.718100842770008,142,0,142,0.0,0.7473684210526316,3.4900579224980617,157,0,157,0.0,0.8263157894736842,2.3384282789774207,199,12,187,0.06030150753768844,0.9842105263157894,2.1393151591149446,213,25,188,0.11737089201877934,0.9894736842105263,1.774722
exp_cl,exp_cl,250,200,0.5,20,54,179,8,171,155,1,154,0.0446927374301676,0.9,0.0064516129032258064,0.8105263157894737,197,18,179,160,2,158,0.09137055837563451,0.9421052631578948,0.0125,0.8315789473684211,3.8244792415253155,87,0,87,0.0,0.45789473684210524,3.616517618525101,94,0,94,0.0,0.49473684210526314,2.3281441159831515,172,4,168,0.023255813953488372,0.8842105263157894,2.172349226481262,188,14,174,0.07446808510638298,0.9157894736842105,1.765471
exp_cl,exp_cl,250,200,0.5,20,55,150,11,139,88,0,88,0.07333333333333333,0.7315789473684211,0.0,0.4631578947368421,175,22,153,104,1,103,0.12571428571428572,0.8052631578947368,0.009615384615384616,0.5421052631578948,4.5365311582097005,6,0,6,0.0,0.031578947368421054,4.136214825405507,12,0,12,0.0,0.06315789473684211,2.3575424966356358,131,8,123,0.061068702290076333,0.6473684210526316,2.2076597111941156,150,13,137,0.08666666666666667,0.7210526315789474,1.909935
exp_cl,exp_cl,250,200,0.5,20,56,184,12,172,149,1,148,0.06521739130434782,0.9052631578947369,0.006711409395973154,0.7789473684210526,200,23,177,158,4,154,0.115,0.9315789473684211,0.02531645569620253,0.8105263157894737,3.8149106666447756,85,0,85,0.0,0.4473684210526316,3.644123085660977,94,0,94,0.0,0.49473684210526314,2.3470673141536764,174,6,168,0.034482758620689655,0.8842105263157894,2.2008511208051025,191,18,173,0.09424083769633508,0.9105263157894737,1.809253
exp_cl,exp_cl,250,200,0.5,20,57,201,15,186,166,2,164,0.07462686567164178,0.9789473684210527,0.012048192771084338,0.8631578947368421,212,25,187,173,5,168,0.1179245283018868,0.9842105263157894,0.028901734104046242,0.8842105263157894,3.7810845005246683,102,0,102,0.0,0.5368421052631579,3.5685645120967746,114,0,114,0.0,0.6,2.316711256656793,191,9,182,0.04712041884816754,0.9578947368421052,2.164869609167109,206,17,189,0.0825242718446602,0.9947368421052631,1.664413
exp_cl,exp_cl,250,200,0.5,20,58,204,15,189,184,2,182,0.07352941176470588,0.9947368421052631,0.010869565217391304,0.9578947368421052,220,30,190,188,4,184,0.13636363636363635,1.0,0.02127659574468085,0.968421052631579,3.679257232207676,166,0,166,0.0,0.8736842105263158,3.457043910306324,173,0,173,0.0,0.9105263157894737,2.3419736209990507,199,9,190,0.04522613065326633,1.0,2.195966162074703,209,19,190,0.09090909090909091,1.0,1.60318
exp_cl,exp_cl,250,200,0.5,20,59,190,5,185,177,0,177,0.02631578947368421,0.9736842105263158,0.0,0.9315789473684211,207,20,187,180,1,179,0.0966183574879227,0.9842105263157894,0.005555555555555556,0.9421052631578948,3.7369956374902613,128,0,128,0.0,0.6736842105263158,3.5054312243745884,143,0,143,0.0,0.7526315789473684,2.3710410307125556,187,4,183,0.0213903743315508,0.9631578947368421,2.203680739600817,198,13,185,0.06565656565656566,0.9736842105263158,1.830669
exp_cl,exp_cl,250,200,0.5,20,60,192,13,179,160,1,159,0.06770833333333333,0.9421052631578948,0.00625,0.8368421052631579,211,29,182,171,3,168,0.13744075829383887,0.9578947368421052,0.017543859649122806,0.8842105263157894,3.758867636008521,109,0,109,0.0,0.5736842105263158,3.541418291130979,125,0,125,0.0,0.6578947368421053,2.3059418086884986,185,6,179,0.032432432432432434,0.9421052631578948,2.1620532694586965,198,18,180,0.09090909090909091,0.9473684210526315,1.873249
exp_cl,exp_cl,250,200,0.5,20,61,197,13,184,171,2,169,0.06598984771573604,0.968421052631579,0.011695906432748537,0.8894736842105263,205,19,186,180,4,176,0.09268292682926829,0.9789473684210527,0.022222222222222223,0.9263157894736842,3.725424563333897,127,0,127,0.0,0.6684210526315789,3.536123151734032,140,0,140,0.0,0.7368421052631579,2.30577099514444,195,8,187,0.041025641025641026,0.9842105263157894,2.176082148711842,203,16,187,0.07881773399014778,0.9842105263157894,1.672632
exp_cl,exp_cl,250,200,0.5,20,62,200,12,188,186,3,183,0.06,0.9894736842105263,0.016129032258064516,0.9631578947368421,220,31,189,188,3,185,0.1409090909090909,0.9947368421052631,0.015957446808510637,0.9736842105263158,3.6565900836694083,163,0,163,0.0,0.8578947368421053,3.4622696192240556,174,0,174,0.0,0.9157894736842105,2.330412435447179,194,5,189,0.02577319587628866,0.9947368421052631,2.1662345357205726,203,14,189,0.06896551724137931,0.9947368421052631,1.802076
exp_cl,exp_cl,250,200,0.5,20,63,204,18,186,180,1,179,0.08823529411764706,0.9789473684210527,0.005555555555555556,0.9421052631578948,219,32,187,182,3,179,0.1461187214611872,0.9842105263157894,0.016483516483516484,0.9421052631578948,3.6951969429784306,149,0,149,0.0,0.7842105263157895,3.5050217947421194,159,0,159,0.0,0.8368421052631579,2.289232131894319,202,13,189,0.06435643564356436,0.9947368421052631,2.178578134822561,212,23,189,0.10849056603773585,0.9947368421052631,1.647923
exp_cl,exp_cl,250,200,0.5,20,64,198,12,186,176,2,174,0.06060606060606061,0.9789473684210527,0.011363636363636364,0.9157894736842105,207,20,187,182,4,178,0.0966183574879227,0.9842105263157894,0.02197802197802198,0.9368421052631579,3.7474627157317326,141,0,141,0.0,0.7421052631578947,3.4914482019082125,150,0,150,0.0,0.7894736842105263,2.262358664405554,196,11,185,0.05612244897959184,0.9736842105263158,2.1484285321252328,203,15,188,0.07389162561576355,0.9894736842105263,1.739104
exp_cl,exp_cl,250,200,0.5,20,65,187,14,173,157,3,154,0.0748663101604278,0.9105263157894737,0.01910828025477707,0.8105263157894737,207,30,177,161,3,158,0.14492753623188406,0.9315789473684211,0.018633540372670808,0.8315789473684211,3.8709954372940665,86,0,86,0.0,0.45263157894736844,3.6164218479047423,101,0,101,0.0,0.531578947368421,2.3242718357235135,177,9,168,0.05084745762711865,0.8842105263157894,2.179120213726914,192,22,170,0.11458333333333333,0.8947368421052632,1.738067
exp_cl,exp_cl,250,200,0.5,20,66,202,17,185,176,2,174,0.08415841584158416,0.9736842105263158,0.011363636363636364,0.9157894736842105,220,33,187,180,3,177,0.15,0.9842105263157894,0.016666666666666666,0.9315789473684211,3.7546823278426444,142,0,142,0.0,0.7473684210526316,3.5169856281112932,154,0,154,0.0,0.8105263157894737,2.2818450093951266,199,12,187,0.06030150753768844,0.9842105263157894,2.1696187292565705,209,22,187,0.10526315789473684,0.9842105263157894,1.968058
exp_cl,exp_cl,250,200,0.5,20,67,214,26,188,174,4,170,0.12149532710280374,0.9894736842105263,0.022988505747126436,0.8947368421052632,233,45,188,179,5,174,0.19313304721030042,0.9894736842105263,0.027932960893854747,0.9157894736842105,3.7313305870839604,129,0,129,0.0,0.6789473684210526,3.5014796602461535,148,0,148,0.0,0.7789473684210526,2.290215072218828,202,18,184,0.0891089108910891,0.968421052631579,2.1504798416798083,222,35,187,0.15765765765765766,0.9842105263157894,1.746864
exp_cl,exp_cl,250,200,0.5,20,68,210,21,189,180,2,178,0.1,0.9947368421052631,0.011111111111111112,0.9368421052631579,227,37,190,186,5,181,0.16299559471365638,1.0,0.026881720430107527,0.9526315789473684,3.722848154049675,144,0,144,0.0,0.7578947368421053,3.4941922383106574,158,0,158,0.0,0.8315789473684211,2.319233689575579,201,13,188,0.06467661691542288,0.9894736842105263,2.174495344973203,213,25,188,0.11737089201877934,0.9894736842105263,1.656145
exp_cl,exp_cl,250,200,0.5,20,69,185,12,173,151,2,149,0.06486486486486487,0.9105263157894737,0.013245033112582781,0.7842105263157895,199,24,175,159,3,156,0.12060301507537688,0.9210526315789473,0.018867924528301886,0.8210526315789474,3.81225656992548,89,0,89,0.0,0.46842105263157896,3.5891247689587327,107,0,107,0.0,0.5631578947368421,2.335892608302835,180,10,170,0.05555555555555555,0.8947368421052632,2.1925028836971796,191,19,172,0.09947643979057591,0.9052631578947369,1.744031
exp_cl,exp_cl,250,200,0.5,20,70,206,21,185,180,3,177,0.10194174757281553,0.9736842105263158,0.016666666666666666,0.9315789473684211,214,28,186,186,5,181,0.1308411214953271,0.9789473684210527,0.026881720430107527,0.9526315789473684,3.7050638910324487,132,0,132,0.0,0.6947368421052632,3.4866973162873696,153,0,153,0.0,0.8052631578947368,2.2632116554405353,202,16,186,0.07920792079207921,0.9789473684210527,2.134945181625916,212,25,187,0.1179245283018868,0.9842105263157894,1.716028
exp_cl,exp_cl,250,200,0.5,20,71,202,13,189,177,1,176,0.06435643564356436,0.9947368421052631,0.005649717514124294,0.9263157894736842,213,24,189,182,3,179,0.11267605633802817,0.9947368421052631,0.016483516483516484,0.9421052631578948,3.67777455187114,148,0,148,0.0,0.7789473684210526,3.5042693267549403,157,0,157,0.0,0.8263157894736842,2.301817139197154,198,11,187,0.05555555555555555,0.9842105263157894,2.1704610543764904,204,15,189,0.07352941176470588,0.9947368421052631,1.731656
exp_cl,exp_cl,250,200,0.5,20,72,197,8,189,186,0,186,0.04060913705583756,0.9947368421052631,0.0,0.9789473684210527,213,23,190,186,0,186,0.107981220657277,1.0,0.0,0.9789473684210527,3.649633468950483,182,0,182,0.0,0.9578947368421052,3.489366120775874,185,0,185,0.0,0.9736842105263158,2.3018374738389933,193,3,190,0.015544041450777202,1.0,2.1670474613658097,202,12,190,0.0594059405940594,1.0,1.893382
exp_cl,exp_cl,250,200,0.5,20,73,184,10,174,143,3,140,0.05434782608695652,0.9157894736842105,0.02097902097902098,0.7368421052631579,201,24,177,155,4,151,0.11940298507462686,0.9315789473684211,0.025806451612903226,0.7947368421052632,3.8926311519716235,63,0,63,0.0,0.33157894736842103,3.694370567845187,72,0,72,0.0,0.37894736842105264,2.3208362505256854,173,8,165,0.046242774566473986,0.868421052631579,2.1933220964397826,187,14,173,0.0748663101604278,0.9105263157894737,1.577613
exp_cl,exp_cl,250,200,0.5,20,74,199,12,187,180,2,178,0.06030150753768844,0.9842105263157894,0.011111111111111112,0.9368421052631579,219,31,188,184,2,182,0.1415525114155251,0.9894736842105263,0.010869565217391304,0.9578947368421052,3.68054548441476,155,0,155,0.0,0.8157894736842105,3.4762375383261723,161,0,161,0.0,0.8473684210526315,2.3471360986184635,190,4,186,0.021052631578947368,0.9789473684210527,2.196808520337641,208,20,188,0.09615384615384616,0.9894736842105263,1.665981
exp_cl,exp_cl,250,200,0.5,20,75,191,20,171,159,4,155,0.10471204188481675,0.9,0.025157232704402517,0.8157894736842105,206,32,174,165,6,159,0.1553398058252427,0.9157894736842105,0.03636363636363636,0.8368421052631579,3.7939389598710402,96,0,96,0.0,0.5052631578947369,3.575022566333102,111,0,111,0.0,0.5842105263157895,2.3210600619392485,183,14,169,0.07650273224043716,0.8894736842105263,2.191140585913915,192,21,171,0.109375,0.9,1.631089
exp_cl,exp_cl,250,200,0.5,20,76,201,15,186,184,2,182,0.07462686567164178,0.9789473684210527,0.010869565217391304,0.9578947368421052,213,26,187,185,3,182,0.12206572769953052,0.9842105263157894,0.016216216216216217,0.9578947368421052,3.6643880035272924,157,0,157,0.0,0.8263157894736842,3.4647938193728955,168,0,168,0.0,0.8842105263157894,2.274791661991439,196,6,190,0.030612244897959183,1.0,2.1383773685948992,210,20,190,0.09523809523809523,1.0,1.720047
exp_cl,exp_cl,250,200,0.5,20,77,203,15,188,184,0,184,0.07389162561576355,0.9894736842105263,0.0,0.968421052631579,214,24,190,186,1,185,0.11214953271028037,1.0,0.005376344086021506,0.9736842105263158,3.6643670366920342,164,0,164,0.0,0.8631578947368421,3.457000187423943,172,0,172,0.0,0.9052631578947369,2.3263663386435125,193,5,188,0.025906735751295335,0.9894736842105263,2.182532013473905,208,19,189,0.09134615384615384,0.9947368421052631,1.575666
exp_cl,exp_cl,250,200,0.5,20,78,196,10,186,177,1,176,0.05102040816326531,0.9789473684210527,0.005649717514124294,0.9263157894736842,221,32,189,180,2,178,0.14479638009049775,0.9947368421052631,0.011111111111111112,0.9368421052631579,3.675566768979833,152,0,152,0.0,0.8,3.4979615643744872,160,0,160,0.0,0.8421052631578947,2.3117014051454774,191,6,185,0.031413612565445025,0.9736842105263158,2.171729458442439,204,15,189,0.07352941176470588,0.9947368421052631,1.694709
exp_cl,exp_cl,250,200,0.5,20,79,196,16,180,168,1,167,0.08163265306122448,0.9473684210526315,0.005952380952380952,0.8789473684210526,221,36,185,174,2,172,0.16289592760180996,0.9736842105263158,0.011494252873563218,0.9052631578947369,3.779309197145262,102,0,102,0.0,0.5368421052631579,3.5887332515841526,122,0,122,0.0,0.6421052631578947,2.297309413006058,193,10,183,0.05181347150259067,0.9631578947368421,2.15844232240346,210,25,185,0.11904761904761904,0.9736842105263158,1.715696
exp_cl,exp_cl,250,200,0.5,20,80,193,10,183,164,0,164,0.05181347150259067,0.9631578947368421,0.0,0.8631578947368421,220,34,186,174,1,173,0.15454545454545454,0.9789473684210527,0.005747126436781609,0.9105263157894737,3.7406655599838374,118,0,118,0.0,0.6210526315789474,3.5591444515876094,128,0,128,0.0,0.6736842105263158,2.3005890919702168,189,7,182,0.037037037037037035,0.9578947368421052,2.1440890268571557,209,24,185,0.11483253588516747,0.9736842105263158,1.679625
exp_cl,exp_cl,250,200,0.5,20,81,190,12,178,153,1,152,0.06315789473684211,0.9368421052631579,0.006535947712418301,0.8,203,21,182,166,3,163,0.10344827586206896,0.9578947368421052,0.018072289156626505,0.8578947368421053,3.8456660734790713,75,0,75,0.0,0.39473684210526316,3.620327915144277,92,0,92,0.0,0.4842105263157895,2.296363133152552,182,8,174,0.04395604395604396,0.9157894736842105,2.167076915555812,194,17,177,0.08762886597938144,0.9315789473684211,1.574676
exp_cl,exp_cl,250,200,0.5,20,82,198,12,186,173,1,172,0.06060606060606061,0.9789473684210527,0.005780346820809248,0.9052631578947369,211,25,186,176,1,175,0.11848341232227488,0.9789473684210527,0.005681818181818182,0.9210526315789473,3.7188465911191604,129,0,129,0.0,0.6789473684210526,3.5307755189826784,141,0,141,0.0,0.7421052631578947,2.346831294436796,190,8,182,0.042105263157894736,0.9578947368421052,2.197738727131851,206,19,187,0.09223300970873786,0.9842105263157894,1.665311
exp_cl,exp_cl,250,200,0.5,20,83,194,12,182,167,2,165,0.061855670103092786,0.9578947368421052,0.011976047904191617,0.868421052631579,216,30,186,171,2,169,0.1388888888888889,0.9789473684210527,0.011695906432748537,0.8894736842105263,3.7905137202562234,96,0,96,0.0,0.5052631578947369,3.542514263715867,127,0,127,0.0,0.6684210526315789,2.3372153158641265,187,7,180,0.0374331550802139,0.9473684210526315,2.1709159541052627,201,19,182,0.0945273631840796,0.9578947368421052,1.648233
exp_cl,exp_cl,250,200,0.5,20,84,200,12,188,184,1,183,0.06,0.9894736842105263,0.005434782608695652,0.9631578947368421,219,31,188,189,2,187,0.1415525114155251,0.9894736842105263,0.010582010582010581,0.9842105263157894,3.725775141545205,128,0,128,0.0,0.6736842105263158,3.5049466380363272,154,1,153,0.006493506493506494,0.8052631578947368,2.3402914405930257,195,7,188,0.035897435897435895,0.9894736842105263,2.147654279587396,204,16,188,0.0784313725490196,0.9894736842105263,1.642081
exp_cl,exp_cl,250,200,0.5,20,85,201,13,188,173,0,173,0.06467661691542288,0.9894736842105263,0.0,0.9105263157894737,215,27,188,179,1,178,0.12558139534883722,0.9894736842105263,0.00558659217877095,0.9368421052631579,3.68051911162131,153,0,153,0.0,0.8052631578947368,3.47742547816625,158,0,158,0.0,0.8315789473684211,2.3426853067491837,196,8,188,0.04081632653061224,0.9894736842105263,2.1642628128051564,209,21,188,0.10047846889952153,0.9894736842105263,1.938472
exp_cl,exp_cl,250,200,0.5,20,86,175,9,166,140,1,139,0.05142857142857143,0.8736842105263158,0.007142857142857143,0.7315789473684211,193,23,170,149,3,146,0.11917098445595854,0.8947368421052632,0.020134228187919462,0.7684210526315789,3.8801245164933853,68,0,68,0.0,0.35789473684210527,3.654447561223063,84,0,84,0.0,0.4421052631578947,2.330568495407924,161,6,155,0.037267080745341616,0.8157894736842105,2.1900458099686637,180,14,166,0.07777777777777778,0.8736842105263158,1.631301
exp_cl,exp_cl,250,200,0.5,20,87,210,23,187,182,2,180,0.10952380952380952,0.9842105263157894,0.01098901098901099,0.9473684210526315,224,36,188,187,5,182,0.16071428571428573,0.9894736842105263,0.026737967914438502,0.9578947368421052,3.7303877689235536,157,0,157,0.0,0.8263157894736842,3.4716299854151123,166,0,166,0.0,0.8736842105263158,2.290731483628144,203,14,189,0.06896551724137931,0.9947368421052631,2.1490670057091608,215,26,189,0.12093023255813953,0.9947368421052631,1.597564
exp_cl,exp_cl,250,200,0.5,20,88,193,20,173,148,2,146,0.10362694300518134,0.9105263157894737,0.013513513513513514,0.7684210526315789,213,34,179,156,4,152,0.1596244131455399,0.9421052631578948,0.02564102564102564,0.8,3.8537013071577433,74,0,74,0.0,0.3894736842105263,3.6294482635518936,90,0,90,0.0,0.47368421052631576,2.3038770407096605,183,12,171,0.06557377049180328,0.9,2.1535222247875168,207,29,178,0.14009661835748793,0.9368421052631579,1.625425
exp_cl,exp_cl,250,200,0.5,20,89,189,15,174,156,1,155,0.07936507936507936,0.9157894736842105,0.00641025641025641,0.8157894736842105,206,27,179,164,3,161,0.13106796116504854,0.9421052631578948,0.018292682926829267,0.8473684210526315,3.8624372347348546,73,0,73,0.0,0.38421052631578945,3.627413430276726,93,0,93,0.0,0.48947368421052634,2.313184058522159,177,11,166,0.062146892655367235,0.8736842105263158,2.1564202397445773,191,19,172,0.09947643979057591,0.9052631578947369,1.803599
exp_cl,exp_cl,250,200,0.5,20,90,202,23,179,154,1,153,0.11386138613861387,0.9421052631578948,0.006493506493506494,0.8052631578947368,224,42,182,163,1,162,0.1875,0.9578947368421052,0.006134969325153374,0.8526315789473684,3.7822852129915328,104,1,103,0.009615384615384616,0.5421052631578948,3.5734017214737417,112,1,111,0.008928571428571428,0.5842105263157895,2.330946127649389,180,11,169,0.06111111111111111,0.8894736842105263,2.1569163724344627,214,33,181,0.1542056074766355,0.9526315789473684,1.699556
exp_cl,exp_cl,250,200,0.5,20,91,186,15,171,152,1,151,0.08064516129032258,0.9,0.006578947368421052,0.7947368421052632,198,24,174,159,5,154,0.12121212121212122,0.9157894736842105,0.031446540880503145,0.8105263157894737,3.8037946021702833,91,0,91,0.0,0.4789473684210526,3.659953861315661,98,0,98,0.0,0.5157894736842106,2.311528418265356,173,10,163,0.057803468208092484,0.8578947368421053,2.1851984155830118,187,19,168,0.10160427807486631,0.8842105263157894,1.867409
exp_cl,exp_cl,250,200,0.5,20,92,196,6,190,188,0,188,0.030612244897959183,1.0,0.0,0.9894736842105263,204,14,190,191,2,189,0.06862745098039216,1.0,0.010471204188481676,0.9947368421052631,3.658375061037572,178,0,178,0.0,0.9368421052631579,3.4916248713112776,184,0,184,0.0,0.968421052631579,2.3821533355900075,194,5,189,0.02577319587628866,0.9947368421052631,2.1758348128606637,198,9,189,0.045454545454545456,0.9947368421052631,1.808004
exp_cl,exp_cl,250,200,0.5,20,93,198,9,189,182,2,180,0.045454545454545456,0.9947368421052631,0.01098901098901099,0.9473684210526315,215,25,190,186,3,183,0.11627906976744186,1.0,0.016129032258064516,0.9631578947368421,3.6766532723452294,158,0,158,0.0,0.8315789473684211,3.4841089445438573,166,0,166,0.0,0.8736842105263158,2.36742070081317,193,4,189,0.02072538860103627,0.9947368421052631,2.1624918294733493,207,17,190,0.0821256038647343,1.0,1.636916
exp_cl,exp_cl,250,200,0.5,20,94,207,21,186,175,6,169,0.10144927536231885,0.9789473684210527,0.03428571428571429,0.8894736842105263,227,41,186,181,9,172,0.18061674008810572,0.9789473684210527,0.049723756906077346,0.9052631578947369,3.7173795793757627,129,0,129,0.0,0.6789473684210526,3.559999473141766,138,0,138,0.0,0.7263157894736842,2.243017310526575,195,13,182,0.06666666666666667,0.9578947368421052,2.096907510388848,222,34,188,0.15315315315315314,0.9894736842105263,1.661183
exp_cl,exp_cl,250,200,0.5,20,95,206,16,190,187,1,186,0.07766990291262135,1.0,0.0053475935828877,0.9789473684210527,223,33,190,189,2,187,0.14798206278026907,1.0,0.010582010582010581,0.9842105263157894,3.649648567610183,171,0,171,0.0,0.9,3.465814191371317,175,0,175,0.0,0.9210526315789473,2.285719272834063,201,11,190,0.05472636815920398,1.0,2.15166715693311,211,21,190,0.0995260663507109,1.0,1.829811
exp_cl,exp_cl,250,200,0.5,20,96,191,10,181,164,2,162,0.05235602094240838,0.9526315789473684,0.012195121951219513,0.8526315789473684,220,35,185,172,2,170,0.1590909090909091,0.9736842105263158,0.011627906976744186,0.8947368421052632,3.753113851125374,109,0,109,0.0,0.5736842105263158,3.5489314796965776,129,0,129,0.0,0.6789473684210526,2.3404077422250658,188,9,179,0.047872340425531915,0.9421052631578948,2.1848154048464408,208,25,183,0.1201923076923077,0.9631578947368421,1.58847
exp_cl,exp_cl,250,200,0.5,20,97,201,20,181,159,1,158,0.09950248756218906,0.9526315789473684,0.006289308176100629,0.8315789473684211,222,38,184,168,1,167,0.17117117117117117,0.968421052631579,0.005952380952380952,0.8789473684210526,3.741255405160053,115,0,115,0.0,0.6052631578947368,3.5467218989221414,126,0,126,0.0,0.6631578947368421,2.297199089679821,193,13,180,0.06735751295336788,0.9473684210526315,2.1612519190191377,214,31,183,0.14485981308411214,0.9631578947368421,1.936558
exp_cl,exp_cl,250,200,0.5,20,98,196,9,187,181,2,179,0.04591836734693878,0.9842105263157894,0.011049723756906077,0.9421052631578948,209,21,188,185,2,183,0.10047846889952153,0.9894736842105263,0.010810810810810811,0.9631578947368421,3.6925653922029387,148,0,148,0.0,0.7789473684210526,3.4791808995105304,157,0,157,0.0,0.8263157894736842,2.363168304198371,192,4,188,0.020833333333333332,0.9894736842105263,2.1929215221540392,198,10,188,0.050505050505050504,0.9894736842105263,1.727347
exp_cl,exp_cl,250,200,0.5,20,99,202,18,184,178,1,177,0.0891089108910891,0.968421052631579,0.0056179775280898875,0.9315789473684211,220,34,186,186,5,181,0.15454545454545454,0.9789473684210527,0.026881720430107527,0.9526315789473684,3.6971549721497516,147,0,147,0.0,0.7736842105263158,3.4973794795685245,150,0,150,0.0,0.7894736842105263,2.274446199343698,198,13,185,0.06565656565656566,0.9736842105263158,2.1524283459804385,210,25,185,0.11904761904761904,0.9736842105263158,1.680528
exp_cl,exp_cl,250,200,0.5,20,100,195,12,183,160,0,160,0.06153846153846154,0.9631578947368421,0.0,0.8421052631578947,207,20,187,165,1,164,0.0966183574879227,0.9842105263157894,0.006060606060606061,0.8631578947368421,3.737465869088809,120,0,120,0.0,0.631578947368421,3.5714085566879152,128,0,128,0.0,0.6736842105263158,2.2959387244250946,192,11,181,0.057291666666666664,0.9526315789473684,2.1740178901402833,198,14,184,0.0707070707070707,0.968421052631579,1.724617
exp_cl,exp_cl,250,200,0.5,20,101,193,9,184,165,2,163,0.046632124352331605,0.968421052631579,0.012121212121212121,0.8578947368421053,219,30,189,174,3,171,0.136986301369863,0.9947368421052631,0.017241379310344827,0.9,3.7131438091523266,131,0,131,0.0,0.6894736842105263,3.563446969831649,139,0,139,0.0,0.7315789473684211,2.331656150916114,190,8,182,0.042105263157894736,0.9578947368421052,2.19652627034905,205,19,186,0.09268292682926829,0.9789473684210527,1.719507
exp_cl,exp_cl,250,200,0.5,20,102,207,20,187,181,2,179,0.0966183574879227,0.9842105263157894,0.011049723756906077,0.9421052631578948,225,36,189,185,2,183,0.16,0.9947368421052631,0.010810810810810811,0.9631578947368421,3.682952780136136,145,0,145,0.0,0.7631578947368421,3.53455405873563,152,0,152,0.0,0.8,2.323831133266167,192,5,187,0.026041666666666668,0.9842105263157894,2.115543138265228,215,27,188,0.12558139534883722,0.9894736842105263,1.782107
exp_cl,exp_cl,250,200,0.5,20,103,208,18,190,192,4,188,0.08653846153846154,1.0,0.020833333333333332,0.9894736842105263,218,28,190,194,5,189,0.12844036697247707,1.0,0.02577319587628866,0.9947368421052631,3.7843162537207786,183,0,183,0.0,0.9631578947368421,3.540625665100528,185,0,185,0.0,0.9736842105263158,2.3415777062034615,199,10,189,0.05025125628140704,0.9947368421052631,2.184254758385056,209,19,190,0.09090909090909091,1.0,1.7896
exp_cl,exp_cl,250,200,0.5,20,104,198,15,183,179,2,177,0.07575757575757576,0.9631578947368421,0.0111731843575419,0.9315789473684211,209,23,186,179,2,177,0.11004784688995216,0.9789473684210527,0.0111731843575419,0.9315789473684211,3.7361187692358406,122,0,122,0.0,0.6421052631578947,3.5537523740092447,137,0,137,0.0,0.7210526315789474,2.3146078459662998,192,8,184,0.041666666666666664,0.968421052631579,2.162631663377656,206,21,185,0.10194174757281553,0.9736842105263158,1.721282
exp_cl,exp_cl,250,200,0.5,20,105,206,16,190,188,0,188,0.07766990291262135,1.0,0.0,0.9894736842105263,216,26,190,190,0,190,0.12037037037037036,1.0,0.0,1.0,3.6714886895407863,173,0,173,0.0,0.9105263157894737,3.442837635338623,182,0,182,0.0,0.9578947368421052,2.3541851572219095,198,8,190,0.04040404040404041,1.0,2.2345638745034746,208,18,190,0.08653846153846154,1.0,1.738747
exp_cl,exp_cl,250,200,0.5,20,106,200,20,180,161,1,160,0.1,0.9473684210526315,0.006211180124223602,0.8421052631578947,231,45,186,166,2,164,0.19480519480519481,0.9789473684210527,0.012048192771084338,0.8631578947368421,3.799015154174458,91,0,91,0.0,0.4789473684210526,3.5644516982182077,114,0,114,0.0,0.6,2.260660722059463,188,12,176,0.06382978723404255,0.9263157894736842,2.12759854551122,208,29,179,0.13942307692307693,0.9421052631578948,1.704065
exp_cl,exp_cl,250,200,0.5,20,107,197,18,179,163,0,163,0.09137055837563451,0.9421052631578948,0.0,0.8578947368421053,221,39,182,169,0,169,0.17647058823529413,0.9578947368421052,0.0,0.8894736842105263,3.793043592316955,94,0,94,0.0,0.49473684210526314,3.5744450266596344,110,0,110,0.0,0.5789473684210527,2.2852148495602056,180,6,174,0.03333333333333333,0.9157894736842105,2.1544533541149815,199,19,180,0.09547738693467336,0.9473684210526315,1.695361
exp_cl,exp_cl,250,200,0.5,20,108,185,13,172,156,0,156,0.07027027027027027,0.9052631578947369,0.0,0.8210526315789474,203,26,177,161,1,160,0.12807881773399016,0.9315789473684211,0.006211180124223602,0.8421052631578947,3.807748181353042,88,0,88,0.0,0.4631578947368421,3.5846582299012866,106,0,106,0.0,0.5578947368421052,2.3348039447601447,184,9,175,0.04891304347826087,0.9210526315789473,2.208601124891817,193,15,178,0.07772020725388601,0.9368421052631579,1.685161
exp_cl,exp_cl,250,200,0.5,20,109,195,9,186,179,2,177,0.046153846153846156,0.9789473684210527,0.0111731843575419,0.9315789473684211,208,21,187,181,3,178,0.10096153846153846,0.9842105263157894,0.016574585635359115,0.9368421052631579,3.698637315131336,139,0,139,0.0,0.7315789473684211,3.4973717347740667,148,0,148,0.0,0.7789473684210526,2.316709719295698,193,7,186,0.03626943005181347,0.9789473684210527,2.1795795956655457,201,13,188,0.06467661691542288,0.9894736842105263,1.862089
exp_cl,exp_cl,250,200,0.5,20,110,199,19,180,161,4,157,0.09547738693467336,0.9473684210526315,0.024844720496894408,0.8263157894736842,212,31,181,169,6,163,0.14622641509433962,0.9526315789473684,0.03550295857988166,0.8578947368421053,3.827018138750251,81,0,81,0.0,0.4263157894736842,3.6193760802259014,97,0,97,0.0,0.5105263157894737,2.272067787919945,185,12,173,0.06486486486486487,0.9105263157894737,2.132208593706954,203,24,179,0.11822660098522167,0.9421052631578948,1.666582
exp_cl,exp_cl,250,200,0.5,20,111,192,11,181,150,1,149,0.057291666666666664,0.9526315789473684,0.006666666666666667,0.7842105263157895,210,26,184,156,1,155,0.12380952380952381,0.968421052631579,0.00641025641025641,0.8157894736842105,3.8495445967057575,76,0,76,0.0,0.4,3.6413222960789944,94,0,94,0.0,0.49473684210526314,2.2783378330014963,173,8,165,0.046242774566473986,0.868421052631579,2.1453890777322666,187,14,173,0.0748663101604278,0.9105263157894737,1.762563
exp_cl,exp_cl,250,200,0.5,20,112,196,7,189,185,1,184,0.03571428571428571,0.9947368421052631,0.005405405405405406,0.968421052631579,201,12,189,189,2,187,0.05970149253731343,0.9947368421052631,0.010582010582010581,0.9842105263157894,3.6649512553883157,178,0,178,0.0,0.9368421052631579,3.6225222578751417,179,0,179,0.0,0.9421052631578948,2.3799583824241655,194,5,189,0.02577319587628866,0.9947368421052631,2.186760796601306,199,9,190,0.04522613065326633,1.0,1.581883
exp_cl,exp_cl,250,200,0.5,20,113,188,11,177,161,1,160,0.05851063829787234,0.9315789473684211,0.006211180124223602,0.8421052631578947,210,27,183,167,2,165,0.12857142857142856,0.9631578947368421,0.011976047904191617,0.868421052631579,3.789265603027477,99,0,99,0.0,0.5210526315789473,3.5725405217649535,116,0,116,0.0,0.6105263157894737,2.3130380990941903,182,8,174,0.04395604395604396,0.9157894736842105,2.1721667594225536,192,14,178,0.07291666666666667,0.9368421052631579,1.658365
exp_cl,exp_cl,250,200,0.5,20,114,193,10,183,168,1,167,0.05181347150259067,0.9631578947368421,0.005952380952380952,0.8789473684210526,204,20,184,176,3,173,0.09803921568627451,0.968421052631579,0.017045454545454544,0.9105263157894737,3.8141242714510484,93,0,93,0.0,0.48947368421052634,3.553368616682949,123,0,123,0.0,0.6473684210526316,2.252116062528222,190,8,182,0.042105263157894736,0.9578947368421052,2.1184351309949014,201,16,185,0.07960199004975124,0.9736842105263158,1.64347
exp_cl,exp_cl,250,200,0.5,20,115,188,11,177,138,0,138,0.05851063829787234,0.9315789473684211,0.0,0.7263157894736842,215,30,185,162,2,160,0.13953488372093023,0.9736842105263158,0.012345679012345678,0.8421052631578947,3.85954002154719,78,0,78,0.0,0.4105263157894737,3.6453827402501795,88,0,88,0.0,0.4631578947368421,2.3067512043879206,177,6,171,0.03389830508474576,0.9,2.1524335059652087,196,21,175,0.10714285714285714,0.9210526315789473,2.061561
exp_cl,exp_cl,250,200,0.5,20,116,188,9,179,170,0,170,0.047872340425531915,0.9421052631578948,0.0,0.8947368421052632,203,20,183,175,2,173,0.09852216748768473,0.9631578947368421,0.011428571428571429,0.9105263157894737,3.7502633859221928,117,0,117,0.0,0.6157894736842106,3.5877320724346573,124,0,124,0.0,0.6526315789473685,2.3225993981904907,184,7,177,0.03804347826086957,0.9315789473684211,2.221708863338318,190,10,180,0.05263157894736842,0.9473684210526315,1.75252
exp_cl,exp_cl,250,200,0.5,20,117,194,15,179,140,2,138,0.07731958762886598,0.9421052631578948,0.014285714285714285,0.7263157894736842,220,35,185,156,5,151,0.1590909090909091,0.9736842105263158,0.03205128205128205,0.7947368421052632,3.8548853909760576,76,0,76,0.0,0.4,3.60572527526196,98,0,98,0.0,0.5157894736842106,2.2820875610709797,187,13,174,0.06951871657754011,0.9157894736842105,2.1494500117679154,207,26,181,0.12560386473429952,0.9526315789473684,1.648923
exp_cl,exp_cl,250,200,0.5,20,118,209,19,190,180,3,177,0.09090909090909091,1.0,0.016666666666666666,0.9315789473684211,219,29,190,186,3,183,0.1324200913242009,1.0,0.016129032258064516,0.9631578947368421,3.725582194734528,152,0,152,0.0,0.8,3.4847843195849855,158,0,158,0.0,0.8315789473684211,2.3506047685745433,200,11,189,0.055,0.9947368421052631,2.193574042940467,209,20,189,0.09569377990430622,0.9947368421052631,1.850453
exp_cl,exp_cl,250,200,0.5,20,119,202,12,190,190,0,190,0.0594059405940594,1.0,0.0,1.0,215,25,190,192,2,190,0.11627906976744186,1.0,0.010416666666666666,1.0,3.6371661151377683,188,0,188,0.0,0.9894736842105263,3.4614602944830093,190,0,190,0.0,1.0,2.3260562011139325,193,3,190,0.015544041450777202,1.0,2.166266319566925,203,13,190,0.06403940886699508,1.0,1.671872
exp_cl,exp_cl,250,200,0.5,20,120,197,17,180,157,1,156,0.08629441624365482,0.9473684210526315,0.006369426751592357,0.8210526315789474,210,25,185,168,2,166,0.11904761904761904,0.9736842105263158,0.011904761904761904,0.8736842105263158,3.8307862206446277,86,0,86,0.0,0.45263157894736844,3.5877068733415656,106,0,106,0.0,0.5578947368421052,2.318187454365824,194,15,179,0.07731958762886598,0.9421052631578948,2.1778392725925637,207,22,185,0.10628019323671498,0.9736842105263158,1.778374
exp_cl,exp_cl,250,200,0.5,20,121,180,10,170,135,1,134,0.05555555555555555,0.8947368421052632,0.007407407407407408,0.7052631578947368,201,22,179,153,3,150,0.10945273631840796,0.9421052631578948,0.0196078431372549,0.7894736842105263,3.899685023758418,62,0,62,0.0,0.3263157894736842,3.672411705042299,80,0,80,0.0,0.42105263157894735,2.343372583826493,165,5,160,0.030303030303030304,0.8421052631578947,2.167344789594426,188,16,172,0.0851063829787234,0.9052631578947369,1.915169
exp_cl,exp_cl,250,200,0.5,20,122,194,16,178,160,2,158,0.08247422680412371,0.9368421052631579,0.0125,0.8315789473684211,209,27,182,171,5,166,0.1291866028708134,0.9578947368421052,0.029239766081871343,0.8736842105263158,3.8128382218509973,94,0,94,0.0,0.49473684210526314,3.606842906417931,109,0,109,0.0,0.5736842105263158,2.3128596906186374,189,13,176,0.06878306878306878,0.9263157894736842,2.1754691941605,200,20,180,0.1,0.9473684210526315,1.657375
exp_cl,exp_cl,250,200,0.5,20,123,180,13,167,144,2,142,0.07222222222222222,0.8789473684210526,0.013888888888888888,0.7473684210526316,198,24,174,153,2,151,0.12121212121212122,0.9157894736842105,0.013071895424836602,0.7947368421052632,3.943357597580661,56,0,56,0.0,0.29473684210526313,3.7248338407920167,73,0,73,0.0,0.38421052631578945,2.3250230618146848,164,3,161,0.018292682926829267,0.8473684210526315,2.1799143702397585,184,14,170,0.07608695652173914,0.8947368421052632,1.718646
exp_cl,exp_cl,250,200,0.5,20,124,210,20,190,191,3,188,0.09523809523809523,1.0,0.015706806282722512,0.9894736842105263,234,44,190,194,6,188,0.18803418803418803,1.0,0.030927835051546393,0.9894736842105263,3.6205486674752447,184,0,184,0.0,0.968421052631579,3.4410310793095547,186,0,186,0.0,0.9789473684210527,2.356530851023958,202,12,190,0.0594059405940594,1.0,2.208319017579221,218,28,190,0.12844036697247707,1.0,1.627637
exp_cl,exp_cl,250,200,0.5,20,125,198,18,180,158,3,155,0.09090909090909091,0.9473684210526315,0.0189873417721519,0.8157894736842105,219,33,186,163,3,160,0.1506849315068493,0.9789473684210527,0.018404907975460124,0.8421052631578947,3.79632234222195,93,0,93,0.0,0.48947368421052634,3.5941432676011895,108,0,108,0.0,0.5684210526315789,2.314570696156345,177,10,167,0.05649717514124294,0.8789473684210526,2.167679786111628,205,26,179,0.12682926829268293,0.9421052631578948,1.852989
exp_cl,exp_cl,250,200,0.5,20,126,193,15,178,157,0,157,0.07772020725388601,0.9368421052631579,0.0,0.8263157894736842,212,29,183,163,1,162,0.13679245283018868,0.9631578947368421,0.006134969325153374,0.8526315789473684,3.7636991940940097,108,0,108,0.0,0.5684210526315789,3.554199750851474,120,0,120,0.0,0.631578947368421,2.29975196523022,189,11,178,0.0582010582010582,0.9368421052631579,2.1761039010210474,202,21,181,0.10396039603960396,0.9526315789473684,1.62971
exp_cl,exp_cl,250,200,0.5,20,127,206,16,190,192,3,189,0.07766990291262135,1.0,0.015625,0.9947368421052631,217,27,190,196,6,190,0.12442396313364056,1.0,0.030612244897959183,1.0,3.628328106657295,178,0,178,0.0,0.9368421052631579,3.4476099178627466,183,0,183,0.0,0.9631578947368421,2.3387740941017423,200,10,190,0.05,1.0,2.17238072284725,206,16,190,0.07766990291262135,1.0,1.76013
exp_cl,exp_cl,250,200,0.5,20,128,198,9,189,185,0,185,0.045454545454545456,0.9947368421052631,0.0,0.9736842105263158,211,22,189,190,2,188,0.10426540284360189,0.9947368421052631,0.010526315789473684,0.9894736842105263,3.693151350622727,152,0,152,0.0,0.8,3.4911568567460884,162,0,162,0.0,0.8526315789473684,2.405157603455786,193,4,189,0.02072538860103627,0.9947368421052631,2.2005302779536446,197,8,189,0.04060913705583756,0.9947368421052631,1.698813
exp_cl,exp_cl,250,200,0.5,20,129,185,10,175,158,2,156,0.05405405405405406,0.9210526315789473,0.012658227848101266,0.8210526315789474,208,29,179,167,4,163,0.13942307692307693,0.9421052631578948,0.023952095808383235,0.8578947368421053,3.809848839939185,94,0,94,0.0,0.49473684210526314,3.5731250202053433,114,0,114,0.0,0.6,2.31679861564181,180,7,173,0.03888888888888889,0.9105263157894737,2.170183335943376,194,19,175,0.0979381443298969,0.9210526315789473,1.561343
exp_cl,exp_cl,250,200,0.5,20,130,174,12,162,137,2,135,0.06896551724137931,0.8526315789473684,0.014598540145985401,0.7105263157894737,187,18,169,148,4,144,0.0962566844919786,0.8894736842105263,0.02702702702702703,0.7578947368421053,3.843465480439296,77,0,77,0.0,0.4052631578947368,3.6293669845484526,90,0,90,0.0,0.47368421052631576,2.3527855453929023,167,9,158,0.05389221556886228,0.8315789473684211,2.209596027485445,181,12,169,0.06629834254143646,0.8894736842105263,1.677402
exp_cl,exp_cl,250,200,0.5,20,131,198,18,180,157,3,154,0.09090909090909091,0.9473684210526315,0.01910828025477707,0.8105263157894737,228,42,186,167,4,163,0.18421052631578946,0.9789473684210527,0.023952095808383235,0.8578947368421053,3.7833741969562067,98,0,98,0.0,0.5157894736842106,3.5848505011267755,107,0,107,0.0,0.5631578947368421,2.289760462007823,187,10,177,0.053475935828877004,0.9315789473684211,2.1534267874391753,208,29,179,0.13942307692307693,0.9421052631578948,1.776365
exp_cl,exp_cl,250,200,0.5,20,132,207,21,186,180,3,177,0.10144927536231885,0.9789473684210527,0.016666666666666666,0.9315789473684211,218,31,187,184,3,181,0.14220183486238533,0.9842105263157894,0.016304347826086956,0.9526315789473684,3.7047336548009637,136,0,136,0.0,0.7157894736842105,3.482374077846406,155,0,155,0.0,0.8157894736842105,2.2736310244023845,203,16,187,0.07881773399014778,0.9842105263157894,2.1664567075338783,214,26,188,0.12149532710280374,0.9894736842105263,1.686624
exp_cl,exp_cl,250,200,0.5,20,133,155,6,149,105,0,105,0.03870967741935484,0.7842105263157895,0.0,0.5526315789473685,172,14,158,119,0,119,0.08139534883720931,0.8315789473684211,0.0,0.6263157894736842,4.293519745138275,16,0,16,0.0,0.08421052631578947,3.9084397163534628,29,0,29,0.0,0.15263157894736842,2.3296653341499654,138,2,136,0.014492753623188406,0.7157894736842105,2.183202719894795,156,7,149,0.04487179487179487,0.7842105263157895,1.720798
exp_cl,exp_cl,250,200,0.5,20,134,197,11,186,169,3,166,0.05583756345177665,0.9789473684210527,0.01775147928994083,0.8736842105263158,218,30,188,177,4,173,0.13761467889908258,0.9894736842105263,0.022598870056497175,0.9105263157894737,3.772221903973347,101,0,101,0.0,0.531578947368421,3.556056938280405,118,0,118,0.0,0.6210526315789474,2.2963701763130957,193,8,185,0.04145077720207254,0.9736842105263158,2.1660602534493933,204,17,187,0.08333333333333333,0.9842105263157894,1.733397
exp_cl,exp_cl,250,200,0.5,20,135,202,15,187,186,3,183,0.07425742574257425,0.9842105263157894,0.016129032258064516,0.9631578947368421,218,30,188,189,4,185,0.13761467889908258,0.9894736842105263,0.021164021164021163,0.9736842105263158,3.6631040727789603,162,0,162,0.0,0.8526315789473684,3.530383143680598,169,0,169,0.0,0.8894736842105263,2.2493465452333763,199,11,188,0.05527638190954774,0.9894736842105263,2.1131550736092986,208,19,189,0.09134615384615384,0.9947368421052631,1.717179
exp_cl,exp_cl,250,200,0.5,20,136,197,9,188,186,3,183,0.04568527918781726,0.9894736842105263,0.016129032258064516,0.9631578947368421,205,16,189,189,3,186,0.07804878048780488,0.9947368421052631,0.015873015873015872,0.9789473684210527,3.663199571253575,169,0,169,0.0,0.8894736842105263,3.5280060242161335,176,0,176,0.0,0.9263157894736842,2.3722665042618516,196,7,189,0.03571428571428571,0.9947368421052631,2.2076042023013303,200,11,189,0.055,0.9947368421052631,1.565957
exp_cl,exp_cl,250,200,0.5,20,137,187,10,177,163,1,162,0.053475935828877004,0.9315789473684211,0.006134969325153374,0.8526315789473684,205,25,180,170,3,167,0.12195121951219512,0.9473684210526315,0.01764705882352941,0.8789473684210526,3.806640737111533,96,0,96,0.0,0.5052631578947369,3.584860280734568,108,0,108,0.0,0.5684210526315789,2.2773755161719764,183,7,176,0.03825136612021858,0.9263157894736842,2.1325536873572077,198,19,179,0.09595959595959595,0.9421052631578948,1.697408
exp_cl,exp_cl,250,200,0.5,20,138,198,11,187,172,4,168,0.05555555555555555,0.9842105263157894,0.023255813953488372,0.8842105263157894,224,37,187,183,5,178,0.16517857142857142,0.9842105263157894,0.0273224043715847,0.9368421052631579,3.7473896396074027,113,0,113,0.0,0.5947368421052631,3.5479393387068887,133,0,133,0.0,0.7,2.2994945223924614,194,10,184,0.05154639175257732,0.968421052631579,2.159608060730448,210,24,186,0.11428571428571428,0.9789473684210527,1.647481
exp_cl,exp_cl,250,200,0.5,20,139,194,13,181,172,3,169,0.06701030927835051,0.9526315789473684,0.01744186046511628,0.8894736842105263,215,32,183,179,4,175,0.14883720930232558,0.9631578947368421,0.0223463687150838,0.9210526315789473,3.7100684572583287,133,0,133,0.0,0.7,3.512264932131282,146,0,146,0.0,0.7684210526315789,2.3694509362457463,188,8,180,0.0425531914893617,0.9473684210526315,2.1742530689161503,200,15,185,0.075,0.9736842105263158,1.761731
exp_cl,exp_cl,250,200,0.5,20,140,189,9,180,167,2,165,0.047619047619047616,0.9473684210526315,0.011976047904191617,0.868421052631579,201,16,185,177,3,174,0.07960199004975124,0.9736842105263158,0.01694915254237288,0.9157894736842105,3.7603037785987534,116,0,116,0.0,0.6105263157894737,3.536527884369991,127,0,127,0.0,0.6684210526315789,2.3281598506663026,188,6,182,0.031914893617021274,0.9578947368421052,2.17807827853387,196,12,184,0.061224489795918366,0.968421052631579,1.647773
exp_cl,exp_cl,250,200,0.5,20,141,205,18,187,173,1,172,0.08780487804878048,0.9842105263157894,0.005780346820809248,0.9052631578947369,224,35,189,178,2,176,0.15625,0.9947368421052631,0.011235955056179775,0.9263157894736842,3.7326229617332416,132,0,132,0.0,0.6947368421052632,3.501183572221304,148,0,148,0.0,0.7789473684210526,2.2616785230886416,198,11,187,0.05555555555555555,0.9842105263157894,2.1230164435845587,214,27,187,0.1261682242990654,0.9842105263157894,1.7312
exp_cl,exp_cl,250,200,0.5,20,142,169,10,159,122,0,122,0.05917159763313609,0.8368421052631579,0.0,0.6421052631578947,182,17,165,131,0,131,0.09340659340659341,0.868421052631579,0.0,0.6894736842105263,4.118785885079983,26,0,26,0.0,0.1368421052631579,3.794362272893824,47,0,47,0.0,0.24736842105263157,2.3244906846419986,157,6,151,0.03821656050955414,0.7947368421052632,2.18468075608345,174,11,163,0.06321839080459771,0.8578947368421053,1.520023
exp_cl,exp_cl,250,200,0.5,20,143,193,13,180,166,1,165,0.06735751295336788,0.9473684210526315,0.006024096385542169,0.868421052631579,211,28,183,175,3,172,0.13270142180094788,0.9631578947368421,0.017142857142857144,0.9052631578947369,3.7213923628437904,129,0,129,0.0,0.6789473684210526,3.51880017553226,137,0,137,0.0,0.7210526315789474,2.280026195809501,188,9,179,0.047872340425531915,0.9421052631578948,2.1590626578303787,199,19,180,0.09547738693467336,0.9473684210526315,1.676908
exp_cl,exp_cl,250,200,0.5,20,144,164,18,146,92,3,89,0.10975609756097561,0.7684210526315789,0.03260869565217391,0.46842105263157896,192,35,157,103,4,99,0.18229166666666666,0.8263157894736842,0.038834951456310676,0.5210526315789473,4.311526987941988,11,0,11,0.0,0.05789473684210526,3.9817802538135303,26,0,26,0.0,0.1368421052631579,2.3563051008873472,133,9,124,0.06766917293233082,0.6526315789473685,2.191910960721173,176,28,148,0.1590909090909091,0.7789473684210526,1.884917
exp_cl,exp_cl,250,200,0.5,20,145,192,13,179,161,1,160,0.06770833333333333,0.9421052631578948,0.006211180124223602,0.8421052631578947,211,29,182,170,2,168,0.13744075829383887,0.9578947368421052,0.011764705882352941,0.8842105263157894,3.742928416725267,114,0,114,0.0,0.6,3.534679361511675,131,0,131,0.0,0.6894736842105263,2.309089853339042,184,11,173,0.059782608695652176,0.9105263157894737,2.1746570821869686,195,18,177,0.09230769230769231,0.9315789473684211,1.728575
exp_cl,exp_cl,250,200,0.5,20,146,193,12,181,153,0,153,0.06217616580310881,0.9526315789473684,0.0,0.8052631578947368,215,29,186,164,2,162,0.13488372093023257,0.9789473684210527,0.012195121951219513,0.8526315789473684,3.8009453344007063,97,0,97,0.0,0.5105263157894737,3.6413785420864566,108,0,108,0.0,0.5684210526315789,2.3220826354022464,177,5,172,0.02824858757062147,0.9052631578947369,2.1740117842241107,195,17,178,0.08717948717948718,0.9368421052631579,1.731139
exp_cl,exp_cl,250,200,0.5,20,147,182,10,172,147,1,146,0.054945054945054944,0.9052631578947369,0.006802721088435374,0.7684210526315789,199,19,180,158,2,156,0.09547738693467336,0.9473684210526315,0.012658227848101266,0.8210526315789474,3.900020755951266,63,0,63,0.0,0.33157894736842103,3.656087858173556,82,1,81,0.012195121951219513,0.4263157894736842,2.3064282907114046,170,5,165,0.029411764705882353,0.868421052631579,2.183756423995629,186,13,173,0.06989247311827956,0.9105263157894737,1.61163
exp_cl,exp_cl,250,200,0.5,20,148,203,18,185,177,3,174,0.08866995073891626,0.9736842105263158,0.01694915254237288,0.9157894736842105,219,31,188,182,5,177,0.1415525114155251,0.9894736842105263,0.027472527472527472,0.9315789473684211,3.700680686508261,134,0,134,0.0,0.7052631578947368,3.5179908619558953,144,0,144,0.0,0.7578947368421053,2.2712461992554567,189,10,179,0.05291005291005291,0.9421052631578948,2.1296154112745707,207,24,183,0.11594202898550725,0.9631578947368421,1.682985
exp_cl,exp_cl,250,200,0.5,20,149,195,14,181,154,2,152,0.07179487179487179,0.9526315789473684,0.012987012987012988,0.8,209,25,184,169,4,165,0.11961722488038277,0.968421052631579,0.023668639053254437,0.868421052631579,3.7993407941487605,91,0,91,0.0,0.4789473684210526,3.6245205215268963,108,0,108,0.0,0.5684210526315789,2.3034627861829224,185,9,176,0.04864864864864865,0.9263157894736842,2.151271121994344,200,18,182,0.09,0.9578947368421052,1.651775
exp_cl,exp_cl,250,200,0.5,20,150,205,20,185,162,1,161,0.0975609756097561,0.9736842105263158,0.006172839506172839,0.8473684210526315,220,33,187,171,2,169,0.15,0.9842105263157894,0.011695906432748537,0.8894736842105263,3.788794195423754,101,0,101,0.0,0.531578947368421,3.564932034972591,120,0,120,0.0,0.631578947368421,2.320393248126076,193,12,181,0.06217616580310881,0.9526315789473684,2.177572467168435,208,25,183,0.1201923076923077,0.9631578947368421,1.669743
exp_cl,exp_cl,250,200,0.5,20,151,198,15,183,139,1,138,0.07575757575757576,0.9631578947368421,0.007194244604316547,0.7263157894736842,206,20,186,159,2,157,0.0970873786407767,0.9789473684210527,0.012578616352201259,0.8263157894736842,3.9154787402413955,60,0,60,0.0,0.3157894736842105,3.6789547981930006,78,0,78,0.0,0.4105263157894737,2.303579172989917,179,9,170,0.05027932960893855,0.8947368421052632,2.156039093285117,194,17,177,0.08762886597938144,0.9315789473684211,1.829758
exp_cl,exp_cl,250,200,0.5,20,152,201,16,185,174,2,172,0.07960199004975124,0.9736842105263158,0.011494252873563218,0.9052631578947369,223,36,187,175,2,173,0.16143497757847533,0.9842105263157894,0.011428571428571429,0.9105263157894737,3.7327306247280587,130,0,130,0.0,0.6842105263157895,3.535304889380303,139,0,139,0.0,0.7315789473684211,2.266636067229645,192,11,181,0.057291666666666664,0.9526315789473684,2.1438592217517796,201,17,184,0.0845771144278607,0.968421052631579,1.608814
exp_cl,exp_cl,250,200,0.5,20,153,192,10,182,147,1,146,0.052083333333333336,0.9578947368421052,0.006802721088435374,0.7684210526315789,212,26,186,160,1,159,0.12264150943396226,0.9789473684210527,0.00625,0.8368421052631579,3.8534726775217654,74,0,74,0.0,0.3894736842105263,3.616636386582727,94,0,94,0.0,0.49473684210526314,2.317456759894982,177,6,171,0.03389830508474576,0.9,2.1762618340635673,197,16,181,0.08121827411167512,0.9526315789473684,1.691883
exp_cl,exp_cl,250,200,0.5,20,154,190,12,178,153,0,153,0.06315789473684211,0.9368421052631579,0.0,0.8052631578947368,216,33,183,166,2,164,0.1527777777777778,0.9631578947368421,0.012048192771084338,0.8631578947368421,3.782715384524152,97,0,97,0.0,0.5105263157894737,3.6147501384300016,108,0,108,0.0,0.5684210526315789,2.301513832710474,186,9,177,0.04838709677419355,0.9315789473684211,2.1685374279840244,200,20,180,0.1,0.9473684210526315,1.652024
exp_cl,exp_cl,250,200,0.5,20,155,187,9,178,153,2,151,0.0481283422459893,0.9368421052631579,0.013071895424836602,0.7947368421052632,205,24,181,160,4,156,0.11707317073170732,0.9526315789473684,0.025,0.8210526315789474,3.829715974410495,80,0,80,0.0,0.42105263157894735,3.618663044895929,98,0,98,0.0,0.5157894736842106,2.3357401283679,179,8,171,0.0446927374301676,0.9,2.1919679718046132,197,18,179,0.09137055837563451,0.9421052631578948,1.694939
exp_cl,exp_cl,250,200,0.5,20,156,198,10,188,188,3,185,0.050505050505050504,0.9894736842105263,0.015957446808510637,0.9736842105263158,216,28,188,189,3,186,0.12962962962962962,0.9894736842105263,0.015873015873015872,0.9789473684210527,3.733890779994627,181,0,181,0.0,0.9526315789473684,3.733890779994627,181,0,181,0.0,0.9526315789473684,2.3475316671020288,192,4,188,0.020833333333333332,0.9894736842105263,2.1915314648780067,204,16,188,0.0784313725490196,0.9894736842105263,1.580188
exp_cl,exp_cl,250,200,0.5,20,157,204,15,189,183,1,182,0.07352941176470588,0.9947368421052631,0.00546448087431694,0.9578947368421052,222,32,190,190,4,186,0.14414414414414414,1.0,0.021052631578947368,0.9789473684210527,3.6923286987042556,148,0,148,0.0,0.7789473684210526,3.517506497554212,161,0,161,0.0,0.8473684210526315,2.2807513220662465,201,11,190,0.05472636815920398,1.0,2.171679925333495,211,21,190,0.0995260663507109,1.0,1.808392
exp_cl,exp_cl,250,200,0.5,20,158,198,14,184,167,1,166,0.0707070707070707,0.968421052631579,0.005988023952095809,0.8736842105263158,223,37,186,178,2,176,0.16591928251121077,0.9789473684210527,0.011235955056179775,0.9263157894736842,3.7720082922163956,107,0,107,0.0,0.5631578947368421,3.5250764167935302,132,0,132,0.0,0.6947368421052632,2.3365289143437487,189,8,181,0.042328042328042326,0.9526315789473684,2.1991628213428984,205,21,184,0.1024390243902439,0.968421052631579,1.645019
exp_cl,exp_cl,250,200,0.5,20,159,190,7,183,170,1,169,0.03684210526315789,0.9631578947368421,0.0058823529411764705,0.8894736842105263,202,16,186,179,1,178,0.07920792079207921,0.9789473684210527,0.00558659217877095,0.9368421052631579,3.7400701631445306,132,0,132,0.0,0.6947368421052632,3.5597655485687962,139,0,139,0.0,0.7315789473684211,2.3137059556679778,183,3,180,0.01639344262295082,0.9473684210526315,2.163536903139036,193,10,183,0.05181347150259067,0.9631578947368421,1.561223
exp_cl,exp_cl,250,200,0.5,20,160,203,23,180,167,5,162,0.11330049261083744,0.9473684210526315,0.029940119760479042,0.8526315789473684,217,33,184,181,8,173,0.15207373271889402,0.968421052631579,0.04419889502762431,0.9105263157894737,3.8158241193192985,91,0,91,0.0,0.4789473684210526,3.5620083841308383,116,0,116,0.0,0.6105263157894737,2.305427712769771,196,16,180,0.08163265306122448,0.9473684210526315,2.180922410725314,205,25,180,0.12195121951219512,0.9473684210526315,1.625469
exp_cl,exp_cl,250,200,0.5,20,161,187,17,170,141,4,137,0.09090909090909091,0.8947368421052632,0.028368794326241134,0.7210526315789474,207,30,177,157,8,149,0.14492753623188406,0.9315789473684211,0.050955414012738856,0.7842105263157895,3.9488428886557645,55,0,55,0.0,0.2894736842105263,3.726043598341461,70,0,70,0.0,0.3684210526315789,2.3131880317867646,176,13,163,0.07386363636363637,0.8578947368421053,2.179298292955496,191,22,169,0.11518324607329843,0.8894736842105263,1.760001
exp_cl,exp_cl,250,200,0.5,20,162,206,20,186,181,5,176,0.0970873786407767,0.9789473684210527,0.027624309392265192,0.9263157894736842,215,29,186,185,5,180,0.13488372093023257,0.9789473684210527,0.02702702702702703,0.9473684210526315,3.77004070265625,113,0,113,0.0,0.5947368421052631,3.5344418201153287,133,0,133,0.0,0.7,2.2947813410337066,200,15,185,0.075,0.9736842105263158,2.1768656808486297,206,21,185,0.10194174757281553,0.9736842105263158,1.655248
exp_cl,exp_cl,250,200,0.5,20,163,199,11,188,180,1,179,0.05527638190954774,0.9894736842105263,0.005555555555555556,0.9421052631578948,209,20,189,187,3,184,0.09569377990430622,0.9947368421052631,0.016042780748663103,0.968421052631579,3.6876755446649443,149,0,149,0.0,0.7842105263157895,3.4829905064756543,166,0,166,0.0,0.8736842105263158,2.2877582818895172,195,7,188,0.035897435897435895,0.9894736842105263,2.16365139637899,201,13,188,0.06467661691542288,0.9894736842105263,1.65845
exp_cl,exp_cl,250,200,0.5,20,164,194,18,176,146,2,144,0.09278350515463918,0.9263157894736842,0.0136986301369863,0.7578947368421053,208,27,181,162,3,159,0.12980769230769232,0.9526315789473684,0.018518518518518517,0.8368421052631579,3.822305487811458,84,0,84,0.0,0.4421052631578947,3.6130793398136363,95,0,95,0.0,0.5,2.335186168635675,185,10,175,0.05405405405405406,0.9210526315789473,2.1808634962902613,202,23,179,0.11386138613861387,0.9421052631578948,1.746367
exp_cl,exp_cl,250,200,0.5,20,165,200,11,189,181,0,181,0.055,0.9947368421052631,0.0,0.9526315789473684,208,19,189,185,0,185,0.09134615384615384,0.9947368421052631,0.0,0.9736842105263158,3.654691229275908,165,0,165,0.0,0.868421052631579,3.4532695207155992,174,0,174,0.0,0.9157894736842105,2.3710437563084183,196,6,190,0.030612244897959183,1.0,2.2219192781640067,206,16,190,0.07766990291262135,1.0,1.603271
exp_cl,exp_cl,250,200,0.5,20,166,195,16,179,157,1,156,0.08205128205128205,0.9421052631578948,0.006369426751592357,0.8210526315789474,206,23,183,168,5,163,0.11165048543689321,0.9631578947368421,0.02976190476190476,0.8578947368421053,3.790673675971982,97,0,97,0.0,0.5105263157894737,3.5727982795114293,114,0,114,0.0,0.6,2.295878982723024,189,10,179,0.05291005291005291,0.9421052631578948,2.1569920687607596,200,20,180,0.1,0.9473684210526315,1.658319
exp_cl,exp_cl,250,200,0.5,20,167,207,19,188,186,1,185,0.09178743961352658,0.9894736842105263,0.005376344086021506,0.9736842105263158,222,34,188,188,2,186,0.15315315315315314,0.9894736842105263,0.010638297872340425,0.9789473684210527,3.6436169153126894,171,0,171,0.0,0.9,3.5253610057090237,174,0,174,0.0,0.9157894736842105,2.3399023399817165,195,8,187,0.041025641025641026,0.9842105263157894,2.1649927307527803,211,22,189,0.10426540284360189,0.9947368421052631,1.732577
exp_cl,exp_cl,250,200,0.5,20,168,203,15,188,186,2,184,0.07389162561576355,0.9894736842105263,0.010752688172043012,0.968421052631579,217,29,188,189,3,186,0.1336405529953917,0.9894736842105263,0.015873015873015872,0.9789473684210527,3.6775170880917742,157,0,157,0.0,0.8263157894736842,3.5049619898452047,169,0,169,0.0,0.8894736842105263,2.315793583981408,198,9,189,0.045454545454545456,0.9947368421052631,2.1934178996180536,206,17,189,0.0825242718446602,0.9947368421052631,1.589297
exp_cl,exp_cl,250,200,0.5,20,169,200,19,181,162,1,161,0.095,0.9526315789473684,0.006172839506172839,0.8473684210526315,219,32,187,172,5,167,0.1461187214611872,0.9842105263157894,0.029069767441860465,0.8789473684210526,3.7581430252226307,109,0,109,0.0,0.5736842105263158,3.5360734877865734,134,0,134,0.0,0.7052631578947368,2.3717730428433876,187,11,176,0.058823529411764705,0.9263157894736842,2.1771727084342896,206,25,181,0.12135922330097088,0.9526315789473684,1.593026
exp_cl,exp_cl,250,200,0.5,20,170,200,12,188,178,1,177,0.06,0.9894736842105263,0.0056179775280898875,0.9315789473684211,210,21,189,183,1,182,0.1,0.9947368421052631,0.00546448087431694,0.9578947368421052,3.7126371009048937,132,0,132,0.0,0.6947368421052632,3.5168809756311097,142,0,142,0.0,0.7473684210526316,2.2960403074652604,190,5,185,0.02631578947368421,0.9736842105263158,2.1618258543989244,201,13,188,0.06467661691542288,0.9894736842105263,1.700334
exp_cl,exp_cl,250,200,0.5,20,171,184,15,169,137,2,135,0.08152173913043478,0.8894736842105263,0.014598540145985401,0.7105263157894737,202,24,178,148,2,146,0.1188118811881188,0.9368421052631579,0.013513513513513514,0.7684210526315789,3.9122961129343428,59,0,59,0.0,0.3105263157894737,3.69215628168239,74,0,74,0.0,0.3894736842105263,2.3260488217092274,175,11,164,0.06285714285714286,0.8631578947368421,2.2017674139499355,189,18,171,0.09523809523809523,0.9,1.804658
exp_cl,exp_cl,250,200,0.5,20,172,202,16,186,160,1,159,0.07920792079207921,0.9789473684210527,0.00625,0.8368421052631579,225,39,186,175,2,173,0.17333333333333334,0.9789473684210527,0.011428571428571429,0.9105263157894737,3.7798263567848673,104,0,104,0.0,0.5473684210526316,3.5484814700697216,123,0,123,0.0,0.6473684210526316,2.2666256924643267,193,12,181,0.06217616580310881,0.9526315789473684,2.1235028080410325,214,29,185,0.13551401869158877,0.9736842105263158,1.522194
exp_cl,exp_cl,250,200,0.5,20,173,196,14,182,173,3,170,0.07142857142857142,0.9578947368421052,0.017341040462427744,0.8947368421052632,208,24,184,179,4,175,0.11538461538461539,0.968421052631579,0.0223463687150838,0.9210526315789473,3.709912645513707,130,0,130,0.0,0.6842105263157895,3.5232331209023626,145,0,145,0.0,0.7631578947368421,2.2797258890336303,191,10,181,0.05235602094240838,0.9526315789473684,2.1458248949363865,203,19,184,0.09359605911330049,0.968421052631579,1.63251
exp_cl,exp_cl,250,200,0.5,20,174,196,14,182,173,1,172,0.07142857142857142,0.9578947368421052,0.005780346820809248,0.9052631578947369,216,30,186,178,3,175,0.1388888888888889,0.9789473684210527,0.016853932584269662,0.9210526315789473,3.7487751597106835,116,0,116,0.0,0.6105263157894737,3.5289915449545197,133,0,133,0.0,0.7,2.3132276767480144,191,10,181,0.05235602094240838,0.9526315789473684,2.1721320557480754,206,23,183,0.11165048543689321,0.9631578947368421,1.643701
exp_cl,exp_cl,250,200,0.5,20,175,202,12,190,186,1,185,0.0594059405940594,1.0,0.005376344086021506,0.9736842105263158,222,32,190,188,1,187,0.14414414414414414,1.0,0.005319148936170213,0.9842105263157894,3.6611021007747233,159,0,159,0.0,0.8368421052631579,3.47083331632429,165,0,165,0.0,0.868421052631579,2.267013807239693,195,8,187,0.041025641025641026,0.9842105263157894,2.1369843786868743,207,18,189,0.08695652173913043,0.9947368421052631,1.66256
exp_cl,exp_cl,250,200,0.5,20,176,195,18,177,142,2,140,0.09230769230769231,0.9315789473684211,0.014084507042253521,0.7368421052631579,206,27,179,152,2,150,0.13106796116504854,0.9421052631578948,0.013157894736842105,0.7894736842105263,3.87825525499716,89,0,89,0.0,0.46842105263157896,3.652067110640548,96,0,96,0.0,0.5052631578947369,2.2986488102112856,176,8,168,0.045454545454545456,0.8842105263157894,2.1545996579133146,202,24,178,0.1188118811881188,0.9368421052631579,1.754349
exp_cl,exp_cl,250,200,0.5,20,177,201,15,186,175,0,175,0.07462686567164178,0.9789473684210527,0.0,0.9210526315789473,214,26,188,178,1,177,0.12149532710280374,0.9894736842105263,0.0056179775280898875,0.9315789473684211,3.6881384998419677,141,0,141,0.0,0.7421052631578947,3.4989675894234376,150,0,150,0.0,0.7894736842105263,2.2715642945315264,194,9,185,0.04639175257731959,0.9736842105263158,2.117591004784175,209,24,185,0.11483253588516747,0.9736842105263158,1.615469
exp_cl,exp_cl,250,200,0.5,20,178,194,12,182,161,1,160,0.061855670103092786,0.9578947368421052,0.006211180124223602,0.8421052631578947,208,24,184,171,4,167,0.11538461538461539,0.968421052631579,0.023391812865497075,0.8789473684210526,3.783888843665487,105,0,105,0.0,0.5526315789473685,3.5445241223604906,125,0,125,0.0,0.6578947368421053,2.313845377413177,189,9,180,0.047619047619047616,0.9473684210526315,2.172021163645665,198,14,184,0.0707070707070707,0.968421052631579,1.693449
exp_cl,exp_cl,250,200,0.5,20,179,192,11,181,166,1,165,0.057291666666666664,0.9526315789473684,0.006024096385542169,0.868421052631579,214,31,183,174,2,172,0.14485981308411214,0.9631578947368421,0.011494252873563218,0.9052631578947369,3.746428315815297,133,0,133,0.0,0.7,3.5170176941244544,148,0,148,0.0,0.7789473684210526,2.2900387630180097,189,5,184,0.026455026455026454,0.968421052631579,2.1454320414714476,202,16,186,0.07920792079207921,0.9789473684210527,1.556974
exp_cl,exp_cl,250,200,0.5,20,180,189,15,174,124,2,122,0.07936507936507936,0.9157894736842105,0.016129032258064516,0.6421052631578947,206,26,180,142,3,139,0.1262135922330097,0.9473684210526315,0.02112676056338028,0.7315789473684211,3.9505159303213704,49,0,49,0.0,0.2578947368421053,3.7419148754388374,64,0,64,0.0,0.3368421052631579,2.273920625152754,173,13,160,0.07514450867052024,0.8421052631578947,2.1385961537984453,194,19,175,0.0979381443298969,0.9210526315789473,1.682222
exp_cl,exp_cl,250,200,0.5,20,181,200,15,185,173,2,171,0.075,0.9736842105263158,0.011560693641618497,0.9,218,32,186,182,6,176,0.14678899082568808,0.9789473684210527,0.03296703296703297,0.9263157894736842,3.718603316159909,134,0,134,0.0,0.7052631578947368,3.4994275777564634,152,0,152,0.0,0.8,2.30927557892532,196,11,185,0.05612244897959184,0.9736842105263158,2.1515589859605457,212,26,186,0.12264150943396226,0.9789473684210527,1.655451
exp_cl,exp_cl,250,200,0.5,20,182,194,10,184,173,2,171,0.05154639175257732,0.968421052631579,0.011560693641618497,0.9,208,22,186,176,3,173,0.10576923076923077,0.9789473684210527,0.017045454545454544,0.9105263157894737,3.6953335584492377,137,0,137,0.0,0.7210526315789474,3.503484609779267,149,0,149,0.0,0.7842105263157895,2.298282789893063,194,9,185,0.04639175257731959,0.9736842105263158,2.162822802388047,204,18,186,0.08823529411764706,0.9789473684210527,1.769614
exp_cl,exp_cl,250,200,0.5,20,183,173,20,153,115,0,115,0.11560693641618497,0.8052631578947368,0.0,0.6052631578947368,196,35,161,131,2,129,0.17857142857142858,0.8473684210526315,0.015267175572519083,0.6789473684210526,4.108377935713539,25,0,25,0.0,0.13157894736842105,3.886345503682131,32,0,32,0.0,0.16842105263157894,2.3284105748969384,154,9,145,0.05844155844155844,0.7631578947368421,2.1894977208776596,178,26,152,0.14606741573033707,0.8,1.597748
exp_cl,exp_cl,250,200,0.5,20,184,192,15,177,155,4,151,0.078125,0.9315789473684211,0.025806451612903226,0.7947368421052632,208,23,185,162,4,158,0.11057692307692307,0.9736842105263158,0.024691358024691357,0.8315789473684211,3.8002013171631113,95,0,95,0.0,0.5,3.59458913856024,113,0,113,0.0,0.5947368421052631,2.3186007538287234,177,7,170,0.03954802259887006,0.8947368421052632,2.1931773911150825,195,17,178,0.08717948717948718,0.9368421052631579,1.745404
exp_cl,exp_cl,250,200,0.5,20,185,187,10,177,155,2,153,0.053475935828877004,0.9315789473684211,0.012903225806451613,0.8052631578947368,203,21,182,161,2,159,0.10344827586206896,0.9578947368421052,0.012422360248447204,0.8368421052631579,3.8219135495070082,88,0,88,0.0,0.4631578947368421,3.5925234463311306,105,0,105,0.0,0.5526315789473685,2.300327954787984,176,7,169,0.03977272727272727,0.8894736842105263,2.1757742210919466,187,13,174,0.06951871657754011,0.9157894736842105,1.660168
exp_cl,exp_cl,250,200,0.5,20,186,162,8,154,122,1,121,0.04938271604938271,0.8105263157894737,0.00819672131147541,0.6368421052631579,189,22,167,137,3,134,0.1164021164021164,0.8789473684210526,0.021897810218978103,0.7052631578947368,3.9802918308976434,47,0,47,0.0,0.24736842105263157,3.726675605025241,61,0,61,0.0,0.32105263157894737,2.3251314180163902,154,5,149,0.032467532467532464,0.7842105263157895,2.167207369127273,172,12,160,0.06976744186046512,0.8421052631578947,1.602398
exp_cl,exp_cl,250,200,0.5,20,187,193,19,174,156,2,154,0.09844559585492228,0.9157894736842105,0.01282051282051282,0.8105263157894737,219,36,183,164,4,160,0.1643835616438356,0.9631578947368421,0.024390243902439025,0.8421052631578947,3.7557876408134714,110,0,110,0.0,0.5789473684210527,3.552503531622357,123,0,123,0.0,0.6473684210526316,2.3017027941637904,187,11,176,0.058823529411764705,0.9263157894736842,2.163678503948876,210,26,184,0.12380952380952381,0.968421052631579,1.664268
exp_cl,exp_cl,250,200,0.5,20,188,204,14,190,190,3,187,0.06862745098039216,1.0,0.015789473684210527,0.9842105263157894,222,32,190,191,4,187,0.14414414414414414,1.0,0.020942408376963352,0.9842105263157894,3.643306836956034,181,0,181,0.0,0.9526315789473684,3.49151054513852,184,0,184,0.0,0.968421052631579,2.3074429225138253,198,8,190,0.04040404040404041,1.0,2.1660106582228287,206,16,190,0.07766990291262135,1.0,1.72745
exp_cl,exp_cl,250,200,0.5,20,189,203,14,189,188,0,188,0.06896551724137931,0.9947368421052631,0.0,0.9894736842105263,217,28,189,192,4,188,0.12903225806451613,0.9947368421052631,0.020833333333333332,0.9894736842105263,3.6590523667348465,171,0,171,0.0,0.9,3.4718433454086064,178,0,178,0.0,0.9368421052631579,2.3048103671754556,199,10,189,0.05025125628140704,0.9947368421052631,2.16588834532165,213,23,190,0.107981220657277,1.0,1.675698
exp_cl,exp_cl,250,200,0.5,20,190,193,9,184,171,0,171,0.046632124352331605,0.968421052631579,0.0,0.9,209,22,187,179,2,177,0.10526315789473684,0.9842105263157894,0.0111731843575419,0.9315789473684211,3.6822503578058376,149,0,149,0.0,0.7842105263157895,3.5027248625253162,157,0,157,0.0,0.8263157894736842,2.349676306576716,192,6,186,0.03125,0.9789473684210527,2.1828350974333692,199,12,187,0.06030150753768844,0.9842105263157894,1.721394
exp_cl,exp_cl,250,200,0.5,20,191,205,17,188,187,4,183,0.08292682926829269,0.9894736842105263,0.0213903743315508,0.9631578947368421,217,27,190,190,5,185,0.12442396313364056,1.0,0.02631578947368421,0.9736842105263158,3.6601590712219183,162,0,162,0.0,0.8526315789473684,3.474343506195725,171,0,171,0.0,0.9,2.3287807914607095,199,10,189,0.05025125628140704,0.9947368421052631,2.1910317916805946,211,21,190,0.0995260663507109,1.0,1.754235
exp_cl,exp_cl,250,200,0.5,20,192,193,11,182,170,3,167,0.05699481865284974,0.9578947368421052,0.01764705882352941,0.8789473684210526,209,23,186,176,5,171,0.11004784688995216,0.9789473684210527,0.028409090909090908,0.9,3.7212372337086705,126,0,126,0.0,0.6631578947368421,3.5236938699820506,141,0,141,0.0,0.7421052631578947,2.320988467274035,188,8,180,0.0425531914893617,0.9473684210526315,2.1581017280569808,200,16,184,0.08,0.968421052631579,1.598075
exp_cl,exp_cl,250,200,0.5,20,193,193,15,178,167,1,166,0.07772020725388601,0.9368421052631579,0.005988023952095809,0.8736842105263158,207,25,182,170,2,168,0.12077294685990338,0.9578947368421052,0.011764705882352941,0.8842105263157894,3.740996525009152,118,0,118,0.0,0.6210526315789474,3.537983711193844,129,0,129,0.0,0.6789473684210526,2.3039694079949147,181,6,175,0.03314917127071823,0.9210526315789473,2.160105750644204,193,16,177,0.08290155440414508,0.9315789473684211,1.587934
exp_cl,exp_cl,250,200,0.5,20,194,204,17,187,177,1,176,0.08333333333333333,0.9842105263157894,0.005649717514124294,0.9263157894736842,223,34,189,183,3,180,0.15246636771300448,0.9947368421052631,0.01639344262295082,0.9473684210526315,3.6694498514885274,153,0,153,0.0,0.8052631578947368,3.5497373366142315,160,0,160,0.0,0.8421052631578947,2.283867087587662,205,15,190,0.07317073170731707,1.0,2.1544978077258063,212,22,190,0.10377358490566038,1.0,1.830565
exp_cl,exp_cl,250,200,0.5,20,195,202,12,190,186,0,186,0.0594059405940594,1.0,0.0,0.9789473684210527,209,19,190,188,0,188,0.09090909090909091,1.0,0.0,0.9894736842105263,3.669466283660012,160,0,160,0.0,0.8421052631578947,3.4625384673424433,170,0,170,0.0,0.8947368421052632,2.288302699011603,191,2,189,0.010471204188481676,0.9947368421052631,2.145254050976153,203,13,190,0.06403940886699508,1.0,1.618568
exp_cl,exp_cl,250,200,0.5,20,196,197,16,181,164,1,163,0.08121827411167512,0.9526315789473684,0.006097560975609756,0.8578947368421053,218,32,186,171,2,169,0.14678899082568808,0.9789473684210527,0.011695906432748537,0.8894736842105263,3.766937410815863,103,0,103,0.0,0.5421052631578948,3.5521327166388006,119,0,119,0.0,0.6263157894736842,2.297232923613203,194,10,184,0.05154639175257732,0.968421052631579,2.140833816690712,212,26,186,0.12264150943396226,0.9789473684210527,1.647475
exp_cl,exp_cl,250,200,0.5,20,197,212,23,189,187,2,185,0.10849056603773585,0.9947368421052631,0.0106951871657754,0.9736842105263158,234,45,189,191,2,189,0.19230769230769232,0.9947368421052631,0.010471204188481676,0.9947368421052631,3.6835528448239656,167,0,167,0.0,0.8789473684210526,3.5265364530573002,174,0,174,0.0,0.9157894736842105,2.6291296248816396,191,2,189,0.010471204188481676,0.9947368421052631,2.2236893797634227,205,16,189,0.07804878048780488,0.9947368421052631,1.605042
exp_cl,exp_cl,250,200,0.5,20,198,211,22,189,190,2,188,0.10426540284360189,0.9947368421052631,0.010526315789473684,0.9894736842105263,224,35,189,193,4,189,0.15625,0.9947368421052631,0.02072538860103627,0.9947368421052631,3.6615266879155133,173,0,173,0.0,0.9105263157894737,3.462928247340948,181,0,181,0.0,0.9526315789473684,2.317965782628298,197,8,189,0.04060913705583756,0.9947368421052631,2.1818809574895046,210,21,189,0.1,0.9947368421052631,1.747685
exp_cl,exp_cl,250,200,0.5,20,199,195,7,188,179,1,178,0.035897435897435895,0.9894736842105263,0.00558659217877095,0.9368421052631579,210,21,189,183,1,182,0.1,0.9947368421052631,0.00546448087431694,0.9578947368421052,3.7237914888856096,128,0,128,0.0,0.6736842105263158,3.503491826725508,148,0,148,0.0,0.7789473684210526,2.3138677051232572,192,6,186,0.03125,0.9789473684210527,2.141730195687334,200,12,188,0.06,0.9894736842105263,1.567806
exp_cl,exp_cl,250,200,0.5,20,200,196,18,178,157,3,154,0.09183673469387756,0.9368421052631579,0.01910828025477707,0.8105263157894737,213,34,179,167,5,162,0.1596244131455399,0.9421052631578948,0.029940119760479042,0.8526315789473684,3.8095165366033634,96,0,96,0.0,0.5052631578947369,3.574959772415359,110,0,110,0.0,0.5789473684210527,2.360640238388869,189,13,176,0.06878306878306878,0.9263157894736842,2.163321830441122,207,28,179,0.13526570048309178,0.9421052631578948,1.734215
exp_cl,exp_cl,250,200,0.5,20,201,204,15,189,190,3,187,0.07352941176470588,0.9947368421052631,0.015789473684210527,0.9842105263157894,215,26,189,193,5,188,0.12093023255813953,0.9947368421052631,0.025906735751295335,0.9894736842105263,3.7064553821620794,172,0,172,0.0,0.9052631578947369,3.469917473889201,179,0,179,0.0,0.9421052631578948,2.317697765214014,198,9,189,0.045454545454545456,0.9947368421052631,2.1720514226782965,208,19,189,0.09134615384615384,0.9947368421052631,1.831833
exp_cl,exp_cl,250,200,0.5,20,202,193,5,188,169,0,169,0.025906735751295335,0.9894736842105263,0.0,0.8894736842105263,207,19,188,177,1,176,0.09178743961352658,0.9894736842105263,0.005649717514124294,0.9263157894736842,3.7195969091607854,136,0,136,0.0,0.7157894736842105,3.5093617028636053,143,0,143,0.0,0.7526315789473684,2.293053244701751,187,3,184,0.016042780748663103,0.968421052631579,2.1397050560223247,199,12,187,0.06030150753768844,0.9842105263157894,1.535964
exp_cl,exp_cl,250,200,0.5,20,203,178,8,170,137,2,135,0.0449438202247191,0.8947368421052632,0.014598540145985401,0.7105263157894737,193,17,176,148,4,144,0.08808290155440414,0.9263157894736842,0.02702702702702703,0.7578947368421053,3.8727984331024343,71,0,71,0.0,0.3736842105263158,3.636548761268426,88,0,88,0.0,0.4631578947368421,2.3298719021093697,168,6,162,0.03571428571428571,0.8526315789473684,2.189354180108721,186,12,174,0.06451612903225806,0.9157894736842105,1.632079
exp_cl,exp_cl,250,200,0.5,20,204,197,9,188,184,1,183,0.04568527918781726,0.9894736842105263,0.005434782608695652,0.9631578947368421,213,24,189,185,1,184,0.11267605633802817,0.9947368421052631,0.005405405405405406,0.968421052631579,3.6671576000527564,167,0,167,0.0,0.8789473684210526,3.5308333225842166,170,0,170,0.0,0.8947368421052632,2.35256040893902,191,4,187,0.020942408376963352,0.9842105263157894,2.1823421449164204,202,14,188,0.06930693069306931,0.9894736842105263,1.660971
exp_cl,exp_cl,250,200,0.5,20,205,195,10,185,163,1,162,0.05128205128205128,0.9736842105263158,0.006134969325153374,0.8526315789473684,213,27,186,172,4,168,0.1267605633802817,0.9789473684210527,0.023255813953488372,0.8842105263157894,3.8228886560840976,87,0,87,0.0,0.45789473684210524,3.584650797377047,114,0,114,0.0,0.6,2.285735531241378,187,8,179,0.0427807486631016,0.9421052631578948,2.156733700547651,200,16,184,0.08,0.968421052631579,1.693507
exp_cl,exp_cl,250,200,0.5,20,206,191,13,178,164,1,163,0.06806282722513089,0.9368421052631579,0.006097560975609756,0.8578947368421053,212,29,183,170,2,168,0.13679245283018868,0.9631578947368421,0.011764705882352941,0.8842105263157894,3.7660429281265935,109,0,109,0.0,0.5736842105263158,3.5569358068316146,125,0,125,0.0,0.6578947368421053,2.3200796521433715,183,3,180,0.01639344262295082,0.9473684210526315,2.1535643300278777,202,18,184,0.0891089108910891,0.968421052631579,1.562769
exp_cl,exp_cl,250,200,0.5,20,207,154,9,145,107,0,107,0.05844155844155844,0.7631578947368421,0.0,0.5631578947368421,173,18,155,121,2,119,0.10404624277456648,0.8157894736842105,0.01652892561983471,0.6263157894736842,4.472181566952827,7,0,7,0.0,0.03684210526315789,4.197724394299573,11,0,11,0.0,0.05789473684210526,2.3629732628370825,143,7,136,0.04895104895104895,0.7157894736842105,2.22814670389065,154,12,142,0.07792207792207792,0.7473684210526316,1.858223
exp_cl,exp_cl,250,200,0.5,20,208,185,15,170,141,1,140,0.08108108108108109,0.8947368421052632,0.0070921985815602835,0.7368421052631579,199,24,175,151,2,149,0.12060301507537688,0.9210526315789473,0.013245033112582781,0.7842105263157895,3.8726444557105437,72,0,72,0.0,0.37894736842105264,3.617517569519371,96,0,96,0.0,0.5052631578947369,2.298048607533817,173,10,163,0.057803468208092484,0.8578947368421053,2.159489908384197,188,17,171,0.09042553191489362,0.9,1.674399
exp_cl,exp_cl,250,200,0.5,20,209,193,9,184,171,1,170,0.046632124352331605,0.968421052631579,0.005847953216374269,0.8947368421052632,212,27,185,178,1,177,0.12735849056603774,0.9736842105263158,0.0056179775280898875,0.9315789473684211,3.7072026694769713,136,0,136,0.0,0.7157894736842105,3.49968456150019,145,0,145,0.0,0.7631578947368421,2.312475418956947,187,4,183,0.0213903743315508,0.9631578947368421,2.1603603963396267,202,16,186,0.07920792079207921,0.9789473684210527,1.611405
exp_cl,exp_cl,250,200,0.5,20,210,200,12,188,177,2,175,0.06,0.9894736842105263,0.011299435028248588,0.9210526315789473,216,28,188,182,2,180,0.12962962962962962,0.9894736842105263,0.01098901098901099,0.9473684210526315,3.7230076180613962,137,0,137,0.0,0.7210526315789474,3.4989708545133897,148,0,148,0.0,0.7789473684210526,2.3447435435931268,193,6,187,0.031088082901554404,0.9842105263157894,2.207217831231103,206,17,189,0.0825242718446602,0.9947368421052631,1.615338
exp_cl,exp_cl,250,200,0.5,20,211,190,9,181,163,2,161,0.04736842105263158,0.9526315789473684,0.012269938650306749,0.8473684210526315,207,23,184,169,2,167,0.1111111111111111,0.968421052631579,0.011834319526627219,0.8789473684210526,3.85667329796524,92,0,92,0.0,0.4842105263157895,3.593754679500685,103,0,103,0.0,0.5421052631578948,2.293965470144869,184,7,177,0.03804347826086957,0.9315789473684211,2.1572858692184864,196,14,182,0.07142857142857142,0.9578947368421052,1.735249
exp_cl,exp_cl,250,200,0.5,20,212,148,13,135,75,3,72,0.08783783783783784,0.7105263157894737,0.04,0.37894736842105264,183,37,146,87,5,82,0.20218579234972678,0.7684210526315789,0.05747126436781609,0.43157894736842106,4.583722357441112,5,0,5,0.0,0.02631578947368421,4.081702166265401,14,0,14,0.0,0.07368421052631578,2.409216323161888,112,7,105,0.0625,0.5526315789473685,2.227181972922164,158,21,137,0.13291139240506328,0.7210526315789474,1.611828
exp_cl,exp_cl,250,200,0.5,20,213,199,10,189,186,0,186,0.05025125628140704,0.9947368421052631,0.0,0.9789473684210527,218,29,189,188,1,187,0.13302752293577982,0.9947368421052631,0.005319148936170213,0.9842105263157894,3.6533081085390875,173,0,173,0.0,0.9105263157894737,3.445388113449997,179,0,179,0.0,0.9421052631578948,2.329836770338601,193,4,189,0.02072538860103627,0.9947368421052631,2.1943555815649467,203,14,189,0.06896551724137931,0.9947368421052631,1.680591
exp_cl,exp_cl,250,200,0.5,20,214,183,13,170,131,1,130,0.07103825136612021,0.8947368421052632,0.007633587786259542,0.6842105263157895,205,30,175,150,4,146,0.14634146341463414,0.9210526315789473,0.02666666666666667,0.7684210526315789,3.9296254637497787,56,0,56,0.0,0.29473684210526313,3.6843069469853993,74,0,74,0.0,0.3894736842105263,2.3078841853615875,171,10,161,0.05847953216374269,0.8473684210526315,2.181800333075926,191,21,170,0.1099476439790576,0.8947368421052632,1.794078
exp_cl,exp_cl,250,200,0.5,20,215,198,11,187,181,0,181,0.05555555555555555,0.9842105263157894,0.0,0.9526315789473684,212,24,188,185,1,184,0.11320754716981132,0.9894736842105263,0.005405405405405406,0.968421052631579,3.6716065660689514,163,0,163,0.0,0.8578947368421053,3.472235356566836,169,0,169,0.0,0.8894736842105263,2.292998844969405,195,7,188,0.035897435897435895,0.9894736842105263,2.153303256698336,201,13,188,0.06467661691542288,0.9894736842105263,1.595221
exp_cl,exp_cl,250,200,0.5,20,216,189,13,176,161,1,160,0.06878306878306878,0.9263157894736842,0.006211180124223602,0.8421052631578947,206,26,180,164,1,163,0.1262135922330097,0.9473684210526315,0.006097560975609756,0.8578947368421053,3.74648382066997,118,0,118,0.0,0.6210526315789474,3.534514541166445,130,0,130,0.0,0.6842105263157895,2.304609318857398,181,9,172,0.049723756906077346,0.9052631578947369,2.170181293048292,197,19,178,0.09644670050761421,0.9368421052631579,1.609517
exp_cl,exp_cl,250,200,0.5,20,217,192,18,174,150,0,150,0.09375,0.9157894736842105,0.0,0.7894736842105263,214,35,179,156,1,155,0.16355140186915887,0.9421052631578948,0.00641025641025641,0.8157894736842105,3.7786689952219255,99,0,99,0.0,0.5210526315789473,3.580809553595011,111,0,111,0.0,0.5842105263157895,2.3144856314411384,175,8,167,0.045714285714285714,0.8789473684210526,2.1706886616866705,199,27,172,0.135678391959799,0.9052631578947369,1.624959
exp_cl,exp_cl,250,200,0.5,20,218,206,19,187,187,5,182,0.09223300970873786,0.9842105263157894,0.026737967914438502,0.9578947368421052,222,34,188,189,5,184,0.15315315315315314,0.9894736842105263,0.026455026455026454,0.968421052631579,3.661586086858604,158,0,158,0.0,0.8315789473684211,3.488281439867538,170,0,170,0.0,0.8947368421052632,2.305211183037865,198,11,187,0.05555555555555555,0.9842105263157894,2.162416337877535,209,22,187,0.10526315789473684,0.9842105263157894,1.69754
exp_cl,exp_cl,250,200,0.5,20,219,203,17,186,183,2,181,0.08374384236453201,0.9789473684210527,0.01092896174863388,0.9526315789473684,217,30,187,188,4,184,0.1382488479262673,0.9842105263157894,0.02127659574468085,0.968421052631579,3.674986824704102,157,0,157,0.0,0.8263157894736842,3.493928469649778,167,0,167,0.0,0.8789473684210526,2.3508787678011673,196,10,186,0.05102040816326531,0.9789473684210527,2.199459442070731,213,25,188,0.11737089201877934,0.9894736842105263,1.705024
exp_cl,exp_cl,250,200,0.5,20,220,208,22,186,183,1,182,0.10576923076923077,0.9789473684210527,0.00546448087431694,0.9578947368421052,222,34,188,186,3,183,0.15315315315315314,0.9894736842105263,0.016129032258064516,0.9631578947368421,3.7312203581302157,149,0,149,0.0,0.7842105263157895,3.4876244754079906,163,0,163,0.0,0.8578947368421053,2.323261120007291,200,13,187,0.065,0.9842105263157894,2.1814367186256556,217,30,187,0.1382488479262673,0.9842105263157894,1.636254
exp_cl,exp_cl,250,200,0.5,20,221,193,11,182,167,0,167,0.05699481865284974,0.9578947368421052,0.0,0.8789473684210526,216,31,185,174,1,173,0.14351851851851852,0.9736842105263158,0.005747126436781609,0.9105263157894737,3.786503107833348,105,0,105,0.0,0.5526315789473685,3.547774956888135,123,0,123,0.0,0.6473684210526316,2.3322103736398025,180,4,176,0.022222222222222223,0.9263157894736842,2.14874426136172,205,24,181,0.11707317073170732,0.9526315789473684,1.740936
exp_cl,exp_cl,250,200,0.5,20,222,199,13,186,178,1,177,0.06532663316582915,0.9789473684210527,0.0056179775280898875,0.9315789473684211,216,28,188,184,2,182,0.12962962962962962,0.9894736842105263,0.010869565217391304,0.9578947368421052,3.695620653206754,139,0,139,0.0,0.7315789473684211,3.4765432967691536,159,0,159,0.0,0.8368421052631579,2.27900046295446,197,9,188,0.04568527918781726,0.9894736842105263,2.144940290794803,208,19,189,0.09134615384615384,0.9947368421052631,1.521435
exp_cl,exp_cl,250,200,0.5,20,223,197,17,180,157,3,154,0.08629441624365482,0.9473684210526315,0.01910828025477707,0.8105263157894737,205,25,180,167,4,163,0.12195121951219512,0.9473684210526315,0.023952095808383235,0.8578947368421053,3.8247454772021694,83,0,83,0.0,0.4368421052631579,3.5788513156599047,111,0,111,0.0,0.5842105263157895,2.3082045187533007,185,12,173,0.06486486486486487,0.9105263157894737,2.1638330324834896,196,17,179,0.08673469387755102,0.9421052631578948,1.691864
exp_cl,exp_cl,250,200,0.5,20,224,183,12,171,141,1,140,0.06557377049180328,0.9,0.0070921985815602835,0.7368421052631579,204,29,175,152,1,151,0.14215686274509803,0.9210526315789473,0.006578947368421052,0.7947368421052632,3.9693388770795313,45,0,45,0.0,0.23684210526315788,3.7268681007008624,64,0,64,0.0,0.3368421052631579,2.284993976873232,168,6,162,0.03571428571428571,0.8526315789473684,2.1427776761625137,188,18,170,0.09574468085106383,0.8947368421052632,1.591119
exp_cl,exp_cl,250,200,0.5,20,225,150,8,142,79,1,78,0.05333333333333334,0.7473684210526316,0.012658227848101266,0.4105263157894737,174,22,152,88,1,87,0.12643678160919541,0.8,0.011363636363636364,0.45789473684210524,4.504730783363951,5,0,5,0.0,0.02631578947368421,4.057995082466407,16,0,16,0.0,0.08421052631578947,2.3858467276465105,128,5,123,0.0390625,0.6473684210526316,2.2188536846977844,161,16,145,0.09937888198757763,0.7631578947368421,1.830709
exp_cl,exp_cl,250,200,0.5,20,226,210,26,184,177,5,172,0.12380952380952381,0.968421052631579,0.02824858757062147,0.9052631578947369,232,45,187,187,7,180,0.1939655172413793,0.9842105263157894,0.0374331550802139,0.9473684210526315,3.71377129018508,149,0,149,0.0,0.7842105263157895,3.501650325508794,158,0,158,0.0,0.8315789473684211,2.328674707979153,197,14,183,0.07106598984771574,0.9631578947368421,2.158428071136544,218,33,185,0.15137614678899083,0.9736842105263158,1.735675
exp_cl,exp_cl,250,200,0.5,20,227,201,12,189,183,2,181,0.05970149253731343,0.9947368421052631,0.01092896174863388,0.9526315789473684,217,28,189,189,5,184,0.12903225806451613,0.9947368421052631,0.026455026455026454,0.968421052631579,3.7041866238280394,145,0,145,0.0,0.7631578947368421,3.48811867697134,155,0,155,0.0,0.8157894736842105,2.3177595783347775,198,9,189,0.045454545454545456,0.9947368421052631,2.160875558666183,208,18,190,0.08653846153846154,1.0,1.985724
exp_cl,exp_cl,250,200,0.5,20,228,204,14,190,191,4,187,0.06862745098039216,1.0,0.020942408376963352,0.9842105263157894,225,35,190,195,6,189,0.15555555555555556,1.0,0.03076923076923077,0.9947368421052631,3.6393187898212322,178,0,178,0.0,0.9368421052631579,3.4933717653213905,181,1,180,0.0055248618784530384,0.9473684210526315,2.284611159107739,203,13,190,0.06403940886699508,1.0,2.1357401999857903,206,16,190,0.07766990291262135,1.0,1.728736
exp_cl,exp_cl,250,200,0.5,20,229,197,11,186,172,0,172,0.05583756345177665,0.9789473684210527,0.0,0.9052631578947369,216,30,186,176,2,174,0.1388888888888889,0.9789473684210527,0.011363636363636364,0.9157894736842105,3.7008938998794028,137,0,137,0.0,0.7210526315789474,3.5017278916523615,147,0,147,0.0,0.7736842105263158,2.3293259930219405,190,5,185,0.02631578947368421,0.9736842105263158,2.167136813184847,202,17,185,0.08415841584158416,0.9736842105263158,1.725893
exp_cl,exp_cl,250,200,0.5,20,230,188,9,179,160,1,159,0.047872340425531915,0.9421052631578948,0.00625,0.8368421052631579,207,22,185,165,2,163,0.10628019323671498,0.9736842105263158,0.012121212121212121,0.8578947368421053,3.753062264205141,112,0,112,0.0,0.5894736842105263,3.5485315305707115,122,0,122,0.0,0.6421052631578947,2.2899018508713924,184,5,179,0.02717391304347826,0.9421052631578948,2.153295320681518,199,14,185,0.07035175879396985,0.9736842105263158,1.642041
exp_cl,exp_cl,250,200,0.5,20,231,201,16,185,177,2,175,0.07960199004975124,0.9736842105263158,0.011299435028248588,0.9210526315789473,213,27,186,179,3,176,0.1267605633802817,0.9789473684210527,0.01675977653631285,0.9263157894736842,3.7031174741944834,135,0,135,0.0,0.7105263157894737,3.4948797890757346,155,0,155,0.0,0.8157894736842105,2.331990063958303,198,12,186,0.06060606060606061,0.9789473684210527,2.20055444111979,204,18,186,0.08823529411764706,0.9789473684210527,1.806469
exp_cl,exp_cl,250,200,0.5,20,232,201,13,188,185,0,185,0.06467661691542288,0.9894736842105263,0.0,0.9736842105263158,219,31,188,188,1,187,0.1415525114155251,0.9894736842105263,0.005319148936170213,0.9842105263157894,3.6378237491995415,176,0,176,0.0,0.9263157894736842,3.4624062901433703,183,0,183,0.0,0.9631578947368421,2.29397900832652,197,8,189,0.04060913705583756,0.9947368421052631,2.139090080695902,215,25,190,0.11627906976744186,1.0,1.626787
exp_cl,exp_cl,250,200,0.5,20,233,207,21,186,182,1,181,0.10144927536231885,0.9789473684210527,0.005494505494505495,0.9526315789473684,224,36,188,186,3,183,0.16071428571428573,0.9894736842105263,0.016129032258064516,0.9631578947368421,3.726189096617189,152,0,152,0.0,0.8,3.4750478899387116,164,0,164,0.0,0.8631578947368421,2.31084958773014,195,8,187,0.041025641025641026,0.9842105263157894,2.168131314132563,208,21,187,0.10096153846153846,0.9842105263157894,1.610074
exp_cl,exp_cl,250,200,0.5,20,234,199,19,180,169,2,167,0.09547738693467336,0.9473684210526315,0.011834319526627219,0.8789473684210526,217,33,184,176,4,172,0.15207373271889402,0.968421052631579,0.022727272727272728,0.9052631578947369,3.778897753594005,102,0,102,0.0,0.5368421052631579,3.5485573012503053,121,0,121,0.0,0.6368421052631579,2.282975529820994,187,11,176,0.058823529411764705,0.9263157894736842,2.1427500887902156,201,20,181,0.09950248756218906,0.9526315789473684,1.639039
exp_cl,exp_cl,250,200,0.5,20,235,175,16,159,124,3,121,0.09142857142857143,0.8368421052631579,0.024193548387096774,0.6368421052631579,203,33,170,134,4,130,0.1625615763546798,0.8947368421052632,0.029850746268656716,0.6842105263157895,4.064945536144218,32,0,32,0.0,0.16842105263157894,3.810864881531772,47,0,47,0.0,0.24736842105263157,2.293644290170002,166,12,154,0.07228915662650602,0.8105263157894737,2.1504023503075764,191,29,162,0.1518324607329843,0.8526315789473684,1.734631
exp_cl,exp_cl,250,200,0.5,20,236,198,13,185,172,1,171,0.06565656565656566,0.9736842105263158,0.005813953488372093,0.9,218,31,187,180,2,178,0.14220183486238533,0.9842105263157894,0.011111111111111112,0.9368421052631579,3.724314688217129,133,0,133,0.0,0.7,3.526202651764188,146,0,146,0.0,0.7684210526315789,2.3435138367834116,193,8,185,0.04145077720207254,0.9736842105263158,2.2149982842420193,200,14,186,0.07,0.9789473684210527,1.536332
exp_cl,exp_cl,250,200,0.5,20,237,199,13,186,180,2,178,0.06532663316582915,0.9789473684210527,0.011111111111111112,0.9368421052631579,221,33,188,185,3,182,0.1493212669683258,0.9894736842105263,0.016216216216216217,0.9578947368421052,3.7106592804300287,135,0,135,0.0,0.7105263157894737,3.51487001579273,145,0,145,0.0,0.7631578947368421,2.2854726617496417,197,9,188,0.04568527918781726,0.9894736842105263,2.1265373104793213,205,17,188,0.08292682926829269,0.9894736842105263,1.778537
exp_cl,exp_cl,250,200,0.5,20,238,198,8,190,190,3,187,0.04040404040404041,1.0,0.015789473684210527,0.9842105263157894,210,20,190,192,4,188,0.09523809523809523,1.0,0.020833333333333332,0.9894736842105263,3.63850008311079,176,0,176,0.0,0.9263157894736842,3.4467738454074826,178,0,178,0.0,0.9368421052631579,2.35640428882824,196,6,190,0.030612244897959183,1.0,2.150606183980031,204,14,190,0.06862745098039216,1.0,1.677281
exp_cl,exp_cl,250,200,0.5,20,239,205,15,190,185,0,185,0.07317073170731707,1.0,0.0,0.9736842105263158,212,22,190,187,1,186,0.10377358490566038,1.0,0.0053475935828877,0.9789473684210527,3.67382821746841,174,0,174,0.0,0.9157894736842105,3.4589187372472305,180,0,180,0.0,0.9473684210526315,2.341664165690771,196,7,189,0.03571428571428571,0.9947368421052631,2.1863322466217574,207,17,190,0.0821256038647343,1.0,1.621651
exp_cl,exp_cl,250,200,0.5,20,240,192,10,182,169,1,168,0.052083333333333336,0.9578947368421052,0.005917159763313609,0.8842105263157894,210,25,185,177,2,175,0.11904761904761904,0.9736842105263158,0.011299435028248588,0.9210526315789473,3.754631415566019,115,0,115,0.0,0.6052631578947368,3.534684034926137,130,0,130,0.0,0.6842105263157895,2.2687023677299045,187,7,180,0.0374331550802139,0.9473684210526315,2.164138253276503,195,12,183,0.06153846153846154,0.9631578947368421,1.556006
exp_cl,exp_cl,250,200,0.5,20,241,159,15,144,96,1,95,0.09433962264150944,0.7578947368421053,0.010416666666666666,0.5,178,27,151,111,2,109,0.15168539325842698,0.7947368421052632,0.018018018018018018,0.5736842105263158,4.163265753578009,22,0,22,0.0,0.11578947368421053,3.909785982159213,30,0,30,0.0,0.15789473684210525,2.363140182620835,136,9,127,0.0661764705882353,0.6684210526315789,2.2052386213261617,163,19,144,0.1165644171779141,0.7578947368421053,1.798585
exp_cl,exp_cl,250,200,0.5,20,242,195,10,185,172,2,170,0.05128205128205128,0.9736842105263158,0.011627906976744186,0.8947368421052632,210,22,188,180,2,178,0.10476190476190476,0.9894736842105263,0.011111111111111112,0.9368421052631579,3.745368189013051,132,0,132,0.0,0.6947368421052632,3.588027429348512,137,0,137,0.0,0.7210526315789474,2.2431737807086902,192,7,185,0.036458333333333336,0.9736842105263158,2.132820438655062,200,13,187,0.065,0.9842105263157894,1.609128
exp_cl,exp_cl,250,200,0.5,20,243,198,12,186,178,0,178,0.06060606060606061,0.9789473684210527,0.0,0.9368421052631579,213,26,187,182,1,181,0.12206572769953052,0.9842105263157894,0.005494505494505495,0.9526315789473684,3.7197214199098405,136,0,136,0.0,0.7157894736842105,3.490853462368424,150,0,150,0.0,0.7894736842105263,2.2877450868972273,191,6,185,0.031413612565445025,0.9736842105263158,2.1596866742567977,202,16,186,0.07920792079207921,0.9789473684210527,1.544505
exp_cl,exp_cl,250,200,0.5,20,244,205,18,187,181,1,180,0.08780487804878048,0.9842105263157894,0.0055248618784530384,0.9473684210526315,222,33,189,184,1,183,0.14864864864864866,0.9947368421052631,0.005434782608695652,0.9631578947368421,3.651755119005543,163,0,163,0.0,0.8578947368421053,3.4570527804469013,174,0,174,0.0,0.9157894736842105,2.22878397846672,202,13,189,0.06435643564356436,0.9947368421052631,2.095261321090355,214,24,190,0.11214953271028037,1.0,1.894447
exp_cl,exp_cl,250,200,0.5,20,245,203,18,185,177,1,176,0.08866995073891626,0.9736842105263158,0.005649717514124294,0.9263157894736842,229,42,187,185,4,181,0.18340611353711792,0.9842105263157894,0.021621621621621623,0.9526315789473684,3.6918934755612156,147,0,147,0.0,0.7736842105263158,3.4907943668033687,155,0,155,0.0,0.8157894736842105,2.343292948574319,201,15,186,0.07462686567164178,0.9789473684210527,2.201736828629819,216,29,187,0.13425925925925927,0.9842105263157894,1.601595
exp_cl,exp_cl,250,200,0.5,20,246,195,20,175,156,2,154,0.10256410256410256,0.9210526315789473,0.01282051282051282,0.8105263157894737,213,34,179,161,3,158,0.1596244131455399,0.9421052631578948,0.018633540372670808,0.8315789473684211,3.834627874994451,82,0,82,0.0,0.43157894736842106,3.604438002872392,98,0,98,0.0,0.5157894736842106,2.281776242093208,185,16,169,0.08648648648648649,0.8894736842105263,2.141344218556324,206,28,178,0.13592233009708737,0.9368421052631579,1.607801
exp_cl,exp_cl,250,200,0.5,20,247,192,17,175,156,2,154,0.08854166666666667,0.9210526315789473,0.01282051282051282,0.8105263157894737,206,28,178,166,5,161,0.13592233009708737,0.9368421052631579,0.030120481927710843,0.8473684210526315,3.8680928017394285,69,0,69,0.0,0.3631578947368421,3.6295369029832822,89,0,89,0.0,0.46842105263157896,2.2812389345540205,178,12,166,0.06741573033707865,0.8736842105263158,2.133842464764482,199,23,176,0.11557788944723618,0.9263157894736842,1.644081
exp_cl,exp_cl,250,200,0.5,20,248,196,13,183,176,1,175,0.0663265306122449,0.9631578947368421,0.005681818181818182,0.9210526315789473,210,27,183,179,1,178,0.12857142857142856,0.9631578947368421,0.00558659217877095,0.9368421052631579,3.7471136338529547,136,0,136,0.0,0.7157894736842105,3.5132420767777095,153,0,153,0.0,0.8052631578947368,2.306926878865195,188,5,183,0.026595744680851064,0.9631578947368421,2.156657072281981,202,18,184,0.0891089108910891,0.968421052631579,1.652152
exp_cl,exp_cl,250,200,0.5,20,249,199,12,187,176,0,176,0.06030150753768844,0.9842105263157894,0.0,0.9263157894736842,210,22,188,182,0,182,0.10476190476190476,0.9894736842105263,0.0,0.9578947368421052,3.696603566199144,149,0,149,0.0,0.7842105263157895,3.4778569688607917,163,0,163,0.0,0.8578947368421053,2.310965453889211,191,5,186,0.02617801047120419,0.9789473684210527,2.160051953946369,206,18,188,0.08737864077669903,0.9894736842105263,1.527234
exp_cl,exp_cl,250,200,0.5,20,250,198,11,187,179,0,179,0.05555555555555555,0.9842105263157894,0.0,0.9421052631578948,222,33,189,183,1,182,0.14864864864864866,0.9947368421052631,0.00546448087431694,0.9578947368421052,3.6839960927163506,146,0,146,0.0,0.7684210526315789,3.4959541631923874,151,0,151,0.0,0.7947368421052632,2.2910027205705545,194,7,187,0.03608247422680412,0.9842105263157894,2.1126236568735637,211,22,189,0.10426540284360189,0.9947368421052631,1.871544
exp_cl,exp_cl,250,200,0.5,20,251,185,7,178,155,2,153,0.03783783783783784,0.9368421052631579,0.012903225806451613,0.8052631578947368,204,22,182,165,3,162,0.10784313725490197,0.9578947368421052,0.01818181818181818,0.8526315789473684,3.849480579868765,82,0,82,0.0,0.43157894736842106,3.6288187609064706,100,0,100,0.0,0.5263157894736842,2.328797353234307,178,3,175,0.016853932584269662,0.9210526315789473,2.162734088997434,193,12,181,0.06217616580310881,0.9526315789473684,1.694909
exp_cl,exp_cl,250,200,0.5,20,252,207,20,187,180,3,177,0.0966183574879227,0.9842105263157894,0.016666666666666666,0.9315789473684211,231,44,187,186,4,182,0.19047619047619047,0.9842105263157894,0.021505376344086023,0.9578947368421052,3.67716324402904,154,0,154,0.0,0.8105263157894737,3.475962050828086,170,0,170,0.0,0.8947368421052632,2.2875535512650176,200,12,188,0.06,0.9894736842105263,2.1420680530246887,219,31,188,0.1415525114155251,0.9894736842105263,1.538627
exp_cl,exp_cl,250,200,0.5,20,253,202,15,187,185,2,183,0.07425742574257425,0.9842105263157894,0.010810810810810811,0.9631578947368421,222,35,187,187,3,184,0.15765765765765766,0.9842105263157894,0.016042780748663103,0.968421052631579,3.653236798593116,164,0,164,0.0,0.8631578947368421,3.4833051309124037,168,0,168,0.0,0.8842105263157894,2.3031044145387383,195,9,186,0.046153846153846156,0.9789473684210527,2.177277589864509,204,16,188,0.0784313725490196,0.9894736842105263,1.560656
exp_cl,exp_cl,250,200,0.5,20,254,211,23,188,182,1,181,0.10900473933649289,0.9894736842105263,0.005494505494505495,0.9526315789473684,232,42,190,187,6,181,0.1810344827586207,1.0,0.03208556149732621,0.9526315789473684,3.696633869894157,151,0,151,0.0,0.7947368421052632,3.4825563708173335,163,0,163,0.0,0.8578947368421053,2.2902060810247225,203,13,190,0.06403940886699508,1.0,2.1466831422449197,221,31,190,0.14027149321266968,1.0,1.678128
exp_cl,exp_cl,250,200,0.5,20,255,206,18,188,182,0,182,0.08737864077669903,0.9894736842105263,0.0,0.9578947368421052,215,27,188,188,3,185,0.12558139534883722,0.9894736842105263,0.015957446808510637,0.9736842105263158,3.658058880894559,161,0,161,0.0,0.8473684210526315,3.4955617238369827,169,0,169,0.0,0.8894736842105263,2.328629284099453,196,8,188,0.04081632653061224,0.9894736842105263,2.1704718529360814,208,18,190,0.08653846153846154,1.0,1.71587
exp_cl,exp_cl,250,200,0.5,20,256,213,23,190,191,4,187,0.107981220657277,1.0,0.020942408376963352,0.9842105263157894,229,39,190,195,7,188,0.1703056768558952,1.0,0.035897435897435895,0.9894736842105263,3.6601030840359434,168,0,168,0.0,0.8842105263157894,3.520861137798952,178,0,178,0.0,0.9368421052631579,2.311131727311283,205,17,188,0.08292682926829269,0.9894736842105263,2.163145524272855,221,31,190,0.14027149321266968,1.0,1.661168
exp_cl,exp_cl,250,200,0.5,20,257,187,17,170,140,0,140,0.09090909090909091,0.8947368421052632,0.0,0.7368421052631579,204,28,176,150,2,148,0.13725490196078433,0.9263157894736842,0.013333333333333334,0.7789473684210526,3.785834466919969,100,0,100,0.0,0.5263157894736842,3.612478996485965,107,0,107,0.0,0.5631578947368421,2.315185295885086,177,13,164,0.07344632768361582,0.8631578947368421,2.1948450343667747,192,22,170,0.11458333333333333,0.8947368421052632,1.7889
exp_cl,exp_cl,250,200,0.5,20,258,195,12,183,169,2,167,0.06153846153846154,0.9631578947368421,0.011834319526627219,0.8789473684210526,207,24,183,177,3,174,0.11594202898550725,0.9631578947368421,0.01694915254237288,0.9157894736842105,3.7713848461112285,105,0,105,0.0,0.5526315789473685,3.564437071154143,115,0,115,0.0,0.6052631578947368,2.281886379657905,189,8,181,0.042328042328042326,0.9526315789473684,2.1519534817081185,201,18,183,0.08955223880597014,0.9631578947368421,1.604128
exp_cl,exp_cl,250,200,0.5,20,259,203,13,190,187,0,187,0.06403940886699508,1.0,0.0,0.9842105263157894,215,25,190,188,1,187,0.11627906976744186,1.0,0.005319148936170213,0.9842105263157894,3.6304848118876434,183,0,183,0.0,0.9631578947368421,3.6304848118876434,183,0,183,0.0,0.9631578947368421,2.3260371663573673,197,7,190,0.03553299492385787,1.0,2.1753611161921698,209,19,190,0.09090909090909091,1.0,1.58896
exp_cl,exp_cl,250,200,0.5,20,260,198,15,183,172,2,170,0.07575757575757576,0.9631578947368421,0.011627906976744186,0.8947368421052632,214,27,187,177,5,172,0.1261682242990654,0.9842105263157894,0.02824858757062147,0.9052631578947369,3.7534602193795212,110,0,110,0.0,0.5789473684210527,3.5533432738266804,124,0,124,0.0,0.6526315789473685,2.284704858911681,190,9,181,0.04736842105263158,0.9526315789473684,2.148350694330061,205,19,186,0.09268292682926829,0.9789473684210527,1.737728
exp_cl,exp_cl,250,200,0.5,20,261,195,8,187,180,2,178,0.041025641025641026,0.9842105263157894,0.011111111111111112,0.9368421052631579,211,23,188,186,3,183,0.10900473933649289,0.9894736842105263,0.016129032258064516,0.9631578947368421,3.7041031935483373,135,0,135,0.0,0.7105263157894737,3.499111001897455,146,0,146,0.0,0.7684210526315789,2.276771613233683,191,5,186,0.02617801047120419,0.9789473684210527,2.1573191265886766,201,15,186,0.07462686567164178,0.9789473684210527,1.670747
exp_cl,exp_cl,250,200,0.5,20,262,198,12,186,178,1,177,0.06060606060606061,0.9789473684210527,0.0056179775280898875,0.9315789473684211,216,28,188,183,2,181,0.12962962962962962,0.9894736842105263,0.01092896174863388,0.9526315789473684,3.6840936886927547,145,0,145,0.0,0.7631578947368421,3.5212317049094533,154,0,154,0.0,0.8105263157894737,2.2979304680140706,195,8,187,0.041025641025641026,0.9842105263157894,2.1555155483555573,208,20,188,0.09615384615384616,0.9894736842105263,1.739628
exp_cl,exp_cl,250,200,0.5,20,263,188,14,174,159,1,158,0.07446808510638298,0.9157894736842105,0.006289308176100629,0.8315789473684211,211,33,178,165,3,162,0.15639810426540285,0.9368421052631579,0.01818181818181818,0.8526315789473684,3.7599453951178323,109,0,109,0.0,0.5736842105263158,3.5605455312117504,118,0,118,0.0,0.6210526315789474,2.307455894917946,186,11,175,0.05913978494623656,0.9210526315789473,2.1658873068102587,199,21,178,0.10552763819095477,0.9368421052631579,1.659562
exp_cl,exp_cl,250,200,0.5,20,264,201,14,187,171,1,170,0.06965174129353234,0.9842105263157894,0.005847953216374269,0.8947368421052632,219,32,187,180,3,177,0.1461187214611872,0.9842105263157894,0.016666666666666666,0.9315789473684211,3.7243996857692037,129,0,129,0.0,0.6789473684210526,3.5136876565063724,142,0,142,0.0,0.7473684210526316,2.2691130927749366,195,9,186,0.046153846153846156,0.9789473684210527,2.160761328364105,206,18,188,0.08737864077669903,0.9894736842105263,1.677438
exp_cl,exp_cl,250,200,0.5,20,265,196,9,187,182,1,181,0.04591836734693878,0.9842105263157894,0.005494505494505495,0.9526315789473684,212,24,188,185,2,183,0.11320754716981132,0.9894736842105263,0.010810810810810811,0.9631578947368421,3.6725731360036757,150,0,150,0.0,0.7894736842105263,3.4881248392963378,158,0,158,0.0,0.8315789473684211,2.328770182012198,190,4,186,0.021052631578947368,0.9789473684210527,2.157231337703203,199,12,187,0.06030150753768844,0.9842105263157894,1.569302
exp_cl,exp_cl,250,200,0.5,20,266,200,13,187,167,3,164,0.065,0.9842105263157894,0.017964071856287425,0.8631578947368421,216,26,190,179,5,174,0.12037037037037036,1.0,0.027932960893854747,0.9157894736842105,3.7675470056320752,126,0,126,0.0,0.6631578947368421,3.52799377570015,132,0,132,0.0,0.6947368421052632,2.284919667300396,199,10,189,0.05025125628140704,0.9947368421052631,2.1512977553848245,212,23,189,0.10849056603773585,0.9947368421052631,1.744315
exp_cl,exp_cl,250,200,0.5,20,267,191,11,180,166,1,165,0.05759162303664921,0.9473684210526315,0.006024096385542169,0.868421052631579,212,29,183,172,2,170,0.13679245283018868,0.9631578947368421,0.011627906976744186,0.8947368421052632,3.7082944143251084,144,0,144,0.0,0.7578947368421053,3.50051278573213,150,0,150,0.0,0.7894736842105263,2.318491364968854,191,9,182,0.04712041884816754,0.9578947368421052,2.1653254183472868,203,18,185,0.08866995073891626,0.9736842105263158,1.581261
exp_cl,exp_cl,250,200,0.5,20,268,189,18,171,132,2,130,0.09523809523809523,0.9,0.015151515151515152,0.6842105263157895,213,35,178,149,5,144,0.1643192488262911,0.9368421052631579,0.03355704697986577,0.7578947368421053,3.997636634229466,41,0,41,0.0,0.21578947368421053,3.7351289664013825,59,0,59,0.0,0.3105263157894737,2.29967543419189,175,16,159,0.09142857142857143,0.8368421052631579,2.1510729081992106,199,28,171,0.1407035175879397,0.9,1.744558
exp_cl,exp_cl,250,200,0.5,20,269,192,13,179,166,2,164,0.06770833333333333,0.9421052631578948,0.012048192771084338,0.8631578947368421,207,23,184,172,3,169,0.1111111111111111,0.968421052631579,0.01744186046511628,0.8894736842105263,3.765924346368264,110,0,110,0.0,0.5789473684210527,3.5540915579372996,124,0,124,0.0,0.6526315789473685,2.321572268391624,186,8,178,0.043010752688172046,0.9368421052631579,2.188360096533999,197,17,180,0.08629441624365482,0.9473684210526315,1.694654
exp_cl,exp_cl,250,200,0.5,20,270,201,17,184,161,0,161,0.0845771144278607,0.968421052631579,0.0,0.8473684210526315,211,26,185,172,2,170,0.12322274881516587,0.9736842105263158,0.011627906976744186,0.8947368421052632,3.8022407291363853,92,0,92,0.0,0.4842105263157895,3.5854282081278748,109,0,109,0.0,0.5736842105263158,2.2934358600639664,195,12,183,0.06153846153846154,0.9631578947368421,2.16029027430444,206,21,185,0.10194174757281553,0.9736842105263158,1.570379
exp_cl,exp_cl,250,200,0.5,20,271,194,14,180,172,1,171,0.07216494845360824,0.9473684210526315,0.005813953488372093,0.9,210,27,183,179,3,176,0.12857142857142856,0.9631578947368421,0.01675977653631285,0.9263157894736842,3.7091186298940437,133,0,133,0.0,0.7,3.512741926559565,142,0,142,0.0,0.7473684210526316,2.3068953495212723,192,10,182,0.052083333333333336,0.9578947368421052,2.169427794993634,202,18,184,0.0891089108910891,0.968421052631579,1.802394
exp_cl,exp_cl,250,200,0.5,20,272,160,14,146,107,2,105,0.0875,0.7684210526315789,0.018691588785046728,0.5526315789473685,176,23,153,126,2,124,0.13068181818181818,0.8052631578947368,0.015873015873015872,0.6526315789473685,4.009403553388968,46,0,46,0.0,0.24210526315789474,3.7911382650358694,52,0,52,0.0,0.2736842105263158,2.3655710671110155,148,9,139,0.060810810810810814,0.7315789473684211,2.1995084044096243,169,19,150,0.11242603550295859,0.7894736842105263,1.645392
exp_cl,exp_cl,250,200,0.5,20,273,188,11,177,162,1,161,0.05851063829787234,0.9315789473684211,0.006172839506172839,0.8473684210526315,208,23,185,167,1,166,0.11057692307692307,0.9736842105263158,0.005988023952095809,0.8736842105263158,3.742038913286638,115,0,115,0.0,0.6052631578947368,3.543397405263142,129,0,129,0.0,0.6789473684210526,2.2876525047862537,185,9,176,0.04864864864864865,0.9263157894736842,2.1596146705854427,194,15,179,0.07731958762886598,0.9421052631578948,1.627991
exp_cl,exp_cl,250,200,0.5,20,274,201,14,187,186,2,184,0.06965174129353234,0.9842105263157894,0.010752688172043012,0.968421052631579,217,28,189,188,3,185,0.12903225806451613,0.9947368421052631,0.015957446808510637,0.9736842105263158,3.6712151568780778,153,0,153,0.0,0.8052631578947368,3.5104472297627884,161,0,161,0.0,0.8473684210526315,2.3147770145021616,197,8,189,0.04060913705583756,0.9947368421052631,2.1738489881885528,209,20,189,0.09569377990430622,0.9947368421052631,1.660157
exp_cl,exp_cl,250,200,0.5,20,275,205,15,190,183,3,180,0.07317073170731707,1.0,0.01639344262295082,0.9473684210526315,219,29,190,189,5,184,0.1324200913242009,1.0,0.026455026455026454,0.968421052631579,3.672713487548779,151,0,151,0.0,0.7947368421052632,3.473534297908364,166,0,166,0.0,0.8736842105263158,2.2888862503378906,203,13,190,0.06403940886699508,1.0,2.1625493788579098,208,18,190,0.08653846153846154,1.0,1.871149
exp_cl,exp_cl,250,200,0.5,20,276,177,9,168,130,0,130,0.05084745762711865,0.8842105263157894,0.0,0.6842105263157895,192,20,172,141,0,141,0.10416666666666667,0.9052631578947369,0.0,0.7421052631578947,3.8599963827001234,72,0,72,0.0,0.37894736842105264,3.646146667814951,84,0,84,0.0,0.4421052631578947,2.353585618710938,157,3,154,0.01910828025477707,0.8105263157894737,2.1883957915168155,184,14,170,0.07608695652173914,0.8947368421052632,1.656727
exp_cl,exp_cl,250,200,0.5,20,277,210,22,188,183,3,180,0.10476190476190476,0.9894736842105263,0.01639344262295082,0.9473684210526315,219,30,189,188,5,183,0.136986301369863,0.9947368421052631,0.026595744680851064,0.9631578947368421,3.6934444476273325,148,1,147,0.006756756756756757,0.7736842105263158,3.4770440565588046,164,1,163,0.006097560975609756,0.8578947368421053,2.2874813631630544,200,13,187,0.065,0.9842105263157894,2.1504421265139486,212,24,188,0.11320754716981132,0.9894736842105263,1.532601
exp_cl,exp_cl,250,200,0.5,20,278,191,11,180,167,0,167,0.05759162303664921,0.9473684210526315,0.0,0.8789473684210526,212,30,182,171,2,169,0.14150943396226415,0.9578947368421052,0.011695906432748537,0.8894736842105263,3.745309914127297,117,0,117,0.0,0.6157894736842106,3.5352402977254522,135,0,135,0.0,0.7105263157894737,2.281347258739038,185,7,178,0.03783783783783784,0.9368421052631579,2.128638874503878,193,13,180,0.06735751295336788,0.9473684210526315,1.816758
exp_cl,exp_cl,250,200,0.5,20,279,201,11,190,183,1,182,0.05472636815920398,1.0,0.00546448087431694,0.9578947368421052,210,20,190,185,1,184,0.09523809523809523,1.0,0.005405405405405406,0.968421052631579,3.6796621104030427,167,0,167,0.0,0.8789473684210526,3.4547728148273165,177,0,177,0.0,0.9315789473684211,2.3053406648383423,197,8,189,0.04060913705583756,0.9947368421052631,2.2087778950352903,202,12,190,0.0594059405940594,1.0,1.54698
exp_cl,exp_cl,250,200,0.5,20,280,204,16,188,185,2,183,0.0784313725490196,0.9894736842105263,0.010810810810810811,0.9631578947368421,220,31,189,188,3,185,0.1409090909090909,0.9947368421052631,0.015957446808510637,0.9736842105263158,3.682959381350151,165,0,165,0.0,0.868421052631579,3.549872156458079,171,0,171,0.0,0.9,2.318967113664204,199,10,189,0.05025125628140704,0.9947368421052631,2.1596777886168503,211,22,189,0.10426540284360189,0.9947368421052631,1.633055
exp_cl,exp_cl,250,200,0.5,20,281,205,18,187,184,4,180,0.08780487804878048,0.9842105263157894,0.021739130434782608,0.9473684210526315,225,36,189,185,4,181,0.16,0.9947368421052631,0.021621621621621623,0.9526315789473684,3.703594807551681,156,0,156,0.0,0.8210526315789474,3.487503861689612,171,0,171,0.0,0.9,2.306733040787056,196,8,188,0.04081632653061224,0.9894736842105263,2.1500973846315543,214,26,188,0.12149532710280374,0.9894736842105263,1.915219
exp_cl,exp_cl,250,200,0.5,20,282,145,9,136,89,0,89,0.06206896551724138,0.7157894736842105,0.0,0.46842105263157896,165,14,151,103,0,103,0.08484848484848485,0.7947368421052632,0.0,0.5421052631578948,4.285753842641342,14,0,14,0.0,0.07368421052631578,4.091856090215571,15,0,15,0.0,0.07894736842105263,2.3571505717516,128,2,126,0.015625,0.6631578947368421,2.209907713020599,151,12,139,0.07947019867549669,0.7315789473684211,1.616247
exp_cl,exp_cl,250,200,0.5,20,283,199,19,180,169,3,166,0.09547738693467336,0.9473684210526315,0.01775147928994083,0.8736842105263158,213,31,182,179,4,175,0.14553990610328638,0.9578947368421052,0.0223463687150838,0.9210526315789473,3.740870182265601,118,0,118,0.0,0.6210526315789474,3.518985199298589,135,0,135,0.0,0.7105263157894737,2.303723984622597,196,16,180,0.08163265306122448,0.9473684210526315,2.1655894556736595,203,23,180,0.11330049261083744,0.9473684210526315,1.579381
exp_cl,exp_cl,250,200,0.5,20,284,194,11,183,175,1,174,0.05670103092783505,0.9631578947368421,0.005714285714285714,0.9157894736842105,212,27,185,182,2,180,0.12735849056603774,0.9736842105263158,0.01098901098901099,0.9473684210526315,3.7007356628822428,145,0,145,0.0,0.7631578947368421,3.4966127214388925,160,0,160,0.0,0.8421052631578947,2.3260072855463862,193,8,185,0.04145077720207254,0.9736842105263158,2.1838289395926616,208,20,188,0.09615384615384616,0.9894736842105263,1.706341
exp_cl,exp_cl,250,200,0.5,20,285,199,17,182,167,4,163,0.08542713567839195,0.9578947368421052,0.023952095808383235,0.8578947368421053,219,34,185,176,7,169,0.1552511415525114,0.9736842105263158,0.03977272727272727,0.8894736842105263,3.795569585678241,92,0,92,0.0,0.4842105263157895,3.5970914317979994,106,0,106,0.0,0.5578947368421052,2.2858891939200268,189,13,176,0.06878306878306878,0.9263157894736842,2.161762650820514,197,18,179,0.09137055837563451,0.9421052631578948,1.630184
exp_cl,exp_cl,250,200,0.5,20,286,200,13,187,176,1,175,0.065,0.9842105263157894,0.005681818181818182,0.9210526315789473,218,30,188,182,4,178,0.13761467889908258,0.9894736842105263,0.02197802197802198,0.9368421052631579,3.7207333836808787,136,0,136,0.0,0.7157894736842105,3.574380157625905,143,0,143,0.0,0.7526315789473684,2.3155127050599713,191,6,185,0.031413612565445025,0.9736842105263158,2.1720793965121246,211,24,187,0.11374407582938388,0.9842105263157894,1.542485
exp_cl,exp_cl,250,200,0.5,20,287,196,8,188,183,1,182,0.04081632653061224,0.9894736842105263,0.00546448087431694,0.9578947368421052,212,23,189,185,2,183,0.10849056603773585,0.9947368421052631,0.010810810810810811,0.9631578947368421,3.680967536235012,156,0,156,0.0,0.8210526315789474,3.482991235790869,170,0,170,0.0,0.8947368421052632,2.3009356589857006,194,6,188,0.030927835051546393,0.9894736842105263,2.1614603130308017,203,14,189,0.06896551724137931,0.9947368421052631,1.912392
exp_cl,exp_cl,250,200,0.5,20,288,167,11,156,128,1,127,0.0658682634730539,0.8210526315789474,0.0078125,0.6684210526315789,192,23,169,140,1,139,0.11979166666666667,0.8894736842105263,0.007142857142857143,0.7315789473684211,4.021052292224108,37,0,37,0.0,0.19473684210526315,3.7469689266660473,56,0,56,0.0,0.29473684210526313,2.3333150873235504,156,5,151,0.03205128205128205,0.7947368421052632,2.19020736702008,173,17,156,0.09826589595375723,0.8210526315789474,1.605433
exp_cl,exp_cl,250,200,0.5,20,289,179,13,166,143,1,142,0.07262569832402235,0.8736842105263158,0.006993006993006993,0.7473684210526316,202,29,173,156,4,152,0.14356435643564355,0.9105263157894737,0.02564102564102564,0.8,3.9180002474015367,64,0,64,0.0,0.3368421052631579,3.6850203001273623,78,0,78,0.0,0.4105263157894737,2.3359978828594827,168,6,162,0.03571428571428571,0.8526315789473684,2.1958115058472556,185,18,167,0.0972972972972973,0.8789473684210526,1.631187
exp_cl,exp_cl,250,200,0.5,20,290,166,7,159,126,0,126,0.04216867469879518,0.8368421052631579,0.0,0.6631578947368421,191,26,165,133,0,133,0.13612565445026178,0.868421052631579,0.0,0.7,3.996703234322382,40,0,40,0.0,0.21052631578947367,3.7618306189917328,54,0,54,0.0,0.28421052631578947,2.351288656991905,146,2,144,0.0136986301369863,0.7578947368421053,2.1828161020129304,171,15,156,0.08771929824561403,0.8210526315789474,1.685253
exp_cl,exp_cl,250,200,0.5,20,291,189,10,179,159,2,157,0.05291005291005291,0.9421052631578948,0.012578616352201259,0.8263157894736842,206,23,183,168,2,166,0.11165048543689321,0.9631578947368421,0.011904761904761904,0.8736842105263158,3.8085019187902334,94,0,94,0.0,0.49473684210526314,3.580062778599221,108,0,108,0.0,0.5684210526315789,2.3334649740423337,184,8,176,0.043478260869565216,0.9263157894736842,2.1534044037988793,197,18,179,0.09137055837563451,0.9421052631578948,1.724333
exp_cl,exp_cl,250,200,0.5,20,292,188,10,178,161,1,160,0.05319148936170213,0.9368421052631579,0.006211180124223602,0.8421052631578947,206,26,180,169,1,168,0.1262135922330097,0.9473684210526315,0.005917159763313609,0.8842105263157894,3.7449848270243282,121,0,121,0.0,0.6368421052631579,3.5265436549451663,133,0,133,0.0,0.7,2.3132448558616128,180,6,174,0.03333333333333333,0.9157894736842105,2.1711100045580527,193,15,178,0.07772020725388601,0.9368421052631579,1.589686
exp_cl,exp_cl,250,200,0.5,20,293,189,15,174,152,2,150,0.07936507936507936,0.9157894736842105,0.013157894736842105,0.7894736842105263,207,30,177,162,2,160,0.14492753623188406,0.9315789473684211,0.012345679012345678,0.8421052631578947,3.8266260075788074,82,0,82,0.0,0.43157894736842106,3.6266434728923436,98,0,98,0.0,0.5157894736842106,2.3108236137094336,176,8,168,0.045454545454545456,0.8842105263157894,2.174072382541976,194,18,176,0.09278350515463918,0.9263157894736842,1.89396
exp_cl,exp_cl,250,200,0.5,20,294,178,5,173,153,1,152,0.028089887640449437,0.9105263157894737,0.006535947712418301,0.8,190,14,176,162,1,161,0.07368421052631578,0.9263157894736842,0.006172839506172839,0.8473684210526315,3.8244043705004516,85,0,85,0.0,0.4473684210526316,3.601284339481132,100,0,100,0.0,0.5263157894736842,2.2986976244529758,175,3,172,0.017142857142857144,0.9052631578947369,2.175329685555808,179,6,173,0.0335195530726257,0.9105263157894737,1.709204
exp_cl,exp_cl,250,200,0.5,20,295,199,16,183,168,3,165,0.08040201005025126,0.9631578947368421,0.017857142857142856,0.868421052631579,214,29,185,172,3,169,0.13551401869158877,0.9736842105263158,0.01744186046511628,0.8894736842105263,3.738004922582695,124,0,124,0.0,0.6526315789473685,3.540667289075198,139,0,139,0.0,0.7315789473684211,2.303266840451242,191,11,180,0.05759162303664921,0.9473684210526315,2.1860627219804436,204,20,184,0.09803921568627451,0.968421052631579,1.625751
exp_cl,exp_cl,250,200,0.5,20,296,196,8,188,181,0,181,0.04081632653061224,0.9894736842105263,0.0,0.9526315789473684,214,24,190,185,2,183,0.11214953271028037,1.0,0.010810810810810811,0.9631578947368421,3.648158930297283,169,0,169,0.0,0.8894736842105263,3.4837897848282897,173,0,173,0.0,0.9105263157894737,2.367639625895178,196,7,189,0.03571428571428571,0.9947368421052631,2.1770211130107744,204,15,189,0.07352941176470588,0.9947368421052631,1.72815
exp_cl,exp_cl,250,200,0.5,20,297,199,14,185,172,1,171,0.07035175879396985,0.9736842105263158,0.005813953488372093,0.9,215,27,188,179,3,176,0.12558139534883722,0.9894736842105263,0.01675977653631285,0.9263157894736842,3.7686385548065338,123,0,123,0.0,0.6473684210526316,3.5231386981151123,134,0,134,0.0,0.7052631578947368,2.282635589096532,189,6,183,0.031746031746031744,0.9631578947368421,2.1597556678493754,206,18,188,0.08737864077669903,0.9894736842105263,1.658477
exp_cl,exp_cl,250,200,0.5,20,298,192,15,177,155,2,153,0.078125,0.9315789473684211,0.012903225806451613,0.8052631578947368,209,28,181,165,4,161,0.1339712918660287,0.9526315789473684,0.024242424242424242,0.8473684210526315,3.8406819434517727,92,0,92,0.0,0.4842105263157895,3.573257990653686,113,0,113,0.0,0.5947368421052631,2.346461619337517,178,9,169,0.05056179775280899,0.8894736842105263,2.2035137220289602,195,18,177,0.09230769230769231,0.9315789473684211,1.671746
exp_cl,exp_cl,250,200,0.5,20,299,191,10,181,160,0,160,0.05235602094240838,0.9526315789473684,0.0,0.8421052631578947,204,19,185,170,1,169,0.09313725490196079,0.9736842105263158,0.0058823529411764705,0.8894736842105263,3.807897992057377,90,0,90,0.0,0.47368421052631576,3.57664899212694,110,0,110,0.0,0.5789473684210527,2.315398529999744,183,4,179,0.02185792349726776,0.9421052631578948,2.164701568646529,197,13,184,0.06598984771573604,0.968421052631579,1.840927
