model,x_model,p,n,rho,block,seed,R_bh_0.05,V_bh_0.05,S_bh_0.05,R_by_0.05,V_by_0.05,S_by_0.05,fdr_bh_0.05,power_bh_0.05,fdr_by_0.05,power_by_0.05,R_bh_0.1,V_bh_0.1,S_bh_0.1,R_by_0.1,V_by_0.1,S_by_0.1,fdr_bh_0.1,power_bh_0.1,fdr_by_0.1,power_by_0.1,t_lct_0.05,R_lct_0.05,V_lct_0.05,S_lct_0.05,fdr_lct_0.05,power_lct_0.05,t_lct_0.1,R_lct_0.1,V_lct_0.1,S_lct_0.1,fdr_lct_0.1,power_lct_0.1,t_lctb_0.05_B100,R_lctb_0.05_B100,V_lctb_0.05_B100,S_lctb_0.05_B100,fdr_lctb_0.05_B100,power_lctb_0.05_B100,t_lctb_0.1_B100,R_lctb_0.1_B100,V_lctb_0.1_B100,S_lctb_0.1_B100,fdr_lctb_0.1_B100,power_lctb_0.1_B100,wall_time_s
nmix,nmix,250,200,0.6,20,0,483,298,185,215,41,174,0.6169772256728778,0.9736842105263158,0.19069767441860466,0.9157894736842105,916,731,185,248,69,179,0.7980349344978166,0.9736842105263158,0.2782258064516129,0.9421052631578948,3.625498222719265,181,4,177,0.022099447513812154,0.9315789473684211,3.446583636843503,194,15,179,0.07731958762886598,0.9421052631578948,3.7541397342494993,179,4,175,0.0223463687150838,0.9210526315789473,3.484504097294839,193,14,179,0.07253886010362694,0.9421052631578948,1.672212
nmix,nmix,250,200,0.6,20,1,665,475,190,256,66,190,0.7142857142857143,1.0,0.2578125,1.0,1160,970,190,288,98,190,0.8362068965517241,1.0,0.3402777777777778,1.0,3.832664876015508,194,4,190,0.020618556701030927,1.0,3.4113246402081563,213,23,190,0.107981220657277,1.0,3.832664876015508,194,4,190,0.020618556701030927,1.0,3.4849183805982467,205,15,190,0.07317073170731707,1.0,1.697476
nmix,nmix,250,200,0.6,20,2,573,383,190,244,54,190,0.6684118673647469,1.0,0.22131147540983606,1.0,952,762,190,278,88,190,0.8004201680672269,1.0,0.31654676258992803,1.0,3.716853863098599,195,5,190,0.02564102564102564,1.0,3.4090492796182574,205,15,190,0.07317073170731707,1.0,3.716853863098599,195,5,190,0.02564102564102564,1.0,3.46468516827029,202,12,190,0.0594059405940594,1.0,1.825905
nmix,nmix,250,200,0.6,20,3,620,430,190,258,71,187,0.6935483870967742,1.0,0.2751937984496124,0.9842105263157894,1106,916,190,293,106,187,0.8282097649186256,1.0,0.36177474402730375,0.9842105263157894,3.5976061022564574,202,15,187,0.07425742574257425,0.9842105263157894,3.427547738277921,212,25,187,0.1179245283018868,0.9842105263157894,3.690922311685422,197,10,187,0.050761421319796954,0.9842105263157894,3.4674814343917513,209,22,187,0.10526315789473684,0.9842105263157894,1.590349
nmix,nmix,250,200,0.6,20,4,540,350,190,238,48,190,0.6481481481481481,1.0,0.20168067226890757,1.0,987,797,190,277,87,190,0.8074974670719351,1.0,0.3140794223826715,1.0,3.5993106350444846,201,11,190,0.05472636815920398,1.0,3.402447620726243,212,22,190,0.10377358490566038,1.0,3.667654494168601,198,8,190,0.04040404040404041,1.0,3.481955314589605,205,15,190,0.07317073170731707,1.0,1.723267
nmix,nmix,250,200,0.6,20,5,563,373,190,233,45,188,0.6625222024866785,1.0,0.19313304721030042,0.9894736842105263,956,766,190,267,78,189,0.801255230125523,1.0,0.29213483146067415,0.9947368421052631,3.6086844538996874,199,9,190,0.04522613065326633,1.0,3.4472761347411143,205,15,190,0.07317073170731707,1.0,3.6977226079774987,196,7,189,0.03571428571428571,0.9947368421052631,3.509137890496336,204,14,190,0.06862745098039216,1.0,1.661761
nmix,nmix,250,200,0.6,20,6,584,394,190,255,66,189,0.6746575342465754,1.0,0.25882352941176473,0.9947368421052631,1062,872,190,291,102,189,0.8210922787193974,1.0,0.35051546391752575,0.9947368421052631,3.5974809734118454,201,12,189,0.05970149253731343,0.9947368421052631,3.3922396645418815,219,29,190,0.1324200913242009,1.0,3.6756636086888803,198,9,189,0.045454545454545456,0.9947368421052631,3.4633440076929,210,20,190,0.09523809523809523,1.0,1.649739
nmix,nmix,250,200,0.6,20,7,560,370,190,247,58,189,0.6607142857142857,1.0,0.23481781376518218,0.9947368421052631,951,761,190,293,104,189,0.8002103049421662,1.0,0.35494880546075086,0.9947368421052631,3.6262412166562323,197,8,189,0.04060913705583756,0.9947368421052631,3.4124371040386334,206,17,189,0.0825242718446602,0.9947368421052631,3.673631444145489,196,7,189,0.03571428571428571,0.9947368421052631,3.470589984425594,203,14,189,0.06896551724137931,0.9947368421052631,1.607797
nmix,nmix,250,200,0.6,20,8,435,250,185,209,37,172,0.5747126436781609,0.9736842105263158,0.17703349282296652,0.9052631578947369,797,612,185,241,63,178,0.767879548306148,0.9736842105263158,0.26141078838174275,0.9368421052631579,3.6228759000928306,182,6,176,0.03296703296703297,0.9263157894736842,3.441766855069676,193,14,179,0.07253886010362694,0.9421052631578948,3.668713228989299,179,4,175,0.0223463687150838,0.9210526315789473,3.4922204573033966,192,13,179,0.06770833333333333,0.9421052631578948,1.864453
nmix,nmix,250,200,0.6,20,9,805,615,190,269,79,190,0.7639751552795031,1.0,0.2936802973977695,1.0,1362,1172,190,336,146,190,0.8604992657856094,1.0,0.43452380952380953,1.0,3.606039960677756,201,11,190,0.05472636815920398,1.0,3.407768164141309,213,23,190,0.107981220657277,1.0,3.6620159202927764,199,9,190,0.04522613065326633,1.0,3.4771495612303003,209,19,190,0.09090909090909091,1.0,1.579733
nmix,nmix,250,200,0.6,20,10,810,620,190,302,114,188,0.7654320987654321,1.0,0.37748344370860926,0.9894736842105263,1408,1218,190,360,171,189,0.8650568181818182,1.0,0.475,0.9947368421052631,3.60126410857366,201,13,188,0.06467661691542288,0.9894736842105263,3.383790787054193,224,35,189,0.15625,0.9947368421052631,3.7216567193926493,197,9,188,0.04568527918781726,0.9894736842105263,3.4681209221557445,211,22,189,0.10426540284360189,0.9947368421052631,1.584636
nmix,nmix,250,200,0.6,20,11,750,560,190,283,95,188,0.7466666666666667,1.0,0.33568904593639576,0.9894736842105263,1264,1074,190,334,144,190,0.8496835443037974,1.0,0.4311377245508982,1.0,3.60502770821398,207,17,190,0.0821256038647343,1.0,3.3828164478428127,230,40,190,0.17391304347826086,1.0,3.6431430018820947,203,13,190,0.06403940886699508,1.0,3.4268568643271893,226,36,190,0.1592920353982301,1.0,1.783112
nmix,nmix,250,200,0.6,20,12,696,510,186,240,68,172,0.7327586206896551,0.9789473684210527,0.2833333333333333,0.9052631578947369,1288,1102,186,302,121,181,0.8555900621118012,0.9789473684210527,0.40066225165562913,0.9526315789473684,3.642760866309129,174,3,171,0.017241379310344827,0.9,3.4179077141765,197,18,179,0.09137055837563451,0.9421052631578948,3.6888592392045356,172,2,170,0.011627906976744186,0.8947368421052632,3.4659936404023144,192,14,178,0.07291666666666667,0.9368421052631579,1.534931
nmix,nmix,250,200,0.6,20,13,689,499,190,265,78,187,0.7242380261248186,1.0,0.2943396226415094,0.9842105263157894,1146,956,190,314,126,188,0.8342059336823735,1.0,0.4012738853503185,0.9894736842105263,3.6213277946459392,197,9,188,0.04568527918781726,0.9894736842105263,3.408431676065073,211,23,188,0.10900473933649289,0.9894736842105263,3.6998435498876363,195,8,187,0.041025641025641026,0.9842105263157894,3.4655940593468695,204,16,188,0.0784313725490196,0.9894736842105263,1.604905
nmix,nmix,250,200,0.6,20,14,619,429,190,249,59,190,0.6930533117932148,1.0,0.23694779116465864,1.0,1048,858,190,286,96,190,0.8187022900763359,1.0,0.3356643356643357,1.0,3.5991890636212713,200,10,190,0.05,1.0,3.3926608986122466,222,32,190,0.14414414414414414,1.0,3.6897764923919296,197,7,190,0.03553299492385787,1.0,3.446256947420729,212,22,190,0.10377358490566038,1.0,1.788378
nmix,nmix,250,200,0.6,20,15,596,408,188,232,52,180,0.6845637583892618,0.9894736842105263,0.22413793103448276,0.9473684210526315,1106,918,188,265,82,183,0.8300180831826401,0.9894736842105263,0.30943396226415093,0.9631578947368421,3.638152092961357,190,8,182,0.042105263157894736,0.9578947368421052,3.405417142455569,209,25,184,0.11961722488038277,0.968421052631579,3.717814102151001,187,6,181,0.03208556149732621,0.9526315789473684,3.469486989520413,201,17,184,0.0845771144278607,0.968421052631579,1.703842
nmix,nmix,250,200,0.6,20,16,592,402,190,250,60,190,0.6790540540540541,1.0,0.24,1.0,1074,884,190,282,92,190,0.8230912476722533,1.0,0.3262411347517731,1.0,3.630596737709384,199,9,190,0.04522613065326633,1.0,3.4352765239587773,212,22,190,0.10377358490566038,1.0,3.7276629008115814,198,8,190,0.04040404040404041,1.0,3.4352765239587773,212,22,190,0.10377358490566038,1.0,1.56678
nmix,nmix,250,200,0.6,20,17,577,388,189,236,53,183,0.6724436741767764,0.9947368421052631,0.2245762711864407,0.9631578947368421,998,808,190,273,84,189,0.8096192384769539,1.0,0.3076923076923077,0.9947368421052631,3.617123644570515,199,10,189,0.05025125628140704,0.9947368421052631,3.4076574750074955,206,17,189,0.0825242718446602,0.9947368421052631,3.6649151639126143,198,9,189,0.045454545454545456,0.9947368421052631,3.4561421483263746,204,15,189,0.07352941176470588,0.9947368421052631,1.785916
nmix,nmix,250,200,0.6,20,18,549,359,190,250,61,189,0.6539162112932605,1.0,0.244,0.9947368421052631,987,797,190,290,100,190,0.8074974670719351,1.0,0.3448275862068966,1.0,3.6228386682211897,203,13,190,0.06403940886699508,1.0,3.394650746012527,218,28,190,0.12844036697247707,1.0,3.7052826340892033,200,10,190,0.05,1.0,3.4463956830134643,217,27,190,0.12442396313364056,1.0,1.683979
nmix,nmix,250,200,0.6,20,19,517,327,190,232,43,189,0.632495164410058,1.0,0.1853448275862069,0.9947368421052631,861,671,190,265,75,190,0.7793263646922184,1.0,0.2830188679245283,1.0,3.66924457110988,196,6,190,0.030612244897959183,1.0,3.417195376880597,202,12,190,0.0594059405940594,1.0,3.66924457110988,196,6,190,0.030612244897959183,1.0,3.5002275118867163,199,9,190,0.04522613065326633,1.0,1.568306
nmix,nmix,250,200,0.6,20,20,619,430,189,255,68,187,0.6946688206785138,0.9947368421052631,0.26666666666666666,0.9842105263157894,1025,836,189,286,99,187,0.8156097560975609,0.9947368421052631,0.34615384615384615,0.9842105263157894,3.699042188709746,196,9,187,0.04591836734693878,0.9842105263157894,3.4045672493607118,214,26,188,0.12149532710280374,0.9894736842105263,3.699042188709746,196,9,187,0.04591836734693878,0.9842105263157894,3.448354375460398,210,22,188,0.10476190476190476,0.9894736842105263,1.676358
nmix,nmix,250,200,0.6,20,21,685,495,190,257,69,188,0.7226277372262774,1.0,0.26848249027237353,0.9894736842105263,1216,1026,190,306,117,189,0.84375,1.0,0.38235294117647056,0.9947368421052631,3.619539789336483,200,11,189,0.055,0.9947368421052631,3.407278362600721,212,23,189,0.10849056603773585,0.9947368421052631,3.6387683819246086,198,9,189,0.045454545454545456,0.9947368421052631,3.438505406904101,210,21,189,0.1,0.9947368421052631,1.859462
nmix,nmix,250,200,0.6,20,22,690,500,190,263,73,190,0.7246376811594203,1.0,0.27756653992395436,1.0,1222,1032,190,306,116,190,0.8445171849427169,1.0,0.3790849673202614,1.0,3.6155774694600535,199,9,190,0.04522613065326633,1.0,3.399347573492651,214,24,190,0.11214953271028037,1.0,3.708070555935724,198,8,190,0.04040404040404041,1.0,3.445858011146732,208,18,190,0.08653846153846154,1.0,1.627489
nmix,nmix,250,200,0.6,20,23,662,473,189,251,62,189,0.7145015105740181,0.9947368421052631,0.24701195219123506,0.9947368421052631,1146,956,190,301,112,189,0.8342059336823735,1.0,0.37209302325581395,0.9947368421052631,3.613062466785848,202,13,189,0.06435643564356436,0.9947368421052631,3.408854871370013,214,25,189,0.11682242990654206,0.9947368421052631,3.651789870220373,200,11,189,0.055,0.9947368421052631,3.445405268880676,208,19,189,0.09134615384615384,0.9947368421052631,1.575214
nmix,nmix,250,200,0.6,20,24,674,485,189,248,67,181,0.7195845697329377,0.9947368421052631,0.2701612903225806,0.9526315789473684,1179,990,189,299,115,184,0.8396946564885496,0.9947368421052631,0.38461538461538464,0.968421052631579,3.611568904434002,190,7,183,0.03684210526315789,0.9631578947368421,3.409108345378974,206,18,188,0.08737864077669903,0.9894736842105263,3.667250040385997,187,6,181,0.03208556149732621,0.9526315789473684,3.4366940224779747,205,17,188,0.08292682926829269,0.9894736842105263,1.688489
nmix,nmix,250,200,0.6,20,25,984,794,190,310,120,190,0.806910569105691,1.0,0.3870967741935484,1.0,1675,1485,190,385,195,190,0.8865671641791045,1.0,0.5064935064935064,1.0,3.605528731203379,202,12,190,0.0594059405940594,1.0,3.412194714243314,214,24,190,0.11214953271028037,1.0,3.746287651979938,196,6,190,0.030612244897959183,1.0,3.4775099582202555,208,18,190,0.08653846153846154,1.0,1.595709
nmix,nmix,250,200,0.6,20,26,786,596,190,273,85,188,0.7582697201017812,1.0,0.31135531135531136,0.9894736842105263,1337,1147,190,344,154,190,0.8578908002991773,1.0,0.4476744186046512,1.0,3.6125251469071724,198,12,186,0.06060606060606061,0.9789473684210527,3.40702090934616,212,22,190,0.10377358490566038,1.0,3.6620584423426066,196,10,186,0.05102040816326531,0.9789473684210527,3.4562675917141616,210,20,190,0.09523809523809523,1.0,1.657005
nmix,nmix,250,200,0.6,20,27,744,555,189,254,66,188,0.7459677419354839,0.9947368421052631,0.25984251968503935,0.9894736842105263,1316,1127,189,320,132,188,0.8563829787234043,0.9947368421052631,0.4125,0.9894736842105263,3.609982754830263,197,9,188,0.04568527918781726,0.9894736842105263,3.4093340730360957,206,18,188,0.08737864077669903,0.9894736842105263,3.6459020833527562,194,6,188,0.030927835051546393,0.9894736842105263,3.4576711878169015,202,14,188,0.06930693069306931,0.9894736842105263,1.758767
nmix,nmix,250,200,0.6,20,28,621,432,189,256,69,187,0.6956521739130435,0.9947368421052631,0.26953125,0.9842105263157894,1241,1051,190,297,109,188,0.846897663174859,1.0,0.367003367003367,0.9894736842105263,3.65056428591198,200,12,188,0.06,0.9894736842105263,3.407242547260516,212,23,189,0.10849056603773585,0.9947368421052631,3.6907049229663222,197,10,187,0.050761421319796954,0.9842105263157894,3.4541888055761403,207,19,188,0.09178743961352658,0.9894736842105263,2.095891
nmix,nmix,250,200,0.6,20,29,630,444,186,238,58,180,0.7047619047619048,0.9789473684210527,0.24369747899159663,0.9473684210526315,1111,924,187,280,96,184,0.8316831683168316,0.9842105263157894,0.34285714285714286,0.968421052631579,3.6544853056533544,188,6,182,0.031914893617021274,0.9578947368421052,3.4044425964898544,208,23,185,0.11057692307692307,0.9736842105263158,3.6544853056533544,188,6,182,0.031914893617021274,0.9578947368421052,3.47416808410495,199,14,185,0.07035175879396985,0.9736842105263158,1.752715
nmix,nmix,250,200,0.6,20,30,666,476,190,264,74,190,0.7147147147147147,1.0,0.2803030303030303,1.0,1169,979,190,302,112,190,0.8374679213002566,1.0,0.3708609271523179,1.0,3.604277796822922,201,11,190,0.05472636815920398,1.0,3.3967739851040015,213,23,190,0.107981220657277,1.0,3.6501864170252643,199,9,190,0.04522613065326633,1.0,3.473650603666365,208,18,190,0.08653846153846154,1.0,1.576948
nmix,nmix,250,200,0.6,20,31,540,357,183,218,50,168,0.6611111111111111,0.9631578947368421,0.22935779816513763,0.8842105263157894,863,676,187,257,85,172,0.7833140208574739,0.9842105263157894,0.33073929961089493,0.9052631578947369,3.635593460740357,174,5,169,0.028735632183908046,0.8894736842105263,3.4373826250016215,190,17,173,0.08947368421052632,0.9105263157894737,3.727137335313903,171,3,168,0.017543859649122806,0.8842105263157894,3.4433550550084417,188,15,173,0.0797872340425532,0.9105263157894737,1.799459
nmix,nmix,250,200,0.6,20,32,521,331,190,244,54,190,0.6353166986564299,1.0,0.22131147540983606,1.0,938,748,190,264,74,190,0.7974413646055437,1.0,0.2803030303030303,1.0,3.619181723164306,202,12,190,0.0594059405940594,1.0,3.4484598390265546,210,20,190,0.09523809523809523,1.0,3.719287986034784,198,8,190,0.04040404040404041,1.0,3.4484598390265546,210,20,190,0.09523809523809523,1.0,1.577282
nmix,nmix,250,200,0.6,20,33,626,436,190,241,52,189,0.6964856230031949,1.0,0.2157676348547718,0.9947368421052631,1235,1045,190,285,96,189,0.8461538461538461,1.0,0.3368421052631579,0.9947368421052631,3.601095118352155,203,14,189,0.06896551724137931,0.9947368421052631,3.422151342906885,205,16,189,0.07804878048780488,0.9947368421052631,3.6921799259552794,199,10,189,0.05025125628140704,0.9947368421052631,3.5504310181976066,204,15,189,0.07352941176470588,0.9947368421052631,1.749025
nmix,nmix,250,200,0.6,20,34,486,296,190,237,47,190,0.6090534979423868,1.0,0.19831223628691982,1.0,844,654,190,273,83,190,0.7748815165876777,1.0,0.304029304029304,1.0,3.615967521975276,208,18,190,0.08653846153846154,1.0,3.4181360982293687,219,29,190,0.1324200913242009,1.0,3.615967521975276,208,18,190,0.08653846153846154,1.0,3.4181360982293687,219,29,190,0.1324200913242009,1.0,1.663094
nmix,nmix,250,200,0.6,20,35,798,608,190,296,106,190,0.7619047619047619,1.0,0.3581081081081081,1.0,1447,1257,190,351,161,190,0.8686938493434693,1.0,0.4586894586894587,1.0,3.591621601886325,210,20,190,0.09523809523809523,1.0,3.3971966381705943,225,35,190,0.15555555555555556,1.0,3.678284589352858,206,16,190,0.07766990291262135,1.0,3.4284015757855673,222,32,190,0.14414414414414414,1.0,1.845489
nmix,nmix,250,200,0.6,20,36,601,412,189,248,64,184,0.6855241264559068,0.9947368421052631,0.25806451612903225,0.968421052631579,1081,892,189,283,96,187,0.8251618871415356,0.9947368421052631,0.3392226148409894,0.9842105263157894,3.6033937046096036,201,14,187,0.06965174129353234,0.9842105263157894,3.4041259605753833,214,26,188,0.12149532710280374,0.9894736842105263,3.6796090346769765,197,10,187,0.050761421319796954,0.9842105263157894,3.461781896003681,208,21,187,0.10096153846153846,0.9842105263157894,1.593703
nmix,nmix,250,200,0.6,20,37,618,428,190,255,65,190,0.6925566343042071,1.0,0.2549019607843137,1.0,1142,952,190,291,101,190,0.8336252189141856,1.0,0.3470790378006873,1.0,3.6072240300978535,205,15,190,0.07317073170731707,1.0,3.3990624721490796,212,22,190,0.10377358490566038,1.0,3.682003157407332,201,11,190,0.05472636815920398,1.0,3.5154947851470024,209,19,190,0.09090909090909091,1.0,1.65167
nmix,nmix,250,200,0.6,20,38,598,408,190,244,55,189,0.6822742474916388,1.0,0.22540983606557377,0.9947368421052631,1036,846,190,271,82,189,0.8166023166023166,1.0,0.3025830258302583,0.9947368421052631,3.6049185680397606,200,11,189,0.055,0.9947368421052631,3.3971250277818084,216,27,189,0.125,0.9947368421052631,3.661377630005766,197,8,189,0.04060913705583756,0.9947368421052631,3.437597155008447,213,24,189,0.11267605633802817,0.9947368421052631,1.644869
nmix,nmix,250,200,0.6,20,39,513,323,190,229,46,183,0.6296296296296297,1.0,0.20087336244541484,0.9631578947368421,951,761,190,256,70,186,0.8002103049421662,1.0,0.2734375,0.9789473684210527,3.615203541094188,191,6,185,0.031413612565445025,0.9736842105263158,3.436259631049319,205,19,186,0.09268292682926829,0.9789473684210527,3.680319956244621,190,5,185,0.02631578947368421,0.9736842105263158,3.436259631049319,205,19,186,0.09268292682926829,0.9789473684210527,1.680468
nmix,nmix,250,200,0.6,20,40,615,426,189,261,72,189,0.6926829268292682,0.9947368421052631,0.27586206896551724,0.9947368421052631,1171,982,189,301,112,189,0.838599487617421,0.9947368421052631,0.37209302325581395,0.9947368421052631,3.6293469440503325,203,14,189,0.06896551724137931,0.9947368421052631,3.4009990462571724,215,26,189,0.12093023255813953,0.9947368421052631,3.6821309442529984,200,11,189,0.055,0.9947368421052631,3.462484911108941,211,22,189,0.10426540284360189,0.9947368421052631,1.704273
nmix,nmix,250,200,0.6,20,41,670,480,190,247,57,190,0.7164179104477612,1.0,0.23076923076923078,1.0,1200,1010,190,280,90,190,0.8416666666666667,1.0,0.32142857142857145,1.0,3.6200511011500223,200,10,190,0.05,1.0,3.40549893296392,207,17,190,0.0821256038647343,1.0,3.6695237624705603,198,8,190,0.04040404040404041,1.0,3.4735328340987506,205,15,190,0.07317073170731707,1.0,1.710236
nmix,nmix,250,200,0.6,20,42,601,411,190,243,59,184,0.6838602329450915,1.0,0.24279835390946503,0.968421052631579,1074,884,190,282,97,185,0.8230912476722533,1.0,0.34397163120567376,0.9736842105263158,3.645175325070269,198,14,184,0.0707070707070707,0.968421052631579,3.390761912905016,218,31,187,0.14220183486238533,0.9842105263157894,3.7709966361571423,197,13,184,0.06598984771573604,0.968421052631579,3.4360225027414466,210,23,187,0.10952380952380952,0.9842105263157894,1.611276
nmix,nmix,250,200,0.6,20,43,535,345,190,243,53,190,0.6448598130841121,1.0,0.21810699588477367,1.0,885,695,190,270,80,190,0.7853107344632768,1.0,0.2962962962962963,1.0,3.5970265215039467,207,17,190,0.0821256038647343,1.0,3.414593452470633,218,28,190,0.12844036697247707,1.0,3.6726937524016248,203,13,190,0.06403940886699508,1.0,3.458883159998688,215,25,190,0.11627906976744186,1.0,1.564877
nmix,nmix,250,200,0.6,20,44,528,338,190,241,52,189,0.6401515151515151,1.0,0.2157676348547718,0.9947368421052631,919,729,190,264,74,190,0.7932535364526659,1.0,0.2803030303030303,1.0,3.600959166780119,206,16,190,0.07766990291262135,1.0,3.4051599715407708,217,27,190,0.12442396313364056,1.0,3.6477163494374936,204,14,190,0.06862745098039216,1.0,3.4458680810326188,214,24,190,0.11214953271028037,1.0,1.735173
nmix,nmix,250,200,0.6,20,45,624,434,190,235,50,185,0.6955128205128205,1.0,0.2127659574468085,0.9736842105263158,1130,940,190,274,87,187,0.831858407079646,1.0,0.3175182481751825,0.9842105263157894,3.606646391967277,196,10,186,0.05102040816326531,0.9789473684210527,3.428657007334747,208,21,187,0.10096153846153846,0.9842105263157894,3.7128259561318173,194,8,186,0.041237113402061855,0.9789473684210527,3.481800797410278,206,19,187,0.09223300970873786,0.9842105263157894,1.752909
nmix,nmix,250,200,0.6,20,46,603,421,182,211,43,168,0.6981757877280266,0.9578947368421052,0.2037914691943128,0.8842105263157894,1148,963,185,263,90,173,0.8388501742160279,0.9736842105263158,0.34220532319391633,0.9105263157894737,3.6613916528315067,179,9,170,0.05027932960893855,0.8947368421052632,3.475228235905915,188,15,173,0.0797872340425532,0.9105263157894737,3.722278647601588,175,6,169,0.03428571428571429,0.8894736842105263,3.491081968583014,186,13,173,0.06989247311827956,0.9105263157894737,1.581139
nmix,nmix,250,200,0.6,20,47,724,535,189,239,50,189,0.738950276243094,0.9947368421052631,0.20920502092050208,0.9947368421052631,1235,1045,190,268,79,189,0.8461538461538461,1.0,0.2947761194029851,0.9947368421052631,3.6468466755976845,196,7,189,0.03571428571428571,0.9947368421052631,3.4114207598823327,202,13,189,0.06435643564356436,0.9947368421052631,3.6837007808825706,195,6,189,0.03076923076923077,0.9947368421052631,3.4630235236870117,200,11,189,0.055,0.9947368421052631,1.704227
nmix,nmix,250,200,0.6,20,48,773,583,190,278,88,190,0.7542043984476067,1.0,0.31654676258992803,1.0,1339,1149,190,339,149,190,0.8581030619865572,1.0,0.43952802359882004,1.0,3.600989439983699,200,10,190,0.05,1.0,3.4032168109753624,210,20,190,0.09523809523809523,1.0,3.64763080654779,197,7,190,0.03553299492385787,1.0,3.4309177178363766,207,17,190,0.0821256038647343,1.0,1.552041
nmix,nmix,250,200,0.6,20,49,698,508,190,271,81,190,0.7277936962750716,1.0,0.2988929889298893,1.0,1252,1062,190,318,128,190,0.8482428115015974,1.0,0.4025157232704403,1.0,3.668909647955766,196,6,190,0.030612244897959183,1.0,3.4116310407857426,207,17,190,0.0821256038647343,1.0,3.8095943692435035,195,5,190,0.02564102564102564,1.0,3.5094417041576604,201,11,190,0.05472636815920398,1.0,1.626488
nmix,nmix,250,200,0.6,20,50,605,418,187,248,72,176,0.6909090909090909,0.9842105263157894,0.2903225806451613,0.9263157894736842,1013,826,187,296,116,180,0.8153998025666338,0.9842105263157894,0.3918918918918919,0.9473684210526315,3.619603635916636,193,13,180,0.06735751295336788,0.9473684210526315,3.4202185294303415,217,36,181,0.16589861751152074,0.9526315789473684,3.6410940665217852,192,12,180,0.0625,0.9473684210526315,3.4202185294303415,217,36,181,0.16589861751152074,0.9526315789473684,1.591343
nmix,nmix,250,200,0.6,20,51,553,364,189,229,52,177,0.6582278481012658,0.9947368421052631,0.22707423580786026,0.9315789473684211,978,789,189,258,76,182,0.8067484662576687,0.9947368421052631,0.29457364341085274,0.9578947368421052,3.617273437090724,187,7,180,0.0374331550802139,0.9473684210526315,3.4155147123674063,201,15,186,0.07462686567164178,0.9789473684210527,3.677843418161545,184,5,179,0.02717391304347826,0.9421052631578948,3.46667208413705,196,12,184,0.061224489795918366,0.968421052631579,1.870613
nmix,nmix,250,200,0.6,20,52,593,403,190,256,66,190,0.6795952782462057,1.0,0.2578125,1.0,1151,961,190,303,113,190,0.8349261511728931,1.0,0.37293729372937295,1.0,3.6243750793202194,203,13,190,0.06403940886699508,1.0,3.389284496942239,219,29,190,0.1324200913242009,1.0,3.7154507354136745,201,11,190,0.05472636815920398,1.0,3.472205037054611,212,22,190,0.10377358490566038,1.0,1.567255
nmix,nmix,250,200,0.6,20,53,659,469,190,261,71,190,0.7116843702579666,1.0,0.2720306513409962,1.0,1136,946,190,294,104,190,0.8327464788732394,1.0,0.35374149659863946,1.0,3.641459735656733,203,13,190,0.06403940886699508,1.0,3.3885641715146066,220,30,190,0.13636363636363635,1.0,3.6629727467031707,202,12,190,0.0594059405940594,1.0,3.4423961842323916,213,23,190,0.107981220657277,1.0,1.600048
nmix,nmix,250,200,0.6,20,54,741,551,190,281,91,190,0.7435897435897436,1.0,0.3238434163701068,1.0,1447,1257,190,345,155,190,0.8686938493434693,1.0,0.4492753623188406,1.0,3.6014402624278032,198,8,190,0.04040404040404041,1.0,3.435900647194498,208,18,190,0.08653846153846154,1.0,3.687077352617796,193,4,189,0.02072538860103627,0.9947368421052631,3.469788293870183,206,16,190,0.07766990291262135,1.0,1.702461
nmix,nmix,250,200,0.6,20,55,707,533,174,225,72,153,0.7538896746817539,0.9157894736842105,0.32,0.8052631578947368,1312,1133,179,275,115,160,0.8635670731707317,0.9421052631578948,0.41818181818181815,0.8421052631578947,3.6773943041278967,155,7,148,0.04516129032258064,0.7789473684210526,3.443935190400701,184,23,161,0.125,0.8473684210526315,3.756729902616718,146,5,141,0.03424657534246575,0.7421052631578947,3.5115863209118134,176,19,157,0.10795454545454546,0.8263157894736842,1.691735
nmix,nmix,250,200,0.6,20,56,721,531,190,267,77,190,0.7364771151178918,1.0,0.2883895131086142,1.0,1297,1107,190,314,124,190,0.8535080956052429,1.0,0.39490445859872614,1.0,3.7738633683056877,196,6,190,0.030612244897959183,1.0,3.414144842012791,210,20,190,0.09523809523809523,1.0,3.7738633683056877,196,6,190,0.030612244897959183,1.0,3.4364102366577223,208,18,190,0.08653846153846154,1.0,1.661648
nmix,nmix,250,200,0.6,20,57,640,452,188,250,62,188,0.70625,0.9894736842105263,0.248,0.9894736842105263,1274,1084,190,282,94,188,0.8508634222919937,1.0,0.3333333333333333,0.9894736842105263,3.65829076908451,195,7,188,0.035897435897435895,0.9894736842105263,3.4042047397290776,211,23,188,0.10900473933649289,0.9894736842105263,3.65829076908451,195,7,188,0.035897435897435895,0.9894736842105263,3.4514779410968335,205,17,188,0.08292682926829269,0.9894736842105263,1.656787
nmix,nmix,250,200,0.6,20,58,698,508,190,268,78,190,0.7277936962750716,1.0,0.291044776119403,1.0,1194,1004,190,317,127,190,0.8408710217755444,1.0,0.40063091482649843,1.0,3.615545707384802,202,12,190,0.0594059405940594,1.0,3.4026098848278563,210,20,190,0.09523809523809523,1.0,3.6769980541005443,200,10,190,0.05,1.0,3.4738905162345324,206,16,190,0.07766990291262135,1.0,1.832459
nmix,nmix,250,200,0.6,20,59,615,427,188,256,74,182,0.6943089430894309,0.9894736842105263,0.2890625,0.9578947368421052,1078,889,189,293,109,184,0.8246753246753247,0.9947368421052631,0.3720136518771331,0.968421052631579,3.6104300578151087,197,13,184,0.06598984771573604,0.968421052631579,3.408853523326165,208,23,185,0.11057692307692307,0.9736842105263158,3.635966541917069,195,11,184,0.05641025641025641,0.968421052631579,3.4217989656723447,207,22,185,0.10628019323671498,0.9736842105263158,1.520299
nmix,nmix,250,200,0.6,20,60,716,527,189,248,67,181,0.7360335195530726,0.9947368421052631,0.2701612903225806,0.9526315789473684,1308,1119,189,296,111,185,0.8555045871559633,0.9947368421052631,0.375,0.9736842105263158,3.619107219683174,190,7,183,0.03684210526315789,0.9631578947368421,3.4288982056181694,202,17,185,0.08415841584158416,0.9736842105263158,3.657165438983222,187,6,181,0.03208556149732621,0.9526315789473684,3.4609545675762186,199,14,185,0.07035175879396985,0.9736842105263158,1.704295
nmix,nmix,250,200,0.6,20,61,616,427,189,244,62,182,0.6931818181818182,0.9947368421052631,0.2540983606557377,0.9578947368421052,1111,921,190,294,108,186,0.828982898289829,1.0,0.3673469387755102,0.9789473684210527,3.607214138918931,193,10,183,0.05181347150259067,0.9631578947368421,3.407984077926827,206,20,186,0.0970873786407767,0.9789473684210527,3.662224501051068,190,7,183,0.03684210526315789,0.9631578947368421,3.438230309289829,203,17,186,0.08374384236453201,0.9789473684210527,1.630448
nmix,nmix,250,200,0.6,20,62,684,494,190,279,90,189,0.7222222222222222,1.0,0.3225806451612903,0.9947368421052631,1202,1012,190,334,145,189,0.8419301164725458,1.0,0.4341317365269461,0.9947368421052631,3.6088734366181274,197,8,189,0.04060913705583756,0.9947368421052631,3.3977853867234127,218,29,189,0.13302752293577982,0.9947368421052631,3.680609147934238,195,6,189,0.03076923076923077,0.9947368421052631,3.4242028603721497,215,26,189,0.12093023255813953,0.9947368421052631,1.630757
nmix,nmix,250,200,0.6,20,63,694,504,190,267,78,189,0.7262247838616714,1.0,0.29213483146067415,0.9947368421052631,1203,1013,190,312,123,189,0.8420615128844555,1.0,0.3942307692307692,0.9947368421052631,3.614637710278362,196,7,189,0.03571428571428571,0.9947368421052631,3.4040721062339627,209,19,190,0.09090909090909091,1.0,3.8642717299632836,192,3,189,0.015625,0.9947368421052631,3.491229754626873,203,13,190,0.06403940886699508,1.0,1.578296
nmix,nmix,250,200,0.6,20,64,598,409,189,248,59,189,0.6839464882943144,0.9947368421052631,0.23790322580645162,0.9947368421052631,1069,879,190,276,87,189,0.8222637979420019,1.0,0.31521739130434784,0.9947368421052631,3.603555167115007,204,15,189,0.07352941176470588,0.9947368421052631,3.4005286243176935,212,23,189,0.10849056603773585,0.9947368421052631,3.6757609805612663,199,10,189,0.05025125628140704,0.9947368421052631,3.4533916322550846,211,22,189,0.10426540284360189,0.9947368421052631,1.869318
nmix,nmix,250,200,0.6,20,65,637,447,190,259,71,188,0.7017268445839875,1.0,0.27413127413127414,0.9894736842105263,1079,889,190,309,120,189,0.8239110287303059,1.0,0.3883495145631068,0.9947368421052631,3.603561362770752,204,15,189,0.07352941176470588,0.9947368421052631,3.4185658445721634,219,29,190,0.1324200913242009,1.0,3.653292905171966,201,12,189,0.05970149253731343,0.9947368421052631,3.451953682453018,215,25,190,0.11627906976744186,1.0,1.677727
nmix,nmix,250,200,0.6,20,66,622,432,190,252,62,190,0.6945337620578779,1.0,0.24603174603174602,1.0,1077,887,190,302,112,190,0.8235840297121634,1.0,0.3708609271523179,1.0,3.628905337308886,205,15,190,0.07317073170731707,1.0,3.3923905702354507,217,27,190,0.12442396313364056,1.0,3.6877818988178848,199,9,190,0.04522613065326633,1.0,3.4640461059970233,212,22,190,0.10377358490566038,1.0,1.619853
nmix,nmix,250,200,0.6,20,67,584,398,186,242,70,172,0.6815068493150684,0.9789473684210527,0.2892561983471074,0.9052631578947369,1112,923,189,284,109,175,0.8300359712230215,0.9947368421052631,0.38380281690140844,0.9210526315789473,3.6236114854056924,181,10,171,0.055248618784530384,0.9,3.413189390384794,200,25,175,0.125,0.9210526315789473,3.6765138595514277,180,10,170,0.05555555555555555,0.8947368421052632,3.4513196130721626,197,23,174,0.116751269035533,0.9157894736842105,1.624696
nmix,nmix,250,200,0.6,20,68,771,581,190,276,88,188,0.7535667963683528,1.0,0.3188405797101449,0.9894736842105263,1452,1262,190,340,151,189,0.8691460055096418,1.0,0.4441176470588235,0.9947368421052631,3.6142418104641947,200,12,188,0.06,0.9894736842105263,3.40697429392765,213,24,189,0.11267605633802817,0.9947368421052631,3.6652175744706277,198,10,188,0.050505050505050504,0.9894736842105263,3.463545646540535,208,19,189,0.09134615384615384,0.9947368421052631,1.643118
nmix,nmix,250,200,0.6,20,69,523,333,190,258,68,190,0.6367112810707457,1.0,0.26356589147286824,1.0,826,636,190,287,97,190,0.7699757869249395,1.0,0.33797909407665505,1.0,3.653856294753476,198,8,190,0.04040404040404041,1.0,3.412984226572062,215,25,190,0.11627906976744186,1.0,3.653856294753476,198,8,190,0.04040404040404041,1.0,3.4473060612316178,211,21,190,0.0995260663507109,1.0,1.630456
nmix,nmix,250,200,0.6,20,70,586,396,190,253,68,185,0.6757679180887372,1.0,0.26877470355731226,0.9736842105263158,1032,842,190,296,109,187,0.8158914728682171,1.0,0.36824324324324326,0.9842105263157894,3.6158326260239044,192,6,186,0.03125,0.9789473684210527,3.432701421390608,204,17,187,0.08333333333333333,0.9842105263157894,3.7567504462153187,190,5,185,0.02631578947368421,0.9736842105263158,3.432701421390608,204,17,187,0.08333333333333333,0.9842105263157894,1.776913
nmix,nmix,250,200,0.6,20,71,551,362,189,231,46,185,0.6569872958257713,0.9947368421052631,0.19913419913419914,0.9736842105263158,917,727,190,270,83,187,0.7928026172300982,1.0,0.3074074074074074,0.9842105263157894,3.633026766598738,199,12,187,0.06030150753768844,0.9842105263157894,3.403602035963683,208,20,188,0.09615384615384616,0.9894736842105263,3.692759643904877,195,9,186,0.046153846153846156,0.9789473684210527,3.497533219635219,203,15,188,0.07389162561576355,0.9894736842105263,1.753433
nmix,nmix,250,200,0.6,20,72,654,464,190,241,52,189,0.709480122324159,1.0,0.2157676348547718,0.9947368421052631,1162,972,190,282,92,190,0.8364888123924269,1.0,0.3262411347517731,1.0,3.6302659089323224,198,9,189,0.045454545454545456,0.9947368421052631,3.4072921156022993,211,21,190,0.0995260663507109,1.0,3.726366642734177,196,7,189,0.03571428571428571,0.9947368421052631,3.4770129787647144,205,15,190,0.07317073170731707,1.0,1.609924
nmix,nmix,250,200,0.6,20,73,590,400,190,243,56,187,0.6779661016949152,1.0,0.23045267489711935,0.9842105263157894,1050,860,190,282,94,188,0.819047619047619,1.0,0.3333333333333333,0.9894736842105263,3.60321469730626,200,12,188,0.06,0.9894736842105263,3.404896077452575,214,24,190,0.11214953271028037,1.0,3.70613705683811,196,9,187,0.04591836734693878,0.9842105263157894,3.487138949774466,206,17,189,0.0825242718446602,0.9947368421052631,1.631975
nmix,nmix,250,200,0.6,20,74,589,400,189,251,68,183,0.6791171477079796,0.9947368421052631,0.27091633466135456,0.9631578947368421,1061,872,189,292,107,185,0.82186616399623,0.9947368421052631,0.3664383561643836,0.9736842105263158,3.613533347816657,193,10,183,0.05181347150259067,0.9631578947368421,3.4239830000171345,204,19,185,0.09313725490196079,0.9736842105263158,3.7181675420205424,191,8,183,0.041884816753926704,0.9631578947368421,3.4707264258295116,201,16,185,0.07960199004975124,0.9736842105263158,1.722502
nmix,nmix,250,200,0.6,20,75,532,342,190,233,44,189,0.6428571428571429,1.0,0.1888412017167382,0.9947368421052631,967,777,190,271,82,189,0.8035160289555325,1.0,0.3025830258302583,0.9947368421052631,3.6232416092561515,196,7,189,0.03571428571428571,0.9947368421052631,3.394601006053324,214,24,190,0.11214953271028037,1.0,3.7948803722508355,194,5,189,0.02577319587628866,0.9947368421052631,3.4656861324607378,207,17,190,0.0821256038647343,1.0,1.628607
nmix,nmix,250,200,0.6,20,76,566,377,189,233,45,188,0.666077738515901,0.9947368421052631,0.19313304721030042,0.9894736842105263,1044,854,190,290,102,188,0.8180076628352491,1.0,0.35172413793103446,0.9894736842105263,3.6094632048679838,197,9,188,0.04568527918781726,0.9894736842105263,3.4211172706063606,205,17,188,0.08292682926829269,0.9894736842105263,3.652467541537448,196,8,188,0.04081632653061224,0.9894736842105263,3.454813250961187,204,16,188,0.0784313725490196,0.9894736842105263,1.764089
nmix,nmix,250,200,0.6,20,77,747,557,190,277,92,185,0.7456492637215528,1.0,0.33212996389891697,0.9736842105263158,1390,1200,190,330,145,185,0.8633093525179856,1.0,0.4393939393939394,0.9736842105263158,3.6527548978177053,204,19,185,0.09313725490196079,0.9736842105263158,3.388602270419852,223,37,186,0.16591928251121077,0.9789473684210527,3.702487300856198,201,16,185,0.07960199004975124,0.9736842105263158,3.4895968466836202,211,26,185,0.12322274881516587,0.9736842105263158,1.606918
nmix,nmix,250,200,0.6,20,78,567,377,190,246,57,189,0.6649029982363316,1.0,0.23170731707317074,0.9947368421052631,953,763,190,274,85,189,0.8006295907660022,1.0,0.3102189781021898,0.9947368421052631,3.620369195499109,201,11,190,0.05472636815920398,1.0,3.394385025028959,220,30,190,0.13636363636363635,1.0,3.684274218332082,197,7,190,0.03553299492385787,1.0,3.4660351102493387,207,17,190,0.0821256038647343,1.0,1.726995
nmix,nmix,250,200,0.6,20,79,672,482,190,248,59,189,0.7172619047619048,1.0,0.23790322580645162,0.9947368421052631,1157,967,190,281,92,189,0.8357821953327571,1.0,0.3274021352313167,0.9947368421052631,3.6247724202843443,198,9,189,0.045454545454545456,0.9947368421052631,3.4025742392049114,208,19,189,0.09134615384615384,0.9947368421052631,3.7237318904079,197,8,189,0.04060913705583756,0.9947368421052631,3.5186803151332864,203,14,189,0.06896551724137931,0.9947368421052631,1.568663
nmix,nmix,250,200,0.6,20,80,742,552,190,271,84,187,0.7439353099730458,1.0,0.30996309963099633,0.9842105263157894,1343,1153,190,314,127,187,0.8585256887565152,1.0,0.40445859872611467,0.9842105263157894,3.607645526450437,194,7,187,0.03608247422680412,0.9842105263157894,3.428946951517558,203,16,187,0.07881773399014778,0.9842105263157894,3.6552442442958015,193,6,187,0.031088082901554404,0.9842105263157894,3.428946951517558,203,16,187,0.07881773399014778,0.9842105263157894,1.707488
nmix,nmix,250,200,0.6,20,81,699,511,188,262,75,187,0.7310443490701002,0.9894736842105263,0.2862595419847328,0.9842105263157894,1174,984,190,311,124,187,0.838160136286201,1.0,0.3987138263665595,0.9842105263157894,3.6289441097775823,203,16,187,0.07881773399014778,0.9842105263157894,3.413851944732594,215,27,188,0.12558139534883722,0.9894736842105263,3.6289441097775823,203,16,187,0.07881773399014778,0.9842105263157894,3.429018343107488,213,26,187,0.12206572769953052,0.9842105263157894,1.695613
nmix,nmix,250,200,0.6,20,82,633,443,190,245,55,190,0.6998420221169036,1.0,0.22448979591836735,1.0,1023,833,190,287,97,190,0.8142717497556208,1.0,0.33797909407665505,1.0,3.60436554275301,201,11,190,0.05472636815920398,1.0,3.402511839711587,210,20,190,0.09523809523809523,1.0,3.60436554275301,201,11,190,0.05472636815920398,1.0,3.402511839711587,210,20,190,0.09523809523809523,1.0,1.694809
nmix,nmix,250,200,0.6,20,83,822,632,190,270,86,184,0.7688564476885644,1.0,0.31851851851851853,0.968421052631579,1478,1288,190,344,158,186,0.871447902571042,1.0,0.45930232558139533,0.9789473684210527,3.6090509252438254,197,12,185,0.06091370558375635,0.9736842105263158,3.3972177165206268,217,31,186,0.14285714285714285,0.9789473684210527,3.675806260752976,190,8,182,0.042105263157894736,0.9578947368421052,3.4499157051884057,210,24,186,0.11428571428571428,0.9789473684210527,1.574823
nmix,nmix,250,200,0.6,20,84,508,319,189,222,39,183,0.6279527559055118,0.9947368421052631,0.17567567567567569,0.9631578947368421,928,738,190,259,73,186,0.7952586206896551,1.0,0.28185328185328185,0.9789473684210527,3.6117686456062983,194,9,185,0.04639175257731959,0.9736842105263158,3.414400353439542,205,18,187,0.08780487804878048,0.9842105263157894,3.6527846574741347,193,8,185,0.04145077720207254,0.9736842105263158,3.474629834359657,201,14,187,0.06965174129353234,0.9842105263157894,1.727911
nmix,nmix,250,200,0.6,20,85,455,265,190,235,45,190,0.5824175824175825,1.0,0.19148936170212766,1.0,820,630,190,260,70,190,0.7682926829268293,1.0,0.2692307692307692,1.0,3.6030713855243044,201,11,190,0.05472636815920398,1.0,3.3949551615228186,216,26,190,0.12037037037037036,1.0,3.685852286366191,197,7,190,0.03553299492385787,1.0,3.4272407974837886,214,24,190,0.11214953271028037,1.0,1.616408
nmix,nmix,250,200,0.6,20,86,770,580,190,274,92,182,0.7532467532467533,1.0,0.3357664233576642,0.9578947368421052,1443,1253,190,337,152,185,0.8683298683298684,1.0,0.45103857566765576,0.9736842105263158,3.607034325113576,199,18,181,0.09045226130653267,0.9526315789473684,3.401336151881635,214,29,185,0.13551401869158877,0.9736842105263158,3.6305153081719403,198,17,181,0.08585858585858586,0.9526315789473684,3.4309739982227407,212,27,185,0.12735849056603774,0.9736842105263158,1.592882
nmix,nmix,250,200,0.6,20,87,609,420,189,246,63,183,0.6896551724137931,0.9947368421052631,0.25609756097560976,0.9631578947368421,1053,864,189,288,103,185,0.8205128205128205,0.9947368421052631,0.3576388888888889,0.9736842105263158,3.603859588269,200,16,184,0.08,0.968421052631579,3.4046351976947764,213,27,186,0.1267605633802817,0.9789473684210527,3.6753238568981503,198,14,184,0.0707070707070707,0.968421052631579,3.441127718658255,211,25,186,0.11848341232227488,0.9789473684210527,1.671798
nmix,nmix,250,200,0.6,20,88,657,467,190,258,70,188,0.710806697108067,1.0,0.2713178294573643,0.9894736842105263,1187,997,190,317,128,189,0.8399326032013479,1.0,0.4037854889589905,0.9947368421052631,3.7216947574733372,195,7,188,0.035897435897435895,0.9894736842105263,3.427209790944586,202,12,190,0.0594059405940594,1.0,3.7216947574733372,195,7,188,0.035897435897435895,0.9894736842105263,3.491929650232106,200,10,190,0.05,1.0,1.656765
nmix,nmix,250,200,0.6,20,89,705,515,190,263,73,190,0.7304964539007093,1.0,0.27756653992395436,1.0,1224,1034,190,308,118,190,0.8447712418300654,1.0,0.38311688311688313,1.0,3.593465697107055,206,16,190,0.07766990291262135,1.0,3.4078003507221974,218,28,190,0.12844036697247707,1.0,3.708837452189089,203,13,190,0.06403940886699508,1.0,3.4576210439715753,216,26,190,0.12037037037037036,1.0,1.76305
nmix,nmix,250,200,0.6,20,90,583,398,185,225,47,178,0.6826758147512865,0.9736842105263158,0.2088888888888889,0.9368421052631579,1003,817,186,251,73,178,0.8145563310069791,0.9789473684210527,0.2908366533864542,0.9368421052631579,3.6143293337329565,189,12,177,0.06349206349206349,0.9315789473684211,3.4177949638159615,201,23,178,0.11442786069651742,0.9368421052631579,3.6609787107753027,188,11,177,0.05851063829787234,0.9315789473684211,3.4416141254788033,200,22,178,0.11,0.9368421052631579,1.63479
nmix,nmix,250,200,0.6,20,91,780,590,190,279,97,182,0.7564102564102564,1.0,0.34767025089605735,0.9578947368421052,1366,1176,190,330,147,183,0.8609077598828697,1.0,0.44545454545454544,0.9631578947368421,3.695096978244906,190,8,182,0.042105263157894736,0.9578947368421052,3.411318858999882,202,19,183,0.09405940594059406,0.9631578947368421,3.695096978244906,190,8,182,0.042105263157894736,0.9578947368421052,3.424773479435854,199,16,183,0.08040201005025126,0.9631578947368421,1.693445
nmix,nmix,250,200,0.6,20,92,468,278,190,233,44,189,0.594017094017094,1.0,0.1888412017167382,0.9947368421052631,754,564,190,256,66,190,0.7480106100795756,1.0,0.2578125,1.0,3.611890459183718,205,15,190,0.07317073170731707,1.0,3.399457268390087,221,31,190,0.14027149321266968,1.0,3.6658810970290214,204,14,190,0.06862745098039216,1.0,3.423016326241443,218,28,190,0.12844036697247707,1.0,1.6147
nmix,nmix,250,200,0.6,20,93,560,370,190,258,68,190,0.6607142857142857,1.0,0.26356589147286824,1.0,926,736,190,303,113,190,0.7948164146868251,1.0,0.37293729372937295,1.0,3.6025848529184303,201,11,190,0.05472636815920398,1.0,3.394653401550367,217,27,190,0.12442396313364056,1.0,3.713785929861201,199,9,190,0.04522613065326633,1.0,3.462355649942761,209,19,190,0.09090909090909091,1.0,1.588155
nmix,nmix,250,200,0.6,20,94,556,366,190,251,63,188,0.658273381294964,1.0,0.250996015936255,0.9894736842105263,1030,840,190,283,95,188,0.8155339805825242,1.0,0.33568904593639576,0.9894736842105263,3.60382453193628,201,12,189,0.05970149253731343,0.9947368421052631,3.388191720886591,221,31,190,0.14027149321266968,1.0,3.6924829801875836,195,7,188,0.035897435897435895,0.9894736842105263,3.4533283098030347,213,23,190,0.107981220657277,1.0,1.712814
nmix,nmix,250,200,0.6,20,95,598,408,190,256,68,188,0.6822742474916388,1.0,0.265625,0.9894736842105263,1116,926,190,307,117,190,0.8297491039426523,1.0,0.3811074918566775,1.0,3.6052106041284064,196,8,188,0.04081632653061224,0.9894736842105263,3.414362995754367,207,17,190,0.0821256038647343,1.0,3.7197510297768726,195,7,188,0.035897435897435895,0.9894736842105263,3.443665900403756,206,16,190,0.07766990291262135,1.0,1.78972
nmix,nmix,250,200,0.6,20,96,596,406,190,238,55,183,0.6812080536912751,1.0,0.23109243697478993,0.9631578947368421,1095,905,190,278,92,186,0.8264840182648402,1.0,0.33093525179856115,0.9789473684210527,3.6265444327308,196,10,186,0.05102040816326531,0.9789473684210527,3.4399092307564225,207,19,188,0.09178743961352658,0.9894736842105263,3.6706393023180204,192,9,183,0.046875,0.9631578947368421,3.463647660108034,206,18,188,0.08737864077669903,0.9894736842105263,1.583539
nmix,nmix,250,200,0.6,20,97,619,429,190,253,63,190,0.6930533117932148,1.0,0.2490118577075099,1.0,1043,853,190,295,105,190,0.8178331735378715,1.0,0.3559322033898305,1.0,3.6749353976690666,199,9,190,0.04522613065326633,1.0,3.436240511992969,208,18,190,0.08653846153846154,1.0,3.6749353976690666,199,9,190,0.04522613065326633,1.0,3.4475293126038453,207,17,190,0.0821256038647343,1.0,1.590613
nmix,nmix,250,200,0.6,20,98,655,465,190,262,72,190,0.7099236641221374,1.0,0.2748091603053435,1.0,1146,956,190,311,121,190,0.8342059336823735,1.0,0.3890675241157556,1.0,3.6277747102426643,204,14,190,0.06862745098039216,1.0,3.427034923653111,209,19,190,0.09090909090909091,1.0,3.6503272243983877,202,12,190,0.0594059405940594,1.0,3.4440780051383064,208,18,190,0.08653846153846154,1.0,1.706894
nmix,nmix,250,200,0.6,20,99,618,429,189,245,56,189,0.6941747572815534,0.9947368421052631,0.22857142857142856,0.9947368421052631,1126,936,190,301,112,189,0.8312611012433393,1.0,0.37209302325581395,0.9947368421052631,3.6148641245293374,199,10,189,0.05025125628140704,0.9947368421052631,3.415052477799783,210,21,189,0.1,0.9947368421052631,3.7799359208910106,194,5,189,0.02577319587628866,0.9947368421052631,3.492487462840756,203,14,189,0.06896551724137931,0.9947368421052631,1.518203
nmix,nmix,250,200,0.6,20,100,570,380,190,249,60,189,0.6666666666666666,1.0,0.24096385542168675,0.9947368421052631,1003,813,190,283,93,190,0.810568295114656,1.0,0.3286219081272085,1.0,3.613010020273107,197,7,190,0.03553299492385787,1.0,3.4215304316732302,209,19,190,0.09090909090909091,1.0,3.703995376094903,196,6,190,0.030612244897959183,1.0,3.459963200436411,205,15,190,0.07317073170731707,1.0,1.711193
nmix,nmix,250,200,0.6,20,101,637,447,190,248,59,189,0.7017268445839875,1.0,0.23790322580645162,0.9947368421052631,1067,877,190,280,90,190,0.8219306466729147,1.0,0.32142857142857145,1.0,3.648341628333613,195,5,190,0.02564102564102564,1.0,3.403104178619559,209,19,190,0.09090909090909091,1.0,3.6860290891055767,194,4,190,0.020618556701030927,1.0,3.464379302328558,201,11,190,0.05472636815920398,1.0,1.815928
nmix,nmix,250,200,0.6,20,102,583,393,190,236,47,189,0.6740994854202401,1.0,0.19915254237288135,0.9947368421052631,1079,889,190,267,78,189,0.8239110287303059,1.0,0.29213483146067415,0.9947368421052631,3.616068695556388,199,10,189,0.05025125628140704,0.9947368421052631,3.413939939085933,207,17,190,0.0821256038647343,1.0,3.7291223086898917,196,7,189,0.03571428571428571,0.9947368421052631,3.4697383042266727,205,16,189,0.07804878048780488,0.9947368421052631,1.618413
nmix,nmix,250,200,0.6,20,103,736,546,190,288,98,190,0.7418478260869565,1.0,0.3402777777777778,1.0,1364,1174,190,339,149,190,0.8607038123167156,1.0,0.43952802359882004,1.0,3.610920506316898,206,16,190,0.07766990291262135,1.0,3.3926273163650325,219,29,190,0.1324200913242009,1.0,3.6551395194601364,205,15,190,0.07317073170731707,1.0,3.452587848083719,215,25,190,0.11627906976744186,1.0,1.604879
nmix,nmix,250,200,0.6,20,104,651,461,190,271,81,190,0.7081413210445469,1.0,0.2988929889298893,1.0,1132,942,190,303,113,190,0.8321554770318021,1.0,0.37293729372937295,1.0,3.5854025554807656,213,23,190,0.107981220657277,1.0,3.3944679851102433,225,35,190,0.15555555555555556,1.0,3.694838995933851,206,16,190,0.07766990291262135,1.0,3.469326653593506,221,31,190,0.14027149321266968,1.0,1.712222
nmix,nmix,250,200,0.6,20,105,586,396,190,245,57,188,0.6757679180887372,1.0,0.23265306122448978,0.9894736842105263,1045,855,190,277,88,189,0.8181818181818182,1.0,0.3176895306859206,0.9947368421052631,3.639612658929633,199,10,189,0.05025125628140704,0.9947368421052631,3.4605668693807448,207,17,190,0.0821256038647343,1.0,3.639612658929633,199,10,189,0.05025125628140704,0.9947368421052631,3.4605668693807448,207,17,190,0.0821256038647343,1.0,1.645977
nmix,nmix,250,200,0.6,20,106,681,491,190,286,97,189,0.7209985315712188,1.0,0.33916083916083917,0.9947368421052631,1235,1045,190,325,135,190,0.8461538461538461,1.0,0.4153846153846154,1.0,3.621081998300996,205,16,189,0.07804878048780488,0.9947368421052631,3.3908264969627453,220,30,190,0.13636363636363635,1.0,3.657368197927728,203,14,189,0.06896551724137931,0.9947368421052631,3.4623816411988044,215,25,190,0.11627906976744186,1.0,1.643078
nmix,nmix,250,200,0.6,20,107,599,409,190,265,75,190,0.6828046744574291,1.0,0.2830188679245283,1.0,1081,891,190,311,121,190,0.8242368177613321,1.0,0.3890675241157556,1.0,3.6692791329269423,202,12,190,0.0594059405940594,1.0,3.4181405591041303,214,24,190,0.11214953271028037,1.0,3.7235529732347046,201,11,190,0.05472636815920398,1.0,3.496478239846926,207,17,190,0.0821256038647343,1.0,1.754416
nmix,nmix,250,200,0.6,20,108,537,349,188,229,44,185,0.6499068901303539,0.9894736842105263,0.19213973799126638,0.9736842105263158,987,798,189,260,74,186,0.8085106382978723,0.9947368421052631,0.2846153846153846,0.9789473684210527,3.6202285608197284,196,10,186,0.05102040816326531,0.9789473684210527,3.458282217814718,198,12,186,0.06060606060606061,0.9789473684210527,3.633090941609974,195,9,186,0.046153846153846156,0.9789473684210527,3.458282217814718,198,12,186,0.06060606060606061,0.9789473684210527,1.684786
nmix,nmix,250,200,0.6,20,109,691,502,189,252,65,187,0.7264833574529667,0.9947368421052631,0.25793650793650796,0.9842105263157894,1207,1018,189,316,128,188,0.8434134217067109,0.9947368421052631,0.4050632911392405,0.9894736842105263,3.6020643180203797,200,12,188,0.06,0.9894736842105263,3.4326767015117774,211,22,189,0.10426540284360189,0.9947368421052631,3.713018028215674,194,6,188,0.030927835051546393,0.9894736842105263,3.4488713719124076,210,21,189,0.1,0.9947368421052631,1.636707
nmix,nmix,250,200,0.6,20,110,719,529,190,264,75,189,0.7357440890125174,1.0,0.2840909090909091,0.9947368421052631,1254,1064,190,310,121,189,0.8484848484848485,1.0,0.3903225806451613,0.9947368421052631,3.604476902718728,198,9,189,0.045454545454545456,0.9947368421052631,3.403775238619815,214,25,189,0.11682242990654206,0.9947368421052631,3.700701409011854,197,8,189,0.04060913705583756,0.9947368421052631,3.4228880962054125,209,20,189,0.09569377990430622,0.9947368421052631,1.596211
nmix,nmix,250,200,0.6,20,111,570,382,188,254,67,187,0.6701754385964912,0.9894736842105263,0.2637795275590551,0.9842105263157894,983,793,190,298,111,187,0.8067141403865717,1.0,0.3724832214765101,0.9842105263157894,3.593657661414382,203,16,187,0.07881773399014778,0.9842105263157894,3.403783984570174,212,24,188,0.11320754716981132,0.9894736842105263,3.676618547556342,199,12,187,0.06030150753768844,0.9842105263157894,3.5626503023270404,206,19,187,0.09223300970873786,0.9842105263157894,1.716462
nmix,nmix,250,200,0.6,20,112,420,231,189,226,40,186,0.55,0.9947368421052631,0.17699115044247787,0.9789473684210527,772,583,189,249,61,188,0.7551813471502591,0.9947368421052631,0.24497991967871485,0.9894736842105263,3.622227423755076,195,7,188,0.035897435897435895,0.9894736842105263,3.412499040143753,207,19,188,0.09178743961352658,0.9894736842105263,3.622227423755076,195,7,188,0.035897435897435895,0.9894736842105263,3.4246986247952957,203,15,188,0.07389162561576355,0.9894736842105263,1.575724
nmix,nmix,250,200,0.6,20,113,450,260,190,228,38,190,0.5777777777777777,1.0,0.16666666666666666,1.0,794,604,190,256,66,190,0.760705289672544,1.0,0.2578125,1.0,3.6610930496461562,199,9,190,0.04522613065326633,1.0,3.458949865304315,208,18,190,0.08653846153846154,1.0,3.7157525172317842,198,8,190,0.04040404040404041,1.0,3.478103338922899,207,17,190,0.0821256038647343,1.0,1.769343
nmix,nmix,250,200,0.6,20,114,813,623,190,282,104,178,0.7662976629766297,1.0,0.36879432624113473,0.9368421052631579,1460,1270,190,331,149,182,0.8698630136986302,1.0,0.4501510574018127,0.9578947368421052,3.6158300107747494,193,15,178,0.07772020725388601,0.9368421052631579,3.400481015198893,210,27,183,0.12857142857142856,0.9631578947368421,3.711863577607788,188,11,177,0.05851063829787234,0.9315789473684211,3.4962073622798635,202,21,181,0.10396039603960396,0.9526315789473684,1.56672
nmix,nmix,250,200,0.6,20,115,593,403,190,241,53,188,0.6795952782462057,1.0,0.21991701244813278,0.9894736842105263,1018,828,190,285,95,190,0.8133595284872298,1.0,0.3333333333333333,1.0,3.6110385680994233,202,12,190,0.0594059405940594,1.0,3.39825943565916,215,25,190,0.11627906976744186,1.0,3.6688764202068134,200,10,190,0.05,1.0,3.4483377496683727,209,19,190,0.09090909090909091,1.0,1.791218
nmix,nmix,250,200,0.6,20,116,549,359,190,237,47,190,0.6539162112932605,1.0,0.19831223628691982,1.0,945,755,190,273,83,190,0.798941798941799,1.0,0.304029304029304,1.0,3.6591434897550363,202,12,190,0.0594059405940594,1.0,3.396224765412542,215,25,190,0.11627906976744186,1.0,3.6859789591394154,201,11,190,0.05472636815920398,1.0,3.49210125599449,206,16,190,0.07766990291262135,1.0,1.624863
nmix,nmix,250,200,0.6,20,117,749,559,190,275,86,189,0.7463284379172229,1.0,0.31272727272727274,0.9947368421052631,1313,1123,190,314,125,189,0.8552932216298553,1.0,0.3980891719745223,0.9947368421052631,3.625279734776578,199,10,189,0.05025125628140704,0.9947368421052631,3.420431637034006,211,21,190,0.0995260663507109,1.0,3.657461135903176,198,9,189,0.045454545454545456,0.9947368421052631,3.468498734986099,208,18,190,0.08653846153846154,1.0,1.525506
nmix,nmix,250,200,0.6,20,118,583,393,190,244,54,190,0.6740994854202401,1.0,0.22131147540983606,1.0,1095,905,190,295,105,190,0.8264840182648402,1.0,0.3559322033898305,1.0,3.611915612946417,195,5,190,0.02564102564102564,1.0,3.403703280008314,208,18,190,0.08653846153846154,1.0,3.694814493929644,193,3,190,0.015544041450777202,1.0,3.472085464064897,201,11,190,0.05472636815920398,1.0,1.762962
nmix,nmix,250,200,0.6,20,119,524,334,190,240,52,188,0.6374045801526718,1.0,0.21666666666666667,0.9894736842105263,946,756,190,276,87,189,0.7991543340380549,1.0,0.31521739130434784,0.9947368421052631,3.6373846164292374,197,9,188,0.04568527918781726,0.9894736842105263,3.4124736871283354,210,20,190,0.09523809523809523,1.0,3.6373846164292374,197,9,188,0.04568527918781726,0.9894736842105263,3.4317344020467284,207,17,190,0.0821256038647343,1.0,1.550827
nmix,nmix,250,200,0.6,20,120,749,559,190,274,86,188,0.7463284379172229,1.0,0.31386861313868614,0.9894736842105263,1313,1123,190,318,128,190,0.8552932216298553,1.0,0.4025157232704403,1.0,3.60164773494426,208,20,188,0.09615384615384616,0.9894736842105263,3.3905773005454836,220,30,190,0.13636363636363635,1.0,3.6604036028083753,202,14,188,0.06930693069306931,0.9894736842105263,3.4479157149050716,217,28,189,0.12903225806451613,0.9947368421052631,1.768295
nmix,nmix,250,200,0.6,20,121,581,392,189,235,59,176,0.6746987951807228,0.9947368421052631,0.251063829787234,0.9263157894736842,981,791,190,269,91,178,0.8063200815494393,1.0,0.3382899628252788,0.9368421052631579,3.6528803658139775,186,9,177,0.04838709677419355,0.9315789473684211,3.415506909470645,206,22,184,0.10679611650485436,0.968421052631579,3.6528803658139775,186,9,177,0.04838709677419355,0.9315789473684211,3.4378358833189218,202,21,181,0.10396039603960396,0.9526315789473684,1.700343
nmix,nmix,250,200,0.6,20,122,760,570,190,266,80,186,0.75,1.0,0.3007518796992481,0.9789473684210527,1288,1098,190,327,139,188,0.8524844720496895,1.0,0.42507645259938837,0.9894736842105263,3.6084780064695785,197,10,187,0.050761421319796954,0.9842105263157894,3.414193097310781,207,19,188,0.09178743961352658,0.9894736842105263,3.67919981117304,190,4,186,0.021052631578947368,0.9789473684210527,3.4491123467476843,204,16,188,0.0784313725490196,0.9894736842105263,1.609557
nmix,nmix,250,200,0.6,20,123,888,698,190,285,98,187,0.786036036036036,1.0,0.34385964912280703,0.9842105263157894,1605,1415,190,356,169,187,0.881619937694704,1.0,0.4747191011235955,0.9842105263157894,3.599858387928674,199,12,187,0.06030150753768844,0.9842105263157894,3.4087071669920475,207,20,187,0.0966183574879227,0.9842105263157894,3.7146494148228104,195,8,187,0.041025641025641026,0.9842105263157894,3.576510168173848,202,15,187,0.07425742574257425,0.9842105263157894,1.557578
nmix,nmix,250,200,0.6,20,124,653,467,186,238,68,170,0.7151607963246555,0.9789473684210527,0.2857142857142857,0.8947368421052632,1119,930,189,303,129,174,0.8310991957104558,0.9947368421052631,0.42574257425742573,0.9157894736842105,3.654051479555339,177,7,170,0.03954802259887006,0.8947368421052632,3.431761810069394,198,24,174,0.12121212121212122,0.9157894736842105,3.674955770138893,175,6,169,0.03428571428571429,0.8894736842105263,3.4842052511952737,192,18,174,0.09375,0.9157894736842105,1.685545
nmix,nmix,250,200,0.6,20,125,587,397,190,256,66,190,0.676320272572402,1.0,0.2578125,1.0,1024,834,190,284,94,190,0.814453125,1.0,0.33098591549295775,1.0,3.6219885122915163,199,9,190,0.04522613065326633,1.0,3.407414356866855,213,23,190,0.107981220657277,1.0,3.678210273988564,197,7,190,0.03553299492385787,1.0,3.4460243137529174,211,21,190,0.0995260663507109,1.0,1.733633
nmix,nmix,250,200,0.6,20,126,571,382,189,228,45,183,0.6690017513134852,0.9947368421052631,0.19736842105263158,0.9631578947368421,987,797,190,252,69,183,0.8074974670719351,1.0,0.27380952380952384,0.9631578947368421,3.6348306540019597,188,5,183,0.026595744680851064,0.9631578947368421,3.418313297154325,200,15,185,0.075,0.9736842105263158,3.662710838128165,187,5,182,0.026737967914438502,0.9578947368421052,3.4398036618569177,198,13,185,0.06565656565656566,0.9736842105263158,1.76558
nmix,nmix,250,200,0.6,20,127,718,528,190,273,83,190,0.7353760445682451,1.0,0.304029304029304,1.0,1306,1116,190,319,129,190,0.8545176110260337,1.0,0.4043887147335423,1.0,3.58389385027413,212,22,190,0.10377358490566038,1.0,3.385694451557633,223,33,190,0.14798206278026907,1.0,3.6753577727444626,205,15,190,0.07317073170731707,1.0,3.5151936731332487,214,24,190,0.11214953271028037,1.0,1.637409
nmix,nmix,250,200,0.6,20,128,596,407,189,247,60,187,0.6828859060402684,0.9947368421052631,0.242914979757085,0.9842105263157894,1092,902,190,300,112,188,0.826007326007326,1.0,0.37333333333333335,0.9894736842105263,3.6085156233056987,196,8,188,0.04081632653061224,0.9894736842105263,3.4093627155483226,206,17,189,0.0825242718446602,0.9947368421052631,3.720331871944325,195,7,188,0.035897435897435895,0.9894736842105263,3.468336889137433,203,15,188,0.07389162561576355,0.9894736842105263,1.701901
nmix,nmix,250,200,0.6,20,129,758,572,186,256,93,163,0.7546174142480211,0.9789473684210527,0.36328125,0.8578947368421053,1283,1095,188,300,127,173,0.8534684333593141,0.9894736842105263,0.42333333333333334,0.9105263157894737,3.6497847859993464,170,12,158,0.07058823529411765,0.8315789473684211,3.417349664131362,197,27,170,0.13705583756345177,0.8947368421052632,3.698832122154556,168,10,158,0.05952380952380952,0.8315789473684211,3.4378251833506037,194,26,168,0.13402061855670103,0.8842105263157894,1.627894
nmix,nmix,250,200,0.6,20,130,763,573,190,288,98,190,0.7509829619921363,1.0,0.3402777777777778,1.0,1392,1202,190,348,158,190,0.8635057471264368,1.0,0.4540229885057471,1.0,3.608485433222104,201,11,190,0.05472636815920398,1.0,3.408769548925587,213,23,190,0.107981220657277,1.0,3.6879721253726565,197,7,190,0.03553299492385787,1.0,3.52576140395843,208,18,190,0.08653846153846154,1.0,1.622126
nmix,nmix,250,200,0.6,20,131,623,434,189,238,54,184,0.6966292134831461,0.9947368421052631,0.226890756302521,0.968421052631579,1105,915,190,281,96,185,0.8280542986425339,1.0,0.3416370106761566,0.9736842105263158,3.6297364479136616,192,7,185,0.036458333333333336,0.9736842105263158,3.4317093420129794,203,18,185,0.08866995073891626,0.9736842105263158,3.6377490640621013,191,7,184,0.03664921465968586,0.968421052631579,3.4317093420129794,203,18,185,0.08866995073891626,0.9736842105263158,1.712634
nmix,nmix,250,200,0.6,20,132,768,578,190,266,88,178,0.7526041666666666,1.0,0.3308270676691729,0.9368421052631579,1384,1194,190,321,136,185,0.8627167630057804,1.0,0.4236760124610592,0.9736842105263158,3.6661246980319393,185,10,175,0.05405405405405406,0.9210526315789473,3.4090535111176132,207,25,182,0.12077294685990338,0.9578947368421052,3.6661246980319393,185,10,175,0.05405405405405406,0.9210526315789473,3.4367297958840024,204,23,181,0.11274509803921569,0.9526315789473684,1.722199
nmix,nmix,250,200,0.6,20,133,947,757,190,326,136,190,0.7993664202745512,1.0,0.4171779141104294,1.0,1701,1511,190,388,198,190,0.8883009994121105,1.0,0.5103092783505154,1.0,3.599268472283452,204,14,190,0.06862745098039216,1.0,3.4107540743184552,217,27,190,0.12442396313364056,1.0,3.717982193795366,199,9,190,0.04522613065326633,1.0,3.513942786922479,207,17,190,0.0821256038647343,1.0,1.658512
nmix,nmix,250,200,0.6,20,134,494,304,190,230,40,190,0.6153846153846154,1.0,0.17391304347826086,1.0,820,630,190,254,64,190,0.7682926829268293,1.0,0.25196850393700787,1.0,3.651953584530027,201,11,190,0.05472636815920398,1.0,3.4076917004574505,210,20,190,0.09523809523809523,1.0,3.651953584530027,201,11,190,0.05472636815920398,1.0,3.4456372810960327,208,18,190,0.08653846153846154,1.0,1.608226
nmix,nmix,250,200,0.6,20,135,649,459,190,253,63,190,0.7072419106317411,1.0,0.2490118577075099,1.0,1200,1010,190,281,91,190,0.8416666666666667,1.0,0.3238434163701068,1.0,3.659953363252738,197,7,190,0.03553299492385787,1.0,3.411654843108274,206,16,190,0.07766990291262135,1.0,3.6726808296684794,196,6,190,0.030612244897959183,1.0,3.475729042558218,204,14,190,0.06862745098039216,1.0,1.621986
nmix,nmix,250,200,0.6,20,136,676,486,190,246,62,184,0.7189349112426036,1.0,0.25203252032520324,0.968421052631579,1205,1015,190,291,106,185,0.8423236514522822,1.0,0.3642611683848797,0.9736842105263158,3.618232086790774,192,8,184,0.041666666666666664,0.968421052631579,3.4693871387520527,199,12,187,0.06030150753768844,0.9842105263157894,3.7083884774469835,187,4,183,0.0213903743315508,0.9631578947368421,3.4885158137689296,197,11,186,0.05583756345177665,0.9789473684210527,1.577461
nmix,nmix,250,200,0.6,20,137,619,429,190,272,83,189,0.6930533117932148,1.0,0.30514705882352944,0.9947368421052631,1068,878,190,315,125,190,0.8220973782771536,1.0,0.3968253968253968,1.0,3.6121639077480436,206,17,189,0.0825242718446602,0.9947368421052631,3.384737373093745,222,32,190,0.14414414414414414,1.0,3.688416448756784,199,10,189,0.05025125628140704,0.9947368421052631,3.4577027386418484,215,25,190,0.11627906976744186,1.0,1.574562
nmix,nmix,250,200,0.6,20,138,650,460,190,253,67,186,0.7076923076923077,1.0,0.2648221343873518,0.9789473684210527,1102,912,190,294,107,187,0.8275862068965517,1.0,0.36394557823129253,0.9842105263157894,3.6094958868681966,197,10,187,0.050761421319796954,0.9842105263157894,3.399605972821474,212,24,188,0.11320754716981132,0.9894736842105263,3.6474945667601535,194,8,186,0.041237113402061855,0.9789473684210527,3.4439836982550456,209,21,188,0.10047846889952153,0.9894736842105263,1.850215
nmix,nmix,250,200,0.6,20,139,697,507,190,271,81,190,0.727403156384505,1.0,0.2988929889298893,1.0,1165,975,190,309,119,190,0.8369098712446352,1.0,0.3851132686084142,1.0,3.6181905857387098,205,15,190,0.07317073170731707,1.0,3.3964474976083268,221,31,190,0.14027149321266968,1.0,3.6627331942661248,203,13,190,0.06403940886699508,1.0,3.4454831439750637,219,29,190,0.1324200913242009,1.0,1.543658
nmix,nmix,250,200,0.6,20,140,573,386,187,242,63,179,0.6736474694589878,0.9842105263157894,0.2603305785123967,0.9421052631578948,1034,845,189,280,98,182,0.8172147001934236,0.9947368421052631,0.35,0.9578947368421052,3.626558422402376,193,11,182,0.05699481865284974,0.9578947368421052,3.4066792047434773,207,24,183,0.11594202898550725,0.9631578947368421,3.6422771675044414,192,10,182,0.052083333333333336,0.9578947368421052,3.5215820915913842,200,18,182,0.09,0.9578947368421052,1.741277
nmix,nmix,250,200,0.6,20,141,590,400,190,256,66,190,0.6779661016949152,1.0,0.2578125,1.0,1077,887,190,287,97,190,0.8235840297121634,1.0,0.33797909407665505,1.0,3.623631932709003,199,9,190,0.04522613065326633,1.0,3.407193330544603,208,18,190,0.08653846153846154,1.0,3.623631932709003,199,9,190,0.04522613065326633,1.0,3.4209522983941456,207,17,190,0.0821256038647343,1.0,1.665448
nmix,nmix,250,200,0.6,20,142,574,384,190,235,45,190,0.6689895470383276,1.0,0.19148936170212766,1.0,1039,849,190,273,83,190,0.8171318575553417,1.0,0.304029304029304,1.0,3.6002808415842695,200,10,190,0.05,1.0,3.4058633463936046,208,18,190,0.08653846153846154,1.0,3.6616468296957265,199,9,190,0.04522613065326633,1.0,3.4639714386521874,205,15,190,0.07317073170731707,1.0,1.60807
nmix,nmix,250,200,0.6,20,143,538,348,190,241,51,190,0.6468401486988847,1.0,0.21161825726141079,1.0,914,724,190,271,81,190,0.7921225382932167,1.0,0.2988929889298893,1.0,3.5982121657335635,201,11,190,0.05472636815920398,1.0,3.433324608957072,212,22,190,0.10377358490566038,1.0,3.6807133188214665,199,9,190,0.04522613065326633,1.0,3.433324608957072,212,22,190,0.10377358490566038,1.0,1.554711
nmix,nmix,250,200,0.6,20,144,667,477,190,253,64,189,0.7151424287856072,1.0,0.25296442687747034,0.9947368421052631,1124,934,190,299,110,189,0.8309608540925267,1.0,0.36789297658862874,0.9947368421052631,3.608009747071268,194,5,189,0.02577319587628866,0.9947368421052631,3.428705732484033,202,12,190,0.0594059405940594,1.0,3.6706388658047864,192,3,189,0.015625,0.9947368421052631,3.480406012014888,198,9,189,0.045454545454545456,0.9947368421052631,1.752832
nmix,nmix,250,200,0.6,20,145,584,394,190,253,63,190,0.6746575342465754,1.0,0.2490118577075099,1.0,1059,869,190,280,90,190,0.8205854579792257,1.0,0.32142857142857145,1.0,3.5875129917837736,209,19,190,0.09090909090909091,1.0,3.3973328594614807,217,27,190,0.12442396313364056,1.0,3.641665222115257,204,14,190,0.06862745098039216,1.0,3.436345865914031,213,23,190,0.107981220657277,1.0,1.844193
nmix,nmix,250,200,0.6,20,146,676,486,190,248,66,182,0.7189349112426036,1.0,0.2661290322580645,0.9578947368421052,1231,1041,190,305,119,186,0.8456539398862714,1.0,0.3901639344262295,0.9789473684210527,3.610394300720526,194,9,185,0.04639175257731959,0.9736842105263158,3.4188646174648416,208,21,187,0.10096153846153846,0.9842105263157894,3.6596884962692022,192,7,185,0.036458333333333336,0.9736842105263158,3.4580054333176617,205,18,187,0.08780487804878048,0.9842105263157894,1.60044
nmix,nmix,250,200,0.6,20,147,531,343,188,236,50,186,0.6459510357815442,0.9894736842105263,0.211864406779661,0.9789473684210527,894,704,190,275,89,186,0.7874720357941835,1.0,0.3236363636363636,0.9789473684210527,3.6235142930730166,196,10,186,0.05102040816326531,0.9789473684210527,3.408904067801834,209,22,187,0.10526315789473684,0.9842105263157894,3.6817975033899932,195,9,186,0.046153846153846156,0.9789473684210527,3.467427038911688,205,18,187,0.08780487804878048,0.9842105263157894,1.615059
nmix,nmix,250,200,0.6,20,148,734,545,189,258,72,186,0.7425068119891008,0.9947368421052631,0.27906976744186046,0.9789473684210527,1219,1030,189,301,114,187,0.844954881050041,0.9947368421052631,0.3787375415282392,0.9842105263157894,3.6266371430921382,201,15,186,0.07462686567164178,0.9789473684210527,3.398485503353653,217,30,187,0.1382488479262673,0.9842105263157894,3.6726281392575095,198,12,186,0.06060606060606061,0.9789473684210527,3.486257875737008,211,24,187,0.11374407582938388,0.9842105263157894,1.630672
nmix,nmix,250,200,0.6,20,149,688,498,190,268,79,189,0.7238372093023255,1.0,0.2947761194029851,0.9947368421052631,1246,1056,190,319,129,190,0.8475120385232745,1.0,0.4043887147335423,1.0,3.6692760482403544,195,6,189,0.03076923076923077,0.9947368421052631,3.4142379523131114,208,18,190,0.08653846153846154,1.0,3.6965348401171494,194,5,189,0.02577319587628866,0.9947368421052631,3.470734877164397,204,14,190,0.06862745098039216,1.0,1.638779
nmix,nmix,250,200,0.6,20,150,635,445,190,246,57,189,0.7007874015748031,1.0,0.23170731707317074,0.9947368421052631,1183,993,190,276,87,189,0.8393913778529163,1.0,0.31521739130434784,0.9947368421052631,3.6393142388312354,199,10,189,0.05025125628140704,0.9947368421052631,3.4102097385387506,208,18,190,0.08653846153846154,1.0,3.6393142388312354,199,10,189,0.05025125628140704,0.9947368421052631,3.444866653728487,205,16,189,0.07804878048780488,0.9947368421052631,1.602359
nmix,nmix,250,200,0.6,20,151,579,389,190,237,50,187,0.6718480138169257,1.0,0.2109704641350211,0.9842105263157894,1050,860,190,285,97,188,0.819047619047619,1.0,0.34035087719298246,0.9894736842105263,3.6096665724347026,195,7,188,0.035897435897435895,0.9894736842105263,3.4151925546717488,208,19,189,0.09134615384615384,0.9947368421052631,3.67954732296686,193,5,188,0.025906735751295335,0.9894736842105263,3.4750299341481345,203,15,188,0.07389162561576355,0.9894736842105263,1.848843
nmix,nmix,250,200,0.6,20,152,651,461,190,254,64,190,0.7081413210445469,1.0,0.25196850393700787,1.0,1109,919,190,305,115,190,0.8286744815148782,1.0,0.3770491803278688,1.0,3.5926761239050324,204,14,190,0.06862745098039216,1.0,3.4016176284227027,212,22,190,0.10377358490566038,1.0,3.6594682470236015,201,11,190,0.05472636815920398,1.0,3.444593131391266,209,19,190,0.09090909090909091,1.0,1.604031
nmix,nmix,250,200,0.6,20,153,745,557,188,273,86,187,0.7476510067114094,0.9894736842105263,0.315018315018315,0.9842105263157894,1349,1160,189,334,146,188,0.859896219421794,0.9947368421052631,0.437125748502994,0.9894736842105263,3.6093827399915264,202,14,188,0.06930693069306931,0.9894736842105263,3.4432733502080546,209,21,188,0.10047846889952153,0.9894736842105263,3.6365260914580193,200,12,188,0.06,0.9894736842105263,3.4432733502080546,209,21,188,0.10047846889952153,0.9894736842105263,1.654699
nmix,nmix,250,200,0.6,20,154,665,475,190,251,61,190,0.7142857142857143,1.0,0.24302788844621515,1.0,1193,1003,190,296,106,190,0.8407376362112322,1.0,0.3581081081081081,1.0,3.6299442385410265,194,4,190,0.020618556701030927,1.0,3.429558543576874,204,14,190,0.06862745098039216,1.0,3.8188274623411806,193,3,190,0.015544041450777202,1.0,3.474563240644076,203,13,190,0.06403940886699508,1.0,1.505307
nmix,nmix,250,200,0.6,20,155,522,332,190,247,62,185,0.6360153256704981,1.0,0.25101214574898784,0.9736842105263158,1006,816,190,275,88,187,0.8111332007952287,1.0,0.32,0.9842105263157894,3.6174685484575,193,7,186,0.03626943005181347,0.9789473684210527,3.405523898653034,212,22,190,0.10377358490566038,1.0,3.720500063412031,191,5,186,0.02617801047120419,0.9789473684210527,3.4461548052861377,208,19,189,0.09134615384615384,0.9947368421052631,1.801621
nmix,nmix,250,200,0.6,20,156,638,449,189,249,63,186,0.7037617554858934,0.9947368421052631,0.25301204819277107,0.9789473684210527,1216,1026,190,302,116,186,0.84375,1.0,0.3841059602649007,0.9789473684210527,3.6033588331309034,196,10,186,0.05102040816326531,0.9789473684210527,3.393870930233487,216,29,187,0.13425925925925927,0.9842105263157894,3.7287111327741544,193,7,186,0.03626943005181347,0.9789473684210527,3.466740042080941,209,23,186,0.11004784688995216,0.9789473684210527,1.632479
nmix,nmix,250,200,0.6,20,157,629,440,189,232,49,183,0.699523052464229,0.9947368421052631,0.21120689655172414,0.9631578947368421,1138,949,189,274,89,185,0.8339191564147628,0.9947368421052631,0.3248175182481752,0.9736842105263158,3.678306101372374,188,4,184,0.02127659574468085,0.968421052631579,3.4219849601323995,202,15,187,0.07425742574257425,0.9842105263157894,3.678306101372374,188,4,184,0.02127659574468085,0.968421052631579,3.4513044619606807,198,12,186,0.06060606060606061,0.9789473684210527,1.673819
nmix,nmix,250,200,0.6,20,158,770,580,190,286,97,189,0.7532467532467533,1.0,0.33916083916083917,0.9947368421052631,1418,1228,190,347,157,190,0.8660084626234132,1.0,0.45244956772334294,1.0,3.6001748104529243,202,13,189,0.06435643564356436,0.9947368421052631,3.411721286788812,220,30,190,0.13636363636363635,1.0,3.7185664418442883,200,11,189,0.055,0.9947368421052631,3.4398033545688387,216,26,190,0.12037037037037036,1.0,1.718471
nmix,nmix,250,200,0.6,20,159,594,404,190,252,63,189,0.6801346801346801,1.0,0.25,0.9947368421052631,1065,875,190,290,100,190,0.8215962441314554,1.0,0.3448275862068966,1.0,3.672245096221047,200,10,190,0.05,1.0,3.4084527408597443,210,20,190,0.09523809523809523,1.0,3.7083427421151653,196,6,190,0.030612244897959183,1.0,3.503318031316155,205,15,190,0.07317073170731707,1.0,1.557243
nmix,nmix,250,200,0.6,20,160,517,327,190,232,42,190,0.632495164410058,1.0,0.1810344827586207,1.0,935,745,190,260,70,190,0.7967914438502673,1.0,0.2692307692307692,1.0,3.619848462731746,206,16,190,0.07766990291262135,1.0,3.4246168634937875,211,21,190,0.0995260663507109,1.0,3.6760644945944922,202,12,190,0.0594059405940594,1.0,3.4753222976174905,208,18,190,0.08653846153846154,1.0,1.60028
nmix,nmix,250,200,0.6,20,161,588,398,190,228,47,181,0.6768707482993197,1.0,0.20614035087719298,0.9526315789473684,1035,845,190,275,92,183,0.8164251207729468,1.0,0.33454545454545453,0.9631578947368421,3.6258363102105893,189,6,183,0.031746031746031744,0.9631578947368421,3.409063422050245,204,19,185,0.09313725490196079,0.9736842105263158,3.688294034248748,187,6,181,0.03208556149732621,0.9526315789473684,3.4321333878241465,200,16,184,0.08,0.968421052631579,1.647805
nmix,nmix,250,200,0.6,20,162,684,498,186,242,66,176,0.7280701754385965,0.9789473684210527,0.2727272727272727,0.9263157894736842,1246,1059,187,294,116,178,0.8499197431781701,0.9842105263157894,0.3945578231292517,0.9368421052631579,3.711673119918305,183,7,176,0.03825136612021858,0.9263157894736842,3.4090733889657705,203,24,179,0.11822660098522167,0.9421052631578948,3.711673119918305,183,7,176,0.03825136612021858,0.9263157894736842,3.461070796019802,199,20,179,0.10050251256281408,0.9421052631578948,1.679745
nmix,nmix,250,200,0.6,20,163,569,379,190,242,55,187,0.6660808435852372,1.0,0.22727272727272727,0.9842105263157894,892,702,190,275,87,188,0.7869955156950673,1.0,0.31636363636363635,0.9894736842105263,3.6144504177500245,193,6,187,0.031088082901554404,0.9842105263157894,3.4200377025519577,205,16,189,0.07804878048780488,0.9947368421052631,3.76968245447906,192,5,187,0.026041666666666668,0.9842105263157894,3.4200377025519577,205,16,189,0.07804878048780488,0.9947368421052631,1.667974
nmix,nmix,250,200,0.6,20,164,575,387,188,246,63,183,0.6730434782608695,0.9894736842105263,0.25609756097560976,0.9631578947368421,1071,881,190,283,99,184,0.8225957049486461,1.0,0.3498233215547703,0.968421052631579,3.6696246600682914,195,11,184,0.05641025641025641,0.968421052631579,3.4200668410940804,205,19,186,0.09268292682926829,0.9789473684210527,3.6696246600682914,195,11,184,0.05641025641025641,0.968421052631579,3.460480796472777,202,17,185,0.08415841584158416,0.9736842105263158,1.657741
nmix,nmix,250,200,0.6,20,165,571,383,188,241,59,182,0.670753064798599,0.9894736842105263,0.24481327800829875,0.9578947368421052,1076,886,190,273,90,183,0.8234200743494424,1.0,0.32967032967032966,0.9631578947368421,3.6031903308094555,196,14,182,0.07142857142857142,0.9578947368421052,3.424328465679365,208,24,184,0.11538461538461539,0.968421052631579,3.662855794142738,193,11,182,0.05699481865284974,0.9578947368421052,3.483431637878324,201,17,184,0.0845771144278607,0.968421052631579,1.843083
nmix,nmix,250,200,0.6,20,166,661,472,189,261,79,182,0.7140695915279879,0.9947368421052631,0.30268199233716475,0.9578947368421052,1121,932,189,317,132,185,0.8314005352363961,0.9947368421052631,0.416403785488959,0.9736842105263158,3.6177221758536837,193,12,181,0.06217616580310881,0.9526315789473684,3.4037810793941428,211,27,184,0.12796208530805686,0.968421052631579,3.709187527303731,190,9,181,0.04736842105263158,0.9526315789473684,3.5102810841630445,197,15,182,0.07614213197969544,0.9578947368421052,1.553353
nmix,nmix,250,200,0.6,20,167,600,410,190,246,59,187,0.6833333333333333,1.0,0.23983739837398374,0.9842105263157894,1059,869,190,279,90,189,0.8205854579792257,1.0,0.3225806451612903,0.9947368421052631,3.617773330718961,199,10,189,0.05025125628140704,0.9947368421052631,3.3947934398027324,214,25,189,0.11682242990654206,0.9947368421052631,3.703509147883562,196,8,188,0.04081632653061224,0.9894736842105263,3.5150111392654586,207,18,189,0.08695652173913043,0.9947368421052631,1.634754
nmix,nmix,250,200,0.6,20,168,665,476,189,237,48,189,0.7157894736842105,0.9947368421052631,0.20253164556962025,0.9947368421052631,1194,1004,190,272,83,189,0.8408710217755444,1.0,0.30514705882352944,0.9947368421052631,3.639206639835958,203,14,189,0.06896551724137931,0.9947368421052631,3.3911061246530934,217,28,189,0.12903225806451613,0.9947368421052631,3.689176935912346,201,12,189,0.05970149253731343,0.9947368421052631,3.4591359683094853,213,24,189,0.11267605633802817,0.9947368421052631,1.653447
nmix,nmix,250,200,0.6,20,169,635,446,189,251,63,188,0.7023622047244095,0.9947368421052631,0.250996015936255,0.9894736842105263,1054,864,190,295,106,189,0.8197343453510436,1.0,0.3593220338983051,0.9947368421052631,3.604886059143163,204,15,189,0.07352941176470588,0.9947368421052631,3.3987521974297747,217,28,189,0.12903225806451613,0.9947368421052631,3.6836394315271894,200,12,188,0.06,0.9894736842105263,3.465814294441455,211,22,189,0.10426540284360189,0.9947368421052631,1.744152
nmix,nmix,250,200,0.6,20,170,738,548,190,272,88,184,0.7425474254742548,1.0,0.3235294117647059,0.968421052631579,1257,1067,190,320,135,185,0.8488464598249801,1.0,0.421875,0.9736842105263158,3.6092771014146114,198,14,184,0.0707070707070707,0.968421052631579,3.4145636393700145,207,22,185,0.10628019323671498,0.9736842105263158,3.635629530345684,197,13,184,0.06598984771573604,0.968421052631579,3.4574678883474754,206,21,185,0.10194174757281553,0.9736842105263158,1.645188
nmix,nmix,250,200,0.6,20,171,485,298,187,216,40,176,0.6144329896907217,0.9842105263157894,0.18518518518518517,0.9263157894736842,839,650,189,233,54,179,0.7747318235995232,0.9947368421052631,0.2317596566523605,0.9421052631578948,3.6177880809158416,185,8,177,0.043243243243243246,0.9315789473684211,3.4055417391791707,207,22,185,0.10628019323671498,0.9736842105263158,3.663125234764061,184,7,177,0.03804347826086957,0.9315789473684211,3.4392824111990854,202,20,182,0.09900990099009901,0.9578947368421052,1.737217
nmix,nmix,250,200,0.6,20,172,603,416,187,242,61,181,0.6898839137645107,0.9842105263157894,0.25206611570247933,0.9526315789473684,1035,847,188,278,95,183,0.8183574879227054,0.9894736842105263,0.34172661870503596,0.9631578947368421,3.6329366007329695,187,5,182,0.026737967914438502,0.9578947368421052,3.42032524155163,199,16,183,0.08040201005025126,0.9631578947368421,3.6776708608004087,186,4,182,0.021505376344086023,0.9578947368421052,3.4826707347622037,196,13,183,0.0663265306122449,0.9631578947368421,1.599106
nmix,nmix,250,200,0.6,20,173,578,388,190,231,47,184,0.671280276816609,1.0,0.20346320346320346,0.968421052631579,993,803,190,271,84,187,0.8086606243705942,1.0,0.30996309963099633,0.9842105263157894,3.6200746745263674,197,9,188,0.04568527918781726,0.9894736842105263,3.3967827019274774,216,27,189,0.125,0.9947368421052631,3.6941574309773992,196,8,188,0.04081632653061224,0.9894736842105263,3.454752103495423,209,20,189,0.09569377990430622,0.9947368421052631,1.589171
nmix,nmix,250,200,0.6,20,174,603,413,190,243,59,184,0.6849087893864013,1.0,0.24279835390946503,0.968421052631579,1125,935,190,286,100,186,0.8311111111111111,1.0,0.34965034965034963,0.9789473684210527,3.6643530308491785,188,3,185,0.015957446808510637,0.9736842105263158,3.414896465803747,203,16,187,0.07881773399014778,0.9842105263157894,3.6643530308491785,188,3,185,0.015957446808510637,0.9736842105263158,3.4704759085836545,201,14,187,0.06965174129353234,0.9842105263157894,1.595714
nmix,nmix,250,200,0.6,20,175,653,463,190,262,74,188,0.7090352220520674,1.0,0.2824427480916031,0.9894736842105263,1135,945,190,314,125,189,0.8325991189427313,1.0,0.3980891719745223,0.9947368421052631,3.6290335367782047,200,11,189,0.055,0.9947368421052631,3.405303361705486,213,24,189,0.11267605633802817,0.9947368421052631,3.6620750159373503,198,10,188,0.050505050505050504,0.9894736842105263,3.4610001675999604,207,18,189,0.08695652173913043,0.9947368421052631,1.805235
nmix,nmix,250,200,0.6,20,176,585,395,190,245,58,187,0.6752136752136753,1.0,0.23673469387755103,0.9842105263157894,1096,906,190,280,92,188,0.8266423357664233,1.0,0.32857142857142857,0.9894736842105263,3.6353052613838144,203,15,188,0.07389162561576355,0.9894736842105263,3.3936605097021366,217,28,189,0.12903225806451613,0.9947368421052631,3.6808945056788875,199,11,188,0.05527638190954774,0.9894736842105263,3.4610369207053506,214,25,189,0.11682242990654206,0.9947368421052631,1.769089
nmix,nmix,250,200,0.6,20,177,629,439,190,254,65,189,0.6979332273449921,1.0,0.2559055118110236,0.9947368421052631,1085,895,190,288,98,190,0.8248847926267281,1.0,0.3402777777777778,1.0,3.6023228556436453,205,15,190,0.07317073170731707,1.0,3.4131286265147693,217,27,190,0.12442396313364056,1.0,3.723196848597388,199,9,190,0.04522613065326633,1.0,3.4832255599019826,215,25,190,0.11627906976744186,1.0,1.600537
nmix,nmix,250,200,0.6,20,178,633,443,190,255,65,190,0.6998420221169036,1.0,0.2549019607843137,1.0,1045,855,190,306,116,190,0.8181818181818182,1.0,0.3790849673202614,1.0,3.593808661246098,204,14,190,0.06862745098039216,1.0,3.4117566132107897,218,28,190,0.12844036697247707,1.0,3.6612328294347627,202,12,190,0.0594059405940594,1.0,3.4523625917458474,216,26,190,0.12037037037037036,1.0,1.741011
nmix,nmix,250,200,0.6,20,179,619,432,187,243,70,173,0.6978998384491115,0.9842105263157894,0.2880658436213992,0.9105263157894737,1147,958,189,272,96,176,0.8352223190932868,0.9947368421052631,0.35294117647058826,0.9263157894736842,3.6372206334043,186,12,174,0.06451612903225806,0.9157894736842105,3.422556054773085,196,20,176,0.10204081632653061,0.9263157894736842,3.6465353590528102,185,12,173,0.06486486486486487,0.9105263157894737,3.4536981004792615,195,19,176,0.09743589743589744,0.9263157894736842,1.598398
nmix,nmix,250,200,0.6,20,180,743,553,190,250,62,188,0.7442799461641992,1.0,0.248,0.9894736842105263,1228,1038,190,310,121,189,0.8452768729641694,1.0,0.3903225806451613,0.9947368421052631,3.607189726971791,197,9,188,0.04568527918781726,0.9894736842105263,3.4199660203846376,206,17,189,0.0825242718446602,0.9947368421052631,3.6771650927305353,194,6,188,0.030927835051546393,0.9894736842105263,3.4777567723966842,201,13,188,0.06467661691542288,0.9894736842105263,1.854792
nmix,nmix,250,200,0.6,20,181,598,408,190,258,69,189,0.6822742474916388,1.0,0.26744186046511625,0.9947368421052631,1039,849,190,300,110,190,0.8171318575553417,1.0,0.36666666666666664,1.0,3.6014533612889177,200,10,190,0.05,1.0,3.4130837028789225,212,22,190,0.10377358490566038,1.0,3.7144391555515304,195,5,190,0.02564102564102564,1.0,3.4778717475637193,207,17,190,0.0821256038647343,1.0,1.617865
nmix,nmix,250,200,0.6,20,182,785,599,186,263,84,179,0.7630573248407644,0.9789473684210527,0.3193916349809886,0.9421052631578948,1408,1219,189,311,129,182,0.8657670454545454,0.9947368421052631,0.41479099678456594,0.9578947368421052,3.6303434222257223,191,11,180,0.05759162303664921,0.9473684210526315,3.415626784331698,203,20,183,0.09852216748768473,0.9631578947368421,3.6611509301496765,189,10,179,0.05291005291005291,0.9421052631578948,3.4416675755717545,200,17,183,0.085,0.9631578947368421,1.839272
nmix,nmix,250,200,0.6,20,183,796,606,190,289,99,190,0.7613065326633166,1.0,0.34256055363321797,1.0,1426,1236,190,344,154,190,0.8667601683029453,1.0,0.4476744186046512,1.0,3.609207760076056,202,12,190,0.0594059405940594,1.0,3.3955430332854326,216,26,190,0.12037037037037036,1.0,3.7835576231723405,195,5,190,0.02564102564102564,1.0,3.5154778514578062,203,13,190,0.06403940886699508,1.0,1.699303
nmix,nmix,250,200,0.6,20,184,476,286,190,228,38,190,0.6008403361344538,1.0,0.16666666666666666,1.0,771,581,190,266,76,190,0.7535667963683528,1.0,0.2857142857142857,1.0,3.625056957753825,200,10,190,0.05,1.0,3.4037655105137854,212,22,190,0.10377358490566038,1.0,3.678254432358225,197,7,190,0.03553299492385787,1.0,3.4762240484942706,208,18,190,0.08653846153846154,1.0,1.553197
nmix,nmix,250,200,0.6,20,185,623,433,190,245,57,188,0.695024077046549,1.0,0.23265306122448978,0.9894736842105263,1069,879,190,278,89,189,0.8222637979420019,1.0,0.32014388489208634,0.9947368421052631,3.679091728902372,192,3,189,0.015625,0.9947368421052631,3.409279959197169,204,14,190,0.06862745098039216,1.0,3.679091728902372,192,3,189,0.015625,0.9947368421052631,3.4756773459777563,197,8,189,0.04060913705583756,0.9947368421052631,1.707994
nmix,nmix,250,200,0.6,20,186,630,440,190,251,66,185,0.6984126984126984,1.0,0.26294820717131473,0.9736842105263158,1185,995,190,302,115,187,0.8396624472573839,1.0,0.38079470198675497,0.9842105263157894,3.6088568082476837,195,10,185,0.05128205128205128,0.9736842105263158,3.401759254269273,210,23,187,0.10952380952380952,0.9842105263157894,3.687893627403464,193,8,185,0.04145077720207254,0.9736842105263158,3.471216760234745,205,18,187,0.08780487804878048,0.9842105263157894,1.613673
nmix,nmix,250,200,0.6,20,187,571,383,188,233,46,187,0.670753064798599,0.9894736842105263,0.19742489270386265,0.9842105263157894,970,781,189,258,71,187,0.8051546391752578,0.9947368421052631,0.2751937984496124,0.9842105263157894,3.616596528084657,195,8,187,0.041025641025641026,0.9842105263157894,3.4330334080083276,205,17,188,0.08292682926829269,0.9894736842105263,3.6950211702308327,194,7,187,0.03608247422680412,0.9842105263157894,3.4801634619482438,203,15,188,0.07389162561576355,0.9894736842105263,1.772549
nmix,nmix,250,200,0.6,20,188,647,458,189,264,75,189,0.7078825347758887,0.9947368421052631,0.2840909090909091,0.9947368421052631,1118,928,190,313,124,189,0.8300536672629696,1.0,0.3961661341853035,0.9947368421052631,3.6022781315231733,198,9,189,0.045454545454545456,0.9947368421052631,3.4075204442471874,209,20,189,0.09569377990430622,0.9947368421052631,3.773940563210197,195,6,189,0.03076923076923077,0.9947368421052631,3.4557007805407447,203,14,189,0.06896551724137931,0.9947368421052631,1.795706
nmix,nmix,250,200,0.6,20,189,485,298,187,221,38,183,0.6144329896907217,0.9842105263157894,0.17194570135746606,0.9631578947368421,834,645,189,245,59,186,0.7733812949640287,0.9947368421052631,0.24081632653061225,0.9789473684210527,3.6160746410281925,190,4,186,0.021052631578947368,0.9789473684210527,3.414789361093095,206,20,186,0.0970873786407767,0.9789473684210527,3.688818026502096,187,2,185,0.0106951871657754,0.9736842105263158,3.4837464225174983,199,13,186,0.06532663316582915,0.9789473684210527,1.62712
nmix,nmix,250,200,0.6,20,190,482,294,188,224,42,182,0.6099585062240664,0.9894736842105263,0.1875,0.9578947368421052,856,667,189,249,65,184,0.7792056074766355,0.9947368421052631,0.26104417670682734,0.968421052631579,3.6484086362119093,193,9,184,0.046632124352331605,0.968421052631579,3.433320607455715,204,20,184,0.09803921568627451,0.968421052631579,3.6974036900916056,191,8,183,0.041884816753926704,0.9631578947368421,3.4594435000222146,202,18,184,0.0891089108910891,0.968421052631579,1.636714
nmix,nmix,250,200,0.6,20,191,584,394,190,254,64,190,0.6746575342465754,1.0,0.25196850393700787,1.0,1065,875,190,292,102,190,0.8215962441314554,1.0,0.3493150684931507,1.0,3.60154222176054,204,14,190,0.06862745098039216,1.0,3.3883812679703538,220,30,190,0.13636363636363635,1.0,3.712567977233992,199,9,190,0.04522613065326633,1.0,3.4467628555432657,215,25,190,0.11627906976744186,1.0,1.658396
nmix,nmix,250,200,0.6,20,192,613,424,189,228,51,177,0.6916802610114192,0.9947368421052631,0.2236842105263158,0.9315789473684211,1148,959,189,280,98,182,0.8353658536585366,0.9947368421052631,0.35,0.9578947368421052,3.6374118800589494,190,11,179,0.05789473684210526,0.9421052631578948,3.418321833525592,207,21,186,0.10144927536231885,0.9789473684210527,3.6661884368802657,188,9,179,0.047872340425531915,0.9421052631578948,3.4356803532849622,206,21,185,0.10194174757281553,0.9736842105263158,1.653363
nmix,nmix,250,200,0.6,20,193,704,517,187,268,85,183,0.734375,0.9842105263157894,0.31716417910447764,0.9631578947368421,1232,1043,189,337,153,184,0.8465909090909091,0.9947368421052631,0.4540059347181009,0.968421052631579,3.7435001045284357,197,15,182,0.07614213197969544,0.9578947368421052,3.403841962495081,211,26,185,0.12322274881516587,0.9736842105263158,3.7435001045284357,197,15,182,0.07614213197969544,0.9578947368421052,3.5027298713965385,205,21,184,0.1024390243902439,0.968421052631579,1.629482
nmix,nmix,250,200,0.6,20,194,531,341,190,244,56,188,0.6421845574387948,1.0,0.22950819672131148,0.9894736842105263,939,749,190,272,83,189,0.7976570820021299,1.0,0.30514705882352944,0.9947368421052631,3.6121010601310344,197,8,189,0.04060913705583756,0.9947368421052631,3.418973344850122,207,18,189,0.08695652173913043,0.9947368421052631,3.7822077571710015,196,7,189,0.03571428571428571,0.9947368421052631,3.4340321303992574,206,17,189,0.0825242718446602,0.9947368421052631,1.7416
nmix,nmix,250,200,0.6,20,195,563,373,190,223,38,185,0.6625222024866785,1.0,0.17040358744394618,0.9736842105263158,968,778,190,250,64,186,0.8037190082644629,1.0,0.256,0.9789473684210527,3.6150144813004235,191,5,186,0.02617801047120419,0.9789473684210527,3.4336100690929565,198,12,186,0.06060606060606061,0.9789473684210527,3.645755173135876,190,4,186,0.021052631578947368,0.9789473684210527,3.4336100690929565,198,12,186,0.06060606060606061,0.9789473684210527,1.717494
nmix,nmix,250,200,0.6,20,196,729,539,190,255,72,183,0.7393689986282579,1.0,0.2823529411764706,0.9631578947368421,1288,1098,190,314,129,185,0.8524844720496895,1.0,0.410828025477707,0.9736842105263158,3.6108527553692724,193,9,184,0.046632124352331605,0.968421052631579,3.4025336984966703,208,23,185,0.11057692307692307,0.9736842105263158,3.732340298031466,189,7,182,0.037037037037037035,0.9578947368421052,3.4926846544808194,200,15,185,0.075,0.9736842105263158,1.708813
nmix,nmix,250,200,0.6,20,197,594,404,190,249,63,186,0.6801346801346801,1.0,0.25301204819277107,0.9789473684210527,1062,872,190,298,110,188,0.8210922787193974,1.0,0.3691275167785235,0.9894736842105263,3.655640997507972,197,9,188,0.04568527918781726,0.9894736842105263,3.4056621932896793,211,22,189,0.10426540284360189,0.9947368421052631,3.655640997507972,197,9,188,0.04568527918781726,0.9894736842105263,3.4353009094583284,210,21,189,0.1,0.9947368421052631,1.531195
nmix,nmix,250,200,0.6,20,198,497,307,190,235,48,187,0.6177062374245473,1.0,0.20425531914893616,0.9842105263157894,910,720,190,264,76,188,0.7912087912087912,1.0,0.2878787878787879,0.9894736842105263,3.6095706454231986,201,12,189,0.05970149253731343,0.9947368421052631,3.397284056498705,215,26,189,0.12093023255813953,0.9947368421052631,3.6885947828000987,198,10,188,0.050505050505050504,0.9894736842105263,3.502300108907595,210,21,189,0.1,0.9947368421052631,1.793574
nmix,nmix,250,200,0.6,20,199,643,453,190,261,71,190,0.7045101088646968,1.0,0.2720306513409962,1.0,1218,1028,190,309,119,190,0.8440065681444991,1.0,0.3851132686084142,1.0,3.6707439657455323,198,8,190,0.04040404040404041,1.0,3.395987795428954,213,23,190,0.107981220657277,1.0,3.6707439657455323,198,8,190,0.04040404040404041,1.0,3.4589348804925044,209,19,190,0.09090909090909091,1.0,1.586006
nmix,nmix,250,200,0.6,20,200,647,461,186,268,85,183,0.7125193199381762,0.9789473684210527,0.31716417910447764,0.9631578947368421,1231,1044,187,304,121,183,0.8480909829406986,0.9842105263157894,0.3980263157894737,0.9631578947368421,3.6223986268964388,195,13,182,0.06666666666666667,0.9578947368421052,3.4275247487659093,206,24,182,0.11650485436893204,0.9578947368421052,3.6223986268964388,195,13,182,0.06666666666666667,0.9578947368421052,3.4275247487659093,206,24,182,0.11650485436893204,0.9578947368421052,1.88415
nmix,nmix,250,200,0.6,20,201,568,378,190,236,49,187,0.6654929577464789,1.0,0.2076271186440678,0.9842105263157894,933,743,190,279,92,187,0.7963558413719185,1.0,0.32974910394265233,0.9842105263157894,3.644220459058334,197,10,187,0.050761421319796954,0.9842105263157894,3.427356831147104,203,16,187,0.07881773399014778,0.9842105263157894,3.644220459058334,197,10,187,0.050761421319796954,0.9842105263157894,3.4411185248698177,202,15,187,0.07425742574257425,0.9842105263157894,1.676443
nmix,nmix,250,200,0.6,20,202,698,508,190,259,70,189,0.7277936962750716,1.0,0.2702702702702703,0.9947368421052631,1189,999,190,305,115,190,0.840201850294365,1.0,0.3770491803278688,1.0,3.6394249012269526,205,15,190,0.07317073170731707,1.0,3.3983838822904358,219,29,190,0.1324200913242009,1.0,3.6394249012269526,205,15,190,0.07317073170731707,1.0,3.431206115384534,216,26,190,0.12037037037037036,1.0,1.68802
nmix,nmix,250,200,0.6,20,203,601,414,187,228,44,184,0.6888519134775375,0.9842105263157894,0.19298245614035087,0.968421052631579,1134,946,188,263,79,184,0.8342151675485009,0.9894736842105263,0.30038022813688214,0.968421052631579,3.6106090364858923,193,9,184,0.046632124352331605,0.968421052631579,3.4172171237359845,204,20,184,0.09803921568627451,0.968421052631579,3.7859219233322357,189,5,184,0.026455026455026454,0.968421052631579,3.4970888220680356,198,14,184,0.0707070707070707,0.968421052631579,1.582183
nmix,nmix,250,200,0.6,20,204,493,303,190,228,42,186,0.6146044624746451,1.0,0.18421052631578946,0.9789473684210527,845,655,190,244,56,188,0.7751479289940828,1.0,0.22950819672131148,0.9894736842105263,3.619579868298057,197,8,189,0.04060913705583756,0.9947368421052631,3.416517021241836,209,20,189,0.09569377990430622,0.9947368421052631,3.6825370592600017,196,7,189,0.03571428571428571,0.9947368421052631,3.44231065984394,208,19,189,0.09134615384615384,0.9947368421052631,1.566066
nmix,nmix,250,200,0.6,20,205,703,523,180,248,78,170,0.7439544807965861,0.9473684210526315,0.31451612903225806,0.8947368421052632,1267,1082,185,307,132,175,0.8539857932123125,0.9736842105263158,0.42996742671009774,0.9210526315789473,3.647817852341906,176,9,167,0.05113636363636364,0.8789473684210526,3.430487315041168,192,21,171,0.109375,0.9,3.6876868871200053,174,8,166,0.04597701149425287,0.8736842105263158,3.470906410924883,187,16,171,0.0855614973262032,0.9,1.790712
nmix,nmix,250,200,0.6,20,206,689,499,190,259,76,183,0.7242380261248186,1.0,0.29343629343629346,0.9631578947368421,1224,1034,190,310,126,184,0.8447712418300654,1.0,0.4064516129032258,0.968421052631579,3.606224354276524,200,17,183,0.085,0.9631578947368421,3.4192650525289046,212,27,185,0.12735849056603774,0.9736842105263158,3.6923364603493667,196,13,183,0.0663265306122449,0.9631578947368421,3.465037825647436,209,24,185,0.11483253588516747,0.9736842105263158,1.666347
nmix,nmix,250,200,0.6,20,207,819,631,188,274,89,185,0.7704517704517705,0.9894736842105263,0.3248175182481752,0.9736842105263158,1505,1316,189,345,159,186,0.8744186046511628,0.9947368421052631,0.4608695652173913,0.9789473684210527,3.606099565520066,200,15,185,0.075,0.9736842105263158,3.3994348884109358,214,28,186,0.1308411214953271,0.9789473684210527,3.6861891655313386,194,10,184,0.05154639175257732,0.968421052631579,3.468375985210663,210,24,186,0.11428571428571428,0.9789473684210527,1.63575
nmix,nmix,250,200,0.6,20,208,608,418,190,251,61,190,0.6875,1.0,0.24302788844621515,1.0,1022,832,190,294,104,190,0.8140900195694716,1.0,0.35374149659863946,1.0,3.859842373906241,198,8,190,0.04040404040404041,1.0,3.41387905713672,209,19,190,0.09090909090909091,1.0,3.859842373906241,198,8,190,0.04040404040404041,1.0,3.4784274454586765,203,13,190,0.06403940886699508,1.0,2.102984
nmix,nmix,250,200,0.6,20,209,729,540,189,248,67,181,0.7407407407407407,0.9947368421052631,0.2701612903225806,0.9526315789473684,1262,1073,189,306,122,184,0.8502377179080824,0.9947368421052631,0.39869281045751637,0.968421052631579,3.6296620392090726,196,15,181,0.07653061224489796,0.9526315789473684,3.4259760383477627,209,26,183,0.12440191387559808,0.9631578947368421,3.641531073996518,195,14,181,0.07179487179487179,0.9526315789473684,3.432305912409227,208,25,183,0.1201923076923077,0.9631578947368421,1.697804
nmix,nmix,250,200,0.6,20,210,515,325,190,224,43,181,0.6310679611650486,1.0,0.19196428571428573,0.9526315789473684,859,669,190,254,72,182,0.7788125727590222,1.0,0.28346456692913385,0.9578947368421052,3.62280088682967,194,11,183,0.05670103092783505,0.9631578947368421,3.3998797838789763,211,26,185,0.12322274881516587,0.9736842105263158,3.6868324339909564,193,10,183,0.05181347150259067,0.9631578947368421,3.446961962684458,205,21,184,0.1024390243902439,0.968421052631579,1.679653
nmix,nmix,250,200,0.6,20,211,622,432,190,242,54,188,0.6945337620578779,1.0,0.2231404958677686,0.9894736842105263,1019,829,190,274,86,188,0.8135426889106968,1.0,0.31386861313868614,0.9894736842105263,3.6090538966958445,197,9,188,0.04568527918781726,0.9894736842105263,3.399865070332321,214,25,189,0.11682242990654206,0.9947368421052631,3.7797929545153304,193,5,188,0.025906735751295335,0.9894736842105263,3.455561828094517,211,22,189,0.10426540284360189,0.9947368421052631,1.723207
nmix,nmix,250,200,0.6,20,212,637,447,190,257,70,187,0.7017268445839875,1.0,0.2723735408560311,0.9842105263157894,1092,902,190,294,105,189,0.826007326007326,1.0,0.35714285714285715,0.9947368421052631,3.596651982521652,202,13,189,0.06435643564356436,0.9947368421052631,3.3970800401485755,217,27,190,0.12442396313364056,1.0,3.661672220418793,198,9,189,0.045454545454545456,0.9947368421052631,3.4409647170282565,216,26,190,0.12037037037037036,1.0,1.713119
nmix,nmix,250,200,0.6,20,213,811,628,183,242,74,168,0.7743526510480888,0.9631578947368421,0.30578512396694213,0.8842105263157894,1395,1210,185,326,152,174,0.8673835125448028,0.9736842105263158,0.4662576687116564,0.9157894736842105,3.654002205040327,176,11,165,0.0625,0.868421052631579,3.433191898240825,189,18,171,0.09523809523809523,0.9,3.701381909139509,170,10,160,0.058823529411764705,0.8421052631578947,3.5051034303590365,186,17,169,0.0913978494623656,0.8894736842105263,1.612714
nmix,nmix,250,200,0.6,20,214,698,509,189,249,66,183,0.7292263610315186,0.9947368421052631,0.26506024096385544,0.9631578947368421,1254,1064,190,301,117,184,0.8484848484848485,1.0,0.38870431893687707,0.968421052631579,3.6354616599291565,197,13,184,0.06598984771573604,0.968421052631579,3.411204498839149,208,24,184,0.11538461538461539,0.968421052631579,3.70722794410647,190,8,182,0.042105263157894736,0.9578947368421052,3.4704844786414704,205,21,184,0.1024390243902439,0.968421052631579,1.708683
nmix,nmix,250,200,0.6,20,215,503,313,190,227,40,187,0.6222664015904572,1.0,0.1762114537444934,0.9842105263157894,827,637,190,252,63,189,0.7702539298669892,1.0,0.25,0.9947368421052631,3.6375650566387963,197,8,189,0.04060913705583756,0.9947368421052631,3.433874545603282,208,18,190,0.08653846153846154,1.0,3.6641219120336093,195,6,189,0.03076923076923077,0.9947368421052631,3.433874545603282,208,18,190,0.08653846153846154,1.0,1.735898
nmix,nmix,250,200,0.6,20,216,743,554,189,257,76,181,0.7456258411843876,0.9947368421052631,0.29571984435797666,0.9526315789473684,1329,1139,190,320,136,184,0.8570353649360422,1.0,0.425,0.968421052631579,3.618674086183329,193,11,182,0.05699481865284974,0.9578947368421052,3.41875351511509,208,24,184,0.11538461538461539,0.968421052631579,3.7247031786017377,185,5,180,0.02702702702702703,0.9473684210526315,3.494511051847761,202,19,183,0.09405940594059406,0.9631578947368421,1.669439
nmix,nmix,250,200,0.6,20,217,696,506,190,277,88,189,0.7270114942528736,1.0,0.3176895306859206,0.9947368421052631,1164,974,190,319,129,190,0.8367697594501718,1.0,0.4043887147335423,1.0,3.5995612263726073,201,12,189,0.05970149253731343,0.9947368421052631,3.403779310952416,214,24,190,0.11214953271028037,1.0,3.6157835647935292,200,11,189,0.055,0.9947368421052631,3.403779310952416,214,24,190,0.11214953271028037,1.0,1.584818
nmix,nmix,250,200,0.6,20,218,723,533,190,251,70,181,0.7372060857538036,1.0,0.2788844621513944,0.9526315789473684,1209,1019,190,292,110,182,0.8428453267162944,1.0,0.3767123287671233,0.9578947368421052,3.620658953414132,190,9,181,0.04736842105263158,0.9526315789473684,3.4064631145772504,206,23,183,0.11165048543689321,0.9631578947368421,3.6579324343960375,188,7,181,0.03723404255319149,0.9526315789473684,3.414948493402734,204,22,182,0.10784313725490197,0.9578947368421052,1.821311
nmix,nmix,250,200,0.6,20,219,679,491,188,253,70,183,0.7231222385861561,0.9894736842105263,0.2766798418972332,0.9631578947368421,1131,942,189,295,110,185,0.8328912466843501,0.9947368421052631,0.3728813559322034,0.9736842105263158,3.602816207838467,198,14,184,0.0707070707070707,0.968421052631579,3.4009499970726806,216,31,185,0.14351851851851852,0.9736842105263158,3.660618402927917,193,11,182,0.05699481865284974,0.9578947368421052,3.4771848445439417,212,27,185,0.12735849056603774,0.9736842105263158,1.631455
nmix,nmix,250,200,0.6,20,220,461,271,190,228,38,190,0.5878524945770065,1.0,0.16666666666666666,1.0,767,577,190,259,69,190,0.7522816166883963,1.0,0.26640926640926643,1.0,3.5948309308606112,204,14,190,0.06862745098039216,1.0,3.411399621162335,212,22,190,0.10377358490566038,1.0,3.6404999812075554,200,10,190,0.05,1.0,3.4525544833616446,210,20,190,0.09523809523809523,1.0,1.591743
nmix,nmix,250,200,0.6,20,221,468,280,188,219,41,178,0.5982905982905983,0.9894736842105263,0.1872146118721461,0.9368421052631579,734,545,189,245,61,184,0.7425068119891008,0.9947368421052631,0.24897959183673468,0.968421052631579,3.6134415307304923,201,15,186,0.07462686567164178,0.9789473684210527,3.3935501264196697,217,29,188,0.1336405529953917,0.9894736842105263,3.6535428992990266,199,13,186,0.06532663316582915,0.9789473684210527,3.435192344403726,215,27,188,0.12558139534883722,0.9894736842105263,1.681132
nmix,nmix,250,200,0.6,20,222,774,584,190,271,82,189,0.7545219638242894,1.0,0.3025830258302583,0.9947368421052631,1385,1195,190,323,133,190,0.8628158844765343,1.0,0.4117647058823529,1.0,3.605540253977828,202,13,189,0.06435643564356436,0.9947368421052631,3.4466360428065252,213,23,190,0.107981220657277,1.0,3.668642920746252,200,11,189,0.055,0.9947368421052631,3.4466360428065252,213,23,190,0.107981220657277,1.0,1.570008
nmix,nmix,250,200,0.6,20,223,564,374,190,243,53,190,0.6631205673758865,1.0,0.21810699588477367,1.0,1057,867,190,278,88,190,0.8202459791863765,1.0,0.31654676258992803,1.0,3.6256730122399916,197,7,190,0.03553299492385787,1.0,3.4065883157883445,207,17,190,0.0821256038647343,1.0,3.7291463654352697,196,6,190,0.030612244897959183,1.0,3.487915847832779,202,12,190,0.0594059405940594,1.0,1.613359
nmix,nmix,250,200,0.6,20,224,642,452,190,263,75,188,0.7040498442367601,1.0,0.28517110266159695,0.9894736842105263,1097,907,190,303,114,189,0.8268003646308113,1.0,0.37623762376237624,0.9947368421052631,3.6429345205801362,198,9,189,0.045454545454545456,0.9947368421052631,3.4076055150293585,210,21,189,0.1,0.9947368421052631,3.6946668657210773,197,8,189,0.04060913705583756,0.9947368421052631,3.478155747188433,206,17,189,0.0825242718446602,0.9947368421052631,1.529468
nmix,nmix,250,200,0.6,20,225,884,698,186,313,133,180,0.7895927601809954,0.9789473684210527,0.4249201277955272,0.9473684210526315,1531,1342,189,391,208,183,0.8765512736773351,0.9947368421052631,0.5319693094629157,0.9631578947368421,3.6328722435855667,192,13,179,0.06770833333333333,0.9421052631578948,3.420625291973345,204,24,180,0.11764705882352941,0.9473684210526315,3.7244316445811285,189,10,179,0.05291005291005291,0.9421052631578948,3.4745292042630647,197,17,180,0.08629441624365482,0.9473684210526315,1.912886
nmix,nmix,250,200,0.6,20,226,565,375,190,254,66,188,0.6637168141592921,1.0,0.25984251968503935,0.9894736842105263,1019,829,190,296,106,190,0.8135426889106968,1.0,0.3581081081081081,1.0,3.6600819458977423,201,11,190,0.05472636815920398,1.0,3.435692345117157,209,19,190,0.09090909090909091,1.0,3.6600819458977423,201,11,190,0.05472636815920398,1.0,3.435692345117157,209,19,190,0.09090909090909091,1.0,1.557898
nmix,nmix,250,200,0.6,20,227,775,588,187,248,67,181,0.7587096774193548,0.9842105263157894,0.2701612903225806,0.9526315789473684,1419,1231,188,311,128,183,0.8675123326286117,0.9894736842105263,0.4115755627009646,0.9631578947368421,3.641801621624472,189,7,182,0.037037037037037035,0.9578947368421052,3.4237994342176155,201,17,184,0.0845771144278607,0.968421052631579,3.739706548945536,186,6,180,0.03225806451612903,0.9473684210526315,3.4940919931846315,197,14,183,0.07106598984771574,0.9631578947368421,1.606446
nmix,nmix,250,200,0.6,20,228,933,743,190,290,103,187,0.7963558413719185,1.0,0.35517241379310344,0.9842105263157894,1589,1399,190,354,167,187,0.880427942101951,1.0,0.4717514124293785,0.9842105263157894,3.603493427499792,205,18,187,0.08780487804878048,0.9842105263157894,3.396169080781117,221,31,190,0.14027149321266968,1.0,3.66498538397304,202,15,187,0.07425742574257425,0.9842105263157894,3.446604527399235,216,27,189,0.125,0.9947368421052631,1.620169
nmix,nmix,250,200,0.6,20,229,598,408,190,244,57,187,0.6822742474916388,1.0,0.2336065573770492,0.9842105263157894,1138,948,190,283,95,188,0.8330404217926186,1.0,0.33568904593639576,0.9894736842105263,3.59883025240291,200,12,188,0.06,0.9894736842105263,3.4004041139699654,212,22,190,0.10377358490566038,1.0,3.672765928762554,197,9,188,0.04568527918781726,0.9894736842105263,3.4745027899339966,210,21,189,0.1,0.9947368421052631,1.682074
nmix,nmix,250,200,0.6,20,230,690,500,190,256,66,190,0.7246376811594203,1.0,0.2578125,1.0,1223,1033,190,297,107,190,0.8446443172526574,1.0,0.3602693602693603,1.0,3.6024238101488457,202,12,190,0.0594059405940594,1.0,3.41433575363119,211,21,190,0.0995260663507109,1.0,3.7105162624480723,200,10,190,0.05,1.0,3.4316181493417277,210,20,190,0.09523809523809523,1.0,1.628942
nmix,nmix,250,200,0.6,20,231,534,345,189,228,42,186,0.6460674157303371,0.9947368421052631,0.18421052631578946,0.9789473684210527,912,723,189,259,71,188,0.7927631578947368,0.9947368421052631,0.27413127413127414,0.9894736842105263,3.624523118128719,198,11,187,0.05555555555555555,0.9842105263157894,3.4148846830350523,207,18,189,0.08695652173913043,0.9947368421052631,3.6533073726307954,194,7,187,0.03608247422680412,0.9842105263157894,3.4376631313317083,205,16,189,0.07804878048780488,0.9947368421052631,1.739962
nmix,nmix,250,200,0.6,20,232,488,300,188,228,53,175,0.6147540983606558,0.9894736842105263,0.2324561403508772,0.9210526315789473,934,745,189,256,77,179,0.797644539614561,0.9947368421052631,0.30078125,0.9421052631578948,3.6226548547571102,185,7,178,0.03783783783783784,0.9368421052631579,3.4124571372435772,210,27,183,0.12857142857142856,0.9631578947368421,3.7067837631953884,182,5,177,0.027472527472527472,0.9315789473684211,3.4458358927559067,205,23,182,0.11219512195121951,0.9578947368421052,1.703924
nmix,nmix,250,200,0.6,20,233,591,401,190,251,62,189,0.6785109983079526,1.0,0.24701195219123506,0.9947368421052631,1052,862,190,288,98,190,0.8193916349809885,1.0,0.3402777777777778,1.0,3.5941478543910894,203,13,190,0.06403940886699508,1.0,3.3895378157136387,218,28,190,0.12844036697247707,1.0,3.7704440275958655,196,6,190,0.030612244897959183,1.0,3.470563436656987,209,19,190,0.09090909090909091,1.0,1.528022
nmix,nmix,250,200,0.6,20,234,699,509,190,255,67,188,0.7281831187410587,1.0,0.2627450980392157,0.9894736842105263,1209,1019,190,306,118,188,0.8428453267162944,1.0,0.38562091503267976,0.9894736842105263,3.6382646366534224,199,11,188,0.05527638190954774,0.9894736842105263,3.398674039291535,214,26,188,0.12149532710280374,0.9894736842105263,3.716625889760643,195,7,188,0.035897435897435895,0.9894736842105263,3.488377921155349,206,18,188,0.08737864077669903,0.9894736842105263,1.586805
nmix,nmix,250,200,0.6,20,235,737,547,190,268,78,190,0.7421981004070556,1.0,0.291044776119403,1.0,1315,1125,190,308,118,190,0.8555133079847909,1.0,0.38311688311688313,1.0,3.62507882654336,201,11,190,0.05472636815920398,1.0,3.39597341963581,214,24,190,0.11214953271028037,1.0,3.6998306177544307,198,8,190,0.04040404040404041,1.0,3.46037314635699,209,19,190,0.09090909090909091,1.0,1.785786
nmix,nmix,250,200,0.6,20,236,475,285,190,226,38,188,0.6,1.0,0.168141592920354,0.9894736842105263,915,725,190,248,60,188,0.7923497267759563,1.0,0.24193548387096775,0.9894736842105263,3.6126260295717194,201,12,189,0.05970149253731343,0.9947368421052631,3.41353286703709,212,23,189,0.10849056603773585,0.9947368421052631,3.6372458098337184,200,11,189,0.055,0.9947368421052631,3.429136440491098,210,21,189,0.1,0.9947368421052631,1.700017
nmix,nmix,250,200,0.6,20,237,618,429,189,240,57,183,0.6941747572815534,0.9947368421052631,0.2375,0.9631578947368421,1031,842,189,272,87,185,0.8166828322017459,0.9947368421052631,0.31985294117647056,0.9736842105263158,3.6553958850221178,191,7,184,0.03664921465968586,0.968421052631579,3.408756745094643,206,21,185,0.10194174757281553,0.9736842105263158,3.6659265867048796,190,6,184,0.031578947368421054,0.968421052631579,3.4521064697036623,205,20,185,0.0975609756097561,0.9736842105263158,1.667491
nmix,nmix,250,200,0.6,20,238,607,418,189,250,61,189,0.6886326194398682,0.9947368421052631,0.244,0.9947368421052631,1091,902,189,284,95,189,0.8267644362969753,0.9947368421052631,0.3345070422535211,0.9947368421052631,3.6501766448701356,202,13,189,0.06435643564356436,0.9947368421052631,3.39792451767908,214,25,189,0.11682242990654206,0.9947368421052631,3.6501766448701356,202,13,189,0.06435643564356436,0.9947368421052631,3.466111683894992,213,24,189,0.11267605633802817,0.9947368421052631,1.809489
nmix,nmix,250,200,0.6,20,239,487,297,190,223,35,188,0.6098562628336756,1.0,0.15695067264573992,0.9894736842105263,835,645,190,244,55,189,0.7724550898203593,1.0,0.22540983606557377,0.9947368421052631,3.637118969725367,199,10,189,0.05025125628140704,0.9947368421052631,3.41493419948228,206,17,189,0.0825242718446602,0.9947368421052631,3.655385581442199,198,9,189,0.045454545454545456,0.9947368421052631,3.4627641979936206,203,14,189,0.06896551724137931,0.9947368421052631,1.577844
nmix,nmix,250,200,0.6,20,240,545,355,190,220,30,190,0.6513761467889908,1.0,0.13636363636363635,1.0,869,679,190,249,59,190,0.7813578826237054,1.0,0.23694779116465864,1.0,3.65096477462373,196,6,190,0.030612244897959183,1.0,3.4155657958348065,204,14,190,0.06862745098039216,1.0,3.732110586105014,194,4,190,0.020618556701030927,1.0,3.4841507770780105,200,10,190,0.05,1.0,1.573602
nmix,nmix,250,200,0.6,20,241,625,435,190,245,58,187,0.696,1.0,0.23673469387755103,0.9842105263157894,1097,907,190,299,110,189,0.8268003646308113,1.0,0.36789297658862874,0.9947368421052631,3.7045104588789255,191,3,188,0.015706806282722512,0.9894736842105263,3.409388703160537,205,15,190,0.07317073170731707,1.0,3.7045104588789255,191,3,188,0.015706806282722512,0.9894736842105263,3.4548138717938515,199,10,189,0.05025125628140704,0.9947368421052631,1.717084
nmix,nmix,250,200,0.6,20,242,619,430,189,239,58,181,0.6946688206785138,0.9947368421052631,0.24267782426778242,0.9526315789473684,1199,1010,189,285,103,182,0.8423686405337781,0.9947368421052631,0.36140350877192984,0.9578947368421052,3.6228896656680125,191,10,181,0.05235602094240838,0.9526315789473684,3.4284225567016158,204,19,185,0.09313725490196079,0.9736842105263158,3.672449613666471,188,8,180,0.0425531914893617,0.9473684210526315,3.4575959544997508,202,17,185,0.08415841584158416,0.9736842105263158,1.570381
nmix,nmix,250,200,0.6,20,243,656,466,190,264,74,190,0.7103658536585366,1.0,0.2803030303030303,1.0,1157,967,190,309,119,190,0.8357821953327571,1.0,0.3851132686084142,1.0,3.6013292552172786,200,10,190,0.05,1.0,3.4395080766404367,204,14,190,0.06862745098039216,1.0,3.643229252128681,198,8,190,0.04040404040404041,1.0,3.4395080766404367,204,14,190,0.06862745098039216,1.0,1.70295
nmix,nmix,250,200,0.6,20,244,567,379,188,236,50,186,0.6684303350970018,0.9894736842105263,0.211864406779661,0.9789473684210527,979,789,190,267,81,186,0.8059244126659857,1.0,0.30337078651685395,0.9789473684210527,3.6314870719525447,192,6,186,0.03125,0.9789473684210527,3.4161335851944434,201,14,187,0.06965174129353234,0.9842105263157894,3.6314870719525447,192,6,186,0.03125,0.9789473684210527,3.4437094476889274,198,11,187,0.05555555555555555,0.9842105263157894,1.613131
nmix,nmix,250,200,0.6,20,245,545,355,190,232,49,183,0.6513761467889908,1.0,0.21120689655172414,0.9631578947368421,897,707,190,284,100,184,0.7881828316610925,1.0,0.352112676056338,0.968421052631579,3.596321747400314,201,16,185,0.07960199004975124,0.9736842105263158,3.433543242184817,216,30,186,0.1388888888888889,0.9789473684210527,3.724666345220358,198,14,184,0.0707070707070707,0.968421052631579,3.433543242184817,216,30,186,0.1388888888888889,0.9789473684210527,1.77627
nmix,nmix,250,200,0.6,20,246,616,426,190,265,79,186,0.6915584415584416,1.0,0.2981132075471698,0.9789473684210527,1092,902,190,299,112,187,0.826007326007326,1.0,0.3745819397993311,0.9842105263157894,3.603547286883139,197,11,186,0.05583756345177665,0.9789473684210527,3.403597592676549,208,20,188,0.09615384615384616,0.9894736842105263,3.627199328863733,196,10,186,0.05102040816326531,0.9789473684210527,3.4498128668678305,207,19,188,0.09178743961352658,0.9894736842105263,1.540637
nmix,nmix,250,200,0.6,20,247,708,520,188,255,70,185,0.7344632768361582,0.9894736842105263,0.27450980392156865,0.9736842105263158,1280,1091,189,298,112,186,0.85234375,0.9947368421052631,0.37583892617449666,0.9789473684210527,3.6434884855914214,193,7,186,0.03626943005181347,0.9789473684210527,3.420751854230431,204,17,187,0.08333333333333333,0.9842105263157894,3.650535834143775,191,6,185,0.031413612565445025,0.9736842105263158,3.4675584488206193,200,14,186,0.07,0.9789473684210527,1.677604
nmix,nmix,250,200,0.6,20,248,664,474,190,256,66,190,0.713855421686747,1.0,0.2578125,1.0,1147,957,190,306,116,190,0.8343504795117699,1.0,0.3790849673202614,1.0,3.6867970716649237,201,11,190,0.05472636815920398,1.0,3.392873457496207,217,27,190,0.12442396313364056,1.0,3.6867970716649237,201,11,190,0.05472636815920398,1.0,3.4309378798791768,214,24,190,0.11214953271028037,1.0,1.650176
nmix,nmix,250,200,0.6,20,249,823,633,190,296,110,186,0.7691373025516404,1.0,0.3716216216216216,0.9789473684210527,1534,1344,190,355,166,189,0.8761408083441982,1.0,0.4676056338028169,0.9947368421052631,3.6159631207104646,200,14,186,0.07,0.9789473684210527,3.412372462951936,211,22,189,0.10426540284360189,0.9947368421052631,3.663693673655189,196,10,186,0.05102040816326531,0.9789473684210527,3.460871819538146,210,21,189,0.1,0.9947368421052631,1.671046
nmix,nmix,250,200,0.6,20,250,598,408,190,254,69,185,0.6822742474916388,1.0,0.27165354330708663,0.9736842105263158,1127,937,190,294,109,185,0.831410825199645,1.0,0.3707482993197279,0.9736842105263158,3.6293973470304506,195,10,185,0.05128205128205128,0.9736842105263158,3.4109003799615802,206,20,186,0.0970873786407767,0.9789473684210527,3.672145362838776,193,8,185,0.04145077720207254,0.9736842105263158,3.4810255768555303,202,17,185,0.08415841584158416,0.9736842105263158,1.74258
nmix,nmix,250,200,0.6,20,251,552,368,184,222,56,166,0.6666666666666666,0.968421052631579,0.25225225225225223,0.8736842105263158,1079,891,188,270,96,174,0.8257645968489342,0.9894736842105263,0.35555555555555557,0.9157894736842105,3.6262575838979076,181,11,170,0.06077348066298342,0.8947368421052632,3.415900649314074,198,22,176,0.1111111111111111,0.9263157894736842,3.6880043109136667,177,8,169,0.04519774011299435,0.8894736842105263,3.4683798823997947,194,20,174,0.10309278350515463,0.9157894736842105,1.533641
nmix,nmix,250,200,0.6,20,252,770,582,188,261,85,176,0.7558441558441559,0.9894736842105263,0.32567049808429116,0.9263157894736842,1414,1224,190,313,132,181,0.8656294200848657,1.0,0.4217252396166134,0.9526315789473684,3.611905742965975,191,15,176,0.07853403141361257,0.9263157894736842,3.420268858715644,203,23,180,0.11330049261083744,0.9473684210526315,3.67117000686104,186,10,176,0.053763440860215055,0.9263157894736842,3.4587854853414997,202,22,180,0.10891089108910891,0.9473684210526315,1.698542
nmix,nmix,250,200,0.6,20,253,572,382,190,237,54,183,0.6678321678321678,1.0,0.22784810126582278,0.9631578947368421,971,781,190,276,89,187,0.8043254376930999,1.0,0.322463768115942,0.9842105263157894,3.6267937384182285,193,5,188,0.025906735751295335,0.9894736842105263,3.4067615409510266,206,17,189,0.0825242718446602,0.9947368421052631,3.6529586459280083,191,5,186,0.02617801047120419,0.9789473684210527,3.465557438790918,200,12,188,0.06,0.9894736842105263,1.61018
nmix,nmix,250,200,0.6,20,254,487,297,190,239,51,188,0.6098562628336756,1.0,0.21338912133891214,0.9894736842105263,838,648,190,272,83,189,0.7732696897374701,1.0,0.30514705882352944,0.9947368421052631,3.6389848171821937,198,9,189,0.045454545454545456,0.9947368421052631,3.404766499133224,212,22,190,0.10377358490566038,1.0,3.705429639348972,196,8,188,0.04081632653061224,0.9894736842105263,3.4619947072243233,206,16,190,0.07766990291262135,1.0,1.588182
nmix,nmix,250,200,0.6,20,255,501,312,189,232,44,188,0.6227544910179641,0.9947368421052631,0.1896551724137931,0.9894736842105263,887,697,190,262,73,189,0.7857948139797069,1.0,0.2786259541984733,0.9947368421052631,3.630536169681123,198,9,189,0.045454545454545456,0.9947368421052631,3.4173392660542268,205,16,189,0.07804878048780488,0.9947368421052631,3.705570212821016,195,6,189,0.03076923076923077,0.9947368421052631,3.4635989126451103,202,13,189,0.06435643564356436,0.9947368421052631,1.661919
nmix,nmix,250,200,0.6,20,256,628,438,190,262,73,189,0.697452229299363,1.0,0.2786259541984733,0.9947368421052631,1093,903,190,305,115,190,0.8261665141811528,1.0,0.3770491803278688,1.0,3.602170423212228,202,12,190,0.0594059405940594,1.0,3.3910685633805246,219,29,190,0.1324200913242009,1.0,3.7049090666989786,196,7,189,0.03571428571428571,0.9947368421052631,3.4673347594059942,214,24,190,0.11214953271028037,1.0,1.806101
nmix,nmix,250,200,0.6,20,257,496,310,186,211,36,175,0.625,0.9789473684210527,0.17061611374407584,0.9210526315789473,834,647,187,251,69,182,0.7757793764988009,0.9842105263157894,0.2749003984063745,0.9578947368421052,3.642915261847804,190,8,182,0.042105263157894736,0.9578947368421052,3.413215839228185,200,17,183,0.085,0.9631578947368421,3.642915261847804,190,8,182,0.042105263157894736,0.9578947368421052,3.438694432944158,198,15,183,0.07575757575757576,0.9631578947368421,1.518712
nmix,nmix,250,200,0.6,20,258,604,416,188,263,76,187,0.6887417218543046,0.9894736842105263,0.2889733840304182,0.9842105263157894,1121,931,190,301,114,187,0.8305084745762712,1.0,0.3787375415282392,0.9842105263157894,3.6444646186242005,196,9,187,0.04591836734693878,0.9842105263157894,3.4103711213817687,207,20,187,0.0966183574879227,0.9842105263157894,3.665241261161871,195,8,187,0.041025641025641026,0.9842105263157894,3.4388647212789905,205,18,187,0.08780487804878048,0.9842105263157894,1.647225
nmix,nmix,250,200,0.6,20,259,733,543,190,282,94,188,0.7407912687585266,1.0,0.3333333333333333,0.9894736842105263,1267,1077,190,319,130,189,0.8500394632991318,1.0,0.40752351097178685,0.9947368421052631,3.5974540443388827,202,13,189,0.06435643564356436,0.9947368421052631,3.3973464912573452,215,26,189,0.12093023255813953,0.9947368421052631,3.674833357629411,199,11,188,0.05527638190954774,0.9894736842105263,3.4275086471142764,213,24,189,0.11267605633802817,0.9947368421052631,1.542163
nmix,nmix,250,200,0.6,20,260,744,554,190,272,82,190,0.7446236559139785,1.0,0.3014705882352941,1.0,1308,1118,190,319,129,190,0.8547400611620795,1.0,0.4043887147335423,1.0,3.6138268817425327,198,8,190,0.04040404040404041,1.0,3.398684294384445,213,23,190,0.107981220657277,1.0,3.854231834023321,195,5,190,0.02564102564102564,1.0,3.4459849446716095,208,18,190,0.08653846153846154,1.0,1.722539
nmix,nmix,250,200,0.6,20,261,590,400,190,259,69,190,0.6779661016949152,1.0,0.26640926640926643,1.0,1042,852,190,286,96,190,0.817658349328215,1.0,0.3356643356643357,1.0,3.62402491718034,197,7,190,0.03553299492385787,1.0,3.4091192888003166,210,20,190,0.09523809523809523,1.0,3.7406118645826862,195,5,190,0.02564102564102564,1.0,3.460300875650502,209,19,190,0.09090909090909091,1.0,1.543175
nmix,nmix,250,200,0.6,20,262,854,665,189,276,89,187,0.7786885245901639,0.9947368421052631,0.322463768115942,0.9842105263157894,1503,1313,190,344,155,189,0.8735861610113107,1.0,0.45058139534883723,0.9947368421052631,3.6183595033263205,196,8,188,0.04081632653061224,0.9894736842105263,3.4148676603122383,203,15,188,0.07389162561576355,0.9894736842105263,3.7031779079299296,191,6,185,0.031413612565445025,0.9736842105263158,3.5488260561574276,198,10,188,0.050505050505050504,0.9894736842105263,1.877805
nmix,nmix,250,200,0.6,20,263,719,530,189,260,75,185,0.7371349095966621,0.9947368421052631,0.28846153846153844,0.9736842105263158,1294,1104,190,309,122,187,0.8531684698608965,1.0,0.3948220064724919,0.9842105263157894,3.621044959099943,192,7,185,0.036458333333333336,0.9736842105263158,3.4084740340393522,209,22,187,0.10526315789473684,0.9842105263157894,3.705979173379699,189,5,184,0.026455026455026454,0.968421052631579,3.4560545358716777,205,18,187,0.08780487804878048,0.9842105263157894,1.645425
nmix,nmix,250,200,0.6,20,264,576,386,190,251,62,189,0.6701388888888888,1.0,0.24701195219123506,0.9947368421052631,1008,818,190,280,91,189,0.8115079365079365,1.0,0.325,0.9947368421052631,3.602549083678744,201,12,189,0.05970149253731343,0.9947368421052631,3.406640050458197,212,23,189,0.10849056603773585,0.9947368421052631,3.656949541716354,197,8,189,0.04060913705583756,0.9947368421052631,3.4287661990325073,210,21,189,0.1,0.9947368421052631,1.549281
nmix,nmix,250,200,0.6,20,265,663,473,190,252,65,187,0.7134238310708899,1.0,0.25793650793650796,0.9842105263157894,1193,1003,190,304,115,189,0.8407376362112322,1.0,0.3782894736842105,0.9947368421052631,3.5992028002246803,203,14,189,0.06896551724137931,0.9947368421052631,3.4466383173359607,213,24,189,0.11267605633802817,0.9947368421052631,3.670148653894406,196,8,188,0.04081632653061224,0.9894736842105263,3.480129131054261,211,22,189,0.10426540284360189,0.9947368421052631,1.718857
nmix,nmix,250,200,0.6,20,266,805,615,190,274,86,188,0.7639751552795031,1.0,0.31386861313868614,0.9894736842105263,1426,1236,190,333,144,189,0.8667601683029453,1.0,0.43243243243243246,0.9947368421052631,3.624290513047862,196,8,188,0.04081632653061224,0.9894736842105263,3.419557423845003,210,21,189,0.1,0.9947368421052631,3.662167936993422,195,7,188,0.035897435897435895,0.9894736842105263,3.451948974248321,209,20,189,0.09569377990430622,0.9947368421052631,1.664255
nmix,nmix,250,200,0.6,20,267,602,412,190,247,61,186,0.6843853820598007,1.0,0.24696356275303644,0.9789473684210527,1065,875,190,283,96,187,0.8215962441314554,1.0,0.3392226148409894,0.9842105263157894,3.598407946217039,200,13,187,0.065,0.9842105263157894,3.3907054304899455,218,30,188,0.13761467889908258,0.9894736842105263,3.694562178217993,193,7,186,0.03626943005181347,0.9789473684210527,3.465742061003887,210,22,188,0.10476190476190476,0.9894736842105263,1.598216
nmix,nmix,250,200,0.6,20,268,663,474,189,246,63,183,0.7149321266968326,0.9947368421052631,0.25609756097560976,0.9631578947368421,1170,980,190,296,111,185,0.8376068376068376,1.0,0.375,0.9736842105263158,3.612748771115645,196,12,184,0.061224489795918366,0.968421052631579,3.407577963713345,209,23,186,0.11004784688995216,0.9789473684210527,3.6577706073006087,192,8,184,0.041666666666666664,0.968421052631579,3.457911690770849,205,20,185,0.0975609756097561,0.9736842105263158,1.706509
nmix,nmix,250,200,0.6,20,269,784,594,190,259,69,190,0.7576530612244898,1.0,0.26640926640926643,1.0,1342,1152,190,310,120,190,0.8584202682563339,1.0,0.3870967741935484,1.0,3.6195974485923776,201,11,190,0.05472636815920398,1.0,3.4029774413565255,213,23,190,0.107981220657277,1.0,3.6720116489120294,200,10,190,0.05,1.0,3.4429682356330975,211,21,190,0.0995260663507109,1.0,1.774209
nmix,nmix,250,200,0.6,20,270,592,403,189,222,42,180,0.6807432432432432,0.9947368421052631,0.1891891891891892,0.9473684210526315,1113,923,190,272,90,182,0.8292902066486972,1.0,0.33088235294117646,0.9578947368421052,3.661225990503994,186,5,181,0.026881720430107527,0.9526315789473684,3.4196735301178216,197,14,183,0.07106598984771574,0.9631578947368421,3.724737684495437,185,4,181,0.021621621621621623,0.9526315789473684,3.5439697394503287,192,9,183,0.046875,0.9631578947368421,1.589368
nmix,nmix,250,200,0.6,20,271,675,486,189,244,60,184,0.72,0.9947368421052631,0.2459016393442623,0.968421052631579,1125,936,189,291,104,187,0.832,0.9947368421052631,0.35738831615120276,0.9842105263157894,3.6118758723197057,195,8,187,0.041025641025641026,0.9842105263157894,3.4195352716897127,208,21,187,0.10096153846153846,0.9842105263157894,3.657370241424717,193,8,185,0.04145077720207254,0.9736842105263158,3.438693742602742,204,17,187,0.08333333333333333,0.9842105263157894,1.618432
nmix,nmix,250,200,0.6,20,272,614,424,190,263,75,188,0.6905537459283387,1.0,0.28517110266159695,0.9894736842105263,1116,926,190,296,108,188,0.8297491039426523,1.0,0.36486486486486486,0.9894736842105263,3.6083941204859125,202,14,188,0.06930693069306931,0.9894736842105263,3.4018129857950523,213,24,189,0.11267605633802817,0.9947368421052631,3.689853066618583,195,7,188,0.035897435897435895,0.9894736842105263,3.503234530304022,207,18,189,0.08695652173913043,0.9947368421052631,1.850166
nmix,nmix,250,200,0.6,20,273,553,364,189,229,47,182,0.6582278481012658,0.9947368421052631,0.2052401746724891,0.9578947368421052,950,760,190,258,75,183,0.8,1.0,0.29069767441860467,0.9631578947368421,3.6342213894271347,190,7,183,0.03684210526315789,0.9631578947368421,3.4265725462637997,203,17,186,0.08374384236453201,0.9789473684210527,3.6484213237688734,189,6,183,0.031746031746031744,0.9631578947368421,3.4488927332842945,201,15,186,0.07462686567164178,0.9789473684210527,1.556147
nmix,nmix,250,200,0.6,20,274,676,486,190,262,73,189,0.7189349112426036,1.0,0.2786259541984733,0.9947368421052631,1225,1035,190,322,132,190,0.8448979591836735,1.0,0.40993788819875776,1.0,3.6089636416494177,204,14,190,0.06862745098039216,1.0,3.4117387375351287,215,25,190,0.11627906976744186,1.0,3.684613170175219,203,13,190,0.06403940886699508,1.0,3.4607196521424455,213,23,190,0.107981220657277,1.0,1.734524
nmix,nmix,250,200,0.6,20,275,562,372,190,244,54,190,0.6619217081850534,1.0,0.22131147540983606,1.0,1032,842,190,274,84,190,0.8158914728682171,1.0,0.30656934306569344,1.0,3.6042074607534005,201,11,190,0.05472636815920398,1.0,3.412364894914787,213,23,190,0.107981220657277,1.0,3.660212280733583,198,8,190,0.04040404040404041,1.0,3.4303428926314434,212,22,190,0.10377358490566038,1.0,1.750561
nmix,nmix,250,200,0.6,20,276,638,448,190,263,75,188,0.7021943573667712,1.0,0.28517110266159695,0.9894736842105263,1060,870,190,292,103,189,0.8207547169811321,1.0,0.3527397260273973,0.9947368421052631,3.5987667217772588,211,21,190,0.0995260663507109,1.0,3.3882434446473066,229,39,190,0.1703056768558952,1.0,3.6528370739439886,205,17,188,0.08292682926829269,0.9894736842105263,3.425259235838476,225,35,190,0.15555555555555556,1.0,1.644126
nmix,nmix,250,200,0.6,20,277,647,460,187,245,63,182,0.7109737248840804,0.9842105263157894,0.2571428571428571,0.9578947368421052,1185,995,190,282,99,183,0.8396624472573839,1.0,0.35106382978723405,0.9631578947368421,3.6459392211266834,188,5,183,0.026595744680851064,0.9631578947368421,3.4081786337687374,209,23,186,0.11004784688995216,0.9789473684210527,3.6459392211266834,188,5,183,0.026595744680851064,0.9631578947368421,3.4455337895503124,205,19,186,0.09268292682926829,0.9789473684210527,1.560174
nmix,nmix,250,200,0.6,20,278,783,597,186,261,92,169,0.7624521072796935,0.9789473684210527,0.3524904214559387,0.8894736842105263,1345,1157,188,323,148,175,0.8602230483271376,0.9894736842105263,0.4582043343653251,0.9210526315789473,3.665964516467164,181,13,168,0.0718232044198895,0.8842105263157894,3.4219879150107415,197,24,173,0.1218274111675127,0.9105263157894737,3.673783060188333,180,12,168,0.06666666666666667,0.8842105263157894,3.4657506449609348,191,20,171,0.10471204188481675,0.9,1.730863
nmix,nmix,250,200,0.6,20,279,657,469,188,242,66,176,0.7138508371385084,0.9894736842105263,0.2727272727272727,0.9263157894736842,1144,955,189,290,111,179,0.8347902097902098,0.9947368421052631,0.38275862068965516,0.9421052631578948,3.629234542773497,186,9,177,0.04838709677419355,0.9315789473684211,3.4776291750477153,196,18,178,0.09183673469387756,0.9368421052631579,3.6781332630164743,183,7,176,0.03825136612021858,0.9263157894736842,3.4776291750477153,196,18,178,0.09183673469387756,0.9368421052631579,1.638568
nmix,nmix,250,200,0.6,20,280,648,458,190,252,65,187,0.7067901234567902,1.0,0.25793650793650796,0.9842105263157894,1184,994,190,279,91,188,0.839527027027027,1.0,0.32616487455197135,0.9894736842105263,3.6117253884105467,200,13,187,0.065,0.9842105263157894,3.404860347967119,209,20,189,0.09569377990430622,0.9947368421052631,3.7074244391213313,197,10,187,0.050761421319796954,0.9842105263157894,3.466743429379759,206,17,189,0.0825242718446602,0.9947368421052631,1.684487
nmix,nmix,250,200,0.6,20,281,625,435,190,253,64,189,0.696,1.0,0.25296442687747034,0.9947368421052631,1066,876,190,283,94,189,0.8217636022514071,1.0,0.3321554770318021,0.9947368421052631,3.6254628133804827,200,11,189,0.055,0.9947368421052631,3.4067020553198537,211,22,189,0.10426540284360189,0.9947368421052631,3.656310982148195,199,10,189,0.05025125628140704,0.9947368421052631,3.426839705107945,210,21,189,0.1,0.9947368421052631,1.824875
nmix,nmix,250,200,0.6,20,282,538,351,187,219,40,179,0.6524163568773235,0.9842105263157894,0.182648401826484,0.9421052631578948,916,728,188,253,72,181,0.7947598253275109,0.9894736842105263,0.2845849802371542,0.9526315789473684,3.664054779295469,188,7,181,0.03723404255319149,0.9526315789473684,3.4074089706401667,206,23,183,0.11165048543689321,0.9631578947368421,3.664054779295469,188,7,181,0.03723404255319149,0.9526315789473684,3.4471170086352334,205,22,183,0.1073170731707317,0.9631578947368421,1.643582
nmix,nmix,250,200,0.6,20,283,546,356,190,237,47,190,0.652014652014652,1.0,0.19831223628691982,1.0,964,774,190,274,84,190,0.8029045643153527,1.0,0.30656934306569344,1.0,3.615686153790781,200,10,190,0.05,1.0,3.4071414954437107,211,21,190,0.0995260663507109,1.0,3.6994717411703575,199,9,190,0.04522613065326633,1.0,3.4687508690613265,208,18,190,0.08653846153846154,1.0,1.586889
nmix,nmix,250,200,0.6,20,284,656,466,190,263,74,189,0.7103658536585366,1.0,0.2813688212927757,0.9947368421052631,1210,1020,190,308,118,190,0.8429752066115702,1.0,0.38311688311688313,1.0,3.60656788653192,200,10,190,0.05,1.0,3.402074218266376,219,29,190,0.1324200913242009,1.0,3.7120988099347607,194,5,189,0.02577319587628866,0.9947368421052631,3.4475038324687888,214,24,190,0.11214953271028037,1.0,1.63566
nmix,nmix,250,200,0.6,20,285,517,327,190,231,41,190,0.632495164410058,1.0,0.1774891774891775,1.0,900,710,190,254,64,190,0.7888888888888889,1.0,0.25196850393700787,1.0,3.663354277431311,195,5,190,0.02564102564102564,1.0,3.4095434377438094,206,16,190,0.07766990291262135,1.0,3.663354277431311,195,5,190,0.02564102564102564,1.0,3.465274032851297,203,13,190,0.06403940886699508,1.0,1.764529
nmix,nmix,250,200,0.6,20,286,594,404,190,237,48,189,0.6801346801346801,1.0,0.20253164556962025,0.9947368421052631,1070,880,190,274,85,189,0.822429906542056,1.0,0.3102189781021898,0.9947368421052631,3.6119713324254517,199,10,189,0.05025125628140704,0.9947368421052631,3.404848042919617,207,17,190,0.0821256038647343,1.0,3.6645064619900953,196,7,189,0.03571428571428571,0.9947368421052631,3.449138229389246,205,15,190,0.07317073170731707,1.0,1.591464
nmix,nmix,250,200,0.6,20,287,692,502,190,248,59,189,0.7254335260115607,1.0,0.23790322580645162,0.9947368421052631,1183,993,190,293,104,189,0.8393913778529163,1.0,0.35494880546075086,0.9947368421052631,3.6182393759867377,202,13,189,0.06435643564356436,0.9947368421052631,3.4095196732742443,211,21,190,0.0995260663507109,1.0,3.7041606505940647,200,11,189,0.055,0.9947368421052631,3.450873631658971,208,19,189,0.09134615384615384,0.9947368421052631,1.901942
nmix,nmix,250,200,0.6,20,288,553,364,189,232,46,186,0.6582278481012658,0.9947368421052631,0.19827586206896552,0.9789473684210527,957,768,189,281,93,188,0.8025078369905956,0.9947368421052631,0.3309608540925267,0.9894736842105263,3.6200336240344475,197,9,188,0.04568527918781726,0.9894736842105263,3.472794100040823,205,17,188,0.08292682926829269,0.9894736842105263,3.7109543694811484,190,5,185,0.02631578947368421,0.9736842105263158,3.474677784873966,204,16,188,0.0784313725490196,0.9894736842105263,1.634813
nmix,nmix,250,200,0.6,20,289,570,380,190,241,56,185,0.6666666666666666,1.0,0.23236514522821577,0.9736842105263158,1033,843,190,285,100,185,0.8160696999031946,1.0,0.3508771929824561,0.9736842105263158,3.653789251641553,198,13,185,0.06565656565656566,0.9736842105263158,3.449263085259473,211,23,188,0.10900473933649289,0.9894736842105263,3.653789251641553,198,13,185,0.06565656565656566,0.9736842105263158,3.449263085259473,211,23,188,0.10900473933649289,0.9894736842105263,1.678571
nmix,nmix,250,200,0.6,20,290,670,480,190,255,67,188,0.7164179104477612,1.0,0.2627450980392157,0.9894736842105263,1154,964,190,295,105,190,0.8353552859618717,1.0,0.3559322033898305,1.0,3.654506086638384,198,9,189,0.045454545454545456,0.9947368421052631,3.419792114029114,215,25,190,0.11627906976744186,1.0,3.721112340963275,197,9,188,0.04568527918781726,0.9894736842105263,3.4750411068602434,207,17,190,0.0821256038647343,1.0,1.747181
nmix,nmix,250,200,0.6,20,291,581,391,190,246,57,189,0.6729776247848537,1.0,0.23170731707317074,0.9947368421052631,1033,843,190,295,105,190,0.8160696999031946,1.0,0.3559322033898305,1.0,3.6039619556732245,197,7,190,0.03553299492385787,1.0,3.4005760860616325,213,23,190,0.107981220657277,1.0,3.749835076541857,194,4,190,0.020618556701030927,1.0,3.4656297980059256,205,15,190,0.07317073170731707,1.0,1.599428
nmix,nmix,250,200,0.6,20,292,592,402,190,245,56,189,0.6790540540540541,1.0,0.22857142857142856,0.9947368421052631,1125,935,190,282,93,189,0.8311111111111111,1.0,0.32978723404255317,0.9947368421052631,3.615561333192348,195,6,189,0.03076923076923077,0.9947368421052631,3.4328243515895784,201,12,189,0.05970149253731343,0.9947368421052631,3.6862142772590114,192,3,189,0.015625,0.9947368421052631,3.4644715186786676,198,9,189,0.045454545454545456,0.9947368421052631,1.78364
nmix,nmix,250,200,0.6,20,293,674,485,189,255,70,185,0.7195845697329377,0.9947368421052631,0.27450980392156865,0.9736842105263158,1172,983,189,295,108,187,0.8387372013651877,0.9947368421052631,0.36610169491525424,0.9842105263157894,3.603015804996334,196,10,186,0.05102040816326531,0.9789473684210527,3.452188565465239,202,14,188,0.06930693069306931,0.9894736842105263,3.680370594963188,194,8,186,0.041237113402061855,0.9789473684210527,3.452188565465239,202,14,188,0.06930693069306931,0.9894736842105263,1.833577
nmix,nmix,250,200,0.6,20,294,679,489,190,259,72,187,0.7201767304860088,1.0,0.277992277992278,0.9842105263157894,1285,1095,190,311,122,189,0.8521400778210116,1.0,0.39228295819935693,0.9947368421052631,3.604784402325893,195,6,189,0.03076923076923077,0.9947368421052631,3.431040891381332,212,23,189,0.10849056603773585,0.9947368421052631,3.711225471090776,193,5,188,0.025906735751295335,0.9894736842105263,3.4519369240393902,210,21,189,0.1,0.9947368421052631,1.66297
nmix,nmix,250,200,0.6,20,295,651,461,190,259,70,189,0.7081413210445469,1.0,0.2702702702702703,0.9947368421052631,1202,1012,190,308,118,190,0.8419301164725458,1.0,0.38311688311688313,1.0,3.6316960599068095,198,9,189,0.045454545454545456,0.9947368421052631,3.430418264926136,209,19,190,0.09090909090909091,1.0,3.735278254186315,196,7,189,0.03571428571428571,0.9947368421052631,3.447569548412268,207,17,190,0.0821256038647343,1.0,1.765037
nmix,nmix,250,200,0.6,20,296,716,526,190,277,88,189,0.7346368715083799,1.0,0.3176895306859206,0.9947368421052631,1263,1073,190,317,128,189,0.8495645288994458,1.0,0.4037854889589905,0.9947368421052631,3.5900901134879586,206,17,189,0.0825242718446602,0.9947368421052631,3.398928034307768,222,32,190,0.14414414414414414,1.0,3.6787859307985147,203,14,189,0.06896551724137931,0.9947368421052631,3.4330374402382606,216,27,189,0.125,0.9947368421052631,1.782937
nmix,nmix,250,200,0.6,20,297,703,513,190,273,83,190,0.7297297297297297,1.0,0.304029304029304,1.0,1251,1061,190,314,124,190,0.8481215027977618,1.0,0.39490445859872614,1.0,3.614010977823474,202,12,190,0.0594059405940594,1.0,3.3902313080398634,220,30,190,0.13636363636363635,1.0,3.700619284765963,198,8,190,0.04040404040404041,1.0,3.465757460001423,211,21,190,0.0995260663507109,1.0,1.614355
nmix,nmix,250,200,0.6,20,298,461,276,185,222,44,178,0.5986984815618221,0.9736842105263158,0.1981981981981982,0.9368421052631579,807,620,187,252,72,180,0.7682775712515489,0.9842105263157894,0.2857142857142857,0.9473684210526315,3.615933732273652,188,8,180,0.0425531914893617,0.9473684210526315,3.411788323110371,206,23,183,0.11165048543689321,0.9631578947368421,3.642243435415408,187,7,180,0.0374331550802139,0.9473684210526315,3.455978855084491,202,20,182,0.09900990099009901,0.9578947368421052,1.631269
nmix,nmix,250,200,0.6,20,299,655,466,189,241,62,179,0.7114503816793893,0.9947368421052631,0.2572614107883817,0.9421052631578948,1161,971,190,295,113,182,0.8363479758828596,1.0,0.38305084745762713,0.9578947368421052,3.6256667612262117,189,9,180,0.047619047619047616,0.9473684210526315,3.4079184817406682,204,22,182,0.10784313725490197,0.9578947368421052,3.695294026746724,184,5,179,0.02717391304347826,0.9421052631578948,3.464426096433253,199,17,182,0.08542713567839195,0.9578947368421052,1.945939
