model,x_model,p,n,rho,block,seed,R_bh_0.05,V_bh_0.05,S_bh_0.05,R_by_0.05,V_by_0.05,S_by_0.05,fdr_bh_0.05,power_bh_0.05,fdr_by_0.05,power_by_0.05,R_bh_0.1,V_bh_0.1,S_bh_0.1,R_by_0.1,V_by_0.1,S_by_0.1,fdr_bh_0.1,power_bh_0.1,fdr_by_0.1,power_by_0.1,t_lct_0.05,R_lct_0.05,V_lct_0.05,S_lct_0.05,fdr_lct_0.05,power_lct_0.05,t_lct_0.1,R_lct_0.1,V_lct_0.1,S_lct_0.1,fdr_lct_0.1,power_lct_0.1,t_lctb_0.05_B100,R_lctb_0.05_B100,V_lctb_0.05_B100,S_lctb_0.05_B100,fdr_lctb_0.05_B100,power_lctb_0.05_B100,t_lctb_0.1_B100,R_lctb_0.1_B100,V_lctb_0.1_B100,S_lctb_0.1_B100,fdr_lctb_0.1_B100,power_lctb_0.1_B100,wall_time_s
nmix,nmix,250,120,0.7,20,0,580,395,185,221,52,169,0.6810344827586207,0.9736842105263158,0.23529411764705882,0.8894736842105263,1030,841,189,257,84,173,0.816504854368932,0.9947368421052631,0.32684824902723736,0.9105263157894737,3.6661006299263557,189,8,181,0.042328042328042326,0.9526315789473684,3.4196410086076527,198,15,183,0.07575757575757576,0.9631578947368421,3.7710420580639368,184,6,178,0.03260869565217391,0.9368421052631579,3.539040219335454,191,9,182,0.04712041884816754,0.9578947368421052,1.33927
nmix,nmix,250,120,0.7,20,1,616,426,190,251,62,189,0.6915584415584416,1.0,0.24701195219123506,0.9947368421052631,1039,849,190,305,115,190,0.8171318575553417,1.0,0.3770491803278688,1.0,3.607327723496,205,15,190,0.07317073170731707,1.0,3.3974158774928114,214,24,190,0.11214953271028037,1.0,3.81560209822205,196,6,190,0.030612244897959183,1.0,3.5087577388595834,210,20,190,0.09523809523809523,1.0,1.389634
nmix,nmix,250,120,0.7,20,2,448,258,190,216,34,182,0.5758928571428571,1.0,0.1574074074074074,0.9578947368421052,744,554,190,241,58,183,0.7446236559139785,1.0,0.24066390041493776,0.9631578947368421,3.608463898919101,196,10,186,0.05102040816326531,0.9789473684210527,3.402272008796619,209,19,190,0.09090909090909091,1.0,3.735197943647674,194,8,186,0.041237113402061855,0.9789473684210527,3.4849416971600222,204,17,187,0.08333333333333333,0.9842105263157894,1.204781
nmix,nmix,250,120,0.7,20,3,555,365,190,252,62,190,0.6576576576576577,1.0,0.24603174603174602,1.0,917,727,190,296,106,190,0.7928026172300982,1.0,0.3581081081081081,1.0,3.613699368157353,207,17,190,0.0821256038647343,1.0,3.3963809103431104,220,30,190,0.13636363636363635,1.0,3.8004968142755455,199,9,190,0.04522613065326633,1.0,3.51761428548276,210,20,190,0.09523809523809523,1.0,1.309253
nmix,nmix,250,120,0.7,20,4,499,311,188,212,43,169,0.6232464929859719,0.9894736842105263,0.2028301886792453,0.8894736842105263,838,649,189,246,69,177,0.7744630071599046,0.9947368421052631,0.2804878048780488,0.9315789473684211,3.6017969130120955,197,13,184,0.06598984771573604,0.968421052631579,3.4036499694055466,209,21,188,0.10047846889952153,0.9894736842105263,3.838937406834584,184,4,180,0.021739130434782608,0.9473684210526315,3.511558527883973,201,15,186,0.07462686567164178,0.9789473684210527,1.239104
nmix,nmix,250,120,0.7,20,5,633,443,190,242,52,190,0.6998420221169036,1.0,0.21487603305785125,1.0,1056,866,190,284,94,190,0.8200757575757576,1.0,0.33098591549295775,1.0,3.6005461434850092,200,10,190,0.05,1.0,3.4068026581843815,209,19,190,0.09090909090909091,1.0,3.8224292114120098,196,6,190,0.030612244897959183,1.0,3.5704539307012335,201,11,190,0.05472636815920398,1.0,1.284772
nmix,nmix,250,120,0.7,20,6,575,387,188,237,57,180,0.6730434782608695,0.9894736842105263,0.24050632911392406,0.9473684210526315,945,756,189,265,81,184,0.8,0.9947368421052631,0.30566037735849055,0.968421052631579,3.6158940093631684,194,10,184,0.05154639175257732,0.968421052631579,3.414003934880834,208,22,186,0.10576923076923077,0.9789473684210527,3.7681918810566226,190,7,183,0.03684210526315789,0.9631578947368421,3.51903325133004,200,16,184,0.08,0.968421052631579,1.291984
nmix,nmix,250,120,0.7,20,7,863,675,188,284,102,182,0.7821552723059096,0.9894736842105263,0.3591549295774648,0.9578947368421052,1530,1340,190,354,168,186,0.8758169934640523,1.0,0.4745762711864407,0.9789473684210527,3.6020545419037764,203,17,186,0.08374384236453201,0.9789473684210527,3.389728091246674,224,37,187,0.16517857142857142,0.9842105263157894,3.72699967320137,197,11,186,0.05583756345177665,0.9789473684210527,3.488727801385764,211,24,187,0.11374407582938388,0.9842105263157894,1.2922
nmix,nmix,250,120,0.7,20,8,500,311,189,233,48,185,0.622,0.9947368421052631,0.20600858369098712,0.9736842105263158,871,681,190,271,84,187,0.7818599311136625,1.0,0.30996309963099633,0.9842105263157894,3.615109336832958,199,11,188,0.05527638190954774,0.9894736842105263,3.4050798963750877,210,22,188,0.10476190476190476,0.9894736842105263,3.906298502709102,193,5,188,0.025906735751295335,0.9894736842105263,3.535775956750684,203,15,188,0.07389162561576355,0.9894736842105263,1.239606
nmix,nmix,250,120,0.7,20,9,754,566,188,267,82,185,0.7506631299734748,0.9894736842105263,0.30711610486891383,0.9736842105263158,1362,1173,189,309,123,186,0.8612334801762115,0.9947368421052631,0.39805825242718446,0.9789473684210527,3.595685102754924,202,14,188,0.06930693069306931,0.9894736842105263,3.395737430771303,219,31,188,0.1415525114155251,0.9894736842105263,3.8260830516338706,193,7,186,0.03626943005181347,0.9789473684210527,3.54295920283504,206,18,188,0.08737864077669903,0.9894736842105263,1.320433
nmix,nmix,250,120,0.7,20,10,737,547,190,277,87,190,0.7421981004070556,1.0,0.3140794223826715,1.0,1317,1127,190,351,161,190,0.8557327258921792,1.0,0.4586894586894587,1.0,3.604556241959547,205,15,190,0.07317073170731707,1.0,3.4273341481371244,211,21,190,0.0995260663507109,1.0,3.7175652144289235,201,11,190,0.05472636815920398,1.0,3.473490271644867,207,17,190,0.0821256038647343,1.0,1.322785
nmix,nmix,250,120,0.7,20,11,753,563,190,280,92,188,0.747675962815405,1.0,0.32857142857142857,0.9894736842105263,1391,1201,190,329,140,189,0.8634076204169662,1.0,0.425531914893617,0.9947368421052631,3.6261750046554324,204,14,190,0.06862745098039216,1.0,3.484443588136272,212,22,190,0.10377358490566038,1.0,3.8441449073295413,197,7,190,0.03553299492385787,1.0,3.552560355014103,205,15,190,0.07317073170731707,1.0,1.248293
nmix,nmix,250,120,0.7,20,12,587,400,187,237,58,179,0.6814310051107325,0.9842105263157894,0.24472573839662448,0.9421052631578948,1030,842,188,287,105,182,0.8174757281553398,0.9894736842105263,0.36585365853658536,0.9578947368421052,3.6206015234764464,196,11,185,0.05612244897959184,0.9736842105263158,3.4072992646669764,212,26,186,0.12264150943396226,0.9789473684210527,3.8130392037735166,194,10,184,0.05154639175257732,0.968421052631579,3.4758332361440316,210,24,186,0.11428571428571428,0.9789473684210527,1.332037
nmix,nmix,250,120,0.7,20,13,606,418,188,245,58,187,0.6897689768976898,0.9894736842105263,0.23673469387755103,0.9842105263157894,1139,949,190,293,106,187,0.8331870061457419,1.0,0.36177474402730375,0.9842105263157894,3.621816670727167,197,9,188,0.04568527918781726,0.9894736842105263,3.4257748002459363,203,15,188,0.07389162561576355,0.9894736842105263,3.7722240401258755,193,6,187,0.031088082901554404,0.9842105263157894,3.573658575872145,199,11,188,0.05527638190954774,0.9894736842105263,1.195766
nmix,nmix,250,120,0.7,20,14,732,542,190,264,74,190,0.7404371584699454,1.0,0.2803030303030303,1.0,1266,1076,190,298,108,190,0.8499210110584519,1.0,0.3624161073825503,1.0,3.5888160238759976,207,17,190,0.0821256038647343,1.0,3.3948937306709537,217,27,190,0.12442396313364056,1.0,3.8696084590206135,198,8,190,0.04040404040404041,1.0,3.526655116092214,211,21,190,0.0995260663507109,1.0,1.297148
nmix,nmix,250,120,0.7,20,15,585,398,187,230,48,182,0.6803418803418804,0.9842105263157894,0.20869565217391303,0.9578947368421052,1003,814,189,273,90,183,0.8115653040877367,0.9947368421052631,0.32967032967032966,0.9631578947368421,3.6410353980905903,195,9,186,0.046153846153846156,0.9789473684210527,3.418139832821031,205,19,186,0.09268292682926829,0.9789473684210527,3.821744734708399,189,6,183,0.031746031746031744,0.9631578947368421,3.545490921943527,198,12,186,0.06060606060606061,0.9789473684210527,1.277542
nmix,nmix,250,120,0.7,20,16,560,372,188,231,54,177,0.6642857142857143,0.9894736842105263,0.23376623376623376,0.9315789473684211,1004,814,190,270,89,181,0.8107569721115537,1.0,0.3296296296296296,0.9526315789473684,3.6385976868962926,193,9,184,0.046632124352331605,0.968421052631579,3.397982328247978,213,26,187,0.12206572769953052,0.9842105263157894,3.8161956549648757,189,6,183,0.031746031746031744,0.9631578947368421,3.5426886079175435,201,15,186,0.07462686567164178,0.9789473684210527,1.260716
nmix,nmix,250,120,0.7,20,17,676,487,189,251,67,184,0.7204142011834319,0.9947368421052631,0.26693227091633465,0.968421052631579,1199,1009,190,287,102,185,0.841534612176814,1.0,0.3554006968641115,0.9736842105263158,3.6214521553273897,195,10,185,0.05128205128205128,0.9736842105263158,3.4098309934138302,206,17,189,0.0825242718446602,0.9947368421052631,3.7989980373828587,193,8,185,0.04145077720207254,0.9736842105263158,3.5186842720675564,200,13,187,0.065,0.9842105263157894,1.391622
nmix,nmix,250,120,0.7,20,18,627,437,190,247,64,183,0.696969696969697,1.0,0.2591093117408907,0.9631578947368421,1224,1034,190,295,109,186,0.8447712418300654,1.0,0.3694915254237288,0.9789473684210527,3.6149350853722293,199,12,187,0.06030150753768844,0.9842105263157894,3.413791095346169,205,18,187,0.08780487804878048,0.9842105263157894,3.751176947332766,196,9,187,0.04591836734693878,0.9842105263157894,3.5321549707656374,200,13,187,0.065,0.9842105263157894,1.171826
nmix,nmix,250,120,0.7,20,19,791,601,190,287,99,188,0.7597977243994943,1.0,0.34494773519163763,0.9894736842105263,1404,1214,190,347,158,189,0.8646723646723646,1.0,0.4553314121037464,0.9947368421052631,3.6102299029616,200,10,190,0.05,1.0,3.4218144056364745,212,22,190,0.10377358490566038,1.0,3.805854704319956,198,8,190,0.04040404040404041,1.0,3.5342140893653546,204,14,190,0.06862745098039216,1.0,1.401587
nmix,nmix,250,120,0.7,20,20,606,418,188,251,69,182,0.6897689768976898,0.9894736842105263,0.2749003984063745,0.9578947368421052,1114,926,188,300,114,186,0.8312387791741472,0.9894736842105263,0.38,0.9789473684210527,3.6482133882912864,199,11,188,0.05527638190954774,0.9894736842105263,3.4465053071599296,206,18,188,0.08737864077669903,0.9894736842105263,3.781609790432921,195,7,188,0.035897435897435895,0.9894736842105263,3.5280089621086583,202,14,188,0.06930693069306931,0.9894736842105263,1.292897
nmix,nmix,250,120,0.7,20,21,576,386,190,236,47,189,0.6701388888888888,1.0,0.19915254237288135,0.9947368421052631,938,748,190,274,85,189,0.7974413646055437,1.0,0.3102189781021898,0.9947368421052631,3.6006909224482864,204,14,190,0.06862745098039216,1.0,3.3956759460727124,216,26,190,0.12037037037037036,1.0,3.8863351226986995,196,6,190,0.030612244897959183,1.0,3.5819020141949602,205,15,190,0.07317073170731707,1.0,1.243072
nmix,nmix,250,120,0.7,20,22,800,616,184,254,84,170,0.77,0.968421052631579,0.33070866141732286,0.8947368421052632,1448,1260,188,310,135,175,0.8701657458563536,0.9894736842105263,0.43548387096774194,0.9210526315789473,3.6205772401385463,187,12,175,0.06417112299465241,0.9210526315789473,3.4145328902733345,201,20,181,0.09950248756218906,0.9526315789473684,3.7896661239569003,180,8,172,0.044444444444444446,0.9052631578947369,3.576648011640159,194,17,177,0.08762886597938144,0.9315789473684211,1.177566
nmix,nmix,250,120,0.7,20,23,528,338,190,233,43,190,0.6401515151515151,1.0,0.18454935622317598,1.0,882,692,190,257,67,190,0.7845804988662132,1.0,0.2607003891050584,1.0,3.6192864226285577,196,6,190,0.030612244897959183,1.0,3.40414563218257,211,21,190,0.0995260663507109,1.0,3.78173755049313,195,5,190,0.02564102564102564,1.0,3.471747282427282,203,13,190,0.06403940886699508,1.0,1.319472
nmix,nmix,250,120,0.7,20,24,660,473,187,238,70,168,0.7166666666666667,0.9842105263157894,0.29411764705882354,0.8842105263157894,1207,1019,188,287,112,175,0.844241922120961,0.9894736842105263,0.3902439024390244,0.9210526315789473,3.6536506988972053,192,11,181,0.057291666666666664,0.9526315789473684,3.4152085229757034,205,21,184,0.1024390243902439,0.968421052631579,3.764089861593657,186,8,178,0.043010752688172046,0.9368421052631579,3.51686980969415,196,14,182,0.07142857142857142,0.9578947368421052,1.277896
nmix,nmix,250,120,0.7,20,25,608,418,190,237,49,188,0.6875,1.0,0.20675105485232068,0.9894736842105263,1071,881,190,267,78,189,0.8225957049486461,1.0,0.29213483146067415,0.9947368421052631,3.6021876219736404,197,8,189,0.04060913705583756,0.9947368421052631,3.4364009185712296,202,13,189,0.06435643564356436,0.9947368421052631,3.923832156574827,191,2,189,0.010471204188481676,0.9947368421052631,3.5738121185548564,200,11,189,0.055,0.9947368421052631,1.334078
nmix,nmix,250,120,0.7,20,26,457,267,190,223,39,184,0.5842450765864332,1.0,0.17488789237668162,0.968421052631579,781,591,190,253,65,188,0.7567221510883483,1.0,0.25691699604743085,0.9894736842105263,3.6064700362447573,200,11,189,0.055,0.9947368421052631,3.424752744414622,211,21,190,0.0995260663507109,1.0,3.7711738278480884,195,6,189,0.03076923076923077,0.9947368421052631,3.4782682727881293,208,18,190,0.08653846153846154,1.0,1.255288
nmix,nmix,250,120,0.7,20,27,728,539,189,268,87,181,0.7403846153846154,0.9947368421052631,0.3246268656716418,0.9526315789473684,1431,1241,190,342,158,184,0.86722571628232,1.0,0.4619883040935672,0.968421052631579,3.7169970117088145,196,11,185,0.05612244897959184,0.9736842105263158,3.4081967261776827,213,28,185,0.13145539906103287,0.9736842105263158,3.7446866506533216,195,11,184,0.05641025641025641,0.968421052631579,3.511020881155529,206,21,185,0.10194174757281553,0.9736842105263158,1.263492
nmix,nmix,250,120,0.7,20,28,634,445,189,250,71,179,0.7018927444794952,0.9947368421052631,0.284,0.9421052631578948,1038,848,190,282,102,180,0.8169556840077071,1.0,0.3617021276595745,0.9473684210526315,3.6086350586920553,195,11,184,0.05641025641025641,0.968421052631579,3.396679142772261,219,34,185,0.1552511415525114,0.9736842105263158,3.773126459200133,190,8,182,0.042105263157894736,0.9578947368421052,3.5127563405425075,207,22,185,0.10628019323671498,0.9736842105263158,1.249714
nmix,nmix,250,120,0.7,20,29,637,448,189,244,63,181,0.7032967032967034,0.9947368421052631,0.2581967213114754,0.9526315789473684,1141,952,189,289,105,184,0.8343558282208589,0.9947368421052631,0.3633217993079585,0.968421052631579,3.6083733155501636,203,16,187,0.07881773399014778,0.9842105263157894,3.401693187542769,215,28,187,0.13023255813953488,0.9842105263157894,3.8381618733515412,190,6,184,0.031578947368421054,0.968421052631579,3.5484116320195858,207,20,187,0.0966183574879227,0.9842105263157894,1.256187
nmix,nmix,250,120,0.7,20,30,564,377,187,251,68,183,0.6684397163120568,0.9842105263157894,0.27091633466135456,0.9631578947368421,992,803,189,290,105,185,0.8094758064516129,0.9947368421052631,0.3620689655172414,0.9736842105263158,3.605622708726108,203,18,185,0.08866995073891626,0.9736842105263158,3.390644171353052,225,39,186,0.17333333333333334,0.9789473684210527,3.760354497357677,195,10,185,0.05128205128205128,0.9736842105263158,3.516792218387976,209,24,185,0.11483253588516747,0.9736842105263158,1.202873
nmix,nmix,250,120,0.7,20,31,547,359,188,239,54,185,0.6563071297989032,0.9894736842105263,0.22594142259414227,0.9736842105263158,964,774,190,277,92,185,0.8029045643153527,1.0,0.33212996389891697,0.9736842105263158,3.6187243375970852,196,10,186,0.05102040816326531,0.9789473684210527,3.403610842377867,209,22,187,0.10526315789473684,0.9842105263157894,3.7787244358815033,190,4,186,0.021052631578947368,0.9789473684210527,3.525656332166266,201,15,186,0.07462686567164178,0.9789473684210527,1.250773
nmix,nmix,250,120,0.7,20,32,586,397,189,244,58,186,0.6774744027303754,0.9947368421052631,0.23770491803278687,0.9789473684210527,1075,885,190,271,85,186,0.8232558139534883,1.0,0.31365313653136534,0.9789473684210527,3.620493435913308,198,10,188,0.050505050505050504,0.9894736842105263,3.411247207841476,210,21,189,0.1,0.9947368421052631,3.71201831571943,195,7,188,0.035897435897435895,0.9894736842105263,3.482929468256584,204,16,188,0.0784313725490196,0.9894736842105263,1.403604
nmix,nmix,250,120,0.7,20,33,994,806,188,311,125,186,0.8108651911468813,0.9894736842105263,0.40192926045016075,0.9789473684210527,1793,1605,188,402,214,188,0.8951477969882878,0.9894736842105263,0.5323383084577115,0.9894736842105263,3.6467508742491486,196,8,188,0.04081632653061224,0.9894736842105263,3.410761795599231,206,18,188,0.08737864077669903,0.9894736842105263,3.9690874188990835,190,2,188,0.010526315789473684,0.9894736842105263,3.6467508742491486,196,8,188,0.04081632653061224,0.9894736842105263,1.406905
nmix,nmix,250,120,0.7,20,34,886,696,190,296,106,190,0.7855530474040632,1.0,0.3581081081081081,1.0,1560,1370,190,336,146,190,0.8782051282051282,1.0,0.43452380952380953,1.0,3.631056139194501,202,12,190,0.0594059405940594,1.0,3.40203526090387,211,21,190,0.0995260663507109,1.0,3.8023054249314296,200,10,190,0.05,1.0,3.5511578807502273,204,14,190,0.06862745098039216,1.0,1.185459
nmix,nmix,250,120,0.7,20,35,780,590,190,274,97,177,0.7564102564102564,1.0,0.354014598540146,0.9315789473684211,1364,1174,190,327,147,180,0.8607038123167156,1.0,0.44954128440366975,0.9473684210526315,3.623896628325595,200,18,182,0.09,0.9578947368421052,3.394871525896938,214,28,186,0.1308411214953271,0.9789473684210527,3.772318532674821,195,14,181,0.07179487179487179,0.9526315789473684,3.5189360347543586,204,21,183,0.10294117647058823,0.9631578947368421,1.182628
nmix,nmix,250,120,0.7,20,36,667,480,187,235,54,181,0.719640179910045,0.9842105263157894,0.2297872340425532,0.9526315789473684,1132,943,189,279,96,183,0.8330388692579506,0.9947368421052631,0.34408602150537637,0.9631578947368421,3.6638057438268854,199,13,186,0.06532663316582915,0.9789473684210527,3.3935593263265837,215,28,187,0.13023255813953488,0.9842105263157894,3.847523838540953,195,11,184,0.05641025641025641,0.968421052631579,3.573909294049208,201,14,187,0.06965174129353234,0.9842105263157894,1.423506
nmix,nmix,250,120,0.7,20,37,625,435,190,254,66,188,0.696,1.0,0.25984251968503935,0.9894736842105263,1057,867,190,293,105,188,0.8202459791863765,1.0,0.3583617747440273,0.9894736842105263,3.592015901481919,206,17,189,0.0825242718446602,0.9947368421052631,3.3945950701260075,216,27,189,0.125,0.9947368421052631,3.7607584096335565,198,9,189,0.045454545454545456,0.9947368421052631,3.5326253149776035,208,19,189,0.09134615384615384,0.9947368421052631,1.208454
nmix,nmix,250,120,0.7,20,38,594,404,190,255,65,190,0.6801346801346801,1.0,0.2549019607843137,1.0,953,763,190,296,106,190,0.8006295907660022,1.0,0.3581081081081081,1.0,3.6113476108607,205,15,190,0.07317073170731707,1.0,3.391364201705999,219,29,190,0.1324200913242009,1.0,3.8359305979598384,198,8,190,0.04040404040404041,1.0,3.537089583531326,210,20,190,0.09523809523809523,1.0,1.261095
nmix,nmix,250,120,0.7,20,39,862,672,190,277,89,188,0.7795823665893271,1.0,0.3212996389891697,0.9894736842105263,1509,1319,190,343,153,190,0.8740888005301524,1.0,0.446064139941691,1.0,3.603198349831323,199,9,190,0.04522613065326633,1.0,3.4072519325211448,209,19,190,0.09090909090909091,1.0,3.899744924258173,194,4,190,0.020618556701030927,1.0,3.5524549451524434,201,11,190,0.05472636815920398,1.0,1.184943
nmix,nmix,250,120,0.7,20,40,493,303,190,251,61,190,0.6146044624746451,1.0,0.24302788844621515,1.0,827,637,190,278,88,190,0.7702539298669892,1.0,0.31654676258992803,1.0,3.5952147656981706,213,23,190,0.107981220657277,1.0,3.4217395910586497,226,36,190,0.1592920353982301,1.0,3.718302585637008,203,13,190,0.06403940886699508,1.0,3.48099002690358,219,29,190,0.1324200913242009,1.0,1.384283
nmix,nmix,250,120,0.7,20,41,683,494,189,254,67,187,0.7232796486090776,0.9947368421052631,0.2637795275590551,0.9842105263157894,1348,1159,189,309,120,189,0.8597922848664689,0.9947368421052631,0.3883495145631068,0.9947368421052631,3.6295418497355656,201,12,189,0.05970149253731343,0.9947368421052631,3.3983513916929637,215,26,189,0.12093023255813953,0.9947368421052631,3.915397056961319,195,6,189,0.03076923076923077,0.9947368421052631,3.5422761529621054,209,20,189,0.09569377990430622,0.9947368421052631,1.419718
nmix,nmix,250,120,0.7,20,42,833,643,190,293,104,189,0.7719087635054022,1.0,0.35494880546075086,0.9947368421052631,1559,1369,190,345,155,190,0.8781270044900578,1.0,0.4492753623188406,1.0,3.650261052919472,199,9,190,0.04522613065326633,1.0,3.395452777903184,214,24,190,0.11214953271028037,1.0,3.8747904915652924,193,4,189,0.02072538860103627,0.9947368421052631,3.587759963862449,200,10,190,0.05,1.0,1.185277
nmix,nmix,250,120,0.7,20,43,398,208,190,223,35,188,0.5226130653266332,1.0,0.15695067264573992,0.9894736842105263,699,509,190,232,44,188,0.7281831187410587,1.0,0.1896551724137931,0.9894736842105263,3.7038821791178442,203,13,190,0.06403940886699508,1.0,3.4048851651617436,214,24,190,0.11214953271028037,1.0,3.8639585034139814,199,11,188,0.05527638190954774,0.9894736842105263,3.547023715564659,207,17,190,0.0821256038647343,1.0,1.268112
nmix,nmix,250,120,0.7,20,44,855,665,190,291,101,190,0.7777777777777778,1.0,0.3470790378006873,1.0,1513,1323,190,351,161,190,0.8744216787838731,1.0,0.4586894586894587,1.0,3.5991411332493537,206,16,190,0.07766990291262135,1.0,3.396321374696332,219,29,190,0.1324200913242009,1.0,3.8659639588546417,194,4,190,0.020618556701030927,1.0,3.546887601881044,210,20,190,0.09523809523809523,1.0,1.226425
nmix,nmix,250,120,0.7,20,45,544,354,190,247,58,189,0.6507352941176471,1.0,0.23481781376518218,0.9947368421052631,983,793,190,284,95,189,0.8067141403865717,1.0,0.3345070422535211,0.9947368421052631,3.6231115566512435,200,11,189,0.055,0.9947368421052631,3.412531905466294,208,19,189,0.09134615384615384,0.9947368421052631,3.747210676258176,196,7,189,0.03571428571428571,0.9947368421052631,3.4829565064789256,202,13,189,0.06435643564356436,0.9947368421052631,1.379178
nmix,nmix,250,120,0.7,20,46,427,238,189,228,41,187,0.5573770491803278,0.9947368421052631,0.17982456140350878,0.9842105263157894,764,574,190,250,62,188,0.7513089005235603,1.0,0.248,0.9894736842105263,3.583745514666735,212,23,189,0.10849056603773585,0.9947368421052631,3.39953164107661,220,31,189,0.1409090909090909,0.9947368421052631,3.764124654935378,201,12,189,0.05970149253731343,0.9947368421052631,3.501286533202269,215,26,189,0.12093023255813953,0.9947368421052631,1.186595
nmix,nmix,250,120,0.7,20,47,431,243,188,221,34,187,0.5638051044083526,0.9894736842105263,0.15384615384615385,0.9842105263157894,731,541,190,257,69,188,0.7400820793433652,1.0,0.26848249027237353,0.9894736842105263,3.600646485405999,199,11,188,0.05527638190954774,0.9894736842105263,3.4061016822866734,213,25,188,0.11737089201877934,0.9894736842105263,3.761280408782766,193,5,188,0.025906735751295335,0.9894736842105263,3.504770789348435,205,17,188,0.08292682926829269,0.9894736842105263,1.179495
nmix,nmix,250,120,0.7,20,48,857,668,189,251,74,177,0.779463243873979,0.9947368421052631,0.2948207171314741,0.9315789473684211,1540,1350,190,315,133,182,0.8766233766233766,1.0,0.4222222222222222,0.9578947368421052,3.6385557522643137,194,9,185,0.04639175257731959,0.9736842105263158,3.416022076442058,212,27,185,0.12735849056603774,0.9736842105263158,3.8178740118653915,186,4,182,0.021505376344086023,0.9578947368421052,3.5428332696873017,197,12,185,0.06091370558375635,0.9736842105263158,1.388542
nmix,nmix,250,120,0.7,20,49,854,665,189,289,103,186,0.7786885245901639,0.9947368421052631,0.356401384083045,0.9789473684210527,1494,1304,190,352,166,186,0.8728246318607764,1.0,0.4715909090909091,0.9789473684210527,3.618973189322828,209,22,187,0.10526315789473684,0.9842105263157894,3.3839953291945783,228,39,189,0.17105263157894737,0.9947368421052631,3.729734078570392,206,20,186,0.0970873786407767,0.9789473684210527,3.4997495584732192,214,26,188,0.12149532710280374,0.9894736842105263,1.376333
nmix,nmix,250,120,0.7,20,50,624,434,190,262,79,183,0.6955128205128205,1.0,0.3015267175572519,0.9631578947368421,1063,873,190,310,126,184,0.8212605832549389,1.0,0.4064516129032258,0.968421052631579,3.607444908566948,196,10,186,0.05102040816326531,0.9789473684210527,3.416929501904419,210,24,186,0.11428571428571428,0.9789473684210527,3.733994213853575,192,8,184,0.041666666666666664,0.968421052631579,3.501751552234819,201,15,186,0.07462686567164178,0.9789473684210527,1.293196
nmix,nmix,250,120,0.7,20,51,550,361,189,245,57,188,0.6563636363636364,0.9947368421052631,0.23265306122448978,0.9894736842105263,1005,815,190,271,83,188,0.8109452736318408,1.0,0.3062730627306273,0.9894736842105263,3.6816966854737014,202,13,189,0.06435643564356436,0.9947368421052631,3.4145141140804918,212,23,189,0.10849056603773585,0.9947368421052631,3.7882854482909947,199,10,189,0.05025125628140704,0.9947368421052631,3.533520311305241,206,17,189,0.0825242718446602,0.9947368421052631,1.200333
nmix,nmix,250,120,0.7,20,52,723,533,190,261,71,190,0.7372060857538036,1.0,0.2720306513409962,1.0,1304,1114,190,303,113,190,0.8542944785276073,1.0,0.37293729372937295,1.0,3.60637657896883,198,8,190,0.04040404040404041,1.0,3.4194738768865016,209,19,190,0.09090909090909091,1.0,3.98715556052709,193,3,190,0.015544041450777202,1.0,3.551400904138529,199,9,190,0.04522613065326633,1.0,1.353763
nmix,nmix,250,120,0.7,20,53,672,482,190,259,69,190,0.7172619047619048,1.0,0.26640926640926643,1.0,1154,964,190,304,114,190,0.8353552859618717,1.0,0.375,1.0,3.630016011785187,201,11,190,0.05472636815920398,1.0,3.4586567111965048,211,21,190,0.0995260663507109,1.0,3.79808084017262,197,7,190,0.03553299492385787,1.0,3.5650473254291684,204,14,190,0.06862745098039216,1.0,1.211076
nmix,nmix,250,120,0.7,20,54,596,406,190,255,66,189,0.6812080536912751,1.0,0.25882352941176473,0.9947368421052631,1016,826,190,294,105,189,0.812992125984252,1.0,0.35714285714285715,0.9947368421052631,3.6259582978653,202,12,190,0.0594059405940594,1.0,3.3916551773435644,220,30,190,0.13636363636363635,1.0,3.8125044465338402,197,7,190,0.03553299492385787,1.0,3.537063598378657,206,16,190,0.07766990291262135,1.0,1.277194
nmix,nmix,250,120,0.7,20,55,501,313,188,217,36,181,0.624750499001996,0.9894736842105263,0.16589861751152074,0.9526315789473684,882,693,189,253,70,183,0.7857142857142857,0.9947368421052631,0.2766798418972332,0.9631578947368421,3.6214830047412314,199,12,187,0.06030150753768844,0.9842105263157894,3.413475480712396,212,24,188,0.11320754716981132,0.9894736842105263,3.820041215374215,193,6,187,0.031088082901554404,0.9842105263157894,3.588539102392048,200,13,187,0.065,0.9842105263157894,1.271142
nmix,nmix,250,120,0.7,20,56,657,467,190,241,53,188,0.710806697108067,1.0,0.21991701244813278,0.9894736842105263,1188,998,190,282,93,189,0.8400673400673401,1.0,0.32978723404255317,0.9947368421052631,3.705554993771079,199,9,190,0.04522613065326633,1.0,3.4088467598392214,205,15,190,0.07317073170731707,1.0,3.872422059080145,193,4,189,0.02072538860103627,0.9947368421052631,3.705554993771079,199,9,190,0.04522613065326633,1.0,1.265856
nmix,nmix,250,120,0.7,20,57,696,507,189,265,78,187,0.728448275862069,0.9947368421052631,0.2943396226415094,0.9842105263157894,1169,979,190,311,124,187,0.8374679213002566,1.0,0.3987138263665595,0.9842105263157894,3.6116773693026385,199,10,189,0.05025125628140704,0.9947368421052631,3.4119192421101374,212,23,189,0.10849056603773585,0.9947368421052631,3.8166557263123875,194,6,188,0.030927835051546393,0.9894736842105263,3.5700943631643396,200,11,189,0.055,0.9947368421052631,1.364111
nmix,nmix,250,120,0.7,20,58,632,445,187,225,52,173,0.7041139240506329,0.9842105263157894,0.2311111111111111,0.9105263157894737,1103,913,190,267,88,179,0.827742520398912,1.0,0.3295880149812734,0.9421052631578948,3.6090563062059013,197,13,184,0.06598984771573604,0.968421052631579,3.4239279868085726,209,23,186,0.11004784688995216,0.9789473684210527,3.785588681444374,188,7,181,0.03723404255319149,0.9526315789473684,3.5362566930466266,199,15,184,0.07537688442211055,0.968421052631579,1.297969
nmix,nmix,250,120,0.7,20,59,868,678,190,296,107,189,0.7811059907834101,1.0,0.3614864864864865,0.9947368421052631,1497,1307,190,358,169,189,0.8730794923179692,1.0,0.4720670391061452,0.9947368421052631,3.648010757993026,207,17,190,0.0821256038647343,1.0,3.3948115266965195,222,32,190,0.14414414414414414,1.0,3.749522295668999,200,11,189,0.055,0.9947368421052631,3.49362253435891,216,26,190,0.12037037037037036,1.0,1.356735
nmix,nmix,250,120,0.7,20,60,680,490,190,260,72,188,0.7205882352941176,1.0,0.27692307692307694,0.9894736842105263,1216,1026,190,295,107,188,0.84375,1.0,0.36271186440677966,0.9894736842105263,3.6257137987025896,201,12,189,0.05970149253731343,0.9947368421052631,3.4105019337094746,214,24,190,0.11214953271028037,1.0,3.7984312517416208,196,7,189,0.03571428571428571,0.9947368421052631,3.52473971594322,206,16,190,0.07766990291262135,1.0,1.218653
nmix,nmix,250,120,0.7,20,61,682,492,190,257,69,188,0.7214076246334311,1.0,0.26848249027237353,0.9894736842105263,1210,1020,190,298,109,189,0.8429752066115702,1.0,0.36577181208053694,0.9947368421052631,3.6458329690409133,200,10,190,0.05,1.0,3.3935150942549424,217,27,190,0.12442396313364056,1.0,3.749559124147547,198,8,190,0.04040404040404041,1.0,3.506624718241817,204,14,190,0.06862745098039216,1.0,1.176995
nmix,nmix,250,120,0.7,20,62,537,349,188,223,50,173,0.6499068901303539,0.9894736842105263,0.2242152466367713,0.9105263157894737,958,769,189,267,87,180,0.802713987473904,0.9947368421052631,0.3258426966292135,0.9473684210526315,3.5995653259150386,199,13,186,0.06532663316582915,0.9789473684210527,3.4038622512472294,219,31,188,0.1415525114155251,0.9894736842105263,3.7535941136333957,191,8,183,0.041884816753926704,0.9631578947368421,3.5381077628430213,204,17,187,0.08333333333333333,0.9842105263157894,1.379361
nmix,nmix,250,120,0.7,20,63,727,537,190,271,81,190,0.7386519944979367,1.0,0.2988929889298893,1.0,1271,1081,190,322,132,190,0.8505114083398898,1.0,0.40993788819875776,1.0,3.6176946803873733,208,18,190,0.08653846153846154,1.0,3.3873836193692646,226,36,190,0.1592920353982301,1.0,3.841924997596038,200,10,190,0.05,1.0,3.551472387157767,217,27,190,0.12442396313364056,1.0,1.242563
nmix,nmix,250,120,0.7,20,64,687,498,189,265,78,187,0.7248908296943232,0.9947368421052631,0.2943396226415094,0.9842105263157894,1179,989,190,306,118,188,0.8388464800678541,1.0,0.38562091503267976,0.9894736842105263,3.635618801751202,207,18,189,0.08695652173913043,0.9947368421052631,3.3942182178016846,218,29,189,0.13302752293577982,0.9947368421052631,3.8114376480103824,198,10,188,0.050505050505050504,0.9894736842105263,3.5339600792933403,208,19,189,0.09134615384615384,0.9947368421052631,1.289932
nmix,nmix,250,120,0.7,20,65,607,417,190,250,62,188,0.6869851729818781,1.0,0.248,0.9894736842105263,1057,867,190,306,117,189,0.8202459791863765,1.0,0.38235294117647056,0.9947368421052631,3.649996607215473,201,12,189,0.05970149253731343,0.9947368421052631,3.41372654854736,213,23,190,0.107981220657277,1.0,3.803830046923529,198,9,189,0.045454545454545456,0.9947368421052631,3.535933172150345,205,15,190,0.07317073170731707,1.0,1.344837
nmix,nmix,250,120,0.7,20,66,570,380,190,252,62,190,0.6666666666666666,1.0,0.24603174603174602,1.0,976,786,190,284,94,190,0.805327868852459,1.0,0.33098591549295775,1.0,3.5917237334913743,207,17,190,0.0821256038647343,1.0,3.3989612013690067,217,27,190,0.12442396313364056,1.0,3.822360202102811,198,8,190,0.04040404040404041,1.0,3.5484302233041944,210,20,190,0.09523809523809523,1.0,1.301499
nmix,nmix,250,120,0.7,20,67,596,413,183,233,69,164,0.6929530201342282,0.9631578947368421,0.296137339055794,0.8631578947368421,1121,935,186,304,129,175,0.8340767172167708,0.9789473684210527,0.4243421052631579,0.9210526315789473,3.608260167329238,200,19,181,0.095,0.9526315789473684,3.3946715168451878,224,41,183,0.18303571428571427,0.9631578947368421,3.7942692091796504,187,11,176,0.058823529411764705,0.9263157894736842,3.5328309615646885,203,21,182,0.10344827586206896,0.9578947368421052,1.243173
nmix,nmix,250,120,0.7,20,68,641,451,190,272,82,190,0.7035881435257411,1.0,0.3014705882352941,1.0,1086,896,190,315,125,190,0.8250460405156538,1.0,0.3968253968253968,1.0,3.6066893769506745,201,11,190,0.05472636815920398,1.0,3.3957357479811865,218,28,190,0.12844036697247707,1.0,4.181911927547566,194,4,190,0.020618556701030927,1.0,3.5837590349708432,202,12,190,0.0594059405940594,1.0,1.250174
nmix,nmix,250,120,0.7,20,69,776,586,190,279,90,189,0.7551546391752577,1.0,0.3225806451612903,0.9947368421052631,1461,1271,190,332,143,189,0.8699520876112252,1.0,0.4307228915662651,0.9947368421052631,3.641005738314201,201,11,190,0.05472636815920398,1.0,3.3943853405808104,215,25,190,0.11627906976744186,1.0,3.7968019590868867,197,7,190,0.03553299492385787,1.0,3.5477237106374573,205,15,190,0.07317073170731707,1.0,1.228339
nmix,nmix,250,120,0.7,20,70,586,402,184,237,63,174,0.6860068259385665,0.968421052631579,0.26582278481012656,0.9157894736842105,1000,812,188,261,84,177,0.812,0.9894736842105263,0.3218390804597701,0.9315789473684211,3.619510806007208,198,14,184,0.0707070707070707,0.968421052631579,3.3985060372735028,213,29,184,0.13615023474178403,0.968421052631579,3.8057121265676734,188,8,180,0.0425531914893617,0.9473684210526315,3.5009422010771036,202,18,184,0.0891089108910891,0.968421052631579,1.216807
nmix,nmix,250,120,0.7,20,71,504,314,190,254,65,189,0.623015873015873,1.0,0.2559055118110236,0.9947368421052631,866,676,190,283,94,189,0.7806004618937644,1.0,0.3321554770318021,0.9947368421052631,3.585584127178246,215,25,190,0.11627906976744186,1.0,3.389556770463721,224,34,190,0.15178571428571427,1.0,3.780320953283237,205,15,190,0.07317073170731707,1.0,3.576858141322772,216,26,190,0.12037037037037036,1.0,1.38114
nmix,nmix,250,120,0.7,20,72,618,428,190,247,62,185,0.6925566343042071,1.0,0.25101214574898784,0.9736842105263158,1044,854,190,272,86,186,0.8180076628352491,1.0,0.3161764705882353,0.9789473684210527,3.610282541711059,198,10,188,0.050505050505050504,0.9894736842105263,3.4106769029702386,217,28,189,0.12903225806451613,0.9947368421052631,3.769193548768476,194,6,188,0.030927835051546393,0.9894736842105263,3.544199852536031,201,13,188,0.06467661691542288,0.9894736842105263,1.227501
nmix,nmix,250,120,0.7,20,73,619,430,189,252,68,184,0.6946688206785138,0.9947368421052631,0.2698412698412698,0.968421052631579,1024,834,190,298,112,186,0.814453125,1.0,0.37583892617449666,0.9789473684210527,3.636567726314995,201,13,188,0.06467661691542288,0.9894736842105263,3.4207187852133036,213,24,189,0.11267605633802817,0.9947368421052631,3.7550686744445394,194,8,186,0.041237113402061855,0.9789473684210527,3.483585045065072,208,20,188,0.09615384615384616,0.9894736842105263,1.354682
nmix,nmix,250,120,0.7,20,74,633,445,188,237,62,175,0.7030015797788309,0.9894736842105263,0.2616033755274262,0.9210526315789473,1135,946,189,289,107,182,0.8334801762114538,0.9947368421052631,0.370242214532872,0.9578947368421052,3.626758561671543,198,15,183,0.07575757575757576,0.9631578947368421,3.41897431417574,213,26,187,0.12206572769953052,0.9842105263157894,3.827637995421205,188,6,182,0.031914893617021274,0.9578947368421052,3.536996071222494,205,20,185,0.0975609756097561,0.9736842105263158,1.17259
nmix,nmix,250,120,0.7,20,75,550,361,189,240,51,189,0.6563636363636364,0.9947368421052631,0.2125,0.9947368421052631,941,751,190,271,82,189,0.798087141339001,1.0,0.3025830258302583,0.9947368421052631,3.5997162812828507,203,14,189,0.06896551724137931,0.9947368421052631,3.400566864920231,216,27,189,0.125,0.9947368421052631,3.763760106072814,196,7,189,0.03571428571428571,0.9947368421052631,3.5084669349026947,210,21,189,0.1,0.9947368421052631,1.319091
nmix,nmix,250,120,0.7,20,76,599,411,188,247,61,186,0.6861435726210351,0.9894736842105263,0.24696356275303644,0.9789473684210527,1087,898,189,286,99,187,0.8261269549218031,0.9947368421052631,0.34615384615384615,0.9842105263157894,3.6668913050414638,198,11,187,0.05555555555555555,0.9842105263157894,3.390936427969814,217,29,188,0.1336405529953917,0.9894736842105263,3.849297224047216,193,6,187,0.031088082901554404,0.9842105263157894,3.572520281196664,200,12,188,0.06,0.9894736842105263,1.312557
nmix,nmix,250,120,0.7,20,77,716,527,189,269,87,182,0.7360335195530726,0.9947368421052631,0.32342007434944237,0.9578947368421052,1258,1068,190,310,126,184,0.848966613672496,1.0,0.4064516129032258,0.968421052631579,3.5963298993676034,202,15,187,0.07425742574257425,0.9842105263157894,3.3821579514259876,225,37,188,0.16444444444444445,0.9894736842105263,3.813518459237561,194,9,185,0.04639175257731959,0.9736842105263158,3.512000815964828,211,24,187,0.11374407582938388,0.9842105263157894,1.179333
nmix,nmix,250,120,0.7,20,78,552,362,190,232,43,189,0.6557971014492754,1.0,0.1853448275862069,0.9947368421052631,819,629,190,269,80,189,0.7680097680097681,1.0,0.29739776951672864,0.9947368421052631,3.620160882972493,200,10,190,0.05,1.0,3.3975753786582987,212,22,190,0.10377358490566038,1.0,3.7844469439033426,198,8,190,0.04040404040404041,1.0,3.5300803784700405,205,15,190,0.07317073170731707,1.0,1.239203
nmix,nmix,250,120,0.7,20,79,694,504,190,240,53,187,0.7262247838616714,1.0,0.22083333333333333,0.9842105263157894,1253,1063,190,283,94,189,0.8483639265762171,1.0,0.3321554770318021,0.9947368421052631,3.6882082843924255,200,10,190,0.05,1.0,3.4984919163976547,207,17,190,0.0821256038647343,1.0,3.8100733315879407,197,8,189,0.04060913705583756,0.9947368421052631,3.536425393055942,205,15,190,0.07317073170731707,1.0,1.18441
nmix,nmix,250,120,0.7,20,80,564,374,190,261,73,188,0.6631205673758865,1.0,0.2796934865900383,0.9894736842105263,1017,827,190,288,98,190,0.8131760078662733,1.0,0.3402777777777778,1.0,3.607656915279837,201,11,190,0.05472636815920398,1.0,3.3836178142803246,223,33,190,0.14798206278026907,1.0,3.851420216857561,197,7,190,0.03553299492385787,1.0,3.488153287701466,212,22,190,0.10377358490566038,1.0,1.380458
nmix,nmix,250,120,0.7,20,81,641,452,189,245,59,186,0.7051482059282371,0.9947368421052631,0.24081632653061225,0.9789473684210527,1045,856,189,293,106,187,0.8191387559808613,0.9947368421052631,0.36177474402730375,0.9842105263157894,3.624082341703226,198,9,189,0.045454545454545456,0.9947368421052631,3.3978620054416186,213,24,189,0.11267605633802817,0.9947368421052631,3.7401079822653163,195,7,188,0.035897435897435895,0.9894736842105263,3.503529171155077,206,17,189,0.0825242718446602,0.9947368421052631,1.322035
nmix,nmix,250,120,0.7,20,82,690,500,190,256,68,188,0.7246376811594203,1.0,0.265625,0.9894736842105263,1200,1010,190,299,111,188,0.8416666666666667,1.0,0.3712374581939799,0.9894736842105263,3.605477670508357,198,9,189,0.045454545454545456,0.9947368421052631,3.394595729645102,214,24,190,0.11214953271028037,1.0,3.8575843751974426,190,2,188,0.010526315789473684,0.9894736842105263,3.54664797296625,203,14,189,0.06896551724137931,0.9947368421052631,1.227255
nmix,nmix,250,120,0.7,20,83,531,347,184,221,47,174,0.6534839924670434,0.968421052631579,0.21266968325791855,0.9157894736842105,967,781,186,264,86,178,0.8076525336091003,0.9789473684210527,0.32575757575757575,0.9368421052631579,3.635969742654552,192,12,180,0.0625,0.9473684210526315,3.4068871417941105,206,24,182,0.11650485436893204,0.9578947368421052,3.7635742615005965,189,10,179,0.05291005291005291,0.9421052631578948,3.5647027103447217,194,14,180,0.07216494845360824,0.9473684210526315,1.269996
nmix,nmix,250,120,0.7,20,84,647,458,189,259,75,184,0.7078825347758887,0.9947368421052631,0.28957528957528955,0.968421052631579,1179,989,190,292,106,186,0.8388464800678541,1.0,0.363013698630137,0.9789473684210527,3.5943451559904673,204,17,187,0.08333333333333333,0.9842105263157894,3.387970976368639,221,34,187,0.15384615384615385,0.9842105263157894,3.8020737437920187,194,8,186,0.041237113402061855,0.9789473684210527,3.5247795571215996,206,19,187,0.09223300970873786,0.9842105263157894,1.389272
nmix,nmix,250,120,0.7,20,85,651,461,190,250,61,189,0.7081413210445469,1.0,0.244,0.9947368421052631,1175,985,190,290,101,189,0.8382978723404255,1.0,0.3482758620689655,0.9947368421052631,3.6234958366055716,202,12,190,0.0594059405940594,1.0,3.4080846270977028,219,29,190,0.1324200913242009,1.0,3.88909956379084,196,6,190,0.030612244897959183,1.0,3.56068536506825,206,16,190,0.07766990291262135,1.0,1.275015
nmix,nmix,250,120,0.7,20,86,918,733,185,266,97,169,0.7984749455337691,0.9736842105263158,0.36466165413533835,0.8894736842105263,1658,1470,188,358,185,173,0.8866103739445115,0.9894736842105263,0.5167597765363129,0.9105263157894737,3.6288860290881795,188,13,175,0.06914893617021277,0.9210526315789473,3.415965160974314,201,23,178,0.11442786069651742,0.9368421052631579,3.833322826606029,180,8,172,0.044444444444444446,0.9052631578947369,3.5479011648134633,191,15,176,0.07853403141361257,0.9263157894736842,1.200427
nmix,nmix,250,120,0.7,20,87,631,441,190,244,59,185,0.6988906497622821,1.0,0.24180327868852458,0.9736842105263158,1106,916,190,292,104,188,0.8282097649186256,1.0,0.3561643835616438,0.9894736842105263,3.6254523511106345,202,12,190,0.0594059405940594,1.0,3.4232980772806068,211,21,190,0.0995260663507109,1.0,3.731659318737589,199,9,190,0.04522613065326633,1.0,3.489201618715427,208,18,190,0.08653846153846154,1.0,1.199294
nmix,nmix,250,120,0.7,20,88,678,488,190,264,75,189,0.7197640117994101,1.0,0.2840909090909091,0.9947368421052631,1142,952,190,325,135,190,0.8336252189141856,1.0,0.4153846153846154,1.0,3.590186129231418,207,17,190,0.0821256038647343,1.0,3.390994687536606,220,30,190,0.13636363636363635,1.0,3.830696696294948,198,8,190,0.04040404040404041,1.0,3.577297560740414,208,18,190,0.08653846153846154,1.0,1.44097
nmix,nmix,250,120,0.7,20,89,561,371,190,256,66,190,0.661319073083779,1.0,0.2578125,1.0,1044,854,190,286,96,190,0.8180076628352491,1.0,0.3356643356643357,1.0,3.6440841422851227,203,13,190,0.06403940886699508,1.0,3.4051672128287023,215,25,190,0.11627906976744186,1.0,3.8018569032964384,198,8,190,0.04040404040404041,1.0,3.4946194478081547,210,20,190,0.09523809523809523,1.0,1.288334
nmix,nmix,250,120,0.7,20,90,625,435,190,252,63,189,0.696,1.0,0.25,0.9947368421052631,1034,844,190,285,96,189,0.816247582205029,1.0,0.3368421052631579,0.9947368421052631,3.61423532958115,202,12,190,0.0594059405940594,1.0,3.4120052616665055,209,19,190,0.09090909090909091,1.0,3.8053006333296495,197,7,190,0.03553299492385787,1.0,3.5134760270153813,203,13,190,0.06403940886699508,1.0,1.340246
nmix,nmix,250,120,0.7,20,91,701,511,190,254,65,189,0.7289586305278174,1.0,0.2559055118110236,0.9947368421052631,1330,1140,190,303,113,190,0.8571428571428571,1.0,0.37293729372937295,1.0,3.6111333459901886,201,11,190,0.05472636815920398,1.0,3.3881670842180083,219,29,190,0.1324200913242009,1.0,3.8454015416342027,194,4,190,0.020618556701030927,1.0,3.536634926058494,205,15,190,0.07317073170731707,1.0,1.218484
nmix,nmix,250,120,0.7,20,92,573,383,190,255,68,187,0.6684118673647469,1.0,0.26666666666666666,0.9842105263157894,966,776,190,291,103,188,0.8033126293995859,1.0,0.3539518900343643,0.9894736842105263,3.602182394085868,208,19,189,0.09134615384615384,0.9947368421052631,3.387410540126303,221,32,189,0.14479638009049775,0.9947368421052631,3.7342530734771797,197,9,188,0.04568527918781726,0.9894736842105263,3.5109881013376456,212,23,189,0.10849056603773585,0.9947368421052631,1.349429
nmix,nmix,250,120,0.7,20,93,793,603,190,274,84,190,0.7604035308953342,1.0,0.30656934306569344,1.0,1322,1132,190,321,131,190,0.8562783661119516,1.0,0.40809968847352024,1.0,3.6046854231736654,198,8,190,0.04040404040404041,1.0,3.4061742728773288,207,17,190,0.0821256038647343,1.0,3.8860446480154494,194,4,190,0.020618556701030927,1.0,3.542462603727088,201,11,190,0.05472636815920398,1.0,1.539744
nmix,nmix,250,120,0.7,20,94,641,451,190,253,64,189,0.7035881435257411,1.0,0.25296442687747034,0.9947368421052631,1107,917,190,294,104,190,0.8283649503161699,1.0,0.35374149659863946,1.0,3.6109185099075805,204,14,190,0.06862745098039216,1.0,3.391961930139049,221,31,190,0.14027149321266968,1.0,3.818333056057949,195,5,190,0.02564102564102564,1.0,3.5494253289602926,208,18,190,0.08653846153846154,1.0,1.224096
nmix,nmix,250,120,0.7,20,95,573,383,190,225,35,190,0.6684118673647469,1.0,0.15555555555555556,1.0,902,712,190,250,60,190,0.7893569844789357,1.0,0.24,1.0,3.648746130522304,198,8,190,0.04040404040404041,1.0,3.4038024003904397,210,20,190,0.09523809523809523,1.0,4.9271858001684645,191,1,190,0.005235602094240838,1.0,3.648746130522304,198,8,190,0.04040404040404041,1.0,1.391298
nmix,nmix,250,120,0.7,20,96,653,464,189,268,82,186,0.7105666156202144,0.9947368421052631,0.30597014925373134,0.9789473684210527,1244,1054,190,306,120,186,0.8472668810289389,1.0,0.39215686274509803,0.9789473684210527,3.594319571659229,204,16,188,0.0784313725490196,0.9894736842105263,3.4005142126978445,217,29,188,0.1336405529953917,0.9894736842105263,3.784905307614319,194,7,187,0.03608247422680412,0.9842105263157894,3.5282691989692965,207,19,188,0.09178743961352658,0.9894736842105263,1.174104
nmix,nmix,250,120,0.7,20,97,578,388,190,251,65,186,0.671280276816609,1.0,0.2589641434262948,0.9789473684210527,1019,829,190,289,102,187,0.8135426889106968,1.0,0.35294117647058826,0.9842105263157894,3.6298760312980214,204,14,190,0.06862745098039216,1.0,3.3888882196360397,225,35,190,0.15555555555555556,1.0,3.8025896470795457,196,7,189,0.03571428571428571,0.9947368421052631,3.5176332453110537,211,21,190,0.0995260663507109,1.0,1.471509
nmix,nmix,250,120,0.7,20,98,629,439,190,246,62,184,0.6979332273449921,1.0,0.25203252032520324,0.968421052631579,1098,908,190,314,124,190,0.8269581056466302,1.0,0.39490445859872614,1.0,3.593551840130649,208,18,190,0.08653846153846154,1.0,3.397546896918898,215,25,190,0.11627906976744186,1.0,3.813628606715909,198,9,189,0.045454545454545456,0.9947368421052631,3.500813693907859,211,21,190,0.0995260663507109,1.0,1.182336
nmix,nmix,250,120,0.7,20,99,623,433,190,272,83,189,0.695024077046549,1.0,0.30514705882352944,0.9947368421052631,1063,873,190,304,115,189,0.8212605832549389,1.0,0.3782894736842105,0.9947368421052631,3.6654540729438203,202,12,190,0.0594059405940594,1.0,3.3901327744584218,223,33,190,0.14798206278026907,1.0,3.7381235372903525,199,9,190,0.04522613065326633,1.0,3.4947718774662184,215,25,190,0.11627906976744186,1.0,1.289632
nmix,nmix,250,120,0.7,20,100,484,294,190,237,49,188,0.6074380165289256,1.0,0.20675105485232068,0.9894736842105263,816,626,190,273,84,189,0.7671568627450981,1.0,0.3076923076923077,0.9947368421052631,3.5979653193508807,203,13,190,0.06403940886699508,1.0,3.392668273942622,217,27,190,0.12442396313364056,1.0,3.716081459612356,199,10,189,0.05025125628140704,0.9947368421052631,3.476778034147636,211,21,190,0.0995260663507109,1.0,1.223376
nmix,nmix,250,120,0.7,20,101,925,735,190,314,127,187,0.7945945945945946,1.0,0.40445859872611467,0.9842105263157894,1688,1498,190,397,208,189,0.8874407582938388,1.0,0.5239294710327456,0.9947368421052631,3.5766714167883773,218,29,189,0.13302752293577982,0.9947368421052631,3.3762761778338084,235,46,189,0.19574468085106383,0.9947368421052631,3.855134545827188,202,13,189,0.06435643564356436,0.9947368421052631,3.509792924986308,221,32,189,0.14479638009049775,0.9947368421052631,1.346884
nmix,nmix,250,120,0.7,20,102,668,478,190,270,81,189,0.7155688622754491,1.0,0.3,0.9947368421052631,1147,957,190,323,133,190,0.8343504795117699,1.0,0.4117647058823529,1.0,3.602501880570209,209,19,190,0.09090909090909091,1.0,3.3890366018515525,228,38,190,0.16666666666666666,1.0,3.743127141699741,203,13,190,0.06403940886699508,1.0,3.4924485277943282,216,26,190,0.12037037037037036,1.0,1.179135
nmix,nmix,250,120,0.7,20,103,590,400,190,255,69,186,0.6779661016949152,1.0,0.27058823529411763,0.9789473684210527,1094,904,190,301,113,188,0.8263254113345521,1.0,0.3754152823920266,0.9894736842105263,3.6221161718496666,205,15,190,0.07317073170731707,1.0,3.390828380350109,218,28,190,0.12844036697247707,1.0,3.757367698842104,198,10,188,0.050505050505050504,0.9894736842105263,3.515139981170659,212,22,190,0.10377358490566038,1.0,1.270915
nmix,nmix,250,120,0.7,20,104,595,406,189,235,50,185,0.6823529411764706,0.9947368421052631,0.2127659574468085,0.9736842105263158,1049,859,190,272,84,188,0.8188751191611058,1.0,0.3088235294117647,0.9894736842105263,3.647961934155637,202,13,189,0.06435643564356436,0.9947368421052631,3.4438054103911213,212,23,189,0.10849056603773585,0.9947368421052631,3.797942283725915,193,5,188,0.025906735751295335,0.9894736842105263,3.531496429274297,204,15,189,0.07352941176470588,0.9947368421052631,1.291027
nmix,nmix,250,120,0.7,20,105,730,540,190,277,87,190,0.7397260273972602,1.0,0.3140794223826715,1.0,1457,1267,190,326,136,190,0.8695950583390528,1.0,0.4171779141104294,1.0,3.6813667829981576,200,10,190,0.05,1.0,3.4188042447435265,212,22,190,0.10377358490566038,1.0,3.836234491554502,198,8,190,0.04040404040404041,1.0,3.5375468345852905,204,14,190,0.06862745098039216,1.0,1.518184
nmix,nmix,250,120,0.7,20,106,767,577,190,279,90,189,0.7522816166883963,1.0,0.3225806451612903,0.9947368421052631,1361,1171,190,333,143,190,0.8603967670830271,1.0,0.4294294294294294,1.0,3.6118618180180735,201,11,190,0.05472636815920398,1.0,3.39262315123962,220,30,190,0.13636363636363635,1.0,3.8152085323230134,197,7,190,0.03553299492385787,1.0,3.5582879938921397,204,14,190,0.06862745098039216,1.0,1.292001
nmix,nmix,250,120,0.7,20,107,804,614,190,283,95,188,0.763681592039801,1.0,0.33568904593639576,0.9894736842105263,1346,1156,190,325,135,190,0.8588410104011887,1.0,0.4153846153846154,1.0,3.6026525796887663,200,10,190,0.05,1.0,3.4029396280807234,210,20,190,0.09523809523809523,1.0,3.777032912858787,198,8,190,0.04040404040404041,1.0,3.514057147897468,207,17,190,0.0821256038647343,1.0,1.254739
nmix,nmix,250,120,0.7,20,108,638,448,190,240,53,187,0.7021943573667712,1.0,0.22083333333333333,0.9842105263157894,1059,869,190,281,92,189,0.8205854579792257,1.0,0.3274021352313167,0.9947368421052631,3.645945666300848,202,13,189,0.06435643564356436,0.9947368421052631,3.4018251185689605,213,23,190,0.107981220657277,1.0,3.757394233958117,200,11,189,0.055,0.9947368421052631,3.504210979773468,209,19,190,0.09090909090909091,1.0,1.232955
nmix,nmix,250,120,0.7,20,109,517,328,189,232,47,185,0.6344294003868471,0.9947368421052631,0.2025862068965517,0.9736842105263158,850,660,190,261,75,186,0.7764705882352941,1.0,0.28735632183908044,0.9789473684210527,3.6264155253732886,198,9,189,0.045454545454545456,0.9947368421052631,3.4336825332830623,206,17,189,0.0825242718446602,0.9947368421052631,3.8109517002723243,195,6,189,0.03076923076923077,0.9947368421052631,3.535609799746083,201,12,189,0.05970149253731343,0.9947368421052631,1.183448
nmix,nmix,250,120,0.7,20,110,522,332,190,235,47,188,0.6360153256704981,1.0,0.2,0.9894736842105263,923,733,190,273,84,189,0.7941495124593716,1.0,0.3076923076923077,0.9947368421052631,3.6094660918943746,201,11,190,0.05472636815920398,1.0,3.398546736225014,211,21,190,0.0995260663507109,1.0,3.7599683177364533,197,7,190,0.03553299492385787,1.0,3.5182245003114714,204,14,190,0.06862745098039216,1.0,1.301015
nmix,nmix,250,120,0.7,20,111,639,450,189,236,50,186,0.704225352112676,0.9947368421052631,0.211864406779661,0.9789473684210527,1068,879,189,274,88,186,0.8230337078651685,0.9947368421052631,0.32116788321167883,0.9789473684210527,3.6302902060498905,202,13,189,0.06435643564356436,0.9947368421052631,3.4126812070549755,212,23,189,0.10849056603773585,0.9947368421052631,3.7765811975577486,193,6,187,0.031088082901554404,0.9842105263157894,3.4997651632281435,207,18,189,0.08695652173913043,0.9947368421052631,1.348587
nmix,nmix,250,120,0.7,20,112,742,552,190,258,71,187,0.7439353099730458,1.0,0.2751937984496124,0.9842105263157894,1298,1108,190,312,123,189,0.8536209553158706,1.0,0.3942307692307692,0.9947368421052631,3.670027716456318,197,7,190,0.03553299492385787,1.0,3.401948776226299,212,22,190,0.10377358490566038,1.0,3.845608485927672,195,5,190,0.02564102564102564,1.0,3.54920377796564,200,10,190,0.05,1.0,1.175185
nmix,nmix,250,120,0.7,20,113,444,254,190,232,44,188,0.5720720720720721,1.0,0.1896551724137931,0.9894736842105263,744,554,190,256,67,189,0.7446236559139785,1.0,0.26171875,0.9947368421052631,3.632897882131187,202,12,190,0.0594059405940594,1.0,3.4101188455227076,215,25,190,0.11627906976744186,1.0,3.767971489619657,196,6,190,0.030612244897959183,1.0,3.50124523738889,209,19,190,0.09090909090909091,1.0,1.34526
nmix,nmix,250,120,0.7,20,114,726,536,190,269,81,188,0.7382920110192838,1.0,0.30111524163568776,0.9894736842105263,1228,1038,190,323,134,189,0.8452768729641694,1.0,0.4148606811145511,0.9947368421052631,3.600368430347431,200,11,189,0.055,0.9947368421052631,3.4286171863110084,208,18,190,0.08653846153846154,1.0,3.8102325077074455,193,4,189,0.02072538860103627,0.9947368421052631,3.5330725317163876,203,14,189,0.06896551724137931,0.9947368421052631,1.27874
nmix,nmix,250,120,0.7,20,115,894,704,190,300,121,179,0.7874720357941835,1.0,0.4033333333333333,0.9421052631578948,1600,1410,190,382,199,183,0.88125,1.0,0.5209424083769634,0.9631578947368421,3.6086384738371207,200,16,184,0.08,0.968421052631579,3.3958115032523875,213,26,187,0.12206572769953052,0.9842105263157894,3.782526352947057,189,7,182,0.037037037037037035,0.9578947368421052,3.53285568811712,206,20,186,0.0970873786407767,0.9789473684210527,1.355986
nmix,nmix,250,120,0.7,20,116,603,414,189,251,68,183,0.6865671641791045,0.9947368421052631,0.27091633466135456,0.9631578947368421,1025,835,190,295,108,187,0.8146341463414634,1.0,0.36610169491525424,0.9842105263157894,3.6379211097245028,208,19,189,0.09134615384615384,0.9947368421052631,3.388689414157767,222,33,189,0.14864864864864866,0.9947368421052631,3.775693889553795,202,14,188,0.06930693069306931,0.9894736842105263,3.52371710546989,212,23,189,0.10849056603773585,0.9947368421052631,1.19689
nmix,nmix,250,120,0.7,20,117,819,629,190,273,86,187,0.7680097680097681,1.0,0.315018315018315,0.9842105263157894,1413,1223,190,330,142,188,0.8655343241330502,1.0,0.4303030303030303,0.9894736842105263,3.63963676886412,202,13,189,0.06435643564356436,0.9947368421052631,3.409100829275072,209,20,189,0.09569377990430622,0.9947368421052631,3.8669490035450624,197,8,189,0.04060913705583756,0.9947368421052631,3.5488669945827906,203,14,189,0.06896551724137931,0.9947368421052631,1.21977
nmix,nmix,250,120,0.7,20,118,640,450,190,258,74,184,0.703125,1.0,0.2868217054263566,0.968421052631579,1123,933,190,299,113,186,0.8308103294746215,1.0,0.3779264214046823,0.9789473684210527,3.6012807559271387,200,11,189,0.055,0.9947368421052631,3.392284686084448,216,26,190,0.12037037037037036,1.0,3.8443695054980966,192,4,188,0.020833333333333332,0.9894736842105263,3.5812470738282434,203,13,190,0.06403940886699508,1.0,1.297727
nmix,nmix,250,120,0.7,20,119,653,464,189,264,76,188,0.7105666156202144,0.9947368421052631,0.2878787878787879,0.9894736842105263,1197,1008,189,308,119,189,0.8421052631578947,0.9947368421052631,0.38636363636363635,0.9947368421052631,3.6103552196156112,206,17,189,0.0825242718446602,0.9947368421052631,3.383353913412534,225,36,189,0.16,0.9947368421052631,3.7831203044870576,199,10,189,0.05025125628140704,0.9947368421052631,3.5245632716974957,210,21,189,0.1,0.9947368421052631,1.35633
nmix,nmix,250,120,0.7,20,120,813,624,189,304,122,182,0.7675276752767528,0.9947368421052631,0.40131578947368424,0.9578947368421052,1505,1316,189,361,178,183,0.8744186046511628,0.9947368421052631,0.4930747922437673,0.9631578947368421,3.608381743614055,212,27,185,0.12735849056603774,0.9736842105263158,3.373863392995582,232,45,187,0.1939655172413793,0.9842105263157894,3.787309781034267,204,19,185,0.09313725490196079,0.9736842105263158,3.559768609854468,214,29,185,0.13551401869158877,0.9736842105263158,1.295947
nmix,nmix,250,120,0.7,20,121,604,416,188,251,79,172,0.6887417218543046,0.9894736842105263,0.3147410358565737,0.9052631578947369,1087,898,189,281,102,179,0.8261269549218031,0.9947368421052631,0.36298932384341637,0.9421052631578948,3.6185743245018687,197,15,182,0.07614213197969544,0.9578947368421052,3.4046530364658096,208,24,184,0.11538461538461539,0.968421052631579,3.7938709088691804,190,10,180,0.05263157894736842,0.9473684210526315,3.4782095309423307,204,21,183,0.10294117647058823,0.9631578947368421,1.321218
nmix,nmix,250,120,0.7,20,122,952,766,186,279,100,179,0.8046218487394958,0.9789473684210527,0.35842293906810035,0.9421052631578948,1730,1542,188,361,178,183,0.8913294797687862,0.9894736842105263,0.4930747922437673,0.9631578947368421,3.6230481931857295,201,17,184,0.0845771144278607,0.968421052631579,3.407113494239659,213,28,185,0.13145539906103287,0.9736842105263158,3.804722683164529,192,10,182,0.052083333333333336,0.9578947368421052,3.533662270483885,208,23,185,0.11057692307692307,0.9736842105263158,1.238362
nmix,nmix,250,120,0.7,20,123,603,415,188,247,59,188,0.6882255389718076,0.9894736842105263,0.2388663967611336,0.9894736842105263,959,769,190,292,104,188,0.8018769551616267,1.0,0.3561643835616438,0.9894736842105263,3.5986565488972317,202,14,188,0.06930693069306931,0.9894736842105263,3.392714075243168,217,29,188,0.1336405529953917,0.9894736842105263,3.778471762083597,196,8,188,0.04081632653061224,0.9894736842105263,3.522044175487783,209,21,188,0.10047846889952153,0.9894736842105263,1.391675
nmix,nmix,250,120,0.7,20,124,739,549,190,260,83,177,0.7428958051420839,1.0,0.3192307692307692,0.9315789473684211,1322,1132,190,316,132,184,0.8562783661119516,1.0,0.4177215189873418,0.968421052631579,3.611158441020929,197,11,186,0.05583756345177665,0.9789473684210527,3.4171805243347246,209,20,189,0.09569377990430622,0.9947368421052631,3.7754751787542733,191,6,185,0.031413612565445025,0.9736842105263158,3.521545620942262,201,14,187,0.06965174129353234,0.9842105263157894,1.199649
nmix,nmix,250,120,0.7,20,125,550,361,189,230,48,182,0.6563636363636364,0.9947368421052631,0.20869565217391303,0.9578947368421052,933,743,190,275,89,186,0.7963558413719185,1.0,0.3236363636363636,0.9789473684210527,3.5977557560844353,201,13,188,0.06467661691542288,0.9894736842105263,3.3983989292003702,217,28,189,0.12903225806451613,0.9947368421052631,3.789507064520029,197,10,187,0.050761421319796954,0.9842105263157894,3.539284883134109,205,17,188,0.08292682926829269,0.9894736842105263,1.34658
nmix,nmix,250,120,0.7,20,126,880,691,189,291,108,183,0.7852272727272728,0.9947368421052631,0.3711340206185567,0.9631578947368421,1527,1338,189,376,190,186,0.8762278978388998,0.9947368421052631,0.5053191489361702,0.9789473684210527,3.5921767710624635,207,19,188,0.09178743961352658,0.9894736842105263,3.399122014281605,219,31,188,0.1415525114155251,0.9894736842105263,3.8271075681759883,193,7,186,0.03626943005181347,0.9789473684210527,3.57188527237277,208,20,188,0.09615384615384616,0.9894736842105263,1.208601
nmix,nmix,250,120,0.7,20,127,645,455,190,259,70,189,0.7054263565891473,1.0,0.2702702702702703,0.9947368421052631,1190,1000,190,290,101,189,0.8403361344537815,1.0,0.3482758620689655,0.9947368421052631,3.5991168058445626,203,14,189,0.06896551724137931,0.9947368421052631,3.3999067440639057,212,22,190,0.10377358490566038,1.0,3.807598501097296,201,12,189,0.05970149253731343,0.9947368421052631,3.552895032331488,206,16,190,0.07766990291262135,1.0,1.429604
nmix,nmix,250,120,0.7,20,128,515,329,186,220,44,176,0.6388349514563106,0.9789473684210527,0.2,0.9263157894736842,1021,833,188,250,71,179,0.8158667972575906,0.9894736842105263,0.284,0.9421052631578948,3.643709880056112,191,8,183,0.041884816753926704,0.9631578947368421,3.419458224894815,203,17,186,0.08374384236453201,0.9789473684210527,3.733484915827816,188,7,181,0.03723404255319149,0.9526315789473684,3.5263374943507086,197,12,185,0.06091370558375635,0.9736842105263158,1.205051
nmix,nmix,250,120,0.7,20,129,540,353,187,221,39,182,0.6537037037037037,0.9842105263157894,0.17647058823529413,0.9578947368421052,1009,822,187,271,86,185,0.8146679881070367,0.9842105263157894,0.3173431734317343,0.9736842105263158,3.6469988762928938,187,2,185,0.0106951871657754,0.9736842105263158,3.4240988758043756,199,13,186,0.06532663316582915,0.9789473684210527,3.914970328906375,186,1,185,0.005376344086021506,0.9736842105263158,3.5177763772514514,192,6,186,0.03125,0.9789473684210527,1.377224
nmix,nmix,250,120,0.7,20,130,541,351,190,230,45,185,0.6487985212569316,1.0,0.1956521739130435,0.9736842105263158,972,782,190,258,72,186,0.8045267489711934,1.0,0.27906976744186046,0.9789473684210527,3.6379655630299763,194,6,188,0.030927835051546393,0.9894736842105263,3.4015682706800674,209,19,190,0.09090909090909091,1.0,3.78364998764421,189,1,188,0.005291005291005291,0.9894736842105263,3.515104443638237,201,11,190,0.05472636815920398,1.0,1.285609
nmix,nmix,250,120,0.7,20,131,537,357,180,217,51,166,0.664804469273743,0.9473684210526315,0.2350230414746544,0.8736842105263158,960,774,186,256,85,171,0.80625,0.9789473684210527,0.33203125,0.9,3.6116176576600214,195,16,179,0.08205128205128205,0.9421052631578948,3.4009908751475484,212,33,179,0.15566037735849056,0.9421052631578948,3.7232201730304513,186,10,176,0.053763440860215055,0.9263157894736842,3.4986330324715755,204,25,179,0.12254901960784313,0.9421052631578948,1.317142
nmix,nmix,250,120,0.7,20,132,574,386,188,212,43,169,0.6724738675958188,0.9894736842105263,0.2028301886792453,0.8894736842105263,998,810,188,248,72,176,0.811623246492986,0.9894736842105263,0.2903225806451613,0.9263157894736842,3.619805512938199,186,3,183,0.016129032258064516,0.9631578947368421,3.4173807754928465,199,14,185,0.07035175879396985,0.9736842105263158,3.7898678163890174,184,1,183,0.005434782608695652,0.9631578947368421,3.5153853936565764,190,6,184,0.031578947368421054,0.968421052631579,1.308505
nmix,nmix,250,120,0.7,20,133,646,457,189,264,76,188,0.7074303405572755,0.9947368421052631,0.2878787878787879,0.9894736842105263,1232,1042,190,314,126,188,0.8457792207792207,1.0,0.4012738853503185,0.9894736842105263,3.596953097259299,203,14,189,0.06896551724137931,0.9947368421052631,3.406507238542744,216,27,189,0.125,0.9947368421052631,4.043955975807609,193,5,188,0.025906735751295335,0.9894736842105263,3.596953097259299,203,14,189,0.06896551724137931,0.9947368421052631,1.199237
nmix,nmix,250,120,0.7,20,134,595,405,190,250,60,190,0.680672268907563,1.0,0.24,1.0,1024,834,190,287,97,190,0.814453125,1.0,0.33797909407665505,1.0,3.583541825377064,213,23,190,0.107981220657277,1.0,3.388982030268572,223,33,190,0.14798206278026907,1.0,3.7713006703900596,204,14,190,0.06862745098039216,1.0,3.511227803384721,218,28,190,0.12844036697247707,1.0,1.28808
nmix,nmix,250,120,0.7,20,135,574,384,190,253,64,189,0.6689895470383276,1.0,0.25296442687747034,0.9947368421052631,999,809,190,284,94,190,0.8098098098098098,1.0,0.33098591549295775,1.0,3.7959272526172683,195,5,190,0.02564102564102564,1.0,3.4103063697473686,202,12,190,0.0594059405940594,1.0,3.7959272526172683,195,5,190,0.02564102564102564,1.0,3.579637904063415,196,6,190,0.030612244897959183,1.0,1.430223
nmix,nmix,250,120,0.7,20,136,503,316,187,222,46,176,0.6282306163021869,0.9842105263157894,0.2072072072072072,0.9263157894736842,929,740,189,257,77,180,0.7965554359526372,0.9947368421052631,0.29961089494163423,0.9473684210526315,3.61241065507762,192,8,184,0.041666666666666664,0.968421052631579,3.411871686716893,201,15,186,0.07462686567164178,0.9789473684210527,3.906846269533633,185,4,181,0.021621621621621623,0.9526315789473684,3.520550170190612,196,10,186,0.05102040816326531,0.9789473684210527,1.349917
nmix,nmix,250,120,0.7,20,137,532,342,190,218,33,185,0.6428571428571429,1.0,0.15137614678899083,0.9736842105263158,876,686,190,265,78,187,0.7831050228310502,1.0,0.2943396226415094,0.9842105263157894,3.7663959718967406,198,10,188,0.050505050505050504,0.9894736842105263,3.4093058619308176,208,20,188,0.09615384615384616,0.9894736842105263,3.7663959718967406,198,10,188,0.050505050505050504,0.9894736842105263,3.5095360076091793,204,16,188,0.0784313725490196,0.9894736842105263,1.358491
nmix,nmix,250,120,0.7,20,138,576,386,190,237,49,188,0.6701388888888888,1.0,0.20675105485232068,0.9894736842105263,988,798,190,277,88,189,0.8076923076923077,1.0,0.3176895306859206,0.9947368421052631,3.592194364422111,208,18,190,0.08653846153846154,1.0,3.3979618107105063,216,26,190,0.12037037037037036,1.0,3.7694828213240004,200,10,190,0.05,1.0,3.473512456542933,214,24,190,0.11214953271028037,1.0,1.218348
nmix,nmix,250,120,0.7,20,139,643,453,190,282,94,188,0.7045101088646968,1.0,0.3333333333333333,0.9894736842105263,1120,930,190,334,145,189,0.8303571428571429,1.0,0.4341317365269461,0.9947368421052631,3.5999020814966074,203,14,189,0.06896551724137931,0.9947368421052631,3.408424822190988,215,25,190,0.11627906976744186,1.0,3.824253055108811,197,8,189,0.04060913705583756,0.9947368421052631,3.531947415207941,208,18,190,0.08653846153846154,1.0,1.337089
nmix,nmix,250,120,0.7,20,140,533,346,187,232,53,179,0.649155722326454,0.9842105263157894,0.22844827586206898,0.9421052631578948,954,765,189,274,92,182,0.8018867924528302,0.9947368421052631,0.3357664233576642,0.9578947368421052,3.6062703470421247,206,21,185,0.10194174757281553,0.9736842105263158,3.415981232887791,219,32,187,0.1461187214611872,0.9842105263157894,3.7491514932687595,197,14,183,0.07106598984771574,0.9631578947368421,3.5092446805099984,209,24,185,0.11483253588516747,0.9736842105263158,1.328413
nmix,nmix,250,120,0.7,20,141,555,365,190,235,48,187,0.6576576576576577,1.0,0.20425531914893616,0.9842105263157894,926,736,190,264,77,187,0.7948164146868251,1.0,0.2916666666666667,0.9842105263157894,3.5977947014101157,202,12,190,0.0594059405940594,1.0,3.4038161582894833,215,25,190,0.11627906976744186,1.0,3.713896401666059,197,9,188,0.04568527918781726,0.9894736842105263,3.5184432712044185,206,16,190,0.07766990291262135,1.0,1.274218
nmix,nmix,250,120,0.7,20,142,488,300,188,227,44,183,0.6147540983606558,0.9894736842105263,0.19383259911894274,0.9631578947368421,845,655,190,255,70,185,0.7751479289940828,1.0,0.27450980392156865,0.9736842105263158,3.606853358693403,201,14,187,0.06965174129353234,0.9842105263157894,3.4013349255357075,213,25,188,0.11737089201877934,0.9894736842105263,3.8025268984648934,192,6,186,0.03125,0.9789473684210527,3.533145637803852,204,17,187,0.08333333333333333,0.9842105263157894,1.232182
nmix,nmix,250,120,0.7,20,143,754,564,190,279,89,190,0.7480106100795756,1.0,0.31899641577060933,1.0,1295,1105,190,331,141,190,0.8532818532818532,1.0,0.4259818731117825,1.0,3.606240952587221,206,16,190,0.07766990291262135,1.0,3.3883209484800734,223,33,190,0.14798206278026907,1.0,3.72375456570105,201,11,190,0.05472636815920398,1.0,3.4447296089323776,220,30,190,0.13636363636363635,1.0,1.310143
nmix,nmix,250,120,0.7,20,144,805,616,189,252,66,186,0.7652173913043478,0.9947368421052631,0.2619047619047619,0.9789473684210527,1415,1226,189,316,129,187,0.8664310954063604,0.9947368421052631,0.40822784810126583,0.9842105263157894,3.604455951520268,202,15,187,0.07425742574257425,0.9842105263157894,3.4040014543437764,213,25,188,0.11737089201877934,0.9894736842105263,3.7433940196531887,199,12,187,0.06030150753768844,0.9842105263157894,3.48077395221954,209,21,188,0.10047846889952153,0.9894736842105263,1.268458
nmix,nmix,250,120,0.7,20,145,541,351,190,234,46,188,0.6487985212569316,1.0,0.19658119658119658,0.9894736842105263,955,765,190,282,93,189,0.8010471204188482,1.0,0.32978723404255317,0.9947368421052631,3.622459734387789,197,7,190,0.03553299492385787,1.0,3.409387193621299,206,16,190,0.07766990291262135,1.0,3.7743358421455215,195,5,190,0.02564102564102564,1.0,3.541591707152803,199,9,190,0.04522613065326633,1.0,1.395394
nmix,nmix,250,120,0.7,20,146,683,493,190,264,78,186,0.7218155197657394,1.0,0.29545454545454547,0.9789473684210527,1252,1062,190,319,133,186,0.8482428115015974,1.0,0.4169278996865204,0.9789473684210527,3.601874538903646,201,15,186,0.07462686567164178,0.9789473684210527,3.400518569256558,215,26,189,0.12093023255813953,0.9947368421052631,3.7544241574111603,195,9,186,0.046153846153846156,0.9789473684210527,3.5157056024292,208,21,187,0.10096153846153846,0.9842105263157894,1.296532
nmix,nmix,250,120,0.7,20,147,465,276,189,219,37,182,0.5935483870967742,0.9947368421052631,0.1689497716894977,0.9578947368421052,746,557,189,247,62,185,0.7466487935656837,0.9947368421052631,0.25101214574898784,0.9736842105263158,3.598519264776414,200,11,189,0.055,0.9947368421052631,3.414949068243056,213,24,189,0.11267605633802817,0.9947368421052631,3.704827813891648,196,9,187,0.04591836734693878,0.9842105263157894,3.4797179779197367,207,18,189,0.08695652173913043,0.9947368421052631,1.247364
nmix,nmix,250,120,0.7,20,148,531,344,187,224,45,179,0.647834274952919,0.9842105263157894,0.20089285714285715,0.9421052631578948,933,744,189,257,76,181,0.797427652733119,0.9947368421052631,0.29571984435797666,0.9526315789473684,3.6107532448570208,193,10,183,0.05181347150259067,0.9631578947368421,3.413541473404915,208,21,187,0.10096153846153846,0.9842105263157894,3.833235592849577,188,7,181,0.03723404255319149,0.9526315789473684,3.5100681974897605,199,14,185,0.07035175879396985,0.9736842105263158,1.317978
nmix,nmix,250,120,0.7,20,149,411,221,190,230,42,188,0.537712895377129,1.0,0.1826086956521739,0.9894736842105263,696,506,190,251,63,188,0.7270114942528736,1.0,0.250996015936255,0.9894736842105263,3.598857435970199,202,12,190,0.0594059405940594,1.0,3.4004387867637127,212,22,190,0.10377358490566038,1.0,3.7638697846978615,196,6,190,0.030612244897959183,1.0,3.5175815743345424,206,16,190,0.07766990291262135,1.0,1.246529
nmix,nmix,250,120,0.7,20,150,587,398,189,238,50,188,0.6780238500851788,0.9947368421052631,0.21008403361344538,0.9894736842105263,1018,828,190,271,82,189,0.8133595284872298,1.0,0.3025830258302583,0.9947368421052631,3.6323806121907123,196,7,189,0.03571428571428571,0.9947368421052631,3.4273431520499176,207,18,189,0.08695652173913043,0.9947368421052631,3.771599889765407,194,5,189,0.02577319587628866,0.9947368421052631,3.5974799040522263,197,8,189,0.04060913705583756,0.9947368421052631,1.326901
nmix,nmix,250,120,0.7,20,151,820,632,188,287,101,186,0.7707317073170732,0.9894736842105263,0.3519163763066202,0.9789473684210527,1414,1224,190,351,165,186,0.8656294200848657,1.0,0.4700854700854701,0.9789473684210527,3.613167522039771,201,14,187,0.06965174129353234,0.9842105263157894,3.397436029467452,216,28,188,0.12962962962962962,0.9894736842105263,3.8778793711828397,192,6,186,0.03125,0.9789473684210527,3.5714103124768437,205,18,187,0.08780487804878048,0.9842105263157894,1.257239
nmix,nmix,250,120,0.7,20,152,710,520,190,268,79,189,0.7323943661971831,1.0,0.2947761194029851,0.9947368421052631,1280,1090,190,311,121,190,0.8515625,1.0,0.3890675241157556,1.0,3.660923808123383,195,5,190,0.02564102564102564,1.0,3.4584538587069,203,13,190,0.06403940886699508,1.0,3.7667327274993014,194,4,190,0.020618556701030927,1.0,3.5087111449747446,201,11,190,0.05472636815920398,1.0,1.205294
nmix,nmix,250,120,0.7,20,153,1018,831,187,300,117,183,0.8163064833005894,0.9842105263157894,0.39,0.9631578947368421,1753,1563,190,354,169,185,0.8916143753565317,1.0,0.4774011299435028,0.9736842105263158,3.607398884125659,196,10,186,0.05102040816326531,0.9789473684210527,3.405450136258862,206,20,186,0.0970873786407767,0.9789473684210527,3.8341244640133914,188,4,184,0.02127659574468085,0.968421052631579,3.543224513704815,201,15,186,0.07462686567164178,0.9789473684210527,1.524291
nmix,nmix,250,120,0.7,20,154,695,505,190,290,102,188,0.7266187050359713,1.0,0.35172413793103446,0.9894736842105263,1221,1031,190,340,151,189,0.8443898443898444,1.0,0.4441176470588235,0.9947368421052631,3.6143064800457076,204,15,189,0.07352941176470588,0.9947368421052631,3.3925407933776706,228,39,189,0.17105263157894737,0.9947368421052631,3.7803263760561103,199,10,189,0.05025125628140704,0.9947368421052631,3.4644603870608885,213,24,189,0.11267605633802817,0.9947368421052631,1.214536
nmix,nmix,250,120,0.7,20,155,656,467,189,256,69,187,0.711890243902439,0.9947368421052631,0.26953125,0.9842105263157894,1113,923,190,303,116,187,0.8292902066486972,1.0,0.38283828382838286,0.9842105263157894,3.6306248522794244,194,6,188,0.030927835051546393,0.9894736842105263,3.4162258835291532,210,21,189,0.1,0.9947368421052631,3.80096650155524,192,4,188,0.020833333333333332,0.9894736842105263,3.499246964849302,203,14,189,0.06896551724137931,0.9947368421052631,1.383637
nmix,nmix,250,120,0.7,20,156,617,427,190,239,52,187,0.6920583468395461,1.0,0.2175732217573222,0.9842105263157894,1129,939,190,276,88,188,0.8317094774136404,1.0,0.3188405797101449,0.9894736842105263,3.6200667540348785,204,14,190,0.06862745098039216,1.0,3.407944237686962,211,21,190,0.0995260663507109,1.0,3.976301754669762,192,3,189,0.015625,0.9947368421052631,3.533600169254475,206,16,190,0.07766990291262135,1.0,1.208233
nmix,nmix,250,120,0.7,20,157,667,477,190,242,53,189,0.7151424287856072,1.0,0.2190082644628099,0.9947368421052631,1191,1001,190,274,84,190,0.8404701931150294,1.0,0.30656934306569344,1.0,3.5984942187224433,202,12,190,0.0594059405940594,1.0,3.3959572506958904,216,26,190,0.12037037037037036,1.0,3.8299358368025587,195,5,190,0.02564102564102564,1.0,3.5482575496268924,205,15,190,0.07317073170731707,1.0,1.326067
nmix,nmix,250,120,0.7,20,158,518,334,184,217,42,175,0.6447876447876448,0.968421052631579,0.1935483870967742,0.9210526315789473,951,763,188,247,71,176,0.8023133543638276,0.9894736842105263,0.2874493927125506,0.9263157894736842,3.614250318500013,191,9,182,0.04712041884816754,0.9578947368421052,3.4194331406518685,199,17,182,0.08542713567839195,0.9578947368421052,3.7713020671199486,185,5,180,0.02702702702702703,0.9473684210526315,3.526143439732103,194,12,182,0.061855670103092786,0.9578947368421052,1.255509
nmix,nmix,250,120,0.7,20,159,483,293,190,237,48,189,0.6066252587991718,1.0,0.20253164556962025,0.9947368421052631,865,675,190,256,67,189,0.7803468208092486,1.0,0.26171875,0.9947368421052631,3.6019326172241084,206,16,190,0.07766990291262135,1.0,3.4253513056981526,223,33,190,0.14798206278026907,1.0,3.7925851605765875,198,9,189,0.045454545454545456,0.9947368421052631,3.5311512507386205,214,24,190,0.11214953271028037,1.0,1.250843
nmix,nmix,250,120,0.7,20,160,738,549,189,255,78,177,0.7439024390243902,0.9947368421052631,0.3058823529411765,0.9315789473684211,1262,1073,189,318,138,180,0.8502377179080824,0.9947368421052631,0.4339622641509434,0.9473684210526315,3.621064934877756,194,13,181,0.06701030927835051,0.9526315789473684,3.400117623791544,212,26,186,0.12264150943396226,0.9789473684210527,3.7471663447532424,190,10,180,0.05263157894736842,0.9473684210526315,3.5099600537521023,207,22,185,0.10628019323671498,0.9736842105263158,1.314379
nmix,nmix,250,120,0.7,20,161,632,443,189,248,63,185,0.7009493670886076,0.9947368421052631,0.2540322580645161,0.9736842105263158,1148,959,189,282,95,187,0.8353658536585366,0.9947368421052631,0.33687943262411346,0.9842105263157894,3.6051340901545745,199,11,188,0.05527638190954774,0.9894736842105263,3.397782397410872,214,25,189,0.11682242990654206,0.9947368421052631,3.727114216370237,197,9,188,0.04568527918781726,0.9894736842105263,3.488206744463988,206,17,189,0.0825242718446602,0.9947368421052631,1.412127
nmix,nmix,250,120,0.7,20,162,555,366,189,224,40,184,0.6594594594594595,0.9947368421052631,0.17857142857142858,0.968421052631579,898,709,189,253,68,185,0.7895322939866369,0.9947368421052631,0.26877470355731226,0.9736842105263158,3.6318511470976094,199,13,186,0.06532663316582915,0.9789473684210527,3.4008532610303206,212,23,189,0.10849056603773585,0.9947368421052631,3.8762562565536802,189,3,186,0.015873015873015872,0.9789473684210527,3.542771157281607,201,15,186,0.07462686567164178,0.9789473684210527,1.330084
nmix,nmix,250,120,0.7,20,163,492,303,189,228,46,182,0.6158536585365854,0.9947368421052631,0.20175438596491227,0.9578947368421052,927,738,189,265,80,185,0.7961165048543689,0.9947368421052631,0.3018867924528302,0.9736842105263158,3.6083497169729997,204,16,188,0.0784313725490196,0.9894736842105263,3.399046565522465,213,25,188,0.11737089201877934,0.9894736842105263,3.722485259020598,198,10,188,0.050505050505050504,0.9894736842105263,3.490842042128611,210,22,188,0.10476190476190476,0.9894736842105263,1.268659
nmix,nmix,250,120,0.7,20,164,532,342,190,233,47,186,0.6428571428571429,1.0,0.2017167381974249,0.9789473684210527,931,741,190,273,85,188,0.7959183673469388,1.0,0.31135531135531136,0.9894736842105263,3.6137267889991325,202,12,190,0.0594059405940594,1.0,3.4090778520674343,217,27,190,0.12442396313364056,1.0,3.756305931113203,197,8,189,0.04060913705583756,0.9947368421052631,3.508219781608963,208,18,190,0.08653846153846154,1.0,1.241863
nmix,nmix,250,120,0.7,20,165,731,541,190,276,93,183,0.7400820793433652,1.0,0.33695652173913043,0.9631578947368421,1382,1192,190,324,138,186,0.8625180897250362,1.0,0.42592592592592593,0.9789473684210527,3.728264063742663,196,9,187,0.04591836734693878,0.9842105263157894,3.399411512197964,215,26,189,0.12093023255813953,0.9947368421052631,3.728264063742663,196,9,187,0.04591836734693878,0.9842105263157894,3.50449887267255,204,16,188,0.0784313725490196,0.9894736842105263,1.241837
nmix,nmix,250,120,0.7,20,166,562,377,185,213,52,161,0.6708185053380783,0.9736842105263158,0.24413145539906103,0.8473684210526315,1013,825,188,252,82,170,0.8144126357354393,0.9894736842105263,0.3253968253968254,0.8947368421052632,3.6614687359420364,187,9,178,0.0481283422459893,0.9368421052631579,3.4013490321688553,209,25,184,0.11961722488038277,0.968421052631579,3.8154547548312645,177,7,170,0.03954802259887006,0.8947368421052632,3.5280766719540133,194,15,179,0.07731958762886598,0.9421052631578948,1.34985
nmix,nmix,250,120,0.7,20,167,492,307,185,200,32,168,0.6239837398373984,0.9736842105263158,0.16,0.8842105263157894,839,654,185,232,61,171,0.7794994040524433,0.9736842105263158,0.2629310344827586,0.9,3.6152444563727633,187,9,178,0.0481283422459893,0.9368421052631579,3.4161595669271105,204,24,180,0.11764705882352941,0.9473684210526315,3.7773584729818737,180,5,175,0.027777777777777776,0.9210526315789473,3.5425766288011027,193,14,179,0.07253886010362694,0.9421052631578948,1.328756
nmix,nmix,250,120,0.7,20,168,918,728,190,316,126,190,0.7930283224400871,1.0,0.3987341772151899,1.0,1615,1425,190,395,205,190,0.8823529411764706,1.0,0.5189873417721519,1.0,3.604994677428835,206,16,190,0.07766990291262135,1.0,3.390812139907753,217,27,190,0.12442396313364056,1.0,3.8849322347664166,194,4,190,0.020618556701030927,1.0,3.5821545377724404,207,17,190,0.0821256038647343,1.0,1.186789
nmix,nmix,250,120,0.7,20,169,561,372,189,224,42,182,0.6631016042780749,0.9947368421052631,0.1875,0.9578947368421052,1041,852,189,260,75,185,0.8184438040345822,0.9947368421052631,0.28846153846153844,0.9736842105263158,3.606222591337432,201,14,187,0.06965174129353234,0.9842105263157894,3.401265921772651,209,20,189,0.09569377990430622,0.9947368421052631,3.7423996677386326,196,10,186,0.05102040816326531,0.9789473684210527,3.4846066887521094,207,18,189,0.08695652173913043,0.9947368421052631,1.44707
nmix,nmix,250,120,0.7,20,170,525,339,186,221,40,181,0.6457142857142857,0.9789473684210527,0.18099547511312217,0.9526315789473684,924,735,189,259,74,185,0.7954545454545454,0.9947368421052631,0.2857142857142857,0.9736842105263158,3.6110277598789953,194,9,185,0.04639175257731959,0.9736842105263158,3.413111317603417,207,21,186,0.10144927536231885,0.9789473684210527,3.79560137623564,190,5,185,0.02631578947368421,0.9736842105263158,3.526193006895374,199,13,186,0.06532663316582915,0.9789473684210527,1.394034
nmix,nmix,250,120,0.7,20,171,776,587,189,259,73,186,0.7564432989690721,0.9947368421052631,0.28185328185328185,0.9789473684210527,1419,1229,190,308,121,187,0.8661028893587033,1.0,0.39285714285714285,0.9842105263157894,3.6438887136209557,192,4,188,0.020833333333333332,0.9894736842105263,3.433216142594483,197,9,188,0.04568527918781726,0.9894736842105263,3.809841010030791,188,0,188,0.0,0.9894736842105263,3.55541054867289,194,6,188,0.030927835051546393,0.9894736842105263,1.253028
nmix,nmix,250,120,0.7,20,172,458,271,187,222,39,183,0.5917030567685589,0.9842105263157894,0.17567567567567569,0.9631578947368421,754,565,189,243,60,183,0.7493368700265252,0.9947368421052631,0.24691358024691357,0.9631578947368421,3.6283434761650586,203,16,187,0.07881773399014778,0.9842105263157894,3.398501517797193,216,28,188,0.12962962962962962,0.9894736842105263,3.7308019984720695,200,13,187,0.065,0.9842105263157894,3.497122292525439,206,19,187,0.09223300970873786,0.9842105263157894,1.197903
nmix,nmix,250,120,0.7,20,173,544,355,189,238,56,182,0.6525735294117647,0.9947368421052631,0.23529411764705882,0.9578947368421052,923,733,190,265,81,184,0.7941495124593716,1.0,0.30566037735849055,0.968421052631579,3.591295815431961,208,20,188,0.09615384615384616,0.9894736842105263,3.4037355358140995,213,24,189,0.11267605633802817,0.9947368421052631,3.6989050630648928,201,15,186,0.07462686567164178,0.9789473684210527,3.591295815431961,208,20,188,0.09615384615384616,0.9894736842105263,1.230352
nmix,nmix,250,120,0.7,20,174,566,376,190,237,49,188,0.6643109540636042,1.0,0.20675105485232068,0.9894736842105263,908,718,190,260,72,188,0.7907488986784141,1.0,0.27692307692307694,0.9894736842105263,3.609874966949797,202,13,189,0.06435643564356436,0.9947368421052631,3.3981615900604965,212,22,190,0.10377358490566038,1.0,3.832825140590443,194,5,189,0.02577319587628866,0.9947368421052631,3.4869915725912812,204,15,189,0.07352941176470588,0.9947368421052631,1.365642
nmix,nmix,250,120,0.7,20,175,501,313,188,219,41,178,0.624750499001996,0.9894736842105263,0.1872146118721461,0.9368421052631579,873,683,190,249,69,180,0.7823596792668958,1.0,0.27710843373493976,0.9473684210526315,3.5953208472785594,202,17,185,0.08415841584158416,0.9736842105263158,3.4016384223846505,218,30,188,0.13761467889908258,0.9894736842105263,3.757059103935641,191,7,184,0.03664921465968586,0.968421052631579,3.4849046601795197,212,24,188,0.11320754716981132,0.9894736842105263,1.258231
nmix,nmix,250,120,0.7,20,176,727,538,189,267,81,186,0.7400275103163686,0.9947368421052631,0.30337078651685395,0.9789473684210527,1297,1108,189,306,119,187,0.8542791056283732,0.9947368421052631,0.3888888888888889,0.9842105263157894,3.618269969229354,196,8,188,0.04081632653061224,0.9894736842105263,3.405045581634407,211,22,189,0.10426540284360189,0.9947368421052631,4.104564495876602,191,4,187,0.020942408376963352,0.9842105263157894,3.558004126735449,201,12,189,0.05970149253731343,0.9947368421052631,1.284088
nmix,nmix,250,120,0.7,20,177,525,337,188,235,53,182,0.6419047619047619,0.9894736842105263,0.225531914893617,0.9578947368421052,915,726,189,270,83,187,0.7934426229508197,0.9947368421052631,0.3074074074074074,0.9842105263157894,3.656669332717486,203,15,188,0.07389162561576355,0.9894736842105263,3.401567740945547,214,26,188,0.12149532710280374,0.9894736842105263,3.7269010735273223,198,11,187,0.05555555555555555,0.9842105263157894,3.5164460922497796,209,21,188,0.10047846889952153,0.9894736842105263,1.407498
nmix,nmix,250,120,0.7,20,178,614,424,190,271,82,189,0.6905537459283387,1.0,0.3025830258302583,0.9947368421052631,1105,915,190,302,112,190,0.8280542986425339,1.0,0.3708609271523179,1.0,3.6009970724850486,207,17,190,0.0821256038647343,1.0,3.3967572804922805,223,33,190,0.14798206278026907,1.0,3.855042627939203,200,10,190,0.05,1.0,3.546020837572749,209,19,190,0.09090909090909091,1.0,1.355581
nmix,nmix,250,120,0.7,20,179,584,411,173,223,77,146,0.7037671232876712,0.9105263157894737,0.3452914798206278,0.7684210526315789,1012,832,180,260,106,154,0.8221343873517787,0.9473684210526315,0.4076923076923077,0.8105263157894737,3.6625770675743854,170,12,158,0.07058823529411765,0.8315789473684211,3.4360723021854973,187,26,161,0.13903743315508021,0.8473684210526315,3.796354498609214,164,10,154,0.06097560975609756,0.8105263157894737,3.5168073318139927,183,23,160,0.12568306010928962,0.8421052631578947,1.266669
nmix,nmix,250,120,0.7,20,180,799,610,189,287,100,187,0.7634543178973717,0.9947368421052631,0.34843205574912894,0.9842105263157894,1432,1242,190,354,166,188,0.86731843575419,1.0,0.4689265536723164,0.9894736842105263,3.587510737084729,213,25,188,0.11737089201877934,0.9894736842105263,3.3850977823265724,230,41,189,0.1782608695652174,0.9947368421052631,3.8857581412537967,201,13,188,0.06467661691542288,0.9894736842105263,3.587510737084729,213,25,188,0.11737089201877934,0.9894736842105263,1.289262
nmix,nmix,250,120,0.7,20,181,419,231,188,219,34,185,0.5513126491646778,0.9894736842105263,0.1552511415525114,0.9736842105263158,764,574,190,246,58,188,0.7513089005235603,1.0,0.23577235772357724,0.9894736842105263,3.6232310444804496,198,10,188,0.050505050505050504,0.9894736842105263,3.4102702457446386,209,21,188,0.10047846889952153,0.9894736842105263,3.8370563456991658,193,5,188,0.025906735751295335,0.9894736842105263,3.512561571912776,202,14,188,0.06930693069306931,0.9894736842105263,1.27012
nmix,nmix,250,120,0.7,20,182,565,383,182,207,48,159,0.6778761061946903,0.9578947368421052,0.2318840579710145,0.8368421052631579,1017,832,185,260,94,166,0.8180924287118977,0.9736842105263158,0.36153846153846153,0.8736842105263158,3.616739338927442,188,14,174,0.07446808510638298,0.9157894736842105,3.413890813545196,208,31,177,0.14903846153846154,0.9315789473684211,3.7735651069217204,180,9,171,0.05,0.9,3.510181288256344,195,20,175,0.10256410256410256,0.9210526315789473,1.240499
nmix,nmix,250,120,0.7,20,183,522,332,190,242,52,190,0.6360153256704981,1.0,0.21487603305785125,1.0,967,777,190,283,93,190,0.8035160289555325,1.0,0.3286219081272085,1.0,3.601787287250547,205,15,190,0.07317073170731707,1.0,3.3912449618327907,217,27,190,0.12442396313364056,1.0,3.88589657677325,195,5,190,0.02564102564102564,1.0,3.576814872302709,208,18,190,0.08653846153846154,1.0,1.40348
nmix,nmix,250,120,0.7,20,184,873,683,190,281,91,190,0.7823596792668958,1.0,0.3238434163701068,1.0,1494,1304,190,345,155,190,0.8728246318607764,1.0,0.4492753623188406,1.0,3.5952531067684332,205,15,190,0.07317073170731707,1.0,3.4068245428477937,216,26,190,0.12037037037037036,1.0,3.845303823653382,196,6,190,0.030612244897959183,1.0,3.5577816068295283,208,18,190,0.08653846153846154,1.0,1.187871
nmix,nmix,250,120,0.7,20,185,661,471,190,270,80,190,0.7125567322239031,1.0,0.2962962962962963,1.0,1144,954,190,314,124,190,0.833916083916084,1.0,0.39490445859872614,1.0,3.596744647972337,210,20,190,0.09523809523809523,1.0,3.3721416321731055,234,44,190,0.18803418803418803,1.0,4.063616955852023,196,6,190,0.030612244897959183,1.0,3.5763632524330173,214,24,190,0.11214953271028037,1.0,1.47472
nmix,nmix,250,120,0.7,20,186,612,422,190,248,60,188,0.6895424836601307,1.0,0.24193548387096775,0.9894736842105263,1088,898,190,294,106,188,0.8253676470588235,1.0,0.36054421768707484,0.9894736842105263,3.6296271093721604,195,7,188,0.035897435897435895,0.9894736842105263,3.4025030685067286,209,19,190,0.09090909090909091,1.0,4.022967878495637,190,2,188,0.010526315789473684,0.9894736842105263,3.572239468359301,197,9,188,0.04568527918781726,0.9894736842105263,1.246595
nmix,nmix,250,120,0.7,20,187,592,403,189,234,52,182,0.6807432432432432,0.9947368421052631,0.2222222222222222,0.9578947368421052,1012,823,189,270,85,185,0.8132411067193676,0.9947368421052631,0.3148148148148148,0.9736842105263158,3.613136844721028,208,20,188,0.09615384615384616,0.9894736842105263,3.4168116157257695,217,28,189,0.12903225806451613,0.9947368421052631,3.726713930266354,202,15,187,0.07425742574257425,0.9842105263157894,3.494763523457677,211,22,189,0.10426540284360189,0.9947368421052631,1.323817
nmix,nmix,250,120,0.7,20,188,572,382,190,247,57,190,0.6678321678321678,1.0,0.23076923076923078,1.0,1024,834,190,285,95,190,0.814453125,1.0,0.3333333333333333,1.0,3.5994646483933295,202,12,190,0.0594059405940594,1.0,3.416974582254936,208,18,190,0.08653846153846154,1.0,3.776102864369016,196,6,190,0.030612244897959183,1.0,3.5904189538014304,203,13,190,0.06403940886699508,1.0,1.186947
nmix,nmix,250,120,0.7,20,189,848,659,189,296,108,188,0.777122641509434,0.9947368421052631,0.36486486486486486,0.9894736842105263,1614,1425,189,389,200,189,0.8828996282527881,0.9947368421052631,0.5141388174807198,0.9947368421052631,3.6293410055325794,202,13,189,0.06435643564356436,0.9947368421052631,3.4063895857125113,215,26,189,0.12093023255813953,0.9947368421052631,3.9148894421504994,192,3,189,0.015625,0.9947368421052631,3.542159817075168,206,17,189,0.0825242718446602,0.9947368421052631,1.23622
nmix,nmix,250,120,0.7,20,190,669,479,190,263,76,187,0.7159940209267563,1.0,0.2889733840304182,0.9842105263157894,1269,1079,190,302,114,188,0.8502758077226162,1.0,0.37748344370860926,0.9894736842105263,3.6043750369265797,207,19,188,0.09178743961352658,0.9894736842105263,3.38673102034124,225,35,190,0.15555555555555556,1.0,3.7864065397371607,200,12,188,0.06,0.9894736842105263,3.5270646246251314,210,22,188,0.10476190476190476,0.9894736842105263,1.380324
nmix,nmix,250,120,0.7,20,191,971,781,190,317,129,188,0.8043254376930999,1.0,0.4069400630914827,0.9894736842105263,1587,1397,190,398,209,189,0.8802772526780088,1.0,0.5251256281407035,0.9947368421052631,3.6053009848069077,205,16,189,0.07804878048780488,0.9947368421052631,3.3847850612993016,222,32,190,0.14414414414414414,1.0,3.7837844989960505,198,9,189,0.045454545454545456,0.9947368421052631,3.5444424427157495,211,22,189,0.10426540284360189,0.9947368421052631,1.24961
nmix,nmix,250,120,0.7,20,192,764,576,188,279,94,185,0.7539267015706806,0.9894736842105263,0.33691756272401435,0.9736842105263158,1382,1193,189,328,141,187,0.8632416787264834,0.9947368421052631,0.4298780487804878,0.9842105263157894,3.602333160485923,201,14,187,0.06965174129353234,0.9842105263157894,3.3920310299339884,218,30,188,0.13761467889908258,0.9894736842105263,3.720513826845081,199,12,187,0.06030150753768844,0.9842105263157894,3.4648089216456435,211,23,188,0.10900473933649289,0.9894736842105263,1.269522
nmix,nmix,250,120,0.7,20,193,547,370,177,202,51,151,0.676416819012797,0.9315789473684211,0.2524752475247525,0.7947368421052632,1035,852,183,241,82,159,0.8231884057971014,0.9631578947368421,0.34024896265560167,0.8368421052631579,3.620493344209697,184,17,167,0.09239130434782608,0.8789473684210526,3.4680024644889733,191,21,170,0.1099476439790576,0.8947368421052632,3.8317043912074777,173,11,162,0.06358381502890173,0.8526315789473684,3.561914971946924,187,18,169,0.0962566844919786,0.8894736842105263,1.384777
nmix,nmix,250,120,0.7,20,194,618,428,190,256,66,190,0.6925566343042071,1.0,0.2578125,1.0,1119,929,190,293,103,190,0.8302055406613047,1.0,0.3515358361774744,1.0,3.6693160202446227,204,14,190,0.06862745098039216,1.0,3.391146881695102,218,28,190,0.12844036697247707,1.0,3.8517233736818324,200,10,190,0.05,1.0,3.5749143938222154,207,17,190,0.0821256038647343,1.0,1.301618
nmix,nmix,250,120,0.7,20,195,562,372,190,239,52,187,0.6619217081850534,1.0,0.2175732217573222,0.9842105263157894,1100,910,190,280,92,188,0.8272727272727273,1.0,0.32857142857142857,0.9894736842105263,3.6120929517494877,199,10,189,0.05025125628140704,0.9947368421052631,3.403843605688705,211,22,189,0.10426540284360189,0.9947368421052631,3.7869991531224345,197,9,188,0.04568527918781726,0.9894736842105263,3.5430780283503025,204,15,189,0.07352941176470588,0.9947368421052631,1.270446
nmix,nmix,250,120,0.7,20,196,660,470,190,256,69,187,0.7121212121212122,1.0,0.26953125,0.9842105263157894,1214,1024,190,297,110,187,0.8434925864909391,1.0,0.37037037037037035,0.9842105263157894,3.605092775842744,203,15,188,0.07389162561576355,0.9894736842105263,3.397257760753064,216,26,190,0.12037037037037036,1.0,3.7541197245086164,194,6,188,0.030927835051546393,0.9894736842105263,3.5188304177070537,206,18,188,0.08737864077669903,0.9894736842105263,1.306112
nmix,nmix,250,120,0.7,20,197,726,538,188,251,72,179,0.7410468319559229,0.9894736842105263,0.2868525896414343,0.9421052631578948,1372,1183,189,310,129,181,0.8622448979591837,0.9947368421052631,0.4161290322580645,0.9526315789473684,3.6214230082822763,194,9,185,0.04639175257731959,0.9736842105263158,3.4052818751556435,208,23,185,0.11057692307692307,0.9736842105263158,3.7733737226750974,189,7,182,0.037037037037037035,0.9578947368421052,3.506438541185123,202,17,185,0.08415841584158416,0.9736842105263158,1.305026
nmix,nmix,250,120,0.7,20,198,755,565,190,287,100,187,0.7483443708609272,1.0,0.34843205574912894,0.9842105263157894,1400,1210,190,342,154,188,0.8642857142857143,1.0,0.4502923976608187,0.9894736842105263,3.5959775956963025,209,20,189,0.09569377990430622,0.9947368421052631,3.3893033474311687,223,33,190,0.14798206278026907,1.0,3.836095723848585,201,12,189,0.05970149253731343,0.9947368421052631,3.523930840337677,213,24,189,0.11267605633802817,0.9947368421052631,1.244097
nmix,nmix,250,120,0.7,20,199,577,387,190,233,44,189,0.6707105719237435,1.0,0.1888412017167382,0.9947368421052631,1015,825,190,268,79,189,0.812807881773399,1.0,0.2947761194029851,0.9947368421052631,3.617743540568316,205,15,190,0.07317073170731707,1.0,3.400079028714658,215,25,190,0.11627906976744186,1.0,3.827208543513439,197,8,189,0.04060913705583756,0.9947368421052631,3.5294671977047174,207,17,190,0.0821256038647343,1.0,1.236445
nmix,nmix,250,120,0.7,20,200,789,600,189,259,86,173,0.7604562737642585,0.9947368421052631,0.33204633204633205,0.9105263157894737,1371,1182,189,324,144,180,0.862144420131291,0.9947368421052631,0.4444444444444444,0.9473684210526315,3.631956800946617,187,7,180,0.0374331550802139,0.9473684210526315,3.4116700642966373,203,20,183,0.09852216748768473,0.9631578947368421,3.840643568589695,181,4,177,0.022099447513812154,0.9315789473684211,3.5860577624167598,191,10,181,0.05235602094240838,0.9526315789473684,1.337673
nmix,nmix,250,120,0.7,20,201,628,438,190,273,86,187,0.697452229299363,1.0,0.315018315018315,0.9842105263157894,1130,940,190,325,136,189,0.831858407079646,1.0,0.41846153846153844,0.9947368421052631,3.6153454250613475,197,7,190,0.03553299492385787,1.0,3.39975661786273,214,24,190,0.11214953271028037,1.0,3.8242942429287163,193,3,190,0.015544041450777202,1.0,3.476773036940389,206,16,190,0.07766990291262135,1.0,1.433703
nmix,nmix,250,120,0.7,20,202,535,345,190,237,49,188,0.6448598130841121,1.0,0.20675105485232068,0.9894736842105263,927,737,190,261,73,188,0.7950377562028047,1.0,0.2796934865900383,0.9894736842105263,3.610641510220586,202,12,190,0.0594059405940594,1.0,3.400370156266597,221,31,190,0.14027149321266968,1.0,3.807396799927367,196,6,190,0.030612244897959183,1.0,3.519915608571996,209,19,190,0.09090909090909091,1.0,1.244545
nmix,nmix,250,120,0.7,20,203,706,516,190,270,82,188,0.7308781869688386,1.0,0.3037037037037037,0.9894736842105263,1271,1081,190,310,122,188,0.8505114083398898,1.0,0.3935483870967742,0.9894736842105263,3.5937233592809243,208,19,189,0.09134615384615384,0.9947368421052631,3.392677733748821,219,30,189,0.136986301369863,0.9947368421052631,3.773092630347203,199,11,188,0.05527638190954774,0.9894736842105263,3.5937233592809243,208,19,189,0.09134615384615384,0.9947368421052631,1.183802
nmix,nmix,250,120,0.7,20,204,545,365,180,192,46,146,0.6697247706422018,0.9473684210526315,0.23958333333333334,0.7684210526315789,890,707,183,233,82,151,0.7943820224719101,0.9631578947368421,0.351931330472103,0.7947368421052632,3.6390426431701206,171,8,163,0.04678362573099415,0.8578947368421053,3.432625612076547,189,19,170,0.10052910052910052,0.8947368421052632,3.7345321675258227,166,7,159,0.04216867469879518,0.8368421052631579,3.502387071004377,184,15,169,0.08152173913043478,0.8894736842105263,1.369101
nmix,nmix,250,120,0.7,20,205,833,644,189,280,95,185,0.773109243697479,0.9947368421052631,0.3392857142857143,0.9736842105263158,1406,1217,189,334,147,187,0.8655761024182077,0.9947368421052631,0.44011976047904194,0.9842105263157894,3.6043754451040306,204,15,189,0.07352941176470588,0.9947368421052631,3.3942451968948677,220,31,189,0.1409090909090909,0.9947368421052631,3.775735717278052,199,10,189,0.05025125628140704,0.9947368421052631,3.5377068951249453,209,20,189,0.09569377990430622,0.9947368421052631,1.297651
nmix,nmix,250,120,0.7,20,206,704,514,190,263,74,189,0.7301136363636364,1.0,0.2813688212927757,0.9947368421052631,1227,1037,190,321,132,189,0.8451507742461287,1.0,0.411214953271028,0.9947368421052631,3.6025728139556383,204,15,189,0.07352941176470588,0.9947368421052631,3.386012316609065,222,32,190,0.14414414414414414,1.0,3.754548173412725,199,10,189,0.05025125628140704,0.9947368421052631,3.5011728382345706,211,22,189,0.10426540284360189,0.9947368421052631,1.312319
nmix,nmix,250,120,0.7,20,207,589,399,190,235,50,185,0.6774193548387096,1.0,0.2127659574468085,0.9736842105263158,1010,820,190,277,90,187,0.8118811881188119,1.0,0.3249097472924188,0.9842105263157894,3.604380065550942,201,13,188,0.06467661691542288,0.9894736842105263,3.41133820386027,214,26,188,0.12149532710280374,0.9894736842105263,3.745498426935794,196,9,187,0.04591836734693878,0.9842105263157894,3.467404639275567,208,20,188,0.09615384615384616,0.9894736842105263,1.198742
nmix,nmix,250,120,0.7,20,208,638,450,188,262,78,184,0.7053291536050157,0.9894736842105263,0.29770992366412213,0.968421052631579,1106,916,190,311,126,185,0.8282097649186256,1.0,0.40514469453376206,0.9736842105263158,3.592593946304787,204,19,185,0.09313725490196079,0.9736842105263158,3.4010697531500442,220,33,187,0.15,0.9842105263157894,3.84986589493567,191,7,184,0.03664921465968586,0.968421052631579,3.5202802327044376,212,26,186,0.12264150943396226,0.9789473684210527,1.283701
nmix,nmix,250,120,0.7,20,209,775,586,189,273,90,183,0.7561290322580645,0.9947368421052631,0.32967032967032966,0.9631578947368421,1441,1252,189,324,138,186,0.8688410825815406,0.9947368421052631,0.42592592592592593,0.9789473684210527,3.6007006995069797,207,20,187,0.0966183574879227,0.9842105263157894,3.4156404608646094,219,32,187,0.1461187214611872,0.9842105263157894,3.7617830463429747,198,12,186,0.06060606060606061,0.9789473684210527,3.506434717452195,213,26,187,0.12206572769953052,0.9842105263157894,1.419764
nmix,nmix,250,120,0.7,20,210,707,517,190,267,84,183,0.7312588401697313,1.0,0.3146067415730337,0.9631578947368421,1256,1066,190,316,129,187,0.8487261146496815,1.0,0.40822784810126583,0.9842105263157894,3.608346829856712,196,8,188,0.04081632653061224,0.9894736842105263,3.3969241776311487,213,24,189,0.11267605633802817,0.9947368421052631,3.8668566567939235,191,5,186,0.02617801047120419,0.9789473684210527,3.559527631941838,198,10,188,0.050505050505050504,0.9894736842105263,1.295996
nmix,nmix,250,120,0.7,20,211,644,454,190,252,64,188,0.7049689440993789,1.0,0.25396825396825395,0.9894736842105263,1189,999,190,295,105,190,0.840201850294365,1.0,0.3559322033898305,1.0,3.61453478940662,209,19,190,0.09090909090909091,1.0,3.386293310513884,221,31,190,0.14027149321266968,1.0,3.7324031647383804,203,13,190,0.06403940886699508,1.0,3.4952322805348754,215,25,190,0.11627906976744186,1.0,1.285289
nmix,nmix,250,120,0.7,20,212,633,443,190,264,80,184,0.6998420221169036,1.0,0.30303030303030304,0.968421052631579,1106,916,190,303,119,184,0.8282097649186256,1.0,0.3927392739273927,0.968421052631579,3.6522448747688676,196,9,187,0.04591836734693878,0.9842105263157894,3.398613714700527,214,25,189,0.11682242990654206,0.9947368421052631,3.7794362252841354,193,7,186,0.03626943005181347,0.9789473684210527,3.488539005820624,205,16,189,0.07804878048780488,0.9947368421052631,1.196428
nmix,nmix,250,120,0.7,20,213,704,514,190,270,83,187,0.7301136363636364,1.0,0.3074074074074074,0.9842105263157894,1283,1093,190,311,123,188,0.8519095869056897,1.0,0.3954983922829582,0.9894736842105263,3.5919043674220403,209,20,189,0.09569377990430622,0.9947368421052631,3.3819859420566134,225,36,189,0.16,0.9947368421052631,3.76822403121911,202,14,188,0.06930693069306931,0.9894736842105263,3.483565076727278,214,25,189,0.11682242990654206,0.9947368421052631,1.400851
nmix,nmix,250,120,0.7,20,214,564,377,187,240,59,181,0.6684397163120568,0.9842105263157894,0.24583333333333332,0.9526315789473684,950,762,188,279,96,183,0.8021052631578948,0.9894736842105263,0.34408602150537637,0.9631578947368421,3.638887675577502,197,11,186,0.05583756345177665,0.9789473684210527,3.4053367897824316,213,26,187,0.12206572769953052,0.9842105263157894,3.7629257422403537,190,5,185,0.02631578947368421,0.9736842105263158,3.5206851547262614,202,16,186,0.07920792079207921,0.9789473684210527,1.249174
nmix,nmix,250,120,0.7,20,215,651,461,190,241,53,188,0.7081413210445469,1.0,0.21991701244813278,0.9894736842105263,1091,901,190,288,99,189,0.8258478460128322,1.0,0.34375,0.9947368421052631,3.590749374092206,206,16,190,0.07766990291262135,1.0,3.409505204074249,213,23,190,0.107981220657277,1.0,3.7741588467383065,199,9,190,0.04522613065326633,1.0,3.527805595065876,207,17,190,0.0821256038647343,1.0,1.289038
nmix,nmix,250,120,0.7,20,216,766,580,186,243,66,177,0.7571801566579635,0.9789473684210527,0.2716049382716049,0.9315789473684211,1332,1144,188,308,127,181,0.8588588588588588,0.9894736842105263,0.41233766233766234,0.9526315789473684,3.623250301834377,196,13,183,0.0663265306122449,0.9631578947368421,3.4147909992829115,203,19,184,0.09359605911330049,0.968421052631579,3.798023470546527,188,7,181,0.03723404255319149,0.9526315789473684,3.574897003261803,197,14,183,0.07106598984771574,0.9631578947368421,1.241221
nmix,nmix,250,120,0.7,20,217,667,480,187,244,65,179,0.719640179910045,0.9842105263157894,0.26639344262295084,0.9421052631578948,1251,1062,189,294,112,182,0.8489208633093526,0.9947368421052631,0.38095238095238093,0.9578947368421052,3.61599886502107,191,8,183,0.041884816753926704,0.9631578947368421,3.41822613594011,197,13,184,0.06598984771573604,0.968421052631579,3.80413937958838,188,5,183,0.026595744680851064,0.9631578947368421,3.6052121161226274,192,8,184,0.041666666666666664,0.968421052631579,1.440026
nmix,nmix,250,120,0.7,20,218,620,432,188,240,56,184,0.6967741935483871,0.9894736842105263,0.23333333333333334,0.968421052631579,1204,1015,189,283,98,185,0.8430232558139535,0.9947368421052631,0.3462897526501767,0.9736842105263158,3.6120501349625673,199,13,186,0.06532663316582915,0.9789473684210527,3.461053636349175,204,16,188,0.0784313725490196,0.9894736842105263,3.7976738906228533,196,10,186,0.05102040816326531,0.9789473684210527,3.5041318756596835,203,15,188,0.07389162561576355,0.9894736842105263,1.358158
nmix,nmix,250,120,0.7,20,219,651,465,186,241,64,177,0.7142857142857143,0.9789473684210527,0.26556016597510373,0.9315789473684211,1065,875,190,296,116,180,0.8215962441314554,1.0,0.3918918918918919,0.9473684210526315,3.604202783607662,198,13,185,0.06565656565656566,0.9736842105263158,3.4038041391463274,212,26,186,0.12264150943396226,0.9789473684210527,3.7827143576715194,191,8,183,0.041884816753926704,0.9631578947368421,3.493481533478176,204,19,185,0.09313725490196079,0.9736842105263158,1.181809
nmix,nmix,250,120,0.7,20,220,540,354,186,236,58,178,0.6555555555555556,0.9789473684210527,0.2457627118644068,0.9368421052631579,909,720,189,277,95,182,0.7920792079207921,0.9947368421052631,0.34296028880866425,0.9578947368421052,3.600088532555349,202,16,186,0.07920792079207921,0.9789473684210527,3.385945891419142,221,35,186,0.1583710407239819,0.9789473684210527,3.7134968189504933,192,9,183,0.046875,0.9631578947368421,3.4993702870284036,207,21,186,0.10144927536231885,0.9789473684210527,1.334125
nmix,nmix,250,120,0.7,20,221,735,550,185,269,95,174,0.7482993197278912,0.9736842105263158,0.35315985130111527,0.9157894736842105,1387,1199,188,327,150,177,0.8644556596971882,0.9894736842105263,0.45871559633027525,0.9315789473684211,3.618676590389681,192,11,181,0.057291666666666664,0.9526315789473684,3.4007530656206124,211,28,183,0.13270142180094788,0.9631578947368421,3.7988897645408244,183,5,178,0.0273224043715847,0.9368421052631579,3.5313896416980297,197,16,181,0.08121827411167512,0.9526315789473684,1.270629
nmix,nmix,250,120,0.7,20,222,724,534,190,243,53,190,0.7375690607734806,1.0,0.21810699588477367,1.0,1184,994,190,297,107,190,0.839527027027027,1.0,0.3602693602693603,1.0,3.679592878169156,201,11,190,0.05472636815920398,1.0,3.456741210088305,205,15,190,0.07317073170731707,1.0,3.8303217804693954,197,7,190,0.03553299492385787,1.0,3.679592878169156,201,11,190,0.05472636815920398,1.0,1.356138
nmix,nmix,250,120,0.7,20,223,646,456,190,264,74,190,0.7058823529411765,1.0,0.2803030303030303,1.0,1157,967,190,312,122,190,0.8357821953327571,1.0,0.391025641025641,1.0,3.618530266955561,202,12,190,0.0594059405940594,1.0,3.3979813684070748,216,26,190,0.12037037037037036,1.0,3.8835149150861583,198,8,190,0.04040404040404041,1.0,3.5312593086382225,207,17,190,0.0821256038647343,1.0,1.207638
nmix,nmix,250,120,0.7,20,224,694,504,190,268,80,188,0.7262247838616714,1.0,0.29850746268656714,0.9894736842105263,1155,965,190,314,124,190,0.8354978354978355,1.0,0.39490445859872614,1.0,3.5914248208170294,205,15,190,0.07317073170731707,1.0,3.4214613591315466,216,26,190,0.12037037037037036,1.0,3.8215282064994485,199,9,190,0.04522613065326633,1.0,3.5424914596808486,208,18,190,0.08653846153846154,1.0,1.244343
nmix,nmix,250,120,0.7,20,225,659,470,189,267,81,186,0.7132018209408194,0.9947368421052631,0.30337078651685395,0.9789473684210527,1248,1058,190,314,128,186,0.8477564102564102,1.0,0.40764331210191085,0.9789473684210527,3.6009312541652805,202,14,188,0.06930693069306931,0.9894736842105263,3.4080431326735554,218,30,188,0.13761467889908258,0.9894736842105263,3.8089509460833786,197,10,187,0.050761421319796954,0.9842105263157894,3.504463933165851,209,21,188,0.10047846889952153,0.9894736842105263,1.821111
nmix,nmix,250,120,0.7,20,226,574,384,190,247,57,190,0.6689895470383276,1.0,0.23076923076923078,1.0,998,808,190,283,93,190,0.8096192384769539,1.0,0.3286219081272085,1.0,3.7934219228643205,199,9,190,0.04522613065326633,1.0,3.3914817458920536,217,27,190,0.12442396313364056,1.0,3.7934219228643205,199,9,190,0.04522613065326633,1.0,3.495073162973967,204,14,190,0.06862745098039216,1.0,1.257961
nmix,nmix,250,120,0.7,20,227,601,411,190,237,48,189,0.6838602329450915,1.0,0.20253164556962025,0.9947368421052631,999,809,190,288,98,190,0.8098098098098098,1.0,0.3402777777777778,1.0,3.6276449894092995,199,9,190,0.04522613065326633,1.0,3.40847440132202,216,26,190,0.12037037037037036,1.0,3.841275990875894,197,7,190,0.03553299492385787,1.0,3.493477020274971,206,16,190,0.07766990291262135,1.0,1.360857
nmix,nmix,250,120,0.7,20,228,832,642,190,270,85,185,0.7716346153846154,1.0,0.3148148148148148,0.9736842105263158,1520,1330,190,334,146,188,0.875,1.0,0.437125748502994,0.9894736842105263,3.6028426875781636,209,20,189,0.09569377990430622,0.9947368421052631,3.3885171416434012,220,31,189,0.1409090909090909,0.9947368421052631,3.8029867782333446,197,9,188,0.04568527918781726,0.9894736842105263,3.5481835969481756,210,21,189,0.1,0.9947368421052631,1.228656
nmix,nmix,250,120,0.7,20,229,642,453,189,255,68,187,0.705607476635514,0.9947368421052631,0.26666666666666666,0.9842105263157894,1048,858,190,297,108,189,0.8187022900763359,1.0,0.36363636363636365,0.9947368421052631,3.619817835939499,202,13,189,0.06435643564356436,0.9947368421052631,3.3860212187410106,222,33,189,0.14864864864864866,0.9947368421052631,3.7667821587651007,199,10,189,0.05025125628140704,0.9947368421052631,3.5315540890071393,204,15,189,0.07352941176470588,0.9947368421052631,1.286889
nmix,nmix,250,120,0.7,20,230,601,411,190,236,51,185,0.6838602329450915,1.0,0.21610169491525424,0.9736842105263158,1038,848,190,278,91,187,0.8169556840077071,1.0,0.3273381294964029,0.9842105263157894,3.6243820680030576,194,6,188,0.030927835051546393,0.9894736842105263,3.524112487098553,196,7,189,0.03571428571428571,0.9947368421052631,3.699566492344559,193,5,188,0.025906735751295335,0.9894736842105263,3.524112487098553,196,7,189,0.03571428571428571,0.9947368421052631,1.336011
nmix,nmix,250,120,0.7,20,231,718,528,190,273,83,190,0.7353760445682451,1.0,0.304029304029304,1.0,1228,1038,190,322,132,190,0.8452768729641694,1.0,0.40993788819875776,1.0,3.6887174638406197,198,8,190,0.04040404040404041,1.0,3.3917944520373187,217,27,190,0.12442396313364056,1.0,3.7748998970585013,197,7,190,0.03553299492385787,1.0,3.5024056562596964,203,13,190,0.06403940886699508,1.0,1.26331
nmix,nmix,250,120,0.7,20,232,616,426,190,228,48,180,0.6915584415584416,1.0,0.21052631578947367,0.9473684210526315,1069,879,190,290,105,185,0.8222637979420019,1.0,0.3620689655172414,0.9736842105263158,3.6299059910593194,197,10,187,0.050761421319796954,0.9842105263157894,3.434674098088348,202,15,187,0.07425742574257425,0.9842105263157894,3.7408468540685367,192,5,187,0.026041666666666668,0.9842105263157894,3.500563678483349,199,12,187,0.06030150753768844,0.9842105263157894,1.338336
nmix,nmix,250,120,0.7,20,233,536,347,189,251,63,188,0.6473880597014925,0.9947368421052631,0.250996015936255,0.9894736842105263,944,754,190,276,88,188,0.798728813559322,1.0,0.3188405797101449,0.9894736842105263,3.6087446548592297,198,9,189,0.045454545454545456,0.9947368421052631,3.3971699034967395,213,24,189,0.11267605633802817,0.9947368421052631,3.834479717338783,193,4,189,0.02072538860103627,0.9947368421052631,3.5391865557314133,201,12,189,0.05970149253731343,0.9947368421052631,1.244457
nmix,nmix,250,120,0.7,20,234,575,388,187,239,60,179,0.6747826086956522,0.9842105263157894,0.2510460251046025,0.9421052631578948,999,811,188,267,87,180,0.8118118118118118,0.9894736842105263,0.3258426966292135,0.9473684210526315,3.624829230553421,200,15,185,0.075,0.9736842105263158,3.3920449542021798,216,30,186,0.1388888888888889,0.9789473684210527,3.758360242304446,193,10,183,0.05181347150259067,0.9631578947368421,3.4808956962411606,209,23,186,0.11004784688995216,0.9789473684210527,1.371384
nmix,nmix,250,120,0.7,20,235,607,417,190,259,70,189,0.6869851729818781,1.0,0.2702702702702703,0.9947368421052631,1037,847,190,318,128,190,0.8167791706846673,1.0,0.4025157232704403,1.0,3.599939356745117,207,17,190,0.0821256038647343,1.0,3.389088406416534,219,29,190,0.1324200913242009,1.0,3.7122446467363113,201,11,190,0.05472636815920398,1.0,3.503189774269299,209,19,190,0.09090909090909091,1.0,1.235611
nmix,nmix,250,120,0.7,20,236,570,380,190,237,53,184,0.6666666666666666,1.0,0.22362869198312235,0.968421052631579,1007,817,190,276,89,187,0.8113207547169812,1.0,0.322463768115942,0.9842105263157894,3.6152872354788217,201,13,188,0.06467661691542288,0.9894736842105263,3.4029246247334752,211,21,190,0.0995260663507109,1.0,3.825211039567809,196,8,188,0.04081632653061224,0.9894736842105263,3.493020447143638,205,16,189,0.07804878048780488,0.9947368421052631,1.292771
nmix,nmix,250,120,0.7,20,237,829,639,190,292,107,185,0.7708082026537998,1.0,0.3664383561643836,0.9736842105263158,1511,1321,190,376,190,186,0.8742554599602912,1.0,0.5053191489361702,0.9789473684210527,3.603111971368973,199,13,186,0.06532663316582915,0.9789473684210527,3.3974218927709288,214,25,189,0.11682242990654206,0.9947368421052631,3.817450017770105,190,4,186,0.021052631578947368,0.9789473684210527,3.5035195334349507,204,18,186,0.08823529411764706,0.9789473684210527,1.227696
nmix,nmix,250,120,0.7,20,238,585,396,189,244,59,185,0.676923076923077,0.9947368421052631,0.24180327868852458,0.9736842105263158,1083,893,190,292,104,188,0.8245614035087719,1.0,0.3561643835616438,0.9894736842105263,3.5976472725316677,201,12,189,0.05970149253731343,0.9947368421052631,3.4058597629908878,212,23,189,0.10849056603773585,0.9947368421052631,3.8350056741152945,195,7,188,0.035897435897435895,0.9894736842105263,3.5976472725316677,201,12,189,0.05970149253731343,0.9947368421052631,1.296749
nmix,nmix,250,120,0.7,20,239,721,531,190,258,69,189,0.7364771151178918,1.0,0.26744186046511625,0.9947368421052631,1282,1092,190,300,111,189,0.8517940717628705,1.0,0.37,0.9947368421052631,3.5934924254453495,205,15,190,0.07317073170731707,1.0,3.4011559868217196,220,30,190,0.13636363636363635,1.0,3.8461615144656296,195,5,190,0.02564102564102564,1.0,3.5315694181127824,209,19,190,0.09090909090909091,1.0,1.22171
nmix,nmix,250,120,0.7,20,240,536,346,190,242,56,186,0.6455223880597015,1.0,0.23140495867768596,0.9789473684210527,977,787,190,274,87,187,0.8055271238485159,1.0,0.3175182481751825,0.9842105263157894,3.611496021776726,201,12,189,0.05970149253731343,0.9947368421052631,3.4005655283877436,214,25,189,0.11682242990654206,0.9947368421052631,3.7642123885979015,195,7,188,0.035897435897435895,0.9894736842105263,3.5007174245917727,207,18,189,0.08695652173913043,0.9947368421052631,1.37953
nmix,nmix,250,120,0.7,20,241,561,373,188,244,60,184,0.6648841354723708,0.9894736842105263,0.2459016393442623,0.968421052631579,1007,818,189,276,92,184,0.8123138033763655,0.9947368421052631,0.3333333333333333,0.968421052631579,3.60574905501887,205,19,186,0.09268292682926829,0.9789473684210527,3.3930733471543917,218,31,187,0.14220183486238533,0.9842105263157894,3.7787410765670533,195,10,185,0.05128205128205128,0.9736842105263158,3.560763082671376,208,22,186,0.10576923076923077,0.9789473684210527,1.317094
nmix,nmix,250,120,0.7,20,242,642,453,189,246,68,178,0.705607476635514,0.9947368421052631,0.2764227642276423,0.9368421052631579,1093,904,189,290,110,180,0.8270814272644099,0.9947368421052631,0.3793103448275862,0.9473684210526315,3.637552432222889,196,11,185,0.05612244897959184,0.9736842105263158,3.402734012377634,215,27,188,0.12558139534883722,0.9894736842105263,3.7696718311752426,190,7,183,0.03684210526315789,0.9631578947368421,3.493026237393518,209,21,188,0.10047846889952153,0.9894736842105263,1.181405
nmix,nmix,250,120,0.7,20,243,708,519,189,256,75,181,0.7330508474576272,0.9947368421052631,0.29296875,0.9526315789473684,1240,1051,189,316,132,184,0.8475806451612903,0.9947368421052631,0.4177215189873418,0.968421052631579,3.6500479106394845,199,14,185,0.07035175879396985,0.9736842105263158,3.384272128553782,223,36,187,0.16143497757847533,0.9842105263157894,3.8065726719626602,193,9,184,0.046632124352331605,0.968421052631579,3.5444246942810578,203,17,186,0.08374384236453201,0.9789473684210527,1.377596
nmix,nmix,250,120,0.7,20,244,562,373,189,235,56,179,0.6637010676156584,0.9947368421052631,0.23829787234042554,0.9421052631578948,979,790,189,279,95,184,0.8069458631256384,0.9947368421052631,0.34050179211469533,0.968421052631579,3.641480705821572,196,10,186,0.05102040816326531,0.9789473684210527,3.3949724527324125,218,29,189,0.13302752293577982,0.9947368421052631,3.7548207174610253,193,7,186,0.03626943005181347,0.9789473684210527,3.482471586252213,206,19,187,0.09223300970873786,0.9842105263157894,1.231621
nmix,nmix,250,120,0.7,20,245,578,396,182,247,84,163,0.6851211072664359,0.9578947368421052,0.340080971659919,0.8578947368421053,1010,824,186,286,118,168,0.8158415841584158,0.9789473684210527,0.4125874125874126,0.8842105263157894,3.6373131477867457,189,12,177,0.06349206349206349,0.9315789473684211,3.42732722417852,203,26,177,0.12807881773399016,0.9315789473684211,3.74043999786038,185,11,174,0.05945945945945946,0.9157894736842105,3.4900323286513397,200,23,177,0.115,0.9315789473684211,1.332314
nmix,nmix,250,120,0.7,20,246,417,232,185,203,31,172,0.5563549160671463,0.9736842105263158,0.15270935960591134,0.9052631578947369,672,486,186,224,51,173,0.7232142857142857,0.9789473684210527,0.22767857142857142,0.9105263157894737,3.6324548123824565,197,15,182,0.07614213197969544,0.9578947368421052,3.4030931317080646,212,28,184,0.1320754716981132,0.968421052631579,3.700206913275058,191,10,181,0.05235602094240838,0.9526315789473684,3.4988882669991583,205,22,183,0.1073170731707317,0.9631578947368421,1.209574
nmix,nmix,250,120,0.7,20,247,575,385,190,244,54,190,0.6695652173913044,1.0,0.22131147540983606,1.0,966,776,190,269,79,190,0.8033126293995859,1.0,0.2936802973977695,1.0,3.6289316459653334,205,15,190,0.07317073170731707,1.0,3.398163055069295,216,26,190,0.12037037037037036,1.0,3.833372354204151,197,7,190,0.03553299492385787,1.0,3.5349435670470335,207,17,190,0.0821256038647343,1.0,1.28856
nmix,nmix,250,120,0.7,20,248,682,495,187,241,64,177,0.7258064516129032,0.9842105263157894,0.26556016597510373,0.9315789473684211,1236,1047,189,281,100,181,0.8470873786407767,0.9947368421052631,0.35587188612099646,0.9526315789473684,3.6215968019034364,198,13,185,0.06565656565656566,0.9736842105263158,3.4289584287727943,208,22,186,0.10576923076923077,0.9789473684210527,3.876749379113517,193,11,182,0.05699481865284974,0.9578947368421052,3.5206158698776453,203,17,186,0.08374384236453201,0.9789473684210527,1.472355
nmix,nmix,250,120,0.7,20,249,543,353,190,238,49,189,0.6500920810313076,1.0,0.20588235294117646,0.9947368421052631,1003,813,190,273,84,189,0.810568295114656,1.0,0.3076923076923077,0.9947368421052631,3.6199027804747304,198,9,189,0.045454545454545456,0.9947368421052631,3.428538926441658,205,15,190,0.07317073170731707,1.0,3.7326152888200888,193,4,189,0.02072538860103627,0.9947368421052631,3.526543946451554,200,11,189,0.055,0.9947368421052631,1.24587
nmix,nmix,250,120,0.7,20,250,705,515,190,253,63,190,0.7304964539007093,1.0,0.2490118577075099,1.0,1213,1023,190,308,118,190,0.843363561417972,1.0,0.38311688311688313,1.0,3.601114864494068,200,10,190,0.05,1.0,3.4199638013422065,211,21,190,0.0995260663507109,1.0,3.947258397146815,193,3,190,0.015544041450777202,1.0,3.5538190122178817,204,14,190,0.06862745098039216,1.0,1.285472
nmix,nmix,250,120,0.7,20,251,590,401,189,246,67,179,0.6796610169491526,0.9947368421052631,0.27235772357723576,0.9421052631578948,1046,856,190,282,99,183,0.8183556405353728,1.0,0.35106382978723405,0.9631578947368421,3.6123701249058078,197,11,186,0.05583756345177665,0.9789473684210527,3.4085965596449594,214,26,188,0.12149532710280374,0.9894736842105263,3.8429755765232065,190,6,184,0.031578947368421054,0.968421052631579,3.532348273160433,203,17,186,0.08374384236453201,0.9789473684210527,1.319714
nmix,nmix,250,120,0.7,20,252,479,291,188,207,27,180,0.6075156576200418,0.9894736842105263,0.13043478260869565,0.9473684210526315,817,627,190,228,47,181,0.7674418604651163,1.0,0.20614035087719298,0.9526315789473684,3.6301707235567178,187,4,183,0.0213903743315508,0.9631578947368421,3.4408088205650653,202,16,186,0.07920792079207921,0.9789473684210527,3.7637057243089287,183,1,182,0.00546448087431694,0.9578947368421052,3.4900618316911958,197,11,186,0.05583756345177665,0.9789473684210527,1.248136
nmix,nmix,250,120,0.7,20,253,739,552,187,262,87,175,0.7469553450608931,0.9842105263157894,0.3320610687022901,0.9210526315789473,1318,1129,189,306,125,181,0.8566009104704098,0.9947368421052631,0.4084967320261438,0.9526315789473684,3.613899260965813,195,15,180,0.07692307692307693,0.9473684210526315,3.410602610837081,213,31,182,0.14553990610328638,0.9578947368421052,3.8301156357573127,187,7,180,0.0374331550802139,0.9473684210526315,3.4914473577483673,203,21,182,0.10344827586206896,0.9578947368421052,1.233321
nmix,nmix,250,120,0.7,20,254,714,525,189,275,87,188,0.7352941176470589,0.9947368421052631,0.31636363636363635,0.9894736842105263,1285,1095,190,313,124,189,0.8521400778210116,1.0,0.3961661341853035,0.9947368421052631,3.603511310323488,205,16,189,0.07804878048780488,0.9947368421052631,3.3968563349760394,217,28,189,0.12903225806451613,0.9947368421052631,3.8483743933910355,197,8,189,0.04060913705583756,0.9947368421052631,3.5239516943279603,210,21,189,0.1,0.9947368421052631,1.18909
nmix,nmix,250,120,0.7,20,255,680,493,187,248,70,178,0.725,0.9842105263157894,0.28225806451612906,0.9368421052631579,1136,948,188,299,115,184,0.8345070422535211,0.9894736842105263,0.38461538461538464,0.968421052631579,3.6074460101041206,197,10,187,0.050761421319796954,0.9842105263157894,3.4112295885013495,208,21,187,0.10096153846153846,0.9842105263157894,3.8063554063735783,189,5,184,0.026455026455026454,0.968421052631579,3.571224160320987,198,11,187,0.05555555555555555,0.9842105263157894,1.327549
nmix,nmix,250,120,0.7,20,256,476,286,190,233,44,189,0.6008403361344538,1.0,0.1888412017167382,0.9947368421052631,834,644,190,266,76,190,0.7721822541966427,1.0,0.2857142857142857,1.0,3.6018068450455245,204,14,190,0.06862745098039216,1.0,3.4042838303993572,218,28,190,0.12844036697247707,1.0,3.9086776490649844,193,3,190,0.015544041450777202,1.0,3.5017007294455524,212,22,190,0.10377358490566038,1.0,1.426736
nmix,nmix,250,120,0.7,20,257,663,475,188,250,63,187,0.7164404223227753,0.9894736842105263,0.252,0.9842105263157894,1217,1028,189,303,116,187,0.8447000821692687,0.9947368421052631,0.38283828382838286,0.9842105263157894,3.6403839946226264,197,9,188,0.04568527918781726,0.9894736842105263,3.4007865503741193,218,30,188,0.13761467889908258,0.9894736842105263,3.954904180325905,193,6,187,0.031088082901554404,0.9842105263157894,3.503823731616562,209,21,188,0.10047846889952153,0.9894736842105263,1.286226
nmix,nmix,250,120,0.7,20,258,585,396,189,223,45,178,0.676923076923077,0.9947368421052631,0.20179372197309417,0.9368421052631579,1014,824,190,265,84,181,0.8126232741617357,1.0,0.3169811320754717,0.9526315789473684,3.6069018974277802,198,14,184,0.0707070707070707,0.968421052631579,3.398814380031085,215,26,189,0.12093023255813953,0.9947368421052631,3.7996678470454213,190,7,183,0.03684210526315789,0.9631578947368421,3.535628771438865,202,18,184,0.0891089108910891,0.968421052631579,1.195948
nmix,nmix,250,120,0.7,20,259,679,489,190,253,68,185,0.7201767304860088,1.0,0.26877470355731226,0.9736842105263158,1253,1063,190,290,101,189,0.8483639265762171,1.0,0.3482758620689655,0.9947368421052631,3.592838303148581,204,15,189,0.07352941176470588,0.9947368421052631,3.403202401196705,213,23,190,0.107981220657277,1.0,3.754349113367354,197,8,189,0.04060913705583756,0.9947368421052631,3.530426471871038,210,20,190,0.09523809523809523,1.0,1.285485
nmix,nmix,250,120,0.7,20,260,689,499,190,268,81,187,0.7242380261248186,1.0,0.30223880597014924,0.9842105263157894,1153,963,190,332,144,188,0.8352124891587164,1.0,0.43373493975903615,0.9894736842105263,3.5984988780518905,203,14,189,0.06896551724137931,0.9947368421052631,3.4192381406589303,218,28,190,0.12844036697247707,1.0,3.801506220571273,198,9,189,0.045454545454545456,0.9947368421052631,3.5020773977525024,208,19,189,0.09134615384615384,0.9947368421052631,1.316174
nmix,nmix,250,120,0.7,20,261,619,429,190,260,70,190,0.6930533117932148,1.0,0.2692307692307692,1.0,1108,918,190,304,114,190,0.8285198555956679,1.0,0.375,1.0,3.683567589631405,195,5,190,0.02564102564102564,1.0,3.427412297987861,209,19,190,0.09090909090909091,1.0,3.7803167705477394,194,4,190,0.020618556701030927,1.0,3.5099961972875375,204,14,190,0.06862745098039216,1.0,1.246878
nmix,nmix,250,120,0.7,20,262,553,363,190,230,48,182,0.6564195298372514,1.0,0.20869565217391303,0.9578947368421052,993,803,190,275,88,187,0.8086606243705942,1.0,0.32,0.9842105263157894,3.60175933760137,198,9,189,0.045454545454545456,0.9947368421052631,3.392568175787275,217,27,190,0.12442396313364056,1.0,3.9498609355111656,193,4,189,0.02072538860103627,0.9947368421052631,3.60175933760137,198,9,189,0.045454545454545456,0.9947368421052631,1.280955
nmix,nmix,250,120,0.7,20,263,699,510,189,262,77,185,0.7296137339055794,0.9947368421052631,0.29389312977099236,0.9736842105263158,1265,1076,189,314,127,187,0.850592885375494,0.9947368421052631,0.40445859872611467,0.9842105263157894,3.63690663987997,203,14,189,0.06896551724137931,0.9947368421052631,3.402830484846095,219,30,189,0.136986301369863,0.9947368421052631,3.7603980738180494,199,11,188,0.05527638190954774,0.9894736842105263,3.473536377686517,210,21,189,0.1,0.9947368421052631,1.223082
nmix,nmix,250,120,0.7,20,264,614,424,190,249,61,188,0.6905537459283387,1.0,0.24497991967871485,0.9894736842105263,1053,863,190,291,103,188,0.8195631528964862,1.0,0.3539518900343643,0.9894736842105263,3.593773051473996,205,15,190,0.07317073170731707,1.0,3.416822470910852,213,23,190,0.107981220657277,1.0,3.77400364912624,197,7,190,0.03553299492385787,1.0,3.5418288369679867,208,18,190,0.08653846153846154,1.0,1.501967
nmix,nmix,250,120,0.7,20,265,618,432,186,237,58,179,0.6990291262135923,0.9789473684210527,0.24472573839662448,0.9421052631578948,1162,973,189,288,104,184,0.8373493975903614,0.9947368421052631,0.3611111111111111,0.968421052631579,3.6155290773860576,195,11,184,0.05641025641025641,0.968421052631579,3.4155570993874895,205,20,185,0.0975609756097561,0.9736842105263158,3.808645088759459,190,6,184,0.031578947368421054,0.968421052631579,3.5831035843394847,196,12,184,0.061224489795918366,0.968421052631579,1.239347
nmix,nmix,250,120,0.7,20,266,657,468,189,264,76,188,0.7123287671232876,0.9947368421052631,0.2878787878787879,0.9894736842105263,1173,984,189,327,139,188,0.8388746803069054,0.9947368421052631,0.42507645259938837,0.9894736842105263,3.5865810227951593,212,23,189,0.10849056603773585,0.9947368421052631,3.391707947247634,229,40,189,0.17467248908296942,0.9947368421052631,3.8087948998581687,199,10,189,0.05025125628140704,0.9947368421052631,3.521368558651434,214,25,189,0.11682242990654206,0.9947368421052631,1.21333
nmix,nmix,250,120,0.7,20,267,519,330,189,237,51,186,0.6358381502890174,0.9947368421052631,0.21518987341772153,0.9789473684210527,981,791,190,266,80,186,0.8063200815494393,1.0,0.3007518796992481,0.9789473684210527,3.647866163985124,196,7,189,0.03571428571428571,0.9947368421052631,3.4136113526736422,207,18,189,0.08695652173913043,0.9947368421052631,3.835724003925793,190,3,187,0.015789473684210527,0.9842105263157894,3.527835764606898,200,11,189,0.055,0.9947368421052631,1.302199
nmix,nmix,250,120,0.7,20,268,652,462,190,248,65,183,0.7085889570552147,1.0,0.2620967741935484,0.9631578947368421,1178,988,190,295,111,184,0.8387096774193549,1.0,0.376271186440678,0.968421052631579,3.6175799662714505,204,16,188,0.0784313725490196,0.9894736842105263,3.3864733739323625,221,32,189,0.14479638009049775,0.9947368421052631,3.8324345872628456,192,6,186,0.03125,0.9789473684210527,3.5033682169902796,215,26,189,0.12093023255813953,0.9947368421052631,1.215644
nmix,nmix,250,120,0.7,20,269,498,308,190,239,50,189,0.6184738955823293,1.0,0.20920502092050208,0.9947368421052631,775,585,190,270,81,189,0.7548387096774194,1.0,0.3,0.9947368421052631,3.601775150844175,201,11,190,0.05472636815920398,1.0,3.3900349320097023,218,28,190,0.12844036697247707,1.0,3.8062534654545406,196,6,190,0.030612244897959183,1.0,3.5115141717821916,204,14,190,0.06862745098039216,1.0,1.462677
nmix,nmix,250,120,0.7,20,270,750,560,190,254,72,182,0.7466666666666667,1.0,0.28346456692913385,0.9578947368421052,1244,1054,190,304,121,183,0.8472668810289389,1.0,0.3980263157894737,0.9631578947368421,3.68921506204136,194,6,188,0.030927835051546393,0.9894736842105263,3.4137777712639443,205,17,188,0.08292682926829269,0.9894736842105263,3.8032440717022817,190,5,185,0.02631578947368421,0.9736842105263158,3.57819103239466,198,10,188,0.050505050505050504,0.9894736842105263,1.214084
nmix,nmix,250,120,0.7,20,271,657,469,188,243,55,188,0.7138508371385084,0.9894736842105263,0.22633744855967078,0.9894736842105263,1232,1042,190,273,85,188,0.8457792207792207,1.0,0.31135531135531136,0.9894736842105263,3.606104452096644,197,9,188,0.04568527918781726,0.9894736842105263,3.412232106945876,208,20,188,0.09615384615384616,0.9894736842105263,3.8224485937207997,191,3,188,0.015706806282722512,0.9894736842105263,3.606104452096644,197,9,188,0.04568527918781726,0.9894736842105263,1.269238
nmix,nmix,250,120,0.7,20,272,881,691,190,312,122,190,0.7843359818388195,1.0,0.391025641025641,1.0,1651,1461,190,377,187,190,0.8849182313749243,1.0,0.4960212201591512,1.0,3.6230124938738455,210,20,190,0.09523809523809523,1.0,3.3774462977421433,230,40,190,0.17391304347826086,1.0,3.829779561054437,201,11,190,0.05472636815920398,1.0,3.5408715733284124,212,22,190,0.10377358490566038,1.0,1.356957
nmix,nmix,250,120,0.7,20,273,734,545,189,255,73,182,0.7425068119891008,0.9947368421052631,0.28627450980392155,0.9578947368421052,1196,1006,190,314,130,184,0.8411371237458194,1.0,0.4140127388535032,0.968421052631579,3.6200126882342007,200,13,187,0.065,0.9842105263157894,3.4011551058787446,217,30,187,0.1382488479262673,0.9842105263157894,3.777436980067606,193,8,185,0.04145077720207254,0.9736842105263158,3.511625853260704,204,17,187,0.08333333333333333,0.9842105263157894,1.458635
nmix,nmix,250,120,0.7,20,274,511,321,190,243,54,189,0.6281800391389433,1.0,0.2222222222222222,0.9947368421052631,845,655,190,263,74,189,0.7751479289940828,1.0,0.2813688212927757,0.9947368421052631,3.5972352601229223,203,13,190,0.06403940886699508,1.0,3.397378900303326,221,31,190,0.14027149321266968,1.0,3.800808277338074,195,5,190,0.02564102564102564,1.0,3.520636727283095,208,18,190,0.08653846153846154,1.0,1.169507
nmix,nmix,250,120,0.7,20,275,541,354,187,225,44,181,0.6543438077634011,0.9842105263157894,0.19555555555555557,0.9526315789473684,906,718,188,256,73,183,0.7924944812362031,0.9894736842105263,0.28515625,0.9631578947368421,3.612833991919119,195,8,187,0.041025641025641026,0.9842105263157894,3.412390633023573,204,17,187,0.08333333333333333,0.9842105263157894,3.716273533455547,191,6,185,0.031413612565445025,0.9736842105263158,3.4907045414860836,201,14,187,0.06965174129353234,0.9842105263157894,1.237838
nmix,nmix,250,120,0.7,20,276,692,502,190,277,87,190,0.7254335260115607,1.0,0.3140794223826715,1.0,1242,1052,190,330,140,190,0.8470209339774557,1.0,0.42424242424242425,1.0,3.604034801923402,200,10,190,0.05,1.0,3.3908513042548045,219,29,190,0.1324200913242009,1.0,3.794210311749793,198,8,190,0.04040404040404041,1.0,3.4905655634563564,210,20,190,0.09523809523809523,1.0,1.271852
nmix,nmix,250,120,0.7,20,277,680,492,188,262,79,183,0.7235294117647059,0.9894736842105263,0.3015267175572519,0.9631578947368421,1145,956,189,309,124,185,0.8349344978165939,0.9947368421052631,0.40129449838187703,0.9736842105263158,3.627223576055087,201,13,188,0.06467661691542288,0.9894736842105263,3.395384055260482,219,31,188,0.1415525114155251,0.9894736842105263,3.7411883187449866,197,9,188,0.04568527918781726,0.9894736842105263,3.479529414063754,208,20,188,0.09615384615384616,0.9894736842105263,1.304275
nmix,nmix,250,120,0.7,20,278,789,600,189,288,107,181,0.7604562737642585,0.9947368421052631,0.3715277777777778,0.9526315789473684,1389,1199,190,337,154,183,0.86321094312455,1.0,0.456973293768546,0.9631578947368421,3.662737343786558,194,10,184,0.05154639175257732,0.968421052631579,3.437042995922326,204,17,187,0.08333333333333333,0.9842105263157894,3.7891996902676466,190,8,182,0.042105263157894736,0.9578947368421052,3.5387485500976275,199,13,186,0.06532663316582915,0.9789473684210527,1.260882
nmix,nmix,250,120,0.7,20,279,660,470,190,260,71,189,0.7121212121212122,1.0,0.27307692307692305,0.9947368421052631,1204,1014,190,309,120,189,0.8421926910299004,1.0,0.3883495145631068,0.9947368421052631,3.607171804320857,205,15,190,0.07317073170731707,1.0,3.3960532398330114,220,30,190,0.13636363636363635,1.0,3.8083100002882424,196,6,190,0.030612244897959183,1.0,3.5368365551224348,211,21,190,0.0995260663507109,1.0,1.193314
nmix,nmix,250,120,0.7,20,280,517,328,189,222,39,183,0.6344294003868471,0.9947368421052631,0.17567567567567569,0.9631578947368421,827,637,190,249,63,186,0.7702539298669892,1.0,0.25301204819277107,0.9789473684210527,3.603016159152503,201,12,189,0.05970149253731343,0.9947368421052631,3.423520556224838,215,26,189,0.12093023255813953,0.9947368421052631,3.7231119466976947,195,7,188,0.035897435897435895,0.9894736842105263,3.5062261591719146,209,20,189,0.09569377990430622,0.9947368421052631,1.385524
nmix,nmix,250,120,0.7,20,281,723,536,187,281,98,183,0.7413554633471646,0.9842105263157894,0.3487544483985765,0.9631578947368421,1399,1210,189,322,138,184,0.8649035025017869,0.9947368421052631,0.42857142857142855,0.968421052631579,3.5976802224482114,207,21,186,0.10144927536231885,0.9789473684210527,3.3942609607410197,223,36,187,0.16143497757847533,0.9842105263157894,3.793511993664587,202,17,185,0.08415841584158416,0.9736842105263158,3.5185292110208826,213,27,186,0.1267605633802817,0.9789473684210527,1.375546
nmix,nmix,250,120,0.7,20,282,673,484,189,246,67,179,0.7191679049034175,0.9947368421052631,0.27235772357723576,0.9421052631578948,1270,1081,189,283,101,182,0.8511811023622047,0.9947368421052631,0.3568904593639576,0.9578947368421052,3.6442576145640526,194,10,184,0.05154639175257732,0.968421052631579,3.4347013850354395,204,17,187,0.08333333333333333,0.9842105263157894,3.7487021603813893,192,10,182,0.052083333333333336,0.9578947368421052,3.5175917721129832,197,12,185,0.06091370558375635,0.9736842105263158,1.227817
nmix,nmix,250,120,0.7,20,283,668,478,190,243,61,182,0.7155688622754491,1.0,0.25102880658436216,0.9578947368421052,1209,1019,190,292,108,184,0.8428453267162944,1.0,0.3698630136986301,0.968421052631579,3.623395620063434,197,12,185,0.06091370558375635,0.9736842105263158,3.39293114890429,216,28,188,0.12962962962962962,0.9894736842105263,3.7587297011063545,193,8,185,0.04145077720207254,0.9736842105263158,3.514020285972143,204,17,187,0.08333333333333333,0.9842105263157894,1.314221
nmix,nmix,250,120,0.7,20,284,860,670,190,297,110,187,0.7790697674418605,1.0,0.37037037037037035,0.9842105263157894,1485,1295,190,366,178,188,0.8720538720538721,1.0,0.48633879781420764,0.9894736842105263,3.6363961548817274,207,18,189,0.08695652173913043,0.9947368421052631,3.396199850720257,220,30,190,0.13636363636363635,1.0,3.818972911624116,202,14,188,0.06930693069306931,0.9894736842105263,3.553573696949631,210,21,189,0.1,0.9947368421052631,1.199426
nmix,nmix,250,120,0.7,20,285,725,535,190,259,70,189,0.7379310344827587,1.0,0.2702702702702703,0.9947368421052631,1268,1078,190,314,125,189,0.8501577287066246,1.0,0.3980891719745223,0.9947368421052631,3.645414908957422,202,12,190,0.0594059405940594,1.0,3.4047828811000675,209,19,190,0.09090909090909091,1.0,3.7269244940698907,197,8,189,0.04060913705583756,0.9947368421052631,3.4864205153097663,207,17,190,0.0821256038647343,1.0,1.327042
nmix,nmix,250,120,0.7,20,286,664,476,188,262,81,181,0.7168674698795181,0.9894736842105263,0.30916030534351147,0.9526315789473684,1136,946,190,330,148,182,0.8327464788732394,1.0,0.4484848484848485,0.9578947368421052,3.6077520388068747,205,21,184,0.1024390243902439,0.968421052631579,3.3995627084100737,215,29,186,0.13488372093023257,0.9789473684210527,3.7895640607410477,195,12,183,0.06153846153846154,0.9631578947368421,3.5082128601359712,209,24,185,0.11483253588516747,0.9736842105263158,1.304121
nmix,nmix,250,120,0.7,20,287,550,360,190,257,68,189,0.6545454545454545,1.0,0.26459143968871596,0.9947368421052631,936,746,190,291,102,189,0.7970085470085471,1.0,0.35051546391752575,0.9947368421052631,3.6003584713397156,203,13,190,0.06403940886699508,1.0,3.3737336532870628,233,43,190,0.18454935622317598,1.0,3.773291768501841,199,9,190,0.04522613065326633,1.0,3.470784513904858,219,29,190,0.1324200913242009,1.0,1.232555
nmix,nmix,250,120,0.7,20,288,490,303,187,214,33,181,0.6183673469387755,0.9842105263157894,0.1542056074766355,0.9526315789473684,827,637,190,252,67,185,0.7702539298669892,1.0,0.26587301587301587,0.9736842105263158,3.6028918877739162,200,14,186,0.07,0.9789473684210527,3.410410620555521,208,22,186,0.10576923076923077,0.9789473684210527,3.7664184623435073,191,5,186,0.02617801047120419,0.9789473684210527,3.540072260938002,203,17,186,0.08374384236453201,0.9789473684210527,1.406175
nmix,nmix,250,120,0.7,20,289,613,423,190,236,55,181,0.6900489396411092,1.0,0.2330508474576271,0.9526315789473684,1126,936,190,295,110,185,0.8312611012433393,1.0,0.3728813559322034,0.9736842105263158,3.6056389939797553,201,11,190,0.05472636815920398,1.0,3.3960631682318034,214,24,190,0.11214953271028037,1.0,3.7624069300777565,196,8,188,0.04081632653061224,0.9894736842105263,3.5128814976978053,208,18,190,0.08653846153846154,1.0,1.231308
nmix,nmix,250,120,0.7,20,290,557,367,190,232,43,189,0.6588868940754039,1.0,0.1853448275862069,0.9947368421052631,996,806,190,265,76,189,0.8092369477911646,1.0,0.28679245283018867,0.9947368421052631,3.6055709320124194,200,10,190,0.05,1.0,3.401657379821042,211,21,190,0.0995260663507109,1.0,3.8764670372532097,194,5,189,0.02577319587628866,0.9947368421052631,3.554376380715579,202,12,190,0.0594059405940594,1.0,1.393154
nmix,nmix,250,120,0.7,20,291,695,505,190,258,68,190,0.7266187050359713,1.0,0.26356589147286824,1.0,1273,1083,190,295,105,190,0.8507462686567164,1.0,0.3559322033898305,1.0,3.638625140233705,201,11,190,0.05472636815920398,1.0,3.3986619192418783,215,25,190,0.11627906976744186,1.0,3.9012707447636585,195,5,190,0.02564102564102564,1.0,3.638625140233705,201,11,190,0.05472636815920398,1.0,1.270673
nmix,nmix,250,120,0.7,20,292,582,392,190,241,54,187,0.6735395189003437,1.0,0.22406639004149378,0.9842105263157894,969,779,190,280,91,189,0.803921568627451,1.0,0.325,0.9947368421052631,3.600483876041294,209,19,190,0.09090909090909091,1.0,3.3878212972128896,222,32,190,0.14414414414414414,1.0,3.778782773594189,196,6,190,0.030612244897959183,1.0,3.5306871841292837,212,22,190,0.10377358490566038,1.0,1.243185
nmix,nmix,250,120,0.7,20,293,485,296,189,232,44,188,0.6103092783505155,0.9947368421052631,0.1896551724137931,0.9894736842105263,789,599,190,250,62,188,0.7591888466413181,1.0,0.248,0.9894736842105263,3.645218942985234,197,9,188,0.04568527918781726,0.9894736842105263,3.4063200968828964,212,23,189,0.10849056603773585,0.9947368421052631,3.733709820683675,193,5,188,0.025906735751295335,0.9894736842105263,3.497177037430896,208,19,189,0.09134615384615384,0.9947368421052631,1.261113
nmix,nmix,250,120,0.7,20,294,560,371,189,227,42,185,0.6625,0.9947368421052631,0.18502202643171806,0.9736842105263158,899,709,190,273,88,185,0.7886540600667408,1.0,0.32234432234432236,0.9736842105263158,3.5989139291326455,199,10,189,0.05025125628140704,0.9947368421052631,3.405088073129234,214,25,189,0.11682242990654206,0.9947368421052631,3.885111126864557,192,4,188,0.020833333333333332,0.9894736842105263,3.545765523636486,205,16,189,0.07804878048780488,0.9947368421052631,1.271188
nmix,nmix,250,120,0.7,20,295,894,704,190,301,114,187,0.7874720357941835,1.0,0.3787375415282392,0.9842105263157894,1559,1369,190,375,185,190,0.8781270044900578,1.0,0.49333333333333335,1.0,3.5906444502010215,206,16,190,0.07766990291262135,1.0,3.3911082316604766,217,27,190,0.12442396313364056,1.0,3.7732485229032307,197,7,190,0.03553299492385787,1.0,3.4995109593861367,211,21,190,0.0995260663507109,1.0,1.392878
nmix,nmix,250,120,0.7,20,296,536,346,190,244,55,189,0.6455223880597015,1.0,0.22540983606557377,0.9947368421052631,878,688,190,274,85,189,0.7835990888382688,1.0,0.3102189781021898,0.9947368421052631,3.5990572278423616,204,14,190,0.06862745098039216,1.0,3.38595897518725,221,31,190,0.14027149321266968,1.0,3.7894650823113523,194,5,189,0.02577319587628866,0.9947368421052631,3.5269555938124397,210,20,190,0.09523809523809523,1.0,1.312263
nmix,nmix,250,120,0.7,20,297,644,454,190,249,61,188,0.7049689440993789,1.0,0.24497991967871485,0.9894736842105263,1110,920,190,289,100,189,0.8288288288288288,1.0,0.3460207612456747,0.9947368421052631,3.654433660788717,197,8,189,0.04060913705583756,0.9947368421052631,3.4090878597988907,211,22,189,0.10426540284360189,0.9947368421052631,3.844644318082631,192,3,189,0.015625,0.9947368421052631,3.576262057126614,200,11,189,0.055,0.9947368421052631,1.308918
nmix,nmix,250,120,0.7,20,298,665,485,180,219,62,157,0.7293233082706767,0.9473684210526315,0.2831050228310502,0.8263157894736842,1159,971,188,282,117,165,0.8377911993097498,0.9894736842105263,0.4148936170212766,0.868421052631579,3.641342641642478,176,9,167,0.05113636363636364,0.8789473684210526,3.4442908720395535,191,21,170,0.1099476439790576,0.8947368421052632,3.781191987301896,172,7,165,0.040697674418604654,0.868421052631579,3.5198621857522765,187,17,170,0.09090909090909091,0.8947368421052632,1.192527
nmix,nmix,250,120,0.7,20,299,974,784,190,322,136,186,0.8049281314168378,1.0,0.422360248447205,0.9789473684210527,1736,1546,190,402,215,187,0.8905529953917051,1.0,0.5348258706467661,0.9842105263157894,3.6436403451268333,200,12,188,0.06,0.9894736842105263,3.4053024268267698,212,24,188,0.11320754716981132,0.9894736842105263,3.7991795254143,192,6,186,0.03125,0.9789473684210527,3.5643922416497458,203,15,188,0.07389162561576355,0.9894736842105263,1.378472
