model,x_model,p,n,rho,block,seed,R_bh_0.05,V_bh_0.05,S_bh_0.05,R_by_0.05,V_by_0.05,S_by_0.05,fdr_bh_0.05,power_bh_0.05,fdr_by_0.05,power_by_0.05,R_bh_0.1,V_bh_0.1,S_bh_0.1,R_by_0.1,V_by_0.1,S_by_0.1,fdr_bh_0.1,power_bh_0.1,fdr_by_0.1,power_by_0.1,t_lct_0.05,R_lct_0.05,V_lct_0.05,S_lct_0.05,fdr_lct_0.05,power_lct_0.05,t_lct_0.1,R_lct_0.1,V_lct_0.1,S_lct_0.1,fdr_lct_0.1,power_lct_0.1,t_lctb_0.05_B100,R_lctb_0.05_B100,V_lctb_0.05_B100,S_lctb_0.05_B100,fdr_lctb_0.05_B100,power_lctb_0.05_B100,t_lctb_0.1_B100,R_lctb_0.1_B100,V_lctb_0.1_B100,S_lctb_0.1_B100,fdr_lctb_0.1_B100,power_lctb_0.1_B100,wall_time_s
nmix,nmix,250,120,0.6,20,0,544,384,160,164,44,120,0.7058823529411765,0.8421052631578947,0.2682926829268293,0.631578947368421,984,815,169,202,71,131,0.8282520325203252,0.8894736842105263,0.35148514851485146,0.6894736842105263,3.700797817701195,142,8,134,0.056338028169014086,0.7052631578947368,3.5113142632040164,150,10,140,0.06666666666666667,0.7368421052631579,3.887120992257484,127,4,123,0.031496062992125984,0.6473684210526316,3.605977166368714,145,8,137,0.05517241379310345,0.7210526315789474,1.32177
nmix,nmix,250,120,0.6,20,1,628,441,187,233,62,171,0.7022292993630573,0.9842105263157894,0.26609442060085836,0.9,1047,858,189,287,110,177,0.8194842406876791,0.9947368421052631,0.3832752613240418,0.9315789473684211,3.611044297560677,200,15,185,0.075,0.9736842105263158,3.4059282772507906,209,23,186,0.11004784688995216,0.9789473684210527,3.7460892818412392,191,7,184,0.03664921465968586,0.968421052631579,3.507861436756886,206,20,186,0.0970873786407767,0.9789473684210527,1.253237
nmix,nmix,250,120,0.6,20,2,414,247,167,157,24,133,0.5966183574879227,0.8789473684210526,0.15286624203821655,0.7,715,538,177,200,53,147,0.7524475524475525,0.9315789473684211,0.265,0.7736842105263158,3.711633914911551,166,8,158,0.04819277108433735,0.8315789473684211,3.45115600463462,179,18,161,0.1005586592178771,0.8473684210526315,3.7668096133744036,161,7,154,0.043478260869565216,0.8105263157894737,3.542066606402862,175,14,161,0.08,0.8473684210526315,1.206121
nmix,nmix,250,120,0.6,20,3,545,358,187,222,54,168,0.6568807339449542,0.9842105263157894,0.24324324324324326,0.8842105263157894,893,704,189,275,100,175,0.7883538633818589,0.9947368421052631,0.36363636363636365,0.9210526315789473,3.6147458303260915,201,18,183,0.08955223880597014,0.9631578947368421,3.3973644410055166,212,28,184,0.1320754716981132,0.968421052631579,3.756168187777929,190,10,180,0.05263157894736842,0.9473684210526315,3.500677016633463,205,21,184,0.1024390243902439,0.968421052631579,1.230831
nmix,nmix,250,120,0.6,20,4,441,284,157,149,33,116,0.6439909297052154,0.8263157894736842,0.2214765100671141,0.6105263157894737,778,612,166,181,55,126,0.7866323907455013,0.8736842105263158,0.30386740331491713,0.6631578947368421,3.6822289754591626,146,9,137,0.06164383561643835,0.7210526315789474,3.485605809319762,158,16,142,0.10126582278481013,0.7473684210526316,3.834543539376236,136,4,132,0.029411764705882353,0.6947368421052632,3.601660295368294,153,13,140,0.08496732026143791,0.7368421052631579,1.359022
nmix,nmix,250,120,0.6,20,5,612,424,188,232,52,180,0.6928104575163399,0.9894736842105263,0.22413793103448276,0.9473684210526315,1058,870,188,268,86,182,0.8223062381852552,0.9894736842105263,0.3208955223880597,0.9578947368421052,3.6091642712155854,196,11,185,0.05612244897959184,0.9736842105263158,3.4149570490159573,206,20,186,0.0970873786407767,0.9789473684210527,3.800623106258121,189,5,184,0.026455026455026454,0.968421052631579,3.52435056164979,199,13,186,0.06532663316582915,0.9789473684210527,1.259441
nmix,nmix,250,120,0.6,20,6,520,371,149,136,39,97,0.7134615384615385,0.7842105263157895,0.2867647058823529,0.5105263157894737,891,723,168,183,68,115,0.8114478114478114,0.8842105263157894,0.37158469945355194,0.6052631578947368,3.7287584656848605,127,7,120,0.05511811023622047,0.631578947368421,3.518200508106194,141,16,125,0.11347517730496454,0.6578947368421053,3.91742392022274,114,3,111,0.02631578947368421,0.5842105263157895,3.6486053521049766,132,9,123,0.06818181818181818,0.6473684210526316,1.265595
nmix,nmix,250,120,0.6,20,7,823,655,168,229,95,134,0.795868772782503,0.8842105263157894,0.4148471615720524,0.7052631578947368,1496,1317,179,296,151,145,0.8803475935828877,0.9421052631578948,0.5101351351351351,0.7631578947368421,3.6660291841279466,157,14,143,0.08917197452229299,0.7526315789473684,3.476832976352853,173,25,148,0.14450867052023122,0.7789473684210526,3.8373127029290495,141,8,133,0.05673758865248227,0.7,3.555237102846616,166,20,146,0.12048192771084337,0.7684210526315789,1.374276
nmix,nmix,250,120,0.6,20,8,476,301,175,188,42,146,0.6323529411764706,0.9210526315789473,0.22340425531914893,0.7684210526315789,854,671,183,227,77,150,0.7857142857142857,0.9631578947368421,0.3392070484581498,0.7894736842105263,3.6681733864719446,169,10,159,0.05917159763313609,0.8368421052631579,3.4499782539943062,188,20,168,0.10638297872340426,0.8842105263157894,3.8210991779118313,161,7,154,0.043478260869565216,0.8105263157894737,3.596682662754042,173,12,161,0.06936416184971098,0.8473684210526315,1.294652
nmix,nmix,250,120,0.6,20,9,748,568,180,230,74,156,0.7593582887700535,0.9473684210526315,0.3217391304347826,0.8210526315789474,1356,1170,186,286,120,166,0.8628318584070797,0.9789473684210527,0.4195804195804196,0.8736842105263158,3.6278446305922043,179,12,167,0.0670391061452514,0.8789473684210526,3.4247057345208805,196,26,170,0.1326530612244898,0.8947368421052632,3.828400353274478,169,6,163,0.03550295857988166,0.8578947368421053,3.564587538117362,185,18,167,0.0972972972972973,0.8789473684210526,1.281739
nmix,nmix,250,120,0.6,20,10,732,544,188,270,89,181,0.7431693989071039,0.9894736842105263,0.3296296296296296,0.9526315789473684,1304,1115,189,346,162,184,0.8550613496932515,0.9947368421052631,0.4682080924855491,0.968421052631579,3.603264703977586,201,15,186,0.07462686567164178,0.9789473684210527,3.426106110084156,207,21,186,0.10144927536231885,0.9789473684210527,3.6747109689746074,199,13,186,0.06532663316582915,0.9789473684210527,3.47224569552657,203,17,186,0.08374384236453201,0.9789473684210527,1.230493
nmix,nmix,250,120,0.6,20,11,753,565,188,269,91,178,0.750332005312085,0.9894736842105263,0.3382899628252788,0.9368421052631579,1384,1196,188,318,138,180,0.8641618497109826,0.9894736842105263,0.4339622641509434,0.9473684210526315,3.624314010083775,196,14,182,0.07142857142857142,0.9578947368421052,3.424775618939917,209,23,186,0.11004784688995216,0.9789473684210527,3.8022052836892777,188,8,180,0.0425531914893617,0.9473684210526315,3.5182423602146495,204,19,185,0.09313725490196079,0.9736842105263158,1.305941
nmix,nmix,250,120,0.6,20,12,543,381,162,152,46,106,0.7016574585635359,0.8526315789473684,0.3026315789473684,0.5578947368421052,1005,832,173,220,93,127,0.8278606965174129,0.9105263157894737,0.42272727272727273,0.6684210526315789,3.7012396353460217,140,10,130,0.07142857142857142,0.6842105263157895,3.4778367632613474,162,23,139,0.1419753086419753,0.7315789473684211,3.8002603778931023,137,10,127,0.072992700729927,0.6684210526315789,3.543941547097624,156,19,137,0.12179487179487179,0.7210526315789474,1.20553
nmix,nmix,250,120,0.6,20,13,603,418,185,232,57,175,0.693200663349917,0.9736842105263158,0.24568965517241378,0.9210526315789473,1145,958,187,284,106,178,0.8366812227074236,0.9842105263157894,0.3732394366197183,0.9368421052631579,3.6226904316595947,189,9,180,0.047619047619047616,0.9473684210526315,3.4306738123502374,196,14,182,0.07142857142857142,0.9578947368421052,3.77313408673902,184,6,178,0.03260869565217391,0.9368421052631579,3.5591672739996874,192,11,181,0.057291666666666664,0.9526315789473684,1.357728
nmix,nmix,250,120,0.6,20,14,717,529,188,245,72,173,0.7377963737796374,0.9894736842105263,0.2938775510204082,0.9105263157894737,1274,1084,190,287,109,178,0.8508634222919937,1.0,0.3797909407665505,0.9368421052631579,3.624853581536613,195,14,181,0.07179487179487179,0.9526315789473684,3.4004767780078695,212,27,185,0.12735849056603774,0.9736842105263158,3.8194248601732297,186,7,179,0.03763440860215054,0.9421052631578948,3.531385896453893,203,21,182,0.10344827586206896,0.9578947368421052,1.201614
nmix,nmix,250,120,0.6,20,15,568,392,176,193,44,149,0.6901408450704225,0.9263157894736842,0.22797927461139897,0.7842105263157895,995,814,181,239,85,154,0.8180904522613065,0.9526315789473684,0.35564853556485354,0.8105263157894737,3.666950875456899,165,9,156,0.05454545454545454,0.8210526315789474,3.4414955321108422,181,17,164,0.09392265193370165,0.8631578947368421,3.8200641531500548,160,6,154,0.0375,0.8105263157894737,3.5647460481134807,169,11,158,0.0650887573964497,0.8315789473684211,1.441111
nmix,nmix,250,120,0.6,20,16,515,352,163,172,47,125,0.683495145631068,0.8578947368421053,0.27325581395348836,0.6578947368421053,997,821,176,207,70,137,0.8234704112337011,0.9263157894736842,0.33816425120772947,0.7210526315789474,3.677204104104791,147,9,138,0.061224489795918366,0.7263157894736842,3.459138892946866,169,18,151,0.10650887573964497,0.7947368421052632,3.8506993781791876,139,6,133,0.04316546762589928,0.7,3.570677050782538,155,13,142,0.08387096774193549,0.7473684210526316,1.229366
nmix,nmix,250,120,0.6,20,17,662,484,178,216,61,155,0.7311178247734139,0.9368421052631579,0.2824074074074074,0.8157894736842105,1193,1010,183,255,93,162,0.8466051969823973,0.9631578947368421,0.36470588235294116,0.8526315789473684,3.647113398951525,173,8,165,0.046242774566473986,0.868421052631579,3.4619150686598985,182,14,168,0.07692307692307693,0.8842105263157894,3.7672361018158957,171,8,163,0.04678362573099415,0.8578947368421053,3.54226311540599,178,12,166,0.06741573033707865,0.8736842105263158,1.243307
nmix,nmix,250,120,0.6,20,18,609,434,175,205,61,144,0.7126436781609196,0.9210526315789473,0.2975609756097561,0.7578947368421053,1202,1019,183,251,100,151,0.8477537437603994,0.9631578947368421,0.398406374501992,0.7947368421052632,3.674999337977539,165,10,155,0.06060606060606061,0.8157894736842105,3.4533647410429764,178,17,161,0.09550561797752809,0.8473684210526315,3.8023572720574528,160,8,152,0.05,0.8,3.5615215439115433,170,12,158,0.07058823529411765,0.8315789473684211,1.36936
nmix,nmix,250,120,0.6,20,19,789,603,186,268,94,174,0.7642585551330798,0.9789473684210527,0.35074626865671643,0.9157894736842105,1404,1216,188,330,153,177,0.8660968660968661,0.9894736842105263,0.4636363636363636,0.9315789473684211,3.6087640267648737,193,11,182,0.05699481865284974,0.9578947368421052,3.4271716944792097,207,23,184,0.1111111111111111,0.968421052631579,3.81181325745216,184,8,176,0.043478260869565216,0.9263157894736842,3.5261268854512013,198,14,184,0.0707070707070707,0.968421052631579,1.230762
nmix,nmix,250,120,0.6,20,20,583,409,174,195,60,135,0.7015437392795884,0.9157894736842105,0.3076923076923077,0.7105263157894737,1094,911,183,246,102,144,0.8327239488117002,0.9631578947368421,0.4146341463414634,0.7578947368421053,3.6639450539728893,156,9,147,0.057692307692307696,0.7736842105263158,3.4560782389872475,175,17,158,0.09714285714285714,0.8315789473684211,3.8628200737144502,146,5,141,0.03424657534246575,0.7421052631578947,3.540336648000005,169,13,156,0.07692307692307693,0.8210526315789474,1.279541
nmix,nmix,250,120,0.6,20,21,576,388,188,232,49,183,0.6736111111111112,0.9894736842105263,0.21120689655172414,0.9631578947368421,929,740,189,270,86,184,0.7965554359526372,0.9947368421052631,0.31851851851851853,0.968421052631579,3.603713164467521,202,15,187,0.07425742574257425,0.9842105263157894,3.398526108652328,214,27,187,0.1261682242990654,0.9842105263157894,3.88959712034349,191,6,185,0.031413612565445025,0.9736842105263158,3.603713164467521,202,15,187,0.07425742574257425,0.9842105263157894,1.195483
nmix,nmix,250,120,0.6,20,22,756,595,161,215,81,134,0.7870370370370371,0.8473684210526315,0.3767441860465116,0.7052631578947368,1421,1250,171,267,125,142,0.8796622097114708,0.9,0.4681647940074906,0.7473684210526316,3.6873209024123272,145,11,134,0.07586206896551724,0.7052631578947368,3.5520751789110423,153,17,136,0.1111111111111111,0.7157894736842105,3.896730527671649,132,7,125,0.05303030303030303,0.6578947368421053,3.589494383150415,150,15,135,0.1,0.7105263157894737,1.362081
nmix,nmix,250,120,0.6,20,23,531,341,190,227,44,183,0.6421845574387948,1.0,0.19383259911894274,0.9631578947368421,889,699,190,251,65,186,0.7862767154105736,1.0,0.2589641434262948,0.9789473684210527,3.6178699623529393,194,6,188,0.030927835051546393,0.9894736842105263,3.402813370378072,210,21,189,0.1,0.9947368421052631,3.7711247770774308,193,5,188,0.025906735751295335,0.9894736842105263,3.462502528944781,203,14,189,0.06896551724137931,0.9947368421052631,1.412545
nmix,nmix,250,120,0.6,20,24,608,447,161,149,51,98,0.7351973684210527,0.8473684210526315,0.3422818791946309,0.5157894736842106,1195,1023,172,206,88,118,0.8560669456066946,0.9052631578947369,0.42718446601941745,0.6210526315789474,3.721093645730142,125,9,116,0.072,0.6105263157894737,3.5149014329095265,141,14,127,0.09929078014184398,0.6684210526315789,4.004843421978575,99,4,95,0.04040404040404041,0.5,3.6409705968427377,130,11,119,0.08461538461538462,0.6263157894736842,1.173702
nmix,nmix,250,120,0.6,20,25,594,409,185,204,43,161,0.6885521885521886,0.9736842105263158,0.2107843137254902,0.8473684210526315,1078,890,188,241,71,170,0.8256029684601113,0.9894736842105263,0.2946058091286307,0.8947368421052632,3.6223283989474337,187,8,179,0.0427807486631016,0.9421052631578948,3.4340197393059513,193,13,180,0.06735751295336788,0.9473684210526315,3.923087076652229,178,2,176,0.011235955056179775,0.9263157894736842,3.556704509881189,191,11,180,0.05759162303664921,0.9473684210526315,1.298996
nmix,nmix,250,120,0.6,20,26,434,258,176,176,36,140,0.5944700460829493,0.9263157894736842,0.20454545454545456,0.7368421052631579,764,584,180,217,61,156,0.7643979057591623,0.9473684210526315,0.28110599078341014,0.8210526315789474,3.6407421662748205,174,9,165,0.05172413793103448,0.868421052631579,3.4256754926892974,191,21,170,0.1099476439790576,0.8947368421052632,3.741091973856907,168,6,162,0.03571428571428571,0.8526315789473684,3.5499909192469206,183,16,167,0.08743169398907104,0.8789473684210526,1.336677
nmix,nmix,250,120,0.6,20,27,696,523,173,219,78,141,0.7514367816091954,0.9105263157894737,0.3561643835616438,0.7421052631578947,1393,1213,180,306,154,152,0.8707824838478104,0.9473684210526315,0.5032679738562091,0.8,3.671268420363328,155,11,144,0.07096774193548387,0.7578947368421053,3.4487372189017775,176,26,150,0.14772727272727273,0.7894736842105263,3.8358919246193985,145,6,139,0.041379310344827586,0.7315789473684211,3.551073146538294,162,14,148,0.08641975308641975,0.7789473684210526,1.307386
nmix,nmix,250,120,0.6,20,28,615,445,170,191,60,131,0.7235772357723578,0.8947368421052632,0.31413612565445026,0.6894736842105263,1017,840,177,237,95,142,0.8259587020648967,0.9315789473684211,0.4008438818565401,0.7473684210526316,3.667175842592667,163,11,152,0.06748466257668712,0.8,3.433737232361595,189,30,159,0.15873015873015872,0.8368421052631579,3.8250299869869737,150,7,143,0.04666666666666667,0.7526315789473684,3.545664580442404,178,21,157,0.11797752808988764,0.8263157894736842,1.173627
nmix,nmix,250,120,0.6,20,29,603,428,175,208,60,148,0.7097844112769486,0.9210526315789473,0.28846153846153844,0.7789473684210526,1106,927,179,258,100,158,0.8381555153707052,0.9421052631578948,0.3875968992248062,0.8315789473684211,3.640398556208328,173,15,158,0.08670520231213873,0.8315789473684211,3.4516728101083856,186,25,161,0.13440860215053763,0.8473684210526315,3.8500525993025048,158,5,153,0.03164556962025317,0.8052631578947368,3.5612399153265812,179,19,160,0.10614525139664804,0.8421052631578947,1.178302
nmix,nmix,250,120,0.6,20,30,542,373,169,197,62,135,0.6881918819188192,0.8894736842105263,0.3147208121827411,0.7105263157894737,984,804,180,234,92,142,0.8170731707317073,0.9473684210526315,0.39316239316239315,0.7473684210526316,3.6584377920237237,166,14,152,0.08433734939759036,0.8,3.427618135045253,193,35,158,0.18134715025906736,0.8315789473684211,3.8284516023768385,156,9,147,0.057692307692307696,0.7736842105263158,3.5546338930226,176,22,154,0.125,0.8105263157894737,1.363004
nmix,nmix,250,120,0.6,20,31,524,355,169,182,46,136,0.6774809160305344,0.8894736842105263,0.25274725274725274,0.7157894736842105,938,761,177,226,81,145,0.8113006396588486,0.9315789473684211,0.3584070796460177,0.7631578947368421,3.6726173192379177,161,8,153,0.049689440993788817,0.8052631578947368,3.45556832481121,175,17,158,0.09714285714285714,0.8315789473684211,3.841101438838954,149,3,146,0.020134228187919462,0.7684210526315789,3.5714820762370474,167,12,155,0.0718562874251497,0.8157894736842105,1.440589
nmix,nmix,250,120,0.6,20,32,575,397,178,220,56,164,0.6904347826086956,0.9368421052631579,0.2545454545454545,0.8631578947368421,1057,873,184,257,87,170,0.825922421948912,0.968421052631579,0.33852140077821014,0.8947368421052632,3.622445459501399,183,8,175,0.04371584699453552,0.9210526315789473,3.4322508607254485,194,18,176,0.09278350515463918,0.9263157894736842,3.7093369219741095,178,7,171,0.03932584269662921,0.9,3.4804135579088284,191,15,176,0.07853403141361257,0.9263157894736842,1.260461
nmix,nmix,250,120,0.6,20,33,975,793,182,285,120,165,0.8133333333333334,0.9578947368421052,0.42105263157894735,0.868421052631579,1775,1589,186,375,205,170,0.8952112676056339,0.9789473684210527,0.5466666666666666,0.8947368421052632,3.6482138574588157,177,8,169,0.04519774011299435,0.8894736842105263,3.445364347622671,185,13,172,0.07027027027027027,0.9052631578947369,3.934878700171947,167,2,165,0.011976047904191617,0.868421052631579,3.557317988785162,178,8,170,0.0449438202247191,0.8947368421052632,1.180162
nmix,nmix,250,120,0.6,20,34,889,699,190,282,103,179,0.7862767154105736,1.0,0.36524822695035464,0.9421052631578948,1560,1370,190,329,146,183,0.8782051282051282,1.0,0.44376899696048633,0.9631578947368421,3.628614512867233,195,12,183,0.06153846153846154,0.9631578947368421,3.4254524374213813,205,20,185,0.0975609756097561,0.9736842105263158,3.7867510383453755,193,10,183,0.05181347150259067,0.9631578947368421,3.548769980304312,197,14,183,0.07106598984771574,0.9631578947368421,1.253731
nmix,nmix,250,120,0.6,20,35,746,577,169,208,81,127,0.7734584450402144,0.8894736842105263,0.3894230769230769,0.6684210526315789,1342,1162,180,272,131,141,0.8658718330849479,0.9473684210526315,0.48161764705882354,0.7421052631578947,3.6903804837503262,152,15,137,0.09868421052631579,0.7210526315789474,3.4619376414867276,169,25,144,0.14792899408284024,0.7578947368421053,3.8697533199946967,136,11,125,0.08088235294117647,0.6578947368421053,3.5889549692317404,160,18,142,0.1125,0.7473684210526316,1.392173
nmix,nmix,250,120,0.6,20,36,634,460,174,182,44,138,0.7255520504731862,0.9157894736842105,0.24175824175824176,0.7263157894736842,1097,916,181,238,86,152,0.8350045578851413,0.9526315789473684,0.36134453781512604,0.8,3.6367433280352492,175,13,162,0.07428571428571429,0.8526315789473684,3.449092081475428,185,18,167,0.0972972972972973,0.8789473684210526,3.8223384930729734,165,11,154,0.06666666666666667,0.8105263157894737,3.5738349229566726,179,14,165,0.0782122905027933,0.868421052631579,1.192035
nmix,nmix,250,120,0.6,20,37,609,425,184,234,64,170,0.6978653530377669,0.968421052631579,0.27350427350427353,0.8947368421052632,1051,863,188,267,94,173,0.8211227402473834,0.9894736842105263,0.352059925093633,0.9105263157894737,3.6084170821291335,192,16,176,0.08333333333333333,0.9263157894736842,3.4132133525297386,208,25,183,0.1201923076923077,0.9631578947368421,3.7631576867831753,185,9,176,0.04864864864864865,0.9263157894736842,3.518380959363503,197,19,178,0.09644670050761421,0.9368421052631579,1.242835
nmix,nmix,250,120,0.6,20,38,594,404,190,250,64,186,0.6801346801346801,1.0,0.256,0.9789473684210527,958,768,190,292,104,188,0.8016701461377871,1.0,0.3561643835616438,0.9894736842105263,3.5987207307496507,204,14,190,0.06862745098039216,1.0,3.3917298693867877,220,30,190,0.13636363636363635,1.0,3.790960972263151,198,10,188,0.050505050505050504,0.9894736842105263,3.5117885914985916,212,22,190,0.10377358490566038,1.0,1.204482
nmix,nmix,250,120,0.6,20,39,861,677,184,242,84,158,0.7862950058072009,0.968421052631579,0.34710743801652894,0.8315789473684211,1511,1324,187,302,138,164,0.8762409000661814,0.9842105263157894,0.45695364238410596,0.8631578947368421,3.663984717784573,171,7,164,0.04093567251461988,0.8631578947368421,3.4442664040810045,186,16,170,0.08602150537634409,0.8947368421052632,3.903523724240759,165,4,161,0.024242424242424242,0.8473684210526315,3.555897225851721,177,11,166,0.062146892655367235,0.8736842105263158,1.546927
nmix,nmix,250,120,0.6,20,40,485,299,186,230,61,169,0.6164948453608248,0.9789473684210527,0.26521739130434785,0.8894736842105263,820,632,188,263,86,177,0.7707317073170732,0.9894736842105263,0.3269961977186312,0.9315789473684211,3.617770702659392,207,21,186,0.10144927536231885,0.9789473684210527,3.3966305915755277,222,35,187,0.15765765765765766,0.9842105263157894,3.6915976174399905,199,16,183,0.08040201005025126,0.9631578947368421,3.4815700342180604,214,28,186,0.1308411214953271,0.9789473684210527,1.220152
nmix,nmix,250,120,0.6,20,41,695,509,186,232,60,172,0.7323741007194244,0.9789473684210527,0.25862068965517243,0.9052631578947369,1347,1161,186,295,116,179,0.8619153674832962,0.9789473684210527,0.39322033898305087,0.9421052631578948,3.6325830801472914,191,12,179,0.06282722513089005,0.9421052631578948,3.4624775542546047,204,25,179,0.12254901960784313,0.9421052631578948,3.912795570335656,182,6,176,0.03296703296703297,0.9263157894736842,3.545244262549794,199,20,179,0.10050251256281408,0.9421052631578948,1.245892
nmix,nmix,250,120,0.6,20,42,816,631,185,255,94,161,0.7732843137254902,0.9736842105263158,0.3686274509803922,0.8473684210526315,1561,1374,187,320,151,169,0.8802049967969251,0.9842105263157894,0.471875,0.8894736842105263,3.637416789674036,182,9,173,0.04945054945054945,0.9105263157894737,3.4309665413650547,199,22,177,0.11055276381909548,0.9315789473684211,3.8612960728050574,170,4,166,0.023529411764705882,0.8736842105263158,3.546364258288014,186,12,174,0.06451612903225806,0.9157894736842105,1.229149
nmix,nmix,250,120,0.6,20,43,391,205,186,207,35,172,0.5242966751918159,0.9789473684210527,0.16908212560386474,0.9052631578947369,695,509,186,217,44,173,0.7323741007194244,0.9789473684210527,0.20276497695852536,0.9105263157894737,3.644009888275379,196,12,184,0.061224489795918366,0.968421052631579,3.404238526633284,209,23,186,0.11004784688995216,0.9789473684210527,3.759211098357081,192,11,181,0.057291666666666664,0.9526315789473684,3.5300284714336323,202,17,185,0.08415841584158416,0.9736842105263158,1.258024
nmix,nmix,250,120,0.6,20,44,850,668,182,253,90,163,0.7858823529411765,0.9578947368421052,0.3557312252964427,0.8578947368421053,1518,1329,189,324,154,170,0.8754940711462451,0.9947368421052631,0.47530864197530864,0.8947368421052632,3.6358811569277836,183,13,170,0.07103825136612021,0.8947368421052632,3.4594140109000526,198,24,174,0.12121212121212122,0.9157894736842105,3.8660395633105047,169,4,165,0.023668639053254437,0.868421052631579,3.5650193634174188,189,18,171,0.09523809523809523,0.9,1.32463
nmix,nmix,250,120,0.6,20,45,532,351,181,218,53,165,0.6597744360902256,0.9526315789473684,0.24311926605504589,0.868421052631579,986,800,186,262,91,171,0.8113590263691683,0.9789473684210527,0.3473282442748092,0.9,3.6180301656983285,185,12,173,0.06486486486486487,0.9105263157894737,3.4278374976912893,190,16,174,0.08421052631578947,0.9157894736842105,3.7480248428408203,179,7,172,0.03910614525139665,0.9052631578947369,3.5375450100037824,186,12,174,0.06451612903225806,0.9157894736842105,1.208669
nmix,nmix,250,120,0.6,20,46,415,234,181,187,37,150,0.563855421686747,0.9526315789473684,0.19786096256684493,0.7894736842105263,749,563,186,224,60,164,0.7516688918558078,0.9789473684210527,0.26785714285714285,0.8631578947368421,3.622010824714207,192,17,175,0.08854166666666667,0.9210526315789473,3.4029526582940823,210,30,180,0.14285714285714285,0.9473684210526315,3.762366140136692,185,12,173,0.06486486486486487,0.9105263157894737,3.4982853288889064,204,27,177,0.1323529411764706,0.9315789473684211,1.29246
nmix,nmix,250,120,0.6,20,47,424,244,180,180,32,148,0.5754716981132075,0.9473684210526315,0.17777777777777778,0.7789473684210526,708,525,183,214,58,156,0.7415254237288136,0.9631578947368421,0.27102803738317754,0.8210526315789474,3.643010304970958,177,8,169,0.04519774011299435,0.8894736842105263,3.4200055923870445,199,23,176,0.11557788944723618,0.9263157894736842,3.7572158874981523,171,5,166,0.029239766081871343,0.8736842105263158,3.505819119837374,190,17,173,0.08947368421052632,0.9105263157894737,1.341515
nmix,nmix,250,120,0.6,20,48,808,645,163,187,63,124,0.7982673267326733,0.8578947368421053,0.33689839572192515,0.6526315789473685,1518,1340,178,245,111,134,0.8827404479578392,0.9368421052631579,0.4530612244897959,0.7052631578947368,3.7005315636769676,141,7,134,0.04964539007092199,0.7052631578947368,3.48812670957653,162,19,143,0.11728395061728394,0.7526315789473684,3.9448196450069206,126,2,124,0.015873015873015872,0.6526315789473685,3.620353632144585,145,9,136,0.06206896551724138,0.7157894736842105,1.313761
nmix,nmix,250,120,0.6,20,49,843,661,182,264,103,161,0.7841043890865955,0.9578947368421052,0.39015151515151514,0.8473684210526315,1499,1313,186,330,164,166,0.875917278185457,0.9789473684210527,0.49696969696969695,0.8736842105263158,3.6124183956408347,193,24,169,0.12435233160621761,0.8894736842105263,3.3991439944628308,212,40,172,0.18867924528301888,0.9052631578947369,3.771904942955247,186,20,166,0.10752688172043011,0.8736842105263158,3.5397502227401465,196,27,169,0.1377551020408163,0.8894736842105263,1.168188
nmix,nmix,250,120,0.6,20,50,578,408,170,187,62,125,0.7058823529411765,0.8947368421052632,0.3315508021390374,0.6578947368421053,1038,862,176,241,106,135,0.8304431599229287,0.9263157894736842,0.43983402489626555,0.7105263157894737,3.7090749622055195,148,8,140,0.05405405405405406,0.7368421052631579,3.479072944528024,162,15,147,0.09259259259259259,0.7736842105263158,3.8757727341092725,138,5,133,0.036231884057971016,0.7,3.5695876365744197,155,11,144,0.07096774193548387,0.7578947368421053,1.258285
nmix,nmix,250,120,0.6,20,51,538,357,181,207,51,156,0.6635687732342007,0.9526315789473684,0.2463768115942029,0.8210526315789474,988,801,187,245,80,165,0.8107287449392713,0.9842105263157894,0.32653061224489793,0.868421052631579,3.6290163170474297,183,13,170,0.07103825136612021,0.8947368421052632,3.414535016047113,200,23,177,0.115,0.9315789473684211,3.7883086383008604,178,10,168,0.056179775280898875,0.8842105263157894,3.5438398661078727,189,16,173,0.08465608465608465,0.9105263157894737,1.294293
nmix,nmix,250,120,0.6,20,52,716,528,188,253,71,182,0.7374301675977654,0.9894736842105263,0.28063241106719367,0.9578947368421052,1307,1117,190,298,113,185,0.854628921193573,1.0,0.37919463087248323,0.9736842105263158,3.635363329854916,196,9,187,0.04591836734693878,0.9842105263157894,3.4202732348702565,206,19,187,0.09223300970873786,0.9842105263157894,3.9152071698731894,190,3,187,0.015789473684210527,0.9842105263157894,3.552231102224096,198,11,187,0.05555555555555555,0.9842105263157894,1.252447
nmix,nmix,250,120,0.6,20,53,669,482,187,246,68,178,0.7204783258594918,0.9842105263157894,0.2764227642276423,0.9368421052631579,1155,965,190,291,109,182,0.8354978354978355,1.0,0.3745704467353952,0.9578947368421052,3.6309211358011138,197,12,185,0.06091370558375635,0.9736842105263158,3.4604013214539826,206,21,185,0.10194174757281553,0.9736842105263158,3.7584523818374116,192,8,184,0.041666666666666664,0.968421052631579,3.5011029539691236,203,18,185,0.08866995073891626,0.9736842105263158,1.255414
nmix,nmix,250,120,0.6,20,54,593,408,185,221,62,159,0.688026981450253,0.9736842105263158,0.28054298642533937,0.8368421052631579,1010,823,187,269,100,169,0.8148514851485148,0.9842105263157894,0.37174721189591076,0.8894736842105263,3.6234769510680205,184,12,172,0.06521739130434782,0.9052631578947369,3.4072246715382657,208,29,179,0.13942307692307693,0.9421052631578948,3.809895440880468,175,7,168,0.04,0.8842105263157894,3.5346430847624974,192,17,175,0.08854166666666667,0.9210526315789473,1.211563
nmix,nmix,250,120,0.6,20,55,465,300,165,169,31,138,0.6451612903225806,0.868421052631579,0.1834319526627219,0.7263157894736842,839,664,175,200,55,145,0.7914183551847438,0.9210526315789473,0.275,0.7631578947368421,3.64741506999993,166,10,156,0.060240963855421686,0.8210526315789474,3.4465312918870397,179,18,161,0.1005586592178771,0.8473684210526315,3.861925948257885,155,5,150,0.03225806451612903,0.7894736842105263,3.5895336360930767,171,13,158,0.07602339181286549,0.8315789473684211,1.394807
nmix,nmix,250,120,0.6,20,56,656,468,188,231,49,182,0.7134146341463414,0.9894736842105263,0.21212121212121213,0.9578947368421052,1192,1004,188,278,93,185,0.8422818791946308,0.9894736842105263,0.3345323741007194,0.9736842105263158,3.705423148001435,195,9,186,0.046153846153846156,0.9789473684210527,3.417089870513703,201,15,186,0.07462686567164178,0.9789473684210527,3.80515723803818,191,5,186,0.02617801047120419,0.9789473684210527,3.537289646843128,198,12,186,0.06060606060606061,0.9789473684210527,1.242095
nmix,nmix,250,120,0.6,20,57,686,503,183,226,68,158,0.7332361516034985,0.9631578947368421,0.3008849557522124,0.8315789473684211,1147,961,186,283,117,166,0.8378378378378378,0.9789473684210527,0.4134275618374558,0.8736842105263158,3.681873686285858,181,7,174,0.03867403314917127,0.9157894736842105,3.412067282570543,201,23,178,0.11442786069651742,0.9368421052631579,3.8168213279667174,172,5,167,0.029069767441860465,0.8789473684210526,3.530796176986263,189,12,177,0.06349206349206349,0.9315789473684211,1.307391
nmix,nmix,250,120,0.6,20,58,586,423,163,171,48,123,0.7218430034129693,0.8578947368421053,0.2807017543859649,0.6473684210526316,1085,911,174,204,74,130,0.83963133640553,0.9157894736842105,0.3627450980392157,0.6842105263157895,3.6826841069139604,150,11,139,0.07333333333333333,0.7315789473684211,3.4726181795242614,162,18,144,0.1111111111111111,0.7578947368421053,3.9054607441834004,134,5,129,0.03731343283582089,0.6789473684210526,3.6029121972812126,156,14,142,0.08974358974358974,0.7473684210526316,1.251177
nmix,nmix,250,120,0.6,20,59,839,655,184,273,101,172,0.7806912991656734,0.968421052631579,0.36996336996337,0.9052631578947369,1468,1279,189,338,162,176,0.8712534059945504,0.9947368421052631,0.47928994082840237,0.9263157894736842,3.6639864600652032,192,16,176,0.08333333333333333,0.9263157894736842,3.3969326185258817,213,33,180,0.15492957746478872,0.9473684210526315,3.7380337966284016,185,12,173,0.06486486486486487,0.9105263157894737,3.4739660101330787,206,27,179,0.13106796116504854,0.9421052631578948,1.25695
nmix,nmix,250,120,0.6,20,60,690,502,188,241,69,172,0.7275362318840579,0.9894736842105263,0.2863070539419087,0.9052631578947369,1195,1007,188,287,111,176,0.8426778242677824,0.9894736842105263,0.3867595818815331,0.9263157894736842,3.6251440844695337,192,12,180,0.0625,0.9473684210526315,3.409966036062453,207,24,183,0.11594202898550725,0.9631578947368421,3.7978343981377383,185,7,178,0.03783783783783784,0.9368421052631579,3.5443333895334104,195,15,180,0.07692307692307693,0.9473684210526315,1.293782
nmix,nmix,250,120,0.6,20,61,655,469,186,241,66,175,0.716030534351145,0.9789473684210527,0.27385892116182575,0.9210526315789473,1176,988,188,288,110,178,0.8401360544217688,0.9894736842105263,0.3819444444444444,0.9368421052631579,3.631322616953962,191,10,181,0.05235602094240838,0.9526315789473684,3.4085144446047635,210,25,185,0.11904761904761904,0.9736842105263158,3.772891859363397,186,7,179,0.03763440860215054,0.9421052631578948,3.4823432493738875,201,17,184,0.0845771144278607,0.968421052631579,1.296555
nmix,nmix,250,120,0.6,20,62,482,319,163,140,37,103,0.6618257261410788,0.8578947368421053,0.2642857142857143,0.5421052631578948,925,754,171,186,71,115,0.8151351351351351,0.9,0.3817204301075269,0.6052631578947368,3.7160041559707095,135,9,126,0.06666666666666667,0.6631578947368421,3.484081931226356,155,20,135,0.12903225806451613,0.7105263157894737,3.883530826121583,122,6,116,0.04918032786885246,0.6105263157894737,3.599113642700647,144,14,130,0.09722222222222222,0.6842105263157895,1.19755
nmix,nmix,250,120,0.6,20,63,703,515,188,263,78,185,0.732574679943101,0.9894736842105263,0.2965779467680608,0.9736842105263158,1266,1077,189,314,128,186,0.8507109004739336,0.9947368421052631,0.40764331210191085,0.9789473684210527,3.6160548319399957,206,19,187,0.09223300970873786,0.9842105263157894,3.4006505667173044,217,30,187,0.1382488479262673,0.9842105263157894,3.7996973891020267,197,11,186,0.05583756345177665,0.9789473684210527,3.5498625563139545,210,23,187,0.10952380952380952,0.9842105263157894,1.41537
nmix,nmix,250,120,0.6,20,64,676,494,182,225,70,155,0.7307692307692307,0.9578947368421052,0.3111111111111111,0.8157894736842105,1164,978,186,272,110,162,0.8402061855670103,0.9789473684210527,0.40441176470588236,0.8526315789473684,3.638287968356839,186,18,168,0.0967741935483871,0.8842105263157894,3.415908114927088,200,27,173,0.135,0.9105263157894737,3.819119688256754,170,10,160,0.058823529411764705,0.8421052631578947,3.5779069171948694,187,18,169,0.0962566844919786,0.8894736842105263,1.230004
nmix,nmix,250,120,0.6,20,65,597,414,183,222,57,165,0.6934673366834171,0.9631578947368421,0.25675675675675674,0.868421052631579,1062,874,188,288,115,173,0.8229755178907722,0.9894736842105263,0.3993055555555556,0.9105263157894737,3.6480052507577696,186,12,174,0.06451612903225806,0.9157894736842105,3.4118640957456656,201,24,177,0.11940298507462686,0.9315789473684211,3.8017547623840935,181,9,172,0.049723756906077346,0.9052631578947369,3.5864745832629787,189,13,176,0.06878306878306878,0.9263157894736842,1.332569
nmix,nmix,250,120,0.6,20,66,571,384,187,248,65,183,0.6725043782837128,0.9842105263157894,0.2620967741935484,0.9631578947368421,977,789,188,277,93,184,0.8075742067553736,0.9894736842105263,0.33574007220216606,0.968421052631579,3.595159948336048,202,16,186,0.07920792079207921,0.9789473684210527,3.40035277423008,213,26,187,0.12206572769953052,0.9842105263157894,3.82764908669998,194,9,185,0.04639175257731959,0.9736842105263158,3.5167533699591407,207,20,187,0.0966183574879227,0.9842105263157894,1.236041
nmix,nmix,250,120,0.6,20,67,547,399,148,170,61,109,0.7294332723948812,0.7789473684210526,0.3588235294117647,0.5736842105263158,1091,929,162,237,112,125,0.851512373968836,0.8526315789473684,0.47257383966244726,0.6578947368421053,3.7100052184878662,139,15,124,0.1079136690647482,0.6526315789473685,3.46135481394853,169,32,137,0.1893491124260355,0.7210526315789474,3.964821859085167,122,10,112,0.08196721311475409,0.5894736842105263,3.5958178697939833,151,18,133,0.11920529801324503,0.7,1.298773
nmix,nmix,250,120,0.6,20,68,652,464,188,258,78,180,0.7116564417177914,0.9894736842105263,0.3023255813953488,0.9473684210526315,1089,900,189,311,127,184,0.8264462809917356,0.9947368421052631,0.40836012861736337,0.968421052631579,3.608975881546765,197,12,185,0.06091370558375635,0.9736842105263158,3.3978885159585146,215,27,188,0.12558139534883722,0.9894736842105263,3.842116131158891,188,5,183,0.026595744680851064,0.9631578947368421,3.5324614655800284,202,16,186,0.07920792079207921,0.9789473684210527,1.161146
nmix,nmix,250,120,0.6,20,69,761,572,189,272,90,182,0.7516425755584757,0.9947368421052631,0.33088235294117646,0.9578947368421052,1440,1251,189,323,139,184,0.86875,0.9947368421052631,0.43034055727554177,0.968421052631579,3.6281411458788284,197,11,186,0.05583756345177665,0.9789473684210527,3.4120961054781844,212,25,187,0.1179245283018868,0.9842105263157894,3.7821825221523895,192,7,185,0.036458333333333336,0.9736842105263158,3.514640742716823,205,19,186,0.09268292682926829,0.9789473684210527,1.21525
nmix,nmix,250,120,0.6,20,70,560,399,161,178,55,123,0.7125,0.8473684210526315,0.3089887640449438,0.6473684210526316,961,790,171,206,74,132,0.8220603537981269,0.9,0.3592233009708738,0.6947368421052632,3.689567885516464,141,12,129,0.0851063829787234,0.6789473684210526,3.480794959953927,156,19,137,0.12179487179487179,0.7210526315789474,3.8574430353565887,130,8,122,0.06153846153846154,0.6421052631578947,3.591112820685295,146,14,132,0.0958904109589041,0.6947368421052632,1.385705
nmix,nmix,250,120,0.6,20,71,496,310,186,243,63,180,0.625,0.9789473684210527,0.25925925925925924,0.9473684210526315,857,669,188,277,95,182,0.780630105017503,0.9894736842105263,0.34296028880866425,0.9578947368421052,3.5965274537057423,208,23,185,0.11057692307692307,0.9736842105263158,3.387108433505723,221,35,186,0.1583710407239819,0.9789473684210527,3.777590360427065,198,15,183,0.07575757575757576,0.9631578947368421,3.5121213113512453,212,27,185,0.12735849056603774,0.9736842105263158,1.376029
nmix,nmix,250,120,0.6,20,72,583,404,179,219,61,158,0.692967409948542,0.9421052631578948,0.2785388127853881,0.8315789473684211,1029,844,185,254,87,167,0.8202137998056366,0.9736842105263158,0.3425196850393701,0.8789473684210526,3.636289363419253,181,9,172,0.049723756906077346,0.9052631578947369,3.4121668696141443,208,30,178,0.14423076923076922,0.9368421052631579,3.8307750801792855,173,4,169,0.023121387283236993,0.8894736842105263,3.5457481491674168,189,13,176,0.06878306878306878,0.9263157894736842,1.225917
nmix,nmix,250,120,0.6,20,73,583,409,174,207,63,144,0.7015437392795884,0.9157894736842105,0.30434782608695654,0.7578947368421053,1004,822,182,259,105,154,0.8187250996015937,0.9578947368421052,0.40540540540540543,0.8105263157894737,3.672554972988164,163,11,152,0.06748466257668712,0.8,3.437969423902888,184,25,159,0.1358695652173913,0.8368421052631579,3.784870347952392,154,5,149,0.032467532467532464,0.7842105263157895,3.5170837044891794,175,19,156,0.10857142857142857,0.8210526315789474,1.213598
nmix,nmix,250,120,0.6,20,74,572,413,159,187,59,128,0.722027972027972,0.8368421052631579,0.3155080213903743,0.6736842105263158,1080,910,170,232,96,136,0.8425925925925926,0.8947368421052632,0.41379310344827586,0.7157894736842105,3.680958986482543,147,12,135,0.08163265306122448,0.7105263157894737,3.523176565521306,157,19,138,0.12101910828025478,0.7263157894736842,3.8888578419095587,133,4,129,0.03007518796992481,0.6789473684210526,3.602654632306175,152,15,137,0.09868421052631579,0.7210526315789474,1.296424
nmix,nmix,250,120,0.6,20,75,549,362,187,214,45,169,0.6593806921675774,0.9842105263157894,0.2102803738317757,0.8894736842105263,948,759,189,252,79,173,0.8006329113924051,0.9947368421052631,0.3134920634920635,0.9105263157894737,3.6289383470706755,191,12,179,0.06282722513089005,0.9421052631578948,3.3986770901442296,211,27,184,0.12796208530805686,0.968421052631579,3.764237749441537,184,7,177,0.03804347826086957,0.9315789473684211,3.508912180061422,203,21,182,0.10344827586206896,0.9578947368421052,1.357378
nmix,nmix,250,120,0.6,20,76,592,408,184,223,58,165,0.6891891891891891,0.968421052631579,0.2600896860986547,0.868421052631579,1094,909,185,267,97,170,0.8308957952468007,0.9736842105263158,0.36329588014981273,0.8947368421052632,3.6655691370500896,182,11,171,0.06043956043956044,0.9,3.417149983313621,203,26,177,0.12807881773399016,0.9315789473684211,3.8479092861031803,173,6,167,0.03468208092485549,0.8789473684210526,3.5789497796609417,183,12,171,0.06557377049180328,0.9,1.166164
nmix,nmix,250,120,0.6,20,77,697,521,176,221,76,145,0.7474892395982783,0.9263157894736842,0.3438914027149321,0.7631578947368421,1226,1044,182,275,123,152,0.8515497553017944,0.9578947368421052,0.44727272727272727,0.8,3.7224234291723683,167,13,154,0.07784431137724551,0.8105263157894737,3.428451997880274,189,29,160,0.15343915343915343,0.8421052631578947,3.8326747448725964,157,7,150,0.044585987261146494,0.7894736842105263,3.555128884242956,175,20,155,0.11428571428571428,0.8157894736842105,1.278575
nmix,nmix,250,120,0.6,20,78,540,361,179,178,34,144,0.6685185185185185,0.9421052631578948,0.19101123595505617,0.7578947368421053,813,626,187,223,70,153,0.7699876998769988,0.9842105263157894,0.31390134529147984,0.8052631578947368,3.6499086850829947,174,8,166,0.04597701149425287,0.8736842105263158,3.443037631435483,185,17,168,0.0918918918918919,0.8842105263157894,3.7319798460255367,167,8,159,0.04790419161676647,0.8368421052631579,3.530506390948827,182,14,168,0.07692307692307693,0.8842105263157894,1.264004
nmix,nmix,250,120,0.6,20,79,682,498,184,206,45,161,0.7302052785923754,0.968421052631579,0.21844660194174756,0.8473684210526315,1270,1083,187,252,86,166,0.852755905511811,0.9842105263157894,0.3412698412698413,0.8736842105263158,3.6334353489333697,178,9,169,0.05056179775280899,0.8894736842105263,3.4242360046582117,193,19,174,0.09844559585492228,0.9157894736842105,3.809518184899513,175,8,167,0.045714285714285714,0.8789473684210526,3.54875840032783,188,15,173,0.0797872340425532,0.9105263157894737,1.517766
nmix,nmix,250,120,0.6,20,80,550,371,179,229,67,162,0.6745454545454546,0.9421052631578948,0.2925764192139738,0.8526315789473684,1001,817,184,262,97,165,0.8161838161838162,0.968421052631579,0.3702290076335878,0.868421052631579,3.651299496025371,177,10,167,0.05649717514124294,0.8789473684210526,3.4117199279943646,204,30,174,0.14705882352941177,0.9157894736842105,3.8177394068845705,174,7,167,0.040229885057471264,0.8789473684210526,3.5031546821288453,188,17,171,0.09042553191489362,0.9,1.188559
nmix,nmix,250,120,0.6,20,81,614,439,175,199,55,144,0.7149837133550488,0.9210526315789473,0.27638190954773867,0.7578947368421053,1039,856,183,242,89,153,0.8238691049085659,0.9631578947368421,0.3677685950413223,0.8052631578947368,3.738535019107664,165,7,158,0.04242424242424243,0.8315789473684211,3.4368130342829573,187,21,166,0.11229946524064172,0.8736842105263158,3.754473721151952,163,7,156,0.04294478527607362,0.8210526315789474,3.5282735244368797,178,16,162,0.0898876404494382,0.8526315789473684,1.215223
nmix,nmix,250,120,0.6,20,82,672,488,184,231,64,167,0.7261904761904762,0.968421052631579,0.27705627705627706,0.8789473684210526,1194,1007,187,284,112,172,0.8433835845896147,0.9842105263157894,0.39436619718309857,0.9052631578947369,3.627245457347954,185,7,178,0.03783783783783784,0.9368421052631579,3.4203149725895674,200,22,178,0.11,0.9368421052631579,3.791737121585907,175,2,173,0.011428571428571429,0.9105263157894737,3.5283715202926316,192,14,178,0.07291666666666667,0.9368421052631579,1.301009
nmix,nmix,250,120,0.6,20,83,479,326,153,139,33,106,0.6805845511482255,0.8052631578947368,0.23741007194244604,0.5578947368421052,928,756,172,191,67,124,0.8146551724137931,0.9052631578947369,0.3507853403141361,0.6526315789473685,3.7169191439705087,137,11,126,0.08029197080291971,0.6631578947368421,3.49154812050071,151,16,135,0.10596026490066225,0.7105263157894737,3.875102422051303,127,5,122,0.03937007874015748,0.6421052631578947,3.5955024862457687,145,13,132,0.0896551724137931,0.6947368421052632,1.304059
nmix,nmix,250,120,0.6,20,84,624,444,180,222,71,151,0.7115384615384616,0.9473684210526315,0.31981981981981983,0.7947368421052632,1178,994,184,268,107,161,0.8438030560271647,0.968421052631579,0.39925373134328357,0.8473684210526315,3.62937845791645,188,16,172,0.0851063829787234,0.9052631578947369,3.4104628833163586,205,30,175,0.14634146341463414,0.9210526315789473,3.804694559853266,169,8,161,0.047337278106508875,0.8473684210526315,3.5428827102161726,191,19,172,0.09947643979057591,0.9052631578947369,1.215026
nmix,nmix,250,120,0.6,20,85,641,458,183,225,60,165,0.7145085803432137,0.9631578947368421,0.26666666666666666,0.868421052631579,1171,982,189,259,92,167,0.838599487617421,0.9947368421052631,0.3552123552123552,0.8789473684210526,3.622709851889387,186,12,174,0.06451612903225806,0.9157894736842105,3.4063525166058226,205,30,175,0.14634146341463414,0.9210526315789473,3.8140140719511226,176,6,170,0.03409090909090909,0.8947368421052632,3.5500632971305257,189,15,174,0.07936507936507936,0.9157894736842105,1.218166
nmix,nmix,250,120,0.6,20,86,877,721,156,178,78,100,0.82212086659065,0.8210526315789474,0.43820224719101125,0.5263157894736842,1632,1465,167,254,140,114,0.897671568627451,0.8789473684210526,0.5511811023622047,0.6,3.7668759784151358,109,10,99,0.09174311926605505,0.5210526315789473,3.5493767590491014,127,15,112,0.11811023622047244,0.5894736842105263,4.033802358738918,93,5,88,0.053763440860215055,0.4631578947368421,3.7668759784151358,109,10,99,0.09174311926605505,0.5210526315789473,1.208689
nmix,nmix,250,120,0.6,20,87,617,436,181,220,57,163,0.706645056726094,0.9526315789473684,0.2590909090909091,0.8578947368421053,1106,922,184,265,97,168,0.833634719710669,0.968421052631579,0.3660377358490566,0.8842105263157894,3.626215757871163,185,11,174,0.05945945945945946,0.9157894736842105,3.4240189166800543,196,21,175,0.10714285714285714,0.9210526315789473,3.7530577361862463,178,7,171,0.03932584269662921,0.9,3.534679803653411,188,14,174,0.07446808510638298,0.9157894736842105,1.525662
nmix,nmix,250,120,0.6,20,88,668,480,188,254,74,180,0.718562874251497,0.9894736842105263,0.29133858267716534,0.9473684210526315,1144,955,189,316,132,184,0.8347902097902098,0.9947368421052631,0.4177215189873418,0.968421052631579,3.5983377103467435,200,15,185,0.075,0.9736842105263158,3.390194902178689,218,31,187,0.14220183486238533,0.9842105263157894,3.8297932047207563,191,8,183,0.041884816753926704,0.9631578947368421,3.571658743036404,204,18,186,0.08823529411764706,0.9789473684210527,1.186804
nmix,nmix,250,120,0.6,20,89,558,371,187,238,63,175,0.6648745519713262,0.9842105263157894,0.2647058823529412,0.9210526315789473,1051,861,190,276,95,181,0.8192197906755471,1.0,0.3442028985507246,0.9526315789473684,3.643874717298066,198,13,185,0.06565656565656566,0.9736842105263158,3.404971518362924,212,25,187,0.1179245283018868,0.9842105263157894,3.723664020903612,193,10,183,0.05181347150259067,0.9631578947368421,3.4944186125354078,206,20,186,0.0970873786407767,0.9789473684210527,1.270218
nmix,nmix,250,120,0.6,20,90,613,429,184,225,61,164,0.6998368678629691,0.968421052631579,0.27111111111111114,0.8631578947368421,1049,861,188,269,94,175,0.8207816968541468,0.9894736842105263,0.34944237918215615,0.9210526315789473,3.6206843894969087,189,12,177,0.06349206349206349,0.9315789473684211,3.421085817179014,200,18,182,0.09,0.9578947368421052,3.8120906205728606,180,7,173,0.03888888888888889,0.9105263157894737,3.5197452970945466,193,13,180,0.06735751295336788,0.9473684210526315,1.247176
nmix,nmix,250,120,0.6,20,91,706,522,184,221,59,162,0.7393767705382436,0.968421052631579,0.2669683257918552,0.8526315789473684,1325,1139,186,271,103,168,0.859622641509434,0.9789473684210527,0.3800738007380074,0.8842105263157894,3.632117472571461,182,10,172,0.054945054945054944,0.9052631578947369,3.411010621659818,204,28,176,0.13725490196078433,0.9263157894736842,3.808096741292303,172,4,168,0.023255813953488372,0.8842105263157894,3.538609774143399,186,13,173,0.06989247311827956,0.9105263157894737,1.365109
nmix,nmix,250,120,0.6,20,92,549,366,183,230,68,162,0.6666666666666666,0.9631578947368421,0.2956521739130435,0.8526315789473684,946,760,186,269,100,169,0.8033826638477801,0.9789473684210527,0.37174721189591076,0.8894736842105263,3.6165046084222774,192,17,175,0.08854166666666667,0.9210526315789473,3.4401743618853895,211,31,180,0.14691943127962084,0.9473684210526315,3.7534695809108833,180,8,172,0.044444444444444446,0.9052631578947369,3.5081825746781297,200,23,177,0.115,0.9315789473684211,1.270123
nmix,nmix,250,120,0.6,20,93,800,613,187,267,87,180,0.76625,0.9842105263157894,0.3258426966292135,0.9473684210526315,1319,1129,190,314,131,183,0.8559514783927218,1.0,0.4171974522292994,0.9631578947368421,3.6070512839951006,193,8,185,0.04145077720207254,0.9736842105263158,3.4230756108287967,202,17,185,0.08415841584158416,0.9736842105263158,3.7615932327569905,189,4,185,0.021164021164021163,0.9736842105263158,3.5447876258862143,197,12,185,0.06091370558375635,0.9736842105263158,1.187632
nmix,nmix,250,120,0.6,20,94,637,452,185,215,59,156,0.7095761381475667,0.9736842105263158,0.2744186046511628,0.8210526315789474,1126,938,188,263,99,164,0.8330373001776199,0.9894736842105263,0.376425855513308,0.8631578947368421,3.6096645879303515,191,14,177,0.07329842931937172,0.9315789473684211,3.440169434608061,208,28,180,0.1346153846153846,0.9473684210526315,3.8477983344396054,172,4,168,0.023255813953488372,0.8842105263157894,3.5470526910077944,198,19,179,0.09595959595959595,0.9421052631578948,1.277164
nmix,nmix,250,120,0.6,20,95,564,377,187,203,36,167,0.6684397163120568,0.9842105263157894,0.17733990147783252,0.8789473684210526,903,713,190,232,57,175,0.7895902547065338,1.0,0.24568965517241378,0.9210526315789473,3.6462859104703287,191,8,183,0.041884816753926704,0.9631578947368421,3.410858179370135,202,18,184,0.0891089108910891,0.968421052631579,3.8260410593364025,182,1,181,0.005494505494505495,0.9526315789473684,3.6462859104703287,191,8,183,0.041884816753926704,0.9631578947368421,1.422075
nmix,nmix,250,120,0.6,20,96,634,455,179,216,68,148,0.7176656151419558,0.9421052631578948,0.3148148148148148,0.7789473684210526,1238,1053,185,278,115,163,0.8505654281098546,0.9736842105263158,0.4136690647482014,0.8578947368421053,3.625792499634033,180,13,167,0.07222222222222222,0.8789473684210526,3.4356933184503275,194,25,169,0.12886597938144329,0.8894736842105263,3.80866654415562,168,6,162,0.03571428571428571,0.8526315789473684,3.5496335530159393,184,17,167,0.09239130434782608,0.8789473684210526,1.366341
nmix,nmix,250,120,0.6,20,97,574,393,181,205,59,146,0.6846689895470384,0.9526315789473684,0.28780487804878047,0.7684210526315789,1006,821,185,243,93,150,0.81610337972167,0.9736842105263158,0.38271604938271603,0.7894736842105263,3.643771888913033,175,13,162,0.07428571428571429,0.8526315789473684,3.421492575943218,203,31,172,0.15270935960591134,0.9052631578947369,3.81030117071697,165,7,158,0.04242424242424243,0.8315789473684211,3.546052747427576,184,17,167,0.09239130434782608,0.8789473684210526,1.201602
nmix,nmix,250,120,0.6,20,98,594,418,176,194,52,142,0.7037037037037037,0.9263157894736842,0.26804123711340205,0.7473684210526316,1078,892,186,261,112,149,0.8274582560296846,0.9789473684210527,0.42911877394636017,0.7842105263157895,3.6453705166930552,174,15,159,0.08620689655172414,0.8368421052631579,3.469159181445187,187,23,164,0.12299465240641712,0.8631578947368421,3.8105874285582053,159,9,150,0.05660377358490566,0.7894736842105263,3.5372860682401472,183,19,164,0.10382513661202186,0.8631578947368421,1.228864
nmix,nmix,250,120,0.6,20,99,618,430,188,260,82,178,0.6957928802588996,0.9894736842105263,0.3153846153846154,0.9368421052631579,1063,874,189,298,114,184,0.8222013170272813,0.9947368421052631,0.3825503355704698,0.968421052631579,3.62075876513905,198,10,188,0.050505050505050504,0.9894736842105263,3.3869474062514078,220,32,188,0.14545454545454545,0.9894736842105263,3.7346111970188196,193,7,186,0.03626943005181347,0.9789473684210527,3.4939891764097015,212,24,188,0.11320754716981132,0.9894736842105263,1.249067
nmix,nmix,250,120,0.6,20,100,463,284,179,202,47,155,0.6133909287257019,0.9421052631578948,0.23267326732673269,0.8157894736842105,809,623,186,229,70,159,0.7700865265760197,0.9789473684210527,0.3056768558951965,0.8368421052631579,3.644078768895657,178,11,167,0.06179775280898876,0.8789473684210526,3.4412953424533987,197,24,173,0.1218274111675127,0.9105263157894737,3.7225468674770994,175,9,166,0.05142857142857143,0.8736842105263158,3.488550149539795,191,18,173,0.09424083769633508,0.9105263157894737,1.358834
nmix,nmix,250,120,0.6,20,101,906,721,185,300,125,175,0.7958057395143487,0.9736842105263158,0.4166666666666667,0.9210526315789473,1675,1488,187,377,200,177,0.8883582089552239,0.9842105263157894,0.5305039787798409,0.9315789473684211,3.6346828198221717,203,26,177,0.12807881773399016,0.9315789473684211,3.4200117830498353,216,39,177,0.18055555555555555,0.9315789473684211,3.812848982414604,188,13,175,0.06914893617021277,0.9210526315789473,3.4976668258480177,209,32,177,0.15311004784688995,0.9315789473684211,1.254625
nmix,nmix,250,120,0.6,20,102,664,478,186,238,70,168,0.7198795180722891,0.9789473684210527,0.29411764705882354,0.8842105263157894,1146,957,189,310,130,180,0.8350785340314136,0.9947368421052631,0.41935483870967744,0.9473684210526315,3.6165725425225923,198,18,180,0.09090909090909091,0.9473684210526315,3.3969899019034675,220,38,182,0.17272727272727273,0.9578947368421052,3.7376364467967247,192,13,179,0.06770833333333333,0.9421052631578948,3.4961978428798033,206,25,181,0.12135922330097088,0.9526315789473684,1.169824
nmix,nmix,250,120,0.6,20,103,589,403,186,226,64,162,0.6842105263157895,0.9789473684210527,0.2831858407079646,0.8526315789473684,1097,911,186,278,111,167,0.8304466727438469,0.9789473684210527,0.39928057553956836,0.8789473684210526,3.622307420259588,185,15,170,0.08108108108108109,0.8947368421052632,3.406774747420914,205,27,178,0.13170731707317074,0.9368421052631579,3.7505367694813674,177,10,167,0.05649717514124294,0.8789473684210526,3.5159466634114884,193,22,171,0.11398963730569948,0.9,1.43467
nmix,nmix,250,120,0.6,20,104,554,381,173,192,47,145,0.6877256317689531,0.9105263157894737,0.24479166666666666,0.7631578947368421,1028,847,181,231,76,155,0.8239299610894941,0.9526315789473684,0.329004329004329,0.8157894736842105,3.647597926333845,175,13,162,0.07428571428571429,0.8526315789473684,3.443461774100848,186,22,164,0.11827956989247312,0.8631578947368421,3.7881434516226347,164,5,159,0.03048780487804878,0.8368421052631579,3.5547495111537377,177,15,162,0.0847457627118644,0.8526315789473684,1.217773
nmix,nmix,250,120,0.6,20,105,721,532,189,267,84,183,0.7378640776699029,0.9947368421052631,0.3146067415730337,0.9631578947368421,1434,1244,190,320,135,185,0.8675034867503487,1.0,0.421875,0.9736842105263158,3.6653843813925313,196,10,186,0.05102040816326531,0.9789473684210527,3.421071999609583,209,22,187,0.10526315789473684,0.9842105263157894,3.838779135474648,193,8,185,0.04145077720207254,0.9736842105263158,3.5088062105768025,200,14,186,0.07,0.9789473684210527,1.342657
nmix,nmix,250,120,0.6,20,106,756,570,186,256,79,177,0.753968253968254,0.9789473684210527,0.30859375,0.9315789473684211,1380,1194,186,318,136,182,0.8652173913043478,0.9789473684210527,0.4276729559748428,0.9578947368421052,3.6099961927479063,194,12,182,0.061855670103092786,0.9578947368421052,3.397883301539355,213,29,184,0.13615023474178403,0.968421052631579,3.7792755154024924,189,8,181,0.042328042328042326,0.9526315789473684,3.5235082622379506,198,15,183,0.07575757575757576,0.9631578947368421,1.174426
nmix,nmix,250,120,0.6,20,107,788,602,186,271,95,176,0.7639593908629442,0.9789473684210527,0.3505535055350554,0.9263157894736842,1329,1141,188,312,132,180,0.8585402558314522,0.9894736842105263,0.4230769230769231,0.9473684210526315,3.7472303149861417,188,8,180,0.0425531914893617,0.9473684210526315,3.4233042128855926,201,19,182,0.0945273631840796,0.9578947368421052,3.7472303149861417,188,8,180,0.0425531914893617,0.9473684210526315,3.520131599862696,198,16,182,0.08080808080808081,0.9578947368421052,1.252272
nmix,nmix,250,120,0.6,20,108,628,448,180,198,49,149,0.7133757961783439,0.9473684210526315,0.2474747474747475,0.7842105263157895,1067,881,186,240,80,160,0.8256794751640113,0.9789473684210527,0.3333333333333333,0.8421052631578947,3.6450252824358085,178,13,165,0.07303370786516854,0.868421052631579,3.477813090857938,190,21,169,0.11052631578947368,0.8894736842105263,3.7894147521812154,170,10,160,0.058823529411764705,0.8421052631578947,3.537762246503058,184,16,168,0.08695652173913043,0.8842105263157894,1.251626
nmix,nmix,250,120,0.6,20,109,506,325,181,202,45,157,0.642292490118577,0.9526315789473684,0.22277227722772278,0.8263157894736842,847,663,184,237,73,164,0.7827626918536009,0.968421052631579,0.3080168776371308,0.8631578947368421,3.6256351239411586,180,9,171,0.05,0.9,3.4329436078213478,192,17,175,0.08854166666666667,0.9210526315789473,3.854427593965422,170,6,164,0.03529411764705882,0.8631578947368421,3.548675016782097,184,11,173,0.059782608695652176,0.9105263157894737,1.286734
nmix,nmix,250,120,0.6,20,110,513,327,186,220,46,174,0.6374269005847953,0.9789473684210527,0.20909090909090908,0.9157894736842105,910,722,188,257,78,179,0.7934065934065934,0.9894736842105263,0.3035019455252918,0.9421052631578948,3.61114501873936,196,11,185,0.05612244897959184,0.9736842105263158,3.418737245343316,204,19,185,0.09313725490196079,0.9736842105263158,3.7229763608828286,192,8,184,0.041666666666666664,0.968421052631579,3.519860986542364,199,14,185,0.07035175879396985,0.9736842105263158,1.274601
nmix,nmix,250,120,0.6,20,111,635,452,183,202,44,158,0.7118110236220473,0.9631578947368421,0.21782178217821782,0.8315789473684211,1060,875,185,260,86,174,0.8254716981132075,0.9736842105263158,0.33076923076923076,0.9157894736842105,3.63141625229116,189,13,176,0.06878306878306878,0.9263157894736842,3.41373975516759,204,23,181,0.11274509803921569,0.9526315789473684,3.7777526204526106,180,6,174,0.03333333333333333,0.9157894736842105,3.4931597794608664,200,19,181,0.095,0.9526315789473684,1.433845
nmix,nmix,250,120,0.6,20,112,716,539,177,214,61,153,0.7527932960893855,0.9315789473684211,0.2850467289719626,0.8052631578947368,1283,1097,186,268,108,160,0.8550272798129385,0.9789473684210527,0.40298507462686567,0.8421052631578947,3.656387558606713,165,7,158,0.04242424242424243,0.8315789473684211,3.441072961564662,182,18,164,0.0989010989010989,0.8631578947368421,3.8267053081863773,158,5,153,0.03164556962025317,0.8052631578947368,3.583373468416863,168,8,160,0.047619047619047616,0.8421052631578947,1.240966
nmix,nmix,250,120,0.6,20,113,428,247,181,199,39,160,0.5771028037383178,0.9526315789473684,0.19597989949748743,0.8421052631578947,743,556,187,239,67,172,0.7483176312247645,0.9842105263157894,0.2803347280334728,0.9052631578947369,3.6319335946402433,188,12,176,0.06382978723404255,0.9263157894736842,3.434057574835643,201,24,177,0.11940298507462686,0.9315789473684211,3.8022725410887954,179,6,173,0.0335195530726257,0.9105263157894737,3.5058748541258913,194,18,176,0.09278350515463918,0.9263157894736842,1.2893
nmix,nmix,250,120,0.6,20,114,714,529,185,230,70,160,0.7408963585434174,0.9736842105263158,0.30434782608695654,0.8421052631578947,1215,1028,187,295,127,168,0.8460905349794239,0.9842105263157894,0.43050847457627117,0.8842105263157894,3.6372863486977813,176,8,168,0.045454545454545456,0.8842105263157894,3.4309672527230073,191,17,174,0.08900523560209424,0.9157894736842105,3.81965148500819,170,4,166,0.023529411764705882,0.8736842105263158,3.53549419463084,188,15,173,0.0797872340425532,0.9105263157894737,1.172479
nmix,nmix,250,120,0.6,20,115,852,682,170,240,108,132,0.8004694835680751,0.8947368421052632,0.45,0.6947368421052632,1582,1404,178,325,182,143,0.8874841972187105,0.9368421052631579,0.56,0.7526315789473684,3.665040902360225,154,14,140,0.09090909090909091,0.7368421052631579,3.487887249267633,166,20,146,0.12048192771084337,0.7684210526315789,3.8854329467951474,136,4,132,0.029411764705882353,0.6947368421052632,3.5787744351981847,162,17,145,0.10493827160493827,0.7631578947368421,1.332759
nmix,nmix,250,120,0.6,20,116,586,408,178,220,60,160,0.6962457337883959,0.9368421052631579,0.2727272727272727,0.8421052631578947,1030,847,183,273,106,167,0.8223300970873786,0.9631578947368421,0.3882783882783883,0.8789473684210526,3.6272638858452204,187,20,167,0.10695187165775401,0.8789473684210526,3.41889574940562,196,28,168,0.14285714285714285,0.8842105263157894,3.820297223231375,177,12,165,0.06779661016949153,0.868421052631579,3.5667466691672507,188,21,167,0.11170212765957446,0.8789473684210526,1.20164
nmix,nmix,250,120,0.6,20,117,804,621,183,240,83,157,0.7723880597014925,0.9631578947368421,0.3458333333333333,0.8263157894736842,1415,1228,187,310,144,166,0.8678445229681979,0.9842105263157894,0.4645161290322581,0.8736842105263158,3.640163518654152,178,13,165,0.07303370786516854,0.868421052631579,3.481957851177363,189,17,172,0.08994708994708994,0.9052631578947369,3.8640881918357426,170,8,162,0.047058823529411764,0.8526315789473684,3.576695658336441,180,13,167,0.07222222222222222,0.8789473684210526,1.296913
nmix,nmix,250,120,0.6,20,118,609,427,182,239,69,170,0.7011494252873564,0.9578947368421052,0.28870292887029286,0.8947368421052632,1113,929,184,288,113,175,0.834681042228212,0.968421052631579,0.3923611111111111,0.9210526315789473,3.644501029617107,186,9,177,0.04838709677419355,0.9315789473684211,3.4217370178412225,202,23,179,0.11386138613861387,0.9421052631578948,3.8430731752843794,178,4,174,0.02247191011235955,0.9157894736842105,3.5800394691019157,192,13,179,0.06770833333333333,0.9421052631578948,1.352845
nmix,nmix,250,120,0.6,20,119,646,462,184,237,69,168,0.7151702786377709,0.968421052631579,0.2911392405063291,0.8842105263157894,1202,1014,188,286,113,173,0.8435940099833611,0.9894736842105263,0.3951048951048951,0.9105263157894737,3.6057076902548424,194,17,177,0.08762886597938144,0.9315789473684211,3.40587874171242,210,32,178,0.1523809523809524,0.9368421052631579,3.7423550286245986,184,10,174,0.05434782608695652,0.9157894736842105,3.508642927629021,198,20,178,0.10101010101010101,0.9368421052631579,1.416552
nmix,nmix,250,120,0.6,20,120,772,594,178,265,114,151,0.7694300518134715,0.9368421052631579,0.43018867924528303,0.7947368421052632,1449,1269,180,328,165,163,0.8757763975155279,0.9473684210526315,0.5030487804878049,0.8578947368421053,3.6179372009919986,187,26,161,0.13903743315508021,0.8473684210526315,3.4124625651757925,207,38,169,0.18357487922705315,0.8894736842105263,3.8022349717721458,176,19,157,0.10795454545454546,0.8263157894736842,3.533744571207626,195,29,166,0.14871794871794872,0.8736842105263158,1.237648
nmix,nmix,250,120,0.6,20,121,553,395,158,172,69,103,0.7142857142857143,0.8315789473684211,0.4011627906976744,0.5421052631578948,1056,884,172,220,97,123,0.8371212121212122,0.9052631578947369,0.4409090909090909,0.6473684210526316,3.7503670914207485,124,10,114,0.08064516129032258,0.6,3.5055635203742876,142,19,123,0.13380281690140844,0.6473684210526316,3.866494486813811,117,6,111,0.05128205128205128,0.5842105263157895,3.5856777854757538,136,16,120,0.11764705882352941,0.631578947368421,1.227762
nmix,nmix,250,120,0.6,20,122,937,768,169,229,92,137,0.8196371398078975,0.8894736842105263,0.4017467248908297,0.7210526315789474,1727,1549,178,310,160,150,0.8969310943833236,0.9368421052631579,0.5161290322580645,0.7894736842105263,3.6810963247942468,154,13,141,0.08441558441558442,0.7421052631578947,3.448662285707859,179,27,152,0.15083798882681565,0.8,3.8985838414772913,143,8,135,0.055944055944055944,0.7105263157894737,3.6202039702482685,163,19,144,0.1165644171779141,0.7578947368421053,1.389769
nmix,nmix,250,120,0.6,20,123,595,411,184,228,54,174,0.6907563025210084,0.968421052631579,0.23684210526315788,0.9157894736842105,962,775,187,275,98,177,0.8056133056133056,0.9842105263157894,0.3563636363636364,0.9315789473684211,3.612101038425209,195,12,183,0.06153846153846154,0.9631578947368421,3.4301855836139663,210,26,184,0.12380952380952381,0.968421052631579,3.7790101740312236,190,8,182,0.042105263157894736,0.9578947368421052,3.5092932659007223,204,20,184,0.09803921568627451,0.968421052631579,1.228944
nmix,nmix,250,120,0.6,20,124,678,513,165,188,67,121,0.7566371681415929,0.868421052631579,0.35638297872340424,0.6368421052631579,1293,1117,176,225,95,130,0.8638824439288476,0.9263157894736842,0.4222222222222222,0.6842105263157895,3.7105874846096922,136,6,130,0.04411764705882353,0.6842105263157895,3.478864000729893,158,15,143,0.0949367088607595,0.7526315789473684,3.8840648237307636,126,3,123,0.023809523809523808,0.6473684210526316,3.604586196606711,149,11,138,0.0738255033557047,0.7263157894736842,1.25386
nmix,nmix,250,120,0.6,20,125,514,346,168,172,41,131,0.6731517509727627,0.8842105263157894,0.23837209302325582,0.6894736842105263,928,747,181,217,79,138,0.8049568965517241,0.9526315789473684,0.3640552995391705,0.7263157894736842,3.70193139297045,158,10,148,0.06329113924050633,0.7789473684210526,3.4488604434540027,182,24,158,0.13186813186813187,0.8315789473684211,3.8642503263481545,148,9,139,0.060810810810810814,0.7315789473684211,3.5832163084730904,168,15,153,0.08928571428571429,0.8052631578947368,1.279937
nmix,nmix,250,120,0.6,20,126,854,676,178,251,95,156,0.7915690866510539,0.9368421052631579,0.3784860557768924,0.8210526315789474,1508,1325,183,341,177,164,0.8786472148541115,0.9631578947368421,0.5190615835777126,0.8631578947368421,3.6321932023400687,178,15,163,0.08426966292134831,0.8578947368421053,3.4441545978521333,195,28,167,0.14358974358974358,0.8789473684210526,3.8518836461532673,163,6,157,0.03680981595092025,0.8263157894736842,3.57041034377956,186,19,167,0.10215053763440861,0.8789473684210526,1.412125
nmix,nmix,250,120,0.6,20,127,637,457,180,220,62,158,0.717425431711146,0.9473684210526315,0.2818181818181818,0.8315789473684211,1188,1000,188,261,96,165,0.8417508417508418,0.9894736842105263,0.367816091954023,0.868421052631579,3.653351301202388,181,12,169,0.06629834254143646,0.8894736842105263,3.4225874171833124,194,21,173,0.10824742268041238,0.9105263157894737,3.806118139061908,175,12,163,0.06857142857142857,0.8578947368421053,3.5515136968466496,187,16,171,0.0855614973262032,0.9,1.393022
nmix,nmix,250,120,0.6,20,128,483,319,164,173,41,132,0.660455486542443,0.8631578947368421,0.23699421965317918,0.6947368421052632,1018,843,175,200,63,137,0.8280943025540275,0.9210526315789473,0.315,0.7210526315789474,3.6710309174909175,156,8,148,0.05128205128205128,0.7789473684210526,3.4707941140333634,165,14,151,0.08484848484848485,0.7947368421052632,3.820557586668676,152,7,145,0.046052631578947366,0.7631578947368421,3.5531281101676284,160,11,149,0.06875,0.7842105263157895,1.247029
nmix,nmix,250,120,0.6,20,129,517,338,179,179,38,141,0.6537717601547389,0.9421052631578948,0.2122905027932961,0.7421052631578947,998,814,184,219,70,149,0.8156312625250501,0.968421052631579,0.319634703196347,0.7842105263157895,3.7513368263937656,155,1,154,0.0064516129032258064,0.8105263157894737,3.451045293379697,175,11,164,0.06285714285714286,0.8631578947368421,3.8664669864643977,151,1,150,0.006622516556291391,0.7894736842105263,3.5539771099162953,162,4,158,0.024691358024691357,0.8315789473684211,1.30024
nmix,nmix,250,120,0.6,20,130,512,336,176,201,42,159,0.65625,0.9263157894736842,0.208955223880597,0.8368421052631579,976,793,183,237,70,167,0.8125,0.9631578947368421,0.29535864978902954,0.8789473684210526,3.644656343549437,178,6,172,0.033707865168539325,0.9052631578947369,3.431689860756745,188,15,173,0.0797872340425532,0.9105263157894737,3.769670169204982,170,1,169,0.0058823529411764705,0.8894736842105263,3.521569263584409,184,12,172,0.06521739130434782,0.9052631578947369,1.395146
nmix,nmix,250,120,0.6,20,131,477,336,141,142,42,100,0.7044025157232704,0.7421052631578947,0.29577464788732394,0.5263157894736842,905,744,161,167,59,108,0.8220994475138121,0.8473684210526315,0.3532934131736527,0.5684210526315789,3.7901329397904853,113,10,103,0.08849557522123894,0.5421052631578948,3.5426678386303694,134,21,113,0.15671641791044777,0.5947368421052631,3.9188600179247106,104,6,98,0.057692307692307696,0.5157894736842106,3.6317908228638442,122,14,108,0.11475409836065574,0.5684210526315789,1.41353
nmix,nmix,250,120,0.6,20,132,525,365,160,153,32,121,0.6952380952380952,0.8421052631578947,0.20915032679738563,0.6368421052631579,973,799,174,193,62,131,0.8211716341212744,0.9157894736842105,0.32124352331606215,0.6894736842105263,3.695917550834069,140,2,138,0.014285714285714285,0.7263157894736842,3.514858116009626,153,6,147,0.0392156862745098,0.7736842105263158,3.811004506314095,137,1,136,0.0072992700729927005,0.7157894736842105,3.5817743849309434,148,3,145,0.02027027027027027,0.7631578947368421,1.224616
nmix,nmix,250,120,0.6,20,133,625,443,182,236,70,166,0.7088,0.9578947368421052,0.2966101694915254,0.8736842105263158,1225,1037,188,295,123,172,0.846530612244898,0.9894736842105263,0.41694915254237286,0.9052631578947369,3.638704205337265,189,13,176,0.06878306878306878,0.9263157894736842,3.4070864259962788,208,28,180,0.1346153846153846,0.9473684210526315,3.881435147244891,179,5,174,0.027932960893854747,0.9157894736842105,3.6051970873839703,191,14,177,0.07329842931937172,0.9315789473684211,1.273986
nmix,nmix,250,120,0.6,20,134,595,407,188,235,58,177,0.6840336134453782,0.9894736842105263,0.24680851063829787,0.9315789473684211,1021,832,189,275,94,181,0.8148873653281097,0.9947368421052631,0.3418181818181818,0.9526315789473684,3.6070391977969205,206,22,184,0.10679611650485436,0.968421052631579,3.4105802845315907,219,33,186,0.1506849315068493,0.9789473684210527,3.7707318569906456,197,14,183,0.07106598984771574,0.9631578947368421,3.4896488033034445,212,27,185,0.12735849056603774,0.9736842105263158,1.221592
nmix,nmix,250,120,0.6,20,135,554,370,184,241,60,181,0.6678700361010831,0.968421052631579,0.24896265560165975,0.9526315789473684,986,798,188,271,87,184,0.8093306288032455,0.9894736842105263,0.3210332103321033,0.968421052631579,3.794191014153203,189,5,184,0.026455026455026454,0.968421052631579,3.428250920124605,196,12,184,0.061224489795918366,0.968421052631579,3.794191014153203,189,5,184,0.026455026455026454,0.968421052631579,3.522905548392128,191,7,184,0.03664921465968586,0.968421052631579,1.555754
nmix,nmix,250,120,0.6,20,136,457,300,157,138,31,107,0.6564551422319475,0.8263157894736842,0.2246376811594203,0.5631578947368421,916,744,172,186,64,122,0.8122270742358079,0.9052631578947369,0.34408602150537637,0.6421052631578947,3.7342659879162854,134,4,130,0.029850746268656716,0.6842105263157895,3.4880177110171546,154,12,142,0.07792207792207792,0.7473684210526316,3.8890282374526217,123,4,119,0.032520325203252036,0.6263157894736842,3.5791217386361303,148,9,139,0.060810810810810814,0.7315789473684211,1.219546
nmix,nmix,250,120,0.6,20,137,478,311,167,164,29,135,0.6506276150627615,0.8789473684210526,0.17682926829268292,0.7105263157894737,864,682,182,209,62,147,0.7893518518518519,0.9578947368421052,0.2966507177033493,0.7736842105263158,3.6563180845331176,163,10,153,0.06134969325153374,0.8052631578947368,3.475583804876294,178,19,159,0.10674157303370786,0.8368421052631579,3.802883345910886,158,9,149,0.056962025316455694,0.7842105263157895,3.5500861348246917,170,13,157,0.07647058823529412,0.8263157894736842,1.262027
nmix,nmix,250,120,0.6,20,138,575,388,187,225,51,174,0.6747826086956522,0.9842105263157894,0.22666666666666666,0.9157894736842105,989,802,187,267,88,179,0.8109201213346815,0.9842105263157894,0.3295880149812734,0.9421052631578948,3.6114083872432197,200,17,183,0.085,0.9631578947368421,3.3986798557123805,212,27,185,0.12735849056603774,0.9736842105263158,3.7702793748023153,192,10,182,0.052083333333333336,0.9578947368421052,3.4614054986923244,208,24,184,0.11538461538461539,0.968421052631579,1.320267
nmix,nmix,250,120,0.6,20,139,633,452,181,241,83,158,0.7140600315955766,0.9526315789473684,0.34439834024896265,0.8315789473684211,1101,916,185,313,143,170,0.8319709355131698,0.9736842105263158,0.45686900958466453,0.8947368421052632,3.63201279739109,186,12,174,0.06451612903225806,0.9157894736842105,3.412839977379754,201,25,176,0.12437810945273632,0.9263157894736842,3.8292068597547253,171,8,163,0.04678362573099415,0.8578947368421053,3.5365225772755267,193,17,176,0.08808290155440414,0.9263157894736842,1.284591
nmix,nmix,250,120,0.6,20,140,504,337,167,176,47,129,0.6686507936507936,0.8789473684210526,0.26704545454545453,0.6789473684210526,924,748,176,219,80,139,0.8095238095238095,0.9263157894736842,0.365296803652968,0.7315789473684211,3.6484384422874805,165,18,147,0.10909090909090909,0.7736842105263158,3.4349113322599223,187,31,156,0.1657754010695187,0.8210526315789474,3.816402411191036,159,14,145,0.0880503144654088,0.7631578947368421,3.56207679129204,171,21,150,0.12280701754385964,0.7894736842105263,1.387682
nmix,nmix,250,120,0.6,20,141,528,353,175,180,43,137,0.6685606060606061,0.9210526315789473,0.2388888888888889,0.7210526315789474,908,724,184,224,73,151,0.7973568281938326,0.968421052631579,0.32589285714285715,0.7947368421052632,3.666923254777674,171,11,160,0.06432748538011696,0.8421052631578947,3.439963662701731,185,20,165,0.10810810810810811,0.868421052631579,3.744366518942209,165,7,158,0.04242424242424243,0.8315789473684211,3.5133688446295053,180,16,164,0.08888888888888889,0.8631578947368421,1.222007
nmix,nmix,250,120,0.6,20,142,472,298,174,180,40,140,0.6313559322033898,0.9157894736842105,0.2222222222222222,0.7368421052631579,838,655,183,209,61,148,0.7816229116945107,0.9631578947368421,0.291866028708134,0.7789473684210526,3.6413940583423354,176,12,164,0.06818181818181818,0.8631578947368421,3.4549769729817785,187,20,167,0.10695187165775401,0.8789473684210526,3.8005709441549174,162,6,156,0.037037037037037035,0.8210526315789474,3.531988806139336,182,17,165,0.09340659340659341,0.868421052631579,1.234947
nmix,nmix,250,120,0.6,20,143,754,565,189,250,85,165,0.7493368700265252,0.9947368421052631,0.34,0.868421052631579,1295,1105,190,304,130,174,0.8532818532818532,1.0,0.4276315789473684,0.9157894736842105,3.640092034924305,188,14,174,0.07446808510638298,0.9157894736842105,3.4013822510760816,210,32,178,0.1523809523809524,0.9368421052631579,3.7219340569182426,183,11,172,0.060109289617486336,0.9052631578947369,3.4539996065432277,206,28,178,0.13592233009708737,0.9368421052631579,1.479742
nmix,nmix,250,120,0.6,20,144,766,593,173,208,60,148,0.7741514360313316,0.9105263157894737,0.28846153846153844,0.7789473684210526,1403,1220,183,262,107,155,0.8695652173913043,0.9631578947368421,0.4083969465648855,0.8157894736842105,3.6464337709496273,171,12,159,0.07017543859649122,0.8368421052631579,3.4783477177952498,184,21,163,0.11413043478260869,0.8578947368421053,3.781223635893548,159,6,153,0.03773584905660377,0.8052631578947368,3.533008133636367,179,17,162,0.09497206703910614,0.8526315789473684,1.220183
nmix,nmix,250,120,0.6,20,145,542,357,185,212,41,171,0.6586715867158671,0.9736842105263158,0.19339622641509435,0.9,968,780,188,264,90,174,0.8057851239669421,0.9894736842105263,0.3409090909090909,0.9157894736842105,3.6179376309752485,186,7,179,0.03763440860215054,0.9421052631578948,3.426750513160815,196,15,181,0.07653061224489796,0.9526315789473684,3.739046423300902,182,5,177,0.027472527472527472,0.9315789473684211,3.5130412999395055,189,9,180,0.047619047619047616,0.9473684210526315,1.360384
nmix,nmix,250,120,0.6,20,146,669,488,181,238,75,163,0.7294469357249627,0.9526315789473684,0.31512605042016806,0.8578947368421053,1246,1062,184,292,124,168,0.8523274478330658,0.968421052631579,0.4246575342465753,0.8842105263157894,3.6644224634033153,183,14,169,0.07650273224043716,0.8894736842105263,3.4165141866994113,200,25,175,0.125,0.9210526315789473,3.75393635052845,178,10,168,0.056179775280898875,0.8842105263157894,3.4987324877050483,195,23,172,0.11794871794871795,0.9052631578947369,1.239513
nmix,nmix,250,120,0.6,20,147,426,260,166,154,27,127,0.6103286384976526,0.8736842105263158,0.17532467532467533,0.6684210526315789,721,543,178,192,58,134,0.753120665742025,0.9368421052631579,0.3020833333333333,0.7052631578947368,3.6661082664141094,157,10,147,0.06369426751592357,0.7736842105263158,3.4594414186184586,175,18,157,0.10285714285714286,0.8263157894736842,3.7886604652717417,148,6,142,0.04054054054054054,0.7473684210526316,3.5283770177932254,169,15,154,0.08875739644970414,0.8105263157894737,1.279112
nmix,nmix,250,120,0.6,20,148,514,341,173,169,37,132,0.6634241245136187,0.9105263157894737,0.21893491124260356,0.6947368421052632,923,744,179,207,64,143,0.8060671722643553,0.9421052631578948,0.30917874396135264,0.7526315789473684,3.6686240487148285,157,9,148,0.05732484076433121,0.7789473684210526,3.457934962472373,173,17,156,0.09826589595375723,0.8210526315789474,3.8048722222995015,152,7,145,0.046052631578947366,0.7631578947368421,3.554238456916599,162,11,151,0.06790123456790123,0.7947368421052632,1.275999
nmix,nmix,250,120,0.6,20,149,407,221,186,208,40,168,0.542997542997543,0.9789473684210527,0.19230769230769232,0.8842105263157894,688,501,187,233,60,173,0.7281976744186046,0.9842105263157894,0.2575107296137339,0.9105263157894737,3.6146888667439048,194,12,182,0.061855670103092786,0.9578947368421052,3.4233317568543704,207,21,186,0.10144927536231885,0.9789473684210527,3.7619363501837926,187,7,180,0.0374331550802139,0.9473684210526315,3.4952002406032214,201,16,185,0.07960199004975124,0.9736842105263158,1.199286
nmix,nmix,250,120,0.6,20,150,565,382,183,221,47,174,0.6761061946902654,0.9631578947368421,0.21266968325791855,0.9157894736842105,1011,825,186,254,79,175,0.8160237388724035,0.9789473684210527,0.3110236220472441,0.9210526315789473,3.6332621358069113,187,7,180,0.0374331550802139,0.9473684210526315,3.428174916188073,199,18,181,0.09045226130653267,0.9526315789473684,3.7725151997862025,182,5,177,0.027472527472527472,0.9315789473684211,3.598352957796534,189,8,181,0.042328042328042326,0.9526315789473684,1.383462
nmix,nmix,250,120,0.6,20,151,809,624,185,267,99,168,0.7713226205191595,0.9736842105263158,0.3707865168539326,0.8842105263157894,1402,1216,186,334,158,176,0.8673323823109843,0.9789473684210527,0.47305389221556887,0.9263157894736842,3.614053328466569,192,14,178,0.07291666666666667,0.9368421052631579,3.4098657239854724,205,27,178,0.13170731707317074,0.9368421052631579,3.86356196825659,178,7,171,0.03932584269662921,0.9,3.5477099559408076,197,19,178,0.09644670050761421,0.9368421052631579,1.322459
nmix,nmix,250,120,0.6,20,152,697,509,188,253,76,177,0.7302725968436155,0.9894736842105263,0.30039525691699603,0.9315789473684211,1254,1065,189,297,117,180,0.8492822966507177,0.9947368421052631,0.3939393939393939,0.9473684210526315,3.635619391737101,188,5,183,0.026595744680851064,0.9631578947368421,3.4635410119448546,199,13,186,0.06532663316582915,0.9789473684210527,3.731566980717131,185,4,181,0.021621621621621623,0.9526315789473684,3.490435163636553,197,11,186,0.05583756345177665,0.9789473684210527,1.389888
nmix,nmix,250,120,0.6,20,153,984,806,178,267,108,159,0.8191056910569106,0.9368421052631579,0.4044943820224719,0.8368421052631579,1734,1550,184,327,161,166,0.8938869665513264,0.968421052631579,0.4923547400611621,0.8736842105263158,3.6554529725529403,171,9,162,0.05263157894736842,0.8526315789473684,3.470750140141276,182,17,165,0.09340659340659341,0.868421052631579,3.835274837228579,162,4,158,0.024691358024691357,0.8315789473684211,3.5571291875773112,176,12,164,0.06818181818181818,0.8631578947368421,1.283622
nmix,nmix,250,120,0.6,20,154,682,501,181,250,93,157,0.7346041055718475,0.9526315789473684,0.372,0.8263157894736842,1183,997,186,316,151,165,0.8427726120033813,0.9789473684210527,0.4778481012658228,0.868421052631579,3.650915580158975,179,13,166,0.07262569832402235,0.8736842105263158,3.407034742265392,207,35,172,0.16908212560386474,0.9052631578947369,3.7573874418998496,173,11,162,0.06358381502890173,0.8526315789473684,3.4987369160631947,193,23,170,0.11917098445595854,0.8947368421052632,1.293047
nmix,nmix,250,120,0.6,20,155,640,457,183,227,68,159,0.7140625,0.9631578947368421,0.29955947136563876,0.8368421052631579,1110,923,187,262,101,161,0.8315315315315316,0.9842105263157894,0.38549618320610685,0.8473684210526315,3.6390614318051773,171,6,165,0.03508771929824561,0.868421052631579,3.45080213079242,189,18,171,0.09523809523809523,0.9,3.8270836133797816,166,4,162,0.024096385542168676,0.8526315789473684,3.5117989409137,182,12,170,0.06593406593406594,0.8947368421052632,1.24226
nmix,nmix,250,120,0.6,20,156,591,418,173,214,51,163,0.7072758037225042,0.9105263157894737,0.2383177570093458,0.8578947368421053,1115,932,183,256,87,169,0.8358744394618834,0.9631578947368421,0.33984375,0.8894736842105263,3.6385300040849295,184,14,170,0.07608695652173914,0.8947368421052632,3.4649506717117564,190,19,171,0.1,0.9,3.8890000769017,171,3,168,0.017543859649122806,0.8842105263157894,3.5467802206837415,185,15,170,0.08108108108108109,0.8947368421052632,1.375573
nmix,nmix,250,120,0.6,20,157,659,472,187,230,53,177,0.716236722306525,0.9842105263157894,0.23043478260869565,0.9315789473684211,1200,1011,189,265,83,182,0.8425,0.9947368421052631,0.3132075471698113,0.9578947368421052,3.60251570553727,199,14,185,0.07035175879396985,0.9736842105263158,3.405878783598172,211,25,186,0.11848341232227488,0.9789473684210527,3.8276356875786854,189,6,183,0.031746031746031744,0.9631578947368421,3.515064715863917,206,20,186,0.0970873786407767,0.9789473684210527,1.248523
nmix,nmix,250,120,0.6,20,158,493,328,165,174,39,135,0.665314401622718,0.868421052631579,0.22413793103448276,0.7105263157894737,920,745,175,209,67,142,0.8097826086956522,0.9210526315789473,0.32057416267942584,0.7473684210526316,3.683891533649622,153,7,146,0.0457516339869281,0.7684210526315789,3.4614473326147213,168,15,153,0.08928571428571429,0.8052631578947368,3.8333198925664083,145,3,142,0.020689655172413793,0.7473684210526316,3.5997741575793873,162,11,151,0.06790123456790123,0.7947368421052632,1.2326
nmix,nmix,250,120,0.6,20,159,484,297,187,225,49,176,0.6136363636363636,0.9842105263157894,0.21777777777777776,0.9263157894736842,852,664,188,245,67,178,0.7793427230046949,0.9894736842105263,0.27346938775510204,0.9368421052631579,3.6001678807349724,202,17,185,0.08415841584158416,0.9736842105263158,3.423673083732431,221,35,186,0.1583710407239819,0.9789473684210527,3.7523897095874426,192,11,181,0.057291666666666664,0.9526315789473684,3.4971046426464745,211,26,185,0.12322274881516587,0.9736842105263158,1.403469
nmix,nmix,250,120,0.6,20,160,709,542,167,217,75,142,0.764456981664316,0.8789473684210526,0.3456221198156682,0.7473684210526316,1251,1074,177,287,133,154,0.8585131894484412,0.9315789473684211,0.4634146341463415,0.8105263157894737,3.650324523181044,165,13,152,0.07878787878787878,0.8,3.4739856928309196,179,25,154,0.13966480446927373,0.8105263157894737,3.798326906218192,157,9,148,0.05732484076433121,0.7789473684210526,3.5660134514429123,174,20,154,0.11494252873563218,0.8105263157894737,1.358811
nmix,nmix,250,120,0.6,20,161,592,413,179,201,55,146,0.6976351351351351,0.9421052631578948,0.2736318407960199,0.7684210526315789,1136,951,185,238,85,153,0.8371478873239436,0.9736842105263158,0.35714285714285715,0.8052631578947368,3.681686812409072,168,10,158,0.05952380952380952,0.8315789473684211,3.450071473894664,184,19,165,0.10326086956521739,0.868421052631579,3.7759695806290705,160,7,153,0.04375,0.8052631578947368,3.5138239257341146,179,16,163,0.0893854748603352,0.8578947368421053,1.714406
nmix,nmix,250,120,0.6,20,162,526,353,173,174,34,140,0.6711026615969582,0.9105263157894737,0.19540229885057472,0.7368421052631579,888,705,183,207,59,148,0.793918918918919,0.9631578947368421,0.28502415458937197,0.7789473684210526,3.6401153453945554,170,12,158,0.07058823529411765,0.8315789473684211,3.446062405411868,180,19,161,0.10555555555555556,0.8473684210526315,3.8274751430145195,155,4,151,0.025806451612903226,0.7947368421052632,3.5399297287720244,175,15,160,0.08571428571428572,0.8421052631578947,1.224126
nmix,nmix,250,120,0.6,20,163,451,283,168,179,36,143,0.6274944567627494,0.8842105263157894,0.2011173184357542,0.7526315789473684,912,734,178,235,76,159,0.8048245614035088,0.9368421052631579,0.32340425531914896,0.8368421052631579,3.6330478376961954,177,15,162,0.0847457627118644,0.8526315789473684,3.4524666909395045,188,22,166,0.11702127659574468,0.8736842105263158,3.7627213688776426,170,9,161,0.052941176470588235,0.8473684210526315,3.513055120146308,184,21,163,0.11413043478260869,0.8578947368421053,1.364229
nmix,nmix,250,120,0.6,20,164,512,334,178,203,46,157,0.65234375,0.9368421052631579,0.22660098522167488,0.8263157894736842,936,751,185,247,83,164,0.8023504273504274,0.9736842105263158,0.3360323886639676,0.8631578947368421,3.6280761365242813,179,12,167,0.0670391061452514,0.8789473684210526,3.418444970129731,199,27,172,0.135678391959799,0.9052631578947369,3.7784831390934297,172,8,164,0.046511627906976744,0.8631578947368421,3.5227820469710016,187,18,169,0.0962566844919786,0.8894736842105263,1.276555
nmix,nmix,250,120,0.6,20,165,686,514,172,213,81,132,0.749271137026239,0.9052631578947369,0.38028169014084506,0.6947368421052632,1325,1142,183,269,127,142,0.8618867924528302,0.9631578947368421,0.4721189591078067,0.7473684210526316,3.6866212882026956,147,10,137,0.06802721088435375,0.7210526315789474,3.463567103037625,166,20,146,0.12048192771084337,0.7684210526315789,3.846754264913435,138,7,131,0.050724637681159424,0.6894736842105263,3.580439750525036,152,12,140,0.07894736842105263,0.7368421052631579,1.255433
nmix,nmix,250,120,0.6,20,166,491,354,137,135,43,92,0.7209775967413442,0.7210526315789474,0.31851851851851853,0.4842105263157895,965,807,158,171,68,103,0.8362694300518134,0.8315789473684211,0.39766081871345027,0.5421052631578948,3.7708023627120513,111,7,104,0.06306306306306306,0.5473684210526316,3.5548014051865566,123,13,110,0.10569105691056911,0.5789473684210527,3.9644967177543693,102,5,97,0.049019607843137254,0.5105263157894737,3.6734401797051723,115,9,106,0.0782608695652174,0.5578947368421052,1.443403
nmix,nmix,250,120,0.6,20,167,456,300,156,149,29,120,0.6578947368421053,0.8210526315789474,0.19463087248322147,0.631578947368421,797,630,167,184,53,131,0.7904642409033877,0.8789473684210526,0.28804347826086957,0.6894736842105263,3.7004145965886406,139,6,133,0.04316546762589928,0.7,3.490692287563616,156,16,140,0.10256410256410256,0.7368421052631579,3.86486585342331,132,4,128,0.030303030303030304,0.6736842105263158,3.6453540158039286,143,9,134,0.06293706293706294,0.7052631578947368,1.223109
nmix,nmix,250,120,0.6,20,168,923,734,189,311,123,188,0.7952329360780065,0.9947368421052631,0.3954983922829582,0.9894736842105263,1593,1403,190,388,200,188,0.8807281858129316,1.0,0.5154639175257731,0.9894736842105263,3.6021483100813865,204,16,188,0.0784313725490196,0.9894736842105263,3.4101588260769278,214,26,188,0.12149532710280374,0.9894736842105263,4.049290896970067,191,3,188,0.015706806282722512,0.9894736842105263,3.57932620413476,205,17,188,0.08292682926829269,0.9894736842105263,1.289621
nmix,nmix,250,120,0.6,20,169,544,369,175,173,36,137,0.6783088235294118,0.9210526315789473,0.20809248554913296,0.7210526315789474,1050,868,182,208,62,146,0.8266666666666667,0.9578947368421052,0.2980769230769231,0.7684210526315789,3.673809483187224,156,10,146,0.0641025641025641,0.7684210526315789,3.464489494246275,173,19,154,0.10982658959537572,0.8105263157894737,3.815183398288112,150,8,142,0.05333333333333334,0.7473684210526316,3.581671459332804,166,15,151,0.09036144578313253,0.7947368421052632,1.23739
nmix,nmix,250,120,0.6,20,170,513,336,177,187,39,148,0.6549707602339181,0.9315789473684211,0.20855614973262032,0.7789473684210526,896,716,180,225,65,160,0.7991071428571429,0.9473684210526315,0.28888888888888886,0.8421052631578947,3.653494130017437,166,6,160,0.03614457831325301,0.8421052631578947,3.44564872468965,182,18,164,0.0989010989010989,0.8631578947368421,3.7942308687150255,163,5,158,0.03067484662576687,0.8315789473684211,3.5711571949622702,174,12,162,0.06896551724137931,0.8526315789473684,1.368413
nmix,nmix,250,120,0.6,20,171,778,592,186,238,67,171,0.7609254498714653,0.9789473684210527,0.2815126050420168,0.9,1417,1231,186,282,110,172,0.8687367678193366,0.9789473684210527,0.3900709219858156,0.9052631578947369,3.6455458019980287,178,3,175,0.016853932584269662,0.9210526315789473,3.4484831496475254,186,7,179,0.03763440860215054,0.9421052631578948,3.7522083917380584,174,1,173,0.005747126436781609,0.9105263157894737,3.5543519705148694,183,5,178,0.0273224043715847,0.9368421052631579,1.231453
nmix,nmix,250,120,0.6,20,172,431,259,172,178,36,142,0.6009280742459396,0.9052631578947369,0.20224719101123595,0.7473684210526316,740,561,179,216,57,159,0.7581081081081081,0.9421052631578948,0.2638888888888889,0.8368421052631579,3.62808890040594,179,16,163,0.0893854748603352,0.8578947368421053,3.422591138558684,196,27,169,0.1377551020408163,0.8894736842105263,3.76130046172323,173,12,161,0.06936416184971098,0.8473684210526315,3.5474942354933887,184,18,166,0.09782608695652174,0.8736842105263158,1.315837
nmix,nmix,250,120,0.6,20,173,510,343,167,181,48,133,0.6725490196078432,0.8789473684210526,0.26519337016574585,0.7,891,715,176,216,74,142,0.8024691358024691,0.9263157894736842,0.3425925925925926,0.7473684210526316,3.655349022122881,167,18,149,0.10778443113772455,0.7842105263157895,3.4435662124871897,181,23,158,0.1270718232044199,0.8315789473684211,3.754831228548514,158,11,147,0.06962025316455696,0.7736842105263158,3.52226275997304,176,21,155,0.11931818181818182,0.8157894736842105,1.303249
nmix,nmix,250,120,0.6,20,174,557,376,181,208,46,162,0.6750448833034112,0.9526315789473684,0.22115384615384615,0.8526315789473684,900,714,186,238,70,168,0.7933333333333333,0.9789473684210527,0.29411764705882354,0.8842105263157894,3.6177296978283042,186,11,175,0.05913978494623656,0.9210526315789473,3.4252302224396867,193,17,176,0.08808290155440414,0.9263157894736842,3.7654134741073424,176,4,172,0.022727272727272728,0.9052631578947369,3.5681193575193606,188,13,175,0.06914893617021277,0.9210526315789473,1.377991
nmix,nmix,250,120,0.6,20,175,468,304,164,167,38,129,0.6495726495726496,0.8631578947368421,0.2275449101796407,0.6789473684210526,823,648,175,203,59,144,0.787363304981774,0.9210526315789473,0.29064039408866993,0.7578947368421053,3.644628396834681,168,12,156,0.07142857142857142,0.8210526315789474,3.4395523524014546,187,27,160,0.1443850267379679,0.8421052631578947,3.754468798539243,159,7,152,0.0440251572327044,0.8,3.5441678242868324,176,18,158,0.10227272727272728,0.8315789473684211,1.355139
nmix,nmix,250,120,0.6,20,176,716,537,179,231,78,153,0.75,0.9421052631578948,0.33766233766233766,0.8052631578947368,1291,1106,185,273,114,159,0.8567002323780015,0.9736842105263158,0.4175824175824176,0.8368421052631579,3.6687197675112926,168,8,160,0.047619047619047616,0.8421052631578947,3.4575307843757117,185,18,167,0.0972972972972973,0.8789473684210526,3.881541099744589,157,4,153,0.025477707006369428,0.8052631578947368,3.5588152881814126,177,14,163,0.07909604519774012,0.8578947368421053,1.2035
nmix,nmix,250,120,0.6,20,177,514,337,177,211,50,161,0.6556420233463035,0.9315789473684211,0.23696682464454977,0.8473684210526315,906,727,179,241,76,165,0.8024282560706402,0.9421052631578948,0.3153526970954357,0.868421052631579,3.6289497980511496,184,15,169,0.08152173913043478,0.8894736842105263,3.434614469679434,194,23,171,0.11855670103092783,0.9,3.7255538412566356,177,11,166,0.062146892655367235,0.8736842105263158,3.527483564466867,191,21,170,0.1099476439790576,0.8947368421052632,1.38657
nmix,nmix,250,120,0.6,20,178,601,419,182,249,77,172,0.697171381031614,0.9578947368421052,0.3092369477911647,0.9052631578947369,1095,908,187,288,113,175,0.8292237442922374,0.9842105263157894,0.3923611111111111,0.9210526315789473,3.6042129987580416,195,18,177,0.09230769230769231,0.9315789473684211,3.399790807252072,213,33,180,0.15492957746478872,0.9473684210526315,3.8584854335347494,185,10,175,0.05405405405405406,0.9210526315789473,3.5339956665961694,200,21,179,0.105,0.9421052631578948,1.215227
nmix,nmix,250,120,0.6,20,179,517,386,131,122,53,69,0.746615087040619,0.6894736842105263,0.4344262295081967,0.3631578947368421,957,806,151,171,87,84,0.8422152560083594,0.7947368421052632,0.5087719298245614,0.4421052631578947,3.866470714641397,82,8,74,0.0975609756097561,0.3894736842105263,3.5943882276901125,103,17,86,0.1650485436893204,0.45263157894736844,4.10683093031204,70,6,64,0.08571428571428572,0.3368421052631579,3.7248779392089006,91,12,79,0.13186813186813187,0.41578947368421054,1.28415
nmix,nmix,250,120,0.6,20,180,772,590,182,254,89,165,0.7642487046632125,0.9578947368421052,0.35039370078740156,0.868421052631579,1384,1198,186,322,152,170,0.865606936416185,0.9789473684210527,0.4720496894409938,0.8947368421052632,3.616342102049476,191,18,173,0.09424083769633508,0.9105263157894737,3.4331386975189404,207,34,173,0.1642512077294686,0.9105263157894737,3.8925384777553016,176,8,168,0.045454545454545456,0.8842105263157894,3.5681816035765697,194,21,173,0.10824742268041238,0.9105263157894737,1.245086
nmix,nmix,250,120,0.6,20,181,407,230,177,177,27,150,0.5651105651105651,0.9315789473684211,0.15254237288135594,0.7894736842105263,755,571,184,218,57,161,0.7562913907284768,0.968421052631579,0.26146788990825687,0.8473684210526315,3.643326825448877,176,7,169,0.03977272727272727,0.8894736842105263,3.4235235507913897,194,19,175,0.0979381443298969,0.9210526315789473,3.844950638485418,166,3,163,0.018072289156626505,0.8578947368421053,3.5366062682544577,182,10,172,0.054945054945054944,0.9052631578947369,1.25882
nmix,nmix,250,120,0.6,20,182,471,336,135,111,32,79,0.7133757961783439,0.7105263157894737,0.2882882882882883,0.41578947368421054,954,802,152,153,64,89,0.8406708595387841,0.8,0.41830065359477125,0.46842105263157896,3.7708233550017023,108,10,98,0.09259259259259259,0.5157894736842106,3.5613534440500256,124,18,106,0.14516129032258066,0.5578947368421052,4.013743250056878,88,3,85,0.03409090909090909,0.4473684210526316,3.6789482813895025,114,12,102,0.10526315789473684,0.5368421052631579,1.475954
nmix,nmix,250,120,0.6,20,183,523,336,187,229,51,178,0.6424474187380497,0.9842105263157894,0.22270742358078602,0.9368421052631579,964,775,189,267,84,183,0.803941908713693,0.9947368421052631,0.3146067415730337,0.9631578947368421,3.595918872858464,202,15,187,0.07425742574257425,0.9842105263157894,3.398385921720034,214,27,187,0.1261682242990654,0.9842105263157894,3.7899956964234454,193,8,185,0.04145077720207254,0.9736842105263158,3.5352676801673892,206,19,187,0.09223300970873786,0.9842105263157894,1.232703
nmix,nmix,250,120,0.6,20,184,862,673,189,266,89,177,0.7807424593967517,0.9947368421052631,0.33458646616541354,0.9315789473684211,1498,1308,190,325,144,181,0.8731642189586115,1.0,0.4430769230769231,0.9526315789473684,3.6051210799295528,197,12,185,0.06091370558375635,0.9736842105263158,3.4235475834590443,210,24,186,0.11428571428571428,0.9789473684210527,3.8103079489852316,186,8,178,0.043010752688172046,0.9368421052631579,3.531208867779653,203,18,185,0.08866995073891626,0.9736842105263158,1.278992
nmix,nmix,250,120,0.6,20,185,660,470,190,256,73,183,0.7121212121212122,1.0,0.28515625,0.9631578947368421,1126,936,190,308,123,185,0.8312611012433393,1.0,0.39935064935064934,0.9736842105263158,3.5968648755850663,209,21,188,0.10047846889952153,0.9894736842105263,3.372254352028948,234,44,190,0.18803418803418803,1.0,3.8026495915246254,193,8,185,0.04145077720207254,0.9736842105263158,3.5412434083565407,214,26,188,0.12149532710280374,0.9894736842105263,1.292846
nmix,nmix,250,120,0.6,20,186,592,411,181,212,52,160,0.6942567567567568,0.9526315789473684,0.24528301886792453,0.8421052631578947,1092,904,188,260,94,166,0.8278388278388278,0.9894736842105263,0.36153846153846153,0.8736842105263158,3.6295579317493067,178,7,171,0.03932584269662921,0.9,3.4284657911065404,192,17,175,0.08854166666666667,0.9210526315789473,3.88353525036954,168,2,166,0.011904761904761904,0.8736842105263158,3.5721713844963476,182,10,172,0.054945054945054944,0.9052631578947369,1.349722
nmix,nmix,250,120,0.6,20,187,576,405,171,190,48,142,0.703125,0.9,0.25263157894736843,0.7473684210526316,1000,820,180,226,75,151,0.82,0.9473684210526315,0.33185840707964603,0.7947368421052632,3.6359012732336624,177,19,158,0.10734463276836158,0.8315789473684211,3.4355520892693088,189,26,163,0.13756613756613756,0.8578947368421053,3.777294148582272,166,14,152,0.08433734939759036,0.8,3.5276294003201563,182,21,161,0.11538461538461539,0.8473684210526315,1.213276
nmix,nmix,250,120,0.6,20,188,582,392,190,236,54,182,0.6735395189003437,1.0,0.2288135593220339,0.9578947368421052,1010,820,190,283,97,186,0.8118811881188119,1.0,0.34275618374558303,0.9789473684210527,3.611848870233793,199,11,188,0.05527638190954774,0.9894736842105263,3.4184334293360745,208,19,189,0.09134615384615384,0.9947368421052631,3.739444614793742,195,7,188,0.035897435897435895,0.9894736842105263,3.5072406717821494,202,13,189,0.06435643564356436,0.9947368421052631,1.198006
nmix,nmix,250,120,0.6,20,189,836,650,186,262,99,163,0.777511961722488,0.9789473684210527,0.37786259541984735,0.8578947368421053,1626,1438,188,358,185,173,0.8843788437884379,0.9894736842105263,0.5167597765363129,0.9105263157894737,3.6302037195172794,185,15,170,0.08108108108108109,0.8947368421052632,3.4115347549334785,202,25,177,0.12376237623762376,0.9315789473684211,3.813928979274221,168,6,162,0.03571428571428571,0.8526315789473684,3.527363270528069,189,18,171,0.09523809523809523,0.9,1.272441
nmix,nmix,250,120,0.6,20,190,632,457,175,212,75,137,0.7231012658227848,0.9210526315789473,0.35377358490566035,0.7210526315789474,1243,1058,185,246,98,148,0.8511665325824618,0.9736842105263158,0.3983739837398374,0.7789473684210526,3.654061168606152,165,18,147,0.10909090909090909,0.7736842105263158,3.449333782846929,183,28,155,0.15300546448087432,0.8157894736842105,3.8157970161954324,153,10,143,0.06535947712418301,0.7526315789473684,3.5605713166176236,172,20,152,0.11627906976744186,0.8,1.495181
nmix,nmix,250,120,0.6,20,191,955,773,182,270,116,154,0.8094240837696335,0.9578947368421052,0.42962962962962964,0.8105263157894737,1575,1388,187,363,197,166,0.8812698412698413,0.9842105263157894,0.5426997245179064,0.8736842105263158,3.6645511949053264,170,10,160,0.058823529411764705,0.8421052631578947,3.4229530120346094,196,29,167,0.14795918367346939,0.8789473684210526,3.833448945858406,158,6,152,0.0379746835443038,0.8,3.5467627886578312,185,21,164,0.11351351351351352,0.8631578947368421,1.338975
nmix,nmix,250,120,0.6,20,192,723,558,165,177,77,100,0.7717842323651453,0.868421052631579,0.4350282485875706,0.5263157894736842,1374,1191,183,241,122,119,0.8668122270742358,0.9631578947368421,0.5062240663900415,0.6263157894736842,3.7190238461952876,125,12,113,0.096,0.5947368421052631,3.4824763426024905,155,22,133,0.14193548387096774,0.7,3.9230125651558985,104,3,101,0.028846153846153848,0.531578947368421,3.582591380008309,140,14,126,0.1,0.6631578947368421,1.190827
nmix,nmix,250,120,0.6,20,193,472,344,128,107,35,72,0.7288135593220338,0.6736842105263158,0.32710280373831774,0.37894736842105264,975,827,148,148,60,88,0.8482051282051282,0.7789473684210526,0.40540540540540543,0.4631578947368421,3.781432952458963,99,11,88,0.1111111111111111,0.4631578947368421,3.5897643591790365,117,18,99,0.15384615384615385,0.5210526315789473,3.9556704782944645,88,8,80,0.09090909090909091,0.42105263157894735,3.7620036204991627,100,11,89,0.11,0.46842105263157896,1.297412
nmix,nmix,250,120,0.6,20,194,621,431,190,252,65,187,0.6940418679549114,1.0,0.25793650793650796,0.9842105263157894,1120,930,190,290,101,189,0.8303571428571429,1.0,0.3482758620689655,0.9947368421052631,3.666765888000849,204,14,190,0.06862745098039216,1.0,3.3954289089661875,217,27,190,0.12442396313364056,1.0,3.834706832711415,200,10,190,0.05,1.0,3.576542294654023,206,16,190,0.07766990291262135,1.0,1.250433
nmix,nmix,250,120,0.6,20,195,547,364,183,216,50,166,0.6654478976234004,0.9631578947368421,0.23148148148148148,0.8736842105263158,1091,904,187,258,86,172,0.8285976168652612,0.9842105263157894,0.3333333333333333,0.9052631578947369,3.756688327983358,179,9,170,0.05027932960893855,0.8947368421052632,3.4215342449807387,196,21,175,0.10714285714285714,0.9210526315789473,3.756688327983358,179,9,170,0.05027932960893855,0.8947368421052632,3.509826666573996,188,15,173,0.0797872340425532,0.9105263157894737,1.3395
nmix,nmix,250,120,0.6,20,196,637,459,178,220,62,158,0.7205651491365777,0.9368421052631579,0.2818181818181818,0.8315789473684211,1206,1019,187,268,104,164,0.8449419568822554,0.9842105263157894,0.3880597014925373,0.8631578947368421,3.6210249029847623,184,13,171,0.07065217391304347,0.9,3.441956943681981,195,22,173,0.11282051282051282,0.9105263157894737,3.796485168300438,168,4,164,0.023809523809523808,0.8631578947368421,3.563754516365066,189,17,172,0.08994708994708994,0.9052631578947369,1.271926
nmix,nmix,250,120,0.6,20,197,691,520,171,208,69,139,0.7525325615050651,0.9,0.3317307692307692,0.7315789473684211,1344,1165,179,280,129,151,0.8668154761904762,0.9421052631578948,0.4607142857142857,0.7947368421052632,3.685252818074686,154,8,146,0.05194805194805195,0.7684210526315789,3.4552640654304745,177,21,156,0.11864406779661017,0.8210526315789474,3.862293944385253,143,5,138,0.03496503496503497,0.7263157894736842,3.549156676290766,165,12,153,0.07272727272727272,0.8052631578947368,1.244096
nmix,nmix,250,120,0.6,20,198,745,562,183,257,92,165,0.7543624161073825,0.9631578947368421,0.35797665369649806,0.868421052631579,1396,1210,186,325,156,169,0.8667621776504298,0.9789473684210527,0.48,0.8894736842105263,3.6096301139506233,191,19,172,0.09947643979057591,0.9052631578947369,3.4020859452766623,214,34,180,0.1588785046728972,0.9473684210526315,3.817356532589998,181,12,169,0.06629834254143646,0.8894736842105263,3.526542140877481,197,24,173,0.1218274111675127,0.9105263157894737,1.399581
nmix,nmix,250,120,0.6,20,199,576,389,187,208,40,168,0.6753472222222222,0.9842105263157894,0.19230769230769232,0.8842105263157894,1035,846,189,251,76,175,0.8173913043478261,0.9947368421052631,0.30278884462151395,0.9210526315789473,3.614930176915408,198,15,183,0.07575757575757576,0.9631578947368421,3.4165463992557465,206,22,184,0.10679611650485436,0.968421052631579,3.8245016151086473,187,7,180,0.0374331550802139,0.9473684210526315,3.5267224827693426,200,17,183,0.085,0.9631578947368421,1.30704
nmix,nmix,250,120,0.6,20,200,746,591,155,186,69,117,0.792225201072386,0.8157894736842105,0.3709677419354839,0.6157894736842106,1345,1176,169,258,128,130,0.8743494423791821,0.8894736842105263,0.49612403100775193,0.6842105263157895,3.7309958779732355,130,6,124,0.046153846153846156,0.6526315789473685,3.5032050245238877,146,13,133,0.08904109589041095,0.7,3.973258546541144,114,2,112,0.017543859649122806,0.5894736842105263,3.6767583172229528,134,6,128,0.04477611940298507,0.6736842105263158,1.292017
nmix,nmix,250,120,0.6,20,201,628,442,186,250,76,174,0.7038216560509554,0.9789473684210527,0.304,0.9157894736842105,1099,912,187,312,136,176,0.8298453139217471,0.9842105263157894,0.4358974358974359,0.9263157894736842,3.616878747535416,187,7,180,0.0374331550802139,0.9473684210526315,3.4129104039049754,206,23,183,0.11165048543689321,0.9631578947368421,3.715363462020244,182,3,179,0.016483516483516484,0.9421052631578948,3.4622567102719324,201,18,183,0.08955223880597014,0.9631578947368421,1.251742
nmix,nmix,250,120,0.6,20,202,522,336,186,226,49,177,0.6436781609195402,0.9789473684210527,0.2168141592920354,0.9315789473684211,919,732,187,250,70,180,0.7965179542981502,0.9842105263157894,0.28,0.9473684210526315,3.613404169048478,195,11,184,0.05641025641025641,0.968421052631579,3.4029719273379477,215,29,186,0.13488372093023257,0.9789473684210527,3.8103100047833003,190,6,184,0.031578947368421054,0.968421052631579,3.506950073145431,204,19,185,0.09313725490196079,0.9736842105263158,1.191479
nmix,nmix,250,120,0.6,20,203,690,505,185,242,76,166,0.7318840579710145,0.9736842105263158,0.3140495867768595,0.8736842105263158,1265,1078,187,289,119,170,0.8521739130434782,0.9842105263157894,0.4117647058823529,0.8947368421052632,3.6242363206235595,191,18,173,0.09424083769633508,0.9105263157894737,3.4055526598254837,207,28,179,0.13526570048309178,0.9421052631578948,3.8605858657377645,180,11,169,0.06111111111111111,0.8894736842105263,3.592801195712353,193,19,174,0.09844559585492228,0.9157894736842105,1.443258
nmix,nmix,250,120,0.6,20,204,452,325,127,104,31,73,0.7190265486725663,0.6684210526315789,0.2980769230769231,0.38421052631578945,819,675,144,162,70,92,0.8241758241758241,0.7578947368421053,0.43209876543209874,0.4842105263157895,3.8320410221961754,85,5,80,0.058823529411764705,0.42105263157894735,3.6260096104248642,100,9,91,0.09,0.4789473684210526,3.9402123520555667,82,4,78,0.04878048780487805,0.4105263157894737,3.6780742126408446,95,7,88,0.07368421052631578,0.4631578947368421,1.204794
nmix,nmix,250,120,0.6,20,205,808,627,181,244,89,155,0.775990099009901,0.9526315789473684,0.36475409836065575,0.8157894736842105,1409,1225,184,312,149,163,0.8694109297374024,0.968421052631579,0.4775641025641026,0.8578947368421053,3.6748048813729524,178,14,164,0.07865168539325842,0.8631578947368421,3.420100312440765,201,29,172,0.14427860696517414,0.9052631578947369,3.841927756075359,170,9,161,0.052941176470588235,0.8473684210526315,3.535491380690805,190,21,169,0.11052631578947368,0.8894736842105263,1.327943
nmix,nmix,250,120,0.6,20,206,704,519,185,242,72,170,0.7372159090909091,0.9736842105263158,0.2975206611570248,0.8947368421052632,1220,1033,187,301,124,177,0.8467213114754099,0.9842105263157894,0.4119601328903654,0.9315789473684211,3.6116629983921116,194,14,180,0.07216494845360824,0.9473684210526315,3.4042062538281255,208,27,181,0.12980769230769232,0.9526315789473684,3.7539333848131613,188,10,178,0.05319148936170213,0.9368421052631579,3.5005995385866155,203,22,181,0.10837438423645321,0.9526315789473684,1.315183
nmix,nmix,250,120,0.6,20,207,574,393,181,207,50,157,0.6846689895470384,0.9526315789473684,0.24154589371980675,0.8263157894736842,1007,825,182,252,87,165,0.8192651439920556,0.9578947368421052,0.34523809523809523,0.868421052631579,3.6229653661699213,183,13,170,0.07103825136612021,0.8947368421052632,3.4167366013774485,199,25,174,0.12562814070351758,0.9157894736842105,3.7448811422590182,174,9,165,0.05172413793103448,0.868421052631579,3.472126302317764,194,21,173,0.10824742268041238,0.9105263157894737,1.362386
nmix,nmix,250,120,0.6,20,208,604,430,174,223,75,148,0.7119205298013245,0.9157894736842105,0.336322869955157,0.7789473684210526,1104,922,182,277,119,158,0.8351449275362319,0.9578947368421052,0.4296028880866426,0.8315789473684211,3.6367793805670714,176,17,159,0.09659090909090909,0.8368421052631579,3.4199869462901114,195,32,163,0.1641025641025641,0.8578947368421053,3.852394267289494,162,7,155,0.043209876543209874,0.8157894736842105,3.5444648538237082,187,25,162,0.13368983957219252,0.8526315789473684,1.198605
nmix,nmix,250,120,0.6,20,209,742,566,176,233,85,148,0.7628032345013477,0.9263157894736842,0.3648068669527897,0.7789473684210526,1404,1222,182,288,133,155,0.8703703703703703,0.9578947368421052,0.4618055555555556,0.8157894736842105,3.6504283492544176,168,14,154,0.08333333333333333,0.8105263157894737,3.4349418225701274,186,29,157,0.15591397849462366,0.8263157894736842,3.817741994003349,159,11,148,0.06918238993710692,0.7789473684210526,3.5950357612588917,176,21,155,0.11931818181818182,0.8157894736842105,1.240205
nmix,nmix,250,120,0.6,20,210,677,502,175,224,78,146,0.741506646971935,0.9210526315789473,0.3482142857142857,0.7684210526315789,1269,1086,183,273,119,154,0.8557919621749409,0.9631578947368421,0.4358974358974359,0.8105263157894737,3.686575497911939,163,7,156,0.04294478527607362,0.8210526315789474,3.4375318543325655,186,20,166,0.10752688172043011,0.8736842105263158,3.8443752650623253,154,4,150,0.025974025974025976,0.7894736842105263,3.5568659670395157,170,10,160,0.058823529411764705,0.8421052631578947,1.308108
nmix,nmix,250,120,0.6,20,211,628,444,184,227,60,167,0.7070063694267515,0.968421052631579,0.2643171806167401,0.8789473684210526,1168,981,187,275,102,173,0.8398972602739726,0.9842105263157894,0.3709090909090909,0.9105263157894737,3.6120261337009234,194,19,175,0.0979381443298969,0.9210526315789473,3.3991990026959207,211,30,181,0.14218009478672985,0.9526315789473684,3.7298127028834767,186,13,173,0.06989247311827956,0.9105263157894737,3.492806426333943,203,25,178,0.12315270935960591,0.9368421052631579,1.286795
nmix,nmix,250,120,0.6,20,212,600,422,178,225,72,153,0.7033333333333334,0.9368421052631579,0.32,0.8052631578947368,1095,912,183,275,116,159,0.8328767123287671,0.9631578947368421,0.4218181818181818,0.8368421052631579,3.6395705470028616,172,9,163,0.05232558139534884,0.8578947368421053,3.4331722397674844,192,23,169,0.11979166666666667,0.8894736842105263,3.7605351864374934,168,7,161,0.041666666666666664,0.8473684210526315,3.5110886944426274,179,13,166,0.07262569832402235,0.8736842105263158,1.311723
nmix,nmix,250,120,0.6,20,213,694,513,181,249,83,166,0.739193083573487,0.9526315789473684,0.3333333333333333,0.8736842105263158,1266,1079,187,294,122,172,0.8522906793048973,0.9842105263157894,0.41496598639455784,0.9052631578947369,3.6278385418897425,193,19,174,0.09844559585492228,0.9157894736842105,3.3994827501026386,211,34,177,0.16113744075829384,0.9315789473684211,3.764290924266355,185,13,172,0.07027027027027027,0.9052631578947369,3.47436236003704,204,27,177,0.1323529411764706,0.9315789473684211,1.219612
nmix,nmix,250,120,0.6,20,214,533,364,169,175,49,126,0.6829268292682927,0.8894736842105263,0.28,0.6631578947368421,923,747,176,222,83,139,0.80931744312026,0.9263157894736842,0.3738738738738739,0.7315789473684211,3.6915785318248653,150,8,142,0.05333333333333334,0.7473684210526316,3.4526014692722153,173,22,151,0.12716763005780346,0.7947368421052632,3.84510381630933,141,3,138,0.02127659574468085,0.7263157894736842,3.574442400468337,159,14,145,0.0880503144654088,0.7631578947368421,1.350794
nmix,nmix,250,120,0.6,20,215,640,455,185,212,47,165,0.7109375,0.9736842105263158,0.22169811320754718,0.868421052631579,1088,900,188,249,82,167,0.8272058823529411,0.9894736842105263,0.3293172690763052,0.8789473684210526,3.648341464773699,190,15,175,0.07894736842105263,0.9210526315789473,3.4080208630575717,205,23,182,0.11219512195121951,0.9578947368421052,3.776829921419585,179,10,169,0.055865921787709494,0.8894736842105263,3.524893557523903,194,17,177,0.08762886597938144,0.9315789473684211,1.297024
nmix,nmix,250,120,0.6,20,216,759,584,175,212,62,150,0.769433465085639,0.9210526315789473,0.29245283018867924,0.7894736842105263,1328,1148,180,274,118,156,0.8644578313253012,0.9473684210526315,0.4306569343065693,0.8210526315789474,3.686307880083204,165,10,155,0.06060606060606061,0.8157894736842105,3.46336047638096,178,16,162,0.0898876404494382,0.8526315789473684,3.8652563459406184,158,7,151,0.04430379746835443,0.7947368421052632,3.5751865982877913,172,14,158,0.08139534883720931,0.8315789473684211,1.302886
nmix,nmix,250,120,0.6,20,217,658,482,176,197,58,139,0.7325227963525835,0.9263157894736842,0.29441624365482233,0.7315789473684211,1188,1011,177,249,98,151,0.851010101010101,0.9315789473684211,0.39357429718875503,0.7947368421052632,3.678102842102052,156,6,150,0.038461538461538464,0.7894736842105263,3.471982972321527,167,9,158,0.05389221556886228,0.8315789473684211,3.802388740423683,150,5,145,0.03333333333333333,0.7631578947368421,3.542581098240927,163,8,155,0.049079754601226995,0.8157894736842105,1.305844
nmix,nmix,250,120,0.6,20,218,601,423,178,206,52,154,0.7038269550748752,0.9368421052631579,0.2524271844660194,0.8105263157894737,1180,998,182,249,91,158,0.8457627118644068,0.9578947368421052,0.3654618473895582,0.8315789473684211,3.6440459770256517,171,11,160,0.06432748538011696,0.8421052631578947,3.4566315716751044,182,16,166,0.08791208791208792,0.8736842105263158,3.796360361422119,165,10,155,0.06060606060606061,0.8157894736842105,3.536564065168768,178,15,163,0.08426966292134831,0.8578947368421053,1.228931
nmix,nmix,250,120,0.6,20,219,623,459,164,179,50,129,0.7367576243980738,0.8631578947368421,0.27932960893854747,0.6789473684210526,1034,859,175,247,104,143,0.8307543520309478,0.9210526315789473,0.42105263157894735,0.7526315789473684,3.666046173753419,160,9,151,0.05625,0.7947368421052632,3.452646333184946,177,22,155,0.12429378531073447,0.8157894736842105,3.8227430313723842,150,8,142,0.05333333333333334,0.7473684210526316,3.5417777311930374,170,17,153,0.1,0.8052631578947368,1.288754
nmix,nmix,250,120,0.6,20,220,489,328,161,168,46,122,0.6707566462167689,0.8473684210526315,0.27380952380952384,0.6421052631578947,875,701,174,211,78,133,0.8011428571428572,0.9157894736842105,0.3696682464454976,0.7,3.6650755189100646,156,11,145,0.07051282051282051,0.7631578947368421,3.4559469523252204,174,24,150,0.13793103448275862,0.7894736842105263,3.783898909467223,148,8,140,0.05405405405405406,0.7368421052631579,3.5583614175607265,166,18,148,0.10843373493975904,0.7789473684210526,1.301827
nmix,nmix,250,120,0.6,20,221,705,537,168,214,87,127,0.7617021276595745,0.8842105263157894,0.40654205607476634,0.6684210526315789,1358,1183,175,282,143,139,0.8711340206185567,0.9210526315789473,0.5070921985815603,0.7315789473684211,3.6873403500618895,142,8,134,0.056338028169014086,0.7052631578947368,3.473216724117783,163,22,141,0.13496932515337423,0.7421052631578947,3.9268232043713613,128,4,124,0.03125,0.6526315789473685,3.603467336829432,148,12,136,0.08108108108108109,0.7157894736842105,1.235897
nmix,nmix,250,120,0.6,20,222,710,523,187,236,57,179,0.7366197183098592,0.9842105263157894,0.24152542372881355,0.9421052631578948,1178,988,190,290,108,182,0.8387096774193549,1.0,0.3724137931034483,0.9578947368421052,3.6765637907563824,196,11,185,0.05612244897959184,0.9736842105263158,3.4536972125806815,201,16,185,0.07960199004975124,0.9736842105263158,3.774967081322218,192,8,184,0.041666666666666664,0.968421052631579,3.6765637907563824,196,11,185,0.05612244897959184,0.9736842105263158,1.403733
nmix,nmix,250,120,0.6,20,223,633,444,189,258,73,185,0.7014218009478673,0.9947368421052631,0.28294573643410853,0.9736842105263158,1161,971,190,312,124,188,0.8363479758828596,1.0,0.3974358974358974,0.9894736842105263,3.6198186424201766,200,12,188,0.06,0.9894736842105263,3.3958380029664577,216,27,189,0.125,0.9947368421052631,3.839802910679171,196,8,188,0.04081632653061224,0.9894736842105263,3.5091718113775268,207,18,189,0.08695652173913043,0.9947368421052631,1.220799
nmix,nmix,250,120,0.6,20,224,679,494,185,246,75,171,0.727540500736377,0.9736842105263158,0.3048780487804878,0.9,1148,961,187,292,116,176,0.8371080139372822,0.9842105263157894,0.3972602739726027,0.9263157894736842,3.6071593863013325,194,15,179,0.07731958762886598,0.9421052631578948,3.422250305625172,206,26,180,0.1262135922330097,0.9473684210526315,3.8165832339708694,185,9,176,0.04864864864864865,0.9263157894736842,3.5491844067101628,198,19,179,0.09595959595959595,0.9421052631578948,1.311096
nmix,nmix,250,120,0.6,20,225,648,471,177,219,73,146,0.7268518518518519,0.9315789473684211,0.3333333333333333,0.7684210526315789,1234,1050,184,283,124,159,0.8508914100486223,0.968421052631579,0.4381625441696113,0.8368421052631579,3.6371333688969307,174,13,161,0.07471264367816093,0.8473684210526315,3.422391179600001,194,26,168,0.13402061855670103,0.8842105263157894,3.8027475914304345,164,10,154,0.06097560975609756,0.8105263157894737,3.581187343318607,178,16,162,0.0898876404494382,0.8526315789473684,1.287853
nmix,nmix,250,120,0.6,20,226,572,383,189,235,56,179,0.6695804195804196,0.9947368421052631,0.23829787234042554,0.9421052631578948,984,794,190,271,90,181,0.806910569105691,1.0,0.33210332103321033,0.9526315789473684,3.668046886382936,192,9,183,0.046875,0.9631578947368421,3.401979309801708,212,25,187,0.1179245283018868,0.9842105263157894,3.794193168422584,191,9,182,0.04712041884816754,0.9578947368421052,3.4957837508567704,199,14,185,0.07035175879396985,0.9736842105263158,1.272496
nmix,nmix,250,120,0.6,20,227,598,410,188,226,47,179,0.68561872909699,0.9894736842105263,0.2079646017699115,0.9421052631578948,988,799,189,279,97,182,0.8087044534412956,0.9947368421052631,0.34767025089605735,0.9578947368421052,3.678767919013834,192,8,184,0.041666666666666664,0.968421052631579,3.418631629252133,210,24,186,0.11428571428571428,0.9789473684210527,3.8353722607756824,191,7,184,0.03664921465968586,0.968421052631579,3.4739041816376623,203,17,186,0.08374384236453201,0.9789473684210527,1.225202
nmix,nmix,250,120,0.6,20,228,810,631,179,242,81,161,0.7790123456790123,0.9421052631578948,0.3347107438016529,0.8473684210526315,1511,1327,184,314,145,169,0.8782263401720715,0.968421052631579,0.46178343949044587,0.8894736842105263,3.61481042526331,189,18,171,0.09523809523809523,0.9,3.4229825907487443,197,24,173,0.1218274111675127,0.9105263157894737,3.8324475399799227,175,7,168,0.04,0.8842105263157894,3.5470358419948322,191,20,171,0.10471204188481675,0.9,1.200544
nmix,nmix,250,120,0.6,20,229,625,447,178,205,61,144,0.7152,0.9368421052631579,0.2975609756097561,0.7578947368421053,1037,852,185,255,99,156,0.8216007714561234,0.9736842105263158,0.38823529411764707,0.8210526315789474,3.6389947128837177,172,12,160,0.06976744186046512,0.8421052631578947,3.415373962435897,201,28,173,0.13930348258706468,0.9105263157894737,3.833949104506503,159,6,153,0.03773584905660377,0.8052631578947368,3.529973084130765,183,15,168,0.08196721311475409,0.8842105263157894,1.387634
nmix,nmix,250,120,0.6,20,230,577,405,172,173,35,138,0.7019064124783362,0.9052631578947369,0.2023121387283237,0.7263157894736842,1027,846,181,236,83,153,0.8237585199610516,0.9526315789473684,0.3516949152542373,0.8052631578947368,3.6589499615255217,160,5,155,0.03125,0.8157894736842105,3.4731296915068914,166,7,159,0.04216867469879518,0.8368421052631579,3.720827476552069,158,4,154,0.02531645569620253,0.8105263157894737,3.549554927649034,165,7,158,0.04242424242424243,0.8315789473684211,1.348227
nmix,nmix,250,120,0.6,20,231,710,521,189,249,75,174,0.7338028169014085,0.9947368421052631,0.30120481927710846,0.9157894736842105,1213,1024,189,314,132,182,0.8441879637262985,0.9947368421052631,0.42038216560509556,0.9578947368421052,3.6372269818964593,193,8,185,0.04145077720207254,0.9736842105263158,3.4094018251001548,212,25,187,0.1179245283018868,0.9842105263157894,3.7532874384061814,189,7,182,0.037037037037037035,0.9578947368421052,3.4917827248274302,199,13,186,0.06532663316582915,0.9789473684210527,1.274281
nmix,nmix,250,120,0.6,20,232,580,414,166,175,41,134,0.7137931034482758,0.8736842105263158,0.2342857142857143,0.7052631578947368,1041,864,177,237,86,151,0.829971181556196,0.9315789473684211,0.3628691983122363,0.7947368421052632,3.6806626511158176,155,7,148,0.04516129032258064,0.7789473684210526,3.4642497212252334,166,13,153,0.0783132530120482,0.8052631578947368,3.814505032383444,147,4,143,0.027210884353741496,0.7526315789473684,3.5408355599964825,162,11,151,0.06790123456790123,0.7947368421052632,1.213143
nmix,nmix,250,120,0.6,20,233,531,349,182,231,62,169,0.6572504708097928,0.9578947368421052,0.2683982683982684,0.8894736842105263,947,760,187,262,89,173,0.8025343189017952,0.9842105263157894,0.33969465648854963,0.9105263157894737,3.619096788242795,185,8,177,0.043243243243243246,0.9315789473684211,3.4242361655967994,201,22,179,0.10945273631840796,0.9421052631578948,3.764281344382103,182,5,177,0.027472527472527472,0.9315789473684211,3.52228159234858,191,12,179,0.06282722513089005,0.9421052631578948,1.358691
nmix,nmix,250,120,0.6,20,234,532,367,165,186,51,135,0.6898496240601504,0.868421052631579,0.27419354838709675,0.7105263157894737,965,790,175,223,76,147,0.8186528497409327,0.9210526315789473,0.34080717488789236,0.7736842105263158,3.6513556963262945,166,14,152,0.08433734939759036,0.8,3.437074451923872,184,27,157,0.14673913043478262,0.8263157894736842,3.7986990386188975,150,6,144,0.04,0.7578947368421053,3.5236354712675073,173,19,154,0.10982658959537572,0.8105263157894737,1.246126
nmix,nmix,250,120,0.6,20,235,607,420,187,231,63,168,0.6919275123558485,0.9842105263157894,0.2727272727272727,0.8842105263157894,1027,838,189,296,120,176,0.815968841285297,0.9947368421052631,0.40540540540540543,0.9263157894736842,3.618561498781263,194,15,179,0.07731958762886598,0.9421052631578948,3.4009908618154823,212,26,186,0.12264150943396226,0.9789473684210527,3.7128055161409863,190,12,178,0.06315789473684211,0.9368421052631579,3.479289965792768,204,20,184,0.09803921568627451,0.968421052631579,1.223379
nmix,nmix,250,120,0.6,20,236,550,373,177,209,51,158,0.6781818181818182,0.9315789473684211,0.24401913875598086,0.8315789473684211,991,808,183,246,81,165,0.8153380423814329,0.9631578947368421,0.32926829268292684,0.868421052631579,3.632423988233091,182,12,170,0.06593406593406594,0.8947368421052632,3.4311208961778124,192,20,172,0.10416666666666667,0.9052631578947369,3.7607443812996255,174,8,166,0.04597701149425287,0.8736842105263158,3.5172616353973436,186,15,171,0.08064516129032258,0.9,1.286423
nmix,nmix,250,120,0.6,20,237,794,618,176,244,96,148,0.7783375314861462,0.9263157894736842,0.39344262295081966,0.7789473684210526,1497,1313,184,342,183,159,0.8770875083500334,0.968421052631579,0.5350877192982456,0.8368421052631579,3.6832484171272077,162,9,153,0.05555555555555555,0.8052631578947368,3.4570999084542366,180,23,157,0.12777777777777777,0.8263157894736842,3.8142272130737296,149,4,145,0.026845637583892617,0.7631578947368421,3.539303166316555,175,18,157,0.10285714285714286,0.8263157894736842,1.229822
nmix,nmix,250,120,0.6,20,238,564,391,173,193,52,141,0.6932624113475178,0.9105263157894737,0.2694300518134715,0.7421052631578947,1077,894,183,247,94,153,0.83008356545961,0.9631578947368421,0.3805668016194332,0.8052631578947368,3.672792957950062,172,11,161,0.06395348837209303,0.8473684210526315,3.4328371597314082,192,23,169,0.11979166666666667,0.8894736842105263,3.8000656919233164,164,8,156,0.04878048780487805,0.8210526315789474,3.5646845267882954,181,12,169,0.06629834254143646,0.8894736842105263,1.502591
nmix,nmix,250,120,0.6,20,239,708,522,186,237,68,169,0.7372881355932204,0.9789473684210527,0.2869198312236287,0.8894736842105263,1282,1094,188,280,106,174,0.8533541341653667,0.9894736842105263,0.37857142857142856,0.9157894736842105,3.6302292187454634,189,13,176,0.06878306878306878,0.9263157894736842,3.405776995313719,209,29,180,0.13875598086124402,0.9473684210526315,3.7795773352830553,180,6,174,0.03333333333333333,0.9157894736842105,3.5363676138834013,198,20,178,0.10101010101010101,0.9368421052631579,1.193461
nmix,nmix,250,120,0.6,20,240,529,346,183,220,55,165,0.6540642722117203,0.9631578947368421,0.25,0.868421052631579,975,789,186,247,79,168,0.8092307692307692,0.9789473684210527,0.31983805668016196,0.8842105263157894,3.624696006130072,182,9,173,0.04945054945054945,0.9105263157894737,3.420390484449602,199,22,177,0.11055276381909548,0.9315789473684211,3.8366741874749297,174,4,170,0.022988505747126436,0.8947368421052632,3.514235458240039,190,16,174,0.08421052631578947,0.9157894736842105,1.270954
nmix,nmix,250,120,0.6,20,241,542,368,174,186,51,135,0.6789667896678967,0.9157894736842105,0.27419354838709675,0.7105263157894737,1000,816,184,230,81,149,0.816,0.968421052631579,0.3521739130434783,0.7842105263157895,3.6283790344371543,178,17,161,0.09550561797752809,0.8473684210526315,3.445016367119914,190,27,163,0.14210526315789473,0.8578947368421053,3.826854572232531,159,9,150,0.05660377358490566,0.7894736842105263,3.5617468566380217,182,20,162,0.10989010989010989,0.8526315789473684,1.266734
nmix,nmix,250,120,0.6,20,242,597,438,159,172,56,116,0.7336683417085427,0.8368421052631579,0.32558139534883723,0.6105263157894737,1058,886,172,217,92,125,0.8374291115311909,0.9052631578947369,0.423963133640553,0.6578947368421053,3.7099655644025247,138,8,130,0.057971014492753624,0.6842105263157895,3.493851483547557,158,20,138,0.12658227848101267,0.7263157894736842,3.8894637498352624,120,4,116,0.03333333333333333,0.6105263157894737,3.5726183757023344,148,13,135,0.08783783783783784,0.7105263157894737,1.340923
nmix,nmix,250,120,0.6,20,243,676,505,171,203,66,137,0.7470414201183432,0.9,0.3251231527093596,0.7210526315789474,1223,1042,181,269,121,148,0.8520032706459526,0.9526315789473684,0.44981412639405205,0.7789473684210526,3.651984520068613,163,14,149,0.08588957055214724,0.7842105263157895,3.4486473470807657,183,24,159,0.13114754098360656,0.8368421052631579,3.8557882248941047,148,5,143,0.033783783783783786,0.7526315789473684,3.579643895246713,168,15,153,0.08928571428571429,0.8052631578947368,1.252675
nmix,nmix,250,120,0.6,20,244,537,369,168,190,53,137,0.6871508379888268,0.8842105263157894,0.2789473684210526,0.7210526315789474,957,779,178,229,85,144,0.8140020898641588,0.9368421052631579,0.37117903930131,0.7578947368421053,3.6610731297716645,161,9,152,0.055900621118012424,0.8,3.4300853780654057,188,25,163,0.13297872340425532,0.8578947368421053,3.7650621865615794,150,6,144,0.04,0.7578947368421053,3.506890436615325,178,16,162,0.0898876404494382,0.8526315789473684,1.192499
nmix,nmix,250,120,0.6,20,245,519,376,143,143,56,87,0.7244701348747592,0.7526315789473684,0.3916083916083916,0.45789473684210524,977,815,162,201,99,102,0.834186284544524,0.8526315789473684,0.4925373134328358,0.5368421052631579,3.783269180897947,106,11,95,0.10377358490566038,0.5,3.5713558990601855,114,15,99,0.13157894736842105,0.5210526315789473,3.9735253545028857,91,5,86,0.054945054945054944,0.45263157894736844,3.671528821136526,108,12,96,0.1111111111111111,0.5052631578947369,1.337791
nmix,nmix,250,120,0.6,20,246,374,218,156,140,28,112,0.5828877005347594,0.8210526315789474,0.2,0.5894736842105263,625,458,167,168,40,128,0.7328,0.8789473684210526,0.23809523809523808,0.6736842105263158,3.674496756847659,154,14,140,0.09090909090909091,0.7368421052631579,3.4977377130150886,169,23,146,0.13609467455621302,0.7684210526315789,3.7802344401546675,143,7,136,0.04895104895104895,0.7157894736842105,3.5129352812586636,167,21,146,0.12574850299401197,0.7684210526315789,1.471453
nmix,nmix,250,120,0.6,20,247,574,387,187,223,52,171,0.6742160278745645,0.9842105263157894,0.23318385650224216,0.9,962,774,188,259,80,179,0.8045738045738046,0.9894736842105263,0.3088803088803089,0.9421052631578948,3.6075333586295644,198,17,181,0.08585858585858586,0.9526315789473684,3.4060715694829358,209,25,184,0.11961722488038277,0.968421052631579,3.8336363304696053,188,7,181,0.03723404255319149,0.9526315789473684,3.533776464480701,200,18,182,0.09,0.9578947368421052,1.278968
nmix,nmix,250,120,0.6,20,248,648,477,171,180,53,127,0.7361111111111112,0.9,0.29444444444444445,0.6684210526315789,1211,1034,177,226,91,135,0.8538398018166804,0.9315789473684211,0.4026548672566372,0.7105263157894737,3.675896935288963,157,11,146,0.07006369426751592,0.7684210526315789,3.4592760878679014,175,19,156,0.10857142857142857,0.8210526315789474,3.8660742615814727,144,10,134,0.06944444444444445,0.7052631578947368,3.573567983717258,161,14,147,0.08695652173913043,0.7736842105263158,1.191732
nmix,nmix,250,120,0.6,20,249,536,351,185,207,48,159,0.6548507462686567,0.9736842105263158,0.2318840579710145,0.8368421052631579,1021,833,188,249,82,167,0.8158667972575906,0.9894736842105263,0.3293172690763052,0.8789473684210526,3.6245097164629403,181,8,173,0.04419889502762431,0.9105263157894737,3.426372514781249,192,15,177,0.078125,0.9315789473684211,3.7452009853421897,173,3,170,0.017341040462427744,0.8947368421052632,3.52367449653594,185,11,174,0.05945945945945946,0.9157894736842105,1.277053
nmix,nmix,250,120,0.6,20,250,689,501,188,239,64,175,0.7271407837445574,0.9894736842105263,0.26778242677824265,0.9210526315789473,1196,1008,188,297,118,179,0.842809364548495,0.9894736842105263,0.39730639730639733,0.9421052631578948,3.639110929706114,191,9,182,0.04712041884816754,0.9578947368421052,3.4193758012936977,207,23,184,0.1111111111111111,0.968421052631579,3.8336737737676083,184,4,180,0.021739130434782608,0.9473684210526315,3.5348878469634695,196,13,183,0.0663265306122449,0.9631578947368421,1.400725
nmix,nmix,250,120,0.6,20,251,566,392,174,183,51,132,0.6925795053003534,0.9157894736842105,0.2786885245901639,0.6947368421052632,1040,860,180,237,91,146,0.8269230769230769,0.9473684210526315,0.38396624472573837,0.7684210526315789,3.657708415334785,160,9,151,0.05625,0.7947368421052632,3.4404878800319616,182,24,158,0.13186813186813187,0.8315789473684211,3.828712992317507,153,7,146,0.0457516339869281,0.7684210526315789,3.558749282666438,168,14,154,0.08333333333333333,0.8105263157894737,1.268249
nmix,nmix,250,120,0.6,20,252,438,271,167,155,20,135,0.6187214611872146,0.8789473684210526,0.12903225806451613,0.7105263157894737,773,594,179,186,43,143,0.7684346701164295,0.9421052631578948,0.23118279569892472,0.7526315789473684,3.7550052821832924,156,1,155,0.00641025641025641,0.8157894736842105,3.457590833021949,175,14,161,0.08,0.8473684210526315,3.7922228466565975,155,1,154,0.0064516129032258064,0.8105263157894737,3.543175862556916,167,9,158,0.05389221556886228,0.8315789473684211,1.259254
nmix,nmix,250,120,0.6,20,253,704,541,163,201,77,124,0.7684659090909091,0.8578947368421053,0.38308457711442784,0.6526315789473685,1251,1080,171,251,114,137,0.8633093525179856,0.9,0.4541832669322709,0.7210526315789474,3.6814327191374008,146,10,136,0.0684931506849315,0.7157894736842105,3.4697441992220397,163,23,140,0.1411042944785276,0.7368421052631579,3.8674531438325035,132,7,125,0.05303030303030303,0.6578947368421053,3.587814617169432,154,16,138,0.1038961038961039,0.7263157894736842,1.218656
nmix,nmix,250,120,0.6,20,254,685,501,184,258,81,177,0.7313868613138687,0.968421052631579,0.313953488372093,0.9315789473684211,1272,1086,186,296,118,178,0.8537735849056604,0.9789473684210527,0.39864864864864863,0.9368421052631579,3.6066209451540576,197,15,182,0.07614213197969544,0.9578947368421052,3.3997876377704617,212,29,183,0.13679245283018868,0.9631578947368421,3.8167254990281956,187,8,179,0.0427807486631016,0.9421052631578948,3.526992673524705,203,20,183,0.09852216748768473,0.9631578947368421,1.396015
nmix,nmix,250,120,0.6,20,255,670,496,174,194,60,134,0.7402985074626866,0.9157894736842105,0.30927835051546393,0.7052631578947368,1101,923,178,245,98,147,0.8383287920072662,0.9368421052631579,0.4,0.7736842105263158,3.668239743410713,155,10,145,0.06451612903225806,0.7631578947368421,3.4672815317552894,167,15,152,0.08982035928143713,0.8,3.9026075508677374,138,2,136,0.014492753623188406,0.7157894736842105,3.572016472494985,162,12,150,0.07407407407407407,0.7894736842105263,1.322616
nmix,nmix,250,120,0.6,20,256,456,275,181,203,40,163,0.6030701754385965,0.9526315789473684,0.19704433497536947,0.8578947368421053,816,629,187,241,71,170,0.7708333333333334,0.9842105263157894,0.2946058091286307,0.8947368421052632,3.6469373588461513,187,13,174,0.06951871657754011,0.9157894736842105,3.416636527703244,205,27,178,0.13170731707317074,0.9368421052631579,3.8708259865352663,175,3,172,0.017142857142857144,0.9052631578947369,3.5122549226098694,197,22,175,0.1116751269035533,0.9210526315789473,1.204725
nmix,nmix,250,120,0.6,20,257,665,480,185,239,63,176,0.7218045112781954,0.9736842105263158,0.26359832635983266,0.9263157894736842,1201,1014,187,279,101,178,0.8442964196502915,0.9842105263157894,0.36200716845878134,0.9368421052631579,3.6384721752755897,188,8,180,0.0425531914893617,0.9473684210526315,3.3992457800291547,213,30,183,0.14084507042253522,0.9631578947368421,3.914503245955381,185,6,179,0.032432432432432434,0.9421052631578948,3.5019836295810056,203,22,181,0.10837438423645321,0.9526315789473684,1.311013
nmix,nmix,250,120,0.6,20,258,565,394,171,169,41,128,0.6973451327433628,0.9,0.24260355029585798,0.6736842105263158,992,814,178,205,69,136,0.8205645161290323,0.9368421052631579,0.33658536585365856,0.7157894736842105,3.660389249261808,159,11,148,0.06918238993710692,0.7789473684210526,3.436578272776136,185,27,158,0.14594594594594595,0.8315789473684211,3.860091773911297,145,6,139,0.041379310344827586,0.7315789473684211,3.598120791020593,167,15,152,0.08982035928143713,0.8,1.234714
nmix,nmix,250,120,0.6,20,259,668,486,182,208,64,144,0.7275449101796407,0.9578947368421052,0.3076923076923077,0.7578947368421053,1262,1077,185,254,96,158,0.8534072900158478,0.9736842105263158,0.3779527559055118,0.8315789473684211,3.641107151694597,174,10,164,0.05747126436781609,0.8631578947368421,3.4320397854872846,194,22,172,0.1134020618556701,0.9052631578947369,3.793200928151145,167,8,159,0.04790419161676647,0.8368421052631579,3.5270203177468202,187,20,167,0.10695187165775401,0.8789473684210526,1.339614
nmix,nmix,250,120,0.6,20,260,696,511,185,242,81,161,0.7341954022988506,0.9736842105263158,0.3347107438016529,0.8473684210526315,1146,958,188,309,142,167,0.8359511343804538,0.9894736842105263,0.459546925566343,0.8789473684210526,3.638393501551447,181,12,169,0.06629834254143646,0.8894736842105263,3.416732830415056,205,28,177,0.13658536585365855,0.9315789473684211,3.775878153662043,175,9,166,0.05142857142857143,0.8736842105263158,3.5291972409595234,187,16,171,0.0855614973262032,0.9,1.224829
nmix,nmix,250,120,0.6,20,261,605,418,187,230,63,167,0.6909090909090909,0.9842105263157894,0.27391304347826084,0.8789473684210526,1111,921,190,278,107,171,0.828982898289829,1.0,0.38489208633093525,0.9,3.6515168707837438,181,5,176,0.027624309392265192,0.9263157894736842,3.429598545125755,201,20,181,0.09950248756218906,0.9526315789473684,3.7753393632173884,177,4,173,0.022598870056497175,0.9105263157894737,3.5122351223053543,193,15,178,0.07772020725388601,0.9368421052631579,1.272254
nmix,nmix,250,120,0.6,20,262,532,358,174,174,40,134,0.6729323308270677,0.9157894736842105,0.22988505747126436,0.7052631578947368,984,804,180,223,74,149,0.8170731707317073,0.9473684210526315,0.33183856502242154,0.7842105263157895,3.648860160080944,166,7,159,0.04216867469879518,0.8368421052631579,3.430926586709268,190,22,168,0.11578947368421053,0.8842105263157894,3.865640766912222,152,5,147,0.03289473684210526,0.7736842105263158,3.6062589209151645,168,8,160,0.047619047619047616,0.8421052631578947,1.393226
nmix,nmix,250,120,0.6,20,263,681,499,182,227,74,153,0.7327459618208517,0.9578947368421052,0.32599118942731276,0.8052631578947368,1258,1073,185,277,118,159,0.8529411764705882,0.9736842105263158,0.4259927797833935,0.8368421052631579,3.6460538509040403,177,13,164,0.07344632768361582,0.8631578947368421,3.4146035032933395,199,29,170,0.1457286432160804,0.8947368421052632,3.7591670451582533,173,10,163,0.057803468208092484,0.8578947368421053,3.533897592211418,184,16,168,0.08695652173913043,0.8842105263157894,1.251267
nmix,nmix,250,120,0.6,20,264,600,416,184,228,58,170,0.6933333333333334,0.968421052631579,0.2543859649122807,0.8947368421052632,1029,844,185,281,104,177,0.8202137998056366,0.9736842105263158,0.3701067615658363,0.9315789473684211,3.6224571521210702,191,13,178,0.06806282722513089,0.9368421052631579,3.416442927198826,202,22,180,0.10891089108910891,0.9473684210526315,3.7735844294078076,185,7,178,0.03783783783783784,0.9368421052631579,3.523362171002302,199,19,180,0.09547738693467336,0.9473684210526315,1.331611
nmix,nmix,250,120,0.6,20,265,589,418,171,176,46,130,0.7096774193548387,0.9,0.26136363636363635,0.6842105263157895,1150,971,179,238,94,144,0.8443478260869566,0.9421052631578948,0.3949579831932773,0.7578947368421053,3.673409142904921,155,10,145,0.06451612903225806,0.7631578947368421,3.476701048670313,165,14,151,0.08484848484848485,0.7947368421052632,3.908320097447876,142,5,137,0.035211267605633804,0.7210526315789474,3.593606389063233,160,12,148,0.075,0.7789473684210526,1.291149
nmix,nmix,250,120,0.6,20,266,643,460,183,226,68,158,0.7153965785381027,0.9631578947368421,0.3008849557522124,0.8315789473684211,1173,987,186,294,128,166,0.8414322250639387,0.9789473684210527,0.43537414965986393,0.8736842105263158,3.6081175595682335,193,22,171,0.11398963730569948,0.9,3.3917898231622226,217,43,174,0.19815668202764977,0.9157894736842105,3.805808538769287,174,10,164,0.05747126436781609,0.8631578947368421,3.5501072292260947,197,25,172,0.12690355329949238,0.9052631578947369,1.283824
nmix,nmix,250,120,0.6,20,267,512,329,183,209,47,162,0.642578125,0.9631578947368421,0.22488038277511962,0.8526315789473684,980,794,186,243,76,167,0.810204081632653,0.9789473684210527,0.31275720164609055,0.8789473684210526,3.64750614310988,181,7,174,0.03867403314917127,0.9157894736842105,3.4570479661280817,193,17,176,0.08808290155440414,0.9263157894736842,3.842200854316677,174,3,171,0.017241379310344827,0.9,3.5260635134891,186,11,175,0.05913978494623656,0.9210526315789473,1.205925
nmix,nmix,250,120,0.6,20,268,614,440,174,200,58,142,0.7166123778501629,0.9157894736842105,0.29,0.7473684210526316,1138,958,180,247,98,149,0.8418277680140598,0.9473684210526315,0.3967611336032389,0.7842105263157895,3.6615023555468196,167,12,155,0.0718562874251497,0.8157894736842105,3.43750153114449,186,24,162,0.12903225806451613,0.8526315789473684,3.8429485895543234,154,5,149,0.032467532467532464,0.7842105263157895,3.5332132162605094,179,20,159,0.11173184357541899,0.8368421052631579,1.314449
nmix,nmix,250,120,0.6,20,269,483,299,184,214,48,166,0.6190476190476191,0.968421052631579,0.22429906542056074,0.8736842105263158,769,583,186,245,75,170,0.7581274382314694,0.9789473684210527,0.30612244897959184,0.8947368421052632,3.616165040625727,188,10,178,0.05319148936170213,0.9368421052631579,3.408676197794043,210,28,182,0.13333333333333333,0.9578947368421052,3.8098828777279214,180,6,174,0.03333333333333333,0.9157894736842105,3.5148625385551577,194,14,180,0.07216494845360824,0.9473684210526315,1.284154
nmix,nmix,250,120,0.6,20,270,717,541,176,224,68,156,0.7545327754532776,0.9263157894736842,0.30357142857142855,0.8210526315789474,1198,1017,181,277,117,160,0.8489148580968281,0.9526315789473684,0.4223826714801444,0.8421052631578947,3.690744577166469,165,6,159,0.03636363636363636,0.8368421052631579,3.4671916083304346,178,14,164,0.07865168539325842,0.8631578947368421,3.8598241320406057,157,5,152,0.03184713375796178,0.8,3.579674517963416,171,10,161,0.05847953216374269,0.8473684210526315,1.392727
nmix,nmix,250,120,0.6,20,271,645,463,182,203,51,152,0.7178294573643411,0.9578947368421052,0.2512315270935961,0.8,1225,1037,188,248,85,163,0.846530612244898,0.9894736842105263,0.34274193548387094,0.8578947368421053,3.668004173159767,172,6,166,0.03488372093023256,0.8736842105263158,3.4703437377858455,185,16,169,0.08648648648648649,0.8894736842105263,3.8470592885765313,164,2,162,0.012195121951219513,0.8526315789473684,3.587109865354775,176,9,167,0.05113636363636364,0.8789473684210526,1.273398
nmix,nmix,250,120,0.6,20,272,881,692,189,301,123,178,0.7854710556186152,0.9947368421052631,0.40863787375415284,0.9368421052631579,1647,1457,190,360,180,180,0.8846387370977535,1.0,0.5,0.9473684210526315,3.6221929493103446,201,19,182,0.0945273631840796,0.9578947368421052,3.384489649655046,222,37,185,0.16666666666666666,0.9736842105263158,3.8310325352354155,191,12,179,0.06282722513089005,0.9421052631578948,3.5416889295288456,204,22,182,0.10784313725490197,0.9578947368421052,1.338071
nmix,nmix,250,120,0.6,20,273,724,548,176,202,68,134,0.7569060773480663,0.9263157894736842,0.33663366336633666,0.7052631578947368,1179,998,181,260,118,142,0.8464800678541137,0.9526315789473684,0.45384615384615384,0.7473684210526316,3.6733395213979314,153,10,143,0.06535947712418301,0.7526315789473684,3.4573006856181188,174,21,153,0.1206896551724138,0.8052631578947368,3.86016279953788,143,6,137,0.04195804195804196,0.7210526315789474,3.6182377295631847,158,13,145,0.08227848101265822,0.7631578947368421,1.429151
nmix,nmix,250,120,0.6,20,274,517,329,188,236,52,184,0.6363636363636364,0.9894736842105263,0.22033898305084745,0.968421052631579,848,659,189,256,72,184,0.777122641509434,0.9947368421052631,0.28125,0.968421052631579,3.6074971189345124,199,11,188,0.05527638190954774,0.9894736842105263,3.3959544812253966,219,31,188,0.1415525114155251,0.9894736842105263,3.7992147124221005,193,5,188,0.025906735751295335,0.9894736842105263,3.526465357833172,206,18,188,0.08737864077669903,0.9894736842105263,1.232476
nmix,nmix,250,120,0.6,20,275,533,355,178,180,33,147,0.6660412757973734,0.9368421052631579,0.18333333333333332,0.7736842105263158,888,707,181,222,65,157,0.7961711711711712,0.9526315789473684,0.2927927927927928,0.8263157894736842,3.7140570224425886,169,6,163,0.03550295857988166,0.8578947368421053,3.447627247789104,185,15,170,0.08108108108108109,0.8947368421052632,3.7274762642283434,167,5,162,0.029940119760479042,0.8526315789473684,3.4886225674361286,182,14,168,0.07692307692307693,0.8842105263157894,1.345096
nmix,nmix,250,120,0.6,20,276,687,502,185,252,85,167,0.7307132459970888,0.9736842105263158,0.3373015873015873,0.8789473684210526,1245,1057,188,310,138,172,0.8489959839357429,0.9894736842105263,0.44516129032258067,0.9052631578947369,3.6546216736716493,180,9,171,0.05,0.9,3.4241085619218192,206,27,179,0.13106796116504854,0.9421052631578948,3.7971486704304254,177,8,169,0.04519774011299435,0.8894736842105263,3.4932687698632168,194,20,174,0.10309278350515463,0.9157894736842105,1.28453
nmix,nmix,250,120,0.6,20,277,675,493,182,224,70,154,0.7303703703703703,0.9578947368421052,0.3125,0.8105263157894737,1135,952,183,287,117,170,0.8387665198237886,0.9631578947368421,0.4076655052264808,0.8947368421052632,3.6265211080600204,185,13,172,0.07027027027027027,0.9052631578947369,3.408639271641686,205,29,176,0.14146341463414633,0.9263157894736842,3.748021058202399,180,9,171,0.05,0.9,3.4907524644084553,191,17,174,0.08900523560209424,0.9157894736842105,1.37038
nmix,nmix,250,120,0.6,20,278,771,596,175,237,96,141,0.7730220492866408,0.9210526315789473,0.4050632911392405,0.7421052631578947,1375,1194,181,302,148,154,0.8683636363636363,0.9526315789473684,0.4900662251655629,0.8105263157894737,3.684531111250849,159,9,150,0.05660377358490566,0.7894736842105263,3.4576876300363657,173,17,156,0.09826589595375723,0.8210526315789474,3.830244966852028,153,7,146,0.0457516339869281,0.7684210526315789,3.5768540224119136,165,12,153,0.07272727272727272,0.8052631578947368,1.437365
nmix,nmix,250,120,0.6,20,279,643,461,182,222,64,158,0.7169517884914464,0.9578947368421052,0.2882882882882883,0.8315789473684211,1197,1009,188,278,115,163,0.8429406850459482,0.9894736842105263,0.4136690647482014,0.8578947368421053,3.635456142868637,184,14,170,0.07608695652173914,0.8947368421052632,3.420398528989166,205,29,176,0.14146341463414633,0.9263157894736842,3.8099882385983737,168,6,162,0.03571428571428571,0.8526315789473684,3.538395161066549,190,20,170,0.10526315789473684,0.8947368421052632,1.233422
nmix,nmix,250,120,0.6,20,280,496,328,168,179,38,141,0.6612903225806451,0.8842105263157894,0.2122905027932961,0.7421052631578947,817,637,180,207,59,148,0.7796817625458996,0.9473684210526315,0.28502415458937197,0.7789473684210526,3.65261448526164,169,9,160,0.05325443786982249,0.8421052631578947,3.4324789779393265,187,23,164,0.12299465240641712,0.8631578947368421,3.7578505455262072,162,6,156,0.037037037037037035,0.8210526315789474,3.506610591049187,181,19,162,0.10497237569060773,0.8526315789473684,1.478124
nmix,nmix,250,120,0.6,20,281,705,527,178,238,89,149,0.7475177304964539,0.9368421052631579,0.3739495798319328,0.7842105263157895,1374,1191,183,288,133,155,0.8668122270742358,0.9631578947368421,0.4618055555555556,0.8157894736842105,3.6503880019158026,177,19,158,0.10734463276836158,0.8315789473684211,3.4176852072525863,198,35,163,0.17676767676767677,0.8578947368421053,3.835409356990562,164,14,150,0.08536585365853659,0.7894736842105263,3.567369242483012,185,25,160,0.13513513513513514,0.8421052631578947,1.290514
nmix,nmix,250,120,0.6,20,282,641,472,169,186,60,126,0.7363494539781591,0.8894736842105263,0.3225806451612903,0.6631578947368421,1246,1069,177,233,89,144,0.8579454253611557,0.9315789473684211,0.38197424892703863,0.7578947368421053,3.7183985832037503,153,10,143,0.06535947712418301,0.7526315789473684,3.475099151861247,164,15,149,0.09146341463414634,0.7842105263157895,3.818614509073152,147,9,138,0.061224489795918366,0.7263157894736842,3.5610095492709224,159,11,148,0.06918238993710692,0.7789473684210526,1.298061
nmix,nmix,250,120,0.6,20,283,643,466,177,205,55,150,0.7247278382581649,0.9315789473684211,0.2682926829268293,0.7894736842105263,1203,1021,182,262,104,158,0.8487115544472152,0.9578947368421052,0.3969465648854962,0.8315789473684211,3.637049865439294,174,11,163,0.06321839080459771,0.8578947368421053,3.419698957116007,197,26,171,0.1319796954314721,0.9,3.8168075642016395,163,7,156,0.04294478527607362,0.8210526315789474,3.527265538353601,182,15,167,0.08241758241758242,0.8789473684210526,1.262273
nmix,nmix,250,120,0.6,20,284,840,658,182,256,103,153,0.7833333333333333,0.9578947368421052,0.40234375,0.8052631578947368,1451,1263,188,327,165,162,0.870434183321847,0.9894736842105263,0.5045871559633027,0.8526315789473684,3.632303885909579,180,18,162,0.1,0.8526315789473684,3.4378936148123542,194,27,167,0.13917525773195877,0.8789473684210526,3.8311357420923016,172,15,157,0.0872093023255814,0.8263157894736842,3.562115412739737,186,22,164,0.11827956989247312,0.8631578947368421,1.3326
nmix,nmix,250,120,0.6,20,285,717,532,185,227,71,156,0.7419804741980475,0.9736842105263158,0.31277533039647576,0.8210526315789474,1279,1091,188,287,123,164,0.853010164190774,0.9894736842105263,0.42857142857142855,0.8631578947368421,3.645945598929855,179,12,167,0.0670391061452514,0.8789473684210526,3.4312790358942657,191,18,173,0.09424083769633508,0.9105263157894737,3.7246160658916434,173,8,165,0.046242774566473986,0.868421052631579,3.5041063907481838,186,16,170,0.08602150537634409,0.8947368421052632,1.457206
nmix,nmix,250,120,0.6,20,286,646,471,175,204,68,136,0.7291021671826625,0.9210526315789473,0.3333333333333333,0.7157894736842105,1125,945,180,275,131,144,0.84,0.9473684210526315,0.4763636363636364,0.7578947368421053,3.663512024979618,162,17,145,0.10493827160493827,0.7631578947368421,3.446870391092657,180,27,153,0.15,0.8052631578947368,3.8231724993426917,149,11,138,0.0738255033557047,0.7263157894736842,3.5700434923019913,170,22,148,0.12941176470588237,0.7789473684210526,1.377576
nmix,nmix,250,120,0.6,20,287,540,353,187,236,68,168,0.6537037037037037,0.9842105263157894,0.288135593220339,0.8842105263157894,934,745,189,271,96,175,0.797644539614561,0.9947368421052631,0.35424354243542433,0.9210526315789473,3.6177687421885794,192,11,181,0.057291666666666664,0.9526315789473684,3.3773506196481953,228,41,187,0.17982456140350878,0.9842105263157894,3.743361450730058,187,9,178,0.0481283422459893,0.9368421052631579,3.451803251778524,216,30,186,0.1388888888888889,0.9789473684210527,1.315659
nmix,nmix,250,120,0.6,20,288,455,288,167,160,30,130,0.6329670329670329,0.8789473684210526,0.1875,0.6842105263157895,800,624,176,191,52,139,0.78,0.9263157894736842,0.27225130890052357,0.7315789473684211,3.6587386146405767,161,10,151,0.062111801242236024,0.7947368421052632,3.4534592417128396,182,20,162,0.10989010989010989,0.8526315789473684,3.84341608235794,147,4,143,0.027210884353741496,0.7526315789473684,3.539932267536304,177,17,160,0.096045197740113,0.8421052631578947,1.301617
nmix,nmix,250,120,0.6,20,289,562,399,163,180,45,135,0.7099644128113879,0.8578947368421053,0.25,0.7105263157894737,1103,923,180,229,90,139,0.8368087035358114,0.9473684210526315,0.3930131004366812,0.7315789473684211,3.6763929371542505,153,10,143,0.06535947712418301,0.7526315789473684,3.464471926730442,168,19,149,0.1130952380952381,0.7842105263157895,3.833421225668493,143,7,136,0.04895104895104895,0.7157894736842105,3.577167971814337,158,12,146,0.0759493670886076,0.7684210526315789,1.440355
nmix,nmix,250,120,0.6,20,290,546,365,181,205,36,169,0.6684981684981685,0.9526315789473684,0.17560975609756097,0.8894736842105263,992,805,187,245,69,176,0.811491935483871,0.9842105263157894,0.2816326530612245,0.9263157894736842,3.620361622304726,185,9,176,0.04864864864864865,0.9263157894736842,3.438027167726901,196,16,180,0.08163265306122448,0.9473684210526315,3.874858667271167,180,5,175,0.027777777777777776,0.9210526315789473,3.5250044314415345,192,12,180,0.0625,0.9473684210526315,1.304665
nmix,nmix,250,120,0.6,20,291,691,501,190,252,66,186,0.7250361794500724,1.0,0.2619047619047619,0.9789473684210527,1279,1089,190,290,103,187,0.8514464425332291,1.0,0.35517241379310344,0.9842105263157894,3.646819666650006,199,11,188,0.05527638190954774,0.9894736842105263,3.4063160258903897,214,25,189,0.11682242990654206,0.9947368421052631,3.8324011985165156,196,8,188,0.04081632653061224,0.9894736842105263,3.5463759761497777,203,15,188,0.07389162561576355,0.9894736842105263,1.303475
nmix,nmix,250,120,0.6,20,292,580,395,185,213,52,161,0.6810344827586207,0.9736842105263158,0.24413145539906103,0.8473684210526315,961,775,186,257,85,172,0.8064516129032258,0.9789473684210527,0.33073929961089493,0.9052631578947369,3.608456433365248,197,18,179,0.09137055837563451,0.9421052631578948,3.4109380717188147,211,31,180,0.14691943127962084,0.9473684210526315,3.7753471841959776,181,6,175,0.03314917127071823,0.9210526315789473,3.5287627079278843,202,22,180,0.10891089108910891,0.9473684210526315,1.329771
nmix,nmix,250,120,0.6,20,293,476,298,178,198,40,158,0.6260504201680672,0.9368421052631579,0.20202020202020202,0.8315789473684211,776,593,183,224,60,164,0.7641752577319587,0.9631578947368421,0.26785714285714285,0.8631578947368421,3.6358641538548078,184,10,174,0.05434782608695652,0.9157894736842105,3.4338756035231834,199,22,177,0.11055276381909548,0.9315789473684211,3.7307360426343332,178,5,173,0.028089887640449437,0.9105263157894737,3.484917443161593,194,19,175,0.0979381443298969,0.9210526315789473,1.50659
nmix,nmix,250,120,0.6,20,294,527,356,171,182,38,144,0.6755218216318786,0.9,0.2087912087912088,0.7578947368421053,869,692,177,231,80,151,0.7963176064441887,0.9315789473684211,0.3463203463203463,0.7947368421052632,3.634092911871053,174,12,162,0.06896551724137931,0.8526315789473684,3.4279947985985766,191,24,167,0.1256544502617801,0.8789473684210526,3.838438968695241,160,5,155,0.03125,0.8157894736842105,3.547418020848489,181,18,163,0.09944751381215469,0.8578947368421053,1.233475
nmix,nmix,250,120,0.6,20,295,882,700,182,261,106,155,0.7936507936507936,0.9578947368421052,0.4061302681992337,0.8157894736842105,1538,1351,187,335,173,162,0.8784135240572172,0.9842105263157894,0.5164179104477612,0.8526315789473684,3.6391832658308747,175,12,163,0.06857142857142857,0.8578947368421053,3.4228586992051744,194,26,168,0.13402061855670103,0.8842105263157894,3.8233298220476106,157,2,155,0.012738853503184714,0.8157894736842105,3.5410031528700436,184,20,164,0.10869565217391304,0.8631578947368421,1.347819
nmix,nmix,250,120,0.6,20,296,531,349,182,213,51,162,0.6572504708097928,0.9578947368421052,0.23943661971830985,0.8526315789473684,872,685,187,252,83,169,0.7855504587155964,0.9842105263157894,0.32936507936507936,0.8894736842105263,3.617128278585739,190,14,176,0.07368421052631578,0.9263157894736842,3.42094737282917,209,30,179,0.14354066985645933,0.9421052631578948,3.753208675107522,180,6,174,0.03333333333333333,0.9157894736842105,3.4954945655464327,199,21,178,0.10552763819095477,0.9368421052631579,1.398685
nmix,nmix,250,120,0.6,20,297,637,455,182,214,52,162,0.7142857142857143,0.9578947368421052,0.24299065420560748,0.8526315789473684,1126,942,184,264,95,169,0.8365896980461812,0.968421052631579,0.35984848484848486,0.8894736842105263,3.656768583948498,182,8,174,0.04395604395604396,0.9157894736842105,3.424862228058796,195,20,175,0.10256410256410256,0.9210526315789473,3.8304873130110915,172,4,168,0.023255813953488372,0.8842105263157894,3.578547034192206,185,11,174,0.05945945945945946,0.9157894736842105,1.316926
nmix,nmix,250,120,0.6,20,298,609,462,147,162,57,105,0.7586206896551724,0.7736842105263158,0.35185185185185186,0.5526315789473685,1112,950,162,205,88,117,0.85431654676259,0.8526315789473684,0.4292682926829268,0.6157894736842106,3.7777296273315484,119,7,112,0.058823529411764705,0.5894736842105263,3.533929642761123,133,16,117,0.12030075187969924,0.6157894736842106,3.9038573918396104,111,4,107,0.036036036036036036,0.5631578947368421,3.633966234313346,124,9,115,0.07258064516129033,0.6052631578947368,1.315607
nmix,nmix,250,120,0.6,20,299,960,777,183,288,127,161,0.809375,0.9631578947368421,0.4409722222222222,0.8473684210526315,1729,1543,186,373,207,166,0.8924233661075767,0.9789473684210527,0.5549597855227882,0.8736842105263158,3.6407914765181366,176,13,163,0.07386363636363637,0.8578947368421053,3.4263830718086297,192,21,171,0.109375,0.9,3.8164241361322424,165,5,160,0.030303030303030304,0.8421052631578947,3.558410401821371,180,13,167,0.07222222222222222,0.8789473684210526,1.259483
