model,x_model,p,n,rho,block,seed,R_bh_0.05,V_bh_0.05,S_bh_0.05,R_by_0.05,V_by_0.05,S_by_0.05,fdr_bh_0.05,power_bh_0.05,fdr_by_0.05,power_by_0.05,R_bh_0.1,V_bh_0.1,S_bh_0.1,R_by_0.1,V_by_0.1,S_by_0.1,fdr_bh_0.1,power_bh_0.1,fdr_by_0.1,power_by_0.1,t_lct_0.05,R_lct_0.05,V_lct_0.05,S_lct_0.05,fdr_lct_0.05,power_lct_0.05,t_lct_0.1,R_lct_0.1,V_lct_0.1,S_lct_0.1,fdr_lct_0.1,power_lct_0.1,t_lctb_0.05_B100,R_lctb_0.05_B100,V_lctb_0.05_B100,S_lctb_0.05_B100,fdr_lctb_0.05_B100,power_lctb_0.05_B100,t_lctb_0.1_B100,R_lctb_0.1_B100,V_lctb_0.1_B100,S_lctb_0.1_B100,fdr_lctb_0.1_B100,power_lctb_0.1_B100,wall_time_s
t_cl,t_cl,250,80,0.6,20,0,135,9,126,59,1,58,0.06666666666666667,0.6631578947368421,0.01694915254237288,0.30526315789473685,167,23,144,68,2,66,0.1377245508982036,0.7578947368421053,0.029411764705882353,0.3473684210526316,3.7312810327215282,142,2,140,0.014084507042253521,0.7368421052631579,3.5301398561947686,147,2,145,0.013605442176870748,0.7631578947368421,3.049587502580979,166,7,159,0.04216867469879518,0.8368421052631579,2.864420491464518,177,14,163,0.07909604519774012,0.8578947368421053,1.232141
t_cl,t_cl,250,80,0.6,20,1,133,6,127,73,0,73,0.045112781954887216,0.6684210526315789,0.0,0.38421052631578945,176,23,153,97,4,93,0.13068181818181818,0.8052631578947368,0.041237113402061855,0.48947368421052634,3.7348593242092583,136,1,135,0.007352941176470588,0.7105263157894737,3.5042444061123637,144,2,142,0.013888888888888888,0.7473684210526316,2.9993529976670357,167,5,162,0.029940119760479042,0.8526315789473684,2.8252393886419247,191,21,170,0.1099476439790576,0.8947368421052632,1.191787
t_cl,t_cl,250,80,0.6,20,2,146,8,138,87,0,87,0.0547945205479452,0.7263157894736842,0.0,0.45789473684210524,172,19,153,100,1,99,0.11046511627906977,0.8052631578947368,0.01,0.5210526315789473,3.6872455708927245,145,0,145,0.0,0.7631578947368421,3.5040086628331624,157,0,157,0.0,0.8263157894736842,2.9748606074230484,179,8,171,0.0446927374301676,0.9,2.8062464949512096,190,16,174,0.08421052631578947,0.9157894736842105,1.116098
t_cl,t_cl,250,80,0.6,20,3,128,9,119,60,2,58,0.0703125,0.6263157894736842,0.03333333333333333,0.30526315789473685,150,15,135,64,2,62,0.1,0.7105263157894737,0.03125,0.3263157894736842,3.7407347924359944,130,2,128,0.015384615384615385,0.6736842105263158,3.5230963536170674,139,3,136,0.02158273381294964,0.7157894736842105,2.998108341478638,170,9,161,0.052941176470588235,0.8473684210526315,2.835121360535242,179,15,164,0.08379888268156424,0.8631578947368421,1.273135
t_cl,t_cl,250,80,0.6,20,4,82,2,80,22,0,22,0.024390243902439025,0.42105263157894735,0.0,0.11578947368421053,112,12,100,44,0,44,0.10714285714285714,0.5263157894736842,0.0,0.23157894736842105,3.825384302554132,91,0,91,0.0,0.4789473684210526,3.589841701616786,108,1,107,0.009259259259259259,0.5631578947368421,3.160538463572288,131,4,127,0.030534351145038167,0.6684210526315789,2.9330966830289964,150,15,135,0.1,0.7105263157894737,1.185408
t_cl,t_cl,250,80,0.6,20,5,149,5,144,94,0,94,0.03355704697986577,0.7578947368421053,0.0,0.49473684210526314,173,14,159,110,1,109,0.08092485549132948,0.8368421052631579,0.00909090909090909,0.5736842105263158,3.713684274548522,156,0,156,0.0,0.8210526315789474,3.5427122952913375,163,0,163,0.0,0.8578947368421053,3.0044318426922483,173,2,171,0.011560693641618497,0.9,2.8262428018978656,187,12,175,0.06417112299465241,0.9210526315789473,1.403255
t_cl,t_cl,250,80,0.6,20,6,180,7,173,144,1,143,0.03888888888888889,0.9105263157894737,0.006944444444444444,0.7526315789473684,196,18,178,152,1,151,0.09183673469387756,0.9368421052631579,0.006578947368421052,0.7947368421052632,3.6312685125770945,178,0,178,0.0,0.9368421052631579,3.4794254839436114,180,0,180,0.0,0.9473684210526315,3.0086406810449513,187,4,183,0.0213903743315508,0.9631578947368421,2.7847273948576854,196,10,186,0.05102040816326531,0.9789473684210527,1.128883
t_cl,t_cl,250,80,0.6,20,7,179,16,163,114,0,114,0.0893854748603352,0.8578947368421053,0.0,0.6,194,26,168,128,2,126,0.13402061855670103,0.8842105263157894,0.015625,0.6631578947368421,3.7130566114383368,164,0,164,0.0,0.8631578947368421,3.4648399065706377,172,0,172,0.0,0.9052631578947369,2.9461092974153,189,12,177,0.06349206349206349,0.9315789473684211,2.7618351540544417,201,22,179,0.10945273631840796,0.9421052631578948,1.128306
t_cl,t_cl,250,80,0.6,20,8,192,6,186,171,0,171,0.03125,0.9789473684210527,0.0,0.9,216,28,188,181,1,180,0.12962962962962962,0.9894736842105263,0.0055248618784530384,0.9473684210526315,3.709543368734101,188,0,188,0.0,0.9894736842105263,3.5348857171314836,189,0,189,0.0,0.9947368421052631,3.1333966635662627,192,2,190,0.010416666666666666,1.0,2.8374300840061792,200,10,190,0.05,1.0,1.266527
t_cl,t_cl,250,80,0.6,20,9,141,15,126,73,2,71,0.10638297872340426,0.6631578947368421,0.0273972602739726,0.3736842105263158,182,33,149,87,2,85,0.1813186813186813,0.7842105263157895,0.022988505747126436,0.4473684210526316,3.7019568646237366,138,0,138,0.0,0.7263157894736842,3.4965282293929545,149,2,147,0.013422818791946308,0.7736842105263158,2.9955409651266445,175,13,162,0.07428571428571429,0.8526315789473684,2.810074884358502,192,24,168,0.125,0.8842105263157894,1.148346
t_cl,t_cl,250,80,0.6,20,10,147,8,139,105,0,105,0.05442176870748299,0.7315789473684211,0.0,0.5526315789473685,175,21,154,116,1,115,0.12,0.8105263157894737,0.008620689655172414,0.6052631578947368,3.676494880275141,153,0,153,0.0,0.8052631578947368,3.473617995450343,160,1,159,0.00625,0.8368421052631579,3.0890247859250395,175,6,169,0.03428571428571429,0.8894736842105263,2.908299494262813,187,13,174,0.06951871657754011,0.9157894736842105,1.247842
t_cl,t_cl,250,80,0.6,20,11,181,12,169,143,0,143,0.06629834254143646,0.8894736842105263,0.0,0.7526315789473684,208,34,174,152,2,150,0.16346153846153846,0.9157894736842105,0.013157894736842105,0.7894736842105263,3.690424438827885,173,0,173,0.0,0.9105263157894737,3.49091519727106,177,0,177,0.0,0.9315789473684211,3.0751296567119035,186,7,179,0.03763440860215054,0.9421052631578948,2.8423853254784954,202,21,181,0.10396039603960396,0.9526315789473684,1.142333
t_cl,t_cl,250,80,0.6,20,12,179,13,166,129,3,126,0.07262569832402235,0.8736842105263158,0.023255813953488372,0.6631578947368421,199,24,175,140,4,136,0.12060301507537688,0.9210526315789473,0.02857142857142857,0.7157894736842105,3.635733494803182,178,2,176,0.011235955056179775,0.9263157894736842,3.4572385513337247,186,4,182,0.021505376344086023,0.9578947368421052,3.0753100683597454,192,8,184,0.041666666666666664,0.968421052631579,2.8614431535328326,203,17,186,0.08374384236453201,0.9789473684210527,1.102756
t_cl,t_cl,250,80,0.6,20,13,137,7,130,86,0,86,0.051094890510948905,0.6842105263157895,0.0,0.45263157894736844,173,26,147,102,1,101,0.15028901734104047,0.7736842105263158,0.00980392156862745,0.531578947368421,3.7133068282024704,136,0,136,0.0,0.7157894736842105,3.5225327034983773,142,0,142,0.0,0.7473684210526316,2.934752659805865,165,7,158,0.04242424242424243,0.8315789473684211,2.751529407186476,186,24,162,0.12903225806451613,0.8526315789473684,1.476626
t_cl,t_cl,250,80,0.6,20,14,189,13,176,140,2,138,0.06878306878306878,0.9263157894736842,0.014285714285714285,0.7263157894736842,210,31,179,150,2,148,0.14761904761904762,0.9421052631578948,0.013333333333333334,0.7789473684210526,3.6309641972484066,181,1,180,0.0055248618784530384,0.9473684210526315,3.4409952695361614,185,2,183,0.010810810810810811,0.9631578947368421,3.0502099827786733,194,7,187,0.03608247422680412,0.9842105263157894,2.8594768254451037,210,22,188,0.10476190476190476,0.9894736842105263,1.139123
t_cl,t_cl,250,80,0.6,20,15,173,10,163,121,0,121,0.057803468208092484,0.8578947368421053,0.0,0.6368421052631579,191,20,171,137,0,137,0.10471204188481675,0.9,0.0,0.7210526315789474,3.646476527047831,172,0,172,0.0,0.9052631578947369,3.5107451918509165,173,0,173,0.0,0.9105263157894737,3.006451009501153,188,7,181,0.03723404255319149,0.9526315789473684,2.8349365201277332,204,20,184,0.09803921568627451,0.968421052631579,1.18954
t_cl,t_cl,250,80,0.6,20,16,123,5,118,58,0,58,0.04065040650406504,0.6210526315789474,0.0,0.30526315789473685,144,10,134,71,0,71,0.06944444444444445,0.7052631578947368,0.0,0.3736842105263158,3.735671030506645,120,0,120,0.0,0.631578947368421,3.538852707711159,133,0,133,0.0,0.7,3.0345997944976775,157,5,152,0.03184713375796178,0.8,2.872374313429076,168,10,158,0.05952380952380952,0.8315789473684211,1.113795
t_cl,t_cl,250,80,0.6,20,17,137,6,131,85,0,85,0.043795620437956206,0.6894736842105263,0.0,0.4473684210526316,165,16,149,94,1,93,0.09696969696969697,0.7842105263157895,0.010638297872340425,0.48947368421052634,3.6824027442653597,146,0,146,0.0,0.7684210526315789,3.528719451871397,150,0,150,0.0,0.7894736842105263,3.0117543028801648,171,5,166,0.029239766081871343,0.8736842105263158,2.852226768458635,180,13,167,0.07222222222222222,0.8789473684210526,1.176164
t_cl,t_cl,250,80,0.6,20,18,155,13,142,98,1,97,0.08387096774193549,0.7473684210526316,0.01020408163265306,0.5105263157894737,174,22,152,110,1,109,0.12643678160919541,0.8,0.00909090909090909,0.5736842105263158,3.6905576192243283,148,0,148,0.0,0.7789473684210526,3.5544442895660233,151,1,150,0.006622516556291391,0.7894736842105263,3.017642248909763,178,9,169,0.05056179775280899,0.8894736842105263,2.834504885009146,190,18,172,0.09473684210526316,0.9052631578947369,1.316091
t_cl,t_cl,250,80,0.6,20,19,127,7,120,58,1,57,0.05511811023622047,0.631578947368421,0.017241379310344827,0.3,157,16,141,79,1,78,0.10191082802547771,0.7421052631578947,0.012658227848101266,0.4105263157894737,3.7113934675438984,138,0,138,0.0,0.7263157894736842,3.5112658530486827,149,1,148,0.006711409395973154,0.7789473684210526,3.0146437904706507,167,6,161,0.03592814371257485,0.8473684210526315,2.8387292252409417,180,15,165,0.08333333333333333,0.868421052631579,1.146248
t_cl,t_cl,250,80,0.6,20,20,181,10,171,140,1,139,0.055248618784530384,0.9,0.007142857142857143,0.7315789473684211,204,23,181,152,1,151,0.11274509803921569,0.9526315789473684,0.006578947368421052,0.7947368421052632,3.6419636056839564,182,1,181,0.005494505494505495,0.9526315789473684,3.4754426675100607,184,2,182,0.010869565217391304,0.9578947368421052,3.1711007622610845,189,4,185,0.021164021164021163,0.9736842105263158,2.897410003301956,198,12,186,0.06060606060606061,0.9789473684210527,1.159634
t_cl,t_cl,250,80,0.6,20,21,139,6,133,59,1,58,0.04316546762589928,0.7,0.01694915254237288,0.30526315789473685,171,19,152,90,2,88,0.1111111111111111,0.8,0.022222222222222223,0.4631578947368421,3.686968022232606,147,1,146,0.006802721088435374,0.7684210526315789,3.5856601306515845,150,1,149,0.006666666666666667,0.7842105263157895,3.0037197050443076,174,6,168,0.034482758620689655,0.8842105263157894,2.81935474569048,192,18,174,0.09375,0.9157894736842105,1.150603
t_cl,t_cl,250,80,0.6,20,22,113,4,109,44,0,44,0.035398230088495575,0.5736842105263158,0.0,0.23157894736842105,137,12,125,60,0,60,0.08759124087591241,0.6578947368421053,0.0,0.3157894736842105,3.7439708519822967,115,0,115,0.0,0.6052631578947368,3.535348542891786,128,0,128,0.0,0.6736842105263158,3.0578078414266088,148,2,146,0.013513513513513514,0.7684210526315789,2.87351327491744,170,11,159,0.06470588235294118,0.8368421052631579,1.394493
t_cl,t_cl,250,80,0.6,20,23,123,14,109,57,2,55,0.11382113821138211,0.5736842105263158,0.03508771929824561,0.2894736842105263,157,28,129,77,2,75,0.17834394904458598,0.6789473684210526,0.025974025974025976,0.39473684210526316,3.732480859220208,119,2,117,0.01680672268907563,0.6157894736842106,3.5591616360705944,127,2,125,0.015748031496062992,0.6578947368421053,3.0573497615318592,151,12,139,0.07947019867549669,0.7315789473684211,2.8335477092688657,171,27,144,0.15789473684210525,0.7578947368421053,1.256338
t_cl,t_cl,250,80,0.6,20,24,167,10,157,119,1,118,0.059880239520958084,0.8263157894736842,0.008403361344537815,0.6210526315789474,188,22,166,131,3,128,0.11702127659574468,0.8736842105263158,0.022900763358778626,0.6736842105263158,3.7196677224922214,165,1,164,0.006060606060606061,0.8631578947368421,3.4697841770734295,174,2,172,0.011494252873563218,0.9052631578947369,2.980067103403143,191,10,181,0.05235602094240838,0.9526315789473684,2.8058315075238274,203,19,184,0.09359605911330049,0.968421052631579,1.135432
t_cl,t_cl,250,80,0.6,20,25,131,10,121,65,0,65,0.07633587786259542,0.6368421052631579,0.0,0.34210526315789475,164,22,142,83,0,83,0.13414634146341464,0.7473684210526316,0.0,0.4368421052631579,3.729216502771507,133,0,133,0.0,0.7,3.540023190059885,139,0,139,0.0,0.7315789473684211,3.00487671331694,170,8,162,0.047058823529411764,0.8526315789473684,2.8295677870876257,183,19,164,0.10382513661202186,0.8631578947368421,1.197358
t_cl,t_cl,250,80,0.6,20,26,155,14,141,92,1,91,0.09032258064516129,0.7421052631578947,0.010869565217391304,0.4789473684210526,189,29,160,105,1,104,0.15343915343915343,0.8421052631578947,0.009523809523809525,0.5473684210526316,3.667407576792434,153,0,153,0.0,0.8052631578947368,3.5250869594716976,158,0,158,0.0,0.8315789473684211,2.9531855689875264,191,9,182,0.04712041884816754,0.9578947368421052,2.7728939501767598,205,21,184,0.1024390243902439,0.968421052631579,1.109064
t_cl,t_cl,250,80,0.6,20,27,178,12,166,120,1,119,0.06741573033707865,0.8736842105263158,0.008333333333333333,0.6263157894736842,200,25,175,140,3,137,0.125,0.9210526315789473,0.02142857142857143,0.7210526315789474,3.6294371861497887,177,1,176,0.005649717514124294,0.9263157894736842,3.4615749772281807,180,2,178,0.011111111111111112,0.9368421052631579,3.0636470008772436,188,7,181,0.03723404255319149,0.9526315789473684,2.805162899677738,205,22,183,0.1073170731707317,0.9631578947368421,1.292525
t_cl,t_cl,250,80,0.6,20,28,173,14,159,125,1,124,0.08092485549132948,0.8368421052631579,0.008,0.6526315789473685,191,25,166,141,6,135,0.13089005235602094,0.8736842105263158,0.0425531914893617,0.7105263157894737,3.6635534485701746,169,0,169,0.0,0.8894736842105263,3.4450492964909554,179,4,175,0.0223463687150838,0.9210526315789473,3.039858348988404,200,16,184,0.08,0.968421052631579,2.874241754195095,213,25,188,0.11737089201877934,0.9894736842105263,1.227812
t_cl,t_cl,250,80,0.6,20,29,159,10,149,106,0,106,0.06289308176100629,0.7842105263157895,0.0,0.5578947368421052,182,20,162,123,1,122,0.10989010989010989,0.8526315789473684,0.008130081300813009,0.6421052631578947,3.67585470859068,160,0,160,0.0,0.8421052631578947,3.4955575684059665,167,0,167,0.0,0.8789473684210526,3.0683537726188326,186,7,179,0.03763440860215054,0.9421052631578948,2.8653590981790518,197,17,180,0.08629441624365482,0.9473684210526315,1.100838
t_cl,t_cl,250,80,0.6,20,30,101,6,95,41,0,41,0.0594059405940594,0.5,0.0,0.21578947368421053,129,13,116,56,0,56,0.10077519379844961,0.6105263157894737,0.0,0.29473684210526313,3.8839664086078844,84,0,84,0.0,0.4421052631578947,3.594409658588221,103,0,103,0.0,0.5421052631578948,2.9667466980273547,140,5,135,0.03571428571428571,0.7105263157894737,2.7871601859475637,156,12,144,0.07692307692307693,0.7578947368421053,1.289462
t_cl,t_cl,250,80,0.6,20,31,172,13,159,129,2,127,0.0755813953488372,0.8368421052631579,0.015503875968992248,0.6684210526315789,194,28,166,142,3,139,0.14432989690721648,0.8736842105263158,0.02112676056338028,0.7315789473684211,3.676663444718576,166,1,165,0.006024096385542169,0.868421052631579,3.5425992409491487,170,1,169,0.0058823529411764705,0.8894736842105263,3.0588603359756497,182,7,175,0.038461538461538464,0.9210526315789473,2.819372347589836,197,19,178,0.09644670050761421,0.9368421052631579,1.251918
t_cl,t_cl,250,80,0.6,20,32,162,12,150,108,1,107,0.07407407407407407,0.7894736842105263,0.009259259259259259,0.5631578947368421,194,29,165,123,3,120,0.14948453608247422,0.868421052631579,0.024390243902439025,0.631578947368421,3.6588160012002766,161,0,161,0.0,0.8473684210526315,3.485206346380437,168,1,167,0.005952380952380952,0.8789473684210526,3.069012354525168,187,9,178,0.0481283422459893,0.9368421052631579,2.8458402126680955,202,22,180,0.10891089108910891,0.9473684210526315,1.227031
t_cl,t_cl,250,80,0.6,20,33,187,12,175,160,2,158,0.06417112299465241,0.9210526315789473,0.0125,0.8315789473684211,197,19,178,165,4,161,0.09644670050761421,0.9368421052631579,0.024242424242424242,0.8473684210526315,3.6943948172210006,180,0,180,0.0,0.9473684210526315,3.437561739834929,184,2,182,0.010869565217391304,0.9578947368421052,3.0797037540195804,194,9,185,0.04639175257731959,0.9736842105263158,2.8759849040086656,205,18,187,0.08780487804878048,0.9842105263157894,1.186222
t_cl,t_cl,250,80,0.6,20,34,120,8,112,57,1,56,0.06666666666666667,0.5894736842105263,0.017543859649122806,0.29473684210526313,151,20,131,77,1,76,0.13245033112582782,0.6894736842105263,0.012987012987012988,0.4,3.7339244873335278,119,1,118,0.008403361344537815,0.6210526315789474,3.624622615067158,127,1,126,0.007874015748031496,0.6631578947368421,2.9985072286053986,153,8,145,0.05228758169934641,0.7631578947368421,2.8195690047718234,172,17,155,0.09883720930232558,0.8157894736842105,1.121006
t_cl,t_cl,250,80,0.6,20,35,63,4,59,17,0,17,0.06349206349206349,0.3105263157894737,0.0,0.08947368421052632,79,12,67,27,1,26,0.1518987341772152,0.3526315789473684,0.037037037037037035,0.1368421052631579,3.9980298938285688,56,0,56,0.0,0.29473684210526313,3.7467739853538222,59,0,59,0.0,0.3105263157894737,3.137444415138388,87,3,84,0.034482758620689655,0.4421052631578947,2.9203446152664236,105,12,93,0.11428571428571428,0.48947368421052634,1.266996
t_cl,t_cl,250,80,0.6,20,36,166,11,155,115,0,115,0.06626506024096386,0.8157894736842105,0.0,0.6052631578947368,191,24,167,127,2,125,0.1256544502617801,0.8789473684210526,0.015748031496062992,0.6578947368421053,3.6557642887103934,171,0,171,0.0,0.9,3.5225717125494054,175,0,175,0.0,0.9210526315789473,3.0174415172361884,189,9,180,0.047619047619047616,0.9473684210526315,2.845477951904829,198,17,181,0.08585858585858586,0.9526315789473684,1.22626
t_cl,t_cl,250,80,0.6,20,37,175,11,164,131,0,131,0.06285714285714286,0.8631578947368421,0.0,0.6894736842105263,195,23,172,144,3,141,0.11794871794871795,0.9052631578947369,0.020833333333333332,0.7421052631578947,3.648450477653578,170,0,170,0.0,0.8947368421052632,3.508316131203316,175,0,175,0.0,0.9210526315789473,2.9380220142751363,194,8,186,0.041237113402061855,0.9789473684210527,2.755145204780872,204,16,188,0.0784313725490196,0.9894736842105263,1.105639
t_cl,t_cl,250,80,0.6,20,38,186,7,179,131,0,131,0.03763440860215054,0.9421052631578948,0.0,0.6894736842105263,199,15,184,142,1,141,0.07537688442211055,0.968421052631579,0.007042253521126761,0.7421052631578947,3.6990922738886263,186,0,186,0.0,0.9789473684210527,3.6990922738886263,186,0,186,0.0,0.9789473684210527,3.1123712443512392,193,5,188,0.025906735751295335,0.9894736842105263,2.874270439204363,201,11,190,0.05472636815920398,1.0,1.157796
t_cl,t_cl,250,80,0.6,20,39,189,13,176,158,0,158,0.06878306878306878,0.9263157894736842,0.0,0.8315789473684211,202,21,181,167,1,166,0.10396039603960396,0.9526315789473684,0.005988023952095809,0.8736842105263158,3.6517472722312663,182,0,182,0.0,0.9578947368421052,3.4561127482881915,184,0,184,0.0,0.968421052631579,3.1162152322478622,190,4,186,0.021052631578947368,0.9789473684210527,2.9018399007337727,201,14,187,0.06965174129353234,0.9842105263157894,1.250472
t_cl,t_cl,250,80,0.6,20,40,103,11,92,36,0,36,0.10679611650485436,0.4842105263157895,0.0,0.18947368421052632,145,29,116,46,1,45,0.2,0.6105263157894737,0.021739130434782608,0.23684210526315788,3.793539995146366,103,0,103,0.0,0.5421052631578948,3.5905795250596477,116,0,116,0.0,0.6105263157894737,3.059223219895736,149,13,136,0.087248322147651,0.7157894736842105,2.886960897329292,174,29,145,0.16666666666666666,0.7631578947368421,1.34561
t_cl,t_cl,250,80,0.6,20,41,71,5,66,23,0,23,0.07042253521126761,0.3473684210526316,0.0,0.12105263157894737,100,16,84,28,0,28,0.16,0.4421052631578947,0.0,0.14736842105263157,3.9216153730869556,64,0,64,0.0,0.3368421052631579,3.7192162917888028,68,0,68,0.0,0.35789473684210527,3.0592526376191636,104,5,99,0.04807692307692308,0.5210526315789473,2.8550989231788555,129,18,111,0.13953488372093023,0.5842105263157895,1.167382
t_cl,t_cl,250,80,0.6,20,42,149,11,138,94,3,91,0.0738255033557047,0.7263157894736842,0.031914893617021274,0.4789473684210526,173,21,152,106,4,102,0.12138728323699421,0.8,0.03773584905660377,0.5368421052631579,3.708313778823796,150,2,148,0.013333333333333334,0.7789473684210526,3.4725017195865164,162,3,159,0.018518518518518517,0.8368421052631579,3.037058641586489,181,10,171,0.055248618784530384,0.9,2.843143418204819,200,22,178,0.11,0.9368421052631579,1.102419
t_cl,t_cl,250,80,0.6,20,43,157,8,149,95,1,94,0.050955414012738856,0.7842105263157895,0.010526315789473684,0.49473684210526314,185,21,164,114,2,112,0.11351351351351352,0.8631578947368421,0.017543859649122806,0.5894736842105263,3.6834071646254887,160,1,159,0.00625,0.8368421052631579,3.490047651078668,166,1,165,0.006024096385542169,0.868421052631579,2.9759884668739907,182,8,174,0.04395604395604396,0.9157894736842105,2.7988319363437384,192,17,175,0.08854166666666667,0.9210526315789473,1.190509
t_cl,t_cl,250,80,0.6,20,44,29,6,23,0,0,0,0.20689655172413793,0.12105263157894737,0.0,0.0,50,8,42,7,0,7,0.16,0.22105263157894736,0.0,0.03684210526315789,4.1159185892102474,25,1,24,0.04,0.12631578947368421,3.8437449579941445,38,1,37,0.02631578947368421,0.19473684210526315,3.210760694778188,60,6,54,0.1,0.28421052631578947,3.0213300888935715,72,9,63,0.125,0.33157894736842103,1.213259
t_cl,t_cl,250,80,0.6,20,45,191,14,177,156,1,155,0.07329842931937172,0.9315789473684211,0.00641025641025641,0.8157894736842105,206,25,181,167,2,165,0.12135922330097088,0.9526315789473684,0.011976047904191617,0.868421052631579,3.654893297725457,181,0,181,0.0,0.9526315789473684,3.654893297725457,181,0,181,0.0,0.9526315789473684,2.9244355387405614,199,10,189,0.05025125628140704,0.9947368421052631,2.770498471367597,209,19,190,0.09090909090909091,1.0,1.32856
t_cl,t_cl,250,80,0.6,20,46,176,10,166,121,1,120,0.056818181818181816,0.8736842105263158,0.008264462809917356,0.631578947368421,192,19,173,135,2,133,0.09895833333333333,0.9105263157894737,0.014814814814814815,0.7,3.7252716625640336,172,1,171,0.005813953488372093,0.9,3.532359310390235,176,2,174,0.011363636363636364,0.9157894736842105,3.0625160306072896,189,9,180,0.047619047619047616,0.9473684210526315,2.8213030669139125,199,16,183,0.08040201005025126,0.9631578947368421,1.107982
t_cl,t_cl,250,80,0.6,20,47,168,10,158,102,1,101,0.05952380952380952,0.8315789473684211,0.00980392156862745,0.531578947368421,196,23,173,124,2,122,0.11734693877551021,0.9105263157894737,0.016129032258064516,0.6421052631578947,3.7265235832496386,169,1,168,0.005917159763313609,0.8842105263157894,3.4588523834108527,176,2,174,0.011363636363636364,0.9157894736842105,3.097413515344681,186,7,179,0.03763440860215054,0.9421052631578948,2.8819906922926193,198,15,183,0.07575757575757576,0.9631578947368421,1.103913
t_cl,t_cl,250,80,0.6,20,48,156,13,143,75,1,74,0.08333333333333333,0.7526315789473684,0.013333333333333334,0.3894736842105263,182,26,156,103,2,101,0.14285714285714285,0.8210526315789474,0.019417475728155338,0.531578947368421,3.6951759168039136,150,1,149,0.006666666666666667,0.7842105263157895,3.48445294208013,162,1,161,0.006172839506172839,0.8473684210526315,3.0236235955193065,179,10,169,0.055865921787709494,0.8894736842105263,2.8136294362326995,194,21,173,0.10824742268041238,0.9105263157894737,1.352302
t_cl,t_cl,250,80,0.6,20,49,149,10,139,81,0,81,0.06711409395973154,0.7315789473684211,0.0,0.4263157894736842,181,31,150,105,1,104,0.1712707182320442,0.7894736842105263,0.009523809523809525,0.5473684210526316,3.6819988562795314,149,0,149,0.0,0.7842105263157895,3.500778726781799,155,0,155,0.0,0.8157894736842105,3.000264381734143,177,9,168,0.05084745762711865,0.8842105263157894,2.8168512826254526,204,30,174,0.14705882352941177,0.9157894736842105,1.138315
t_cl,t_cl,250,80,0.6,20,50,152,12,140,79,0,79,0.07894736842105263,0.7368421052631579,0.0,0.41578947368421054,180,26,154,99,0,99,0.14444444444444443,0.8105263157894737,0.0,0.5210526315789473,3.7006941981233665,147,0,147,0.0,0.7736842105263158,3.5341864344256395,152,0,152,0.0,0.8,2.9690878497551196,178,10,168,0.056179775280898875,0.8842105263157894,2.7855978797426677,198,24,174,0.12121212121212122,0.9157894736842105,1.304675
t_cl,t_cl,250,80,0.6,20,51,129,8,121,67,1,66,0.06201550387596899,0.6368421052631579,0.014925373134328358,0.3473684210526316,154,16,138,78,2,76,0.1038961038961039,0.7263157894736842,0.02564102564102564,0.4,3.7306520128545486,137,0,137,0.0,0.7210526315789474,3.4938562283928065,149,1,148,0.006711409395973154,0.7789473684210526,3.025703389292161,174,8,166,0.04597701149425287,0.8736842105263158,2.8333787297552506,190,16,174,0.08421052631578947,0.9157894736842105,1.124872
t_cl,t_cl,250,80,0.6,20,52,127,5,122,76,1,75,0.03937007874015748,0.6421052631578947,0.013157894736842105,0.39473684210526316,144,15,129,95,2,93,0.10416666666666667,0.6789473684210526,0.021052631578947368,0.48947368421052634,3.8024936331072254,129,2,127,0.015503875968992248,0.6684210526315789,3.5043855951016694,145,2,143,0.013793103448275862,0.7526315789473684,3.001782495463506,170,6,164,0.03529411764705882,0.8631578947368421,2.8115901337766167,189,20,169,0.10582010582010581,0.8894736842105263,1.177499
t_cl,t_cl,250,80,0.6,20,53,160,10,150,95,0,95,0.0625,0.7894736842105263,0.0,0.5,175,15,160,108,0,108,0.08571428571428572,0.8421052631578947,0.0,0.5684210526315789,3.664101470062732,158,0,158,0.0,0.8315789473684211,3.533393998272466,163,0,163,0.0,0.8578947368421053,3.072605845631555,182,5,177,0.027472527472527472,0.9315789473684211,2.8820504379946374,194,14,180,0.07216494845360824,0.9473684210526315,1.226627
t_cl,t_cl,250,80,0.6,20,54,170,6,164,128,1,127,0.03529411764705882,0.8631578947368421,0.0078125,0.6684210526315789,188,18,170,138,1,137,0.09574468085106383,0.8947368421052632,0.007246376811594203,0.7210526315789474,3.688654885481025,172,0,172,0.0,0.9052631578947369,3.4466350378698447,177,1,176,0.005649717514124294,0.9263157894736842,3.0358535364690535,190,3,187,0.015789473684210527,0.9842105263157894,2.8577594987144477,202,15,187,0.07425742574257425,0.9842105263157894,1.123858
t_cl,t_cl,250,80,0.6,20,55,156,9,147,95,0,95,0.057692307692307696,0.7736842105263158,0.0,0.5,179,20,159,103,2,101,0.11173184357541899,0.8368421052631579,0.019417475728155338,0.531578947368421,3.669647183226597,153,0,153,0.0,0.8052631578947368,3.5829690124651585,157,0,157,0.0,0.8263157894736842,2.9583398693159317,176,7,169,0.03977272727272727,0.8894736842105263,2.8068253449715694,188,13,175,0.06914893617021277,0.9210526315789473,1.254419
t_cl,t_cl,250,80,0.6,20,56,173,11,162,125,0,125,0.06358381502890173,0.8526315789473684,0.0,0.6578947368421053,186,19,167,142,0,142,0.10215053763440861,0.8789473684210526,0.0,0.7473684210526316,3.726685822663468,168,0,168,0.0,0.8842105263157894,3.4603225138470446,171,0,171,0.0,0.9,2.997117061498655,187,9,178,0.0481283422459893,0.9368421052631579,2.822442782621391,195,15,180,0.07692307692307693,0.9473684210526315,1.250704
t_cl,t_cl,250,80,0.6,20,57,101,7,94,34,0,34,0.06930693069306931,0.49473684210526314,0.0,0.17894736842105263,136,18,118,54,0,54,0.1323529411764706,0.6210526315789474,0.0,0.28421052631578947,3.769741560014437,104,0,104,0.0,0.5473684210526316,3.5774629961056705,112,0,112,0.0,0.5894736842105263,3.034364206943273,148,7,141,0.0472972972972973,0.7421052631578947,2.8486820998262594,169,19,150,0.11242603550295859,0.7894736842105263,1.191227
t_cl,t_cl,250,80,0.6,20,58,171,11,160,109,0,109,0.06432748538011696,0.8421052631578947,0.0,0.5736842105263158,187,19,168,126,0,126,0.10160427807486631,0.8842105263157894,0.0,0.6631578947368421,3.662724662797051,159,1,158,0.006289308176100629,0.8315789473684211,3.4877252574371536,166,1,165,0.006024096385542169,0.868421052631579,2.907902830044403,190,10,180,0.05263157894736842,0.9473684210526315,2.7306781900196264,198,15,183,0.07575757575757576,0.9631578947368421,1.18476
t_cl,t_cl,250,80,0.6,20,59,94,3,91,17,0,17,0.031914893617021274,0.4789473684210526,0.0,0.08947368421052632,119,12,107,34,0,34,0.10084033613445378,0.5631578947368421,0.0,0.17894736842105263,3.804415774754393,89,0,89,0.0,0.46842105263157896,3.6036442903003194,100,0,100,0.0,0.5263157894736842,3.034715228196014,128,2,126,0.015625,0.6631578947368421,2.854269753921685,146,14,132,0.0958904109589041,0.6947368421052632,1.204447
t_cl,t_cl,250,80,0.6,20,60,94,3,91,28,0,28,0.031914893617021274,0.4789473684210526,0.0,0.14736842105263157,130,15,115,49,0,49,0.11538461538461539,0.6052631578947368,0.0,0.2578947368421053,3.8054836710249123,103,0,103,0.0,0.5421052631578948,3.607155230816386,113,0,113,0.0,0.5947368421052631,3.0571708043011427,139,5,134,0.03597122302158273,0.7052631578947368,2.8790451996635045,155,15,140,0.0967741935483871,0.7368421052631579,1.206889
t_cl,t_cl,250,80,0.6,20,61,147,11,136,69,0,69,0.07482993197278912,0.7157894736842105,0.0,0.3631578947368421,172,22,150,95,1,94,0.12790697674418605,0.7894736842105263,0.010526315789473684,0.49473684210526314,3.7088310465101206,141,0,141,0.0,0.7421052631578947,3.5143867504547126,150,0,150,0.0,0.7894736842105263,2.9551478224199967,171,8,163,0.04678362573099415,0.8578947368421053,2.767529556837157,187,19,168,0.10160427807486631,0.8842105263157894,1.206696
t_cl,t_cl,250,80,0.6,20,62,91,4,87,23,1,22,0.04395604395604396,0.45789473684210524,0.043478260869565216,0.11578947368421053,120,16,104,38,1,37,0.13333333333333333,0.5473684210526316,0.02631578947368421,0.19473684210526315,3.7975598604961127,96,1,95,0.010416666666666666,0.5,3.5867925086186316,111,1,110,0.009009009009009009,0.5789473684210527,3.082923239013921,140,5,135,0.03571428571428571,0.7105263157894737,2.899902428986407,154,16,138,0.1038961038961039,0.7263157894736842,1.127915
t_cl,t_cl,250,80,0.6,20,63,169,12,157,103,1,102,0.07100591715976332,0.8263157894736842,0.009708737864077669,0.5368421052631579,198,25,173,124,2,122,0.12626262626262627,0.9105263157894737,0.016129032258064516,0.6421052631578947,3.6704513626082123,172,1,171,0.005813953488372093,0.9,3.557824706496059,175,1,174,0.005714285714285714,0.9157894736842105,3.0300482691500803,186,9,177,0.04838709677419355,0.9315789473684211,2.8497150178546624,198,18,180,0.09090909090909091,0.9473684210526315,1.16596
t_cl,t_cl,250,80,0.6,20,64,76,3,73,35,0,35,0.039473684210526314,0.38421052631578945,0.0,0.18421052631578946,108,15,93,41,0,41,0.1388888888888889,0.48947368421052634,0.0,0.21578947368421053,3.854237792610926,84,0,84,0.0,0.4421052631578947,3.6106955463156565,96,0,96,0.0,0.5052631578947369,3.1166174470224637,122,4,118,0.03278688524590164,0.6210526315789474,2.904973041697581,144,18,126,0.125,0.6631578947368421,1.214486
t_cl,t_cl,250,80,0.6,20,65,193,9,184,165,0,165,0.046632124352331605,0.968421052631579,0.0,0.868421052631579,203,19,184,174,2,172,0.09359605911330049,0.968421052631579,0.011494252873563218,0.9052631578947369,3.6902452306233964,185,0,185,0.0,0.9736842105263158,3.500511271000455,187,0,187,0.0,0.9842105263157894,3.6902452306233964,185,0,185,0.0,0.9736842105263158,3.1266627786491843,191,3,188,0.015706806282722512,0.9894736842105263,1.396944
t_cl,t_cl,250,80,0.6,20,66,168,12,156,98,1,97,0.07142857142857142,0.8210526315789474,0.01020408163265306,0.5105263157894737,194,26,168,111,2,109,0.13402061855670103,0.8842105263157894,0.018018018018018018,0.5736842105263158,3.6448496260634835,173,1,172,0.005780346820809248,0.9052631578947369,3.542989373079769,174,1,173,0.005747126436781609,0.9105263157894737,3.063485621721012,194,11,183,0.05670103092783505,0.9631578947368421,2.882041335533643,207,20,187,0.0966183574879227,0.9842105263157894,1.149997
t_cl,t_cl,250,80,0.6,20,67,111,8,103,64,0,64,0.07207207207207207,0.5421052631578948,0.0,0.3368421052631579,143,12,131,78,1,77,0.08391608391608392,0.6894736842105263,0.01282051282051282,0.4052631578947368,3.7385709727351415,124,1,123,0.008064516129032258,0.6473684210526316,3.5331966085255213,134,1,133,0.007462686567164179,0.7,2.983803776615473,164,9,155,0.054878048780487805,0.8157894736842105,2.8128610527611766,172,11,161,0.06395348837209303,0.8473684210526315,1.111999
t_cl,t_cl,250,80,0.6,20,68,150,9,141,83,1,82,0.06,0.7421052631578947,0.012048192771084338,0.43157894736842106,175,23,152,103,1,102,0.13142857142857142,0.8,0.009708737864077669,0.5368421052631579,3.679604930008678,150,0,150,0.0,0.7894736842105263,3.4782433731545823,159,1,158,0.006289308176100629,0.8315789473684211,3.0906272846845337,173,7,166,0.04046242774566474,0.8736842105263158,2.823894731677627,188,20,168,0.10638297872340426,0.8842105263157894,1.202585
t_cl,t_cl,250,80,0.6,20,69,195,10,185,170,2,168,0.05128205128205128,0.9736842105263158,0.011764705882352941,0.8842105263157894,202,17,185,176,2,174,0.08415841584158416,0.9736842105263158,0.011363636363636364,0.9157894736842105,3.7925841697731633,187,1,186,0.0053475935828877,0.9789473684210527,3.441871265739889,189,1,188,0.005291005291005291,0.9894736842105263,2.965466619711,197,8,189,0.04060913705583756,0.9947368421052631,2.7950613989022917,202,13,189,0.06435643564356436,0.9947368421052631,1.209547
t_cl,t_cl,250,80,0.6,20,70,187,12,175,143,1,142,0.06417112299465241,0.9210526315789473,0.006993006993006993,0.7473684210526316,204,24,180,151,1,150,0.11764705882352941,0.9473684210526315,0.006622516556291391,0.7894736842105263,3.6463446565530244,179,0,179,0.0,0.9421052631578948,3.5068425523008724,183,0,183,0.0,0.9631578947368421,2.9925791979244947,192,8,184,0.041666666666666664,0.968421052631579,2.830187440925715,206,19,187,0.09223300970873786,0.9842105263157894,1.246734
t_cl,t_cl,250,80,0.6,20,71,139,10,129,73,1,72,0.07194244604316546,0.6789473684210526,0.0136986301369863,0.37894736842105264,170,22,148,87,1,86,0.12941176470588237,0.7789473684210526,0.011494252873563218,0.45263157894736844,3.6832594272971915,147,2,145,0.013605442176870748,0.7631578947368421,3.4874078230117127,154,2,152,0.012987012987012988,0.8,3.067408911670744,175,9,166,0.05142857142857143,0.8736842105263158,2.8657497381888435,192,20,172,0.10416666666666667,0.9052631578947369,1.152058
t_cl,t_cl,250,80,0.6,20,72,148,12,136,85,1,84,0.08108108108108109,0.7157894736842105,0.011764705882352941,0.4421052631578947,181,30,151,99,3,96,0.16574585635359115,0.7947368421052632,0.030303030303030304,0.5052631578947369,3.7323017699467003,150,1,149,0.006666666666666667,0.7842105263157895,3.472392324326995,162,3,159,0.018518518518518517,0.8368421052631579,3.0659662845738027,184,11,173,0.059782608695652176,0.9105263157894737,2.8576706418133226,206,29,177,0.1407766990291262,0.9315789473684211,1.102536
t_cl,t_cl,250,80,0.6,20,73,107,10,97,41,0,41,0.09345794392523364,0.5105263157894737,0.0,0.21578947368421053,133,17,116,49,0,49,0.12781954887218044,0.6105263157894737,0.0,0.2578947368421053,3.7849257611552303,105,0,105,0.0,0.5526315789473685,3.565249729027468,118,0,118,0.0,0.6210526315789474,3.0178961665456683,158,11,147,0.06962025316455696,0.7736842105263158,2.832085246899205,173,19,154,0.10982658959537572,0.8105263157894737,1.38397
t_cl,t_cl,250,80,0.6,20,74,167,17,150,93,0,93,0.10179640718562874,0.7894736842105263,0.0,0.48947368421052634,190,27,163,107,1,106,0.14210526315789473,0.8578947368421053,0.009345794392523364,0.5578947368421052,3.6758624562512705,160,1,159,0.00625,0.8368421052631579,3.474775380154875,168,1,167,0.005952380952380952,0.8789473684210526,3.085449763207091,183,9,174,0.04918032786885246,0.9157894736842105,2.863334179893562,196,21,175,0.10714285714285714,0.9210526315789473,1.237632
t_cl,t_cl,250,80,0.6,20,75,147,7,140,92,1,91,0.047619047619047616,0.7368421052631579,0.010869565217391304,0.4789473684210526,164,17,147,105,2,103,0.10365853658536585,0.7736842105263158,0.01904761904761905,0.5421052631578948,3.6998406811846647,145,0,145,0.0,0.7631578947368421,3.5014359342366057,155,1,154,0.0064516129032258064,0.8105263157894737,3.0319419723225085,175,6,169,0.03428571428571429,0.8894736842105263,2.8062690306480502,190,16,174,0.08421052631578947,0.9157894736842105,1.189609
t_cl,t_cl,250,80,0.6,20,76,134,8,126,74,1,73,0.05970149253731343,0.6631578947368421,0.013513513513513514,0.38421052631578945,157,18,139,89,2,87,0.11464968152866242,0.7315789473684211,0.02247191011235955,0.45789473684210524,3.7178177156106726,135,1,134,0.007407407407407408,0.7052631578947368,3.516580647931921,144,1,143,0.006944444444444444,0.7526315789473684,2.984443752721856,171,7,164,0.04093567251461988,0.8631578947368421,2.808780158799283,184,16,168,0.08695652173913043,0.8842105263157894,1.104796
t_cl,t_cl,250,80,0.6,20,77,193,14,179,167,2,165,0.07253886010362694,0.9421052631578948,0.011976047904191617,0.868421052631579,205,24,181,178,6,172,0.11707317073170732,0.9526315789473684,0.033707865168539325,0.9052631578947369,3.7940964795818677,182,2,180,0.01098901098901099,0.9473684210526315,3.445346136585085,187,5,182,0.026737967914438502,0.9578947368421052,3.154975985561165,192,9,183,0.046875,0.9631578947368421,2.856339428270921,203,18,185,0.08866995073891626,0.9736842105263158,1.102338
t_cl,t_cl,250,80,0.6,20,78,41,1,40,11,0,11,0.024390243902439025,0.21052631578947367,0.0,0.05789473684210526,68,6,62,22,0,22,0.08823529411764706,0.3263157894736842,0.0,0.11578947368421053,3.9771138965962782,45,0,45,0.0,0.23684210526315788,3.7626822398956405,57,0,57,0.0,0.3,3.0930765660734374,94,3,91,0.031914893617021274,0.4789473684210526,2.935264498143128,106,6,100,0.05660377358490566,0.5263157894736842,1.331987
t_cl,t_cl,250,80,0.6,20,79,163,8,155,92,2,90,0.049079754601226995,0.8157894736842105,0.021739130434782608,0.47368421052631576,185,24,161,106,2,104,0.12972972972972974,0.8473684210526315,0.018867924528301886,0.5473684210526316,3.6614652942803643,161,2,159,0.012422360248447204,0.8368421052631579,3.4872840697497596,166,2,164,0.012048192771084338,0.8631578947368421,3.05279957620818,185,7,178,0.03783783783783784,0.9368421052631579,2.8615173321077445,205,23,182,0.11219512195121951,0.9578947368421052,1.103754
t_cl,t_cl,250,80,0.6,20,80,120,5,115,62,0,62,0.041666666666666664,0.6052631578947368,0.0,0.3263157894736842,160,18,142,73,0,73,0.1125,0.7473684210526316,0.0,0.38421052631578945,3.701713993638191,136,0,136,0.0,0.7157894736842105,3.5272618463638263,143,0,143,0.0,0.7526315789473684,3.076422450634038,160,5,155,0.03125,0.8157894736842105,2.8808902310542757,171,10,161,0.05847953216374269,0.8473684210526315,1.193095
t_cl,t_cl,250,80,0.6,20,81,121,7,114,47,1,46,0.05785123966942149,0.6,0.02127659574468085,0.24210526315789474,165,23,142,61,1,60,0.1393939393939394,0.7473684210526316,0.01639344262295082,0.3157894736842105,3.72578980897284,127,1,126,0.007874015748031496,0.6631578947368421,3.5781273352208753,139,2,137,0.014388489208633094,0.7210526315789474,2.9972861775374535,159,8,151,0.050314465408805034,0.7947368421052632,2.798111185857203,181,21,160,0.11602209944751381,0.8421052631578947,1.11171
t_cl,t_cl,250,80,0.6,20,82,173,13,160,126,2,124,0.07514450867052024,0.8421052631578947,0.015873015873015872,0.6526315789473685,195,26,169,144,3,141,0.13333333333333333,0.8894736842105263,0.020833333333333332,0.7421052631578947,3.682644675065739,168,2,166,0.011904761904761904,0.8736842105263158,3.5010469076409008,170,2,168,0.011764705882352941,0.8842105263157894,3.0648174554515037,187,8,179,0.0427807486631016,0.9421052631578948,2.8067124665352745,204,19,185,0.09313725490196079,0.9736842105263158,1.334223
t_cl,t_cl,250,80,0.6,20,83,193,10,183,166,2,164,0.05181347150259067,0.9631578947368421,0.012048192771084338,0.8631578947368421,211,26,185,171,3,168,0.12322274881516587,0.9736842105263158,0.017543859649122806,0.8842105263157894,3.848178014377132,184,0,184,0.0,0.968421052631579,3.4725254413928397,186,1,185,0.005376344086021506,0.9736842105263158,3.0122758911956917,194,7,187,0.03608247422680412,0.9842105263157894,2.7834206570240703,207,20,187,0.0966183574879227,0.9842105263157894,1.264088
t_cl,t_cl,250,80,0.6,20,84,168,8,160,129,0,129,0.047619047619047616,0.8421052631578947,0.0,0.6789473684210526,190,19,171,139,0,139,0.1,0.9,0.0,0.7315789473684211,3.6725700307668188,168,0,168,0.0,0.8842105263157894,3.4692656550464975,171,0,171,0.0,0.9,3.0249521705445575,182,6,176,0.03296703296703297,0.9263157894736842,2.826010982944573,193,16,177,0.08290155440414508,0.9315789473684211,1.102739
t_cl,t_cl,250,80,0.6,20,85,196,14,182,166,3,163,0.07142857142857142,0.9578947368421052,0.018072289156626505,0.8578947368421053,215,32,183,172,3,169,0.14883720930232558,0.9631578947368421,0.01744186046511628,0.8894736842105263,3.7165057123053087,182,0,182,0.0,0.9578947368421052,3.443574353925841,188,1,187,0.005319148936170213,0.9842105263157894,3.041745915832073,196,7,189,0.03571428571428571,0.9947368421052631,2.838854939102106,208,19,189,0.09134615384615384,0.9947368421052631,1.208135
t_cl,t_cl,250,80,0.6,20,86,174,15,159,123,1,122,0.08620689655172414,0.8368421052631579,0.008130081300813009,0.6421052631578947,199,31,168,138,3,135,0.15577889447236182,0.8842105263157894,0.021739130434782608,0.7105263157894737,3.666698743205103,167,0,167,0.0,0.8789473684210526,3.5015722322379217,172,0,172,0.0,0.9052631578947369,2.961527821802919,198,12,186,0.06060606060606061,0.9789473684210527,2.796763187197471,213,25,188,0.11737089201877934,0.9894736842105263,1.139078
t_cl,t_cl,250,80,0.6,20,87,115,4,111,70,2,68,0.034782608695652174,0.5842105263157895,0.02857142857142857,0.35789473684210527,137,10,127,83,3,80,0.072992700729927,0.6684210526315789,0.03614457831325301,0.42105263157894735,3.7322882713207637,119,2,117,0.01680672268907563,0.6157894736842106,3.529629968035321,131,2,129,0.015267175572519083,0.6789473684210526,3.011646219258094,155,5,150,0.03225806451612903,0.7894736842105263,2.8437049872026994,166,10,156,0.060240963855421686,0.8210526315789474,1.247352
t_cl,t_cl,250,80,0.6,20,88,103,8,95,32,0,32,0.07766990291262135,0.5,0.0,0.16842105263157894,129,19,110,40,0,40,0.14728682170542637,0.5789473684210527,0.0,0.21052631578947367,3.8223645602267013,95,0,95,0.0,0.5,3.6469615576933103,100,0,100,0.0,0.5263157894736842,3.0019680362903656,132,6,126,0.045454545454545456,0.6631578947368421,2.8211064503491854,160,20,140,0.125,0.7368421052631579,1.175692
t_cl,t_cl,250,80,0.6,20,89,94,5,89,28,1,27,0.05319148936170213,0.46842105263157896,0.03571428571428571,0.14210526315789473,116,10,106,41,1,40,0.08620689655172414,0.5578947368421052,0.024390243902439025,0.21052631578947367,3.8271878671377033,83,1,82,0.012048192771084338,0.43157894736842106,3.723138606874697,87,2,85,0.022988505747126436,0.4473684210526316,3.060330577915663,116,5,111,0.04310344827586207,0.5842105263157895,2.899970861387026,132,10,122,0.07575757575757576,0.6421052631578947,1.108907
t_cl,t_cl,250,80,0.6,20,90,95,1,94,38,0,38,0.010526315789473684,0.49473684210526314,0.0,0.2,129,7,122,52,1,51,0.05426356589147287,0.6421052631578947,0.019230769230769232,0.26842105263157895,3.753022995429436,115,0,115,0.0,0.6052631578947368,3.560713922851076,120,0,120,0.0,0.631578947368421,3.07142028468608,144,1,143,0.006944444444444444,0.7526315789473684,2.8950691690576686,153,7,146,0.0457516339869281,0.7684210526315789,1.204476
t_cl,t_cl,250,80,0.6,20,91,165,7,158,117,0,117,0.04242424242424243,0.8315789473684211,0.0,0.6157894736842106,181,19,162,133,3,130,0.10497237569060773,0.8526315789473684,0.022556390977443608,0.6842105263157895,3.6652079571450575,162,0,162,0.0,0.8526315789473684,3.4678141167189045,165,0,165,0.0,0.868421052631579,2.9840274644213665,182,5,177,0.027472527472527472,0.9315789473684211,2.8087483006663607,195,14,181,0.07179487179487179,0.9526315789473684,1.387986
t_cl,t_cl,250,80,0.6,20,92,179,18,161,109,3,106,0.1005586592178771,0.8473684210526315,0.027522935779816515,0.5578947368421052,201,32,169,133,4,129,0.15920398009950248,0.8894736842105263,0.03007518796992481,0.6789473684210526,3.6439573746929512,173,1,172,0.005780346820809248,0.9052631578947369,3.4608534379338756,179,3,176,0.01675977653631285,0.9263157894736842,2.9889871461711346,198,17,181,0.08585858585858586,0.9526315789473684,2.823762134015202,211,28,183,0.13270142180094788,0.9631578947368421,1.187885
t_cl,t_cl,250,80,0.6,20,93,158,3,155,94,0,94,0.0189873417721519,0.8157894736842105,0.0,0.49473684210526314,178,10,168,110,0,110,0.056179775280898875,0.8842105263157894,0.0,0.5789473684210527,3.6658526948076253,165,0,165,0.0,0.868421052631579,3.471444737522843,170,0,170,0.0,0.8947368421052632,2.9680738917039866,183,2,181,0.01092896174863388,0.9526315789473684,2.7783346493695125,193,9,184,0.046632124352331605,0.968421052631579,1.186973
t_cl,t_cl,250,80,0.6,20,94,114,8,106,43,2,41,0.07017543859649122,0.5578947368421052,0.046511627906976744,0.21578947368421053,158,23,135,58,2,56,0.14556962025316456,0.7105263157894737,0.034482758620689655,0.29473684210526313,3.7480941620080284,113,1,112,0.008849557522123894,0.5894736842105263,3.523319808845405,134,2,132,0.014925373134328358,0.6947368421052632,2.9777937620860713,160,7,153,0.04375,0.8052631578947368,2.7915972378804264,180,21,159,0.11666666666666667,0.8368421052631579,1.118792
t_cl,t_cl,250,80,0.6,20,95,133,5,128,80,0,80,0.03759398496240601,0.6736842105263158,0.0,0.42105263157894735,156,16,140,96,0,96,0.10256410256410256,0.7368421052631579,0.0,0.5052631578947369,3.7078271536844376,133,0,133,0.0,0.7,3.524637024575686,141,0,141,0.0,0.7421052631578947,3.04126189856864,167,6,161,0.03592814371257485,0.8473684210526315,2.9016150292875413,178,15,163,0.08426966292134831,0.8578947368421053,1.292275
t_cl,t_cl,250,80,0.6,20,96,142,9,133,81,0,81,0.06338028169014084,0.7,0.0,0.4263157894736842,165,16,149,96,2,94,0.09696969696969697,0.7842105263157895,0.020833333333333332,0.49473684210526314,3.7294956010378315,140,0,140,0.0,0.7368421052631579,3.5256936365210754,152,0,152,0.0,0.8,3.040035718053116,172,8,164,0.046511627906976744,0.8631578947368421,2.860951139293531,185,16,169,0.08648648648648649,0.8894736842105263,1.169905
t_cl,t_cl,250,80,0.6,20,97,169,9,160,122,0,122,0.05325443786982249,0.8421052631578947,0.0,0.6421052631578947,202,28,174,133,3,130,0.13861386138613863,0.9157894736842105,0.022556390977443608,0.6842105263157895,3.6524337946960257,170,0,170,0.0,0.8947368421052632,3.557088561661869,175,0,175,0.0,0.9210526315789473,3.03415846451874,188,8,180,0.0425531914893617,0.9473684210526315,2.8369055924732574,206,23,183,0.11165048543689321,0.9631578947368421,1.137717
t_cl,t_cl,250,80,0.6,20,98,161,5,156,109,0,109,0.031055900621118012,0.8210526315789474,0.0,0.5736842105263158,184,19,165,125,0,125,0.10326086956521739,0.868421052631579,0.0,0.6578947368421053,3.661771853881739,169,0,169,0.0,0.8894736842105263,3.4615450103587766,176,0,176,0.0,0.9263157894736842,3.0335151085821925,189,5,184,0.026455026455026454,0.968421052631579,2.8913597971574028,197,13,184,0.06598984771573604,0.968421052631579,1.193242
t_cl,t_cl,250,80,0.6,20,99,121,4,117,53,1,52,0.03305785123966942,0.6157894736842106,0.018867924528301886,0.2736842105263158,141,17,124,68,1,67,0.12056737588652482,0.6526315789473685,0.014705882352941176,0.3526315789473684,3.7796882025665144,111,1,110,0.009009009009009009,0.5789473684210527,3.5455244004442883,123,1,122,0.008130081300813009,0.6421052631578947,3.0260861696673196,147,4,143,0.027210884353741496,0.7526315789473684,2.8554742518589302,158,10,148,0.06329113924050633,0.7789473684210526,1.285565
t_cl,t_cl,250,80,0.6,20,100,112,5,107,50,0,50,0.044642857142857144,0.5631578947368421,0.0,0.2631578947368421,134,13,121,62,0,62,0.09701492537313433,0.6368421052631579,0.0,0.3263157894736842,3.749634893248408,117,0,117,0.0,0.6157894736842106,3.564318113522447,129,0,129,0.0,0.6789473684210526,3.0163068537982944,156,4,152,0.02564102564102564,0.8,2.844304342257995,168,11,157,0.06547619047619048,0.8263157894736842,1.242719
t_cl,t_cl,250,80,0.6,20,101,142,15,127,67,0,67,0.1056338028169014,0.6684210526315789,0.0,0.3526315789473684,168,24,144,94,1,93,0.14285714285714285,0.7578947368421053,0.010638297872340425,0.48947368421052634,3.6760547535216395,149,0,149,0.0,0.7842105263157895,3.5068195587369444,158,1,157,0.006329113924050633,0.8263157894736842,3.0110604349890204,187,16,171,0.0855614973262032,0.9,2.836201398770686,199,25,174,0.12562814070351758,0.9157894736842105,1.207453
t_cl,t_cl,250,80,0.6,20,102,147,8,139,69,0,69,0.05442176870748299,0.7315789473684211,0.0,0.3631578947368421,184,28,156,88,0,88,0.15217391304347827,0.8210526315789474,0.0,0.4631578947368421,3.693838348612821,146,0,146,0.0,0.7684210526315789,3.520568867448598,151,0,151,0.0,0.7947368421052632,2.997932653881481,166,6,160,0.03614457831325301,0.8421052631578947,2.805065711411714,189,22,167,0.1164021164021164,0.8789473684210526,1.095618
t_cl,t_cl,250,80,0.6,20,103,143,13,130,85,0,85,0.09090909090909091,0.6842105263157895,0.0,0.4473684210526316,169,25,144,95,1,94,0.14792899408284024,0.7578947368421053,0.010526315789473684,0.49473684210526314,3.6999583025184957,141,0,141,0.0,0.7421052631578947,3.499138585869272,149,0,149,0.0,0.7842105263157895,3.0598130072671377,170,11,159,0.06470588235294118,0.8368421052631579,2.8761755352277,184,18,166,0.09782608695652174,0.8736842105263158,1.162288
t_cl,t_cl,250,80,0.6,20,104,153,9,144,102,1,101,0.058823529411764705,0.7578947368421053,0.00980392156862745,0.531578947368421,177,20,157,117,1,116,0.11299435028248588,0.8263157894736842,0.008547008547008548,0.6105263157894737,3.6594677013682837,160,1,159,0.00625,0.8368421052631579,3.51855366781532,165,1,164,0.006060606060606061,0.8631578947368421,3.1317131060329757,176,7,169,0.03977272727272727,0.8894736842105263,2.899568551209348,189,16,173,0.08465608465608465,0.9105263157894737,1.198558
t_cl,t_cl,250,80,0.6,20,105,168,6,162,126,2,124,0.03571428571428571,0.8526315789473684,0.015873015873015872,0.6526315789473685,184,16,168,133,2,131,0.08695652173913043,0.8842105263157894,0.015037593984962405,0.6894736842105263,3.6579241512521605,172,0,172,0.0,0.9052631578947369,3.474693598963665,177,2,175,0.011299435028248588,0.9210526315789473,3.122733944237778,187,4,183,0.0213903743315508,0.9631578947368421,2.8715649432590813,196,10,186,0.05102040816326531,0.9789473684210527,1.20918
t_cl,t_cl,250,80,0.6,20,106,120,8,112,64,1,63,0.06666666666666667,0.5894736842105263,0.015625,0.33157894736842103,147,19,128,78,1,77,0.1292517006802721,0.6736842105263158,0.01282051282051282,0.4052631578947368,3.7400968921212483,126,1,125,0.007936507936507936,0.6578947368421053,3.543117935256849,135,2,133,0.014814814814814815,0.7,3.110902238088846,161,6,155,0.037267080745341616,0.8157894736842105,2.9013965546323512,178,13,165,0.07303370786516854,0.868421052631579,1.231059
t_cl,t_cl,250,80,0.6,20,107,97,5,92,42,2,40,0.05154639175257732,0.4842105263157895,0.047619047619047616,0.21052631578947367,129,16,113,55,2,53,0.12403100775193798,0.5947368421052631,0.03636363636363636,0.2789473684210526,3.8114778492834733,87,1,86,0.011494252873563218,0.45263157894736844,3.6078795128201495,101,3,98,0.0297029702970297,0.5157894736842106,3.0312801913720384,133,5,128,0.03759398496240601,0.6736842105263158,2.8141264824974237,153,15,138,0.09803921568627451,0.7263157894736842,1.094966
t_cl,t_cl,250,80,0.6,20,108,85,3,82,34,0,34,0.03529411764705882,0.43157894736842106,0.0,0.17894736842105263,115,10,105,45,0,45,0.08695652173913043,0.5526315789473685,0.0,0.23684210526315788,3.8658161041972883,87,0,87,0.0,0.45789473684210524,3.606192702656436,103,0,103,0.0,0.5421052631578948,3.0318721888270606,129,3,126,0.023255813953488372,0.6631578947368421,2.88903007562349,144,9,135,0.0625,0.7105263157894737,1.421015
t_cl,t_cl,250,80,0.6,20,109,178,12,166,120,0,120,0.06741573033707865,0.8736842105263158,0.0,0.631578947368421,198,24,174,141,2,139,0.12121212121212122,0.9157894736842105,0.014184397163120567,0.7315789473684211,3.6410022533727777,177,0,177,0.0,0.9315789473684211,3.4519669989162725,182,1,181,0.005494505494505495,0.9526315789473684,3.0346515864637427,197,12,185,0.06091370558375635,0.9736842105263158,2.856332437590969,204,18,186,0.08823529411764706,0.9789473684210527,1.104925
t_cl,t_cl,250,80,0.6,20,110,196,9,187,183,1,182,0.04591836734693878,0.9842105263157894,0.00546448087431694,0.9578947368421052,203,16,187,184,2,182,0.07881773399014778,0.9842105263157894,0.010869565217391304,0.9578947368421052,3.649949551793524,189,0,189,0.0,0.9947368421052631,3.429155868505983,190,1,189,0.005263157894736842,0.9947368421052631,3.110346865520212,193,3,190,0.015544041450777202,1.0,2.88670395295231,201,11,190,0.05472636815920398,1.0,1.265685
t_cl,t_cl,250,80,0.6,20,111,175,13,162,116,2,114,0.07428571428571429,0.8526315789473684,0.017241379310344827,0.6,190,23,167,127,3,124,0.12105263157894737,0.8789473684210526,0.023622047244094488,0.6526315789473685,3.7063630606484117,170,1,169,0.0058823529411764705,0.8894736842105263,3.5269687162722283,175,2,173,0.011428571428571429,0.9105263157894737,3.0246182690031613,194,12,182,0.061855670103092786,0.9578947368421052,2.8304156251611756,202,19,183,0.09405940594059406,0.9631578947368421,1.165389
t_cl,t_cl,250,80,0.6,20,112,111,9,102,62,0,62,0.08108108108108109,0.5368421052631579,0.0,0.3263157894736842,131,18,113,75,1,74,0.13740458015267176,0.5947368421052631,0.013333333333333334,0.3894736842105263,3.7588644474931896,110,1,109,0.00909090909090909,0.5736842105263158,3.5492116024990352,121,1,120,0.008264462809917356,0.631578947368421,3.0271415558435764,152,7,145,0.046052631578947366,0.7631578947368421,2.8544208294997,164,17,147,0.10365853658536585,0.7736842105263158,1.164147
t_cl,t_cl,250,80,0.6,20,113,101,6,95,39,0,39,0.0594059405940594,0.5,0.0,0.20526315789473684,139,17,122,50,1,49,0.1223021582733813,0.6421052631578947,0.02,0.2578947368421053,3.755792005347819,110,0,110,0.0,0.5789473684210527,3.5643353818581835,120,0,120,0.0,0.631578947368421,3.042562725406231,149,6,143,0.040268456375838924,0.7526315789473684,2.8376766962212145,168,15,153,0.08928571428571429,0.8052631578947368,1.166443
t_cl,t_cl,250,80,0.6,20,114,113,5,108,61,0,61,0.04424778761061947,0.5684210526315789,0.0,0.32105263157894737,142,16,126,78,0,78,0.11267605633802817,0.6631578947368421,0.0,0.4105263157894737,3.732810284324824,118,0,118,0.0,0.6210526315789474,3.5997492863329894,122,0,122,0.0,0.6421052631578947,3.038701584897772,148,5,143,0.033783783783783786,0.7526315789473684,2.867457918734918,161,13,148,0.08074534161490683,0.7789473684210526,1.098292
t_cl,t_cl,250,80,0.6,20,115,45,5,40,18,0,18,0.1111111111111111,0.21052631578947367,0.0,0.09473684210526316,72,9,63,24,0,24,0.125,0.33157894736842103,0.0,0.12631578947368421,3.981149855776505,43,0,43,0.0,0.22631578947368422,3.771740641242164,52,0,52,0.0,0.2736842105263158,3.07820286723506,86,5,81,0.05813953488372093,0.4263157894736842,2.8929871445773148,102,9,93,0.08823529411764706,0.48947368421052634,1.283625
t_cl,t_cl,250,80,0.6,20,116,153,5,148,106,0,106,0.032679738562091505,0.7789473684210526,0.0,0.5578947368421052,174,12,162,116,1,115,0.06896551724137931,0.8526315789473684,0.008620689655172414,0.6052631578947368,3.6747834438242504,165,0,165,0.0,0.868421052631579,3.471552220962246,169,0,169,0.0,0.8894736842105263,3.0698952374736046,185,3,182,0.016216216216216217,0.9578947368421052,2.920102949069998,193,9,184,0.046632124352331605,0.968421052631579,1.191569
t_cl,t_cl,250,80,0.6,20,117,167,10,157,97,0,97,0.059880239520958084,0.8263157894736842,0.0,0.5105263157894737,191,29,162,117,1,116,0.1518324607329843,0.8526315789473684,0.008547008547008548,0.6105263157894737,3.742402669635366,158,0,158,0.0,0.8315789473684211,3.742402669635366,158,0,158,0.0,0.8315789473684211,2.9500789478192253,176,10,166,0.056818181818181816,0.8736842105263158,2.7819093750568578,188,19,169,0.10106382978723404,0.8894736842105263,1.233355
t_cl,t_cl,250,80,0.6,20,118,112,7,105,44,1,43,0.0625,0.5526315789473685,0.022727272727272728,0.22631578947368422,143,16,127,65,1,64,0.11188811188811189,0.6684210526315789,0.015384615384615385,0.3368421052631579,3.7392528782992867,118,0,118,0.0,0.6210526315789474,3.539966199272044,128,1,127,0.0078125,0.6684210526315789,3.0700857006023714,152,6,146,0.039473684210526314,0.7684210526315789,2.884772978627516,158,10,148,0.06329113924050633,0.7789473684210526,1.181094
t_cl,t_cl,250,80,0.6,20,119,131,4,127,83,0,83,0.030534351145038167,0.6684210526315789,0.0,0.4368421052631579,152,14,138,99,0,99,0.09210526315789473,0.7263157894736842,0.0,0.5210526315789473,3.715006582550153,129,0,129,0.0,0.6789473684210526,3.5896624904341037,136,1,135,0.007352941176470588,0.7105263157894737,2.9833831118219436,164,5,159,0.03048780487804878,0.8368421052631579,2.8219059874640506,173,11,162,0.06358381502890173,0.8526315789473684,1.109144
t_cl,t_cl,250,80,0.6,20,120,181,5,176,149,0,149,0.027624309392265192,0.9263157894736842,0.0,0.7842105263157895,193,12,181,154,0,154,0.06217616580310881,0.9526315789473684,0.0,0.8105263157894737,3.642063914912021,184,0,184,0.0,0.968421052631579,3.642063914912021,184,0,184,0.0,0.968421052631579,3.0783445825598608,189,2,187,0.010582010582010581,0.9842105263157894,2.850337747340827,197,8,189,0.04060913705583756,0.9947368421052631,1.279429
t_cl,t_cl,250,80,0.6,20,121,139,11,128,81,0,81,0.07913669064748201,0.6736842105263158,0.0,0.4263157894736842,166,22,144,101,4,97,0.13253012048192772,0.7578947368421053,0.039603960396039604,0.5105263157894737,3.68171563568105,145,0,145,0.0,0.7631578947368421,3.5130618887167877,152,0,152,0.0,0.8,3.012146492516225,174,8,166,0.04597701149425287,0.8736842105263158,2.8344226931816285,189,21,168,0.1111111111111111,0.8842105263157894,1.223509
t_cl,t_cl,250,80,0.6,20,122,136,3,133,92,0,92,0.022058823529411766,0.7,0.0,0.4842105263157895,165,14,151,110,1,109,0.08484848484848485,0.7947368421052632,0.00909090909090909,0.5736842105263158,3.693953754586249,152,0,152,0.0,0.8,3.4820738615822697,161,0,161,0.0,0.8473684210526315,3.1043194707202635,174,3,171,0.017241379310344827,0.9,2.9192318761529883,185,8,177,0.043243243243243246,0.9315789473684211,1.113918
t_cl,t_cl,250,80,0.6,20,123,142,12,130,82,0,82,0.08450704225352113,0.6842105263157895,0.0,0.43157894736842106,172,26,146,105,0,105,0.1511627906976744,0.7684210526315789,0.0,0.5526315789473685,3.7095156115363133,132,0,132,0.0,0.6947368421052632,3.552423526078866,138,0,138,0.0,0.7263157894736842,2.9379891087238192,173,10,163,0.057803468208092484,0.8578947368421053,2.765133753884347,191,25,166,0.13089005235602094,0.8736842105263158,1.165235
t_cl,t_cl,250,80,0.6,20,124,184,12,172,124,0,124,0.06521739130434782,0.9052631578947369,0.0,0.6526315789473685,202,25,177,143,1,142,0.12376237623762376,0.9315789473684211,0.006993006993006993,0.7473684210526316,3.6787127681005565,179,0,179,0.0,0.9421052631578948,3.5370853806967393,182,0,182,0.0,0.9578947368421052,3.018864719014081,199,10,189,0.05025125628140704,0.9947368421052631,2.8423860958371505,210,21,189,0.1,0.9947368421052631,1.125255
t_cl,t_cl,250,80,0.6,20,125,156,9,147,108,1,107,0.057692307692307696,0.7736842105263158,0.009259259259259259,0.5631578947368421,188,28,160,120,2,118,0.14893617021276595,0.8421052631578947,0.016666666666666666,0.6210526315789474,3.6628209949644384,159,0,159,0.0,0.8368421052631579,3.4686925423727533,166,1,165,0.006024096385542169,0.868421052631579,2.9784030736078773,185,9,176,0.04864864864864865,0.9263157894736842,2.7837801719205255,202,22,180,0.10891089108910891,0.9473684210526315,1.511222
t_cl,t_cl,250,80,0.6,20,126,186,15,171,150,3,147,0.08064516129032258,0.9,0.02,0.7736842105263158,202,27,175,157,4,153,0.13366336633663367,0.9210526315789473,0.025477707006369428,0.8052631578947368,3.668933407878782,176,1,175,0.005681818181818182,0.9210526315789473,3.456194033099628,182,3,179,0.016483516483516484,0.9421052631578948,3.006957597846433,193,7,186,0.03626943005181347,0.9789473684210527,2.7919669141212484,212,23,189,0.10849056603773585,0.9947368421052631,1.105064
t_cl,t_cl,250,80,0.6,20,127,118,7,111,47,0,47,0.059322033898305086,0.5842105263157895,0.0,0.24736842105263157,146,16,130,54,0,54,0.1095890410958904,0.6842105263157895,0.0,0.28421052631578947,3.7137911212040304,128,0,128,0.0,0.6736842105263158,3.5175965609098667,136,0,136,0.0,0.7157894736842105,3.059201352343519,155,7,148,0.04516129032258064,0.7789473684210526,2.9081622284968707,173,16,157,0.09248554913294797,0.8263157894736842,1.097028
t_cl,t_cl,250,80,0.6,20,128,171,11,160,101,1,100,0.06432748538011696,0.8421052631578947,0.009900990099009901,0.5263157894736842,193,23,170,122,2,120,0.11917098445595854,0.8947368421052632,0.01639344262295082,0.631578947368421,3.6418851334417024,171,2,169,0.011695906432748537,0.8894736842105263,3.5074067672687566,175,3,172,0.017142857142857144,0.9052631578947369,3.0320783524231514,188,7,181,0.03723404255319149,0.9526315789473684,2.8477364591357057,201,18,183,0.08955223880597014,0.9631578947368421,1.181245
t_cl,t_cl,250,80,0.6,20,129,126,9,117,62,0,62,0.07142857142857142,0.6157894736842106,0.0,0.3263157894736842,152,20,132,81,2,79,0.13157894736842105,0.6947368421052632,0.024691358024691357,0.41578947368421054,3.736213039528413,120,0,120,0.0,0.631578947368421,3.620715125638286,133,0,133,0.0,0.7,3.003053108983534,164,8,156,0.04878048780487805,0.8210526315789474,2.81374675627209,182,19,163,0.1043956043956044,0.8578947368421053,1.185166
t_cl,t_cl,250,80,0.6,20,130,169,13,156,123,3,120,0.07692307692307693,0.8210526315789474,0.024390243902439025,0.631578947368421,186,24,162,134,4,130,0.12903225806451613,0.8526315789473684,0.029850746268656716,0.6842105263157895,3.707115620176735,159,0,159,0.0,0.8368421052631579,3.4886148046633743,164,1,163,0.006097560975609756,0.8578947368421053,2.944583782788533,184,10,174,0.05434782608695652,0.9157894736842105,2.767209489853686,202,22,180,0.10891089108910891,0.9473684210526315,1.312994
t_cl,t_cl,250,80,0.6,20,131,171,15,156,119,1,118,0.08771929824561403,0.8210526315789474,0.008403361344537815,0.6210526315789474,188,23,165,129,3,126,0.12234042553191489,0.868421052631579,0.023255813953488372,0.6631578947368421,3.6586757640473704,164,0,164,0.0,0.8631578947368421,3.4655597212799463,172,1,171,0.005813953488372093,0.9,2.990322788936873,190,11,179,0.05789473684210526,0.9421052631578948,2.8405178911895343,199,19,180,0.09547738693467336,0.9473684210526315,1.110593
t_cl,t_cl,250,80,0.6,20,132,191,16,175,148,1,147,0.08376963350785341,0.9210526315789473,0.006756756756756757,0.7736842105263158,217,37,180,158,5,153,0.17050691244239632,0.9473684210526315,0.03164556962025317,0.8052631578947368,3.634017088632093,182,0,182,0.0,0.9578947368421052,3.5354689388035117,183,0,183,0.0,0.9631578947368421,2.985339038828191,198,10,188,0.050505050505050504,0.9894736842105263,2.796364716236919,212,24,188,0.11320754716981132,0.9894736842105263,1.100538
t_cl,t_cl,250,80,0.6,20,133,56,6,50,5,1,4,0.10714285714285714,0.2631578947368421,0.2,0.021052631578947368,79,13,66,15,1,14,0.16455696202531644,0.3473684210526316,0.06666666666666667,0.07368421052631578,4.000309244284367,44,1,43,0.022727272727272728,0.22631578947368422,3.77134821293484,51,1,50,0.0196078431372549,0.2631578947368421,3.1880589662028656,79,4,75,0.05063291139240506,0.39473684210526316,2.9743050050233126,90,11,79,0.12222222222222222,0.41578947368421054,1.180314
t_cl,t_cl,250,80,0.6,20,134,161,6,155,119,0,119,0.037267080745341616,0.8157894736842105,0.0,0.6263157894736842,180,15,165,132,1,131,0.08333333333333333,0.868421052631579,0.007575757575757576,0.6894736842105263,3.7082574446974146,160,0,160,0.0,0.8421052631578947,3.4570291117961305,170,0,170,0.0,0.8947368421052632,3.0386872822875977,183,3,180,0.01639344262295082,0.9473684210526315,2.8537977184301293,190,8,182,0.042105263157894736,0.9578947368421052,1.41067
t_cl,t_cl,250,80,0.6,20,135,181,11,170,156,1,155,0.06077348066298342,0.8947368421052632,0.00641025641025641,0.8157894736842105,192,16,176,160,2,158,0.08333333333333333,0.9263157894736842,0.0125,0.8315789473684211,3.674758740511078,180,1,179,0.005555555555555556,0.9421052631578948,3.4946213162734154,183,1,182,0.00546448087431694,0.9578947368421052,3.182644414356307,191,4,187,0.020942408376963352,0.9842105263157894,2.854680406020125,200,13,187,0.065,0.9842105263157894,1.210535
t_cl,t_cl,250,80,0.6,20,136,139,8,131,69,0,69,0.05755395683453238,0.6894736842105263,0.0,0.3631578947368421,173,18,155,91,1,90,0.10404624277456648,0.8157894736842105,0.01098901098901099,0.47368421052631576,3.676056127574354,148,0,148,0.0,0.7789473684210526,3.5346330590065933,158,0,158,0.0,0.8315789473684211,3.0537578686056266,176,7,169,0.03977272727272727,0.8894736842105263,2.854068632672879,186,15,171,0.08064516129032258,0.9,1.118838
t_cl,t_cl,250,80,0.6,20,137,78,3,75,30,0,30,0.038461538461538464,0.39473684210526316,0.0,0.15789473684210525,103,11,92,40,0,40,0.10679611650485436,0.4842105263157895,0.0,0.21052631578947367,3.8565874631175516,72,0,72,0.0,0.37894736842105264,3.6824994433353804,78,0,78,0.0,0.4105263157894737,3.1571798739231074,108,1,107,0.009259259259259259,0.5631578947368421,2.9068137006150114,129,9,120,0.06976744186046512,0.631578947368421,1.10061
t_cl,t_cl,250,80,0.6,20,138,118,3,115,61,0,61,0.025423728813559324,0.6052631578947368,0.0,0.32105263157894737,142,12,130,73,0,73,0.08450704225352113,0.6842105263157895,0.0,0.38421052631578945,3.7607251164668662,112,0,112,0.0,0.5894736842105263,3.5531987397009286,123,0,123,0.0,0.6473684210526316,2.9826245542931114,150,3,147,0.02,0.7736842105263158,2.8167304172158856,168,10,158,0.05952380952380952,0.8315789473684211,1.32352
t_cl,t_cl,250,80,0.6,20,139,129,6,123,75,0,75,0.046511627906976744,0.6473684210526316,0.0,0.39473684210526316,154,19,135,86,0,86,0.12337662337662338,0.7105263157894737,0.0,0.45263157894736844,3.701335028192952,135,0,135,0.0,0.7105263157894737,3.532932118708172,140,0,140,0.0,0.7368421052631579,2.9982755987154843,161,5,156,0.031055900621118012,0.8210526315789474,2.81655820253011,179,15,164,0.08379888268156424,0.8631578947368421,1.185929
t_cl,t_cl,250,80,0.6,20,140,186,11,175,140,0,140,0.05913978494623656,0.9210526315789473,0.0,0.7368421052631579,204,24,180,151,2,149,0.11764705882352941,0.9473684210526315,0.013245033112582781,0.7842105263157895,3.6932579402910863,175,0,175,0.0,0.9210526315789473,3.476634934560402,178,0,178,0.0,0.9368421052631579,2.930808112905527,196,9,187,0.04591836734693878,0.9842105263157894,2.761917125271947,205,17,188,0.08292682926829269,0.9894736842105263,1.226887
t_cl,t_cl,250,80,0.6,20,141,137,13,124,55,1,54,0.0948905109489051,0.6526315789473685,0.01818181818181818,0.28421052631578947,154,18,136,67,1,66,0.11688311688311688,0.7157894736842105,0.014925373134328358,0.3473684210526316,3.7630411290326693,123,0,123,0.0,0.6473684210526316,3.5517333937987194,133,1,132,0.007518796992481203,0.6947368421052632,2.9771564155402626,159,10,149,0.06289308176100629,0.7842105263157895,2.8311792827479767,169,17,152,0.10059171597633136,0.8,1.124695
t_cl,t_cl,250,80,0.6,20,142,124,6,118,50,0,50,0.04838709677419355,0.6210526315789474,0.0,0.2631578947368421,140,12,128,72,1,71,0.08571428571428572,0.6736842105263158,0.013888888888888888,0.3736842105263158,3.7315886457793237,126,0,126,0.0,0.6631578947368421,3.5395170032211074,132,0,132,0.0,0.6947368421052632,3.0780858388238124,161,6,155,0.037267080745341616,0.8157894736842105,2.8880815593408964,171,12,159,0.07017543859649122,0.8368421052631579,1.143618
t_cl,t_cl,250,80,0.6,20,143,168,14,154,106,1,105,0.08333333333333333,0.8105263157894737,0.009433962264150943,0.5526315789473685,197,31,166,126,2,124,0.15736040609137056,0.8736842105263158,0.015873015873015872,0.6526315789473685,3.652601050172023,163,0,163,0.0,0.8578947368421053,3.4998400442362962,170,0,170,0.0,0.8947368421052632,3.02888092420474,193,11,182,0.05699481865284974,0.9578947368421052,2.801834391390898,208,25,183,0.1201923076923077,0.9631578947368421,1.486963
t_cl,t_cl,250,80,0.6,20,144,144,13,131,73,1,72,0.09027777777777778,0.6894736842105263,0.0136986301369863,0.37894736842105264,174,25,149,88,2,86,0.14367816091954022,0.7842105263157895,0.022727272727272728,0.45263157894736844,3.6905508541009957,145,1,144,0.006896551724137931,0.7578947368421053,3.4927637469428348,155,1,154,0.0064516129032258064,0.8105263157894737,2.945796126006814,186,14,172,0.07526881720430108,0.9052631578947369,2.7756907186040274,202,25,177,0.12376237623762376,0.9315789473684211,1.118563
t_cl,t_cl,250,80,0.6,20,145,164,11,153,107,0,107,0.06707317073170732,0.8052631578947368,0.0,0.5631578947368421,175,19,156,122,1,121,0.10857142857142857,0.8210526315789474,0.00819672131147541,0.6368421052631579,3.6787768715697986,156,1,155,0.00641025641025641,0.8157894736842105,3.4772886803623884,159,2,157,0.012578616352201259,0.8263157894736842,3.0595299239895573,178,7,171,0.03932584269662921,0.9,2.865575434301853,193,17,176,0.08808290155440414,0.9263157894736842,1.203678
t_cl,t_cl,250,80,0.6,20,146,191,10,181,171,3,168,0.05235602094240838,0.9526315789473684,0.017543859649122806,0.8842105263157894,211,26,185,180,5,175,0.12322274881516587,0.9736842105263158,0.027777777777777776,0.9210526315789473,3.622394420867499,188,2,186,0.010638297872340425,0.9789473684210527,3.44465868677597,189,3,186,0.015873015873015872,0.9789473684210527,3.116208917935096,199,9,190,0.04522613065326633,1.0,2.9046785830420245,202,12,190,0.0594059405940594,1.0,1.162161
t_cl,t_cl,250,80,0.6,20,147,147,7,140,95,0,95,0.047619047619047616,0.7368421052631579,0.0,0.5,174,18,156,104,1,103,0.10344827586206896,0.8210526315789474,0.009615384615384616,0.5421052631578948,3.6777317751800713,154,1,153,0.006493506493506494,0.8052631578947368,3.515321894918342,159,1,158,0.006289308176100629,0.8315789473684211,3.0896476005026567,172,4,168,0.023255813953488372,0.8842105263157894,2.867485343500585,181,9,172,0.049723756906077346,0.9052631578947369,1.174462
t_cl,t_cl,250,80,0.6,20,148,171,4,167,126,0,126,0.023391812865497075,0.8789473684210526,0.0,0.6631578947368421,193,18,175,139,0,139,0.09326424870466321,0.9210526315789473,0.0,0.7315789473684211,3.6468704912800742,171,0,171,0.0,0.9,3.6086598073374736,172,0,172,0.0,0.9052631578947369,3.0214036434402245,177,2,175,0.011299435028248588,0.9210526315789473,2.792002330567034,188,10,178,0.05319148936170213,0.9368421052631579,1.277673
t_cl,t_cl,250,80,0.6,20,149,152,9,143,95,1,94,0.05921052631578947,0.7526315789473684,0.010526315789473684,0.49473684210526314,176,17,159,109,1,108,0.09659090909090909,0.8368421052631579,0.009174311926605505,0.5684210526315789,3.674796207348454,157,0,157,0.0,0.8263157894736842,3.4902178165038515,163,0,163,0.0,0.8578947368421053,3.076039458349678,175,3,172,0.017142857142857144,0.9052631578947369,2.830544208805238,189,13,176,0.06878306878306878,0.9263157894736842,1.104032
t_cl,t_cl,250,80,0.6,20,150,188,9,179,158,1,157,0.047872340425531915,0.9421052631578948,0.006329113924050633,0.8263157894736842,201,19,182,162,2,160,0.0945273631840796,0.9578947368421052,0.012345679012345678,0.8421052631578947,3.6542521968903916,185,1,184,0.005405405405405406,0.968421052631579,3.487151001566304,188,1,187,0.005319148936170213,0.9842105263157894,3.1348832898739554,192,3,189,0.015625,0.9947368421052631,2.891755936357215,202,13,189,0.06435643564356436,0.9947368421052631,1.18405
t_cl,t_cl,250,80,0.6,20,151,208,18,190,191,2,189,0.08653846153846154,1.0,0.010471204188481676,0.9947368421052631,211,21,190,191,2,189,0.0995260663507109,1.0,0.010471204188481676,0.9947368421052631,4.760019684807151,190,0,190,0.0,1.0,4.760019684807151,190,0,190,0.0,1.0,5.6045856017220945,189,0,189,0.0,0.9947368421052631,4.760019684807151,190,0,190,0.0,1.0,1.324654
t_cl,t_cl,250,80,0.6,20,152,142,14,128,79,0,79,0.09859154929577464,0.6736842105263158,0.0,0.41578947368421054,165,21,144,93,1,92,0.12727272727272726,0.7578947368421053,0.010752688172043012,0.4842105263157895,3.7302783192363425,132,0,132,0.0,0.6947368421052632,3.5511311210224736,139,0,139,0.0,0.7315789473684211,2.950308691851078,172,14,158,0.08139534883720931,0.8315789473684211,2.7901374097145384,190,22,168,0.11578947368421053,0.8842105263157894,1.139531
t_cl,t_cl,250,80,0.6,20,153,133,9,124,61,1,60,0.06766917293233082,0.6526315789473685,0.01639344262295082,0.3157894736842105,168,21,147,74,1,73,0.125,0.7736842105263158,0.013513513513513514,0.38421052631578945,3.7131183492748034,140,1,139,0.007142857142857143,0.7315789473684211,3.516412385165243,156,1,155,0.00641025641025641,0.8157894736842105,3.0226851048290784,170,6,164,0.03529411764705882,0.8631578947368421,2.84417799141256,193,20,173,0.10362694300518134,0.9105263157894737,1.24976
t_cl,t_cl,250,80,0.6,20,154,99,10,89,35,1,34,0.10101010101010101,0.46842105263157896,0.02857142857142857,0.17894736842105263,124,20,104,42,1,41,0.16129032258064516,0.5473684210526316,0.023809523809523808,0.21578947368421053,3.7868057707006004,95,1,94,0.010526315789473684,0.49473684210526314,3.600724703886812,104,1,103,0.009615384615384616,0.5421052631578948,3.064372217741586,124,10,114,0.08064516129032258,0.6,2.8940378150550377,138,15,123,0.10869565217391304,0.6473684210526316,1.108344
t_cl,t_cl,250,80,0.6,20,155,142,9,133,83,0,83,0.06338028169014084,0.7,0.0,0.4368421052631579,173,27,146,91,0,91,0.15606936416184972,0.7684210526315789,0.0,0.4789473684210526,3.696459743394561,143,0,143,0.0,0.7526315789473684,3.6441859339731932,146,0,146,0.0,0.7684210526315789,2.9989055596647,175,9,166,0.05142857142857143,0.8736842105263158,2.8097281430979875,197,27,170,0.13705583756345177,0.8947368421052632,1.277239
t_cl,t_cl,250,80,0.6,20,156,98,8,90,41,1,40,0.08163265306122448,0.47368421052631576,0.024390243902439025,0.21052631578947367,131,20,111,54,1,53,0.15267175572519084,0.5842105263157895,0.018518518518518517,0.2789473684210526,3.781798104932013,102,1,101,0.00980392156862745,0.531578947368421,3.5925263057142,113,1,112,0.008849557522123894,0.5894736842105263,3.1114361304560143,143,9,134,0.06293706293706294,0.7052631578947368,2.894020705162633,165,22,143,0.13333333333333333,0.7526315789473684,1.135509
t_cl,t_cl,250,80,0.6,20,157,167,11,156,122,1,121,0.0658682634730539,0.8210526315789474,0.00819672131147541,0.6368421052631579,194,26,168,133,3,130,0.13402061855670103,0.8842105263157894,0.022556390977443608,0.6842105263157895,3.6580817463437225,166,1,165,0.006024096385542169,0.868421052631579,3.4621602557219084,173,2,171,0.011560693641618497,0.9,3.027535704015555,186,5,181,0.026881720430107527,0.9526315789473684,2.81057005307179,198,15,183,0.07575757575757576,0.9631578947368421,1.188099
t_cl,t_cl,250,80,0.6,20,158,145,7,138,86,0,86,0.04827586206896552,0.7263157894736842,0.0,0.45263157894736844,166,19,147,96,0,96,0.1144578313253012,0.7736842105263158,0.0,0.5052631578947369,3.6808378206560937,146,0,146,0.0,0.7684210526315789,3.534127126903131,155,0,155,0.0,0.8157894736842105,3.029045742187445,178,6,172,0.033707865168539325,0.9052631578947369,2.8610147601203604,192,17,175,0.08854166666666667,0.9210526315789473,1.174357
t_cl,t_cl,250,80,0.6,20,159,133,5,128,74,0,74,0.03759398496240601,0.6736842105263158,0.0,0.3894736842105263,165,16,149,95,0,95,0.09696969696969697,0.7842105263157895,0.0,0.5,3.6964189902540756,149,1,148,0.006711409395973154,0.7789473684210526,3.5265253429587227,158,1,157,0.006329113924050633,0.8263157894736842,3.0412437302184583,176,6,170,0.03409090909090909,0.8947368421052632,2.8534368420617913,187,14,173,0.0748663101604278,0.9105263157894737,1.148121
t_cl,t_cl,250,80,0.6,20,160,155,6,149,106,1,105,0.03870967741935484,0.7842105263157895,0.009433962264150943,0.5526315789473685,182,20,162,116,2,114,0.10989010989010989,0.8526315789473684,0.017241379310344827,0.6,3.664507490151397,161,1,160,0.006211180124223602,0.8421052631578947,3.4558266627474716,171,1,170,0.005847953216374269,0.8947368421052632,3.0811529184733115,182,6,176,0.03296703296703297,0.9263157894736842,2.832969305083664,203,20,183,0.09852216748768473,0.9631578947368421,1.384743
t_cl,t_cl,250,80,0.6,20,161,179,9,170,124,1,123,0.05027932960893855,0.8947368421052632,0.008064516129032258,0.6473684210526316,201,24,177,139,1,138,0.11940298507462686,0.9315789473684211,0.007194244604316547,0.7263157894736842,3.672405423367491,177,0,177,0.0,0.9315789473684211,3.4866217338525183,180,1,179,0.005555555555555556,0.9421052631578948,3.0376543935912164,191,6,185,0.031413612565445025,0.9736842105263158,2.8220516979601054,207,19,188,0.09178743961352658,0.9894736842105263,1.123702
t_cl,t_cl,250,80,0.6,20,162,109,5,104,56,1,55,0.045871559633027525,0.5473684210526316,0.017857142857142856,0.2894736842105263,135,14,121,73,1,72,0.1037037037037037,0.6368421052631579,0.0136986301369863,0.37894736842105264,3.749440564671242,111,0,111,0.0,0.5842105263157895,3.557844760507376,121,1,120,0.008264462809917356,0.631578947368421,3.0905518665681244,150,6,144,0.04,0.7578947368421053,2.897212178661946,165,14,151,0.08484848484848485,0.7947368421052632,1.210998
t_cl,t_cl,250,80,0.6,20,163,174,12,162,129,1,128,0.06896551724137931,0.8526315789473684,0.007751937984496124,0.6736842105263158,196,21,175,140,1,139,0.10714285714285714,0.9210526315789473,0.007142857142857143,0.7315789473684211,3.637601831726525,172,0,172,0.0,0.9052631578947369,3.529929345856142,178,0,178,0.0,0.9368421052631579,3.040559551346568,191,7,184,0.03664921465968586,0.968421052631579,2.8288890738697496,203,17,186,0.08374384236453201,0.9789473684210527,1.209461
t_cl,t_cl,250,80,0.6,20,164,194,13,181,165,0,165,0.06701030927835051,0.9526315789473684,0.0,0.868421052631579,210,27,183,174,0,174,0.12857142857142856,0.9631578947368421,0.0,0.9157894736842105,3.766651301593775,182,0,182,0.0,0.9578947368421052,3.4867933987506454,183,0,183,0.0,0.9631578947368421,3.0815070147877583,190,6,184,0.031578947368421054,0.968421052631579,2.834797625234572,201,16,185,0.07960199004975124,0.9736842105263158,1.183944
t_cl,t_cl,250,80,0.6,20,165,163,12,151,101,1,100,0.0736196319018405,0.7947368421052632,0.009900990099009901,0.5263157894736842,190,22,168,116,2,114,0.11578947368421053,0.8842105263157894,0.017241379310344827,0.6,3.6649533980833335,162,1,161,0.006172839506172839,0.8473684210526315,3.464959004607041,170,1,169,0.0058823529411764705,0.8894736842105263,2.980800345250878,188,11,177,0.05851063829787234,0.9315789473684211,2.7951616896858487,197,15,182,0.07614213197969544,0.9578947368421052,1.193778
t_cl,t_cl,250,80,0.6,20,166,138,9,129,80,1,79,0.06521739130434782,0.6789473684210526,0.0125,0.41578947368421054,168,22,146,96,1,95,0.13095238095238096,0.7684210526315789,0.010416666666666666,0.5,3.70167402638215,142,0,142,0.0,0.7473684210526316,3.493517105446142,155,1,154,0.0064516129032258064,0.8105263157894737,3.0240030389298753,178,9,169,0.05056179775280899,0.8894736842105263,2.8342607583631794,197,24,173,0.1218274111675127,0.9105263157894737,1.157916
t_cl,t_cl,250,80,0.6,20,167,138,11,127,70,1,69,0.07971014492753623,0.6684210526315789,0.014285714285714285,0.3631578947368421,167,22,145,91,2,89,0.1317365269461078,0.7631578947368421,0.02197802197802198,0.46842105263157896,3.707850647783045,133,0,133,0.0,0.7,3.518977216697928,145,1,144,0.006896551724137931,0.7578947368421053,2.979361746017264,168,8,160,0.047619047619047616,0.8421052631578947,2.7676618501203056,186,19,167,0.10215053763440861,0.8789473684210526,1.138209
t_cl,t_cl,250,80,0.6,20,168,152,10,142,84,0,84,0.06578947368421052,0.7473684210526316,0.0,0.4421052631578947,176,22,154,105,1,104,0.125,0.8105263157894737,0.009523809523809525,0.5473684210526316,3.6968806554618006,144,0,144,0.0,0.7578947368421053,3.4876967645510577,157,0,157,0.0,0.8263157894736842,2.9663778423465805,181,8,173,0.04419889502762431,0.9105263157894737,2.7827645892296062,199,20,179,0.10050251256281408,0.9421052631578948,1.387577
t_cl,t_cl,250,80,0.6,20,169,7,0,7,0,0,0,0.0,0.03684210526315789,0.0,0.0,17,0,17,0,0,0,0.0,0.08947368421052632,0.0,0.0,4.437191821666925,9,0,9,0.0,0.04736842105263158,4.092321111712332,15,0,15,0.0,0.07894736842105263,3.321863136501195,37,0,37,0.0,0.19473684210526315,3.119430568808405,50,1,49,0.02,0.2578947368421053,1.114398
t_cl,t_cl,250,80,0.6,20,170,166,10,156,126,0,126,0.060240963855421686,0.8210526315789474,0.0,0.6631578947368421,196,21,175,134,2,132,0.10714285714285714,0.9210526315789473,0.014925373134328358,0.6947368421052632,3.6480867517756317,180,0,180,0.0,0.9473684210526315,3.4527390722105626,183,0,183,0.0,0.9631578947368421,3.092646346977556,195,8,187,0.041025641025641026,0.9842105263157894,2.905859681732,202,15,187,0.07425742574257425,0.9842105263157894,1.205567
t_cl,t_cl,250,80,0.6,20,171,181,13,168,141,0,141,0.0718232044198895,0.8842105263157894,0.0,0.7421052631578947,192,20,172,151,2,149,0.10416666666666667,0.9052631578947369,0.013245033112582781,0.7842105263157895,3.6674134142075907,170,0,170,0.0,0.8947368421052632,3.4870340093231325,174,0,174,0.0,0.9157894736842105,3.0846780922439483,184,6,178,0.03260869565217391,0.9368421052631579,2.897198507757519,199,17,182,0.08542713567839195,0.9578947368421052,1.253437
t_cl,t_cl,250,80,0.6,20,172,139,7,132,88,0,88,0.050359712230215826,0.6947368421052632,0.0,0.4631578947368421,165,19,146,109,0,109,0.11515151515151516,0.7684210526315789,0.0,0.5736842105263158,3.6922562784000967,144,0,144,0.0,0.7578947368421053,3.5324290068886453,151,0,151,0.0,0.7947368421052632,3.017393647456536,176,7,169,0.03977272727272727,0.8894736842105263,2.848928345124422,185,14,171,0.07567567567567568,0.9,1.203414
t_cl,t_cl,250,80,0.6,20,173,181,17,164,120,0,120,0.09392265193370165,0.8631578947368421,0.0,0.631578947368421,197,28,169,133,1,132,0.14213197969543148,0.8894736842105263,0.007518796992481203,0.6947368421052632,3.8233382443850146,166,1,165,0.006024096385542169,0.868421052631579,3.5124425425657058,172,1,171,0.005813953488372093,0.9,2.956127584812212,197,15,182,0.07614213197969544,0.9578947368421052,2.777246713882101,212,26,186,0.12264150943396226,0.9789473684210527,1.155839
t_cl,t_cl,250,80,0.6,20,174,104,6,98,38,0,38,0.057692307692307696,0.5157894736842106,0.0,0.2,130,13,117,57,2,55,0.1,0.6157894736842106,0.03508771929824561,0.2894736842105263,3.8260999884138225,94,0,94,0.0,0.49473684210526314,3.6018670877029098,109,0,109,0.0,0.5736842105263158,2.995502001180361,136,5,131,0.03676470588235294,0.6894736842105263,2.811861978515545,152,13,139,0.08552631578947369,0.7315789473684211,1.103084
t_cl,t_cl,250,80,0.6,20,175,66,9,57,15,0,15,0.13636363636363635,0.3,0.0,0.07894736842105263,104,21,83,18,0,18,0.20192307692307693,0.4368421052631579,0.0,0.09473684210526316,3.9360226540054826,54,0,54,0.0,0.28421052631578947,3.715075118464076,66,0,66,0.0,0.3473684210526316,3.028975986795595,105,12,93,0.11428571428571428,0.48947368421052634,2.85813721487161,120,20,100,0.16666666666666666,0.5263157894736842,1.195844
t_cl,t_cl,250,80,0.6,20,176,104,7,97,47,0,47,0.0673076923076923,0.5105263157894737,0.0,0.24736842105263157,131,16,115,60,1,59,0.12213740458015267,0.6052631578947368,0.016666666666666666,0.3105263157894737,3.7329651269909783,119,1,118,0.008403361344537815,0.6210526315789474,3.5373897097142986,129,2,127,0.015503875968992248,0.6684210526315789,3.0657841759234805,156,9,147,0.057692307692307696,0.7736842105263158,2.906848518633057,168,17,151,0.10119047619047619,0.7947368421052632,1.246788
t_cl,t_cl,250,80,0.6,20,177,165,14,151,106,0,106,0.08484848484848485,0.7947368421052632,0.0,0.5578947368421052,193,26,167,126,1,125,0.13471502590673576,0.8789473684210526,0.007936507936507936,0.6578947368421053,3.6602797433188368,158,0,158,0.0,0.8315789473684211,3.497924625871652,167,1,166,0.005988023952095809,0.8736842105263158,2.99780413098767,190,13,177,0.06842105263157895,0.9315789473684211,2.8142495573209834,201,22,179,0.10945273631840796,0.9421052631578948,1.395973
t_cl,t_cl,250,80,0.6,20,178,116,4,112,60,0,60,0.034482758620689655,0.5894736842105263,0.0,0.3157894736842105,142,15,127,69,0,69,0.1056338028169014,0.6684210526315789,0.0,0.3631578947368421,3.7474563330902217,117,0,117,0.0,0.6157894736842106,3.5373472762671248,128,0,128,0.0,0.6736842105263158,3.028324563080511,149,3,146,0.020134228187919462,0.7684210526315789,2.811419848882862,172,17,155,0.09883720930232558,0.8157894736842105,1.118604
t_cl,t_cl,250,80,0.6,20,179,38,0,38,4,0,4,0.0,0.2,0.0,0.021052631578947368,66,7,59,9,0,9,0.10606060606060606,0.3105263157894737,0.0,0.04736842105263158,3.9536331228801727,50,2,48,0.04,0.25263157894736843,3.7253819899967495,62,2,60,0.03225806451612903,0.3157894736842105,3.132350455427806,89,4,85,0.0449438202247191,0.4473684210526316,2.941065277623253,105,8,97,0.0761904761904762,0.5105263157894737,1.117336
t_cl,t_cl,250,80,0.6,20,180,77,3,74,19,0,19,0.03896103896103896,0.3894736842105263,0.0,0.1,109,12,97,25,0,25,0.11009174311926606,0.5105263157894737,0.0,0.13157894736842105,3.905634121645398,78,0,78,0.0,0.4105263157894737,3.6297720303812877,89,0,89,0.0,0.46842105263157896,3.1099385728416356,127,3,124,0.023622047244094488,0.6526315789473685,2.9082463388572295,147,15,132,0.10204081632653061,0.6947368421052632,1.337953
t_cl,t_cl,250,80,0.6,20,181,183,10,173,146,1,145,0.0546448087431694,0.9105263157894737,0.00684931506849315,0.7631578947368421,197,22,175,157,3,154,0.1116751269035533,0.9210526315789473,0.01910828025477707,0.8105263157894737,3.7444722788413616,178,2,176,0.011235955056179775,0.9263157894736842,3.5083661994157214,181,2,179,0.011049723756906077,0.9421052631578948,3.0518195499787817,192,8,184,0.041666666666666664,0.968421052631579,2.8713387365427407,203,16,187,0.07881773399014778,0.9842105263157894,1.201926
t_cl,t_cl,250,80,0.6,20,182,95,8,87,29,0,29,0.08421052631578947,0.45789473684210524,0.0,0.15263157894736842,118,12,106,40,0,40,0.1016949152542373,0.5578947368421052,0.0,0.21052631578947367,3.788008372731831,97,0,97,0.0,0.5105263157894737,3.5759557632109003,112,0,112,0.0,0.5894736842105263,3.1038062937629585,144,8,136,0.05555555555555555,0.7157894736842105,2.922490842537187,155,14,141,0.09032258064516129,0.7421052631578947,1.166051
t_cl,t_cl,250,80,0.6,20,183,144,10,134,74,2,72,0.06944444444444445,0.7052631578947368,0.02702702702702703,0.37894736842105264,172,25,147,93,3,90,0.14534883720930233,0.7736842105263158,0.03225806451612903,0.47368421052631576,3.68963734905363,149,1,148,0.006711409395973154,0.7789473684210526,3.486248230528906,159,2,157,0.012578616352201259,0.8263157894736842,3.054728956118862,175,9,166,0.05142857142857143,0.8736842105263158,2.856979415444788,192,24,168,0.125,0.8842105263157894,1.102263
t_cl,t_cl,250,80,0.6,20,184,161,8,153,92,0,92,0.049689440993788817,0.8052631578947368,0.0,0.4842105263157895,178,17,161,120,2,118,0.09550561797752809,0.8473684210526315,0.016666666666666666,0.6210526315789474,3.7273375043571053,156,1,155,0.00641025641025641,0.8157894736842105,3.4976833273724486,167,1,166,0.005988023952095809,0.8736842105263158,3.017629034828013,178,7,171,0.03932584269662921,0.9,2.8295223436381822,188,13,175,0.06914893617021277,0.9210526315789473,1.09831
t_cl,t_cl,250,80,0.6,20,185,155,6,149,96,1,95,0.03870967741935484,0.7842105263157895,0.010416666666666666,0.5,175,15,160,118,3,115,0.08571428571428572,0.8421052631578947,0.025423728813559324,0.6052631578947368,3.7045200064178245,159,0,159,0.0,0.8368421052631579,3.527918659544043,162,1,161,0.006172839506172839,0.8473684210526315,3.037995598487599,176,4,172,0.022727272727272728,0.9052631578947369,2.8734212305422044,187,13,174,0.06951871657754011,0.9157894736842105,1.366747
t_cl,t_cl,250,80,0.6,20,186,127,9,118,67,0,67,0.07086614173228346,0.6210526315789474,0.0,0.3526315789473684,163,20,143,83,0,83,0.12269938650306748,0.7526315789473684,0.0,0.4368421052631579,3.6970296029215333,137,0,137,0.0,0.7210526315789474,3.5053505565695566,148,0,148,0.0,0.7789473684210526,3.0152461470017995,164,7,157,0.042682926829268296,0.8263157894736842,2.8220714224641834,181,20,161,0.11049723756906077,0.8473684210526315,1.252278
t_cl,t_cl,250,80,0.6,20,187,97,11,86,32,0,32,0.1134020618556701,0.45263157894736844,0.0,0.16842105263157894,114,14,100,42,0,42,0.12280701754385964,0.5263157894736842,0.0,0.22105263157894736,3.8031887039905468,98,3,95,0.030612244897959183,0.5,3.5675861664425197,115,3,112,0.02608695652173913,0.5894736842105263,3.0851672097027096,148,10,138,0.06756756756756757,0.7263157894736842,2.9497325024921355,156,12,144,0.07692307692307693,0.7578947368421053,1.249678
t_cl,t_cl,250,80,0.6,20,188,188,15,173,139,1,138,0.0797872340425532,0.9105263157894737,0.007194244604316547,0.7263157894736842,206,28,178,153,2,151,0.13592233009708737,0.9368421052631579,0.013071895424836602,0.7947368421052632,3.628626061969042,182,2,180,0.01098901098901099,0.9473684210526315,3.555011732419076,185,2,183,0.010810810810810811,0.9631578947368421,3.0623969822179147,193,7,186,0.03626943005181347,0.9789473684210527,2.8449494291280297,211,23,188,0.10900473933649289,0.9894736842105263,1.099727
t_cl,t_cl,250,80,0.6,20,189,159,7,152,118,2,116,0.0440251572327044,0.8,0.01694915254237288,0.6105263157894737,180,18,162,131,3,128,0.1,0.8526315789473684,0.022900763358778626,0.6736842105263158,3.653802844550181,165,0,165,0.0,0.868421052631579,3.460613639655085,170,2,168,0.011764705882352941,0.8842105263157894,3.0636497574817327,187,6,181,0.03208556149732621,0.9526315789473684,2.8509682069660824,197,14,183,0.07106598984771574,0.9631578947368421,1.257371
t_cl,t_cl,250,80,0.6,20,190,79,4,75,25,0,25,0.05063291139240506,0.39473684210526316,0.0,0.13157894736842105,100,7,93,36,0,36,0.07,0.48947368421052634,0.0,0.18947368421052632,3.880619200846531,81,0,81,0.0,0.4263157894736842,3.6449071538890974,90,0,90,0.0,0.47368421052631576,3.1150196131091614,118,4,114,0.03389830508474576,0.6,2.930703515208387,124,7,117,0.056451612903225805,0.6157894736842106,1.299483
t_cl,t_cl,250,80,0.6,20,191,154,3,151,90,0,90,0.01948051948051948,0.7947368421052632,0.0,0.47368421052631576,176,16,160,109,0,109,0.09090909090909091,0.8421052631578947,0.0,0.5736842105263158,3.698391497018618,158,0,158,0.0,0.8315789473684211,3.565315814227322,166,0,166,0.0,0.8736842105263158,3.072244729190499,176,3,173,0.017045454545454544,0.9105263157894737,2.875319051113383,188,11,177,0.05851063829787234,0.9315789473684211,1.15162
t_cl,t_cl,250,80,0.6,20,192,114,6,108,46,0,46,0.05263157894736842,0.5684210526315789,0.0,0.24210526315789474,140,16,124,53,0,53,0.11428571428571428,0.6526315789473685,0.0,0.2789473684210526,3.769940693386388,108,0,108,0.0,0.5684210526315789,3.5799135060872644,116,0,116,0.0,0.6105263157894737,3.0339001127987255,142,6,136,0.04225352112676056,0.7157894736842105,2.8540659543250504,158,15,143,0.0949367088607595,0.7526315789473684,1.181858
t_cl,t_cl,250,80,0.6,20,193,126,7,119,72,1,71,0.05555555555555555,0.6263157894736842,0.013888888888888888,0.3736842105263158,156,17,139,82,2,80,0.10897435897435898,0.7315789473684211,0.024390243902439025,0.42105263157894735,3.7042413564494137,136,0,136,0.0,0.7157894736842105,3.5152588279373016,144,1,143,0.006944444444444444,0.7526315789473684,3.039569934387916,163,6,157,0.03680981595092025,0.8263157894736842,2.8457223829722835,176,15,161,0.08522727272727272,0.8473684210526315,1.164735
t_cl,t_cl,250,80,0.6,20,194,68,8,60,11,0,11,0.11764705882352941,0.3157894736842105,0.0,0.05789473684210526,93,12,81,18,1,17,0.12903225806451613,0.4263157894736842,0.05555555555555555,0.08947368421052632,3.9647121375352037,51,0,51,0.0,0.26842105263157895,3.738623013500836,60,0,60,0.0,0.3157894736842105,3.1296084056890967,95,8,87,0.08421052631578947,0.45789473684210524,2.9298362936315527,114,12,102,0.10526315789473684,0.5368421052631579,1.390563
t_cl,t_cl,250,80,0.6,20,195,147,6,141,93,0,93,0.04081632653061224,0.7421052631578947,0.0,0.48947368421052634,174,17,157,109,0,109,0.09770114942528736,0.8263157894736842,0.0,0.5736842105263158,3.6650566052839424,154,0,154,0.0,0.8105263157894737,3.531914717944764,156,0,156,0.0,0.8210526315789474,3.0703370975739888,168,4,164,0.023809523809523808,0.8631578947368421,2.8726660535246373,183,14,169,0.07650273224043716,0.8894736842105263,1.25184
t_cl,t_cl,250,80,0.6,20,196,100,3,97,47,1,46,0.03,0.5105263157894737,0.02127659574468085,0.24210526315789474,119,8,111,64,1,63,0.06722689075630252,0.5842105263157895,0.015625,0.33157894736842103,3.7996669055030114,104,0,104,0.0,0.5473684210526316,3.600113710451964,117,1,116,0.008547008547008548,0.6105263157894737,3.0605806462341483,147,3,144,0.02040816326530612,0.7578947368421053,2.86902097274492,165,11,154,0.06666666666666667,0.8105263157894737,1.130843
t_cl,t_cl,250,80,0.6,20,197,156,9,147,101,0,101,0.057692307692307696,0.7736842105263158,0.0,0.531578947368421,175,18,157,110,0,110,0.10285714285714286,0.8263157894736842,0.0,0.5789473684210527,3.7037574424150597,156,0,156,0.0,0.8210526315789474,3.4825578752591113,166,0,166,0.0,0.8736842105263158,3.0543468203321127,180,6,174,0.03333333333333333,0.9157894736842105,2.8844981738730464,196,17,179,0.08673469387755102,0.9421052631578948,1.211647
t_cl,t_cl,250,80,0.6,20,198,117,6,111,55,1,54,0.05128205128205128,0.5842105263157895,0.01818181818181818,0.28421052631578947,144,18,126,67,1,66,0.125,0.6631578947368421,0.014925373134328358,0.3473684210526316,3.747229516365945,121,1,120,0.008264462809917356,0.631578947368421,3.581386857873103,127,1,126,0.007874015748031496,0.6631578947368421,3.019871979899423,145,6,139,0.041379310344827586,0.7315789473684211,2.8494249226829975,164,20,144,0.12195121951219512,0.7578947368421053,1.167933
t_cl,t_cl,250,80,0.6,20,199,130,8,122,69,1,68,0.06153846153846154,0.6421052631578947,0.014492753623188406,0.35789473684210527,154,16,138,78,2,76,0.1038961038961039,0.7263157894736842,0.02564102564102564,0.4,3.7365300957148,122,1,121,0.00819672131147541,0.6368421052631579,3.549773286982679,134,2,132,0.014925373134328358,0.6947368421052632,2.9994766609286243,167,8,159,0.04790419161676647,0.8368421052631579,2.799990391899316,177,12,165,0.06779661016949153,0.868421052631579,1.221274
t_cl,t_cl,250,80,0.6,20,200,66,2,64,27,0,27,0.030303030303030304,0.3368421052631579,0.0,0.14210526315789473,87,6,81,36,1,35,0.06896551724137931,0.4263157894736842,0.027777777777777776,0.18421052631578946,3.940481804143006,68,0,68,0.0,0.35789473684210527,3.68857795739947,74,1,73,0.013513513513513514,0.38421052631578945,3.088153242755161,112,3,109,0.026785714285714284,0.5736842105263158,2.907096208671466,123,7,116,0.056910569105691054,0.6105263157894737,1.207315
t_cl,t_cl,250,80,0.6,20,201,81,3,78,32,1,31,0.037037037037037035,0.4105263157894737,0.03125,0.1631578947368421,115,12,103,46,1,45,0.10434782608695652,0.5421052631578948,0.021739130434782608,0.23684210526315788,3.8338633477414974,86,0,86,0.0,0.45263157894736844,3.6077815314085835,97,1,96,0.010309278350515464,0.5052631578947369,3.098669690599765,129,6,123,0.046511627906976744,0.6473684210526316,2.9079534450956066,146,14,132,0.0958904109589041,0.6947368421052632,1.140875
t_cl,t_cl,250,80,0.6,20,202,148,12,136,89,2,87,0.08108108108108109,0.7157894736842105,0.02247191011235955,0.45789473684210524,177,24,153,106,4,102,0.13559322033898305,0.8052631578947368,0.03773584905660377,0.5368421052631579,3.6805621729102773,147,2,145,0.013605442176870748,0.7631578947368421,3.4687242607815096,164,5,159,0.03048780487804878,0.8368421052631579,3.00930314913788,183,11,172,0.060109289617486336,0.9052631578947369,2.8451119593679595,193,18,175,0.09326424870466321,0.9210526315789473,1.205139
t_cl,t_cl,250,80,0.6,20,203,194,9,185,156,0,156,0.04639175257731959,0.9736842105263158,0.0,0.8210526315789474,202,17,185,173,2,171,0.08415841584158416,0.9736842105263158,0.011560693641618497,0.9,3.8911060933330357,185,0,185,0.0,0.9736842105263158,3.8911060933330357,185,0,185,0.0,0.9736842105263158,3.219878973883485,189,2,187,0.010582010582010581,0.9842105263157894,2.8953856939906957,196,8,188,0.04081632653061224,0.9894736842105263,1.501405
t_cl,t_cl,250,80,0.6,20,204,131,10,121,68,1,67,0.07633587786259542,0.6368421052631579,0.014705882352941176,0.3526315789473684,161,23,138,85,1,84,0.14285714285714285,0.7263157894736842,0.011764705882352941,0.4421052631578947,3.7192787712869912,134,1,133,0.007462686567164179,0.7,3.5067124158669154,144,2,142,0.013888888888888888,0.7473684210526316,3.0184700914156446,164,9,155,0.054878048780487805,0.8157894736842105,2.852237612839071,176,16,160,0.09090909090909091,0.8421052631578947,1.108763
t_cl,t_cl,250,80,0.6,20,205,185,10,175,147,1,146,0.05405405405405406,0.9210526315789473,0.006802721088435374,0.7684210526315789,201,21,180,154,1,153,0.1044776119402985,0.9473684210526315,0.006493506493506494,0.8052631578947368,3.7838979461304976,180,0,180,0.0,0.9473684210526315,3.4471442838414816,183,1,182,0.00546448087431694,0.9578947368421052,3.1689441357102015,186,2,184,0.010752688172043012,0.968421052631579,2.883299003058966,201,14,187,0.06965174129353234,0.9842105263157894,1.260392
t_cl,t_cl,250,80,0.6,20,206,181,9,172,134,2,132,0.049723756906077346,0.9052631578947369,0.014925373134328358,0.6947368421052632,196,18,178,145,2,143,0.09183673469387756,0.9368421052631579,0.013793103448275862,0.7526315789473684,3.649815050670904,182,1,181,0.005494505494505495,0.9526315789473684,3.446980406458693,185,2,183,0.010810810810810811,0.9631578947368421,3.0184056233026832,196,7,189,0.03571428571428571,0.9947368421052631,2.8304739955058227,205,15,190,0.07317073170731707,1.0,1.150527
t_cl,t_cl,250,80,0.6,20,207,146,8,138,95,3,92,0.0547945205479452,0.7263157894736842,0.031578947368421054,0.4842105263157895,163,15,148,110,4,106,0.09202453987730061,0.7789473684210526,0.03636363636363636,0.5578947368421052,3.691852208056245,145,2,143,0.013793103448275862,0.7526315789473684,3.5116299708074714,151,4,147,0.026490066225165563,0.7736842105263158,3.040164230873677,171,7,164,0.04093567251461988,0.8631578947368421,2.833600634628039,182,13,169,0.07142857142857142,0.8894736842105263,1.159558
t_cl,t_cl,250,80,0.6,20,208,196,15,181,159,4,155,0.07653061224489796,0.9526315789473684,0.025157232704402517,0.8157894736842105,218,33,185,168,4,164,0.15137614678899083,0.9736842105263158,0.023809523809523808,0.8631578947368421,3.6206823051554697,186,0,186,0.0,0.9789473684210527,3.451198063024936,190,3,187,0.015789473684210527,0.9842105263157894,3.064639258087374,196,8,188,0.04081632653061224,0.9894736842105263,2.8723495006051243,213,25,188,0.11737089201877934,0.9894736842105263,1.230322
t_cl,t_cl,250,80,0.6,20,209,73,6,67,21,0,21,0.0821917808219178,0.3526315789473684,0.0,0.11052631578947368,97,12,85,34,0,34,0.12371134020618557,0.4473684210526316,0.0,0.17894736842105263,3.9543730329509565,57,0,57,0.0,0.3,3.697038260583228,71,0,71,0.0,0.3736842105263158,3.03132025815267,114,7,107,0.06140350877192982,0.5631578947368421,2.857056875477723,130,14,116,0.1076923076923077,0.6105263157894737,1.125749
t_cl,t_cl,250,80,0.6,20,210,165,7,158,112,1,111,0.04242424242424243,0.8315789473684211,0.008928571428571428,0.5842105263157895,185,21,164,129,1,128,0.11351351351351352,0.8631578947368421,0.007751937984496124,0.6736842105263158,3.724864600412301,164,0,164,0.0,0.8631578947368421,3.5014671880452233,169,1,168,0.005917159763313609,0.8842105263157894,3.0268538156227347,181,5,176,0.027624309392265192,0.9263157894736842,2.8775704707063787,189,12,177,0.06349206349206349,0.9315789473684211,1.302845
t_cl,t_cl,250,80,0.6,20,211,198,15,183,169,2,167,0.07575757575757576,0.9631578947368421,0.011834319526627219,0.8789473684210526,207,23,184,177,2,175,0.1111111111111111,0.968421052631579,0.011299435028248588,0.9210526315789473,3.778142102493143,187,2,185,0.0106951871657754,0.9736842105263158,3.523642794258143,189,2,187,0.010582010582010581,0.9842105263157894,3.120158426044631,195,7,188,0.035897435897435895,0.9894736842105263,2.8816068157480084,207,18,189,0.08695652173913043,0.9947368421052631,1.269002
t_cl,t_cl,250,80,0.6,20,212,172,6,166,132,0,132,0.03488372093023256,0.8736842105263158,0.0,0.6947368421052632,198,24,174,140,0,140,0.12121212121212122,0.9157894736842105,0.0,0.7368421052631579,3.638014684910285,175,0,175,0.0,0.9210526315789473,3.482299982417505,178,0,178,0.0,0.9368421052631579,3.193006462575593,181,1,180,0.0055248618784530384,0.9473684210526315,2.8748061928589164,198,16,182,0.08080808080808081,0.9578947368421052,1.180956
t_cl,t_cl,250,80,0.6,20,213,139,6,133,86,0,86,0.04316546762589928,0.7,0.0,0.45263157894736844,158,13,145,101,0,101,0.08227848101265822,0.7631578947368421,0.0,0.531578947368421,3.687248808919585,145,0,145,0.0,0.7631578947368421,3.4860392400862508,155,0,155,0.0,0.8157894736842105,3.04096718828115,177,5,172,0.02824858757062147,0.9052631578947369,2.8512882394758554,187,12,175,0.06417112299465241,0.9210526315789473,1.239764
t_cl,t_cl,250,80,0.6,20,214,152,6,146,104,1,103,0.039473684210526314,0.7684210526315789,0.009615384615384616,0.5421052631578948,181,23,158,121,1,120,0.1270718232044199,0.8315789473684211,0.008264462809917356,0.631578947368421,3.704111227499959,155,1,154,0.0064516129032258064,0.8105263157894737,3.4679206286021325,170,3,167,0.01764705882352941,0.8789473684210526,3.021591765823091,180,6,174,0.03333333333333333,0.9157894736842105,2.8043339729401944,195,17,178,0.08717948717948718,0.9368421052631579,1.197401
t_cl,t_cl,250,80,0.6,20,215,173,7,166,134,0,134,0.04046242774566474,0.8736842105263158,0.0,0.7052631578947368,185,12,173,145,0,145,0.06486486486486487,0.9105263157894737,0.0,0.7631578947368421,3.665870128730966,168,0,168,0.0,0.8842105263157894,3.480692339263537,173,1,172,0.005780346820809248,0.9052631578947369,3.1305222748737545,178,4,174,0.02247191011235955,0.9157894736842105,2.9459953003582893,182,7,175,0.038461538461538464,0.9210526315789473,1.275431
t_cl,t_cl,250,80,0.6,20,216,166,15,151,89,2,87,0.09036144578313253,0.7947368421052632,0.02247191011235955,0.45789473684210524,187,26,161,111,4,107,0.13903743315508021,0.8473684210526315,0.036036036036036036,0.5631578947368421,3.712469283050089,161,1,160,0.006211180124223602,0.8421052631578947,3.4741916512638555,171,4,167,0.023391812865497075,0.8789473684210526,3.0945539478742816,191,12,179,0.06282722513089005,0.9421052631578948,2.9483319175859086,201,22,179,0.10945273631840796,0.9421052631578948,1.178889
t_cl,t_cl,250,80,0.6,20,217,169,9,160,125,0,125,0.05325443786982249,0.8421052631578947,0.0,0.6578947368421053,188,20,168,140,1,139,0.10638297872340426,0.8842105263157894,0.007142857142857143,0.7315789473684211,3.6400985138426663,173,1,172,0.005780346820809248,0.9052631578947369,3.5257765970239814,174,1,173,0.005747126436781609,0.9105263157894737,3.0658799879345153,182,5,177,0.027472527472527472,0.9315789473684211,2.850214572169852,197,14,183,0.07106598984771574,0.9631578947368421,1.274013
t_cl,t_cl,250,80,0.6,20,218,152,5,147,107,0,107,0.03289473684210526,0.7736842105263158,0.0,0.5631578947368421,169,11,158,123,1,122,0.0650887573964497,0.8315789473684211,0.008130081300813009,0.6421052631578947,3.680775532040546,149,0,149,0.0,0.7842105263157895,3.5252811438582072,153,0,153,0.0,0.8052631578947368,2.96469092263833,177,4,173,0.022598870056497175,0.9105263157894737,2.8005220119109726,185,9,176,0.04864864864864865,0.9263157894736842,1.163954
t_cl,t_cl,250,80,0.6,20,219,181,9,172,147,0,147,0.049723756906077346,0.9052631578947369,0.0,0.7736842105263158,197,20,177,155,1,154,0.10152284263959391,0.9315789473684211,0.0064516129032258064,0.8105263157894737,3.631674258511794,178,0,178,0.0,0.9368421052631579,3.444033022759465,185,0,185,0.0,0.9736842105263158,3.0238924308008635,193,6,187,0.031088082901554404,0.9842105263157894,2.828575146031806,202,15,187,0.07425742574257425,0.9842105263157894,1.286734
t_cl,t_cl,250,80,0.6,20,220,89,4,85,46,1,45,0.0449438202247191,0.4473684210526316,0.021739130434782608,0.23684210526315788,119,8,111,56,1,55,0.06722689075630252,0.5842105263157895,0.017857142857142856,0.2894736842105263,3.8142972015508767,103,0,103,0.0,0.5421052631578948,3.599725094428131,107,1,106,0.009345794392523364,0.5578947368421052,3.0772324574838477,133,4,129,0.03007518796992481,0.6789473684210526,2.882733896553805,141,8,133,0.05673758865248227,0.7,1.266563
t_cl,t_cl,250,80,0.6,20,221,164,12,152,106,0,106,0.07317073170731707,0.8,0.0,0.5578947368421052,183,19,164,116,1,115,0.10382513661202186,0.8631578947368421,0.008620689655172414,0.6052631578947368,3.6704770210851088,164,0,164,0.0,0.8631578947368421,3.4678471549264294,167,0,167,0.0,0.8789473684210526,3.0436992791850153,188,9,179,0.047872340425531915,0.9421052631578948,2.842191707108716,200,18,182,0.09,0.9578947368421052,1.158904
t_cl,t_cl,250,80,0.6,20,222,140,11,129,70,1,69,0.07857142857142857,0.6789473684210526,0.014285714285714285,0.3631578947368421,165,23,142,87,1,86,0.1393939393939394,0.7473684210526316,0.011494252873563218,0.45263157894736844,3.7195928270811067,138,2,136,0.014492753623188406,0.7157894736842105,3.4943329106043035,148,2,146,0.013513513513513514,0.7684210526315789,3.002083780833145,176,11,165,0.0625,0.868421052631579,2.8109639111751563,193,22,171,0.11398963730569948,0.9,1.282539
t_cl,t_cl,250,80,0.6,20,223,166,7,159,108,1,107,0.04216867469879518,0.8368421052631579,0.009259259259259259,0.5631578947368421,184,17,167,125,1,124,0.09239130434782608,0.8789473684210526,0.008,0.6526315789473685,3.682786871357289,167,0,167,0.0,0.8789473684210526,3.456078301066312,178,1,177,0.0056179775280898875,0.9315789473684211,2.978528198485972,190,7,183,0.03684210526315789,0.9631578947368421,2.786041397928162,203,18,185,0.08866995073891626,0.9736842105263158,1.191126
t_cl,t_cl,250,80,0.6,20,224,124,6,118,57,2,55,0.04838709677419355,0.6210526315789474,0.03508771929824561,0.2894736842105263,156,17,139,67,2,65,0.10897435897435898,0.7315789473684211,0.029850746268656716,0.34210526315789475,3.7054483682293204,132,1,131,0.007575757575757576,0.6894736842105263,3.5331599066896575,145,2,143,0.013793103448275862,0.7526315789473684,3.0398646766714346,163,6,157,0.03680981595092025,0.8263157894736842,2.8474998854998197,178,15,163,0.08426966292134831,0.8578947368421053,1.161258
t_cl,t_cl,250,80,0.6,20,225,154,11,143,92,1,91,0.07142857142857142,0.7526315789473684,0.010869565217391304,0.4789473684210526,175,18,157,110,2,108,0.10285714285714286,0.8263157894736842,0.01818181818181818,0.5684210526315789,3.673900354202729,155,2,153,0.012903225806451613,0.8052631578947368,3.4869304907481835,166,2,164,0.012048192771084338,0.8631578947368421,3.0017252360190603,190,11,179,0.05789473684210526,0.9421052631578948,2.8274043414585166,197,17,180,0.08629441624365482,0.9473684210526315,1.159123
t_cl,t_cl,250,80,0.6,20,226,137,10,127,73,0,73,0.072992700729927,0.6684210526315789,0.0,0.38421052631578945,155,18,137,90,2,88,0.11612903225806452,0.7210526315789474,0.022222222222222223,0.4631578947368421,3.7131512221726055,132,1,131,0.007575757575757576,0.6894736842105263,3.517797836921735,139,2,137,0.014388489208633094,0.7210526315789474,3.0021270980064987,166,10,156,0.060240963855421686,0.8210526315789474,2.8472350440459078,180,19,161,0.10555555555555556,0.8473684210526315,1.206915
t_cl,t_cl,250,80,0.6,20,227,123,7,116,58,0,58,0.056910569105691054,0.6105263157894737,0.0,0.30526315789473685,146,15,131,77,0,77,0.10273972602739725,0.6894736842105263,0.0,0.4052631578947368,3.7411416459644027,116,0,116,0.0,0.6105263157894737,3.572270563178189,120,0,120,0.0,0.631578947368421,2.9506594802234996,155,7,148,0.04516129032258064,0.7789473684210526,2.7960149297286154,169,13,156,0.07692307692307693,0.8210526315789474,1.277933
t_cl,t_cl,250,80,0.6,20,228,66,2,64,24,0,24,0.030303030303030304,0.3368421052631579,0.0,0.12631578947368421,92,8,84,30,0,30,0.08695652173913043,0.4421052631578947,0.0,0.15789473684210525,3.8928822779875834,66,0,66,0.0,0.3473684210526316,3.7073860322268803,72,0,72,0.0,0.37894736842105264,3.183034544815281,96,0,96,0.0,0.5052631578947369,2.9482095955767473,106,4,102,0.03773584905660377,0.5368421052631579,1.268982
t_cl,t_cl,250,80,0.6,20,229,190,11,179,145,0,145,0.05789473684210526,0.9421052631578948,0.0,0.7631578947368421,202,21,181,155,0,155,0.10396039603960396,0.9526315789473684,0.0,0.8157894736842105,3.7055800986806404,182,0,182,0.0,0.9578947368421052,3.52229153721659,183,0,183,0.0,0.9631578947368421,3.0815670642189237,193,6,187,0.031088082901554404,0.9842105263157894,2.8763971583651404,202,14,188,0.06930693069306931,0.9894736842105263,1.14222
t_cl,t_cl,250,80,0.6,20,230,147,11,136,78,0,78,0.07482993197278912,0.7157894736842105,0.0,0.4105263157894737,170,16,154,86,1,85,0.09411764705882353,0.8105263157894737,0.011627906976744186,0.4473684210526316,3.686876486236334,152,0,152,0.0,0.8,3.4720874975451017,162,0,162,0.0,0.8526315789473684,3.0085545534715203,182,9,173,0.04945054945054945,0.9105263157894737,2.8202260975833284,192,15,177,0.078125,0.9315789473684211,1.194237
t_cl,t_cl,250,80,0.6,20,231,110,3,107,52,0,52,0.02727272727272727,0.5631578947368421,0.0,0.2736842105263158,125,5,120,67,0,67,0.04,0.631578947368421,0.0,0.3526315789473684,3.787994651677923,110,0,110,0.0,0.5789473684210527,3.555342185141554,119,0,119,0.0,0.6263157894736842,3.06249545241539,148,1,147,0.006756756756756757,0.7736842105263158,2.8515136679967505,163,7,156,0.04294478527607362,0.8210526315789474,1.26263
t_cl,t_cl,250,80,0.6,20,232,166,10,156,112,1,111,0.060240963855421686,0.8210526315789474,0.008928571428571428,0.5842105263157895,197,30,167,122,3,119,0.15228426395939088,0.8789473684210526,0.02459016393442623,0.6263157894736842,3.6437585464046522,169,0,169,0.0,0.8894736842105263,3.5757143792246215,171,0,171,0.0,0.9,3.012045606693526,191,6,185,0.031413612565445025,0.9736842105263158,2.8277850124125474,207,20,187,0.0966183574879227,0.9842105263157894,1.196897
t_cl,t_cl,250,80,0.6,20,233,150,8,142,93,0,93,0.05333333333333334,0.7473684210526316,0.0,0.48947368421052634,161,13,148,110,0,110,0.08074534161490683,0.7789473684210526,0.0,0.5789473684210527,3.696279016137751,145,0,145,0.0,0.7631578947368421,3.48816342218345,153,0,153,0.0,0.8052631578947368,2.993633240712382,172,7,165,0.040697674418604654,0.868421052631579,2.8057766651184504,181,12,169,0.06629834254143646,0.8894736842105263,1.113436
t_cl,t_cl,250,80,0.6,20,234,167,8,159,116,0,116,0.04790419161676647,0.8368421052631579,0.0,0.6105263157894737,195,23,172,133,1,132,0.11794871794871795,0.9052631578947369,0.007518796992481203,0.6947368421052632,3.649934685771946,165,0,165,0.0,0.868421052631579,3.484282376324783,173,1,172,0.005780346820809248,0.9052631578947369,3.0086763643031786,187,7,180,0.0374331550802139,0.9473684210526315,2.8454598983715735,200,18,182,0.09,0.9578947368421052,1.155807
t_cl,t_cl,250,80,0.6,20,235,182,20,162,126,1,125,0.10989010989010989,0.8526315789473684,0.007936507936507936,0.6578947368421053,204,35,169,139,3,136,0.1715686274509804,0.8894736842105263,0.02158273381294964,0.7157894736842105,3.748531164320654,166,1,165,0.006024096385542169,0.868421052631579,3.4870711053055103,170,1,169,0.0058823529411764705,0.8894736842105263,2.8928191929274747,195,16,179,0.08205128205128205,0.9421052631578948,2.7303748749373202,208,27,181,0.12980769230769232,0.9526315789473684,1.234438
t_cl,t_cl,250,80,0.6,20,236,158,6,152,117,3,114,0.0379746835443038,0.8,0.02564102564102564,0.6,178,15,163,128,4,124,0.08426966292134831,0.8578947368421053,0.03125,0.6526315789473685,3.668881793231846,158,0,158,0.0,0.8315789473684211,3.4845260574180656,170,2,168,0.011764705882352941,0.8842105263157894,3.089186547245012,180,4,176,0.022222222222222223,0.9263157894736842,2.8380389127983054,186,8,178,0.043010752688172046,0.9368421052631579,1.330467
t_cl,t_cl,250,80,0.6,20,237,133,9,124,76,1,75,0.06766917293233082,0.6526315789473685,0.013157894736842105,0.39473684210526316,159,21,138,90,2,88,0.1320754716981132,0.7263157894736842,0.022222222222222223,0.4631578947368421,3.6998552681023575,135,1,134,0.007407407407407408,0.7052631578947368,3.5223200812120585,141,1,140,0.0070921985815602835,0.7368421052631579,3.0597502498805627,163,9,154,0.05521472392638037,0.8105263157894737,2.8821944561386923,177,21,156,0.11864406779661017,0.8210526315789474,1.242796
t_cl,t_cl,250,80,0.6,20,238,195,21,174,150,2,148,0.1076923076923077,0.9157894736842105,0.013333333333333334,0.7789473684210526,215,37,178,170,7,163,0.17209302325581396,0.9368421052631579,0.041176470588235294,0.8578947368421053,3.698823553358868,178,0,178,0.0,0.9368421052631579,3.4792551611808507,181,0,181,0.0,0.9526315789473684,3.2631658002086166,189,5,184,0.026455026455026454,0.968421052631579,2.914108839684573,209,21,188,0.10047846889952153,0.9894736842105263,1.131637
t_cl,t_cl,250,80,0.6,20,239,157,5,152,120,0,120,0.03184713375796178,0.8,0.0,0.631578947368421,183,19,164,133,1,132,0.10382513661202186,0.8631578947368421,0.007518796992481203,0.6947368421052632,3.655486633969712,162,0,162,0.0,0.8526315789473684,3.460976458895975,168,0,168,0.0,0.8842105263157894,3.1369492898859876,178,2,176,0.011235955056179775,0.9263157894736842,2.8653956965006326,190,13,177,0.06842105263157895,0.9315789473684211,1.756571
t_cl,t_cl,250,80,0.6,20,240,181,7,174,144,0,144,0.03867403314917127,0.9157894736842105,0.0,0.7578947368421053,200,24,176,154,1,153,0.12,0.9263157894736842,0.006493506493506494,0.8052631578947368,3.6876351724825627,177,0,177,0.0,0.9315789473684211,3.454220333863715,180,0,180,0.0,0.9473684210526315,3.053946323863123,190,4,186,0.021052631578947368,0.9789473684210527,2.848069436755056,201,14,187,0.06965174129353234,0.9842105263157894,1.266977
t_cl,t_cl,250,80,0.6,20,241,179,8,171,148,2,146,0.0446927374301676,0.9,0.013513513513513514,0.7684210526315789,191,17,174,159,2,157,0.08900523560209424,0.9157894736842105,0.012578616352201259,0.8263157894736842,3.6646317116166713,178,3,175,0.016853932584269662,0.9210526315789473,3.4884070564915266,183,3,180,0.01639344262295082,0.9473684210526315,3.000070387296748,192,5,187,0.026041666666666668,0.9842105263157894,2.816206679189115,205,16,189,0.07804878048780488,0.9947368421052631,1.330803
t_cl,t_cl,250,80,0.6,20,242,169,8,161,108,1,107,0.047337278106508875,0.8473684210526315,0.009259259259259259,0.5631578947368421,194,22,172,130,2,128,0.1134020618556701,0.9052631578947369,0.015384615384615385,0.6736842105263158,3.6657457551897203,170,0,170,0.0,0.8947368421052632,3.506108970947536,177,1,176,0.005649717514124294,0.9263157894736842,2.9904390439069326,188,7,181,0.03723404255319149,0.9526315789473684,2.7944116295618158,201,18,183,0.08955223880597014,0.9631578947368421,1.144109
t_cl,t_cl,250,80,0.6,20,243,40,3,37,12,0,12,0.075,0.19473684210526315,0.0,0.06315789473684211,52,10,42,16,0,16,0.19230769230769232,0.22105263157894736,0.0,0.08421052631578947,4.037521310312639,35,1,34,0.02857142857142857,0.17894736842105263,3.8571803408341743,39,1,38,0.02564102564102564,0.2,3.1952264907967636,69,3,66,0.043478260869565216,0.3473684210526316,2.9818177746650285,86,11,75,0.12790697674418605,0.39473684210526316,1.158975
t_cl,t_cl,250,80,0.6,20,244,124,5,119,59,1,58,0.04032258064516129,0.6263157894736842,0.01694915254237288,0.30526315789473685,155,16,139,73,1,72,0.1032258064516129,0.7315789473684211,0.0136986301369863,0.37894736842105264,3.7258480605665736,127,0,127,0.0,0.6684210526315789,3.5728202574852332,136,1,135,0.007352941176470588,0.7105263157894737,3.006435129990014,157,3,154,0.01910828025477707,0.8105263157894737,2.8004427868237802,174,14,160,0.08045977011494253,0.8421052631578947,1.5286
t_cl,t_cl,250,80,0.6,20,245,121,10,111,52,0,52,0.08264462809917356,0.5842105263157895,0.0,0.2736842105263158,142,15,127,69,1,68,0.1056338028169014,0.6684210526315789,0.014492753623188406,0.35789473684210527,3.7503260966704226,112,0,112,0.0,0.5894736842105263,3.554611574635405,123,1,122,0.008130081300813009,0.6421052631578947,3.0624081834680608,148,8,140,0.05405405405405406,0.7368421052631579,2.927378936166282,161,15,146,0.09316770186335403,0.7684210526315789,1.149943
t_cl,t_cl,250,80,0.6,20,246,188,16,172,147,1,146,0.0851063829787234,0.9052631578947369,0.006802721088435374,0.7684210526315789,203,27,176,156,1,155,0.1330049261083744,0.9263157894736842,0.00641025641025641,0.8157894736842105,3.690657091199654,179,0,179,0.0,0.9421052631578948,3.4507238078645623,186,1,185,0.005376344086021506,0.9736842105263158,3.138256043562733,191,4,187,0.020942408376963352,0.9842105263157894,2.8851304075154953,204,17,187,0.08333333333333333,0.9842105263157894,1.237821
t_cl,t_cl,250,80,0.6,20,247,196,12,184,165,1,164,0.061224489795918366,0.968421052631579,0.006060606060606061,0.8631578947368421,213,27,186,173,4,169,0.1267605633802817,0.9789473684210527,0.023121387283236993,0.8894736842105263,3.6369494440875134,187,0,187,0.0,0.9842105263157894,3.4410839141944742,189,1,188,0.005291005291005291,0.9894736842105263,3.1145998983867362,195,7,188,0.035897435897435895,0.9894736842105263,2.8764228849786915,203,14,189,0.06896551724137931,0.9947368421052631,1.099758
t_cl,t_cl,250,80,0.6,20,248,130,6,124,65,0,65,0.046153846153846156,0.6526315789473685,0.0,0.34210526315789475,151,20,131,82,0,82,0.13245033112582782,0.6894736842105263,0.0,0.43157894736842106,3.7588479008613755,124,1,123,0.008064516129032258,0.6473684210526316,3.5473687648046113,130,1,129,0.007692307692307693,0.6789473684210526,2.999614789428726,157,5,152,0.03184713375796178,0.8,2.8105219315850785,178,19,159,0.10674157303370786,0.8368421052631579,1.149245
t_cl,t_cl,250,80,0.6,20,249,177,14,163,119,0,119,0.07909604519774012,0.8578947368421053,0.0,0.6263157894736842,208,34,174,135,1,134,0.16346153846153846,0.9157894736842105,0.007407407407407408,0.7052631578947368,3.6815201880344914,169,1,168,0.005917159763313609,0.8842105263157894,3.455874927904185,174,1,173,0.005747126436781609,0.9105263157894737,3.0043825670486797,184,6,178,0.03260869565217391,0.9368421052631579,2.80665819127303,201,20,181,0.09950248756218906,0.9526315789473684,1.282303
t_cl,t_cl,250,80,0.6,20,250,121,4,117,44,0,44,0.03305785123966942,0.6157894736842106,0.0,0.23157894736842105,134,8,126,75,0,75,0.05970149253731343,0.6631578947368421,0.0,0.39473684210526316,3.8148304528899004,114,0,114,0.0,0.6,3.553227994314118,122,0,122,0.0,0.6421052631578947,3.0889540992778652,141,1,140,0.0070921985815602835,0.7368421052631579,2.8917850845199644,157,8,149,0.050955414012738856,0.7842105263157895,1.164402
t_cl,t_cl,250,80,0.6,20,251,173,15,158,120,1,119,0.08670520231213873,0.8315789473684211,0.008333333333333333,0.6263157894736842,192,28,164,135,4,131,0.14583333333333334,0.8631578947368421,0.02962962962962963,0.6894736842105263,3.674225161065934,163,1,162,0.006134969325153374,0.8526315789473684,3.478754876113704,168,1,167,0.005952380952380952,0.8789473684210526,2.992030874030869,194,14,180,0.07216494845360824,0.9473684210526315,2.8236989669116928,206,25,181,0.12135922330097088,0.9526315789473684,1.20411
t_cl,t_cl,250,80,0.6,20,252,152,14,138,83,1,82,0.09210526315789473,0.7263157894736842,0.012048192771084338,0.43157894736842106,178,29,149,96,4,92,0.16292134831460675,0.7842105263157895,0.041666666666666664,0.4842105263157895,3.6884754838484963,145,0,145,0.0,0.7631578947368421,3.5195880404388036,149,1,148,0.006711409395973154,0.7789473684210526,3.0142096918227557,178,13,165,0.07303370786516854,0.868421052631579,2.8283060802446225,198,28,170,0.1414141414141414,0.8947368421052632,1.166834
t_cl,t_cl,250,80,0.6,20,253,156,4,152,103,0,103,0.02564102564102564,0.8,0.0,0.5421052631578948,179,17,162,120,0,120,0.09497206703910614,0.8526315789473684,0.0,0.631578947368421,3.7295611585193194,159,0,159,0.0,0.8368421052631579,3.483462315731081,164,0,164,0.0,0.8631578947368421,2.9995443141319456,179,4,175,0.0223463687150838,0.9210526315789473,2.8032581365170186,191,14,177,0.07329842931937172,0.9315789473684211,1.352527
t_cl,t_cl,250,80,0.6,20,254,180,11,169,135,0,135,0.06111111111111111,0.8894736842105263,0.0,0.7105263157894737,198,23,175,146,0,146,0.11616161616161616,0.9210526315789473,0.0,0.7684210526315789,3.638052926983455,177,0,177,0.0,0.9315789473684211,3.5132704367851195,179,0,179,0.0,0.9421052631578948,3.076623123843512,188,8,180,0.0425531914893617,0.9473684210526315,2.859832417741537,206,22,184,0.10679611650485436,0.968421052631579,1.151157
t_cl,t_cl,250,80,0.6,20,255,94,11,83,37,0,37,0.11702127659574468,0.4368421052631579,0.0,0.19473684210526315,121,17,104,47,0,47,0.14049586776859505,0.5473684210526316,0.0,0.24736842105263157,3.831403148619614,86,1,85,0.011627906976744186,0.4473684210526316,3.620812826758633,97,1,96,0.010309278350515464,0.5052631578947369,3.068338312352946,132,11,121,0.08333333333333333,0.6368421052631579,2.8608956324335963,147,17,130,0.11564625850340136,0.6842105263157895,1.160906
t_cl,t_cl,250,80,0.6,20,256,170,9,161,127,1,126,0.052941176470588235,0.8473684210526315,0.007874015748031496,0.6631578947368421,201,29,172,136,2,134,0.14427860696517414,0.9052631578947369,0.014705882352941176,0.7052631578947368,3.789065768821365,171,0,171,0.0,0.9,3.4603087873035867,177,1,176,0.005649717514124294,0.9263157894736842,3.17913535737715,184,5,179,0.02717391304347826,0.9421052631578948,2.8930760472193295,198,17,181,0.08585858585858586,0.9526315789473684,1.225248
t_cl,t_cl,250,80,0.6,20,257,131,7,124,50,0,50,0.05343511450381679,0.6526315789473685,0.0,0.2631578947368421,156,16,140,69,0,69,0.10256410256410256,0.7368421052631579,0.0,0.3631578947368421,3.726722514600623,125,0,125,0.0,0.6578947368421053,3.526893714852087,136,0,136,0.0,0.7157894736842105,2.9997891116057893,163,6,157,0.03680981595092025,0.8263157894736842,2.828303267107083,181,15,166,0.08287292817679558,0.8736842105263158,1.114552
t_cl,t_cl,250,80,0.6,20,258,149,9,140,80,0,80,0.06040268456375839,0.7368421052631579,0.0,0.42105263157894735,176,23,153,99,1,98,0.13068181818181818,0.8052631578947368,0.010101010101010102,0.5157894736842106,3.678033933474238,147,0,147,0.0,0.7736842105263158,3.5244602967528875,158,0,158,0.0,0.8315789473684211,2.9515307416489582,186,8,178,0.043010752688172046,0.9368421052631579,2.8107729760729736,202,21,181,0.10396039603960396,0.9526315789473684,1.257247
t_cl,t_cl,250,80,0.6,20,259,197,8,189,176,0,176,0.04060913705583756,0.9947368421052631,0.0,0.9263157894736842,210,20,190,186,2,184,0.09523809523809523,1.0,0.010752688172043012,0.968421052631579,3.803795766159953,190,0,190,0.0,1.0,3.803795766159953,190,0,190,0.0,1.0,3.089773791818037,195,5,190,0.02564102564102564,1.0,2.8689007939770517,203,13,190,0.06403940886699508,1.0,1.166293
t_cl,t_cl,250,80,0.6,20,260,148,8,140,83,0,83,0.05405405405405406,0.7368421052631579,0.0,0.4368421052631579,174,17,157,104,0,104,0.09770114942528736,0.8263157894736842,0.0,0.5473684210526316,3.700088144299556,138,0,138,0.0,0.7263157894736842,3.5247477199060215,146,0,146,0.0,0.7684210526315789,2.971589793024931,167,4,163,0.023952095808383235,0.8578947368421053,2.774176319941078,180,13,167,0.07222222222222222,0.8789473684210526,1.150811
t_cl,t_cl,250,80,0.6,20,261,128,11,117,52,0,52,0.0859375,0.6157894736842106,0.0,0.2736842105263158,156,21,135,71,0,71,0.1346153846153846,0.7105263157894737,0.0,0.3736842105263158,3.738019994043391,126,0,126,0.0,0.6631578947368421,3.6073554574881,130,0,130,0.0,0.6842105263157895,3.052110892465065,159,8,151,0.050314465408805034,0.7947368421052632,2.8640148444977465,178,17,161,0.09550561797752809,0.8473684210526315,1.235824
t_cl,t_cl,250,80,0.6,20,262,122,5,117,55,0,55,0.040983606557377046,0.6157894736842106,0.0,0.2894736842105263,143,10,133,72,0,72,0.06993006993006994,0.7,0.0,0.37894736842105264,3.7480765073885354,127,0,127,0.0,0.6684210526315789,3.5634694422888002,134,1,133,0.007462686567164179,0.7,3.1132838477463025,155,7,148,0.04516129032258064,0.7789473684210526,2.877378157003342,168,12,156,0.07142857142857142,0.8210526315789474,1.27378
t_cl,t_cl,250,80,0.6,20,263,118,8,110,45,1,44,0.06779661016949153,0.5789473684210527,0.022222222222222223,0.23157894736842105,141,15,126,58,1,57,0.10638297872340426,0.6631578947368421,0.017241379310344827,0.3,3.7401881477539076,118,1,117,0.00847457627118644,0.6157894736842106,3.537177082344381,129,1,128,0.007751937984496124,0.6736842105263158,3.0259751581362186,157,8,149,0.050955414012738856,0.7842105263157895,2.8621977478649425,170,13,157,0.07647058823529412,0.8263157894736842,1.307711
t_cl,t_cl,250,80,0.6,20,264,97,3,94,39,1,38,0.030927835051546393,0.49473684210526314,0.02564102564102564,0.2,127,10,117,50,1,49,0.07874015748031496,0.6157894736842106,0.02,0.2578947368421053,3.7617547483556604,108,0,108,0.0,0.5684210526315789,3.550949981131426,127,1,126,0.007874015748031496,0.6631578947368421,2.978822370903542,154,4,150,0.025974025974025976,0.7894736842105263,2.822029185981384,165,10,155,0.06060606060606061,0.8157894736842105,1.12363
t_cl,t_cl,250,80,0.6,20,265,180,16,164,129,0,129,0.08888888888888889,0.8631578947368421,0.0,0.6789473684210526,202,30,172,146,2,144,0.1485148514851485,0.9052631578947369,0.0136986301369863,0.7578947368421053,3.643348434752752,171,0,171,0.0,0.9,3.514589065604628,178,0,178,0.0,0.9368421052631579,2.982569778551109,198,15,183,0.07575757575757576,0.9631578947368421,2.796627891353836,208,24,184,0.11538461538461539,0.968421052631579,1.211564
t_cl,t_cl,250,80,0.6,20,266,155,10,145,94,0,94,0.06451612903225806,0.7631578947368421,0.0,0.49473684210526314,180,21,159,110,2,108,0.11666666666666667,0.8368421052631579,0.01818181818181818,0.5684210526315789,3.7137806556990456,158,0,158,0.0,0.8315789473684211,3.517159338267847,163,0,163,0.0,0.8578947368421053,3.028131640563207,185,8,177,0.043243243243243246,0.9315789473684211,2.8853126035676357,194,15,179,0.07731958762886598,0.9421052631578948,1.215198
t_cl,t_cl,250,80,0.6,20,267,124,7,117,48,1,47,0.056451612903225805,0.6157894736842106,0.020833333333333332,0.24736842105263157,134,13,121,62,1,61,0.09701492537313433,0.6368421052631579,0.016129032258064516,0.32105263157894737,3.810534285477131,118,1,117,0.00847457627118644,0.6157894736842106,3.5806468419352373,122,1,121,0.00819672131147541,0.6368421052631579,3.04973455825061,144,6,138,0.041666666666666664,0.7263157894736842,2.8694342196753406,160,13,147,0.08125,0.7736842105263158,1.186852
t_cl,t_cl,250,80,0.6,20,268,121,8,113,63,0,63,0.06611570247933884,0.5947368421052631,0.0,0.33157894736842103,154,18,136,76,1,75,0.11688311688311688,0.7157894736842105,0.013157894736842105,0.39473684210526316,3.7537129902718522,121,0,121,0.0,0.6368421052631579,3.535141586934537,131,0,131,0.0,0.6894736842105263,3.0146715998332585,156,7,149,0.04487179487179487,0.7842105263157895,2.831154041975189,173,15,158,0.08670520231213873,0.8315789473684211,1.270862
t_cl,t_cl,250,80,0.6,20,269,155,11,144,95,1,94,0.07096774193548387,0.7578947368421053,0.010526315789473684,0.49473684210526314,175,22,153,110,2,108,0.12571428571428572,0.8052631578947368,0.01818181818181818,0.5684210526315789,3.6815307913371105,146,0,146,0.0,0.7684210526315789,3.526822907349595,153,1,152,0.006535947712418301,0.8,3.01630959150047,177,8,169,0.04519774011299435,0.8894736842105263,2.828292141384883,195,22,173,0.11282051282051282,0.9105263157894737,1.20601
t_cl,t_cl,250,80,0.6,20,270,185,11,174,140,1,139,0.05945945945945946,0.9157894736842105,0.007142857142857143,0.7315789473684211,208,29,179,156,1,155,0.13942307692307693,0.9421052631578948,0.00641025641025641,0.8157894736842105,3.6271604786408167,181,1,180,0.0055248618784530384,0.9473684210526315,3.490116452515272,185,2,183,0.010810810810810811,0.9631578947368421,3.049347537114079,196,8,188,0.04081632653061224,0.9894736842105263,2.844867730663231,211,23,188,0.10900473933649289,0.9894736842105263,1.321793
t_cl,t_cl,250,80,0.6,20,271,187,12,175,142,1,141,0.06417112299465241,0.9210526315789473,0.007042253521126761,0.7421052631578947,197,17,180,154,1,153,0.08629441624365482,0.9473684210526315,0.006493506493506494,0.8052631578947368,3.6766408347677744,183,0,183,0.0,0.9631578947368421,3.4889373915644852,185,1,184,0.005405405405405406,0.968421052631579,3.1245425107402527,196,8,188,0.04081632653061224,0.9894736842105263,2.9749477156112345,202,13,189,0.06435643564356436,0.9947368421052631,1.198437
t_cl,t_cl,250,80,0.6,20,272,104,8,96,51,1,50,0.07692307692307693,0.5052631578947369,0.0196078431372549,0.2631578947368421,140,22,118,64,2,62,0.15714285714285714,0.6210526315789474,0.03125,0.3263157894736842,3.764792116149004,104,0,104,0.0,0.5473684210526316,3.565734024255344,120,1,119,0.008333333333333333,0.6263157894736842,2.98308475233956,159,9,150,0.05660377358490566,0.7894736842105263,2.798961410629645,180,24,156,0.13333333333333333,0.8210526315789474,1.280987
t_cl,t_cl,250,80,0.6,20,273,85,4,81,41,0,41,0.047058823529411764,0.4263157894736842,0.0,0.21578947368421053,103,13,90,52,1,51,0.1262135922330097,0.47368421052631576,0.019230769230769232,0.26842105263157895,3.8594309535969145,78,0,78,0.0,0.4105263157894737,3.646952374348166,83,0,83,0.0,0.4368421052631579,3.0533433518371793,117,4,113,0.03418803418803419,0.5947368421052631,2.872652556255844,139,15,124,0.1079136690647482,0.6526315789473685,1.219463
t_cl,t_cl,250,80,0.6,20,274,81,5,76,20,0,20,0.06172839506172839,0.4,0.0,0.10526315789473684,111,14,97,33,1,32,0.12612612612612611,0.5105263157894737,0.030303030303030304,0.16842105263157894,3.867650557389371,80,1,79,0.0125,0.41578947368421054,3.6192940548070363,93,2,91,0.021505376344086023,0.4789473684210526,3.084503655972964,130,6,124,0.046153846153846156,0.6526315789473685,2.8820016567434834,146,15,131,0.10273972602739725,0.6894736842105263,1.128691
t_cl,t_cl,250,80,0.6,20,275,179,6,173,142,1,141,0.0335195530726257,0.9105263157894737,0.007042253521126761,0.7421052631578947,202,22,180,148,1,147,0.10891089108910891,0.9473684210526315,0.006756756756756757,0.7736842105263158,3.6430854336501173,181,1,180,0.0055248618784530384,0.9473684210526315,3.4565130361896985,184,2,182,0.010869565217391304,0.9578947368421052,3.0238873800012716,192,5,187,0.026041666666666668,0.9842105263157894,2.840576803136761,201,14,187,0.06965174129353234,0.9842105263157894,1.16827
t_cl,t_cl,250,80,0.6,20,276,173,14,159,121,1,120,0.08092485549132948,0.8368421052631579,0.008264462809917356,0.631578947368421,201,32,169,135,2,133,0.15920398009950248,0.8894736842105263,0.014814814814814815,0.7,3.657990341091813,167,0,167,0.0,0.8789473684210526,3.514749534394067,173,1,172,0.005780346820809248,0.9052631578947369,2.956426319511264,190,8,182,0.042105263157894736,0.9578947368421052,2.7801609961599825,208,25,183,0.1201923076923077,0.9631578947368421,1.319976
t_cl,t_cl,250,80,0.6,20,277,136,4,132,85,0,85,0.029411764705882353,0.6947368421052632,0.0,0.4473684210526316,159,16,143,101,1,100,0.10062893081761007,0.7526315789473684,0.009900990099009901,0.5263157894736842,3.701515964009458,139,0,139,0.0,0.7315789473684211,3.588956972490925,143,0,143,0.0,0.7526315789473684,3.049652619776383,167,3,164,0.017964071856287425,0.8631578947368421,2.8671705754031045,184,13,171,0.07065217391304347,0.9,1.241886
t_cl,t_cl,250,80,0.6,20,278,144,6,138,84,0,84,0.041666666666666664,0.7263157894736842,0.0,0.4421052631578947,166,15,151,97,0,97,0.09036144578313253,0.7947368421052632,0.0,0.5105263157894737,3.6718168662789012,152,0,152,0.0,0.8,3.5005092488574725,159,0,159,0.0,0.8368421052631579,3.05789878794836,177,6,171,0.03389830508474576,0.9,2.9023525944248982,184,12,172,0.06521739130434782,0.9052631578947369,1.304328
t_cl,t_cl,250,80,0.6,20,279,171,9,162,115,2,113,0.05263157894736842,0.8526315789473684,0.017391304347826087,0.5947368421052631,195,20,175,130,2,128,0.10256410256410256,0.9210526315789473,0.015384615384615385,0.6736842105263158,3.6426078056026694,172,1,171,0.005813953488372093,0.9,3.4697219319184316,181,2,179,0.011049723756906077,0.9421052631578948,3.1928836928425124,182,3,179,0.016483516483516484,0.9421052631578948,2.8777087918985984,194,12,182,0.061855670103092786,0.9578947368421052,1.140498
t_cl,t_cl,250,80,0.6,20,280,58,1,57,13,0,13,0.017241379310344827,0.3,0.0,0.06842105263157895,88,10,78,17,0,17,0.11363636363636363,0.4105263157894737,0.0,0.08947368421052632,3.887080313617774,70,0,70,0.0,0.3684210526315789,3.66958466396705,77,0,77,0.0,0.4052631578947368,3.127715884284324,113,4,109,0.035398230088495575,0.5736842105263158,2.963401355804726,126,11,115,0.0873015873015873,0.6052631578947368,1.194122
t_cl,t_cl,250,80,0.6,20,281,188,17,171,143,0,143,0.09042553191489362,0.9,0.0,0.7526315789473684,213,34,179,150,0,150,0.1596244131455399,0.9421052631578948,0.0,0.7894736842105263,3.653797075409435,179,0,179,0.0,0.9421052631578948,3.5785647105962264,182,0,182,0.0,0.9578947368421052,2.9645019015255953,202,13,189,0.06435643564356436,0.9947368421052631,2.789057011134379,217,27,190,0.12442396313364056,1.0,1.372407
t_cl,t_cl,250,80,0.6,20,282,166,16,150,109,1,108,0.0963855421686747,0.7894736842105263,0.009174311926605505,0.5684210526315789,199,31,168,122,1,121,0.15577889447236182,0.8842105263157894,0.00819672131147541,0.6368421052631579,3.6703138131366213,162,1,161,0.006172839506172839,0.8473684210526315,3.476130356437443,172,1,171,0.005813953488372093,0.9,2.9462792722481113,196,16,180,0.08163265306122448,0.9473684210526315,2.7861554530761365,212,28,184,0.1320754716981132,0.968421052631579,1.128909
t_cl,t_cl,250,80,0.6,20,283,155,9,146,87,0,87,0.05806451612903226,0.7684210526315789,0.0,0.45789473684210524,173,18,155,99,1,98,0.10404624277456648,0.8157894736842105,0.010101010101010102,0.5157894736842106,3.6805968707143655,159,2,157,0.012578616352201259,0.8263157894736842,3.4860454591329035,163,2,161,0.012269938650306749,0.8473684210526315,3.066953889116599,180,5,175,0.027777777777777776,0.9210526315789473,2.865757814090912,193,15,178,0.07772020725388601,0.9368421052631579,1.203011
t_cl,t_cl,250,80,0.6,20,284,141,3,138,77,1,76,0.02127659574468085,0.7263157894736842,0.012987012987012988,0.4,163,9,154,89,1,88,0.05521472392638037,0.8105263157894737,0.011235955056179775,0.4631578947368421,3.6976670553640996,148,2,146,0.013513513513513514,0.7684210526315789,3.505481294924767,157,2,155,0.012738853503184714,0.8157894736842105,3.078216888263313,170,3,167,0.01764705882352941,0.8789473684210526,2.8578364773903737,174,6,168,0.034482758620689655,0.8842105263157894,1.16403
t_cl,t_cl,250,80,0.6,20,285,107,6,101,62,0,62,0.056074766355140186,0.531578947368421,0.0,0.3263157894736842,136,12,124,68,0,68,0.08823529411764706,0.6526315789473685,0.0,0.35789473684210527,3.7487358368104795,120,0,120,0.0,0.631578947368421,3.589101217921853,126,0,126,0.0,0.6631578947368421,3.108923308381684,150,6,144,0.04,0.7578947368421053,2.9221974648418554,165,12,153,0.07272727272727272,0.8052631578947368,1.299624
t_cl,t_cl,250,80,0.6,20,286,125,4,121,68,0,68,0.032,0.6368421052631579,0.0,0.35789473684210527,163,23,140,79,0,79,0.1411042944785276,0.7368421052631579,0.0,0.41578947368421054,3.7100356514997386,135,0,135,0.0,0.7105263157894737,3.6594735082711987,139,0,139,0.0,0.7315789473684211,3.04820906652599,161,4,157,0.024844720496894408,0.8263157894736842,2.880104637043944,179,18,161,0.1005586592178771,0.8473684210526315,1.214892
t_cl,t_cl,250,80,0.6,20,287,129,4,125,72,0,72,0.031007751937984496,0.6578947368421053,0.0,0.37894736842105264,156,15,141,85,0,85,0.09615384615384616,0.7421052631578947,0.0,0.4473684210526316,3.6895954140753,148,0,148,0.0,0.7789473684210526,3.492896778119827,160,0,160,0.0,0.8421052631578947,3.0888439964632814,168,4,164,0.023809523809523808,0.8631578947368421,2.890680386669471,181,13,168,0.0718232044198895,0.8842105263157894,1.303952
t_cl,t_cl,250,80,0.6,20,288,166,10,156,121,2,119,0.060240963855421686,0.8210526315789474,0.01652892561983471,0.6263157894736842,185,21,164,135,2,133,0.11351351351351352,0.8631578947368421,0.014814814814814815,0.7,3.653903712244571,166,1,165,0.006024096385542169,0.868421052631579,3.4561662250004943,174,2,172,0.011494252873563218,0.9052631578947369,2.9424338566924666,185,7,178,0.03783783783783784,0.9368421052631579,2.783909724800616,194,16,178,0.08247422680412371,0.9368421052631579,1.233888
t_cl,t_cl,250,80,0.6,20,289,128,9,119,62,0,62,0.0703125,0.6263157894736842,0.0,0.3263157894736842,158,23,135,82,1,81,0.14556962025316456,0.7105263157894737,0.012195121951219513,0.4263157894736842,3.708996344829979,134,1,133,0.007462686567164179,0.7,3.5041323123051726,150,2,148,0.013333333333333334,0.7789473684210526,3.0318430329586135,181,9,172,0.049723756906077346,0.9052631578947369,2.8527314638497807,194,21,173,0.10824742268041238,0.9105263157894737,1.140043
t_cl,t_cl,250,80,0.6,20,290,147,9,138,75,0,75,0.061224489795918366,0.7263157894736842,0.0,0.39473684210526316,169,17,152,97,0,97,0.10059171597633136,0.8,0.0,0.5105263157894737,3.68248882740647,144,0,144,0.0,0.7578947368421053,3.5014884267562967,155,0,155,0.0,0.8157894736842105,2.9718850222256137,174,8,166,0.04597701149425287,0.8736842105263158,2.838047956117284,178,11,167,0.06179775280898876,0.8789473684210526,1.355558
t_cl,t_cl,250,80,0.6,20,291,99,5,94,43,0,43,0.050505050505050504,0.49473684210526314,0.0,0.22631578947368422,128,16,112,50,0,50,0.125,0.5894736842105263,0.0,0.2631578947368421,3.7893031785616573,97,0,97,0.0,0.5105263157894737,3.683677268298385,103,0,103,0.0,0.5421052631578948,3.0449760788833977,134,4,130,0.029850746268656716,0.6842105263157895,2.8279643571200244,153,14,139,0.0915032679738562,0.7315789473684211,1.120592
t_cl,t_cl,250,80,0.6,20,292,128,3,125,58,0,58,0.0234375,0.6578947368421053,0.0,0.30526315789473685,159,17,142,73,1,72,0.1069182389937107,0.7473684210526316,0.0136986301369863,0.37894736842105264,3.6995828072313612,135,0,135,0.0,0.7105263157894737,3.523343817717652,145,1,144,0.006896551724137931,0.7578947368421053,3.0045816312958897,163,3,160,0.018404907975460124,0.8421052631578947,2.8329706945373894,181,15,166,0.08287292817679558,0.8736842105263158,1.104587
t_cl,t_cl,250,80,0.6,20,293,197,12,185,178,1,177,0.06091370558375635,0.9736842105263158,0.0056179775280898875,0.9315789473684211,208,20,188,184,4,180,0.09615384615384616,0.9894736842105263,0.021739130434782608,0.9473684210526315,3.6632852022879234,189,1,188,0.005291005291005291,0.9894736842105263,3.6632852022879234,189,1,188,0.005291005291005291,0.9894736842105263,3.3495954150841873,191,2,189,0.010471204188481676,0.9947368421052631,3.0036495002242694,196,7,189,0.03571428571428571,0.9947368421052631,1.252755
t_cl,t_cl,250,80,0.6,20,294,90,3,87,32,0,32,0.03333333333333333,0.45789473684210524,0.0,0.16842105263157894,119,14,105,41,0,41,0.11764705882352941,0.5526315789473685,0.0,0.21578947368421053,3.787897979016132,97,0,97,0.0,0.5105263157894737,3.595123234865319,103,0,103,0.0,0.5421052631578948,3.0825400858842857,136,4,132,0.029411764705882353,0.6947368421052632,2.894447553862224,154,16,138,0.1038961038961039,0.7263157894736842,1.15429
t_cl,t_cl,250,80,0.6,20,295,114,9,105,41,1,40,0.07894736842105263,0.5526315789473685,0.024390243902439025,0.21052631578947367,143,19,124,62,1,61,0.13286713286713286,0.6526315789473685,0.016129032258064516,0.32105263157894737,3.7648819457109437,106,1,105,0.009433962264150943,0.5526315789473685,3.5752807293854314,114,1,113,0.008771929824561403,0.5947368421052631,2.916625994000455,151,9,142,0.059602649006622516,0.7473684210526316,2.7679413909725157,164,19,145,0.11585365853658537,0.7631578947368421,1.483745
t_cl,t_cl,250,80,0.6,20,296,170,9,161,108,0,108,0.052941176470588235,0.8473684210526315,0.0,0.5684210526315789,193,23,170,123,1,122,0.11917098445595854,0.8947368421052632,0.008130081300813009,0.6421052631578947,3.646273545273569,166,0,166,0.0,0.8736842105263158,3.5116304042970232,172,0,172,0.0,0.9052631578947369,2.9800562758463456,183,4,179,0.02185792349726776,0.9421052631578948,2.7816461007696875,198,15,183,0.07575757575757576,0.9631578947368421,1.118155
t_cl,t_cl,250,80,0.6,20,297,84,4,80,29,0,29,0.047619047619047616,0.42105263157894735,0.0,0.15263157894736842,112,12,100,43,0,43,0.10714285714285714,0.5263157894736842,0.0,0.22631578947368422,3.8564916982590383,82,0,82,0.0,0.43157894736842106,3.6724489174409864,90,0,90,0.0,0.47368421052631576,3.077849257079141,126,5,121,0.03968253968253968,0.6368421052631579,2.9201588680107284,141,12,129,0.0851063829787234,0.6789473684210526,1.155061
t_cl,t_cl,250,80,0.6,20,298,137,11,126,73,0,73,0.08029197080291971,0.6631578947368421,0.0,0.38421052631578945,160,17,143,88,1,87,0.10625,0.7526315789473684,0.011363636363636364,0.45789473684210524,3.7771824854457527,132,0,132,0.0,0.6947368421052632,3.514367916145935,140,0,140,0.0,0.7368421052631579,2.9955978346812,162,8,154,0.04938271604938271,0.8105263157894737,2.841041993495425,174,15,159,0.08620689655172414,0.8368421052631579,1.237003
t_cl,t_cl,250,80,0.6,20,299,188,17,171,141,1,140,0.09042553191489362,0.9,0.0070921985815602835,0.7368421052631579,204,25,179,153,1,152,0.12254901960784313,0.9421052631578948,0.006535947712418301,0.8,3.6937088841700176,177,1,176,0.005649717514124294,0.9263157894736842,3.4516506755273757,185,2,183,0.010810810810810811,0.9631578947368421,2.9229452046032964,200,13,187,0.065,0.9842105263157894,2.7580647564675926,212,23,189,0.10849056603773585,0.9947368421052631,1.215942
