model,x_model,p,n1,n2,rho,block,cov_kind,decay,seed,R_bh_0.05,V_bh_0.05,S_bh_0.05,R_by_0.05,V_by_0.05,S_by_0.05,fdr_bh_0.05,power_bh_0.05,fdr_by_0.05,power_by_0.05,R_bh_0.1,V_bh_0.1,S_bh_0.1,R_by_0.1,V_by_0.1,S_by_0.1,fdr_bh_0.1,power_bh_0.1,fdr_by_0.1,power_by_0.1,t_lct_cai_liu_0.05,R_lct_cai_liu_0.05,V_lct_cai_liu_0.05,S_lct_cai_liu_0.05,fdr_lct_cai_liu_0.05,power_lct_cai_liu_0.05,t_lct_cai_liu_0.1,R_lct_cai_liu_0.1,V_lct_cai_liu_0.1,S_lct_cai_liu_0.1,fdr_lct_cai_liu_0.1,power_lct_cai_liu_0.1,t_lct_gaussian_0.05,R_lct_gaussian_0.05,V_lct_gaussian_0.05,S_lct_gaussian_0.05,fdr_lct_gaussian_0.05,power_lct_gaussian_0.05,t_lct_gaussian_0.1,R_lct_gaussian_0.1,V_lct_gaussian_0.1,S_lct_gaussian_0.1,fdr_lct_gaussian_0.1,power_lct_gaussian_0.1,t_lct_jackknife_0.05,R_lct_jackknife_0.05,V_lct_jackknife_0.05,S_lct_jackknife_0.05,fdr_lct_jackknife_0.05,power_lct_jackknife_0.05,t_lct_jackknife_0.1,R_lct_jackknife_0.1,V_lct_jackknife_0.1,S_lct_jackknife_0.1,fdr_lct_jackknife_0.1,power_lct_jackknife_0.1,t_lctb_0.05_B100,R_lctb_0.05_B100,V_lctb_0.05_B100,S_lctb_0.05_B100,fdr_lctb_0.05_B100,power_lctb_0.05_B100,t_lctb_0.1_B100,R_lctb_0.1_B100,V_lctb_0.1_B100,S_lctb_0.1_B100,fdr_lctb_0.1_B100,power_lctb_0.1_B100,wall_time_s
gaussian,gaussian,250,200,80,0.6,20,block_ar1,0.6,0,20,2,18,18,0,18,0.1,0.09473684210526316,0.0,0.09473684210526316,23,3,20,18,0,18,0.13043478260869565,0.10526315789473684,0.0,0.09473684210526316,4.206584257162831,25,3,22,0.12,0.11578947368421053,3.9209350059670944,30,5,25,0.16666666666666666,0.13157894736842105,4.175711404031044,25,3,22,0.12,0.11578947368421053,3.962741717836566,29,5,24,0.1724137931034483,0.12631578947368421,4.27492648140785,12,0,12,0.0,0.06315789473684211,4.081956921202767,14,1,13,0.07142857142857142,0.06842105263157895,4.741796356045762,21,1,20,0.047619047619047616,0.10526315789473684,4.053048757186158,28,4,24,0.14285714285714285,0.12631578947368421,2.363394
gaussian,gaussian,250,200,80,0.6,20,block_ar1,0.6,1,21,2,19,10,0,10,0.09523809523809523,0.1,0.0,0.05263157894736842,22,3,19,10,0,10,0.13636363636363635,0.1,0.0,0.05263157894736842,4.223997547294966,26,3,23,0.11538461538461539,0.12105263157894737,4.072241562640591,27,4,23,0.14814814814814814,0.12105263157894737,4.196277789205514,26,3,23,0.11538461538461539,0.12105263157894737,4.045517695087567,27,4,23,0.14814814814814814,0.12105263157894737,4.438937780735362,6,0,6,0.0,0.031578947368421054,4.186076274495194,9,1,8,0.1111111111111111,0.042105263157894736,4.429953990113711,24,2,22,0.08333333333333333,0.11578947368421053,4.072241562640591,27,4,23,0.14814814814814814,0.12105263157894737,1.782092
gaussian,gaussian,250,200,80,0.6,20,block_ar1,0.6,2,15,0,15,11,0,11,0.0,0.07894736842105263,0.0,0.05789473684210526,15,0,15,12,0,12,0.0,0.07894736842105263,0.0,0.06315789473684211,4.442210294463803,19,2,17,0.10526315789473684,0.08947368421052632,4.058640697151982,20,3,17,0.15,0.08947368421052632,4.419013651999786,18,1,17,0.05555555555555555,0.08947368421052632,4.419013651999786,18,1,17,0.05555555555555555,0.08947368421052632,4.6287200323959095,4,0,4,0.0,0.021052631578947368,4.340048836168331,5,0,5,0.0,0.02631578947368421,5.001205162423692,16,0,16,0.0,0.08421052631578947,4.442210294463803,19,2,17,0.10526315789473684,0.08947368421052632,1.993
gaussian,gaussian,250,200,80,0.6,20,block_ar1,0.6,3,18,2,16,12,0,12,0.1111111111111111,0.08421052631578947,0.0,0.06315789473684211,20,2,18,13,0,13,0.1,0.09473684210526316,0.0,0.06842105263157895,4.155471181886494,23,3,20,0.13043478260869565,0.10526315789473684,4.155471181886494,23,3,20,0.13043478260869565,0.10526315789473684,4.131163177762225,23,3,20,0.13043478260869565,0.10526315789473684,4.131163177762225,23,3,20,0.13043478260869565,0.10526315789473684,4.671136498608322,3,0,3,0.0,0.015789473684210527,4.390143809217424,5,0,5,0.0,0.02631578947368421,4.579179746518946,22,3,19,0.13636363636363635,0.1,4.155471181886494,23,3,20,0.13043478260869565,0.10526315789473684,1.994692
gaussian,gaussian,250,200,80,0.6,20,block_ar1,0.6,4,25,5,20,16,1,15,0.2,0.10526315789473684,0.0625,0.07894736842105263,25,5,20,17,1,16,0.2,0.10526315789473684,0.058823529411764705,0.08421052631578947,4.253066928044512,24,4,20,0.16666666666666666,0.10526315789473684,3.991247830899728,26,5,21,0.19230769230769232,0.11052631578947368,4.208604914234332,24,4,20,0.16666666666666666,0.10526315789473684,3.9495229017651408,26,5,21,0.19230769230769232,0.11052631578947368,4.2516376596388135,14,3,11,0.21428571428571427,0.05789473684210526,4.1192764506921415,16,4,12,0.25,0.06315789473684211,4.915833696139198,22,2,20,0.09090909090909091,0.10526315789473684,4.253066928044512,24,4,20,0.16666666666666666,0.10526315789473684,1.784303
gaussian,gaussian,250,200,80,0.6,20,block_ar1,0.6,5,22,3,19,17,0,17,0.13636363636363635,0.1,0.0,0.08947368421052632,28,8,20,18,0,18,0.2857142857142857,0.10526315789473684,0.0,0.09473684210526316,4.12795456291832,26,3,23,0.11538461538461539,0.12105263157894737,3.940626100425667,30,7,23,0.23333333333333334,0.12105263157894737,4.141275720299941,25,3,22,0.12,0.11578947368421053,3.920715153323497,29,6,23,0.20689655172413793,0.12105263157894737,4.418106205111874,8,0,8,0.0,0.042105263157894736,4.2194930545823475,10,0,10,0.0,0.05263157894736842,4.856520436283186,21,0,21,0.0,0.11052631578947368,4.12795456291832,26,3,23,0.11538461538461539,0.12105263157894737,1.764581
gaussian,gaussian,250,200,80,0.6,20,block_ar1,0.6,6,17,3,14,12,0,12,0.17647058823529413,0.07368421052631578,0.0,0.06315789473684211,19,4,15,13,0,13,0.21052631578947367,0.07894736842105263,0.0,0.06842105263157895,4.1262011748447565,29,4,25,0.13793103448275862,0.13157894736842105,4.1262011748447565,29,4,25,0.13793103448275862,0.13157894736842105,4.073732891186363,29,4,25,0.13793103448275862,0.13157894736842105,4.073732891186363,29,4,25,0.13793103448275862,0.13157894736842105,4.456153710586519,7,2,5,0.2857142857142857,0.02631578947368421,4.08565631626847,16,5,11,0.3125,0.05789473684210526,4.341060097944189,28,4,24,0.14285714285714285,0.12631578947368421,4.1262011748447565,29,4,25,0.13793103448275862,0.13157894736842105,2.011489
gaussian,gaussian,250,200,80,0.6,20,block_ar1,0.6,7,12,0,12,10,0,10,0.0,0.06315789473684211,0.0,0.05263157894736842,14,0,14,11,0,11,0.0,0.07368421052631578,0.0,0.05789473684210526,4.294348041455621,18,0,18,0.0,0.09473684210526316,4.294348041455621,18,0,18,0.0,0.09473684210526316,4.273042471473995,18,0,18,0.0,0.09473684210526316,4.273042471473995,18,0,18,0.0,0.09473684210526316,4.697942806728198,5,0,5,0.0,0.02631578947368421,4.697942806728198,5,0,5,0.0,0.02631578947368421,4.631342217919906,16,0,16,0.0,0.08421052631578947,4.294348041455621,18,0,18,0.0,0.09473684210526316,1.813267
gaussian,gaussian,250,200,80,0.6,20,block_ar1,0.6,8,15,0,15,13,0,13,0.0,0.07894736842105263,0.0,0.06842105263157895,18,1,17,13,0,13,0.05555555555555555,0.08947368421052632,0.0,0.06842105263157895,4.150562724990969,22,1,21,0.045454545454545456,0.11052631578947368,4.013921997846925,25,2,23,0.08,0.12105263157894737,4.301310460213668,19,1,18,0.05263157894736842,0.09473684210526316,4.093905590210611,20,1,19,0.05,0.1,4.619605970112599,3,0,3,0.0,0.015789473684210527,4.291069124213534,7,0,7,0.0,0.03684210526315789,4.706595856673826,20,1,19,0.05,0.1,4.3608379507985084,21,1,20,0.047619047619047616,0.10526315789473684,1.906828
gaussian,gaussian,250,200,80,0.6,20,block_ar1,0.6,9,17,0,17,13,0,13,0.0,0.08947368421052632,0.0,0.06842105263157895,21,3,18,16,0,16,0.14285714285714285,0.09473684210526316,0.0,0.08421052631578947,4.14669272104317,22,3,19,0.13636363636363635,0.1,4.0484972372563215,23,3,20,0.13043478260869565,0.10526315789473684,4.303983753890575,20,1,19,0.05,0.1,4.016170743388048,23,3,20,0.13043478260869565,0.10526315789473684,4.392502307508556,7,0,7,0.0,0.03684210526315789,4.184984190247039,10,0,10,0.0,0.05263157894736842,4.756402523719394,19,1,18,0.05263157894736842,0.09473684210526316,4.338626878727424,20,1,19,0.05,0.1,1.918125
gaussian,gaussian,250,200,80,0.6,20,block_ar1,0.6,10,19,1,18,13,1,12,0.05263157894736842,0.09473684210526316,0.07692307692307693,0.06315789473684211,23,2,21,14,1,13,0.08695652173913043,0.11052631578947368,0.07142857142857142,0.06842105263157895,4.8174560937075555,22,1,21,0.045454545454545456,0.11052631578947368,3.971748436999731,24,2,22,0.08333333333333333,0.11578947368421053,4.7711374404061315,22,1,21,0.045454545454545456,0.11052631578947368,4.0828097859474175,23,1,22,0.043478260869565216,0.11578947368421053,4.3549059373807655,10,1,9,0.1,0.04736842105263158,4.2542251450094835,11,1,10,0.09090909090909091,0.05263157894736842,4.8174560937075555,22,1,21,0.045454545454545456,0.11052631578947368,4.8174560937075555,22,1,21,0.045454545454545456,0.11052631578947368,1.825253
gaussian,gaussian,250,200,80,0.6,20,block_ar1,0.6,11,18,0,18,11,0,11,0.0,0.09473684210526316,0.0,0.05789473684210526,20,0,20,13,0,13,0.0,0.10526315789473684,0.0,0.06842105263157895,4.145398330742543,24,3,21,0.125,0.11052631578947368,4.102194015635108,25,3,22,0.12,0.11578947368421053,4.246242395804757,23,2,21,0.08695652173913043,0.11052631578947368,4.098761880534475,24,3,21,0.125,0.11052631578947368,4.694232311892351,3,0,3,0.0,0.015789473684210527,4.26077400685946,7,0,7,0.0,0.03684210526315789,4.713171042972232,22,1,21,0.045454545454545456,0.11052631578947368,4.145398330742543,24,3,21,0.125,0.11052631578947368,1.871875
gaussian,gaussian,250,200,80,0.6,20,block_ar1,0.6,12,17,0,17,9,0,9,0.0,0.08947368421052632,0.0,0.04736842105263158,19,1,18,9,0,9,0.05263157894736842,0.09473684210526316,0.0,0.04736842105263158,4.120390714745966,24,2,22,0.08333333333333333,0.11578947368421053,4.088891049932587,25,3,22,0.12,0.11578947368421053,4.165899228224391,22,1,21,0.045454545454545456,0.11052631578947368,4.023308820585773,24,3,21,0.125,0.11052631578947368,5.005150496397022,2,0,2,0.0,0.010526315789473684,4.389536336787575,4,0,4,0.0,0.021052631578947368,4.694530182359137,20,1,19,0.05,0.1,4.088891049932587,25,3,22,0.12,0.11578947368421053,1.873975
gaussian,gaussian,250,200,80,0.6,20,block_ar1,0.6,13,17,2,15,12,1,11,0.11764705882352941,0.07894736842105263,0.08333333333333333,0.05789473684210526,20,3,17,14,2,12,0.15,0.08947368421052632,0.14285714285714285,0.06315789473684211,4.211106343369832,22,2,20,0.09090909090909091,0.10526315789473684,4.211106343369832,22,2,20,0.09090909090909091,0.10526315789473684,4.179653407286818,22,2,20,0.09090909090909091,0.10526315789473684,4.179653407286818,22,2,20,0.09090909090909091,0.10526315789473684,4.54143881459696,4,0,4,0.0,0.021052631578947368,4.33075199252289,7,1,6,0.14285714285714285,0.031578947368421054,4.601327947090146,19,2,17,0.10526315789473684,0.08947368421052632,4.211106343369832,22,2,20,0.09090909090909091,0.10526315789473684,1.928605
gaussian,gaussian,250,200,80,0.6,20,block_ar1,0.6,14,25,0,25,20,0,20,0.0,0.13157894736842105,0.0,0.10526315789473684,28,1,27,21,0,21,0.03571428571428571,0.14210526315789473,0.0,0.11052631578947368,4.156551175985041,30,0,30,0.0,0.15789473684210525,3.911419401430666,31,1,30,0.03225806451612903,0.15789473684210525,4.114190235796943,30,0,30,0.0,0.15789473684210525,4.114190235796943,30,0,30,0.0,0.15789473684210525,4.285014474306474,12,1,11,0.08333333333333333,0.05789473684210526,4.080126801004772,15,1,14,0.06666666666666667,0.07368421052631578,4.602109016930934,27,0,27,0.0,0.14210526315789473,4.156551175985041,30,0,30,0.0,0.15789473684210525,2.078082
gaussian,gaussian,250,200,80,0.6,20,block_ar1,0.6,15,23,2,21,14,0,14,0.08695652173913043,0.11052631578947368,0.0,0.07368421052631578,25,2,23,18,0,18,0.08,0.12105263157894737,0.0,0.09473684210526316,4.345132955658172,27,3,24,0.1111111111111111,0.12631578947368421,4.345132955658172,27,3,24,0.1111111111111111,0.12631578947368421,4.295091931401299,27,3,24,0.1111111111111111,0.12631578947368421,4.295091931401299,27,3,24,0.1111111111111111,0.12631578947368421,4.762131890451324,4,0,4,0.0,0.021052631578947368,4.087971861077334,14,1,13,0.07142857142857142,0.06842105263157895,4.440446697737014,26,2,24,0.07692307692307693,0.12631578947368421,4.345132955658172,27,3,24,0.1111111111111111,0.12631578947368421,1.972421
gaussian,gaussian,250,200,80,0.6,20,block_ar1,0.6,16,22,2,20,17,0,17,0.09090909090909091,0.10526315789473684,0.0,0.08947368421052632,23,2,21,17,0,17,0.08695652173913043,0.11052631578947368,0.0,0.08947368421052632,4.1602957313728535,25,3,22,0.12,0.11578947368421053,4.1602957313728535,25,3,22,0.12,0.11578947368421053,4.111670104942444,25,3,22,0.12,0.11578947368421053,4.111670104942444,25,3,22,0.12,0.11578947368421053,4.355409351364911,9,0,9,0.0,0.04736842105263158,4.131180669870111,14,2,12,0.14285714285714285,0.06315789473684211,5.206793450028678,21,0,21,0.0,0.11052631578947368,4.1602957313728535,25,3,22,0.12,0.11578947368421053,1.733259
gaussian,gaussian,250,200,80,0.6,20,block_ar1,0.6,17,17,2,15,13,1,12,0.11764705882352941,0.07894736842105263,0.07692307692307693,0.06315789473684211,25,6,19,14,1,13,0.24,0.1,0.07142857142857142,0.06842105263157895,4.12427171480299,24,3,21,0.125,0.11052631578947368,3.958474049784601,26,5,21,0.19230769230769232,0.11052631578947368,4.455099150040995,22,2,20,0.09090909090909091,0.10526315789473684,4.07106421789977,24,3,21,0.125,0.11052631578947368,4.577509436412782,9,1,8,0.1111111111111111,0.042105263157894736,4.130398347828288,13,3,10,0.23076923076923078,0.05263157894736842,4.513325859702587,22,2,20,0.09090909090909091,0.10526315789473684,4.12427171480299,24,3,21,0.125,0.11052631578947368,1.90652
gaussian,gaussian,250,200,80,0.6,20,block_ar1,0.6,18,26,3,23,16,0,16,0.11538461538461539,0.12105263157894737,0.0,0.08421052631578947,28,5,23,18,0,18,0.17857142857142858,0.12105263157894737,0.0,0.09473684210526316,4.1108475722493045,27,3,24,0.1111111111111111,0.12631578947368421,3.979559819121939,29,4,25,0.13793103448275862,0.13157894736842105,4.15929013596199,26,3,23,0.11538461538461539,0.12105263157894737,3.925733026827068,29,4,25,0.13793103448275862,0.13157894736842105,4.400938372649159,10,0,10,0.0,0.05263157894736842,4.242079216812349,11,0,11,0.0,0.05789473684210526,5.187613558330096,23,1,22,0.043478260869565216,0.11578947368421053,4.033281509920225,28,3,25,0.10714285714285714,0.13157894736842105,1.880186
gaussian,gaussian,250,200,80,0.6,20,block_ar1,0.6,19,19,0,19,14,0,14,0.0,0.1,0.0,0.07368421052631578,25,3,22,15,0,15,0.12,0.11578947368421053,0.0,0.07894736842105263,4.076860343738769,33,8,25,0.24242424242424243,0.13157894736842105,4.076860343738769,33,8,25,0.24242424242424243,0.13157894736842105,4.12260742856755,29,4,25,0.13793103448275862,0.13157894736842105,4.017204204267952,32,7,25,0.21875,0.13157894736842105,4.412702681558888,7,0,7,0.0,0.03684210526315789,4.077355007918288,15,2,13,0.13333333333333333,0.06842105263157895,4.637965049041615,26,1,25,0.038461538461538464,0.13157894736842105,4.076860343738769,33,8,25,0.24242424242424243,0.13157894736842105,1.906815
gaussian,gaussian,250,200,80,0.6,20,block_ar1,0.6,20,18,0,18,16,0,16,0.0,0.09473684210526316,0.0,0.08421052631578947,19,1,18,16,0,16,0.05263157894736842,0.09473684210526316,0.0,0.08421052631578947,4.647713344037869,22,2,20,0.09090909090909091,0.10526315789473684,4.647713344037869,22,2,20,0.09090909090909091,0.10526315789473684,4.604524491765053,22,2,20,0.09090909090909091,0.10526315789473684,4.604524491765053,22,2,20,0.09090909090909091,0.10526315789473684,4.4398055536019285,9,0,9,0.0,0.04736842105263158,4.281777549117873,10,0,10,0.0,0.05263157894736842,4.647713344037869,22,2,20,0.09090909090909091,0.10526315789473684,4.647713344037869,22,2,20,0.09090909090909091,0.10526315789473684,1.889511
gaussian,gaussian,250,200,80,0.6,20,block_ar1,0.6,21,17,1,16,14,0,14,0.058823529411764705,0.08421052631578947,0.0,0.07368421052631578,18,2,16,16,0,16,0.1111111111111111,0.08421052631578947,0.0,0.08421052631578947,4.216509198692683,19,2,17,0.10526315789473684,0.08947368421052632,4.0003327489099645,21,3,18,0.14285714285714285,0.09473684210526316,4.1862295863362124,19,2,17,0.10526315789473684,0.08947368421052632,4.077498339555075,20,2,18,0.1,0.09473684210526316,4.584499522101548,3,0,3,0.0,0.015789473684210527,4.332550250991512,6,0,6,0.0,0.031578947368421054,6.061145740192961,16,0,16,0.0,0.08421052631578947,4.216509198692683,19,2,17,0.10526315789473684,0.08947368421052632,1.894473
gaussian,gaussian,250,200,80,0.6,20,block_ar1,0.6,22,18,0,18,16,0,16,0.0,0.09473684210526316,0.0,0.08421052631578947,21,1,20,18,0,18,0.047619047619047616,0.10526315789473684,0.0,0.09473684210526316,4.394996909710827,25,2,23,0.08,0.12105263157894737,3.944647386023876,28,4,24,0.14285714285714285,0.12631578947368421,4.3426489134974355,25,2,23,0.08,0.12105263157894737,4.004556827388612,27,3,24,0.1111111111111111,0.12631578947368421,4.2935063864673815,12,0,12,0.0,0.06315789473684211,4.0785938293067066,17,1,16,0.058823529411764705,0.08421052631578947,4.5894553970224825,23,1,22,0.043478260869565216,0.11578947368421053,4.07868938280697,26,2,24,0.07692307692307693,0.12631578947368421,1.841559
gaussian,gaussian,250,200,80,0.6,20,block_ar1,0.6,23,21,1,20,15,0,15,0.047619047619047616,0.10526315789473684,0.0,0.07894736842105263,22,2,20,17,0,17,0.09090909090909091,0.10526315789473684,0.0,0.08947368421052632,4.198030830784996,23,1,22,0.043478260869565216,0.11578947368421053,3.97238695518711,25,3,22,0.12,0.11578947368421053,4.163564318839888,23,1,22,0.043478260869565216,0.11578947368421053,3.9747221449785752,24,2,22,0.08333333333333333,0.11578947368421053,4.640425271366662,4,0,4,0.0,0.021052631578947368,4.295431738321677,8,1,7,0.125,0.03684210526315789,4.661491871595587,22,0,22,0.0,0.11578947368421053,4.198030830784996,23,1,22,0.043478260869565216,0.11578947368421053,1.729672
gaussian,gaussian,250,200,80,0.6,20,block_ar1,0.6,24,17,1,16,12,0,12,0.058823529411764705,0.08421052631578947,0.0,0.06315789473684211,17,1,16,13,0,13,0.058823529411764705,0.08421052631578947,0.0,0.06842105263157895,4.773317279833364,19,1,18,0.05263157894736842,0.09473684210526316,4.773317279833364,19,1,18,0.05263157894736842,0.09473684210526316,4.742854693023596,19,1,18,0.05263157894736842,0.09473684210526316,4.742854693023596,19,1,18,0.05263157894736842,0.09473684210526316,4.427143417039943,6,0,6,0.0,0.031578947368421054,4.116655395265153,13,1,12,0.07692307692307693,0.06315789473684211,4.773317279833364,19,1,18,0.05263157894736842,0.09473684210526316,4.773317279833364,19,1,18,0.05263157894736842,0.09473684210526316,2.03922
gaussian,gaussian,250,200,80,0.6,20,block_ar1,0.6,25,20,4,16,10,0,10,0.2,0.08421052631578947,0.0,0.05263157894736842,23,6,17,10,0,10,0.2608695652173913,0.08947368421052632,0.0,0.05263157894736842,4.226563059907975,19,2,17,0.10526315789473684,0.08947368421052632,3.9645897174164983,26,8,18,0.3076923076923077,0.09473684210526316,4.753543681056604,17,0,17,0.0,0.08947368421052632,4.031562831830138,22,5,17,0.22727272727272727,0.08947368421052632,4.544872623298481,5,0,5,0.0,0.02631578947368421,4.544872623298481,5,0,5,0.0,0.02631578947368421,4.820015329549922,17,0,17,0.0,0.08947368421052632,4.820015329549922,17,0,17,0.0,0.08947368421052632,1.878111
gaussian,gaussian,250,200,80,0.6,20,block_ar1,0.6,26,20,1,19,12,0,12,0.05,0.1,0.0,0.06315789473684211,24,4,20,14,0,14,0.16666666666666666,0.10526315789473684,0.0,0.07368421052631578,4.323411716965654,23,2,21,0.08695652173913043,0.11052631578947368,3.983421495617082,25,3,22,0.12,0.11578947368421053,4.273640423748751,22,1,21,0.045454545454545456,0.11052631578947368,4.064518354508516,23,2,21,0.08695652173913043,0.11052631578947368,4.446201308396794,6,0,6,0.0,0.031578947368421054,4.446201308396794,6,0,6,0.0,0.031578947368421054,4.69819162135025,22,1,21,0.045454545454545456,0.11052631578947368,4.111854188773739,24,3,21,0.125,0.11052631578947368,1.719251
gaussian,gaussian,250,200,80,0.6,20,block_ar1,0.6,27,21,2,19,14,0,14,0.09523809523809523,0.1,0.0,0.07368421052631578,23,4,19,16,1,15,0.17391304347826086,0.1,0.0625,0.07894736842105263,4.210440058132422,25,4,21,0.16,0.11052631578947368,3.985009343836,26,5,21,0.19230769230769232,0.11052631578947368,4.158048081426855,25,4,21,0.16,0.11052631578947368,3.935422480270406,26,5,21,0.19230769230769232,0.11052631578947368,4.411666831492792,10,0,10,0.0,0.05263157894736842,4.110990497698644,15,1,14,0.06666666666666667,0.07368421052631578,4.471050671464783,24,4,20,0.16666666666666666,0.10526315789473684,4.210440058132422,25,4,21,0.16,0.11052631578947368,1.902391
gaussian,gaussian,250,200,80,0.6,20,block_ar1,0.6,28,21,0,21,14,0,14,0.0,0.11052631578947368,0.0,0.07368421052631578,23,1,22,16,0,16,0.043478260869565216,0.11578947368421053,0.0,0.08421052631578947,5.164635653593466,21,0,21,0.0,0.11052631578947368,4.059360478685844,22,1,21,0.045454545454545456,0.11052631578947368,5.094333835187592,21,0,21,0.0,0.11052631578947368,4.004103836715758,22,1,21,0.045454545454545456,0.11052631578947368,4.368274840531406,10,0,10,0.0,0.05263157894736842,4.368274840531406,10,0,10,0.0,0.05263157894736842,5.164635653593466,21,0,21,0.0,0.11052631578947368,5.164635653593466,21,0,21,0.0,0.11052631578947368,1.881813
gaussian,gaussian,250,200,80,0.6,20,block_ar1,0.6,29,25,5,20,15,0,15,0.2,0.10526315789473684,0.0,0.07894736842105263,26,5,21,16,0,16,0.19230769230769232,0.11052631578947368,0.0,0.08421052631578947,4.147556407683929,27,5,22,0.18518518518518517,0.11578947368421053,4.147556407683929,27,5,22,0.18518518518518517,0.11578947368421053,4.107082611437345,27,5,22,0.18518518518518517,0.11578947368421053,4.107082611437345,27,5,22,0.18518518518518517,0.11578947368421053,4.226521571647177,17,3,14,0.17647058823529413,0.07368421052631578,4.085695422809765,19,4,15,0.21052631578947367,0.07894736842105263,4.886851727933284,22,0,22,0.0,0.11578947368421053,4.147556407683929,27,5,22,0.18518518518518517,0.11578947368421053,1.71683
gaussian,gaussian,250,200,80,0.6,20,block_ar1,0.6,30,16,2,14,8,0,8,0.125,0.07368421052631578,0.0,0.042105263157894736,21,5,16,8,0,8,0.23809523809523808,0.08421052631578947,0.0,0.042105263157894736,4.143445922545028,23,4,19,0.17391304347826086,0.1,4.031767726497532,26,6,20,0.23076923076923078,0.10526315789473684,4.156564040409571,22,3,19,0.13636363636363635,0.1,3.991854805789589,26,6,20,0.23076923076923078,0.10526315789473684,4.716696301635629,4,0,4,0.0,0.021052631578947368,4.716696301635629,4,0,4,0.0,0.021052631578947368,4.816132459672169,19,1,18,0.05263157894736842,0.09473684210526316,4.143445922545028,23,4,19,0.17391304347826086,0.1,2.185935
gaussian,gaussian,250,200,80,0.6,20,block_ar1,0.6,31,20,2,18,15,0,15,0.1,0.09473684210526316,0.0,0.07894736842105263,24,5,19,16,1,15,0.20833333333333334,0.1,0.0625,0.07894736842105263,4.20153229834563,24,3,21,0.125,0.11052631578947368,4.058385407788074,26,5,21,0.19230769230769232,0.11052631578947368,4.147474228962559,24,3,21,0.125,0.11052631578947368,4.00616910564425,26,5,21,0.19230769230769232,0.11052631578947368,4.298219743928127,11,2,9,0.18181818181818182,0.04736842105263158,4.124238667588675,15,3,12,0.2,0.06315789473684211,4.744956555064954,23,2,21,0.08695652173913043,0.11052631578947368,4.20153229834563,24,3,21,0.125,0.11052631578947368,1.797207
gaussian,gaussian,250,200,80,0.6,20,block_ar1,0.6,32,18,1,17,13,0,13,0.05555555555555555,0.08947368421052632,0.0,0.06842105263157895,21,2,19,14,0,14,0.09523809523809523,0.1,0.0,0.07368421052631578,4.153510575757949,25,2,23,0.08,0.12105263157894737,4.00629805626449,26,3,23,0.11538461538461539,0.12105263157894737,4.277166339040364,23,2,21,0.08695652173913043,0.11052631578947368,4.04797433466296,25,2,23,0.08,0.12105263157894737,4.50206659881879,5,0,5,0.0,0.02631578947368421,4.244011345799398,7,0,7,0.0,0.03684210526315789,4.836961159636181,23,1,22,0.043478260869565216,0.11578947368421053,4.153510575757949,25,2,23,0.08,0.12105263157894737,1.770008
gaussian,gaussian,250,200,80,0.6,20,block_ar1,0.6,33,19,0,19,13,0,13,0.0,0.1,0.0,0.06842105263157895,21,1,20,15,0,15,0.047619047619047616,0.10526315789473684,0.0,0.07894736842105263,4.217559684403091,24,1,23,0.041666666666666664,0.12105263157894737,4.217559684403091,24,1,23,0.041666666666666664,0.12105263157894737,4.168478976235576,24,1,23,0.041666666666666664,0.12105263157894737,4.168478976235576,24,1,23,0.041666666666666664,0.12105263157894737,4.486962833359843,6,0,6,0.0,0.031578947368421054,4.13606953524221,11,1,10,0.09090909090909091,0.05263157894736842,4.559206071825511,22,1,21,0.045454545454545456,0.11052631578947368,4.217559684403091,24,1,23,0.041666666666666664,0.12105263157894737,1.933878
gaussian,gaussian,250,200,80,0.6,20,block_ar1,0.6,34,19,0,19,12,0,12,0.0,0.1,0.0,0.06315789473684211,21,2,19,13,0,13,0.09523809523809523,0.1,0.0,0.06842105263157895,4.45297741559441,24,0,24,0.0,0.12631578947368421,3.982346214913255,27,2,25,0.07407407407407407,0.13157894736842105,4.383665844151747,23,0,23,0.0,0.12105263157894737,3.9856595800781927,25,1,24,0.04,0.12631578947368421,4.845414837291264,5,0,5,0.0,0.02631578947368421,4.206127370274562,9,1,8,0.1111111111111111,0.042105263157894736,4.4955548445782005,23,0,23,0.0,0.12105263157894737,4.45297741559441,24,0,24,0.0,0.12631578947368421,1.791902
gaussian,gaussian,250,200,80,0.6,20,block_ar1,0.6,35,9,0,9,5,0,5,0.0,0.04736842105263158,0.0,0.02631578947368421,11,1,10,7,0,7,0.09090909090909091,0.05263157894736842,0.0,0.03684210526315789,4.640058280569362,17,4,13,0.23529411764705882,0.06842105263157895,4.0357869984572305,20,5,15,0.25,0.07894736842105263,4.612912603407575,17,4,13,0.23529411764705882,0.06842105263157895,4.012176482310778,20,5,15,0.25,0.07894736842105263,5.0889855773988035,1,0,1,0.0,0.005263157894736842,5.0889855773988035,1,0,1,0.0,0.005263157894736842,4.640058280569362,17,4,13,0.23529411764705882,0.06842105263157895,4.640058280569362,17,4,13,0.23529411764705882,0.06842105263157895,1.944353
gaussian,gaussian,250,200,80,0.6,20,block_ar1,0.6,36,17,0,17,14,0,14,0.0,0.08947368421052632,0.0,0.07368421052631578,23,3,20,14,0,14,0.13043478260869565,0.10526315789473684,0.0,0.07368421052631578,4.306976100394408,22,1,21,0.045454545454545456,0.11052631578947368,3.983629078483191,26,4,22,0.15384615384615385,0.11578947368421053,4.256186973845232,22,1,21,0.045454545454545456,0.11052631578947368,3.936652954939451,26,4,22,0.15384615384615385,0.11578947368421053,4.4082865176475465,7,1,6,0.14285714285714285,0.031578947368421054,4.175588455198202,10,1,9,0.1,0.04736842105263158,4.6594730507309485,20,1,19,0.05,0.1,4.306976100394408,22,1,21,0.045454545454545456,0.11052631578947368,1.974768
gaussian,gaussian,250,200,80,0.6,20,block_ar1,0.6,37,23,4,19,14,0,14,0.17391304347826086,0.1,0.0,0.07368421052631578,29,8,21,15,0,15,0.27586206896551724,0.11052631578947368,0.0,0.07894736842105263,4.083275499621583,30,7,23,0.23333333333333334,0.12105263157894737,4.083275499621583,30,7,23,0.23333333333333334,0.12105263157894737,4.092438926790694,27,5,22,0.18518518518518517,0.11578947368421053,4.0296523966377595,29,6,23,0.20689655172413793,0.12105263157894737,4.36295112173902,8,1,7,0.125,0.03684210526315789,4.1832259188086525,11,2,9,0.18181818181818182,0.04736842105263158,4.626463434354481,24,2,22,0.08333333333333333,0.11578947368421053,4.083275499621583,30,7,23,0.23333333333333334,0.12105263157894737,1.699768
gaussian,gaussian,250,200,80,0.6,20,block_ar1,0.6,38,23,3,20,14,0,14,0.13043478260869565,0.10526315789473684,0.0,0.07368421052631578,25,3,22,14,0,14,0.12,0.11578947368421053,0.0,0.07368421052631578,4.111061520424258,29,5,24,0.1724137931034483,0.12631578947368421,4.111061520424258,29,5,24,0.1724137931034483,0.12631578947368421,4.202508994640549,28,4,24,0.14285714285714285,0.12631578947368421,4.066918512411945,29,5,24,0.1724137931034483,0.12631578947368421,4.454519722827299,6,0,6,0.0,0.031578947368421054,4.328661820253947,8,0,8,0.0,0.042105263157894736,4.334949176750218,27,3,24,0.1111111111111111,0.12631578947368421,4.111061520424258,29,5,24,0.1724137931034483,0.12631578947368421,1.78476
gaussian,gaussian,250,200,80,0.6,20,block_ar1,0.6,39,22,4,18,13,0,13,0.18181818181818182,0.09473684210526316,0.0,0.06842105263157895,26,7,19,14,0,14,0.2692307692307692,0.1,0.0,0.07368421052631578,4.127080043468135,27,6,21,0.2222222222222222,0.11052631578947368,3.9710427684779956,31,9,22,0.2903225806451613,0.11578947368421053,4.090332074904329,27,6,21,0.2222222222222222,0.11052631578947368,3.935684172743339,30,9,21,0.3,0.11052631578947368,4.410559081562788,7,1,6,0.14285714285714285,0.031578947368421054,4.14374382881154,11,2,9,0.18181818181818182,0.04736842105263158,4.426687134860405,24,4,20,0.16666666666666666,0.10526315789473684,3.9998396876447364,30,8,22,0.26666666666666666,0.11578947368421053,1.954103
gaussian,gaussian,250,200,80,0.6,20,block_ar1,0.6,40,14,0,14,10,0,10,0.0,0.07368421052631578,0.0,0.05263157894736842,16,0,16,11,0,11,0.0,0.08421052631578947,0.0,0.05789473684210526,4.423421297630239,21,2,19,0.09523809523809523,0.1,4.050544026764823,23,3,20,0.13043478260869565,0.10526315789473684,4.36232602348909,21,2,19,0.09523809523809523,0.1,3.9945988474375533,23,3,20,0.13043478260869565,0.10526315789473684,4.522519776099778,5,0,5,0.0,0.02631578947368421,4.171229364065708,10,1,9,0.1,0.04736842105263158,4.557119037690128,20,2,18,0.1,0.09473684210526316,4.423421297630239,21,2,19,0.09523809523809523,0.1,1.740791
gaussian,gaussian,250,200,80,0.6,20,block_ar1,0.6,41,23,2,21,18,1,17,0.08695652173913043,0.11052631578947368,0.05555555555555555,0.08947368421052632,25,2,23,19,1,18,0.08,0.12105263157894737,0.05263157894736842,0.09473684210526316,4.3384166825298855,27,3,24,0.1111111111111111,0.12631578947368421,4.3384166825298855,27,3,24,0.1111111111111111,0.12631578947368421,4.28854317099444,27,3,24,0.1111111111111111,0.12631578947368421,4.28854317099444,27,3,24,0.1111111111111111,0.12631578947368421,4.370584429532828,8,0,8,0.0,0.042105263157894736,4.102591241367391,13,0,13,0.0,0.06842105263157895,4.3384166825298855,27,3,24,0.1111111111111111,0.12631578947368421,4.3384166825298855,27,3,24,0.1111111111111111,0.12631578947368421,1.954545
gaussian,gaussian,250,200,80,0.6,20,block_ar1,0.6,42,18,0,18,14,0,14,0.0,0.09473684210526316,0.0,0.07368421052631578,21,1,20,15,0,15,0.047619047619047616,0.10526315789473684,0.0,0.07894736842105263,4.118602096861681,26,1,25,0.038461538461538464,0.13157894736842105,3.9530589117437063,28,2,26,0.07142857142857142,0.1368421052631579,4.177667748191055,24,0,24,0.0,0.12631578947368421,3.9269664458127402,28,2,26,0.07142857142857142,0.1368421052631579,4.387941429551827,9,0,9,0.0,0.04736842105263158,4.113043408120512,14,0,14,0.0,0.07368421052631578,4.634348175596723,21,0,21,0.0,0.11052631578947368,4.118602096861681,26,1,25,0.038461538461538464,0.13157894736842105,1.9281
gaussian,gaussian,250,200,80,0.6,20,block_ar1,0.6,43,16,0,16,11,0,11,0.0,0.08421052631578947,0.0,0.05789473684210526,18,0,18,13,0,13,0.0,0.09473684210526316,0.0,0.06842105263157895,4.256612477165401,23,0,23,0.0,0.12105263157894737,4.256612477165401,23,0,23,0.0,0.12105263157894737,4.226601629247316,22,0,22,0.0,0.11578947368421053,4.226601629247316,22,0,22,0.0,0.11578947368421053,4.5557265175152555,6,0,6,0.0,0.031578947368421054,4.232958983090293,9,1,8,0.1111111111111111,0.042105263157894736,4.782525639006658,19,0,19,0.0,0.1,4.256612477165401,23,0,23,0.0,0.12105263157894737,1.708207
gaussian,gaussian,250,200,80,0.6,20,block_ar1,0.6,44,19,2,17,12,0,12,0.10526315789473684,0.08947368421052632,0.0,0.06315789473684211,20,2,18,15,0,15,0.1,0.09473684210526316,0.0,0.07894736842105263,4.13585422087337,27,4,23,0.14814814814814814,0.12105263157894737,3.9396487377351477,28,4,24,0.14285714285714285,0.12631578947368421,4.137091794695043,25,3,22,0.12,0.11578947368421053,4.077417581714892,26,3,23,0.11538461538461539,0.12105263157894737,4.450528883796366,7,1,6,0.14285714285714285,0.031578947368421054,4.1809808891155775,10,1,9,0.1,0.04736842105263158,4.448199844881428,24,3,21,0.125,0.11052631578947368,4.13585422087337,27,4,23,0.14814814814814814,0.12105263157894737,1.8475
gaussian,gaussian,250,200,80,0.6,20,block_ar1,0.6,45,21,2,19,17,1,16,0.09523809523809523,0.1,0.058823529411764705,0.08421052631578947,22,3,19,17,1,16,0.13636363636363635,0.1,0.058823529411764705,0.08421052631578947,4.156186691635862,27,3,24,0.1111111111111111,0.12631578947368421,4.156186691635862,27,3,24,0.1111111111111111,0.12631578947368421,4.165896143402485,25,2,23,0.08,0.12105263157894737,4.085392480224458,26,2,24,0.07692307692307693,0.12631578947368421,4.367557796562546,8,0,8,0.0,0.042105263157894736,4.1298197730667905,14,2,12,0.14285714285714285,0.06315789473684211,4.700607459530687,24,3,21,0.125,0.11052631578947368,4.156186691635862,27,3,24,0.1111111111111111,0.12631578947368421,1.939305
gaussian,gaussian,250,200,80,0.6,20,block_ar1,0.6,46,15,0,15,11,0,11,0.0,0.07894736842105263,0.0,0.05789473684210526,17,1,16,13,0,13,0.058823529411764705,0.08421052631578947,0.0,0.06842105263157895,4.43516314264974,22,3,19,0.13636363636363635,0.1,4.006768900553875,23,4,19,0.17391304347826086,0.1,4.376226481892887,21,2,19,0.09523809523809523,0.1,4.376226481892887,21,2,19,0.09523809523809523,0.1,4.455012737250027,6,0,6,0.0,0.031578947368421054,4.371260255651919,7,0,7,0.0,0.03684210526315789,4.687717063598464,18,0,18,0.0,0.09473684210526316,4.43516314264974,22,3,19,0.13636363636363635,0.1,2.019351
gaussian,gaussian,250,200,80,0.6,20,block_ar1,0.6,47,17,0,17,13,0,13,0.0,0.08947368421052632,0.0,0.06842105263157895,19,1,18,13,0,13,0.05263157894736842,0.09473684210526316,0.0,0.06842105263157895,5.282005553236504,18,0,18,0.0,0.09473684210526316,4.0117660688439605,20,1,19,0.05,0.1,5.220658461046679,18,0,18,0.0,0.09473684210526316,4.072757433739944,19,0,19,0.0,0.1,4.468758916638738,8,0,8,0.0,0.042105263157894736,4.236052359463572,10,0,10,0.0,0.05263157894736842,5.282005553236504,18,0,18,0.0,0.09473684210526316,5.282005553236504,18,0,18,0.0,0.09473684210526316,1.813288
gaussian,gaussian,250,200,80,0.6,20,block_ar1,0.6,48,17,0,17,14,0,14,0.0,0.08947368421052632,0.0,0.07368421052631578,20,1,19,15,0,15,0.05,0.1,0.0,0.07894736842105263,4.386632254879832,21,1,20,0.047619047619047616,0.10526315789473684,4.011064565434856,24,2,22,0.08333333333333333,0.11578947368421053,4.337276148263326,21,1,20,0.047619047619047616,0.10526315789473684,3.965934151296068,24,2,22,0.08333333333333333,0.11578947368421053,4.37222883467158,10,0,10,0.0,0.05263157894736842,4.14639285729408,14,0,14,0.0,0.07368421052631578,4.626757225557191,20,0,20,0.0,0.10526315789473684,4.386632254879832,21,1,20,0.047619047619047616,0.10526315789473684,1.876963
gaussian,gaussian,250,200,80,0.6,20,block_ar1,0.6,49,13,0,13,11,0,11,0.0,0.06842105263157895,0.0,0.05789473684210526,15,0,15,13,0,13,0.0,0.07894736842105263,0.0,0.06842105263157895,4.170705800522055,22,0,22,0.0,0.11578947368421053,4.170705800522055,22,0,22,0.0,0.11578947368421053,4.201527517335308,21,0,21,0.0,0.11052631578947368,4.201527517335308,21,0,21,0.0,0.11052631578947368,4.450122266341817,6,0,6,0.0,0.031578947368421054,4.450122266341817,6,0,6,0.0,0.031578947368421054,4.691729366626621,18,0,18,0.0,0.09473684210526316,4.170705800522055,22,0,22,0.0,0.11578947368421053,1.789829
gaussian,gaussian,250,200,80,0.6,20,block_ar1,0.6,50,23,3,20,15,0,15,0.13043478260869565,0.10526315789473684,0.0,0.07894736842105263,26,4,22,17,0,17,0.15384615384615385,0.11578947368421053,0.0,0.08947368421052632,4.145838692246063,30,5,25,0.16666666666666666,0.13157894736842105,3.977672410170102,32,6,26,0.1875,0.1368421052631579,4.0971653201257565,30,5,25,0.16666666666666666,0.13157894736842105,3.9309733599260612,32,6,26,0.1875,0.1368421052631579,4.3350294614708496,11,1,10,0.09090909090909091,0.05263157894736842,4.029361042873146,19,1,18,0.05263157894736842,0.09473684210526316,4.544432630740954,24,2,22,0.08333333333333333,0.11578947368421053,4.145838692246063,30,5,25,0.16666666666666666,0.13157894736842105,1.781897
gaussian,gaussian,250,200,80,0.6,20,block_ar1,0.6,51,18,1,17,13,0,13,0.05555555555555555,0.08947368421052632,0.0,0.06842105263157895,24,4,20,13,0,13,0.16666666666666666,0.10526315789473684,0.0,0.06842105263157895,4.176458793766171,26,2,24,0.07692307692307693,0.12631578947368421,3.947400695865404,29,5,24,0.1724137931034483,0.12631578947368421,4.130154753760502,26,2,24,0.07692307692307693,0.12631578947368421,3.980754282412505,28,4,24,0.14285714285714285,0.12631578947368421,4.377234660150694,9,0,9,0.0,0.04736842105263158,4.20068916108119,10,1,9,0.1,0.04736842105263158,4.785390975593502,24,1,23,0.041666666666666664,0.12105263157894737,4.176458793766171,26,2,24,0.07692307692307693,0.12631578947368421,1.929163
gaussian,gaussian,250,200,80,0.6,20,block_ar1,0.6,52,21,1,20,18,0,18,0.047619047619047616,0.10526315789473684,0.0,0.09473684210526316,24,3,21,19,0,19,0.125,0.11052631578947368,0.0,0.1,4.081919550680163,30,3,27,0.1,0.14210526315789473,3.909415761732257,34,6,28,0.17647058823529413,0.14736842105263157,4.12049226203695,29,3,26,0.10344827586206896,0.1368421052631579,3.871429035230819,34,6,28,0.17647058823529413,0.14736842105263157,4.364498714997293,8,0,8,0.0,0.042105263157894736,4.024593142587292,18,1,17,0.05555555555555555,0.08947368421052632,4.587680191749049,27,2,25,0.07407407407407407,0.13157894736842105,4.081919550680163,30,3,27,0.1,0.14210526315789473,1.938457
gaussian,gaussian,250,200,80,0.6,20,block_ar1,0.6,53,15,1,14,12,0,12,0.06666666666666667,0.07368421052631578,0.0,0.06315789473684211,17,2,15,13,0,13,0.11764705882352941,0.07894736842105263,0.0,0.06842105263157895,4.171219484942238,25,5,20,0.2,0.10526315789473684,4.008036273723204,26,6,20,0.23076923076923078,0.10526315789473684,4.137451481012222,24,4,20,0.16666666666666666,0.10526315789473684,3.975589315434071,25,5,20,0.2,0.10526315789473684,4.35163880708608,9,0,9,0.0,0.04736842105263158,4.228941467941926,10,1,9,0.1,0.04736842105263158,4.448868508341718,23,4,19,0.17391304347826086,0.1,4.008036273723204,26,6,20,0.23076923076923078,0.10526315789473684,1.831308
gaussian,gaussian,250,200,80,0.6,20,block_ar1,0.6,54,22,2,20,16,0,16,0.09090909090909091,0.10526315789473684,0.0,0.08421052631578947,23,3,20,19,0,19,0.13043478260869565,0.10526315789473684,0.0,0.1,4.137170425132272,32,6,26,0.1875,0.1368421052631579,4.137170425132272,32,6,26,0.1875,0.1368421052631579,4.064448244132361,31,5,26,0.16129032258064516,0.1368421052631579,4.064448244132361,31,5,26,0.16129032258064516,0.1368421052631579,4.373684525540949,12,1,11,0.08333333333333333,0.05789473684210526,4.107630520135091,14,1,13,0.07142857142857142,0.06842105263157895,4.443081428929155,28,4,24,0.14285714285714285,0.12631578947368421,4.137170425132272,32,6,26,0.1875,0.1368421052631579,1.800238
gaussian,gaussian,250,200,80,0.6,20,block_ar1,0.6,55,14,0,14,8,0,8,0.0,0.07368421052631578,0.0,0.042105263157894736,17,0,17,9,0,9,0.0,0.08947368421052632,0.0,0.04736842105263158,4.288701138223735,18,0,18,0.0,0.09473684210526316,4.288701138223735,18,0,18,0.0,0.09473684210526316,4.268173580932496,18,0,18,0.0,0.09473684210526316,4.268173580932496,18,0,18,0.0,0.09473684210526316,4.715878122365866,3,0,3,0.0,0.015789473684210527,4.715878122365866,3,0,3,0.0,0.015789473684210527,4.714888346681624,16,0,16,0.0,0.08421052631578947,4.288701138223735,18,0,18,0.0,0.09473684210526316,1.911476
gaussian,gaussian,250,200,80,0.6,20,block_ar1,0.6,56,18,1,17,13,0,13,0.05555555555555555,0.08947368421052632,0.0,0.06842105263157895,21,2,19,15,0,15,0.09523809523809523,0.1,0.0,0.07894736842105263,4.18791191783496,26,1,25,0.038461538461538464,0.13157894736842105,4.029207626831412,27,2,25,0.07407407407407407,0.13157894736842105,4.171637461903751,26,1,25,0.038461538461538464,0.13157894736842105,4.013549904499358,27,2,25,0.07407407407407407,0.13157894736842105,4.664934143738188,7,0,7,0.0,0.03684210526315789,4.165099024841519,11,1,10,0.09090909090909091,0.05263157894736842,4.4828063135431,22,0,22,0.0,0.11578947368421053,4.18791191783496,26,1,25,0.038461538461538464,0.13157894736842105,1.778834
gaussian,gaussian,250,200,80,0.6,20,block_ar1,0.6,57,14,0,14,13,0,13,0.0,0.07368421052631578,0.0,0.06842105263157895,14,0,14,13,0,13,0.0,0.07368421052631578,0.0,0.06842105263157895,4.233198015700185,20,2,18,0.1,0.09473684210526316,4.107976189019527,21,2,19,0.09523809523809523,0.1,4.172750666083649,20,2,18,0.1,0.09473684210526316,4.049316926685683,21,2,19,0.09523809523809523,0.1,4.407440869755227,8,0,8,0.0,0.042105263157894736,4.326965411612972,9,0,9,0.0,0.04736842105263158,4.83089678842917,16,0,16,0.0,0.08421052631578947,4.4312314915301645,18,1,17,0.05555555555555555,0.08947368421052632,1.927102
gaussian,gaussian,250,200,80,0.6,20,block_ar1,0.6,58,26,2,24,18,0,18,0.07692307692307693,0.12631578947368421,0.0,0.09473684210526316,28,4,24,18,0,18,0.14285714285714285,0.12631578947368421,0.0,0.09473684210526316,4.066967027055797,32,5,27,0.15625,0.14210526315789473,3.9302944263964004,33,6,27,0.18181818181818182,0.14210526315789473,4.100079290512215,31,4,27,0.12903225806451613,0.14210526315789473,3.897599497599696,33,6,27,0.18181818181818182,0.14210526315789473,4.379480246661652,8,0,8,0.0,0.042105263157894736,4.0231384510855985,20,5,15,0.25,0.07894736842105263,4.622505408338267,26,1,25,0.038461538461538464,0.13157894736842105,4.066967027055797,32,5,27,0.15625,0.14210526315789473,1.891653
gaussian,gaussian,250,200,80,0.6,20,block_ar1,0.6,59,21,4,17,14,0,14,0.19047619047619047,0.08947368421052632,0.0,0.07368421052631578,21,4,17,16,2,14,0.19047619047619047,0.08947368421052632,0.125,0.07368421052631578,4.211898644528669,25,5,20,0.2,0.10526315789473684,4.090427413761391,26,5,21,0.19230769230769232,0.11052631578947368,4.155187993366764,24,4,20,0.16666666666666666,0.10526315789473684,3.999736767318133,25,5,20,0.2,0.10526315789473684,4.322258330602373,10,2,8,0.2,0.042105263157894736,4.0268775319829615,18,4,14,0.2222222222222222,0.07368421052631578,4.59055715763489,23,4,19,0.17391304347826086,0.1,4.090427413761391,26,5,21,0.19230769230769232,0.11052631578947368,1.750416
gaussian,gaussian,250,200,80,0.6,20,block_ar1,0.6,60,18,0,18,15,0,15,0.0,0.09473684210526316,0.0,0.07894736842105263,21,2,19,17,0,17,0.09523809523809523,0.1,0.0,0.08947368421052632,4.276979179799875,22,0,22,0.0,0.11578947368421053,3.989745474071962,24,2,22,0.08333333333333333,0.11578947368421053,4.2274648455199815,22,0,22,0.0,0.11578947368421053,3.991028901426646,23,1,22,0.043478260869565216,0.11578947368421053,4.391665460250521,10,0,10,0.0,0.05263157894736842,4.139096319236055,12,0,12,0.0,0.06315789473684211,4.689712727889544,21,0,21,0.0,0.11052631578947368,4.276979179799875,22,0,22,0.0,0.11578947368421053,1.846265
gaussian,gaussian,250,200,80,0.6,20,block_ar1,0.6,61,21,2,19,17,0,17,0.09523809523809523,0.1,0.0,0.08947368421052632,22,3,19,19,1,18,0.13636363636363635,0.1,0.05263157894736842,0.09473684210526316,4.127411658602445,26,3,23,0.11538461538461539,0.12105263157894737,4.030013433756829,27,4,23,0.14814814814814814,0.12105263157894737,4.219654119722518,24,2,22,0.08333333333333333,0.11578947368421053,3.990998258334507,26,3,23,0.11538461538461539,0.12105263157894737,4.283569059275047,12,1,11,0.08333333333333333,0.05789473684210526,4.175599268985641,13,1,12,0.07692307692307693,0.06315789473684211,4.524147000609553,23,2,21,0.08695652173913043,0.11052631578947368,4.030013433756829,27,4,23,0.14814814814814814,0.12105263157894737,1.900106
gaussian,gaussian,250,200,80,0.6,20,block_ar1,0.6,62,20,2,18,15,0,15,0.1,0.09473684210526316,0.0,0.07894736842105263,24,4,20,17,0,17,0.16666666666666666,0.10526315789473684,0.0,0.08947368421052632,4.116434923541431,26,2,24,0.07692307692307693,0.12631578947368421,3.8976843427124415,31,5,26,0.16129032258064516,0.1368421052631579,4.101327693655931,26,2,24,0.07692307692307693,0.12631578947368421,3.9493556449617975,30,4,26,0.13333333333333333,0.1368421052631579,4.352515138752902,13,0,13,0.0,0.06842105263157895,4.037222879599754,17,2,15,0.11764705882352941,0.07894736842105263,4.606736722099436,22,0,22,0.0,0.11578947368421053,4.116434923541431,26,2,24,0.07692307692307693,0.12631578947368421,1.790027
gaussian,gaussian,250,200,80,0.6,20,block_ar1,0.6,63,23,3,20,15,0,15,0.13043478260869565,0.10526315789473684,0.0,0.07894736842105263,28,7,21,16,0,16,0.25,0.11052631578947368,0.0,0.08421052631578947,4.29989030269213,28,6,22,0.21428571428571427,0.11578947368421053,3.9129984323625826,31,9,22,0.2903225806451613,0.11578947368421053,4.420674663313141,26,4,22,0.15384615384615385,0.11578947368421053,3.996538977915865,27,5,22,0.18518518518518517,0.11578947368421053,4.321069646747479,12,0,12,0.0,0.06315789473684211,4.321069646747479,12,0,12,0.0,0.06315789473684211,4.455725171579528,27,5,22,0.18518518518518517,0.11578947368421053,4.028226612304546,29,7,22,0.2413793103448276,0.11578947368421053,2.198186
gaussian,gaussian,250,200,80,0.6,20,block_ar1,0.6,64,20,2,18,12,0,12,0.1,0.09473684210526316,0.0,0.06315789473684211,22,3,19,13,0,13,0.13636363636363635,0.1,0.0,0.06842105263157895,4.257661675876514,24,3,21,0.125,0.11052631578947368,3.991952052247133,27,6,21,0.2222222222222222,0.11052631578947368,4.20959246066596,23,2,21,0.08695652173913043,0.11052631578947368,3.9468827120980774,26,5,21,0.19230769230769232,0.11052631578947368,4.614540982239857,4,0,4,0.0,0.021052631578947368,4.202478412209934,9,1,8,0.1111111111111111,0.042105263157894736,4.426143965862388,23,2,21,0.08695652173913043,0.11052631578947368,4.082281804843787,25,4,21,0.16,0.11052631578947368,2.651147
gaussian,gaussian,250,200,80,0.6,20,block_ar1,0.6,65,16,0,16,12,0,12,0.0,0.08421052631578947,0.0,0.06315789473684211,17,1,16,14,0,14,0.058823529411764705,0.08421052631578947,0.0,0.07368421052631578,4.339850790925982,21,1,20,0.047619047619047616,0.10526315789473684,3.961241849885579,24,4,20,0.16666666666666666,0.10526315789473684,4.277517836428532,21,1,20,0.047619047619047616,0.10526315789473684,4.0210071335310875,22,2,20,0.09090909090909091,0.10526315789473684,4.611352073031826,6,0,6,0.0,0.031578947368421054,4.611352073031826,6,0,6,0.0,0.031578947368421054,5.17598262276321,17,0,17,0.0,0.08947368421052632,4.339850790925982,21,1,20,0.047619047619047616,0.10526315789473684,2.319001
gaussian,gaussian,250,200,80,0.6,20,block_ar1,0.6,66,14,0,14,11,0,11,0.0,0.07368421052631578,0.0,0.05789473684210526,14,0,14,12,0,12,0.0,0.07368421052631578,0.0,0.06315789473684211,4.7066291741583575,17,0,17,0.0,0.08947368421052632,4.000348268729006,21,2,19,0.09523809523809523,0.1,4.648383255831356,17,0,17,0.0,0.08947368421052632,4.126849748571951,18,0,18,0.0,0.09473684210526316,4.579080109005715,4,0,4,0.0,0.021052631578947368,4.221339545904116,8,1,7,0.125,0.03684210526315789,4.7066291741583575,17,0,17,0.0,0.08947368421052632,4.7066291741583575,17,0,17,0.0,0.08947368421052632,1.868714
gaussian,gaussian,250,200,80,0.6,20,block_ar1,0.6,67,17,0,17,13,0,13,0.0,0.08947368421052632,0.0,0.06842105263157895,22,2,20,15,0,15,0.09090909090909091,0.10526315789473684,0.0,0.07894736842105263,4.340678848557247,25,3,22,0.12,0.11578947368421053,4.000926170803406,26,4,22,0.15384615384615385,0.11578947368421053,4.286258806649583,24,3,21,0.125,0.11052631578947368,3.950765682667556,25,4,21,0.16,0.11052631578947368,4.399734172259338,8,0,8,0.0,0.042105263157894736,4.200774549034651,10,0,10,0.0,0.05263157894736842,4.614933476877675,23,2,21,0.08695652173913043,0.11052631578947368,4.340678848557247,25,3,22,0.12,0.11578947368421053,1.790325
gaussian,gaussian,250,200,80,0.6,20,block_ar1,0.6,68,24,3,21,19,0,19,0.125,0.11052631578947368,0.0,0.1,26,4,22,19,0,19,0.15384615384615385,0.11578947368421053,0.0,0.1,4.107318357507075,27,4,23,0.14814814814814814,0.12105263157894737,3.990256064952828,28,4,24,0.14285714285714285,0.12631578947368421,4.112968931588548,26,4,22,0.15384615384615385,0.11578947368421053,3.9523921642584248,28,4,24,0.14285714285714285,0.12631578947368421,4.424033281021881,10,0,10,0.0,0.05263157894736842,4.134807866149544,16,2,14,0.125,0.07368421052631578,4.925384306482243,24,4,20,0.16666666666666666,0.10526315789473684,4.107318357507075,27,4,23,0.14814814814814814,0.12105263157894737,2.120774
gaussian,gaussian,250,200,80,0.6,20,block_ar1,0.6,69,16,0,16,12,0,12,0.0,0.08421052631578947,0.0,0.06315789473684211,17,0,17,12,0,12,0.0,0.08947368421052632,0.0,0.06315789473684211,4.33770058415773,21,1,20,0.047619047619047616,0.10526315789473684,4.051731633812055,22,1,21,0.045454545454545456,0.11052631578947368,4.276268575160274,21,1,20,0.047619047619047616,0.10526315789473684,3.994349615538899,22,1,21,0.045454545454545456,0.11052631578947368,4.626892823899761,4,0,4,0.0,0.021052631578947368,4.3287901419866985,7,0,7,0.0,0.03684210526315789,5.124941589333136,18,0,18,0.0,0.09473684210526316,4.33770058415773,21,1,20,0.047619047619047616,0.10526315789473684,1.749916
gaussian,gaussian,250,200,80,0.6,20,block_ar1,0.6,70,15,0,15,13,0,13,0.0,0.07894736842105263,0.0,0.06842105263157895,16,0,16,13,0,13,0.0,0.08421052631578947,0.0,0.06842105263157895,4.257827159422083,19,0,19,0.0,0.1,4.12440822186505,20,0,20,0.0,0.10526315789473684,4.214411980290154,19,0,19,0.0,0.1,4.082353456591353,20,0,20,0.0,0.10526315789473684,4.51896939351575,5,0,5,0.0,0.02631578947368421,4.51896939351575,5,0,5,0.0,0.02631578947368421,4.719683375083704,17,0,17,0.0,0.08947368421052632,4.257827159422083,19,0,19,0.0,0.1,1.884045
gaussian,gaussian,250,200,80,0.6,20,block_ar1,0.6,71,23,2,21,12,0,12,0.08695652173913043,0.11052631578947368,0.0,0.06315789473684211,25,4,21,13,0,13,0.16,0.11052631578947368,0.0,0.06842105263157895,4.417472667661174,24,2,22,0.08333333333333333,0.11578947368421053,3.9832354176056533,25,3,22,0.12,0.11578947368421053,4.377876549714651,24,2,22,0.08333333333333333,0.11578947368421053,3.947531595246117,25,3,22,0.12,0.11578947368421053,4.319861405042348,13,0,13,0.0,0.06842105263157895,4.110076962076371,16,0,16,0.0,0.08421052631578947,4.417472667661174,24,2,22,0.08333333333333333,0.11578947368421053,4.417472667661174,24,2,22,0.08333333333333333,0.11578947368421053,1.98801
gaussian,gaussian,250,200,80,0.6,20,block_ar1,0.6,72,17,2,15,11,0,11,0.11764705882352941,0.07894736842105263,0.0,0.05789473684210526,20,4,16,13,1,12,0.2,0.08421052631578947,0.07692307692307693,0.06315789473684211,4.134516234439764,25,3,22,0.12,0.11578947368421053,3.999272778587892,27,5,22,0.18518518518518517,0.11578947368421053,4.2102812783281065,24,3,21,0.125,0.11052631578947368,3.9632146028207633,27,5,22,0.18518518518518517,0.11578947368421053,4.526677791798911,5,0,5,0.0,0.02631578947368421,4.227589681295633,8,0,8,0.0,0.042105263157894736,4.567416157147024,22,3,19,0.13636363636363635,0.1,4.134516234439764,25,3,22,0.12,0.11578947368421053,1.761694
gaussian,gaussian,250,200,80,0.6,20,block_ar1,0.6,73,20,1,19,12,0,12,0.05,0.1,0.0,0.06315789473684211,22,3,19,13,0,13,0.13636363636363635,0.1,0.0,0.06842105263157895,4.107416238928966,28,3,25,0.10714285714285714,0.13157894736842105,4.029581677653855,29,4,25,0.13793103448275862,0.13157894736842105,4.1722929639711746,27,2,25,0.07407407407407407,0.13157894736842105,3.9765959419206776,29,4,25,0.13793103448275862,0.13157894736842105,4.465886336330755,8,1,7,0.125,0.03684210526315789,4.213662062537235,10,1,9,0.1,0.04736842105263158,4.503723320844615,24,1,23,0.041666666666666664,0.12105263157894737,4.029581677653855,29,4,25,0.13793103448275862,0.13157894736842105,1.904523
gaussian,gaussian,250,200,80,0.6,20,block_ar1,0.6,74,14,0,14,10,0,10,0.0,0.07368421052631578,0.0,0.05263157894736842,15,1,14,11,0,11,0.06666666666666667,0.07368421052631578,0.0,0.05789473684210526,4.274040915868701,22,2,20,0.09090909090909091,0.10526315789473684,3.988434507719951,24,4,20,0.16666666666666666,0.10526315789473684,4.211594333012848,21,1,20,0.047619047619047616,0.10526315789473684,4.003568593961295,22,2,20,0.09090909090909091,0.10526315789473684,4.50377136743687,6,0,6,0.0,0.031578947368421054,4.220367186346302,8,0,8,0.0,0.042105263157894736,4.797494940296191,16,1,15,0.0625,0.07894736842105263,4.274040915868701,22,2,20,0.09090909090909091,0.10526315789473684,1.919981
gaussian,gaussian,250,200,80,0.6,20,block_ar1,0.6,75,20,1,19,15,0,15,0.05,0.1,0.0,0.07894736842105263,22,2,20,16,0,16,0.09090909090909091,0.10526315789473684,0.0,0.08421052631578947,4.248080765817457,23,1,22,0.043478260869565216,0.11578947368421053,3.945416236384576,26,3,23,0.11538461538461539,0.12105263157894737,4.203424662043754,23,1,22,0.043478260869565216,0.11578947368421053,3.9916033896538385,24,1,23,0.041666666666666664,0.12105263157894737,4.437372071869393,6,0,6,0.0,0.031578947368421054,4.263332216057093,9,1,8,0.1111111111111111,0.042105263157894736,4.552463817560443,21,0,21,0.0,0.11052631578947368,4.248080765817457,23,1,22,0.043478260869565216,0.11578947368421053,1.810797
gaussian,gaussian,250,200,80,0.6,20,block_ar1,0.6,76,19,1,18,7,0,7,0.05263157894736842,0.09473684210526316,0.0,0.03684210526315789,20,2,18,12,0,12,0.1,0.09473684210526316,0.0,0.06315789473684211,4.151875100300272,22,1,21,0.045454545454545456,0.11052631578947368,3.9481225941340092,25,3,22,0.12,0.11578947368421053,4.585696898010515,20,0,20,0.0,0.10526315789473684,4.072152277646249,23,2,21,0.08695652173913043,0.11052631578947368,4.55774313537834,4,0,4,0.0,0.021052631578947368,4.345723520382155,5,0,5,0.0,0.02631578947368421,4.612418352710704,20,0,20,0.0,0.10526315789473684,4.151875100300272,22,1,21,0.045454545454545456,0.11052631578947368,1.771571
gaussian,gaussian,250,200,80,0.6,20,block_ar1,0.6,77,15,2,13,9,1,8,0.13333333333333333,0.06842105263157895,0.1111111111111111,0.042105263157894736,23,5,18,11,1,10,0.21739130434782608,0.09473684210526316,0.09090909090909091,0.05263157894736842,4.122970369678091,26,5,21,0.19230769230769232,0.11052631578947368,3.9101358431481112,29,8,21,0.27586206896551724,0.11052631578947368,4.134860096587533,25,4,21,0.16,0.11052631578947368,3.9378790423760677,27,6,21,0.2222222222222222,0.11052631578947368,4.4662304877066585,5,2,3,0.4,0.015789473684210527,4.4662304877066585,5,2,3,0.4,0.015789473684210527,4.6027312534831175,23,3,20,0.13043478260869565,0.10526315789473684,4.122970369678091,26,5,21,0.19230769230769232,0.11052631578947368,2.043928
gaussian,gaussian,250,200,80,0.6,20,block_ar1,0.6,78,18,0,18,15,0,15,0.0,0.09473684210526316,0.0,0.07894736842105263,19,1,18,15,0,15,0.05263157894736842,0.09473684210526316,0.0,0.07894736842105263,4.12022891987795,26,2,24,0.07692307692307693,0.12631578947368421,4.12022891987795,26,2,24,0.07692307692307693,0.12631578947368421,4.420314324680764,25,1,24,0.04,0.12631578947368421,4.081831103513231,26,2,24,0.07692307692307693,0.12631578947368421,4.3629683860199275,8,1,7,0.125,0.03684210526315789,4.0498140440352675,16,3,13,0.1875,0.06842105263157895,4.461896255292087,25,1,24,0.04,0.12631578947368421,4.12022891987795,26,2,24,0.07692307692307693,0.12631578947368421,1.773795
gaussian,gaussian,250,200,80,0.6,20,block_ar1,0.6,79,22,0,22,17,0,17,0.0,0.11578947368421053,0.0,0.08947368421052632,24,2,22,17,0,17,0.08333333333333333,0.11578947368421053,0.0,0.08947368421052632,4.156330463082662,26,1,25,0.038461538461538464,0.13157894736842105,3.9533243799139184,29,3,26,0.10344827586206896,0.1368421052631579,4.113084298992429,26,1,25,0.038461538461538464,0.13157894736842105,3.9121904719260368,29,3,26,0.10344827586206896,0.1368421052631579,4.451694442462476,9,0,9,0.0,0.04736842105263158,4.177713111766827,12,2,10,0.16666666666666666,0.05263157894736842,4.818188657467462,24,0,24,0.0,0.12631578947368421,4.156330463082662,26,1,25,0.038461538461538464,0.13157894736842105,2.037718
gaussian,gaussian,250,200,80,0.6,20,block_ar1,0.6,80,12,0,12,5,0,5,0.0,0.06315789473684211,0.0,0.02631578947368421,12,0,12,9,0,9,0.0,0.06315789473684211,0.0,0.04736842105263158,4.304872795364736,15,1,14,0.06666666666666667,0.07368421052631578,4.304872795364736,15,1,14,0.06666666666666667,0.07368421052631578,4.275068662393683,15,1,14,0.06666666666666667,0.07368421052631578,4.275068662393683,15,1,14,0.06666666666666667,0.07368421052631578,inf,0,0,0,0.0,0.0,4.534655784806965,2,0,2,0.0,0.010526315789473684,5.221030658178041,12,0,12,0.0,0.06315789473684211,4.304872795364736,15,1,14,0.06666666666666667,0.07368421052631578,1.899679
gaussian,gaussian,250,200,80,0.6,20,block_ar1,0.6,81,15,1,14,9,0,9,0.06666666666666667,0.07368421052631578,0.0,0.04736842105263158,22,4,18,9,0,9,0.18181818181818182,0.09473684210526316,0.0,0.04736842105263158,4.13659122090433,25,4,21,0.16,0.11052631578947368,3.91899456186708,28,7,21,0.25,0.11052631578947368,4.256831153695041,23,2,21,0.08695652173913043,0.11052631578947368,4.088120961708726,25,4,21,0.16,0.11052631578947368,4.979461753569767,3,0,3,0.0,0.015789473684210527,4.2765543027321655,7,1,6,0.14285714285714285,0.031578947368421054,5.124709336241486,18,0,18,0.0,0.09473684210526316,4.13659122090433,25,4,21,0.16,0.11052631578947368,1.831295
gaussian,gaussian,250,200,80,0.6,20,block_ar1,0.6,82,19,0,19,13,0,13,0.0,0.1,0.0,0.06842105263157895,23,2,21,13,0,13,0.08695652173913043,0.11052631578947368,0.0,0.06842105263157895,4.410248222415236,24,0,24,0.0,0.12631578947368421,4.001004720737497,28,3,25,0.10714285714285714,0.13157894736842105,4.383338613455838,24,0,24,0.0,0.12631578947368421,3.976592155491728,28,3,25,0.10714285714285714,0.13157894736842105,4.407953512632583,11,0,11,0.0,0.05789473684210526,4.12178985950529,12,0,12,0.0,0.06315789473684211,4.410248222415236,24,0,24,0.0,0.12631578947368421,4.001004720737497,28,3,25,0.10714285714285714,0.13157894736842105,1.858765
gaussian,gaussian,250,200,80,0.6,20,block_ar1,0.6,83,15,1,14,13,0,13,0.06666666666666667,0.07368421052631578,0.0,0.06842105263157895,20,2,18,14,0,14,0.1,0.09473684210526316,0.0,0.07368421052631578,4.113698470846457,25,4,21,0.16,0.11052631578947368,4.016607936734547,27,5,22,0.18518518518518517,0.11578947368421053,4.164510468819082,24,3,21,0.125,0.11052631578947368,3.994046532538346,27,5,22,0.18518518518518517,0.11578947368421053,4.799126347808596,1,0,1,0.0,0.005263157894736842,4.1749866984555295,10,2,8,0.2,0.042105263157894736,4.416788714140348,22,2,20,0.09090909090909091,0.10526315789473684,4.113698470846457,25,4,21,0.16,0.11052631578947368,1.791317
gaussian,gaussian,250,200,80,0.6,20,block_ar1,0.6,84,17,0,17,11,0,11,0.0,0.08947368421052632,0.0,0.05789473684210526,18,0,18,14,0,14,0.0,0.09473684210526316,0.0,0.07368421052631578,4.403971491654548,22,1,21,0.045454545454545456,0.11052631578947368,3.9726689737336245,24,2,22,0.08333333333333333,0.11578947368421053,4.3539854274110885,22,1,21,0.045454545454545456,0.11052631578947368,4.3539854274110885,22,1,21,0.045454545454545456,0.11052631578947368,4.370237709838825,8,0,8,0.0,0.042105263157894736,4.204617581092135,9,0,9,0.0,0.04736842105263158,4.626858886712451,20,0,20,0.0,0.10526315789473684,4.403971491654548,22,1,21,0.045454545454545456,0.11052631578947368,1.943827
gaussian,gaussian,250,200,80,0.6,20,block_ar1,0.6,85,20,2,18,16,0,16,0.1,0.09473684210526316,0.0,0.08421052631578947,22,2,20,17,0,17,0.09090909090909091,0.10526315789473684,0.0,0.08947368421052632,4.143375100492263,25,3,22,0.12,0.11578947368421053,4.143375100492263,25,3,22,0.12,0.11578947368421053,4.483594837542156,24,2,22,0.08333333333333333,0.11578947368421053,4.0767124699569255,25,3,22,0.12,0.11578947368421053,4.483644608312551,6,0,6,0.0,0.031578947368421054,4.17830592182078,10,0,10,0.0,0.05263157894736842,4.556910831330744,24,2,22,0.08333333333333333,0.11578947368421053,4.143375100492263,25,3,22,0.12,0.11578947368421053,1.881439
gaussian,gaussian,250,200,80,0.6,20,block_ar1,0.6,86,18,0,18,14,0,14,0.0,0.09473684210526316,0.0,0.07368421052631578,19,0,19,15,0,15,0.0,0.1,0.0,0.07894736842105263,4.845073419536485,21,0,21,0.0,0.11052631578947368,4.005584027201147,22,1,21,0.045454545454545456,0.11052631578947368,4.768949681207943,21,0,21,0.0,0.11052631578947368,4.768949681207943,21,0,21,0.0,0.11052631578947368,4.751197977854798,4,0,4,0.0,0.021052631578947368,4.751197977854798,4,0,4,0.0,0.021052631578947368,4.845073419536485,21,0,21,0.0,0.11052631578947368,4.845073419536485,21,0,21,0.0,0.11052631578947368,1.919082
gaussian,gaussian,250,200,80,0.6,20,block_ar1,0.6,87,21,0,21,15,0,15,0.0,0.11052631578947368,0.0,0.07894736842105263,22,1,21,16,0,16,0.045454545454545456,0.11052631578947368,0.0,0.08421052631578947,4.26820673954059,26,2,24,0.07692307692307693,0.12631578947368421,4.015114707028104,28,3,25,0.10714285714285714,0.13157894736842105,4.223305136855452,26,2,24,0.07692307692307693,0.12631578947368421,3.972875636544458,28,3,25,0.10714285714285714,0.13157894736842105,4.7047069034746265,6,0,6,0.0,0.031578947368421054,4.136517158059027,12,1,11,0.08333333333333333,0.05789473684210526,4.474783661087735,22,0,22,0.0,0.11578947368421053,4.26820673954059,26,2,24,0.07692307692307693,0.12631578947368421,1.792775
gaussian,gaussian,250,200,80,0.6,20,block_ar1,0.6,88,21,5,16,9,0,9,0.23809523809523808,0.08421052631578947,0.0,0.04736842105263158,27,10,17,13,1,12,0.37037037037037035,0.08947368421052632,0.07692307692307693,0.06315789473684211,4.184194436763167,26,6,20,0.23076923076923078,0.10526315789473684,3.910874719965662,31,11,20,0.3548387096774194,0.10526315789473684,4.14544269582302,26,6,20,0.23076923076923078,0.10526315789473684,3.9119249437473975,29,9,20,0.3103448275862069,0.10526315789473684,4.5170570037994695,7,1,6,0.14285714285714285,0.031578947368421054,4.225817034833092,12,4,8,0.3333333333333333,0.042105263157894736,4.5236261365484065,23,3,20,0.13043478260869565,0.10526315789473684,4.057308656601278,28,8,20,0.2857142857142857,0.10526315789473684,1.77029
gaussian,gaussian,250,200,80,0.6,20,block_ar1,0.6,89,17,2,15,13,0,13,0.11764705882352941,0.07894736842105263,0.0,0.06842105263157895,22,3,19,14,0,14,0.13636363636363635,0.1,0.0,0.07368421052631578,4.199922933932327,23,2,21,0.08695652173913043,0.11052631578947368,4.049519784728159,25,3,22,0.12,0.11578947368421053,4.16663653138265,23,2,21,0.08695652173913043,0.11052631578947368,4.01742539923401,25,3,22,0.12,0.11578947368421053,4.538877908270143,6,0,6,0.0,0.031578947368421054,4.538877908270143,6,0,6,0.0,0.031578947368421054,5.108538745945861,18,0,18,0.0,0.09473684210526316,4.199922933932327,23,2,21,0.08695652173913043,0.11052631578947368,1.897533
gaussian,gaussian,250,200,80,0.6,20,block_ar1,0.6,90,19,0,19,13,0,13,0.0,0.1,0.0,0.06842105263157895,24,4,20,14,0,14,0.16666666666666666,0.10526315789473684,0.0,0.07368421052631578,4.68055418294118,23,0,23,0.0,0.12105263157894737,3.915291094751716,30,7,23,0.23333333333333334,0.12105263157894737,4.6268929374328245,23,0,23,0.0,0.12105263157894737,3.9727138264245982,26,3,23,0.11538461538461539,0.12105263157894737,4.468813209822297,5,0,5,0.0,0.02631578947368421,4.196755086282328,10,0,10,0.0,0.05263157894736842,4.68055418294118,23,0,23,0.0,0.12105263157894737,4.68055418294118,23,0,23,0.0,0.12105263157894737,2.013301
gaussian,gaussian,250,200,80,0.6,20,block_ar1,0.6,91,22,2,20,12,0,12,0.09090909090909091,0.10526315789473684,0.0,0.06315789473684211,27,4,23,22,2,20,0.14814814814814814,0.12105263157894737,0.09090909090909091,0.10526315789473684,4.257823659145317,31,3,28,0.0967741935483871,0.14736842105263157,3.922937543755417,32,4,28,0.125,0.14736842105263157,4.232617709135028,31,3,28,0.0967741935483871,0.14736842105263157,3.8997140907575463,32,4,28,0.125,0.14736842105263157,4.345850778326018,9,1,8,0.1111111111111111,0.042105263157894736,4.111159392430564,13,2,11,0.15384615384615385,0.05789473684210526,4.439965594422603,29,3,26,0.10344827586206896,0.1368421052631579,4.257823659145317,31,3,28,0.0967741935483871,0.14736842105263157,1.748037
gaussian,gaussian,250,200,80,0.6,20,block_ar1,0.6,92,25,4,21,11,0,11,0.16,0.11052631578947368,0.0,0.05789473684210526,30,7,23,12,0,12,0.23333333333333334,0.12105263157894737,0.0,0.06315789473684211,4.340001664481767,28,5,23,0.17857142857142858,0.12105263157894737,3.9981956740420257,29,6,23,0.20689655172413793,0.12105263157894737,4.210725999378945,28,5,23,0.17857142857142858,0.12105263157894737,3.928495319455927,29,6,23,0.20689655172413793,0.12105263157894737,4.452663148882365,6,0,6,0.0,0.031578947368421054,4.040952381778497,18,5,13,0.2777777777777778,0.06842105263157895,4.593275223165644,25,2,23,0.08,0.12105263157894737,4.340001664481767,28,5,23,0.17857142857142858,0.12105263157894737,1.909719
gaussian,gaussian,250,200,80,0.6,20,block_ar1,0.6,93,15,0,15,12,0,12,0.0,0.07894736842105263,0.0,0.06315789473684211,20,2,18,12,0,12,0.1,0.09473684210526316,0.0,0.06315789473684211,4.382605682546206,25,4,21,0.16,0.11052631578947368,3.911561442077425,30,7,23,0.23333333333333334,0.12105263157894737,4.3642191281076075,25,4,21,0.16,0.11052631578947368,3.9518346816658254,28,5,23,0.17857142857142858,0.12105263157894737,4.841244732230769,5,0,5,0.0,0.02631578947368421,4.841244732230769,5,0,5,0.0,0.02631578947368421,4.608526927012501,24,3,21,0.125,0.11052631578947368,4.067019487860323,26,4,22,0.15384615384615385,0.11578947368421053,1.846573
gaussian,gaussian,250,200,80,0.6,20,block_ar1,0.6,94,12,0,12,9,0,9,0.0,0.06315789473684211,0.0,0.04736842105263158,14,2,12,10,0,10,0.14285714285714285,0.06315789473684211,0.0,0.05263157894736842,4.202262273846414,20,1,19,0.05,0.1,3.9538863605939323,24,4,20,0.16666666666666666,0.10526315789473684,4.166737337040241,20,1,19,0.05,0.1,4.008821226766325,23,3,20,0.13043478260869565,0.10526315789473684,4.712817652530584,3,0,3,0.0,0.015789473684210527,4.3419616518488935,5,0,5,0.0,0.02631578947368421,4.569860538403352,17,0,17,0.0,0.08947368421052632,4.083686036988928,22,3,19,0.13636363636363635,0.1,1.71179
gaussian,gaussian,250,200,80,0.6,20,block_ar1,0.6,95,20,4,16,10,0,10,0.2,0.08421052631578947,0.0,0.05263157894736842,25,6,19,11,0,11,0.24,0.1,0.0,0.05789473684210526,4.136857919976011,25,4,21,0.16,0.11052631578947368,3.9418039647306333,28,6,22,0.21428571428571427,0.11578947368421053,4.124615083925825,25,4,21,0.16,0.11052631578947368,3.9301383816683924,28,6,22,0.21428571428571427,0.11578947368421053,4.450994266011864,8,1,7,0.125,0.03684210526315789,4.329565639006056,9,2,7,0.2222222222222222,0.03684210526315789,4.6866433697970304,21,1,20,0.047619047619047616,0.10526315789473684,4.088706272685857,26,5,21,0.19230769230769232,0.11052631578947368,2.11226
gaussian,gaussian,250,200,80,0.6,20,block_ar1,0.6,96,16,2,14,13,0,13,0.125,0.07368421052631578,0.0,0.06842105263157895,20,5,15,14,1,13,0.25,0.07894736842105263,0.07142857142857142,0.06842105263157895,4.300175664069115,21,4,17,0.19047619047619047,0.08947368421052632,3.960769230919522,25,6,19,0.24,0.1,4.249754277329928,21,4,17,0.19047619047619047,0.08947368421052632,4.023915052186866,24,6,18,0.25,0.09473684210526316,4.516028750319202,9,0,9,0.0,0.04736842105263158,4.234840605698901,10,0,10,0.0,0.05263157894736842,4.553684625524401,20,3,17,0.15,0.08947368421052632,4.071656960027105,24,6,18,0.25,0.09473684210526316,1.877868
gaussian,gaussian,250,200,80,0.6,20,block_ar1,0.6,97,17,0,17,14,0,14,0.0,0.08947368421052632,0.0,0.07368421052631578,21,1,20,17,0,17,0.047619047619047616,0.10526315789473684,0.0,0.08947368421052632,4.89182972970414,19,0,19,0.0,0.1,4.025058215043637,21,0,21,0.0,0.11052631578947368,4.834771322675895,19,0,19,0.0,0.1,4.011837480647876,20,0,20,0.0,0.10526315789473684,4.33517931253071,11,0,11,0.0,0.05789473684210526,4.271635131227703,12,0,12,0.0,0.06315789473684211,4.89182972970414,19,0,19,0.0,0.1,4.89182972970414,19,0,19,0.0,0.1,1.753592
gaussian,gaussian,250,200,80,0.6,20,block_ar1,0.6,98,31,8,23,14,0,14,0.25806451612903225,0.12105263157894737,0.0,0.07368421052631578,31,8,23,18,1,17,0.25806451612903225,0.12105263157894737,0.05555555555555555,0.08947368421052632,4.058017758765057,34,9,25,0.2647058823529412,0.13157894736842105,4.058017758765057,34,9,25,0.2647058823529412,0.13157894736842105,4.447067953838617,27,5,22,0.18518518518518517,0.11578947368421053,4.005379717119038,32,8,24,0.25,0.12631578947368421,4.3517303187657195,11,2,9,0.18181818181818182,0.04736842105263158,4.073883365630569,15,6,9,0.4,0.04736842105263158,4.441543612389376,29,7,22,0.2413793103448276,0.11578947368421053,4.058017758765057,34,9,25,0.2647058823529412,0.13157894736842105,1.960095
gaussian,gaussian,250,200,80,0.6,20,block_ar1,0.6,99,21,3,18,13,0,13,0.14285714285714285,0.09473684210526316,0.0,0.06842105263157895,22,4,18,14,0,14,0.18181818181818182,0.09473684210526316,0.0,0.07368421052631578,4.1345880588293795,24,4,20,0.16666666666666666,0.10526315789473684,3.9517254227205023,28,7,21,0.25,0.11052631578947368,4.238495559310783,23,3,20,0.13043478260869565,0.10526315789473684,3.9925910273926517,27,6,21,0.2222222222222222,0.11052631578947368,4.350831512967979,9,0,9,0.0,0.04736842105263158,4.062279910191189,19,3,16,0.15789473684210525,0.08421052631578947,5.144770165715564,19,1,18,0.05263157894736842,0.09473684210526316,4.061006085612208,26,5,21,0.19230769230769232,0.11052631578947368,1.772936
gaussian,gaussian,250,200,80,0.6,20,block_ar1,0.6,100,19,2,17,9,0,9,0.10526315789473684,0.08947368421052632,0.0,0.04736842105263158,19,2,17,9,0,9,0.10526315789473684,0.08947368421052632,0.0,0.04736842105263158,4.223996227009807,23,3,20,0.13043478260869565,0.10526315789473684,4.223996227009807,23,3,20,0.13043478260869565,0.10526315789473684,4.198643986405236,23,3,20,0.13043478260869565,0.10526315789473684,4.198643986405236,23,3,20,0.13043478260869565,0.10526315789473684,4.787619294696236,4,1,3,0.25,0.015789473684210527,4.302374379290072,8,1,7,0.125,0.03684210526315789,4.720692432873201,19,0,19,0.0,0.1,4.223996227009807,23,3,20,0.13043478260869565,0.10526315789473684,1.84804
gaussian,gaussian,250,200,80,0.6,20,block_ar1,0.6,101,11,0,11,7,0,7,0.0,0.05789473684210526,0.0,0.03684210526315789,18,2,16,10,0,10,0.1111111111111111,0.08421052631578947,0.0,0.05263157894736842,4.159282733767921,20,3,17,0.15,0.08947368421052632,4.1166984755877625,21,3,18,0.14285714285714285,0.09473684210526316,4.182747116946349,18,2,16,0.1111111111111111,0.08421052631578947,4.086604433136594,21,3,18,0.14285714285714285,0.09473684210526316,4.791783311453307,4,0,4,0.0,0.021052631578947368,4.150264414080334,11,1,10,0.09090909090909091,0.05263157894736842,4.926671312223591,16,1,15,0.0625,0.07894736842105263,4.482315514464491,17,2,15,0.11764705882352941,0.07894736842105263,2.046674
gaussian,gaussian,250,200,80,0.6,20,block_ar1,0.6,102,22,0,22,16,0,16,0.0,0.11578947368421053,0.0,0.08421052631578947,23,1,22,17,0,17,0.043478260869565216,0.11578947368421053,0.0,0.08947368421052632,4.131398922336284,28,1,27,0.03571428571428571,0.14210526315789473,3.9591867758871686,30,2,28,0.06666666666666667,0.14736842105263157,4.472064480288373,26,1,25,0.038461538461538464,0.13157894736842105,3.9145596293600025,30,2,28,0.06666666666666667,0.14736842105263157,4.283809489640423,13,0,13,0.0,0.06842105263157895,4.202225959972146,14,0,14,0.0,0.07368421052631578,4.5230473482830025,27,1,26,0.037037037037037035,0.1368421052631579,4.131398922336284,28,1,27,0.03571428571428571,0.14210526315789473,1.762891
gaussian,gaussian,250,200,80,0.6,20,block_ar1,0.6,103,22,1,21,14,0,14,0.045454545454545456,0.11052631578947368,0.0,0.07368421052631578,22,1,21,16,0,16,0.045454545454545456,0.11052631578947368,0.0,0.08421052631578947,4.165585599276327,27,4,23,0.14814814814814814,0.12105263157894737,4.165585599276327,27,4,23,0.14814814814814814,0.12105263157894737,4.118905349957543,27,4,23,0.14814814814814814,0.12105263157894737,4.118905349957543,27,4,23,0.14814814814814814,0.12105263157894737,4.354145005800726,12,0,12,0.0,0.06315789473684211,4.354145005800726,12,0,12,0.0,0.06315789473684211,4.5756570682862865,23,1,22,0.043478260869565216,0.11578947368421053,4.165585599276327,27,4,23,0.14814814814814814,0.12105263157894737,1.788749
gaussian,gaussian,250,200,80,0.6,20,block_ar1,0.6,104,17,0,17,15,0,15,0.0,0.08947368421052632,0.0,0.07894736842105263,19,1,18,17,0,17,0.05263157894736842,0.09473684210526316,0.0,0.08947368421052632,4.268647678642463,20,0,20,0.0,0.10526315789473684,4.268647678642463,20,0,20,0.0,0.10526315789473684,4.246657318848285,20,0,20,0.0,0.10526315789473684,4.246657318848285,20,0,20,0.0,0.10526315789473684,4.423634067405455,8,0,8,0.0,0.042105263157894736,4.134085240606999,12,1,11,0.08333333333333333,0.05789473684210526,4.692674291072586,19,0,19,0.0,0.1,4.268647678642463,20,0,20,0.0,0.10526315789473684,1.874132
gaussian,gaussian,250,200,80,0.6,20,block_ar1,0.6,105,20,1,19,16,0,16,0.05,0.1,0.0,0.08421052631578947,20,1,19,16,0,16,0.05,0.1,0.0,0.08421052631578947,4.410289128816416,25,1,24,0.04,0.12631578947368421,4.410289128816416,25,1,24,0.04,0.12631578947368421,4.349875694172913,25,1,24,0.04,0.12631578947368421,4.349875694172913,25,1,24,0.04,0.12631578947368421,4.489979436681455,5,0,5,0.0,0.02631578947368421,4.150845893046195,11,1,10,0.09090909090909091,0.05263157894736842,5.336890043168922,20,1,19,0.05,0.1,4.410289128816416,25,1,24,0.04,0.12631578947368421,1.838001
gaussian,gaussian,250,200,80,0.6,20,block_ar1,0.6,106,17,0,17,11,0,11,0.0,0.08947368421052632,0.0,0.05789473684210526,21,3,18,12,0,12,0.14285714285714285,0.09473684210526316,0.0,0.06315789473684211,4.250788006788259,22,0,22,0.0,0.11578947368421053,3.9268151044607054,29,5,24,0.1724137931034483,0.12631578947368421,4.198013996891325,22,0,22,0.0,0.11578947368421053,3.9603499423915802,26,3,23,0.11538461538461539,0.12105263157894737,4.316954328777571,10,1,9,0.1,0.04736842105263158,4.127874987546676,12,1,11,0.08333333333333333,0.05789473684210526,4.760728685916289,19,0,19,0.0,0.1,4.250788006788259,22,0,22,0.0,0.11578947368421053,1.965582
gaussian,gaussian,250,200,80,0.6,20,block_ar1,0.6,107,19,1,18,12,0,12,0.05263157894736842,0.09473684210526316,0.0,0.06315789473684211,20,1,19,13,1,12,0.05,0.1,0.07692307692307693,0.06315789473684211,4.488338396500993,23,3,20,0.13043478260869565,0.10526315789473684,3.956561964276011,24,4,20,0.16666666666666666,0.10526315789473684,4.434978948960936,23,3,20,0.13043478260869565,0.10526315789473684,4.434978948960936,23,3,20,0.13043478260869565,0.10526315789473684,4.525483330160493,9,0,9,0.0,0.04736842105263158,4.086519501148329,14,0,14,0.0,0.07368421052631578,4.7534862420495525,21,2,19,0.09523809523809523,0.1,4.488338396500993,23,3,20,0.13043478260869565,0.10526315789473684,1.912764
gaussian,gaussian,250,200,80,0.6,20,block_ar1,0.6,108,20,1,19,12,0,12,0.05,0.1,0.0,0.06315789473684211,23,2,21,13,0,13,0.08695652173913043,0.11052631578947368,0.0,0.06842105263157895,4.095930652133319,27,1,26,0.037037037037037035,0.1368421052631579,3.9923384813085723,28,2,26,0.07142857142857142,0.1368421052631579,4.1119807945428875,25,1,24,0.04,0.12631578947368421,3.9624991720376035,28,2,26,0.07142857142857142,0.1368421052631579,4.703752268025306,4,1,3,0.25,0.015789473684210527,4.299960775136572,8,1,7,0.125,0.03684210526315789,4.693511009584513,23,0,23,0.0,0.12105263157894737,4.095930652133319,27,1,26,0.037037037037037035,0.1368421052631579,1.717381
gaussian,gaussian,250,200,80,0.6,20,block_ar1,0.6,109,18,1,17,14,0,14,0.05555555555555555,0.08947368421052632,0.0,0.07368421052631578,19,2,17,16,0,16,0.10526315789473684,0.08947368421052632,0.0,0.08421052631578947,4.122175713731031,24,2,22,0.08333333333333333,0.11578947368421053,3.95464736251932,26,3,23,0.11538461538461539,0.12105263157894737,4.1658862587705965,23,2,21,0.08695652173913043,0.11052631578947368,4.062595157872949,25,3,22,0.12,0.11578947368421053,4.415287252140391,8,0,8,0.0,0.042105263157894736,4.117991885931583,13,0,13,0.0,0.06842105263157895,4.493466946729854,20,0,20,0.0,0.10526315789473684,4.0913595366585325,25,3,22,0.12,0.11578947368421053,1.876151
gaussian,gaussian,250,200,80,0.6,20,block_ar1,0.6,110,21,1,20,14,0,14,0.047619047619047616,0.10526315789473684,0.0,0.07368421052631578,25,5,20,14,0,14,0.2,0.10526315789473684,0.0,0.07368421052631578,4.492565944535573,23,1,22,0.043478260869565216,0.11578947368421053,3.9334452366212402,28,6,22,0.21428571428571427,0.11578947368421053,4.441236999806373,22,0,22,0.0,0.11578947368421053,3.955312492498512,26,4,22,0.15384615384615385,0.11578947368421053,4.461057863543733,7,1,6,0.14285714285714285,0.031578947368421054,4.154144796301129,11,1,10,0.09090909090909091,0.05263157894736842,4.492565944535573,23,1,22,0.043478260869565216,0.11578947368421053,4.074749363907476,25,3,22,0.12,0.11578947368421053,1.968209
gaussian,gaussian,250,200,80,0.6,20,block_ar1,0.6,111,18,3,15,14,0,14,0.16666666666666666,0.07894736842105263,0.0,0.07368421052631578,19,3,16,14,0,14,0.15789473684210525,0.08421052631578947,0.0,0.07368421052631578,4.120347210331737,26,4,22,0.15384615384615385,0.11578947368421053,4.120347210331737,26,4,22,0.15384615384615385,0.11578947368421053,4.163071284346871,24,3,21,0.125,0.11052631578947368,4.087554636531539,26,4,22,0.15384615384615385,0.11578947368421053,4.387801371502044,10,1,9,0.1,0.04736842105263158,4.136061840845783,11,1,10,0.09090909090909091,0.05263157894736842,4.5952266315409345,20,2,18,0.1,0.09473684210526316,4.120347210331737,26,4,22,0.15384615384615385,0.11578947368421053,1.779466
gaussian,gaussian,250,200,80,0.6,20,block_ar1,0.6,112,14,1,13,9,0,9,0.07142857142857142,0.06842105263157895,0.0,0.04736842105263158,16,2,14,11,1,10,0.125,0.07368421052631578,0.09090909090909091,0.05263157894736842,4.302036229579859,19,2,17,0.10526315789473684,0.08947368421052632,4.302036229579859,19,2,17,0.10526315789473684,0.08947368421052632,4.292498906004485,19,2,17,0.10526315789473684,0.08947368421052632,4.292498906004485,19,2,17,0.10526315789473684,0.08947368421052632,4.687382805574985,2,1,1,0.5,0.005263157894736842,4.250445436102595,7,3,4,0.42857142857142855,0.021052631578947368,4.793474455858569,16,1,15,0.0625,0.07894736842105263,4.302036229579859,19,2,17,0.10526315789473684,0.08947368421052632,1.928811
gaussian,gaussian,250,200,80,0.6,20,block_ar1,0.6,113,18,1,17,13,0,13,0.05555555555555555,0.08947368421052632,0.0,0.06842105263157895,20,2,18,13,0,13,0.1,0.09473684210526316,0.0,0.06842105263157895,4.279053682470951,28,6,22,0.21428571428571427,0.11578947368421053,4.279053682470951,28,6,22,0.21428571428571427,0.11578947368421053,4.258386074533048,26,4,22,0.15384615384615385,0.11578947368421053,4.258386074533048,26,4,22,0.15384615384615385,0.11578947368421053,4.500933335116496,5,0,5,0.0,0.02631578947368421,4.238190636725029,8,1,7,0.125,0.03684210526315789,4.625616570374049,25,3,22,0.12,0.11578947368421053,4.279053682470951,28,6,22,0.21428571428571427,0.11578947368421053,1.920609
gaussian,gaussian,250,200,80,0.6,20,block_ar1,0.6,114,19,0,19,15,0,15,0.0,0.1,0.0,0.07894736842105263,21,2,19,16,0,16,0.09523809523809523,0.1,0.0,0.08421052631578947,4.414134809555205,22,0,22,0.0,0.11578947368421053,4.005461783587773,24,2,22,0.08333333333333333,0.11578947368421053,4.3598186702316255,22,0,22,0.0,0.11578947368421053,3.956174385336665,24,2,22,0.08333333333333333,0.11578947368421053,4.454103323002452,8,0,8,0.0,0.042105263157894736,4.2071147865666205,11,0,11,0.0,0.05789473684210526,4.966086478473996,20,0,20,0.0,0.10526315789473684,4.414134809555205,22,0,22,0.0,0.11578947368421053,1.793282
gaussian,gaussian,250,200,80,0.6,20,block_ar1,0.6,115,25,3,22,17,0,17,0.12,0.11578947368421053,0.0,0.08947368421052632,31,6,25,18,0,18,0.1935483870967742,0.13157894736842105,0.0,0.09473684210526316,4.038847449700158,36,5,31,0.1388888888888889,0.1631578947368421,3.817893729268887,42,9,33,0.21428571428571427,0.1736842105263158,4.122585201942943,34,3,31,0.08823529411764706,0.1631578947368421,3.8278309952238025,41,8,33,0.1951219512195122,0.1736842105263158,4.428823570721667,9,1,8,0.1111111111111111,0.042105263157894736,4.151619596460155,11,2,9,0.18181818181818182,0.04736842105263158,4.237097768535028,31,2,29,0.06451612903225806,0.15263157894736842,3.9422467740799174,39,7,32,0.1794871794871795,0.16842105263157894,1.817823
gaussian,gaussian,250,200,80,0.6,20,block_ar1,0.6,116,22,2,20,14,0,14,0.09090909090909091,0.10526315789473684,0.0,0.07368421052631578,23,3,20,15,0,15,0.13043478260869565,0.10526315789473684,0.0,0.07894736842105263,4.336368779604952,23,3,20,0.13043478260869565,0.10526315789473684,4.010923419432121,24,4,20,0.16666666666666666,0.10526315789473684,4.282766818965072,23,3,20,0.13043478260869565,0.10526315789473684,3.9613442968563057,24,4,20,0.16666666666666666,0.10526315789473684,4.299090590117874,11,1,10,0.09090909090909091,0.05263157894736842,4.073684320083988,16,2,14,0.125,0.07368421052631578,4.985419106652643,21,1,20,0.047619047619047616,0.10526315789473684,4.336368779604952,23,3,20,0.13043478260869565,0.10526315789473684,1.934924
gaussian,gaussian,250,200,80,0.6,20,block_ar1,0.6,117,19,0,19,15,0,15,0.0,0.1,0.0,0.07894736842105263,24,2,22,17,0,17,0.08333333333333333,0.11578947368421053,0.0,0.08947368421052632,4.151766553458578,30,4,26,0.13333333333333333,0.1368421052631579,3.960623950809351,31,5,26,0.16129032258064516,0.1368421052631579,4.200726295414916,28,3,25,0.10714285714285714,0.13157894736842105,3.940788883304282,30,5,25,0.16666666666666666,0.13157894736842105,4.301228933411376,11,0,11,0.0,0.05789473684210526,4.212308521383244,12,0,12,0.0,0.06315789473684211,4.493242538824446,28,3,25,0.10714285714285714,0.13157894736842105,4.151766553458578,30,4,26,0.13333333333333333,0.1368421052631579,1.929631
gaussian,gaussian,250,200,80,0.6,20,block_ar1,0.6,118,16,1,15,13,0,13,0.0625,0.07894736842105263,0.0,0.06842105263157895,22,3,19,13,0,13,0.13636363636363635,0.1,0.0,0.06842105263157895,4.112906521862888,26,5,21,0.19230769230769232,0.11052631578947368,3.9301404629216288,30,8,22,0.26666666666666666,0.11578947368421053,4.218927733685249,24,4,20,0.16666666666666666,0.10526315789473684,3.9004823192453775,30,8,22,0.26666666666666666,0.11578947368421053,4.464101057180789,7,1,6,0.14285714285714285,0.031578947368421054,4.209938081957213,9,1,8,0.1111111111111111,0.042105263157894736,4.628100859291975,21,1,20,0.047619047619047616,0.10526315789473684,4.019540815566812,27,6,21,0.2222222222222222,0.11052631578947368,1.773983
gaussian,gaussian,250,200,80,0.6,20,block_ar1,0.6,119,18,0,18,16,0,16,0.0,0.09473684210526316,0.0,0.08421052631578947,24,4,20,18,0,18,0.16666666666666666,0.10526315789473684,0.0,0.09473684210526316,4.413356361535606,23,2,21,0.08695652173913043,0.11052631578947368,3.9546968738751356,26,4,22,0.15384615384615385,0.11578947368421053,4.385794357694119,23,2,21,0.08695652173913043,0.11052631578947368,4.015588035529756,25,3,22,0.12,0.11578947368421053,4.4286583949652165,7,0,7,0.0,0.03684210526315789,4.087357160217725,15,1,14,0.06666666666666667,0.07368421052631578,4.773376393954847,22,2,20,0.09090909090909091,0.10526315789473684,4.079507706905088,24,2,22,0.08333333333333333,0.11578947368421053,1.877882
gaussian,gaussian,250,200,80,0.6,20,block_ar1,0.6,120,28,2,26,17,0,17,0.07142857142857142,0.1368421052631579,0.0,0.08947368421052632,35,8,27,18,0,18,0.22857142857142856,0.14210526315789473,0.0,0.09473684210526316,4.100127888270813,31,4,27,0.12903225806451613,0.14210526315789473,3.8487964613636922,39,10,29,0.2564102564102564,0.15263157894736842,4.065717686700586,30,3,27,0.1,0.14210526315789473,3.864089496835459,35,7,28,0.2,0.14736842105263157,4.372777407383729,12,0,12,0.0,0.06315789473684211,4.033258189278122,18,1,17,0.05555555555555555,0.08947368421052632,4.404579673494762,27,1,26,0.037037037037037035,0.1368421052631579,4.023273458870843,34,6,28,0.17647058823529413,0.14736842105263157,1.889643
gaussian,gaussian,250,200,80,0.6,20,block_ar1,0.6,121,19,0,19,15,0,15,0.0,0.1,0.0,0.07894736842105263,21,1,20,19,0,19,0.047619047619047616,0.10526315789473684,0.0,0.1,4.279186448900325,22,1,21,0.045454545454545456,0.11052631578947368,4.066473075050266,23,2,21,0.08695652173913043,0.11052631578947368,4.244874954403135,22,1,21,0.045454545454545456,0.11052631578947368,4.033867164977472,23,2,21,0.08695652173913043,0.11052631578947368,4.255312248108789,13,1,12,0.07692307692307693,0.06315789473684211,4.0663660710805765,16,2,14,0.125,0.07368421052631578,4.738550417824923,21,0,21,0.0,0.11052631578947368,4.279186448900325,22,1,21,0.045454545454545456,0.11052631578947368,1.731695
gaussian,gaussian,250,200,80,0.6,20,block_ar1,0.6,122,21,1,20,12,0,12,0.047619047619047616,0.10526315789473684,0.0,0.06315789473684211,24,1,23,14,0,14,0.041666666666666664,0.12105263157894737,0.0,0.07368421052631578,4.167949030295831,24,1,23,0.041666666666666664,0.12105263157894737,4.032140080498908,27,1,26,0.037037037037037035,0.1368421052631579,4.128280051835922,23,1,22,0.043478260869565216,0.11578947368421053,3.9937636807785655,26,1,25,0.038461538461538464,0.13157894736842105,4.501033863080068,6,0,6,0.0,0.031578947368421054,4.247164344044224,11,0,11,0.0,0.05789473684210526,5.008460484880662,21,1,20,0.047619047619047616,0.10526315789473684,4.167949030295831,24,1,23,0.041666666666666664,0.12105263157894737,1.943312
gaussian,gaussian,250,200,80,0.6,20,block_ar1,0.6,123,24,2,22,19,0,19,0.08333333333333333,0.11578947368421053,0.0,0.1,24,2,22,20,1,19,0.08333333333333333,0.11578947368421053,0.05,0.1,4.3141186644897696,28,2,26,0.07142857142857142,0.1368421052631579,3.955512362974552,29,2,27,0.06896551724137931,0.14210526315789473,4.265331249916473,27,2,25,0.07407407407407407,0.13157894736842105,4.265331249916473,27,2,25,0.07407407407407407,0.13157894736842105,4.32117925926159,13,1,12,0.07692307692307693,0.06315789473684211,4.0349095809795905,19,3,16,0.15789473684210525,0.08421052631578947,4.563066700360149,26,2,24,0.07692307692307693,0.12631578947368421,4.3141186644897696,28,2,26,0.07142857142857142,0.1368421052631579,1.971943
gaussian,gaussian,250,200,80,0.6,20,block_ar1,0.6,124,24,1,23,20,0,20,0.041666666666666664,0.12105263157894737,0.0,0.10526315789473684,25,2,23,20,0,20,0.08,0.12105263157894737,0.0,0.10526315789473684,4.243839262089475,27,1,26,0.037037037037037035,0.1368421052631579,3.9196479277967224,30,3,27,0.1,0.14210526315789473,4.175793521387931,27,1,26,0.037037037037037035,0.1368421052631579,3.925754799248619,29,2,27,0.06896551724137931,0.14210526315789473,4.1704577557729445,20,1,19,0.05,0.1,3.986752541761259,23,3,20,0.13043478260869565,0.10526315789473684,4.676152330319422,24,0,24,0.0,0.12631578947368421,4.243839262089475,27,1,26,0.037037037037037035,0.1368421052631579,1.802569
gaussian,gaussian,250,200,80,0.6,20,block_ar1,0.6,125,12,0,12,11,0,11,0.0,0.06315789473684211,0.0,0.05789473684210526,16,1,15,11,0,11,0.0625,0.07894736842105263,0.0,0.05789473684210526,4.2103600778567465,18,0,18,0.0,0.09473684210526316,4.114805390841748,19,1,18,0.05263157894736842,0.09473684210526316,4.458643788925294,17,0,17,0.0,0.08947368421052632,4.061612104476721,19,1,18,0.05263157894736842,0.09473684210526316,4.7374086088865495,4,0,4,0.0,0.021052631578947368,4.199200020870555,9,1,8,0.1111111111111111,0.042105263157894736,5.0577092223588656,16,0,16,0.0,0.08421052631578947,4.2103600778567465,18,0,18,0.0,0.09473684210526316,1.931493
gaussian,gaussian,250,200,80,0.6,20,block_ar1,0.6,126,21,0,21,16,0,16,0.0,0.11052631578947368,0.0,0.08421052631578947,24,2,22,18,0,18,0.08333333333333333,0.11578947368421053,0.0,0.09473684210526316,4.263086247675067,25,0,25,0.0,0.13157894736842105,3.950312047546479,26,1,25,0.038461538461538464,0.13157894736842105,4.2436271626380675,25,0,25,0.0,0.13157894736842105,4.2436271626380675,25,0,25,0.0,0.13157894736842105,4.36992029784209,9,0,9,0.0,0.04736842105263158,4.160763702493169,14,2,12,0.14285714285714285,0.06315789473684211,4.489509056444988,24,0,24,0.0,0.12631578947368421,4.263086247675067,25,0,25,0.0,0.13157894736842105,1.894682
gaussian,gaussian,250,200,80,0.6,20,block_ar1,0.6,127,19,0,19,18,0,18,0.0,0.1,0.0,0.09473684210526316,20,0,20,18,0,18,0.0,0.10526315789473684,0.0,0.09473684210526316,4.173169555310334,23,0,23,0.0,0.12105263157894737,4.173169555310334,23,0,23,0.0,0.12105263157894737,4.145875819101251,23,0,23,0.0,0.12105263157894737,4.145875819101251,23,0,23,0.0,0.12105263157894737,4.3560936910158965,12,0,12,0.0,0.06315789473684211,4.088667676297375,17,1,16,0.058823529411764705,0.08421052631578947,4.9521850379871335,21,0,21,0.0,0.11052631578947368,4.173169555310334,23,0,23,0.0,0.12105263157894737,1.883146
gaussian,gaussian,250,200,80,0.6,20,block_ar1,0.6,128,18,1,17,15,0,15,0.05555555555555555,0.08947368421052632,0.0,0.07894736842105263,24,4,20,15,0,15,0.16666666666666666,0.10526315789473684,0.0,0.07894736842105263,4.159470389312426,26,3,23,0.11538461538461539,0.12105263157894737,4.068164962185621,27,4,23,0.14814814814814814,0.12105263157894737,4.11620346093984,25,3,22,0.12,0.11578947368421053,4.025847795442706,26,4,22,0.15384615384615385,0.11578947368421053,4.592054467065188,6,0,6,0.0,0.031578947368421054,4.592054467065188,6,0,6,0.0,0.031578947368421054,4.737338446022597,23,1,22,0.043478260869565216,0.11578947368421053,4.068164962185621,27,4,23,0.14814814814814814,0.12105263157894737,1.986341
gaussian,gaussian,250,200,80,0.6,20,block_ar1,0.6,129,19,1,18,11,0,11,0.05263157894736842,0.09473684210526316,0.0,0.05789473684210526,22,1,21,15,0,15,0.045454545454545456,0.11052631578947368,0.0,0.07894736842105263,4.332181382739437,25,1,24,0.04,0.12631578947368421,4.084547468794298,26,1,25,0.038461538461538464,0.13157894736842105,4.292417809085255,25,1,24,0.04,0.12631578947368421,4.04705683999318,26,1,25,0.038461538461538464,0.13157894736842105,4.369649833673222,8,0,8,0.0,0.042105263157894736,4.176795375964295,10,1,9,0.1,0.04736842105263158,4.757870265273396,22,0,22,0.0,0.11578947368421053,4.084547468794298,26,1,25,0.038461538461538464,0.13157894736842105,1.728935
gaussian,gaussian,250,200,80,0.6,20,block_ar1,0.6,130,16,1,15,12,0,12,0.0625,0.07894736842105263,0.0,0.06315789473684211,19,2,17,14,0,14,0.10526315789473684,0.08947368421052632,0.0,0.07368421052631578,4.213325699394751,23,3,20,0.13043478260869565,0.10526315789473684,4.034408985196979,24,3,21,0.125,0.11052631578947368,4.142668529426255,23,3,20,0.13043478260869565,0.10526315789473684,4.142668529426255,23,3,20,0.13043478260869565,0.10526315789473684,4.833450624179033,4,0,4,0.0,0.021052631578947368,4.833450624179033,4,0,4,0.0,0.021052631578947368,4.752433026253373,21,2,19,0.09523809523809523,0.1,4.213325699394751,23,3,20,0.13043478260869565,0.10526315789473684,1.890756
gaussian,gaussian,250,200,80,0.6,20,block_ar1,0.6,131,18,1,17,15,0,15,0.05555555555555555,0.08947368421052632,0.0,0.07894736842105263,23,3,20,15,0,15,0.13043478260869565,0.10526315789473684,0.0,0.07894736842105263,4.095925007388607,27,3,24,0.1111111111111111,0.12631578947368421,4.00385237921491,28,4,24,0.14285714285714285,0.12631578947368421,4.183535190142569,26,2,24,0.07692307692307693,0.12631578947368421,3.983782568745156,28,4,24,0.14285714285714285,0.12631578947368421,4.860958660480683,1,0,1,0.0,0.005263157894736842,4.394718495837907,4,1,3,0.25,0.015789473684210527,4.458484765568598,24,1,23,0.041666666666666664,0.12105263157894737,4.095925007388607,27,3,24,0.1111111111111111,0.12631578947368421,1.883975
gaussian,gaussian,250,200,80,0.6,20,block_ar1,0.6,132,15,0,15,13,0,13,0.0,0.07894736842105263,0.0,0.06842105263157895,16,0,16,14,0,14,0.0,0.08421052631578947,0.0,0.07368421052631578,4.2093453865747055,20,0,20,0.0,0.10526315789473684,4.03950765255443,22,0,22,0.0,0.11578947368421053,4.176040684297941,20,0,20,0.0,0.10526315789473684,4.007546721018111,22,0,22,0.0,0.11578947368421053,4.3198357171794495,11,1,10,0.09090909090909091,0.05263157894736842,4.151655954010545,13,1,12,0.07692307692307693,0.06315789473684211,4.538057289175548,18,0,18,0.0,0.09473684210526316,4.096758033943507,21,0,21,0.0,0.11052631578947368,1.724941
gaussian,gaussian,250,200,80,0.6,20,block_ar1,0.6,133,20,1,19,7,0,7,0.05,0.1,0.0,0.03684210526315789,24,4,20,11,0,11,0.16666666666666666,0.10526315789473684,0.0,0.05789473684210526,4.276233115340896,27,3,24,0.1111111111111111,0.12631578947368421,3.8845183439664455,32,7,25,0.21875,0.13157894736842105,4.24614264948078,27,3,24,0.1111111111111111,0.12631578947368421,3.919898697567092,31,6,25,0.1935483870967742,0.13157894736842105,4.603880844833032,4,0,4,0.0,0.021052631578947368,4.218678477364002,8,0,8,0.0,0.042105263157894736,4.373664690322232,25,2,23,0.08,0.12105263157894737,4.068451622112539,28,3,25,0.10714285714285714,0.13157894736842105,1.839542
gaussian,gaussian,250,200,80,0.6,20,block_ar1,0.6,134,20,1,19,15,0,15,0.05,0.1,0.0,0.07894736842105263,23,1,22,16,0,16,0.043478260869565216,0.11578947368421053,0.0,0.08421052631578947,4.146752106019244,28,1,27,0.03571428571428571,0.14210526315789473,4.146752106019244,28,1,27,0.03571428571428571,0.14210526315789473,4.102585154972398,27,1,26,0.037037037037037035,0.1368421052631579,3.921434829854782,28,1,27,0.03571428571428571,0.14210526315789473,4.403237444462701,8,0,8,0.0,0.042105263157894736,4.060986010046201,16,2,14,0.125,0.07368421052631578,4.417065656546847,26,0,26,0.0,0.1368421052631579,4.146752106019244,28,1,27,0.03571428571428571,0.14210526315789473,2.13785
gaussian,gaussian,250,200,80,0.6,20,block_ar1,0.6,135,24,3,21,15,1,14,0.125,0.11052631578947368,0.06666666666666667,0.07368421052631578,27,5,22,16,1,15,0.18518518518518517,0.11578947368421053,0.0625,0.07894736842105263,4.123226504509401,29,4,25,0.13793103448275862,0.13157894736842105,3.894163331816947,31,6,25,0.1935483870967742,0.13157894736842105,4.091231045104786,29,4,25,0.13793103448275862,0.13157894736842105,3.9891115787584965,30,5,25,0.16666666666666666,0.13157894736842105,4.514331650928552,9,2,7,0.2222222222222222,0.03684210526315789,4.194023252941368,10,3,7,0.3,0.03684210526315789,4.557399610353666,25,1,24,0.04,0.12631578947368421,4.020308413200629,30,5,25,0.16666666666666666,0.13157894736842105,1.822475
gaussian,gaussian,250,200,80,0.6,20,block_ar1,0.6,136,24,3,21,13,0,13,0.125,0.11052631578947368,0.0,0.06842105263157895,26,4,22,16,0,16,0.15384615384615385,0.11578947368421053,0.0,0.08421052631578947,4.354012542420543,26,3,23,0.11538461538461539,0.12105263157894737,4.354012542420543,26,3,23,0.11538461538461539,0.12105263157894737,4.310481556789895,26,3,23,0.11538461538461539,0.12105263157894737,4.310481556789895,26,3,23,0.11538461538461539,0.12105263157894737,4.404618242293995,9,1,8,0.1111111111111111,0.042105263157894736,4.114247554866282,15,2,13,0.13333333333333333,0.06842105263157895,4.354012542420543,26,3,23,0.11538461538461539,0.12105263157894737,4.354012542420543,26,3,23,0.11538461538461539,0.12105263157894737,1.789038
gaussian,gaussian,250,200,80,0.6,20,block_ar1,0.6,137,20,1,19,17,1,16,0.05,0.1,0.058823529411764705,0.08421052631578947,25,2,23,18,1,17,0.08,0.12105263157894737,0.05555555555555555,0.08947368421052632,4.095571699263812,28,3,25,0.10714285714285714,0.13157894736842105,3.903471110733796,31,4,27,0.12903225806451613,0.14210526315789473,4.223465304229586,27,2,25,0.07407407407407407,0.13157894736842105,3.9162236249812947,29,2,27,0.06896551724137931,0.14210526315789473,4.4196506957008275,8,1,7,0.125,0.03684210526315789,4.193197755842445,9,1,8,0.1111111111111111,0.042105263157894736,4.570694398415,26,2,24,0.07692307692307693,0.12631578947368421,4.095571699263812,28,3,25,0.10714285714285714,0.13157894736842105,1.921466
gaussian,gaussian,250,200,80,0.6,20,block_ar1,0.6,138,21,1,20,14,0,14,0.047619047619047616,0.10526315789473684,0.0,0.07368421052631578,24,3,21,19,0,19,0.125,0.11052631578947368,0.0,0.1,4.158245713179919,23,2,21,0.08695652173913043,0.11052631578947368,3.969026858162256,26,4,22,0.15384615384615385,0.11578947368421053,4.473778863378111,22,1,21,0.045454545454545456,0.11052631578947368,4.009895130980781,24,2,22,0.08333333333333333,0.11578947368421053,4.319011417502111,11,0,11,0.0,0.05789473684210526,4.2182878211947905,14,2,12,0.14285714285714285,0.06315789473684211,4.528226522731798,22,1,21,0.045454545454545456,0.11052631578947368,4.158245713179919,23,2,21,0.08695652173913043,0.11052631578947368,1.82595
gaussian,gaussian,250,200,80,0.6,20,block_ar1,0.6,139,18,3,15,11,1,10,0.16666666666666666,0.07894736842105263,0.09090909090909091,0.05263157894736842,18,3,15,12,1,11,0.16666666666666666,0.07894736842105263,0.08333333333333333,0.05789473684210526,4.349795691379875,21,4,17,0.19047619047619047,0.08947368421052632,4.349795691379875,21,4,17,0.19047619047619047,0.08947368421052632,4.312428889707451,21,4,17,0.19047619047619047,0.08947368421052632,4.312428889707451,21,4,17,0.19047619047619047,0.08947368421052632,4.432529447343913,8,1,7,0.125,0.03684210526315789,4.186057648493714,10,3,7,0.3,0.03684210526315789,4.87630744832654,18,2,16,0.1111111111111111,0.08421052631578947,4.349795691379875,21,4,17,0.19047619047619047,0.08947368421052632,1.872335
gaussian,gaussian,250,200,80,0.6,20,block_ar1,0.6,140,20,3,17,7,0,7,0.15,0.08947368421052632,0.0,0.03684210526315789,23,4,19,11,1,10,0.17391304347826086,0.1,0.09090909090909091,0.05263157894736842,5.078911980019873,22,3,19,0.13636363636363635,0.1,4.018290729277761,25,6,19,0.24,0.1,5.038753989505801,22,3,19,0.13636363636363635,0.1,3.9865188691581275,25,6,19,0.24,0.1,4.395442836629685,9,1,8,0.1111111111111111,0.042105263157894736,4.129006533392444,14,5,9,0.35714285714285715,0.04736842105263158,5.078911980019873,22,3,19,0.13636363636363635,0.1,5.078911980019873,22,3,19,0.13636363636363635,0.1,1.958988
gaussian,gaussian,250,200,80,0.6,20,block_ar1,0.6,141,20,4,16,13,0,13,0.2,0.08421052631578947,0.0,0.06842105263157895,23,6,17,14,0,14,0.2608695652173913,0.08947368421052632,0.0,0.07368421052631578,4.0645761190883345,30,8,22,0.26666666666666666,0.11578947368421053,3.864323662386334,37,12,25,0.32432432432432434,0.13157894736842105,4.108510143101729,28,7,21,0.25,0.11052631578947368,3.8623235793753112,35,11,24,0.3142857142857143,0.12631578947368421,4.462438788413226,10,2,8,0.2,0.042105263157894736,4.102837502068155,14,4,10,0.2857142857142857,0.05263157894736842,4.410348773830543,25,5,20,0.2,0.10526315789473684,3.985311608498624,33,10,23,0.30303030303030304,0.12105263157894737,1.918133
gaussian,gaussian,250,200,80,0.6,20,block_ar1,0.6,142,21,1,20,19,1,18,0.047619047619047616,0.10526315789473684,0.05263157894736842,0.09473684210526316,23,2,21,21,1,20,0.08695652173913043,0.11052631578947368,0.047619047619047616,0.10526315789473684,4.327530223325203,25,1,24,0.04,0.12631578947368421,3.8856103734220406,32,5,27,0.15625,0.14210526315789473,4.272693283690876,25,1,24,0.04,0.12631578947368421,3.9416648304638855,29,3,26,0.10344827586206896,0.1368421052631579,4.47224158925349,11,1,10,0.09090909090909091,0.05263157894736842,4.050311313178862,16,4,12,0.25,0.06315789473684211,4.62105534555437,23,1,22,0.043478260869565216,0.11578947368421053,4.327530223325203,25,1,24,0.04,0.12631578947368421,1.845467
gaussian,gaussian,250,200,80,0.6,20,block_ar1,0.6,143,22,2,20,14,0,14,0.09090909090909091,0.10526315789473684,0.0,0.07368421052631578,24,4,20,15,0,15,0.16666666666666666,0.10526315789473684,0.0,0.07894736842105263,4.4182585743203875,25,2,23,0.08,0.12105263157894737,3.9575661178726422,29,5,24,0.1724137931034483,0.12631578947368421,4.401292865142048,25,2,23,0.08,0.12105263157894737,3.9423694256282986,29,5,24,0.1724137931034483,0.12631578947368421,4.269069603496238,13,2,11,0.15384615384615385,0.05789473684210526,4.096722390732749,15,3,12,0.2,0.06315789473684211,4.4182585743203875,25,2,23,0.08,0.12105263157894737,3.9886066910816007,28,4,24,0.14285714285714285,0.12631578947368421,1.852758
gaussian,gaussian,250,200,80,0.6,20,block_ar1,0.6,144,17,0,17,7,0,7,0.0,0.08947368421052632,0.0,0.03684210526315789,18,0,18,8,0,8,0.0,0.09473684210526316,0.0,0.042105263157894736,4.1713312458614835,21,1,20,0.047619047619047616,0.10526315789473684,4.088213435390248,22,2,20,0.09090909090909091,0.10526315789473684,4.287940087400356,20,1,19,0.05,0.1,4.106381664861041,21,1,20,0.047619047619047616,0.10526315789473684,4.68999068686077,4,0,4,0.0,0.021052631578947368,4.45956479939038,5,0,5,0.0,0.02631578947368421,5.242977329219767,19,0,19,0.0,0.1,4.355761331201152,20,1,19,0.05,0.1,1.812157
gaussian,gaussian,250,200,80,0.6,20,block_ar1,0.6,145,18,2,16,10,0,10,0.1111111111111111,0.08421052631578947,0.0,0.05263157894736842,21,3,18,11,0,11,0.14285714285714285,0.09473684210526316,0.0,0.05789473684210526,4.171245012152886,23,3,20,0.13043478260869565,0.10526315789473684,4.003360265911668,24,4,20,0.16666666666666666,0.10526315789473684,4.135221793777081,23,3,20,0.13043478260869565,0.10526315789473684,3.968786914148396,24,4,20,0.16666666666666666,0.10526315789473684,4.709151484491439,4,0,4,0.0,0.021052631578947368,4.709151484491439,4,0,4,0.0,0.021052631578947368,4.484515840150422,22,2,20,0.09090909090909091,0.10526315789473684,4.171245012152886,23,3,20,0.13043478260869565,0.10526315789473684,2.114539
gaussian,gaussian,250,200,80,0.6,20,block_ar1,0.6,146,20,1,19,14,0,14,0.05,0.1,0.0,0.07368421052631578,22,1,21,14,0,14,0.045454545454545456,0.11052631578947368,0.0,0.07368421052631578,4.086742636293819,29,4,25,0.13793103448275862,0.13157894736842105,3.9111854856782724,30,4,26,0.13333333333333333,0.1368421052631579,4.140969733845579,27,2,25,0.07407407407407407,0.13157894736842105,4.029936922644558,28,3,25,0.10714285714285714,0.13157894736842105,4.438790292237462,8,0,8,0.0,0.042105263157894736,4.141295468566433,12,0,12,0.0,0.06315789473684211,4.442638569058585,26,2,24,0.07692307692307693,0.12631578947368421,4.086742636293819,29,4,25,0.13793103448275862,0.13157894736842105,1.749754
gaussian,gaussian,250,200,80,0.6,20,block_ar1,0.6,147,27,0,27,16,0,16,0.0,0.14210526315789473,0.0,0.08421052631578947,30,3,27,18,0,18,0.1,0.14210526315789473,0.0,0.09473684210526316,4.054001304958959,32,2,30,0.0625,0.15789473684210525,3.9217014822435847,35,5,30,0.14285714285714285,0.15789473684210525,4.17436485525159,30,2,28,0.06666666666666667,0.14736842105263157,3.8864734743950833,35,5,30,0.14285714285714285,0.15789473684210525,4.3632839024386465,11,0,11,0.0,0.05789473684210526,4.0820684853213045,14,0,14,0.0,0.07368421052631578,4.831642557377633,27,0,27,0.0,0.14210526315789473,4.054001304958959,32,2,30,0.0625,0.15789473684210525,1.775248
gaussian,gaussian,250,200,80,0.6,20,block_ar1,0.6,148,17,2,15,12,0,12,0.11764705882352941,0.07894736842105263,0.0,0.06315789473684211,21,4,17,12,0,12,0.19047619047619047,0.08947368421052632,0.0,0.06315789473684211,4.134931571954984,25,4,21,0.16,0.11052631578947368,3.923274637065657,28,6,22,0.21428571428571427,0.11578947368421053,4.21255995756619,22,2,20,0.09090909090909091,0.10526315789473684,3.9659118268036586,25,4,21,0.16,0.11052631578947368,4.3783547036878305,8,0,8,0.0,0.042105263157894736,4.140795925714031,11,2,9,0.18181818181818182,0.04736842105263158,4.797889606480986,19,1,18,0.05263157894736842,0.09473684210526316,4.134931571954984,25,4,21,0.16,0.11052631578947368,1.91015
gaussian,gaussian,250,200,80,0.6,20,block_ar1,0.6,149,18,1,17,15,0,15,0.05555555555555555,0.08947368421052632,0.0,0.07894736842105263,20,1,19,16,0,16,0.05,0.1,0.0,0.08421052631578947,4.19774128567445,22,2,20,0.09090909090909091,0.10526315789473684,4.071743188652245,23,2,21,0.08695652173913043,0.11052631578947368,4.307566949166936,20,1,19,0.05,0.1,4.019775944357841,22,2,20,0.09090909090909091,0.10526315789473684,4.436538964002484,7,0,7,0.0,0.03684210526315789,4.222608321696834,10,1,9,0.1,0.04736842105263158,4.821391244976954,19,1,18,0.05263157894736842,0.09473684210526316,4.19774128567445,22,2,20,0.09090909090909091,0.10526315789473684,1.754557
gaussian,gaussian,250,200,80,0.6,20,block_ar1,0.6,150,19,1,18,15,0,15,0.05263157894736842,0.09473684210526316,0.0,0.07894736842105263,22,1,21,15,0,15,0.045454545454545456,0.11052631578947368,0.0,0.07894736842105263,4.234552718885143,25,2,23,0.08,0.12105263157894737,4.234552718885143,25,2,23,0.08,0.12105263157894737,4.20842971994566,25,2,23,0.08,0.12105263157894737,4.20842971994566,25,2,23,0.08,0.12105263157894737,4.368142247538543,8,1,7,0.125,0.03684210526315789,4.180388980935857,12,2,10,0.16666666666666666,0.05263157894736842,4.732213026661411,23,1,22,0.043478260869565216,0.11578947368421053,4.234552718885143,25,2,23,0.08,0.12105263157894737,1.982108
gaussian,gaussian,250,200,80,0.6,20,block_ar1,0.6,151,17,0,17,13,0,13,0.0,0.08947368421052632,0.0,0.06842105263157895,17,0,17,13,0,13,0.0,0.08947368421052632,0.0,0.06842105263157895,4.405257974880951,22,2,20,0.09090909090909091,0.10526315789473684,4.405257974880951,22,2,20,0.09090909090909091,0.10526315789473684,4.38302587996463,22,2,20,0.09090909090909091,0.10526315789473684,4.38302587996463,22,2,20,0.09090909090909091,0.10526315789473684,4.530881255244824,6,0,6,0.0,0.031578947368421054,4.530881255244824,6,0,6,0.0,0.031578947368421054,4.588648091484955,19,0,19,0.0,0.1,4.405257974880951,22,2,20,0.09090909090909091,0.10526315789473684,1.860403
gaussian,gaussian,250,200,80,0.6,20,block_ar1,0.6,152,19,1,18,14,0,14,0.05263157894736842,0.09473684210526316,0.0,0.07368421052631578,22,2,20,16,0,16,0.09090909090909091,0.10526315789473684,0.0,0.08421052631578947,4.3520449485720345,21,1,20,0.047619047619047616,0.10526315789473684,4.3520449485720345,21,1,20,0.047619047619047616,0.10526315789473684,4.314856479544156,21,1,20,0.047619047619047616,0.10526315789473684,4.314856479544156,21,1,20,0.047619047619047616,0.10526315789473684,4.486804291340184,5,1,4,0.2,0.021052631578947368,4.11800319702005,12,1,11,0.08333333333333333,0.05789473684210526,4.872342494919063,20,0,20,0.0,0.10526315789473684,4.3520449485720345,21,1,20,0.047619047619047616,0.10526315789473684,1.838841
gaussian,gaussian,250,200,80,0.6,20,block_ar1,0.6,153,22,2,20,16,0,16,0.09090909090909091,0.10526315789473684,0.0,0.08421052631578947,22,2,20,16,0,16,0.09090909090909091,0.10526315789473684,0.0,0.08421052631578947,4.177304681223422,24,2,22,0.08333333333333333,0.11578947368421053,4.062223920581523,26,3,23,0.11538461538461539,0.12105263157894737,4.264381394224709,22,2,20,0.09090909090909091,0.10526315789473684,4.0015622468710665,25,3,22,0.12,0.11578947368421053,4.234766439066892,15,0,15,0.0,0.07894736842105263,4.088926656732709,17,1,16,0.058823529411764705,0.08421052631578947,4.596114489695107,21,1,20,0.047619047619047616,0.10526315789473684,4.103457791854115,25,3,22,0.12,0.11578947368421053,1.77511
gaussian,gaussian,250,200,80,0.6,20,block_ar1,0.6,154,18,0,18,16,0,16,0.0,0.09473684210526316,0.0,0.08421052631578947,19,0,19,17,0,17,0.0,0.1,0.0,0.08947368421052632,4.311068038374156,24,1,23,0.041666666666666664,0.12105263157894737,4.311068038374156,24,1,23,0.041666666666666664,0.12105263157894737,4.2827583770345985,24,1,23,0.041666666666666664,0.12105263157894737,4.2827583770345985,24,1,23,0.041666666666666664,0.12105263157894737,4.54051231734837,7,0,7,0.0,0.03684210526315789,4.214328046683958,9,0,9,0.0,0.04736842105263158,4.567335958624588,22,0,22,0.0,0.11578947368421053,4.311068038374156,24,1,23,0.041666666666666664,0.12105263157894737,1.836638
gaussian,gaussian,250,200,80,0.6,20,block_ar1,0.6,155,15,1,14,10,0,10,0.06666666666666667,0.07368421052631578,0.0,0.05263157894736842,19,3,16,10,0,10,0.15789473684210525,0.08421052631578947,0.0,0.05263157894736842,4.312975973393404,23,2,21,0.08695652173913043,0.11052631578947368,3.9461979331249686,26,4,22,0.15384615384615385,0.11578947368421053,4.26280188313189,22,1,21,0.045454545454545456,0.11052631578947368,3.9622196759865465,24,3,21,0.125,0.11052631578947368,4.265672229424786,13,2,11,0.15384615384615385,0.05789473684210526,4.1477189046787455,15,2,13,0.13333333333333333,0.06842105263157895,4.674432678157212,21,1,20,0.047619047619047616,0.10526315789473684,4.312975973393404,23,2,21,0.08695652173913043,0.11052631578947368,1.856739
gaussian,gaussian,250,200,80,0.6,20,block_ar1,0.6,156,17,0,17,11,0,11,0.0,0.08947368421052632,0.0,0.05789473684210526,21,1,20,12,0,12,0.047619047619047616,0.10526315789473684,0.0,0.06315789473684211,4.575355311501845,23,2,21,0.08695652173913043,0.11052631578947368,3.971486956379302,24,2,22,0.08333333333333333,0.11578947368421053,4.538056019266319,23,2,21,0.08695652173913043,0.11052631578947368,4.538056019266319,23,2,21,0.08695652173913043,0.11052631578947368,4.368439599559502,9,0,9,0.0,0.04736842105263158,4.145968223190722,12,0,12,0.0,0.06315789473684211,4.575355311501845,23,2,21,0.08695652173913043,0.11052631578947368,4.575355311501845,23,2,21,0.08695652173913043,0.11052631578947368,1.891962
gaussian,gaussian,250,200,80,0.6,20,block_ar1,0.6,157,22,1,21,17,1,16,0.045454545454545456,0.11052631578947368,0.058823529411764705,0.08421052631578947,23,1,22,19,1,18,0.043478260869565216,0.11578947368421053,0.05263157894736842,0.09473684210526316,4.419131346839828,25,4,21,0.16,0.11052631578947368,4.065462901942357,26,4,22,0.15384615384615385,0.11578947368421053,4.359492127151195,25,4,21,0.16,0.11052631578947368,4.010596681385616,26,4,22,0.15384615384615385,0.11578947368421053,4.344971204242716,9,1,8,0.1111111111111111,0.042105263157894736,4.064196523124182,16,3,13,0.1875,0.06842105263157895,4.692842577642989,24,3,21,0.125,0.11052631578947368,4.065462901942357,26,4,22,0.15384615384615385,0.11578947368421053,1.892469
gaussian,gaussian,250,200,80,0.6,20,block_ar1,0.6,158,20,3,17,10,0,10,0.15,0.08947368421052632,0.0,0.05263157894736842,22,4,18,13,1,12,0.18181818181818182,0.09473684210526316,0.07692307692307693,0.06315789473684211,4.2390940487043975,24,4,20,0.16666666666666666,0.10526315789473684,3.963013514553642,26,6,20,0.23076923076923078,0.10526315789473684,4.1983572246632,24,4,20,0.16666666666666666,0.10526315789473684,4.1983572246632,24,4,20,0.16666666666666666,0.10526315789473684,4.492799296630058,5,0,5,0.0,0.02631578947368421,4.492799296630058,5,0,5,0.0,0.02631578947368421,5.074204185932472,21,3,18,0.14285714285714285,0.09473684210526316,4.2390940487043975,24,4,20,0.16666666666666666,0.10526315789473684,1.757721
gaussian,gaussian,250,200,80,0.6,20,block_ar1,0.6,159,16,0,16,12,0,12,0.0,0.08421052631578947,0.0,0.06315789473684211,20,2,18,12,0,12,0.1,0.09473684210526316,0.0,0.06315789473684211,4.174583229023456,21,3,18,0.14285714285714285,0.09473684210526316,4.01099401659072,22,3,19,0.13636363636363635,0.1,4.980297751800579,19,2,17,0.10526315789473684,0.08947368421052632,4.133281933099564,20,2,18,0.1,0.09473684210526316,4.60313288203615,5,0,5,0.0,0.02631578947368421,4.145164359463991,11,3,8,0.2727272727272727,0.042105263157894736,4.565614953121676,20,3,17,0.15,0.08947368421052632,4.174583229023456,21,3,18,0.14285714285714285,0.09473684210526316,2.203703
gaussian,gaussian,250,200,80,0.6,20,block_ar1,0.6,160,17,1,16,16,0,16,0.058823529411764705,0.08421052631578947,0.0,0.08421052631578947,17,1,16,16,0,16,0.058823529411764705,0.08421052631578947,0.0,0.08421052631578947,4.271102496200144,21,2,19,0.09523809523809523,0.1,3.981467981043675,23,3,20,0.13043478260869565,0.10526315789473684,4.21126126740603,21,2,19,0.09523809523809523,0.1,4.052937334851353,22,2,20,0.09090909090909091,0.10526315789473684,4.285292464805471,12,1,11,0.08333333333333333,0.05789473684210526,4.1634147219572455,14,2,12,0.14285714285714285,0.06315789473684211,4.822182383208589,18,0,18,0.0,0.09473684210526316,4.271102496200144,21,2,19,0.09523809523809523,0.1,2.421851
gaussian,gaussian,250,200,80,0.6,20,block_ar1,0.6,161,18,0,18,13,0,13,0.0,0.09473684210526316,0.0,0.06842105263157895,20,0,20,17,0,17,0.0,0.10526315789473684,0.0,0.08947368421052632,4.143425058738095,23,1,22,0.043478260869565216,0.11578947368421053,3.9728437059125805,24,2,22,0.08333333333333333,0.11578947368421053,4.5809437380223335,21,0,21,0.0,0.11052631578947368,4.5809437380223335,21,0,21,0.0,0.11052631578947368,4.758279935012595,3,0,3,0.0,0.015789473684210527,4.758279935012595,3,0,3,0.0,0.015789473684210527,4.555894004447982,22,0,22,0.0,0.11578947368421053,4.143425058738095,23,1,22,0.043478260869565216,0.11578947368421053,1.985067
gaussian,gaussian,250,200,80,0.6,20,block_ar1,0.6,162,22,0,22,16,0,16,0.0,0.11578947368421053,0.0,0.08421052631578947,22,0,22,17,0,17,0.0,0.11578947368421053,0.0,0.08947368421052632,4.141846003326812,28,0,28,0.0,0.14736842105263157,4.141846003326812,28,0,28,0.0,0.14736842105263157,4.319038233283223,27,0,27,0.0,0.14210526315789473,4.07233629801484,28,0,28,0.0,0.14736842105263157,4.456987106222646,8,0,8,0.0,0.042105263157894736,4.065500851179162,16,0,16,0.0,0.08421052631578947,4.504284641315586,26,0,26,0.0,0.1368421052631579,4.141846003326812,28,0,28,0.0,0.14736842105263157,1.802375
gaussian,gaussian,250,200,80,0.6,20,block_ar1,0.6,163,18,0,18,16,0,16,0.0,0.09473684210526316,0.0,0.08421052631578947,21,0,21,17,0,17,0.0,0.11052631578947368,0.0,0.08947368421052632,4.378833221660464,23,0,23,0.0,0.12105263157894737,4.1049637549817986,24,0,24,0.0,0.12631578947368421,4.349306069887946,23,0,23,0.0,0.12105263157894737,4.077283347512872,24,0,24,0.0,0.12631578947368421,4.3016271711118765,12,0,12,0.0,0.06315789473684211,4.082387930317185,17,0,17,0.0,0.08947368421052632,4.530853793476505,22,0,22,0.0,0.11578947368421053,4.1049637549817986,24,0,24,0.0,0.12631578947368421,1.861083
gaussian,gaussian,250,200,80,0.6,20,block_ar1,0.6,164,20,2,18,15,0,15,0.1,0.09473684210526316,0.0,0.07894736842105263,20,2,18,16,0,16,0.1,0.09473684210526316,0.0,0.08421052631578947,4.338389733088077,24,3,21,0.125,0.11052631578947368,4.338389733088077,24,3,21,0.125,0.11052631578947368,4.297015454073244,24,3,21,0.125,0.11052631578947368,4.297015454073244,24,3,21,0.125,0.11052631578947368,4.345038277709562,9,0,9,0.0,0.04736842105263158,4.108376382681851,18,3,15,0.16666666666666666,0.07894736842105263,4.681505985076599,23,3,20,0.13043478260869565,0.10526315789473684,4.338389733088077,24,3,21,0.125,0.11052631578947368,1.749626
gaussian,gaussian,250,200,80,0.6,20,block_ar1,0.6,165,18,1,17,11,0,11,0.05555555555555555,0.08947368421052632,0.0,0.05789473684210526,19,1,18,14,1,13,0.05263157894736842,0.09473684210526316,0.07142857142857142,0.06842105263157895,4.166116352064765,29,5,24,0.1724137931034483,0.12631578947368421,3.917602351422887,33,7,26,0.21212121212121213,0.1368421052631579,4.139667206610963,28,4,24,0.14285714285714285,0.12631578947368421,3.8958416894276002,31,5,26,0.16129032258064516,0.1368421052631579,4.452502001957065,9,1,8,0.1111111111111111,0.042105263157894736,4.251886010683204,10,1,9,0.1,0.04736842105263158,4.581006354521308,21,1,20,0.047619047619047616,0.10526315789473684,3.9920064933905604,31,5,26,0.16129032258064516,0.1368421052631579,1.820525
gaussian,gaussian,250,200,80,0.6,20,block_ar1,0.6,166,22,3,19,14,0,14,0.13636363636363635,0.1,0.0,0.07368421052631578,23,4,19,16,1,15,0.17391304347826086,0.1,0.0625,0.07894736842105263,4.154563560893322,22,3,19,0.13636363636363635,0.1,4.154563560893322,22,3,19,0.13636363636363635,0.1,4.157035859892385,21,2,19,0.09523809523809523,0.1,4.111779492564136,22,3,19,0.13636363636363635,0.1,4.317916280176397,10,1,9,0.1,0.04736842105263158,4.103917049231917,13,2,11,0.15384615384615385,0.05789473684210526,5.174580008547452,20,1,19,0.05,0.1,4.200290831759955,21,2,19,0.09523809523809523,0.1,1.964213
gaussian,gaussian,250,200,80,0.6,20,block_ar1,0.6,167,21,2,19,12,0,12,0.09523809523809523,0.1,0.0,0.06315789473684211,22,2,20,15,0,15,0.09090909090909091,0.10526315789473684,0.0,0.07894736842105263,4.280025685834124,24,1,23,0.041666666666666664,0.12105263157894737,4.0548593752082915,25,2,23,0.08,0.12105263157894737,4.25842448168628,24,1,23,0.041666666666666664,0.12105263157894737,4.034394580932739,25,2,23,0.08,0.12105263157894737,4.448899105462581,6,0,6,0.0,0.031578947368421054,4.121629211756853,13,1,12,0.07692307692307693,0.06315789473684211,4.6501302626003325,21,0,21,0.0,0.11052631578947368,4.280025685834124,24,1,23,0.041666666666666664,0.12105263157894737,1.787181
gaussian,gaussian,250,200,80,0.6,20,block_ar1,0.6,168,16,0,16,13,0,13,0.0,0.08421052631578947,0.0,0.06842105263157895,17,0,17,13,0,13,0.0,0.08947368421052632,0.0,0.06842105263157895,4.660993959029454,20,0,20,0.0,0.10526315789473684,4.660993959029454,20,0,20,0.0,0.10526315789473684,4.617660234374658,20,0,20,0.0,0.10526315789473684,4.617660234374658,20,0,20,0.0,0.10526315789473684,5.407886835645748,5,0,5,0.0,0.02631578947368421,4.0976919878426585,14,3,11,0.21428571428571427,0.05789473684210526,4.660993959029454,20,0,20,0.0,0.10526315789473684,4.660993959029454,20,0,20,0.0,0.10526315789473684,1.768478
gaussian,gaussian,250,200,80,0.6,20,block_ar1,0.6,169,24,2,22,12,0,12,0.08333333333333333,0.11578947368421053,0.0,0.06315789473684211,27,3,24,15,0,15,0.1111111111111111,0.12631578947368421,0.0,0.07894736842105263,4.129119544195224,27,2,25,0.07407407407407407,0.13157894736842105,3.9126860738228735,30,5,25,0.16666666666666666,0.13157894736842105,4.116025766595081,27,2,25,0.07407407407407407,0.13157894736842105,3.9002786245539762,30,5,25,0.16666666666666666,0.13157894736842105,4.298937467438398,13,2,11,0.15384615384615385,0.05789473684210526,4.149432940004169,14,2,12,0.14285714285714285,0.06315789473684211,4.934663370712549,24,0,24,0.0,0.12631578947368421,4.076430311902778,28,3,25,0.10714285714285714,0.13157894736842105,1.942292
gaussian,gaussian,250,200,80,0.6,20,block_ar1,0.6,170,18,1,17,15,0,15,0.05555555555555555,0.08947368421052632,0.0,0.07894736842105263,19,2,17,16,0,16,0.10526315789473684,0.08947368421052632,0.0,0.08421052631578947,4.176024531277098,22,1,21,0.045454545454545456,0.11052631578947368,4.027677767989478,24,3,21,0.125,0.11052631578947368,4.2261059488395025,21,1,20,0.047619047619047616,0.10526315789473684,3.9735438887896932,24,3,21,0.125,0.11052631578947368,4.319144514715299,10,2,8,0.2,0.042105263157894736,4.319144514715299,10,2,8,0.2,0.042105263157894736,5.472303483506472,18,1,17,0.05555555555555555,0.08947368421052632,4.176024531277098,22,1,21,0.045454545454545456,0.11052631578947368,1.832228
gaussian,gaussian,250,200,80,0.6,20,block_ar1,0.6,171,24,4,20,13,0,13,0.16666666666666666,0.10526315789473684,0.0,0.06842105263157895,26,6,20,16,0,16,0.23076923076923078,0.10526315789473684,0.0,0.08421052631578947,4.07035981666666,30,8,22,0.26666666666666666,0.11578947368421053,3.9197080523020906,32,9,23,0.28125,0.12105263157894737,4.107590863702291,28,6,22,0.21428571428571427,0.11578947368421053,3.885226095559034,32,9,23,0.28125,0.12105263157894737,4.4753385956351375,5,0,5,0.0,0.02631578947368421,4.245061825290926,9,1,8,0.1111111111111111,0.042105263157894736,4.620404804799884,24,3,21,0.125,0.11052631578947368,4.025143935749851,31,8,23,0.25806451612903225,0.12105263157894737,1.740179
gaussian,gaussian,250,200,80,0.6,20,block_ar1,0.6,172,18,0,18,16,0,16,0.0,0.09473684210526316,0.0,0.08421052631578947,19,1,18,16,0,16,0.05263157894736842,0.09473684210526316,0.0,0.08421052631578947,4.135717235165548,24,1,23,0.041666666666666664,0.12105263157894737,3.9496993678867884,26,3,23,0.11538461538461539,0.12105263157894737,4.273081541919935,23,1,22,0.043478260869565216,0.11578947368421053,4.081072774127554,24,1,23,0.041666666666666664,0.12105263157894737,4.323896418062533,13,0,13,0.0,0.06842105263157895,4.323896418062533,13,0,13,0.0,0.06842105263157895,4.589259469603779,21,1,20,0.047619047619047616,0.10526315789473684,4.135717235165548,24,1,23,0.041666666666666664,0.12105263157894737,2.034122
gaussian,gaussian,250,200,80,0.6,20,block_ar1,0.6,173,21,4,17,12,0,12,0.19047619047619047,0.08947368421052632,0.0,0.06315789473684211,27,8,19,14,0,14,0.2962962962962963,0.1,0.0,0.07368421052631578,4.119761313190973,27,5,22,0.18518518518518517,0.11578947368421053,3.9628942117533783,30,8,22,0.26666666666666666,0.11578947368421053,4.123167125869519,26,4,22,0.15384615384615385,0.11578947368421053,3.9053963977756565,30,8,22,0.26666666666666666,0.11578947368421053,4.355495891334784,11,1,10,0.09090909090909091,0.05263157894736842,4.059584324030828,19,6,13,0.3157894736842105,0.06842105263157895,4.58091919236215,24,2,22,0.08333333333333333,0.11578947368421053,4.119761313190973,27,5,22,0.18518518518518517,0.11578947368421053,1.866493
gaussian,gaussian,250,200,80,0.6,20,block_ar1,0.6,174,21,1,20,15,0,15,0.047619047619047616,0.10526315789473684,0.0,0.07894736842105263,28,2,26,17,0,17,0.07142857142857142,0.1368421052631579,0.0,0.08947368421052632,4.194129343558956,29,1,28,0.034482758620689655,0.14736842105263157,3.887089322141297,33,3,30,0.09090909090909091,0.15789473684210525,4.133751339960759,28,1,27,0.03571428571428571,0.14210526315789473,3.907134740634272,30,1,29,0.03333333333333333,0.15263157894736842,4.288600527652938,12,0,12,0.0,0.06315789473684211,4.087632427120355,15,0,15,0.0,0.07894736842105263,4.523330369606367,26,0,26,0.0,0.1368421052631579,4.194129343558956,29,1,28,0.034482758620689655,0.14736842105263157,1.684539
gaussian,gaussian,250,200,80,0.6,20,block_ar1,0.6,175,14,2,12,9,0,9,0.14285714285714285,0.06315789473684211,0.0,0.04736842105263158,16,4,12,12,1,11,0.25,0.06315789473684211,0.08333333333333333,0.05789473684210526,4.631099187530241,23,4,19,0.17391304347826086,0.1,4.023610775828299,25,6,19,0.24,0.1,4.58959005111904,23,4,19,0.17391304347826086,0.1,3.9875466360212433,25,6,19,0.24,0.1,4.446573047389526,7,1,6,0.14285714285714285,0.031578947368421054,4.185738015218183,9,1,8,0.1111111111111111,0.042105263157894736,4.631099187530241,23,4,19,0.17391304347826086,0.1,4.631099187530241,23,4,19,0.17391304347826086,0.1,2.039059
gaussian,gaussian,250,200,80,0.6,20,block_ar1,0.6,176,13,0,13,11,0,11,0.0,0.06842105263157895,0.0,0.05789473684210526,13,0,13,11,0,11,0.0,0.06842105263157895,0.0,0.05789473684210526,4.234208291905269,20,2,18,0.1,0.09473684210526316,4.020862939695607,21,3,18,0.14285714285714285,0.09473684210526316,4.1933939646517775,20,2,18,0.1,0.09473684210526316,4.1933939646517775,20,2,18,0.1,0.09473684210526316,4.7480292787776985,5,0,5,0.0,0.02631578947368421,4.328289544705213,6,0,6,0.0,0.031578947368421054,4.648676135762515,16,0,16,0.0,0.08421052631578947,4.234208291905269,20,2,18,0.1,0.09473684210526316,1.880071
gaussian,gaussian,250,200,80,0.6,20,block_ar1,0.6,177,26,4,22,15,0,15,0.15384615384615385,0.11578947368421053,0.0,0.07894736842105263,26,4,22,16,0,16,0.15384615384615385,0.11578947368421053,0.0,0.08421052631578947,4.247213277290502,29,5,24,0.1724137931034483,0.12631578947368421,4.030853919773485,31,6,25,0.1935483870967742,0.13157894736842105,4.186662359760999,28,4,24,0.14285714285714285,0.12631578947368421,3.9733875559874448,30,5,25,0.16666666666666666,0.13157894736842105,4.69742567151345,3,0,3,0.0,0.015789473684210527,4.10074976797271,13,1,12,0.07692307692307693,0.06315789473684211,4.724883940177416,25,2,23,0.08,0.12105263157894737,4.030853919773485,31,6,25,0.1935483870967742,0.13157894736842105,1.760668
gaussian,gaussian,250,200,80,0.6,20,block_ar1,0.6,178,17,1,16,15,0,15,0.058823529411764705,0.08421052631578947,0.0,0.07894736842105263,19,2,17,15,0,15,0.10526315789473684,0.08947368421052632,0.0,0.07894736842105263,4.1943123788757815,24,4,20,0.16666666666666666,0.10526315789473684,4.1943123788757815,24,4,20,0.16666666666666666,0.10526315789473684,4.153912801629004,23,3,20,0.13043478260869565,0.10526315789473684,4.153912801629004,23,3,20,0.13043478260869565,0.10526315789473684,4.762613364694503,2,0,2,0.0,0.010526315789473684,4.392097176912722,4,0,4,0.0,0.021052631578947368,4.913920092588768,18,1,17,0.05555555555555555,0.08947368421052632,4.1943123788757815,24,4,20,0.16666666666666666,0.10526315789473684,1.990472
gaussian,gaussian,250,200,80,0.6,20,block_ar1,0.6,179,17,1,16,12,0,12,0.058823529411764705,0.08421052631578947,0.0,0.06315789473684211,20,4,16,13,0,13,0.2,0.08421052631578947,0.0,0.06842105263157895,4.2398315454650914,21,3,18,0.14285714285714285,0.09473684210526316,3.9792080174854596,22,4,18,0.18181818181818182,0.09473684210526316,4.190193088870247,21,3,18,0.14285714285714285,0.09473684210526316,4.190193088870247,21,3,18,0.14285714285714285,0.09473684210526316,4.551460183332916,5,0,5,0.0,0.02631578947368421,4.1189557449884076,12,2,10,0.16666666666666666,0.05263157894736842,4.635918001197374,19,2,17,0.10526315789473684,0.08947368421052632,4.2398315454650914,21,3,18,0.14285714285714285,0.09473684210526316,1.83565
gaussian,gaussian,250,200,80,0.6,20,block_ar1,0.6,180,24,1,23,18,0,18,0.041666666666666664,0.12105263157894737,0.0,0.09473684210526316,28,3,25,19,0,19,0.10714285714285714,0.13157894736842105,0.0,0.1,4.097534055851491,32,3,29,0.09375,0.15263157894736842,3.890193954868741,35,6,29,0.17142857142857143,0.15263157894736842,4.073914618625678,30,3,27,0.1,0.14210526315789473,3.9837330462227856,32,4,28,0.125,0.14736842105263157,4.353572617443897,11,0,11,0.0,0.05789473684210526,4.0700773864948,17,1,16,0.058823529411764705,0.08421052631578947,4.714317978668123,26,1,25,0.038461538461538464,0.13157894736842105,4.035195967419519,33,4,29,0.12121212121212122,0.15263157894736842,1.871529
gaussian,gaussian,250,200,80,0.6,20,block_ar1,0.6,181,23,4,19,13,0,13,0.17391304347826086,0.1,0.0,0.06842105263157895,23,4,19,14,0,14,0.17391304347826086,0.1,0.0,0.07368421052631578,4.499203911436454,24,3,21,0.125,0.11052631578947368,3.996386126904801,27,5,22,0.18518518518518517,0.11578947368421053,4.415372614461517,24,3,21,0.125,0.11052631578947368,4.020607747115285,25,4,21,0.16,0.11052631578947368,4.754333400765811,3,0,3,0.0,0.015789473684210527,4.412716833746422,5,1,4,0.2,0.021052631578947368,4.499203911436454,24,3,21,0.125,0.11052631578947368,4.096943946004643,25,4,21,0.16,0.11052631578947368,1.829458
gaussian,gaussian,250,200,80,0.6,20,block_ar1,0.6,182,20,3,17,12,0,12,0.15,0.08947368421052632,0.0,0.06315789473684211,24,5,19,13,0,13,0.20833333333333334,0.1,0.0,0.06842105263157895,4.1046964582797605,26,3,23,0.11538461538461539,0.12105263157894737,3.9817047931500658,28,5,23,0.17857142857142858,0.12105263157894737,4.109193423335881,25,3,22,0.12,0.11578947368421053,3.964809380646168,28,5,23,0.17857142857142858,0.12105263157894737,4.600331763210788,4,1,3,0.25,0.015789473684210527,4.424164020201441,5,1,4,0.2,0.021052631578947368,4.535139616490825,22,1,21,0.045454545454545456,0.11052631578947368,4.068008746257291,27,4,23,0.14814814814814814,0.12105263157894737,1.770766
gaussian,gaussian,250,200,80,0.6,20,block_ar1,0.6,183,16,0,16,14,0,14,0.0,0.08421052631578947,0.0,0.07368421052631578,20,1,19,14,0,14,0.05,0.1,0.0,0.07368421052631578,4.247784753172411,22,0,22,0.0,0.11578947368421053,3.9767511953207304,23,1,22,0.043478260869565216,0.11578947368421053,4.211444280396189,22,0,22,0.0,0.11578947368421053,4.211444280396189,22,0,22,0.0,0.11578947368421053,4.411924973120429,9,1,8,0.1111111111111111,0.042105263157894736,4.104911702836729,14,3,11,0.21428571428571427,0.05789473684210526,4.684429504546718,20,0,20,0.0,0.10526315789473684,4.247784753172411,22,0,22,0.0,0.11578947368421053,1.925987
gaussian,gaussian,250,200,80,0.6,20,block_ar1,0.6,184,17,1,16,13,0,13,0.058823529411764705,0.08421052631578947,0.0,0.06842105263157895,22,5,17,13,0,13,0.22727272727272727,0.08947368421052632,0.0,0.06842105263157895,4.169841982135407,21,2,19,0.09523809523809523,0.1,3.985578000254462,25,6,19,0.24,0.1,4.214334059788932,20,1,19,0.05,0.1,3.956229814062931,24,5,19,0.20833333333333334,0.1,4.424154437791381,7,0,7,0.0,0.03684210526315789,4.1763102712138895,11,2,9,0.18181818181818182,0.04736842105263158,4.61228398380519,18,0,18,0.0,0.09473684210526316,4.128319760266498,22,3,19,0.13636363636363635,0.1,1.876515
gaussian,gaussian,250,200,80,0.6,20,block_ar1,0.6,185,18,1,17,11,0,11,0.05555555555555555,0.08947368421052632,0.0,0.05789473684210526,21,2,19,13,0,13,0.09523809523809523,0.1,0.0,0.06842105263157895,4.157907823082526,28,3,25,0.10714285714285714,0.13157894736842105,3.9293304959193853,30,4,26,0.13333333333333333,0.1368421052631579,4.154503371135856,27,3,24,0.1111111111111111,0.12631578947368421,4.154503371135856,27,3,24,0.1111111111111111,0.12631578947368421,4.37789923123402,8,0,8,0.0,0.042105263157894736,4.1604508818009425,11,0,11,0.0,0.05789473684210526,4.521325262403946,25,2,23,0.08,0.12105263157894737,4.157907823082526,28,3,25,0.10714285714285714,0.13157894736842105,1.755378
gaussian,gaussian,250,200,80,0.6,20,block_ar1,0.6,186,18,1,17,14,0,14,0.05555555555555555,0.08947368421052632,0.0,0.07368421052631578,19,1,18,16,0,16,0.05263157894736842,0.09473684210526316,0.0,0.08421052631578947,4.153195705752513,24,2,22,0.08333333333333333,0.11578947368421053,4.153195705752513,24,2,22,0.08333333333333333,0.11578947368421053,4.6942717450258336,21,1,20,0.047619047619047616,0.10526315789473684,4.104407762796289,24,2,22,0.08333333333333333,0.11578947368421053,4.389359979101504,9,0,9,0.0,0.04736842105263158,4.099097067672139,13,0,13,0.0,0.06842105263157895,4.750071235562148,21,1,20,0.047619047619047616,0.10526315789473684,4.153195705752513,24,2,22,0.08333333333333333,0.11578947368421053,1.850438
gaussian,gaussian,250,200,80,0.6,20,block_ar1,0.6,187,21,2,19,16,0,16,0.09523809523809523,0.1,0.0,0.08421052631578947,21,2,19,18,1,17,0.09523809523809523,0.1,0.05555555555555555,0.08947368421052632,4.096516727994878,28,6,22,0.21428571428571427,0.11578947368421053,4.096516727994878,28,6,22,0.21428571428571427,0.11578947368421053,4.114868225535087,27,6,21,0.2222222222222222,0.11052631578947368,4.063615557869855,28,6,22,0.21428571428571427,0.11578947368421053,4.412323601079586,8,1,7,0.125,0.03684210526315789,4.07516088565451,15,1,14,0.06666666666666667,0.07368421052631578,4.496512771717863,24,3,21,0.125,0.11052631578947368,4.096516727994878,28,6,22,0.21428571428571427,0.11578947368421053,1.894951
gaussian,gaussian,250,200,80,0.6,20,block_ar1,0.6,188,19,3,16,14,0,14,0.15789473684210525,0.08421052631578947,0.0,0.07368421052631578,20,4,16,15,1,14,0.2,0.08421052631578947,0.06666666666666667,0.07368421052631578,4.128035542626744,25,5,20,0.2,0.10526315789473684,4.004726920444946,27,6,21,0.2222222222222222,0.11052631578947368,4.161854615360721,24,4,20,0.16666666666666666,0.10526315789473684,3.9771418134051078,26,5,21,0.19230769230769232,0.11052631578947368,4.392259679700552,9,0,9,0.0,0.04736842105263158,4.20058752125072,12,2,10,0.16666666666666666,0.05263157894736842,4.767595710961576,18,1,17,0.05555555555555555,0.08947368421052632,4.128035542626744,25,5,20,0.2,0.10526315789473684,1.713846
gaussian,gaussian,250,200,80,0.6,20,block_ar1,0.6,189,16,0,16,14,0,14,0.0,0.08421052631578947,0.0,0.07368421052631578,19,3,16,14,0,14,0.15789473684210525,0.08421052631578947,0.0,0.07368421052631578,4.5067046980144285,23,1,22,0.043478260869565216,0.11578947368421053,3.98987360895232,26,4,22,0.15384615384615385,0.11578947368421053,4.427429773854605,22,0,22,0.0,0.11578947368421053,3.9538345988811225,24,2,22,0.08333333333333333,0.11578947368421053,4.507380759574589,7,0,7,0.0,0.03684210526315789,4.188764089406312,9,0,9,0.0,0.04736842105263158,4.5067046980144285,23,1,22,0.043478260869565216,0.11578947368421053,4.5067046980144285,23,1,22,0.043478260869565216,0.11578947368421053,1.96066
gaussian,gaussian,250,200,80,0.6,20,block_ar1,0.6,190,18,2,16,11,0,11,0.1111111111111111,0.08421052631578947,0.0,0.05789473684210526,20,3,17,12,0,12,0.15,0.08947368421052632,0.0,0.06315789473684211,4.777708895472049,22,3,19,0.13636363636363635,0.1,4.777708895472049,22,3,19,0.13636363636363635,0.1,4.737015641265531,22,3,19,0.13636363636363635,0.1,4.737015641265531,22,3,19,0.13636363636363635,0.1,4.559949344477938,5,0,5,0.0,0.02631578947368421,4.559949344477938,5,0,5,0.0,0.02631578947368421,4.777708895472049,22,3,19,0.13636363636363635,0.1,4.777708895472049,22,3,19,0.13636363636363635,0.1,1.929892
gaussian,gaussian,250,200,80,0.6,20,block_ar1,0.6,191,20,3,17,12,0,12,0.15,0.08947368421052632,0.0,0.06315789473684211,24,6,18,14,1,13,0.25,0.09473684210526316,0.07142857142857142,0.06842105263157895,4.228668073939771,24,2,22,0.08333333333333333,0.11578947368421053,3.9956307657150645,27,5,22,0.18518518518518517,0.11578947368421053,4.184350703003485,23,1,22,0.043478260869565216,0.11578947368421053,3.9537556769938895,27,5,22,0.18518518518518517,0.11578947368421053,4.465616721414939,5,0,5,0.0,0.02631578947368421,4.306844142162331,6,1,5,0.16666666666666666,0.02631578947368421,4.892052245256047,21,2,19,0.09523809523809523,0.1,4.228668073939771,24,2,22,0.08333333333333333,0.11578947368421053,1.723584
gaussian,gaussian,250,200,80,0.6,20,block_ar1,0.6,192,22,0,22,16,0,16,0.0,0.11578947368421053,0.0,0.08421052631578947,28,2,26,16,0,16,0.07142857142857142,0.1368421052631579,0.0,0.08421052631578947,4.358658749816602,29,0,29,0.0,0.15263157894736842,3.9320413121620312,30,1,29,0.03333333333333333,0.15263157894736842,4.32554634879894,28,0,28,0.0,0.14736842105263157,4.32554634879894,28,0,28,0.0,0.14736842105263157,4.426391996589687,11,0,11,0.0,0.05789473684210526,4.1815692682898495,14,0,14,0.0,0.07368421052631578,4.478479848412877,28,0,28,0.0,0.14736842105263157,4.358658749816602,29,0,29,0.0,0.15263157894736842,1.903086
gaussian,gaussian,250,200,80,0.6,20,block_ar1,0.6,193,15,0,15,10,0,10,0.0,0.07894736842105263,0.0,0.05263157894736842,19,3,16,10,0,10,0.15789473684210525,0.08421052631578947,0.0,0.05263157894736842,4.166731684986984,20,1,19,0.05,0.1,4.073655297094329,23,3,20,0.13043478260869565,0.10526315789473684,4.343784922048391,19,0,19,0.0,0.1,4.000271838831952,23,3,20,0.13043478260869565,0.10526315789473684,4.34823315306539,10,2,8,0.2,0.042105263157894736,4.08425162386509,14,4,10,0.2857142857142857,0.05263157894736842,4.943134925980134,17,0,17,0.0,0.08947368421052632,4.166731684986984,20,1,19,0.05,0.1,1.834273
gaussian,gaussian,250,200,80,0.6,20,block_ar1,0.6,194,24,2,22,13,0,13,0.08333333333333333,0.11578947368421053,0.0,0.06842105263157895,30,6,24,15,0,15,0.2,0.12631578947368421,0.0,0.07894736842105263,4.110153926388597,27,2,25,0.07407407407407407,0.13157894736842105,3.9757752549764263,30,5,25,0.16666666666666666,0.13157894736842105,4.097620674510407,27,2,25,0.07407407407407407,0.13157894736842105,3.9636517691960584,30,5,25,0.16666666666666666,0.13157894736842105,4.330356247716699,11,3,8,0.2727272727272727,0.042105263157894736,4.18056889730226,13,4,9,0.3076923076923077,0.04736842105263158,4.650487931248676,25,0,25,0.0,0.13157894736842105,4.110153926388597,27,2,25,0.07407407407407407,0.13157894736842105,1.814428
gaussian,gaussian,250,200,80,0.6,20,block_ar1,0.6,195,13,0,13,12,0,12,0.0,0.06842105263157895,0.0,0.06315789473684211,21,5,16,13,0,13,0.23809523809523808,0.08421052631578947,0.0,0.06842105263157895,4.390668994376785,22,3,19,0.13636363636363635,0.1,3.94755724939297,25,6,19,0.24,0.1,4.165288243529816,22,3,19,0.13636363636363635,0.1,3.991933573398098,24,5,19,0.20833333333333334,0.1,4.78878209568184,3,0,3,0.0,0.015789473684210527,4.138646660494321,12,1,11,0.08333333333333333,0.05789473684210526,4.628535457745096,21,3,18,0.14285714285714285,0.09473684210526316,4.11663975929167,23,4,19,0.17391304347826086,0.1,1.92041
gaussian,gaussian,250,200,80,0.6,20,block_ar1,0.6,196,16,1,15,11,0,11,0.0625,0.07894736842105263,0.0,0.05789473684210526,20,3,17,12,0,12,0.15,0.08947368421052632,0.0,0.06315789473684211,4.217240221842416,23,2,21,0.08695652173913043,0.11052631578947368,3.9597098629634804,28,5,23,0.17857142857142858,0.12105263157894737,4.170279392162781,22,1,21,0.045454545454545456,0.11052631578947368,3.9497290956291384,25,2,23,0.08,0.12105263157894737,4.35311445327048,9,1,8,0.1111111111111111,0.042105263157894736,4.35311445327048,9,1,8,0.1111111111111111,0.042105263157894736,4.539189757816764,21,2,19,0.09523809523809523,0.1,4.217240221842416,23,2,21,0.08695652173913043,0.11052631578947368,1.883983
gaussian,gaussian,250,200,80,0.6,20,block_ar1,0.6,197,22,1,21,11,0,11,0.045454545454545456,0.11052631578947368,0.0,0.05789473684210526,26,3,23,13,0,13,0.11538461538461539,0.12105263157894737,0.0,0.06842105263157895,4.356297932589627,24,1,23,0.041666666666666664,0.12105263157894737,3.947359786483627,28,5,23,0.17857142857142858,0.12105263157894737,4.334093845256279,24,1,23,0.041666666666666664,0.12105263157894737,3.9272400603327746,28,5,23,0.17857142857142858,0.12105263157894737,4.80890497727484,3,0,3,0.0,0.015789473684210527,4.34317099365296,6,0,6,0.0,0.031578947368421054,4.898505437197095,23,0,23,0.0,0.12105263157894737,4.058829991352521,26,3,23,0.11538461538461539,0.12105263157894737,1.802327
gaussian,gaussian,250,200,80,0.6,20,block_ar1,0.6,198,16,0,16,12,0,12,0.0,0.08421052631578947,0.0,0.06315789473684211,18,2,16,12,0,12,0.1111111111111111,0.08421052631578947,0.0,0.06315789473684211,4.330626699413684,19,0,19,0.0,0.1,3.9654079593135,23,4,19,0.17391304347826086,0.1,4.30238199978003,19,0,19,0.0,0.1,3.999885315354608,20,1,19,0.05,0.1,5.28943796238351,2,0,2,0.0,0.010526315789473684,4.37404728050682,4,0,4,0.0,0.021052631578947368,4.831948693670993,16,0,16,0.0,0.08421052631578947,4.330626699413684,19,0,19,0.0,0.1,1.771114
gaussian,gaussian,250,200,80,0.6,20,block_ar1,0.6,199,20,0,20,16,0,16,0.0,0.10526315789473684,0.0,0.08421052631578947,25,2,23,19,0,19,0.08,0.12105263157894737,0.0,0.1,4.0945103955794,27,2,25,0.07407407407407407,0.13157894736842105,3.921015026638735,29,3,26,0.10344827586206896,0.1368421052631579,4.18197388952786,26,1,25,0.038461538461538464,0.13157894736842105,3.9552443362167904,28,2,26,0.07142857142857142,0.1368421052631579,4.325314045907467,10,0,10,0.0,0.05263157894736842,4.122282643777421,12,0,12,0.0,0.06315789473684211,4.489647918595233,25,1,24,0.04,0.12631578947368421,3.998074159355624,28,2,26,0.07142857142857142,0.1368421052631579,1.841697
gaussian,gaussian,250,200,80,0.6,20,block_ar1,0.6,200,20,2,18,14,0,14,0.1,0.09473684210526316,0.0,0.07368421052631578,24,3,21,15,0,15,0.125,0.11052631578947368,0.0,0.07894736842105263,4.219061731367665,26,3,23,0.11538461538461539,0.12105263157894737,4.219061731367665,26,3,23,0.11538461538461539,0.12105263157894737,4.195449243860191,26,3,23,0.11538461538461539,0.12105263157894737,4.195449243860191,26,3,23,0.11538461538461539,0.12105263157894737,4.437695517051846,11,1,10,0.09090909090909091,0.05263157894736842,4.144355593994854,13,1,12,0.07692307692307693,0.06315789473684211,4.786113249105817,22,0,22,0.0,0.11578947368421053,4.219061731367665,26,3,23,0.11538461538461539,0.12105263157894737,2.016167
gaussian,gaussian,250,200,80,0.6,20,block_ar1,0.6,201,24,2,22,17,0,17,0.08333333333333333,0.11578947368421053,0.0,0.08947368421052632,27,3,24,21,0,21,0.1111111111111111,0.12631578947368421,0.0,0.11052631578947368,4.555970727197592,28,0,28,0.0,0.14736842105263157,4.014699941512186,30,2,28,0.06666666666666667,0.14736842105263157,4.536833987596196,28,0,28,0.0,0.14736842105263157,3.997836736729104,30,2,28,0.06666666666666667,0.14736842105263157,4.279211884890811,14,0,14,0.0,0.07368421052631578,4.183992438340861,15,0,15,0.0,0.07894736842105263,4.555970727197592,28,0,28,0.0,0.14736842105263157,4.014699941512186,30,2,28,0.06666666666666667,0.14736842105263157,1.722157
gaussian,gaussian,250,200,80,0.6,20,block_ar1,0.6,202,21,1,20,12,0,12,0.047619047619047616,0.10526315789473684,0.0,0.06315789473684211,24,1,23,13,0,13,0.041666666666666664,0.12105263157894737,0.0,0.06842105263157895,4.200733117466861,28,2,26,0.07142857142857142,0.1368421052631579,4.200733117466861,28,2,26,0.07142857142857142,0.1368421052631579,4.205356246042732,28,2,26,0.07142857142857142,0.1368421052631579,4.205356246042732,28,2,26,0.07142857142857142,0.1368421052631579,4.415984484374753,8,0,8,0.0,0.042105263157894736,4.090024591030038,15,2,13,0.13333333333333333,0.06842105263157895,4.500981682421135,26,0,26,0.0,0.1368421052631579,4.200733117466861,28,2,26,0.07142857142857142,0.1368421052631579,1.880798
gaussian,gaussian,250,200,80,0.6,20,block_ar1,0.6,203,18,0,18,14,0,14,0.0,0.09473684210526316,0.0,0.07368421052631578,21,2,19,14,0,14,0.09523809523809523,0.1,0.0,0.07368421052631578,4.2110276174295675,23,0,23,0.0,0.12105263157894737,3.9356815122941216,27,3,24,0.1111111111111111,0.12631578947368421,4.685107350571893,22,0,22,0.0,0.11578947368421053,3.9601167252139255,24,2,22,0.08333333333333333,0.11578947368421053,4.401102922039995,9,0,9,0.0,0.04736842105263158,4.094517766719071,14,2,12,0.14285714285714285,0.06315789473684211,4.742536624299911,22,0,22,0.0,0.11578947368421053,4.2110276174295675,23,0,23,0.0,0.12105263157894737,1.895438
gaussian,gaussian,250,200,80,0.6,20,block_ar1,0.6,204,20,0,20,15,0,15,0.0,0.10526315789473684,0.0,0.07894736842105263,31,5,26,15,0,15,0.16129032258064516,0.1368421052631579,0.0,0.07894736842105263,4.23034599110641,29,2,27,0.06896551724137931,0.14210526315789473,3.88999172059286,37,7,30,0.1891891891891892,0.15789473684210525,4.187656144573829,27,1,26,0.037037037037037035,0.1368421052631579,3.9073266190536096,32,4,28,0.125,0.14736842105263157,4.440817680330979,13,0,13,0.0,0.06842105263157895,4.033878189524895,19,3,16,0.15789473684210525,0.08421052631578947,4.449271504369573,27,2,25,0.07407407407407407,0.13157894736842105,3.9633588231719554,34,5,29,0.14705882352941177,0.15263157894736842,1.71051
gaussian,gaussian,250,200,80,0.6,20,block_ar1,0.6,205,21,2,19,17,0,17,0.09523809523809523,0.1,0.0,0.08947368421052632,28,6,22,18,0,18,0.21428571428571427,0.11578947368421053,0.0,0.09473684210526316,4.08050714821927,29,6,23,0.20689655172413793,0.12105263157894737,3.9786061130571926,34,8,26,0.23529411764705882,0.1368421052631579,4.13819006942203,28,5,23,0.17857142857142858,0.12105263157894737,3.962151262609684,34,8,26,0.23529411764705882,0.1368421052631579,4.275103319403045,13,1,12,0.07692307692307693,0.06315789473684211,4.0935571622031075,17,4,13,0.23529411764705882,0.06842105263157895,4.392228845688516,26,3,23,0.11538461538461539,0.12105263157894737,3.9786061130571926,34,8,26,0.23529411764705882,0.1368421052631579,1.86283
gaussian,gaussian,250,200,80,0.6,20,block_ar1,0.6,206,17,0,17,13,0,13,0.0,0.08947368421052632,0.0,0.06842105263157895,18,1,17,14,0,14,0.05555555555555555,0.08947368421052632,0.0,0.07368421052631578,4.183815162938615,20,2,18,0.1,0.09473684210526316,4.058080505825557,21,2,19,0.09523809523809523,0.1,4.913413203655455,19,1,18,0.05263157894736842,0.09473684210526316,4.0150997102382595,21,2,19,0.09523809523809523,0.1,4.563549635058086,5,0,5,0.0,0.02631578947368421,4.373594011150603,6,0,6,0.0,0.031578947368421054,4.96601025572959,19,1,18,0.05263157894736842,0.09473684210526316,4.183815162938615,20,2,18,0.1,0.09473684210526316,2.110074
gaussian,gaussian,250,200,80,0.6,20,block_ar1,0.6,207,21,1,20,12,0,12,0.047619047619047616,0.10526315789473684,0.0,0.06315789473684211,24,3,21,12,0,12,0.125,0.11052631578947368,0.0,0.06315789473684211,4.148756528243958,24,1,23,0.041666666666666664,0.12105263157894737,3.925202430309289,27,4,23,0.14814814814814814,0.12105263157894737,4.117242309942099,24,1,23,0.041666666666666664,0.12105263157894737,3.9798051249264796,26,3,23,0.11538461538461539,0.12105263157894737,4.55355578017759,5,0,5,0.0,0.02631578947368421,4.423647591522031,6,0,6,0.0,0.031578947368421054,4.641474791153084,22,0,22,0.0,0.11578947368421053,4.148756528243958,24,1,23,0.041666666666666664,0.12105263157894737,1.751757
gaussian,gaussian,250,200,80,0.6,20,block_ar1,0.6,208,20,0,20,12,0,12,0.0,0.10526315789473684,0.0,0.06315789473684211,22,2,20,16,0,16,0.09090909090909091,0.10526315789473684,0.0,0.08421052631578947,4.131937926435923,23,1,22,0.043478260869565216,0.11578947368421053,3.978278065311886,25,2,23,0.08,0.12105263157894737,4.145232840231605,22,0,22,0.0,0.11578947368421053,3.953769996755303,24,1,23,0.041666666666666664,0.12105263157894737,4.5595957676261385,11,1,10,0.09090909090909091,0.05263157894736842,4.134629900266641,13,1,12,0.07692307692307693,0.06315789473684211,4.556671303998948,21,0,21,0.0,0.11052631578947368,4.131937926435923,23,1,22,0.043478260869565216,0.11578947368421053,1.853714
gaussian,gaussian,250,200,80,0.6,20,block_ar1,0.6,209,19,0,19,14,0,14,0.0,0.1,0.0,0.07368421052631578,22,1,21,15,0,15,0.045454545454545456,0.11052631578947368,0.0,0.07894736842105263,4.125463252076064,29,3,26,0.10344827586206896,0.1368421052631579,3.93264627917434,30,4,26,0.13333333333333333,0.1368421052631579,4.080732302192923,29,3,26,0.10344827586206896,0.1368421052631579,4.080732302192923,29,3,26,0.10344827586206896,0.1368421052631579,4.399093519091739,7,0,7,0.0,0.03684210526315789,4.157095936360497,13,0,13,0.0,0.06842105263157895,4.5606955963315405,25,0,25,0.0,0.13157894736842105,4.125463252076064,29,3,26,0.10344827586206896,0.1368421052631579,1.792594
gaussian,gaussian,250,200,80,0.6,20,block_ar1,0.6,210,24,0,24,18,0,18,0.0,0.12631578947368421,0.0,0.09473684210526316,29,1,28,19,0,19,0.034482758620689655,0.14736842105263157,0.0,0.1,4.108460249531106,31,4,27,0.12903225806451613,0.14210526315789473,3.8764854118072414,34,5,29,0.14705882352941177,0.15263157894736842,4.188842775108724,30,3,27,0.1,0.14210526315789473,3.901831681015136,31,3,28,0.0967741935483871,0.14736842105263157,4.5114100949878235,7,0,7,0.0,0.03684210526315789,4.140491256491345,13,1,12,0.07692307692307693,0.06315789473684211,4.635293814397803,29,2,27,0.06896551724137931,0.14210526315789473,4.108460249531106,31,4,27,0.12903225806451613,0.14210526315789473,1.793789
gaussian,gaussian,250,200,80,0.6,20,block_ar1,0.6,211,20,3,17,16,0,16,0.15,0.08947368421052632,0.0,0.08421052631578947,23,4,19,18,1,17,0.17391304347826086,0.1,0.05555555555555555,0.08947368421052632,4.314193526032299,23,4,19,0.17391304347826086,0.1,3.9521526466889205,27,7,20,0.25925925925925924,0.10526315789473684,4.2787874411296025,23,4,19,0.17391304347826086,0.1,3.9742868346923315,25,6,19,0.24,0.1,4.488012850010808,6,1,5,0.16666666666666666,0.02631578947368421,4.198469269875443,9,2,7,0.2222222222222222,0.03684210526315789,4.581501637926186,20,1,19,0.05,0.1,4.314193526032299,23,4,19,0.17391304347826086,0.1,2.014112
gaussian,gaussian,250,200,80,0.6,20,block_ar1,0.6,212,17,2,15,10,0,10,0.11764705882352941,0.07894736842105263,0.0,0.05263157894736842,21,3,18,13,1,12,0.14285714285714285,0.09473684210526316,0.07692307692307693,0.06315789473684211,4.383051296777392,21,2,19,0.09523809523809523,0.1,4.0074327710091024,24,5,19,0.20833333333333334,0.1,4.345698759459945,21,2,19,0.09523809523809523,0.1,3.973281269693949,24,5,19,0.20833333333333334,0.1,4.533128781901348,6,0,6,0.0,0.031578947368421054,4.15827256587369,10,1,9,0.1,0.04736842105263158,4.825917774625184,19,1,18,0.05263157894736842,0.09473684210526316,4.383051296777392,21,2,19,0.09523809523809523,0.1,1.775404
gaussian,gaussian,250,200,80,0.6,20,block_ar1,0.6,213,22,5,17,13,1,12,0.22727272727272727,0.08947368421052632,0.07692307692307693,0.06315789473684211,29,9,20,14,1,13,0.3103448275862069,0.10526315789473684,0.07142857142857142,0.06842105263157895,4.103905415502264,28,6,22,0.21428571428571427,0.11578947368421053,4.103905415502264,28,6,22,0.21428571428571427,0.11578947368421053,4.13438889518731,27,5,22,0.18518518518518517,0.11578947368421053,4.059353356548154,28,6,22,0.21428571428571427,0.11578947368421053,4.611887807792126,5,1,4,0.2,0.021052631578947368,4.136028146212406,11,4,7,0.36363636363636365,0.03684210526315789,4.554134470416819,25,3,22,0.12,0.11578947368421053,4.103905415502264,28,6,22,0.21428571428571427,0.11578947368421053,1.754225
gaussian,gaussian,250,200,80,0.6,20,block_ar1,0.6,214,22,2,20,14,0,14,0.09090909090909091,0.10526315789473684,0.0,0.07368421052631578,22,2,20,14,0,14,0.09090909090909091,0.10526315789473684,0.0,0.07368421052631578,4.171921229397018,25,3,22,0.12,0.11578947368421053,3.927846123426471,27,4,23,0.14814814814814814,0.12105263157894737,4.166942181720942,25,3,22,0.12,0.11578947368421053,4.010318350186816,26,4,22,0.15384615384615385,0.11578947368421053,inf,0,0,0,0.0,0.0,4.288116488019355,7,1,6,0.14285714285714285,0.031578947368421054,4.595799283122604,22,0,22,0.0,0.11578947368421053,4.171921229397018,25,3,22,0.12,0.11578947368421053,1.932791
gaussian,gaussian,250,200,80,0.6,20,block_ar1,0.6,215,20,0,20,12,0,12,0.0,0.10526315789473684,0.0,0.06315789473684211,25,3,22,12,0,12,0.12,0.11578947368421053,0.0,0.06315789473684211,4.144275275757886,23,0,23,0.0,0.12105263157894737,3.949378149553221,26,3,23,0.11538461538461539,0.12105263157894737,4.2807551970317235,22,0,22,0.0,0.11578947368421053,3.9828698146709782,25,2,23,0.08,0.12105263157894737,4.519204600196504,5,0,5,0.0,0.02631578947368421,4.264834212533936,7,0,7,0.0,0.03684210526315789,5.045140197738262,21,0,21,0.0,0.11052631578947368,4.144275275757886,23,0,23,0.0,0.12105263157894737,1.745951
gaussian,gaussian,250,200,80,0.6,20,block_ar1,0.6,216,20,0,20,16,0,16,0.0,0.10526315789473684,0.0,0.08421052631578947,21,1,20,17,0,17,0.047619047619047616,0.10526315789473684,0.0,0.08947368421052632,4.827654563808575,21,0,21,0.0,0.11052631578947368,4.029826523349122,22,1,21,0.045454545454545456,0.11052631578947368,4.797598275521283,21,0,21,0.0,0.11052631578947368,4.004737398571726,22,1,21,0.045454545454545456,0.11052631578947368,4.712157511168407,5,0,5,0.0,0.02631578947368421,4.404551894007749,6,0,6,0.0,0.031578947368421054,4.827654563808575,21,0,21,0.0,0.11052631578947368,4.827654563808575,21,0,21,0.0,0.11052631578947368,1.769672
gaussian,gaussian,250,200,80,0.6,20,block_ar1,0.6,217,18,0,18,15,0,15,0.0,0.09473684210526316,0.0,0.07894736842105263,20,0,20,15,0,15,0.0,0.10526315789473684,0.0,0.07894736842105263,4.208246713015515,22,2,20,0.09090909090909091,0.10526315789473684,3.9675753504307236,23,2,21,0.08695652173913043,0.11052631578947368,4.55533267675462,21,1,20,0.047619047619047616,0.10526315789473684,4.55533267675462,21,1,20,0.047619047619047616,0.10526315789473684,4.24215409270903,15,2,13,0.13333333333333333,0.06842105263157895,4.028776172405116,18,4,14,0.2222222222222222,0.07368421052631578,4.612591087268207,21,1,20,0.047619047619047616,0.10526315789473684,4.208246713015515,22,2,20,0.09090909090909091,0.10526315789473684,2.077481
gaussian,gaussian,250,200,80,0.6,20,block_ar1,0.6,218,14,0,14,9,0,9,0.0,0.07368421052631578,0.0,0.04736842105263158,14,0,14,12,0,12,0.0,0.07368421052631578,0.0,0.06315789473684211,4.263117808143271,22,3,19,0.13636363636363635,0.1,3.9974389900177534,23,3,20,0.13043478260869565,0.10526315789473684,4.221420050026176,22,3,19,0.13636363636363635,0.1,4.221420050026176,22,3,19,0.13636363636363635,0.1,4.704093375405934,5,0,5,0.0,0.02631578947368421,4.291902930953792,7,0,7,0.0,0.03684210526315789,4.85538045171637,16,0,16,0.0,0.08421052631578947,4.263117808143271,22,3,19,0.13636363636363635,0.1,1.734976
gaussian,gaussian,250,200,80,0.6,20,block_ar1,0.6,219,23,3,20,13,0,13,0.13043478260869565,0.10526315789473684,0.0,0.06842105263157895,23,3,20,15,0,15,0.13043478260869565,0.10526315789473684,0.0,0.07894736842105263,4.098028453897122,28,4,24,0.14285714285714285,0.12631578947368421,4.000075136254705,29,4,25,0.13793103448275862,0.13157894736842105,4.09237396321934,27,3,24,0.1111111111111111,0.12631578947368421,3.9647447348303326,29,4,25,0.13793103448275862,0.13157894736842105,4.473375829745666,6,0,6,0.0,0.031578947368421054,4.473375829745666,6,0,6,0.0,0.031578947368421054,4.494157846680645,22,0,22,0.0,0.11578947368421053,4.000075136254705,29,4,25,0.13793103448275862,0.13157894736842105,1.814057
gaussian,gaussian,250,200,80,0.6,20,block_ar1,0.6,220,16,0,16,14,0,14,0.0,0.08421052631578947,0.0,0.07368421052631578,19,2,17,15,0,15,0.10526315789473684,0.08947368421052632,0.0,0.07894736842105263,4.339365933019426,23,3,20,0.13043478260869565,0.10526315789473684,3.959875048597517,28,5,23,0.17857142857142858,0.12105263157894737,4.302527280238946,23,3,20,0.13043478260869565,0.10526315789473684,3.9262580491968992,28,5,23,0.17857142857142858,0.12105263157894737,4.333313426459692,10,0,10,0.0,0.05263157894736842,4.145970946904882,11,0,11,0.0,0.05789473684210526,4.555797455577377,21,3,18,0.14285714285714285,0.09473684210526316,4.11150910590691,24,3,21,0.125,0.11052631578947368,1.879886
gaussian,gaussian,250,200,80,0.6,20,block_ar1,0.6,221,24,4,20,18,1,17,0.16666666666666666,0.10526315789473684,0.05555555555555555,0.08947368421052632,30,7,23,19,2,17,0.23333333333333334,0.12105263157894737,0.10526315789473684,0.08947368421052632,4.054774901080954,33,7,26,0.21212121212121213,0.1368421052631579,3.887192660928556,36,9,27,0.25,0.14210526315789473,4.0757224468941455,31,5,26,0.16129032258064516,0.1368421052631579,3.882517368987105,35,8,27,0.22857142857142856,0.14210526315789473,4.400564964091561,10,3,7,0.3,0.03684210526315789,4.098935475802845,17,5,12,0.29411764705882354,0.06315789473684211,4.508473643360159,27,2,25,0.07407407407407407,0.13157894736842105,4.054774901080954,33,7,26,0.21212121212121213,0.1368421052631579,1.822336
gaussian,gaussian,250,200,80,0.6,20,block_ar1,0.6,222,20,1,19,14,0,14,0.05,0.1,0.0,0.07368421052631578,24,3,21,18,1,17,0.125,0.11052631578947368,0.05555555555555555,0.08947368421052632,4.168719678286003,25,2,23,0.08,0.12105263157894737,3.972854272921949,29,4,25,0.13793103448275862,0.13157894736842105,4.107454455349707,25,2,23,0.08,0.12105263157894737,3.914467568727903,29,4,25,0.13793103448275862,0.13157894736842105,4.323393995032455,10,0,10,0.0,0.05263157894736842,4.137910350152505,12,0,12,0.0,0.06315789473684211,4.565256138069438,21,1,20,0.047619047619047616,0.10526315789473684,4.168719678286003,25,2,23,0.08,0.12105263157894737,1.953348
gaussian,gaussian,250,200,80,0.6,20,block_ar1,0.6,223,17,0,17,11,0,11,0.0,0.08947368421052632,0.0,0.05789473684210526,17,0,17,12,0,12,0.0,0.08947368421052632,0.0,0.06315789473684211,4.613629780917998,19,0,19,0.0,0.1,4.050713799095916,21,0,21,0.0,0.11052631578947368,4.5715715637167555,19,0,19,0.0,0.1,4.013787168899648,21,0,21,0.0,0.11052631578947368,4.402107610255459,8,0,8,0.0,0.042105263157894736,4.21577170498793,9,0,9,0.0,0.04736842105263158,4.613629780917998,19,0,19,0.0,0.1,4.156157667880447,20,0,20,0.0,0.10526315789473684,1.599253
gaussian,gaussian,250,200,80,0.6,20,block_ar1,0.6,224,19,0,19,13,0,13,0.0,0.1,0.0,0.06842105263157895,24,3,21,15,0,15,0.125,0.11052631578947368,0.0,0.07894736842105263,4.208556443667029,22,0,22,0.0,0.11578947368421053,4.013823173655116,24,2,22,0.08333333333333333,0.11578947368421053,4.1900455825369995,22,0,22,0.0,0.11578947368421053,3.996168824862948,24,2,22,0.08333333333333333,0.11578947368421053,4.561249690760448,5,0,5,0.0,0.02631578947368421,4.168560046063521,10,0,10,0.0,0.05263157894736842,4.904733145101436,20,0,20,0.0,0.10526315789473684,4.208556443667029,22,0,22,0.0,0.11578947368421053,1.779964
gaussian,gaussian,250,200,80,0.6,20,block_ar1,0.6,225,16,1,15,9,0,9,0.0625,0.07894736842105263,0.0,0.04736842105263158,23,1,22,13,0,13,0.043478260869565216,0.11578947368421053,0.0,0.06842105263157895,4.216080865766989,22,1,21,0.045454545454545456,0.11052631578947368,4.029913549768581,23,1,22,0.043478260869565216,0.11578947368421053,4.1921288472925955,22,1,21,0.045454545454545456,0.11052631578947368,4.007019168264183,23,1,22,0.043478260869565216,0.11578947368421053,4.46729026342524,7,0,7,0.0,0.03684210526315789,4.253587451906923,8,0,8,0.0,0.042105263157894736,4.900759798909271,20,0,20,0.0,0.10526315789473684,4.216080865766989,22,1,21,0.045454545454545456,0.11052631578947368,1.892104
gaussian,gaussian,250,200,80,0.6,20,block_ar1,0.6,226,19,3,16,14,0,14,0.15789473684210525,0.08421052631578947,0.0,0.07368421052631578,22,5,17,15,0,15,0.22727272727272727,0.08947368421052632,0.0,0.07894736842105263,4.131788822191221,25,5,20,0.2,0.10526315789473684,3.9662882364272765,26,6,20,0.23076923076923078,0.10526315789473684,4.155029349106289,24,4,20,0.16666666666666666,0.10526315789473684,3.9359189883326637,26,6,20,0.23076923076923078,0.10526315789473684,4.486369495333169,10,0,10,0.0,0.05263157894736842,4.098578067874507,15,2,13,0.13333333333333333,0.06842105263157895,4.721529755034086,19,0,19,0.0,0.1,4.131788822191221,25,5,20,0.2,0.10526315789473684,2.34825
gaussian,gaussian,250,200,80,0.6,20,block_ar1,0.6,227,22,2,20,17,0,17,0.09090909090909091,0.10526315789473684,0.0,0.08947368421052632,30,5,25,18,1,17,0.16666666666666666,0.13157894736842105,0.05555555555555555,0.08947368421052632,4.074565503887745,33,4,29,0.12121212121212122,0.15263157894736842,3.9679719448435735,35,6,29,0.17142857142857143,0.15263157894736842,4.044813258722494,33,4,29,0.12121212121212122,0.15263157894736842,3.9389980397734057,35,6,29,0.17142857142857143,0.15263157894736842,4.191268377087395,18,3,15,0.16666666666666666,0.07894736842105263,4.191268377087395,18,3,15,0.16666666666666666,0.07894736842105263,4.3487751524126494,32,4,28,0.125,0.14736842105263157,3.9679719448435735,35,6,29,0.17142857142857143,0.15263157894736842,1.852776
gaussian,gaussian,250,200,80,0.6,20,block_ar1,0.6,228,23,1,22,18,0,18,0.043478260869565216,0.11578947368421053,0.0,0.09473684210526316,26,4,22,19,0,19,0.15384615384615385,0.11578947368421053,0.0,0.1,4.2543650019753585,31,4,27,0.12903225806451613,0.14210526315789473,3.8691072282765857,34,7,27,0.20588235294117646,0.14210526315789473,4.207635277631184,31,4,27,0.12903225806451613,0.14210526315789473,4.207635277631184,31,4,27,0.12903225806451613,0.14210526315789473,4.297642153645164,14,1,13,0.07142857142857142,0.06842105263157895,3.9981072667767985,23,6,17,0.2608695652173913,0.08947368421052632,4.2543650019753585,31,4,27,0.12903225806451613,0.14210526315789473,4.2543650019753585,31,4,27,0.12903225806451613,0.14210526315789473,1.958342
gaussian,gaussian,250,200,80,0.6,20,block_ar1,0.6,229,26,3,23,19,1,18,0.11538461538461539,0.12105263157894737,0.05263157894736842,0.09473684210526316,33,9,24,21,1,20,0.2727272727272727,0.12631578947368421,0.047619047619047616,0.10526315789473684,4.046329046691908,33,6,27,0.18181818181818182,0.14210526315789473,3.852119045158389,39,12,27,0.3076923076923077,0.14210526315789473,4.100767349904246,32,5,27,0.15625,0.14210526315789473,3.854759450496041,37,10,27,0.2702702702702703,0.14210526315789473,4.37307838998405,12,2,10,0.16666666666666666,0.05263157894736842,4.139303975103106,15,3,12,0.2,0.06315789473684211,4.454645777440137,27,2,25,0.07407407407407407,0.13157894736842105,4.046329046691908,33,6,27,0.18181818181818182,0.14210526315789473,1.85451
gaussian,gaussian,250,200,80,0.6,20,block_ar1,0.6,230,22,1,21,14,0,14,0.045454545454545456,0.11052631578947368,0.0,0.07368421052631578,23,1,22,15,0,15,0.043478260869565216,0.11578947368421053,0.0,0.07894736842105263,4.1911145729846195,23,1,22,0.043478260869565216,0.11578947368421053,4.056689465049401,24,2,22,0.08333333333333333,0.11578947368421053,4.139984811093007,23,1,22,0.043478260869565216,0.11578947368421053,4.007199630590287,24,2,22,0.08333333333333333,0.11578947368421053,4.326650287637401,10,0,10,0.0,0.05263157894736842,4.1279514904061925,13,0,13,0.0,0.06842105263157895,5.219249655768333,21,0,21,0.0,0.11052631578947368,4.1911145729846195,23,1,22,0.043478260869565216,0.11578947368421053,1.899083
gaussian,gaussian,250,200,80,0.6,20,block_ar1,0.6,231,24,1,23,19,0,19,0.041666666666666664,0.12105263157894737,0.0,0.1,30,6,24,19,0,19,0.2,0.12631578947368421,0.0,0.1,4.158754714774485,27,3,24,0.1111111111111111,0.12631578947368421,3.919411530528627,31,7,24,0.22580645161290322,0.12631578947368421,4.117102727150735,27,3,24,0.1111111111111111,0.12631578947368421,3.9154989564887526,29,5,24,0.1724137931034483,0.12631578947368421,4.465187799763227,7,0,7,0.0,0.03684210526315789,4.045557555131827,20,1,19,0.05,0.1,4.675961865065763,26,2,24,0.07692307692307693,0.12631578947368421,4.158754714774485,27,3,24,0.1111111111111111,0.12631578947368421,1.831746
gaussian,gaussian,250,200,80,0.6,20,block_ar1,0.6,232,19,1,18,15,0,15,0.05263157894736842,0.09473684210526316,0.0,0.07894736842105263,26,4,22,16,0,16,0.15384615384615385,0.11578947368421053,0.0,0.08421052631578947,4.286246840744606,22,2,20,0.09090909090909091,0.10526315789473684,3.963970538532877,26,6,20,0.23076923076923078,0.10526315789473684,4.282175589235757,22,2,20,0.09090909090909091,0.10526315789473684,3.960205398158173,26,6,20,0.23076923076923078,0.10526315789473684,4.446646965246005,8,0,8,0.0,0.042105263157894736,4.1580982237786355,12,0,12,0.0,0.06315789473684211,4.567493486110826,21,1,20,0.047619047619047616,0.10526315789473684,4.286246840744606,22,2,20,0.09090909090909091,0.10526315789473684,1.787779
gaussian,gaussian,250,200,80,0.6,20,block_ar1,0.6,233,19,2,17,10,0,10,0.10526315789473684,0.08947368421052632,0.0,0.05263157894736842,23,5,18,11,0,11,0.21739130434782608,0.09473684210526316,0.0,0.05789473684210526,4.829381315022743,20,0,20,0.0,0.10526315789473684,3.9504741729136557,26,5,21,0.19230769230769232,0.11052631578947368,4.770758022112385,20,0,20,0.0,0.10526315789473684,3.9719581596922366,24,4,20,0.16666666666666666,0.10526315789473684,4.421643334590391,8,2,6,0.25,0.031578947368421054,4.182295096784611,12,3,9,0.25,0.04736842105263158,4.829381315022743,20,0,20,0.0,0.10526315789473684,4.829381315022743,20,0,20,0.0,0.10526315789473684,1.961449
gaussian,gaussian,250,200,80,0.6,20,block_ar1,0.6,234,17,1,16,13,0,13,0.058823529411764705,0.08421052631578947,0.0,0.06842105263157895,19,2,17,14,0,14,0.10526315789473684,0.08947368421052632,0.0,0.07368421052631578,4.165887404358062,26,4,22,0.15384615384615385,0.11578947368421053,4.165887404358062,26,4,22,0.15384615384615385,0.11578947368421053,4.103198191483272,26,4,22,0.15384615384615385,0.11578947368421053,4.103198191483272,26,4,22,0.15384615384615385,0.11578947368421053,4.463218629712095,10,0,10,0.0,0.05263157894736842,4.103872431449686,14,2,12,0.14285714285714285,0.06315789473684211,4.472884790938427,24,2,22,0.08333333333333333,0.11578947368421053,4.165887404358062,26,4,22,0.15384615384615385,0.11578947368421053,1.761763
gaussian,gaussian,250,200,80,0.6,20,block_ar1,0.6,235,14,0,14,11,0,11,0.0,0.07368421052631578,0.0,0.05789473684210526,14,0,14,11,0,11,0.0,0.07368421052631578,0.0,0.05789473684210526,4.1624198915621955,20,1,19,0.05,0.1,4.1624198915621955,20,1,19,0.05,0.1,4.332791066795741,19,1,18,0.05263157894736842,0.09473684210526316,4.138417798028074,20,1,19,0.05,0.1,4.471317917655386,5,0,5,0.0,0.02631578947368421,4.416615018710402,6,0,6,0.0,0.031578947368421054,4.791415510655922,16,0,16,0.0,0.08421052631578947,4.1624198915621955,20,1,19,0.05,0.1,1.857204
gaussian,gaussian,250,200,80,0.6,20,block_ar1,0.6,236,16,0,16,5,0,5,0.0,0.08421052631578947,0.0,0.02631578947368421,20,1,19,8,0,8,0.05,0.1,0.0,0.042105263157894736,4.670619317412206,21,0,21,0.0,0.11052631578947368,4.039087428288773,23,1,22,0.043478260869565216,0.11578947368421053,4.606415696653936,21,0,21,0.0,0.11052631578947368,3.9835650189824556,23,1,22,0.043478260869565216,0.11578947368421053,4.947364262694729,2,0,2,0.0,0.010526315789473684,4.477204000560812,3,0,3,0.0,0.015789473684210527,4.670619317412206,21,0,21,0.0,0.11052631578947368,4.670619317412206,21,0,21,0.0,0.11052631578947368,1.884445
gaussian,gaussian,250,200,80,0.6,20,block_ar1,0.6,237,16,1,15,12,0,12,0.0625,0.07894736842105263,0.0,0.06315789473684211,21,3,18,14,0,14,0.14285714285714285,0.09473684210526316,0.0,0.07368421052631578,4.26560153824297,23,2,21,0.08695652173913043,0.11052631578947368,3.953329594146961,27,4,23,0.14814814814814814,0.12105263157894737,4.216004658238353,23,2,21,0.08695652173913043,0.11052631578947368,3.9585556942680116,25,3,22,0.12,0.11578947368421053,4.637903754451785,4,0,4,0.0,0.021052631578947368,4.114099745059844,14,2,12,0.14285714285714285,0.06315789473684211,4.5124146801301235,22,2,20,0.09090909090909091,0.10526315789473684,4.0640114918917,24,2,22,0.08333333333333333,0.11578947368421053,1.768071
gaussian,gaussian,250,200,80,0.6,20,block_ar1,0.6,238,21,2,19,13,0,13,0.09523809523809523,0.1,0.0,0.06842105263157895,25,4,21,14,1,13,0.16,0.11052631578947368,0.07142857142857142,0.06842105263157895,4.183433501891044,26,3,23,0.11538461538461539,0.12105263157894737,3.9704628730187137,28,5,23,0.17857142857142858,0.12105263157894737,4.131720471805027,26,3,23,0.11538461538461539,0.12105263157894737,3.921382454765377,28,5,23,0.17857142857142858,0.12105263157894737,4.371347079401301,11,0,11,0.0,0.05789473684210526,4.256272443040432,12,1,11,0.08333333333333333,0.05789473684210526,4.835953176316218,24,2,22,0.08333333333333333,0.11578947368421053,4.183433501891044,26,3,23,0.11538461538461539,0.12105263157894737,2.031679
gaussian,gaussian,250,200,80,0.6,20,block_ar1,0.6,239,12,1,11,5,0,5,0.08333333333333333,0.05789473684210526,0.0,0.02631578947368421,14,2,12,5,0,5,0.14285714285714285,0.06315789473684211,0.0,0.02631578947368421,4.9251943004967025,16,1,15,0.0625,0.07894736842105263,4.083000029410814,18,2,16,0.1111111111111111,0.08421052631578947,4.899788845133578,16,1,15,0.0625,0.07894736842105263,4.061938834934817,18,2,16,0.1111111111111111,0.08421052631578947,4.873720533834175,1,0,1,0.0,0.005263157894736842,4.873720533834175,1,0,1,0.0,0.005263157894736842,4.9251943004967025,16,1,15,0.0625,0.07894736842105263,4.9251943004967025,16,1,15,0.0625,0.07894736842105263,1.922799
gaussian,gaussian,250,200,80,0.6,20,block_ar1,0.6,240,17,1,16,13,0,13,0.058823529411764705,0.08421052631578947,0.0,0.06842105263157895,21,5,16,13,0,13,0.23809523809523808,0.08421052631578947,0.0,0.06842105263157895,4.130225259602703,25,6,19,0.24,0.1,3.9589265358002805,28,9,19,0.32142857142857145,0.1,4.210341522767318,22,4,18,0.18181818181818182,0.09473684210526316,3.990128756779928,26,7,19,0.2692307692307692,0.1,4.41883065364322,11,2,9,0.18181818181818182,0.04736842105263158,4.11068904695889,13,3,10,0.23076923076923078,0.05263157894736842,4.73738276852582,19,2,17,0.10526315789473684,0.08947368421052632,4.041724194316401,26,7,19,0.2692307692307692,0.1,1.847219
gaussian,gaussian,250,200,80,0.6,20,block_ar1,0.6,241,22,1,21,15,0,15,0.045454545454545456,0.11052631578947368,0.0,0.07894736842105263,26,4,22,18,0,18,0.15384615384615385,0.11578947368421053,0.0,0.09473684210526316,4.484186560530799,24,3,21,0.125,0.11052631578947368,3.9627784774607764,27,6,21,0.2222222222222222,0.11052631578947368,4.411407121012149,24,3,21,0.125,0.11052631578947368,3.9520252723780795,26,5,21,0.19230769230769232,0.11052631578947368,4.233333521054607,15,1,14,0.06666666666666667,0.07368421052631578,4.062948120466171,18,2,16,0.1111111111111111,0.08421052631578947,4.484186560530799,24,3,21,0.125,0.11052631578947368,4.484186560530799,24,3,21,0.125,0.11052631578947368,1.906871
gaussian,gaussian,250,200,80,0.6,20,block_ar1,0.6,242,16,1,15,14,1,13,0.0625,0.07894736842105263,0.07142857142857142,0.06842105263157895,20,2,18,14,1,13,0.1,0.09473684210526316,0.07142857142857142,0.06842105263157895,4.338632628748937,25,3,22,0.12,0.11578947368421053,3.9170436619348763,29,7,22,0.2413793103448276,0.11578947368421053,4.321067575526802,25,3,22,0.12,0.11578947368421053,4.060269967946507,27,5,22,0.18518518518518517,0.11578947368421053,4.557233677918904,5,1,4,0.2,0.021052631578947368,4.557233677918904,5,1,4,0.2,0.021052631578947368,4.7883863641963895,21,1,20,0.047619047619047616,0.10526315789473684,4.338632628748937,25,3,22,0.12,0.11578947368421053,1.771828
gaussian,gaussian,250,200,80,0.6,20,block_ar1,0.6,243,17,0,17,16,0,16,0.0,0.08947368421052632,0.0,0.08421052631578947,19,0,19,17,0,17,0.0,0.1,0.0,0.08947368421052632,4.123989304351773,24,1,23,0.041666666666666664,0.12105263157894737,3.927978171377458,27,3,24,0.1111111111111111,0.12631578947368421,4.355480424719376,23,0,23,0.0,0.12105263157894737,4.011959020658201,26,2,24,0.07692307692307693,0.12631578947368421,4.503774698195874,7,0,7,0.0,0.03684210526315789,4.087317060462038,14,2,12,0.14285714285714285,0.06315789473684211,4.6044415292305825,21,0,21,0.0,0.11052631578947368,4.083270476700017,25,2,23,0.08,0.12105263157894737,1.766918
gaussian,gaussian,250,200,80,0.6,20,block_ar1,0.6,244,18,0,18,10,0,10,0.0,0.09473684210526316,0.0,0.05263157894736842,24,3,21,13,0,13,0.125,0.11052631578947368,0.0,0.06842105263157895,4.577059364843417,23,2,21,0.08695652173913043,0.11052631578947368,3.941094531669301,26,4,22,0.15384615384615385,0.11578947368421053,4.499713897668972,23,2,21,0.08695652173913043,0.11052631578947368,3.9535258412930294,25,4,21,0.16,0.11052631578947368,4.450663832758641,7,0,7,0.0,0.03684210526315789,4.300052771328942,9,1,8,0.1111111111111111,0.042105263157894736,4.577059364843417,23,2,21,0.08695652173913043,0.11052631578947368,4.577059364843417,23,2,21,0.08695652173913043,0.11052631578947368,2.084588
gaussian,gaussian,250,200,80,0.6,20,block_ar1,0.6,245,18,1,17,13,0,13,0.05555555555555555,0.08947368421052632,0.0,0.06842105263157895,23,3,20,13,0,13,0.13043478260869565,0.10526315789473684,0.0,0.06842105263157895,4.196049959467389,22,3,19,0.13636363636363635,0.1,3.9745084958545394,26,5,21,0.19230769230769232,0.11052631578947368,4.605157837851399,21,2,19,0.09523809523809523,0.1,4.029956047865586,23,3,20,0.13043478260869565,0.10526315789473684,4.949281589761393,6,0,6,0.0,0.031578947368421054,4.369296675311265,7,0,7,0.0,0.03684210526315789,4.66362760511816,21,2,19,0.09523809523809523,0.1,4.196049959467389,22,3,19,0.13636363636363635,0.1,1.838491
gaussian,gaussian,250,200,80,0.6,20,block_ar1,0.6,246,22,0,22,14,0,14,0.0,0.11578947368421053,0.0,0.07368421052631578,22,0,22,15,0,15,0.0,0.11578947368421053,0.0,0.07894736842105263,4.10947513635031,28,0,28,0.0,0.14736842105263157,3.908417070036751,30,1,29,0.03333333333333333,0.15263157894736842,4.227075055395008,26,0,26,0.0,0.1368421052631579,4.05965416070741,27,0,27,0.0,0.14210526315789473,4.307478607737994,11,0,11,0.0,0.05789473684210526,4.307478607737994,11,0,11,0.0,0.05789473684210526,4.486084249920331,25,0,25,0.0,0.13157894736842105,4.10947513635031,28,0,28,0.0,0.14736842105263157,1.735241
gaussian,gaussian,250,200,80,0.6,20,block_ar1,0.6,247,18,0,18,14,0,14,0.0,0.09473684210526316,0.0,0.07368421052631578,21,0,21,15,0,15,0.0,0.11052631578947368,0.0,0.07894736842105263,4.231019900727148,24,0,24,0.0,0.12631578947368421,3.9892042131959506,25,1,24,0.04,0.12631578947368421,4.172169407466828,23,0,23,0.0,0.12105263157894737,4.172169407466828,23,0,23,0.0,0.12105263157894737,4.321560855030594,10,1,9,0.1,0.04736842105263158,4.166660997971955,11,1,10,0.09090909090909091,0.05263157894736842,4.563124184984642,23,0,23,0.0,0.12105263157894737,4.231019900727148,24,0,24,0.0,0.12631578947368421,1.985107
gaussian,gaussian,250,200,80,0.6,20,block_ar1,0.6,248,24,2,22,18,1,17,0.08333333333333333,0.11578947368421053,0.05555555555555555,0.08947368421052632,28,5,23,19,1,18,0.17857142857142858,0.12105263157894737,0.05263157894736842,0.09473684210526316,4.090895634653899,28,3,25,0.10714285714285714,0.13157894736842105,3.9101146977048757,30,5,25,0.16666666666666666,0.13157894736842105,4.141045686491479,27,2,25,0.07407407407407407,0.13157894736842105,4.041179889556356,28,3,25,0.10714285714285714,0.13157894736842105,4.22878415822817,15,1,14,0.06666666666666667,0.07368421052631578,4.067836160474277,17,1,16,0.058823529411764705,0.08421052631578947,4.965145617871664,26,2,24,0.07692307692307693,0.12631578947368421,4.090895634653899,28,3,25,0.10714285714285714,0.13157894736842105,1.772293
gaussian,gaussian,250,200,80,0.6,20,block_ar1,0.6,249,22,1,21,16,0,16,0.045454545454545456,0.11052631578947368,0.0,0.08421052631578947,24,3,21,17,0,17,0.125,0.11052631578947368,0.0,0.08947368421052632,4.248615999283795,25,1,24,0.04,0.12631578947368421,3.936673323447686,26,2,24,0.07692307692307693,0.12631578947368421,4.216784592982483,25,1,24,0.04,0.12631578947368421,4.216784592982483,25,1,24,0.04,0.12631578947368421,4.466093515609815,5,0,5,0.0,0.02631578947368421,4.218234063159071,11,1,10,0.09090909090909091,0.05263157894736842,4.572596176761658,24,1,23,0.041666666666666664,0.12105263157894737,4.248615999283795,25,1,24,0.04,0.12631578947368421,1.712001
gaussian,gaussian,250,200,80,0.6,20,block_ar1,0.6,250,17,1,16,13,0,13,0.058823529411764705,0.08421052631578947,0.0,0.06842105263157895,22,3,19,14,0,14,0.13636363636363635,0.1,0.0,0.07368421052631578,4.357695826268133,23,3,20,0.13043478260869565,0.10526315789473684,3.978683586144456,25,4,21,0.16,0.11052631578947368,4.334369454275487,22,2,20,0.09090909090909091,0.10526315789473684,3.9573860341648084,24,3,21,0.125,0.11052631578947368,5.548241374397459,1,0,1,0.0,0.005263157894736842,4.11624935796305,12,4,8,0.3333333333333333,0.042105263157894736,4.632023911484681,21,2,19,0.09523809523809523,0.1,4.357695826268133,23,3,20,0.13043478260869565,0.10526315789473684,2.185312
gaussian,gaussian,250,200,80,0.6,20,block_ar1,0.6,251,18,1,17,12,0,12,0.05555555555555555,0.08947368421052632,0.0,0.06315789473684211,23,4,19,12,0,12,0.17391304347826086,0.1,0.0,0.06315789473684211,4.108461806338505,25,4,21,0.16,0.11052631578947368,4.0591061938300985,28,7,21,0.25,0.11052631578947368,4.2314510028522925,23,3,20,0.13043478260869565,0.10526315789473684,3.9315519338063534,28,7,21,0.25,0.11052631578947368,4.618596938515286,3,0,3,0.0,0.015789473684210527,4.269762076775341,7,1,6,0.14285714285714285,0.031578947368421054,4.8192798338591745,20,0,20,0.0,0.10526315789473684,4.290231270418281,24,3,21,0.125,0.11052631578947368,1.770311
gaussian,gaussian,250,200,80,0.6,20,block_ar1,0.6,252,20,0,20,17,0,17,0.0,0.10526315789473684,0.0,0.08947368421052632,22,2,20,18,0,18,0.09090909090909091,0.10526315789473684,0.0,0.09473684210526316,4.183178222567661,25,1,24,0.04,0.12631578947368421,4.021206149586559,27,3,24,0.1111111111111111,0.12631578947368421,4.142944572268454,24,1,23,0.041666666666666664,0.12105263157894737,3.9825303405735313,26,3,23,0.11538461538461539,0.12105263157894737,4.440625268393358,7,0,7,0.0,0.03684210526315789,4.124062893513891,13,0,13,0.0,0.06842105263157895,4.613578073228794,21,0,21,0.0,0.11052631578947368,4.183178222567661,25,1,24,0.04,0.12631578947368421,1.757064
gaussian,gaussian,250,200,80,0.6,20,block_ar1,0.6,253,31,3,28,19,0,19,0.0967741935483871,0.14736842105263157,0.0,0.1,39,8,31,24,2,22,0.20512820512820512,0.1631578947368421,0.08333333333333333,0.11578947368421053,4.084172261587098,36,3,33,0.08333333333333333,0.1736842105263158,3.8390334414791853,43,9,34,0.20930232558139536,0.17894736842105263,4.090400502870101,35,3,32,0.08571428571428572,0.16842105263157894,3.8471891417613833,40,6,34,0.15,0.17894736842105263,4.175960821600978,19,2,17,0.10526315789473684,0.08947368421052632,3.9890913948826046,23,4,19,0.17391304347826086,0.1,4.529022244304734,32,3,29,0.09375,0.15263157894736842,3.9170831555711656,40,6,34,0.15,0.17894736842105263,1.906848
gaussian,gaussian,250,200,80,0.6,20,block_ar1,0.6,254,18,1,17,15,0,15,0.05555555555555555,0.08947368421052632,0.0,0.07894736842105263,19,2,17,17,0,17,0.10526315789473684,0.08947368421052632,0.0,0.08947368421052632,4.217617731275118,25,3,22,0.12,0.11578947368421053,4.0078704029758185,28,5,23,0.17857142857142858,0.12105263157894737,4.208013866008089,25,3,22,0.12,0.11578947368421053,3.9987441497659866,28,5,23,0.17857142857142858,0.12105263157894737,4.369765337573356,8,0,8,0.0,0.042105263157894736,4.328357021332569,9,0,9,0.0,0.04736842105263158,4.613048318369751,23,1,22,0.043478260869565216,0.11578947368421053,4.217617731275118,25,3,22,0.12,0.11578947368421053,1.776052
gaussian,gaussian,250,200,80,0.6,20,block_ar1,0.6,255,20,1,19,15,0,15,0.05,0.1,0.0,0.07894736842105263,25,6,19,17,0,17,0.24,0.1,0.0,0.08947368421052632,4.201568200331782,26,1,25,0.038461538461538464,0.13157894736842105,3.982815475651429,30,5,25,0.16666666666666666,0.13157894736842105,4.15662115302102,26,1,25,0.038461538461538464,0.13157894736842105,3.9402085757800887,30,5,25,0.16666666666666666,0.13157894736842105,4.379824184742291,12,1,11,0.08333333333333333,0.05789473684210526,4.098764186453558,15,2,13,0.13333333333333333,0.06842105263157895,4.43129708157513,24,1,23,0.041666666666666664,0.12105263157894737,4.030782475626113,29,4,25,0.13793103448275862,0.13157894736842105,2.028369
gaussian,gaussian,250,200,80,0.6,20,block_ar1,0.6,256,17,0,17,14,0,14,0.0,0.08947368421052632,0.0,0.07368421052631578,20,1,19,14,0,14,0.05,0.1,0.0,0.07368421052631578,4.967139844424122,22,2,20,0.09090909090909091,0.10526315789473684,4.0510384924690666,23,2,21,0.08695652173913043,0.11052631578947368,4.934001204825755,22,2,20,0.09090909090909091,0.10526315789473684,4.024011690565804,23,2,21,0.08695652173913043,0.11052631578947368,4.5315771675658505,7,0,7,0.0,0.03684210526315789,4.298651293860569,8,0,8,0.0,0.042105263157894736,4.967139844424122,22,2,20,0.09090909090909091,0.10526315789473684,4.967139844424122,22,2,20,0.09090909090909091,0.10526315789473684,2.465448
gaussian,gaussian,250,200,80,0.6,20,block_ar1,0.6,257,19,0,19,16,0,16,0.0,0.1,0.0,0.08421052631578947,24,2,22,16,0,16,0.08333333333333333,0.11578947368421053,0.0,0.08421052631578947,4.382836496546344,23,0,23,0.0,0.12105263157894737,3.9305057418664076,28,3,25,0.10714285714285714,0.13157894736842105,4.332962931222264,23,0,23,0.0,0.12105263157894737,4.0215593382082435,24,0,24,0.0,0.12631578947368421,4.4761877128989,8,0,8,0.0,0.042105263157894736,4.1183166173143,13,1,12,0.07692307692307693,0.06315789473684211,4.827906593573431,22,0,22,0.0,0.11578947368421053,4.382836496546344,23,0,23,0.0,0.12105263157894737,1.735071
gaussian,gaussian,250,200,80,0.6,20,block_ar1,0.6,258,17,1,16,9,0,9,0.058823529411764705,0.08421052631578947,0.0,0.04736842105263158,23,4,19,10,0,10,0.17391304347826086,0.1,0.0,0.05263157894736842,4.254260395399225,21,3,18,0.14285714285714285,0.09473684210526316,4.093046251830987,22,4,18,0.18181818181818182,0.09473684210526316,4.2183933808633425,21,3,18,0.14285714285714285,0.09473684210526316,4.058538408923859,22,4,18,0.18181818181818182,0.09473684210526316,4.660489300346096,4,0,4,0.0,0.021052631578947368,4.158044624359829,11,2,9,0.18181818181818182,0.04736842105263158,4.875152268710979,19,1,18,0.05263157894736842,0.09473684210526316,4.254260395399225,21,3,18,0.14285714285714285,0.09473684210526316,1.859056
gaussian,gaussian,250,200,80,0.6,20,block_ar1,0.6,259,27,5,22,17,1,16,0.18518518518518517,0.11578947368421053,0.058823529411764705,0.08421052631578947,33,9,24,18,1,17,0.2727272727272727,0.12631578947368421,0.05555555555555555,0.08947368421052632,4.098509389290844,31,7,24,0.22580645161290322,0.12631578947368421,3.8663940151131406,37,12,25,0.32432432432432434,0.13157894736842105,4.1893331996415135,29,5,24,0.1724137931034483,0.12631578947368421,3.8641540664048164,35,10,25,0.2857142857142857,0.13157894736842105,4.321572923444142,13,1,12,0.07692307692307693,0.06315789473684211,4.097534341954207,17,2,15,0.11764705882352941,0.07894736842105263,4.833947281725376,25,2,23,0.08,0.12105263157894737,4.098509389290844,31,7,24,0.22580645161290322,0.12631578947368421,1.872453
gaussian,gaussian,250,200,80,0.6,20,block_ar1,0.6,260,19,0,19,16,0,16,0.0,0.1,0.0,0.08421052631578947,21,2,19,17,0,17,0.09523809523809523,0.1,0.0,0.08947368421052632,4.391165978024094,21,2,19,0.09523809523809523,0.1,3.9530958173948707,25,5,20,0.2,0.10526315789473684,4.347291214148296,20,1,19,0.05,0.1,4.015078265871379,22,3,19,0.13636363636363635,0.1,4.2961965072283,13,0,13,0.0,0.06842105263157895,4.036601329271443,18,1,17,0.05555555555555555,0.08947368421052632,4.628389442873864,20,1,19,0.05,0.1,4.391165978024094,21,2,19,0.09523809523809523,0.1,1.831454
gaussian,gaussian,250,200,80,0.6,20,block_ar1,0.6,261,31,3,28,19,0,19,0.0967741935483871,0.14736842105263157,0.0,0.1,35,5,30,22,1,21,0.14285714285714285,0.15789473684210525,0.045454545454545456,0.11052631578947368,4.134242654341434,35,5,30,0.14285714285714285,0.15789473684210525,3.843535730408179,39,8,31,0.20512820512820512,0.1631578947368421,4.09783047441164,35,5,30,0.14285714285714285,0.15789473684210525,3.8756623186462993,37,7,30,0.1891891891891892,0.15789473684210525,4.349013543007845,9,0,9,0.0,0.04736842105263158,4.034580111160254,19,3,16,0.15789473684210525,0.08421052631578947,4.309706246693574,31,4,27,0.12903225806451613,0.14210526315789473,3.910100374240567,37,7,30,0.1891891891891892,0.15789473684210525,1.962706
gaussian,gaussian,250,200,80,0.6,20,block_ar1,0.6,262,20,0,20,15,0,15,0.0,0.10526315789473684,0.0,0.07894736842105263,22,1,21,15,0,15,0.045454545454545456,0.11052631578947368,0.0,0.07894736842105263,4.78141403990482,22,0,22,0.0,0.11578947368421053,4.78141403990482,22,0,22,0.0,0.11578947368421053,4.753535847160419,22,0,22,0.0,0.11578947368421053,4.753535847160419,22,0,22,0.0,0.11578947368421053,4.437029390280418,11,0,11,0.0,0.05789473684210526,4.437029390280418,11,0,11,0.0,0.05789473684210526,4.78141403990482,22,0,22,0.0,0.11578947368421053,4.78141403990482,22,0,22,0.0,0.11578947368421053,1.881556
gaussian,gaussian,250,200,80,0.6,20,block_ar1,0.6,263,16,1,15,8,0,8,0.0625,0.07894736842105263,0.0,0.042105263157894736,19,2,17,8,0,8,0.10526315789473684,0.08947368421052632,0.0,0.042105263157894736,4.180055720719986,25,4,21,0.16,0.11052631578947368,4.180055720719986,25,4,21,0.16,0.11052631578947368,4.154097970305254,24,3,21,0.125,0.11052631578947368,4.154097970305254,24,3,21,0.125,0.11052631578947368,5.180894206808389,1,0,1,0.0,0.005263157894736842,4.5339220687183115,2,0,2,0.0,0.010526315789473684,4.4760335292208415,21,2,19,0.09523809523809523,0.1,4.180055720719986,25,4,21,0.16,0.11052631578947368,1.789457
gaussian,gaussian,250,200,80,0.6,20,block_ar1,0.6,264,20,0,20,14,0,14,0.0,0.10526315789473684,0.0,0.07368421052631578,24,1,23,15,0,15,0.041666666666666664,0.12105263157894737,0.0,0.07894736842105263,4.115643822334357,28,2,26,0.07142857142857142,0.1368421052631579,4.115643822334357,28,2,26,0.07142857142857142,0.1368421052631579,4.084229543272389,28,2,26,0.07142857142857142,0.1368421052631579,4.084229543272389,28,2,26,0.07142857142857142,0.1368421052631579,4.457919437897658,9,0,9,0.0,0.04736842105263158,4.068066294449697,17,0,17,0.0,0.08947368421052632,4.515801205417936,27,1,26,0.037037037037037035,0.1368421052631579,4.115643822334357,28,2,26,0.07142857142857142,0.1368421052631579,1.778354
gaussian,gaussian,250,200,80,0.6,20,block_ar1,0.6,265,16,0,16,13,0,13,0.0,0.08421052631578947,0.0,0.06842105263157895,17,0,17,15,0,15,0.0,0.08947368421052632,0.0,0.07894736842105263,4.145340013054477,23,0,23,0.0,0.12105263157894737,4.145340013054477,23,0,23,0.0,0.12105263157894737,4.385558441758722,22,0,22,0.0,0.11578947368421053,4.085536756884528,23,0,23,0.0,0.12105263157894737,4.430467353244663,7,0,7,0.0,0.03684210526315789,4.430467353244663,7,0,7,0.0,0.03684210526315789,4.659011298855217,19,0,19,0.0,0.1,4.145340013054477,23,0,23,0.0,0.12105263157894737,1.917
gaussian,gaussian,250,200,80,0.6,20,block_ar1,0.6,266,21,2,19,14,0,14,0.09523809523809523,0.1,0.0,0.07368421052631578,23,3,20,14,0,14,0.13043478260869565,0.10526315789473684,0.0,0.07368421052631578,4.115549299039853,27,4,23,0.14814814814814814,0.12105263157894737,3.930964864680477,29,6,23,0.20689655172413793,0.12105263157894737,4.17194311901158,25,3,22,0.12,0.11578947368421053,4.080979919668313,27,4,23,0.14814814814814814,0.12105263157894737,4.517758273926666,9,0,9,0.0,0.04736842105263158,4.0910321101770455,15,3,12,0.2,0.06315789473684211,4.519804254735268,23,2,21,0.08695652173913043,0.11052631578947368,4.115549299039853,27,4,23,0.14814814814814814,0.12105263157894737,1.977079
gaussian,gaussian,250,200,80,0.6,20,block_ar1,0.6,267,20,0,20,18,0,18,0.0,0.10526315789473684,0.0,0.09473684210526316,21,1,20,19,0,19,0.047619047619047616,0.10526315789473684,0.0,0.1,4.181141613388176,23,1,22,0.043478260869565216,0.11578947368421053,3.9464262900686293,26,4,22,0.15384615384615385,0.11578947368421053,4.126028973988784,23,1,22,0.043478260869565216,0.11578947368421053,3.9533375826577792,24,2,22,0.08333333333333333,0.11578947368421053,4.588878416428675,5,0,5,0.0,0.02631578947368421,4.0981927027310805,14,2,12,0.14285714285714285,0.06315789473684211,4.5863199592979536,22,1,21,0.045454545454545456,0.11052631578947368,4.181141613388176,23,1,22,0.043478260869565216,0.11578947368421053,1.741768
gaussian,gaussian,250,200,80,0.6,20,block_ar1,0.6,268,18,2,16,14,0,14,0.1111111111111111,0.08421052631578947,0.0,0.07368421052631578,20,2,18,15,0,15,0.1,0.09473684210526316,0.0,0.07894736842105263,4.163845533166175,21,3,18,0.14285714285714285,0.09473684210526316,4.163845533166175,21,3,18,0.14285714285714285,0.09473684210526316,4.148847660866547,21,3,18,0.14285714285714285,0.09473684210526316,4.148847660866547,21,3,18,0.14285714285714285,0.09473684210526316,4.369308476861861,9,1,8,0.1111111111111111,0.042105263157894736,4.138580702904452,13,2,11,0.15384615384615385,0.05789473684210526,5.0742370696308035,18,0,18,0.0,0.09473684210526316,5.0742370696308035,18,0,18,0.0,0.09473684210526316,1.883362
gaussian,gaussian,250,200,80,0.6,20,block_ar1,0.6,269,18,0,18,11,0,11,0.0,0.09473684210526316,0.0,0.05789473684210526,20,1,19,13,0,13,0.05,0.1,0.0,0.06842105263157895,4.281442278894611,23,2,21,0.08695652173913043,0.11052631578947368,3.9887186153275245,24,3,21,0.125,0.11052631578947368,4.232365518084508,23,2,21,0.08695652173913043,0.11052631578947368,4.232365518084508,23,2,21,0.08695652173913043,0.11052631578947368,4.585065552366962,5,0,5,0.0,0.02631578947368421,4.341910821239101,6,0,6,0.0,0.031578947368421054,5.1270739043389915,19,0,19,0.0,0.1,4.281442278894611,23,2,21,0.08695652173913043,0.11052631578947368,1.832671
gaussian,gaussian,250,200,80,0.6,20,block_ar1,0.6,270,20,0,20,12,0,12,0.0,0.10526315789473684,0.0,0.06315789473684211,24,3,21,18,0,18,0.125,0.11052631578947368,0.0,0.09473684210526316,4.171406875144531,26,2,24,0.07692307692307693,0.12631578947368421,3.8840794455560226,32,5,27,0.15625,0.14210526315789473,4.154712849625374,26,2,24,0.07692307692307693,0.12631578947368421,4.066510788926641,27,2,25,0.07407407407407407,0.13157894736842105,4.55914966845276,7,0,7,0.0,0.03684210526315789,4.182636229941481,11,1,10,0.09090909090909091,0.05263157894736842,4.48638340827791,24,1,23,0.041666666666666664,0.12105263157894737,4.082850410301531,27,2,25,0.07407407407407407,0.13157894736842105,1.941072
gaussian,gaussian,250,200,80,0.6,20,block_ar1,0.6,271,22,2,20,10,0,10,0.09090909090909091,0.10526315789473684,0.0,0.05263157894736842,26,4,22,10,0,10,0.15384615384615385,0.11578947368421053,0.0,0.05263157894736842,4.145660692742722,25,2,23,0.08,0.12105263157894737,3.9777976879350003,27,4,23,0.14814814814814814,0.12105263157894737,4.179591444399915,24,2,22,0.08333333333333333,0.11578947368421053,3.935347141303018,27,4,23,0.14814814814814814,0.12105263157894737,4.453458637363529,7,0,7,0.0,0.03684210526315789,4.145766002876416,11,2,9,0.18181818181818182,0.04736842105263158,4.407753497728641,22,1,21,0.045454545454545456,0.11052631578947368,4.145660692742722,25,2,23,0.08,0.12105263157894737,1.945339
gaussian,gaussian,250,200,80,0.6,20,block_ar1,0.6,272,25,6,19,15,0,15,0.24,0.1,0.0,0.07894736842105263,30,8,22,16,1,15,0.26666666666666666,0.11578947368421053,0.0625,0.07894736842105263,4.155344697496467,32,8,24,0.25,0.12631578947368421,3.8751748164371085,35,10,25,0.2857142857142857,0.13157894736842105,4.072552379246401,32,8,24,0.25,0.12631578947368421,3.894914749307982,34,10,24,0.29411764705882354,0.12631578947368421,4.3178390765920724,12,2,10,0.16666666666666666,0.05263157894736842,4.109146315163457,16,3,13,0.1875,0.06842105263157895,4.677278567803133,23,2,21,0.08695652173913043,0.11052631578947368,4.155344697496467,32,8,24,0.25,0.12631578947368421,1.90208
gaussian,gaussian,250,200,80,0.6,20,block_ar1,0.6,273,21,2,19,12,0,12,0.09523809523809523,0.1,0.0,0.06315789473684211,23,3,20,12,0,12,0.13043478260869565,0.10526315789473684,0.0,0.06315789473684211,4.213341730572455,21,1,20,0.047619047619047616,0.10526315789473684,3.9918051819325706,24,3,21,0.125,0.11052631578947368,4.17102382698576,21,1,20,0.047619047619047616,0.10526315789473684,4.002919227422476,22,2,20,0.09090909090909091,0.10526315789473684,4.541057374610233,5,0,5,0.0,0.02631578947368421,4.340957571507601,6,0,6,0.0,0.031578947368421054,5.078454522739451,20,0,20,0.0,0.10526315789473684,4.213341730572455,21,1,20,0.047619047619047616,0.10526315789473684,1.748204
gaussian,gaussian,250,200,80,0.6,20,block_ar1,0.6,274,13,0,13,9,0,9,0.0,0.06842105263157895,0.0,0.04736842105263158,16,1,15,11,0,11,0.0625,0.07894736842105263,0.0,0.05789473684210526,4.434551933090364,22,1,21,0.045454545454545456,0.11052631578947368,3.952757045065504,26,4,22,0.15384615384615385,0.11578947368421053,4.385670933650177,22,1,21,0.045454545454545456,0.11052631578947368,4.009174882689599,25,3,22,0.12,0.11578947368421053,inf,0,0,0,0.0,0.0,4.438605042695723,5,0,5,0.0,0.02631578947368421,4.672281837276666,20,1,19,0.05,0.1,4.434551933090364,22,1,21,0.045454545454545456,0.11052631578947368,1.892273
gaussian,gaussian,250,200,80,0.6,20,block_ar1,0.6,275,18,1,17,12,0,12,0.05555555555555555,0.08947368421052632,0.0,0.06315789473684211,21,2,19,14,0,14,0.09523809523809523,0.1,0.0,0.07368421052631578,4.170602899768813,23,2,21,0.08695652173913043,0.11052631578947368,3.960022415688079,26,3,23,0.11538461538461539,0.12105263157894737,4.136547083244235,23,2,21,0.08695652173913043,0.11052631578947368,4.05118305185861,25,2,23,0.08,0.12105263157894737,4.7498055950269045,4,0,4,0.0,0.021052631578947368,4.069653721793076,16,3,13,0.1875,0.06842105263157895,4.528742953364981,20,2,18,0.1,0.09473684210526316,4.084536074064119,25,2,23,0.08,0.12105263157894737,1.802116
gaussian,gaussian,250,200,80,0.6,20,block_ar1,0.6,276,18,1,17,10,0,10,0.05555555555555555,0.08947368421052632,0.0,0.05263157894736842,20,2,18,11,0,11,0.1,0.09473684210526316,0.0,0.05789473684210526,4.274123835191148,21,3,18,0.14285714285714285,0.09473684210526316,4.080185431639826,23,3,20,0.13043478260869565,0.10526315789473684,4.231795903052217,21,3,18,0.14285714285714285,0.09473684210526316,4.039778129763656,23,3,20,0.13043478260869565,0.10526315789473684,4.547161366001971,6,0,6,0.0,0.031578947368421054,4.173119980479354,10,0,10,0.0,0.05263157894736842,4.629670819275044,20,2,18,0.1,0.09473684210526316,4.130372971996876,22,3,19,0.13636363636363635,0.1,1.761447
gaussian,gaussian,250,200,80,0.6,20,block_ar1,0.6,277,20,1,19,15,0,15,0.05,0.1,0.0,0.07894736842105263,23,3,20,19,1,18,0.13043478260869565,0.10526315789473684,0.05263157894736842,0.09473684210526316,4.502347215947783,28,4,24,0.14285714285714285,0.12631578947368421,3.936934411470428,30,5,25,0.16666666666666666,0.13157894736842105,4.472388270958199,28,4,24,0.14285714285714285,0.12631578947368421,3.91073776429869,30,5,25,0.16666666666666666,0.13157894736842105,4.442876193548893,6,0,6,0.0,0.031578947368421054,4.154337585535958,11,2,9,0.18181818181818182,0.04736842105263158,4.502347215947783,28,4,24,0.14285714285714285,0.12631578947368421,4.502347215947783,28,4,24,0.14285714285714285,0.12631578947368421,2.055712
gaussian,gaussian,250,200,80,0.6,20,block_ar1,0.6,278,21,1,20,17,0,17,0.047619047619047616,0.10526315789473684,0.0,0.08947368421052632,24,2,22,17,0,17,0.08333333333333333,0.11578947368421053,0.0,0.08947368421052632,4.141480834414905,27,1,26,0.037037037037037035,0.1368421052631579,3.8931981932097317,32,5,27,0.15625,0.14210526315789473,4.096169652704944,27,1,26,0.037037037037037035,0.1368421052631579,3.9332820187340287,30,4,26,0.13333333333333333,0.1368421052631579,4.5984440160059705,5,0,5,0.0,0.02631578947368421,4.211478513884872,9,0,9,0.0,0.04736842105263158,4.667631928430768,25,0,25,0.0,0.13157894736842105,4.141480834414905,27,1,26,0.037037037037037035,0.1368421052631579,1.773314
gaussian,gaussian,250,200,80,0.6,20,block_ar1,0.6,279,16,1,15,10,0,10,0.0625,0.07894736842105263,0.0,0.05263157894736842,18,2,16,12,0,12,0.1111111111111111,0.08421052631578947,0.0,0.06315789473684211,4.218638770020536,21,3,18,0.14285714285714285,0.09473684210526316,4.002038499706275,23,4,19,0.17391304347826086,0.1,4.297074502230955,20,2,18,0.1,0.09473684210526316,3.9938844783142735,21,3,18,0.14285714285714285,0.09473684210526316,4.755171795469656,3,0,3,0.0,0.015789473684210527,4.493908104320623,4,0,4,0.0,0.021052631578947368,4.863039439035828,17,1,16,0.058823529411764705,0.08421052631578947,4.218638770020536,21,3,18,0.14285714285714285,0.09473684210526316,1.727772
gaussian,gaussian,250,200,80,0.6,20,block_ar1,0.6,280,20,1,19,15,0,15,0.05,0.1,0.0,0.07894736842105263,23,2,21,15,0,15,0.08695652173913043,0.11052631578947368,0.0,0.07894736842105263,4.5621849677940505,23,1,22,0.043478260869565216,0.11578947368421053,3.9646701992884923,26,3,23,0.11538461538461539,0.12105263157894737,4.490831156890405,23,1,22,0.043478260869565216,0.11578947368421053,3.9665852801392187,25,2,23,0.08,0.12105263157894737,4.308045782421353,12,0,12,0.0,0.06315789473684211,4.102215732245697,14,0,14,0.0,0.07368421052631578,4.5621849677940505,23,1,22,0.043478260869565216,0.11578947368421053,4.5621849677940505,23,1,22,0.043478260869565216,0.11578947368421053,1.964617
gaussian,gaussian,250,200,80,0.6,20,block_ar1,0.6,281,17,1,16,14,1,13,0.058823529411764705,0.08421052631578947,0.07142857142857142,0.06842105263157895,19,2,17,14,1,13,0.10526315789473684,0.08947368421052632,0.07142857142857142,0.06842105263157895,4.242350575032477,20,1,19,0.05,0.1,3.997080446382078,22,3,19,0.13636363636363635,0.1,4.227871035910575,20,1,19,0.05,0.1,3.9834380371391003,22,3,19,0.13636363636363635,0.1,4.568156054477629,4,0,4,0.0,0.021052631578947368,4.2677932069332565,7,1,6,0.14285714285714285,0.031578947368421054,4.676131679858061,19,1,18,0.05263157894736842,0.09473684210526316,4.137298260245116,21,2,19,0.09523809523809523,0.1,1.775661
gaussian,gaussian,250,200,80,0.6,20,block_ar1,0.6,282,15,1,14,9,0,9,0.06666666666666667,0.07368421052631578,0.0,0.04736842105263158,20,3,17,10,0,10,0.15,0.08947368421052632,0.0,0.05263157894736842,4.118600233172091,25,3,22,0.12,0.11578947368421053,3.969436361611242,26,4,22,0.15384615384615385,0.11578947368421053,4.1707500801765915,21,1,20,0.047619047619047616,0.10526315789473684,4.064563999488947,24,2,22,0.08333333333333333,0.11578947368421053,4.421191861187587,7,0,7,0.0,0.03684210526315789,4.287300593208746,9,1,8,0.1111111111111111,0.042105263157894736,4.640636548418794,19,0,19,0.0,0.1,4.118600233172091,25,3,22,0.12,0.11578947368421053,1.865512
gaussian,gaussian,250,200,80,0.6,20,block_ar1,0.6,283,22,0,22,15,0,15,0.0,0.11578947368421053,0.0,0.07894736842105263,26,3,23,17,0,17,0.11538461538461539,0.12105263157894737,0.0,0.08947368421052632,4.124630347970807,25,2,23,0.08,0.12105263157894737,3.986095431877326,28,5,23,0.17857142857142858,0.12105263157894737,4.959572273277218,23,0,23,0.0,0.12105263157894737,3.949989338272975,27,4,23,0.14814814814814814,0.12105263157894737,4.419731764848283,7,0,7,0.0,0.03684210526315789,4.419731764848283,7,0,7,0.0,0.03684210526315789,5.004906770512794,23,0,23,0.0,0.12105263157894737,4.124630347970807,25,2,23,0.08,0.12105263157894737,1.98495
gaussian,gaussian,250,200,80,0.6,20,block_ar1,0.6,284,20,2,18,14,0,14,0.1,0.09473684210526316,0.0,0.07368421052631578,23,2,21,14,0,14,0.08695652173913043,0.11052631578947368,0.0,0.07368421052631578,4.194901417176784,28,3,25,0.10714285714285714,0.13157894736842105,4.002005855413997,29,4,25,0.13793103448275862,0.13157894736842105,4.187116129868257,28,3,25,0.10714285714285714,0.13157894736842105,3.994578561588394,29,4,25,0.13793103448275862,0.13157894736842105,4.3432894619526845,11,2,9,0.18181818181818182,0.04736842105263158,4.078823236297146,16,3,13,0.1875,0.06842105263157895,4.371139086667016,25,0,25,0.0,0.13157894736842105,4.002005855413997,29,4,25,0.13793103448275862,0.13157894736842105,1.681522
gaussian,gaussian,250,200,80,0.6,20,block_ar1,0.6,285,21,1,20,15,0,15,0.047619047619047616,0.10526315789473684,0.0,0.07894736842105263,21,1,20,17,1,16,0.047619047619047616,0.10526315789473684,0.058823529411764705,0.08421052631578947,4.235895096132471,27,3,24,0.1111111111111111,0.12631578947368421,3.997139204292821,29,4,25,0.13793103448275862,0.13157894736842105,4.1956405618582036,27,3,24,0.1111111111111111,0.12631578947368421,3.9591536136569414,29,4,25,0.13793103448275862,0.13157894736842105,4.3056896442143495,11,1,10,0.09090909090909091,0.05263157894736842,4.108500346638895,14,2,12,0.14285714285714285,0.06315789473684211,4.533689380662861,25,3,22,0.12,0.11578947368421053,4.235895096132471,27,3,24,0.1111111111111111,0.12631578947368421,1.916465
gaussian,gaussian,250,200,80,0.6,20,block_ar1,0.6,286,19,0,19,12,0,12,0.0,0.1,0.0,0.06315789473684211,25,3,22,14,0,14,0.12,0.11578947368421053,0.0,0.07368421052631578,4.623798531261213,25,2,23,0.08,0.12105263157894737,4.029778084939271,27,2,25,0.07407407407407407,0.13157894736842105,4.386021068223303,25,2,23,0.08,0.12105263157894737,4.015377341374904,27,2,25,0.07407407407407407,0.13157894736842105,4.366753753617562,10,0,10,0.0,0.05263157894736842,4.1048930471622045,14,2,12,0.14285714285714285,0.06315789473684211,4.623798531261213,25,2,23,0.08,0.12105263157894737,4.029778084939271,27,2,25,0.07407407407407407,0.13157894736842105,1.822766
gaussian,gaussian,250,200,80,0.6,20,block_ar1,0.6,287,16,0,16,13,0,13,0.0,0.08421052631578947,0.0,0.06842105263157895,17,0,17,14,0,14,0.0,0.08947368421052632,0.0,0.07368421052631578,4.260262817566778,20,1,19,0.05,0.1,3.9907173733743053,22,2,20,0.09090909090909091,0.10526315789473684,4.239790061163497,20,1,19,0.05,0.1,4.033007159827427,21,2,19,0.09523809523809523,0.1,4.689632902972507,2,0,2,0.0,0.010526315789473684,4.293346184923155,7,0,7,0.0,0.03684210526315789,4.757839567343826,17,0,17,0.0,0.08947368421052632,4.260262817566778,20,1,19,0.05,0.1,1.712535
gaussian,gaussian,250,200,80,0.6,20,block_ar1,0.6,288,18,1,17,12,0,12,0.05555555555555555,0.08947368421052632,0.0,0.06315789473684211,18,1,17,12,0,12,0.05555555555555555,0.08947368421052632,0.0,0.06315789473684211,4.14524592470207,22,2,20,0.09090909090909091,0.10526315789473684,4.14524592470207,22,2,20,0.09090909090909091,0.10526315789473684,4.280188003118749,21,1,20,0.047619047619047616,0.10526315789473684,4.129570099657281,22,2,20,0.09090909090909091,0.10526315789473684,4.388156206756127,8,1,7,0.125,0.03684210526315789,4.388156206756127,8,1,7,0.125,0.03684210526315789,4.734238800095351,18,0,18,0.0,0.09473684210526316,4.14524592470207,22,2,20,0.09090909090909091,0.10526315789473684,1.92815
gaussian,gaussian,250,200,80,0.6,20,block_ar1,0.6,289,19,0,19,15,0,15,0.0,0.1,0.0,0.07894736842105263,21,1,20,15,0,15,0.047619047619047616,0.10526315789473684,0.0,0.07894736842105263,4.343416727253429,23,0,23,0.0,0.12105263157894737,4.04302740916272,24,1,23,0.041666666666666664,0.12105263157894737,4.284163428626688,23,0,23,0.0,0.12105263157894737,3.987872049805179,24,1,23,0.041666666666666664,0.12105263157894737,4.554872382800275,4,0,4,0.0,0.021052631578947368,4.218212931624339,9,0,9,0.0,0.04736842105263158,4.761444855849585,22,0,22,0.0,0.11578947368421053,4.343416727253429,23,0,23,0.0,0.12105263157894737,1.862366
gaussian,gaussian,250,200,80,0.6,20,block_ar1,0.6,290,18,1,17,8,0,8,0.05555555555555555,0.08947368421052632,0.0,0.042105263157894736,22,4,18,11,0,11,0.18181818181818182,0.09473684210526316,0.0,0.05789473684210526,4.149337954692148,22,2,20,0.09090909090909091,0.10526315789473684,3.927397896088333,27,7,20,0.25925925925925924,0.10526315789473684,4.1707676336547195,21,2,19,0.09523809523809523,0.1,3.96190705024663,26,6,20,0.23076923076923078,0.10526315789473684,4.475933157261352,6,0,6,0.0,0.031578947368421054,4.196778161830536,9,2,7,0.2222222222222222,0.03684210526315789,4.672787811843342,19,1,18,0.05263157894736842,0.09473684210526316,4.221378813842116,21,2,19,0.09523809523809523,0.1,1.733701
gaussian,gaussian,250,200,80,0.6,20,block_ar1,0.6,291,20,1,19,12,0,12,0.05,0.1,0.0,0.06315789473684211,22,2,20,15,0,15,0.09090909090909091,0.10526315789473684,0.0,0.07894736842105263,4.181476431501245,24,2,22,0.08333333333333333,0.11578947368421053,3.945808890956991,26,4,22,0.15384615384615385,0.11578947368421053,4.1468877949887455,24,2,22,0.08333333333333333,0.11578947368421053,3.9643117699128623,25,3,22,0.12,0.11578947368421053,4.815023333374881,6,0,6,0.0,0.031578947368421054,4.182787230619091,10,1,9,0.1,0.04736842105263158,4.378869575777631,23,1,22,0.043478260869565216,0.11578947368421053,4.181476431501245,24,2,22,0.08333333333333333,0.11578947368421053,1.901087
gaussian,gaussian,250,200,80,0.6,20,block_ar1,0.6,292,16,1,15,13,0,13,0.0625,0.07894736842105263,0.0,0.06842105263157895,17,2,15,13,0,13,0.11764705882352941,0.07894736842105263,0.0,0.06842105263157895,4.393442810944973,23,4,19,0.17391304347826086,0.1,3.9868771456162255,25,6,19,0.24,0.1,4.351537332853195,22,3,19,0.13636363636363635,0.1,3.981358555920165,23,4,19,0.17391304347826086,0.1,4.508640716461311,6,0,6,0.0,0.031578947368421054,4.187776699114196,9,0,9,0.0,0.04736842105263158,4.717188943604606,21,2,19,0.09523809523809523,0.1,4.393442810944973,23,4,19,0.17391304347826086,0.1,1.847626
gaussian,gaussian,250,200,80,0.6,20,block_ar1,0.6,293,16,0,16,14,0,14,0.0,0.08421052631578947,0.0,0.07368421052631578,17,1,16,15,0,15,0.058823529411764705,0.08421052631578947,0.0,0.07894736842105263,4.1594772557726065,20,1,19,0.05,0.1,4.1306677077383265,21,2,19,0.09523809523809523,0.1,4.693232089872119,18,0,18,0.0,0.09473684210526316,4.120079779727685,21,2,19,0.09523809523809523,0.1,4.43408296339502,8,0,8,0.0,0.042105263157894736,4.085819514440573,14,1,13,0.07142857142857142,0.06842105263157895,4.70529292513781,18,0,18,0.0,0.09473684210526316,4.1306677077383265,21,2,19,0.09523809523809523,0.1,1.79724
gaussian,gaussian,250,200,80,0.6,20,block_ar1,0.6,294,21,1,20,17,1,16,0.047619047619047616,0.10526315789473684,0.058823529411764705,0.08421052631578947,24,3,21,18,1,17,0.125,0.11052631578947368,0.05555555555555555,0.08947368421052632,4.356751630412516,30,4,26,0.13333333333333333,0.1368421052631579,3.9405908711070143,34,7,27,0.20588235294117646,0.14210526315789473,4.416364808603971,29,4,25,0.13793103448275862,0.13157894736842105,3.885589749668293,33,7,26,0.21212121212121213,0.1368421052631579,4.275766353420636,13,1,12,0.07692307692307693,0.06315789473684211,4.067044336299881,15,2,13,0.13333333333333333,0.06842105263157895,4.356751630412516,30,4,26,0.13333333333333333,0.1368421052631579,4.356751630412516,30,4,26,0.13333333333333333,0.1368421052631579,1.898196
gaussian,gaussian,250,200,80,0.6,20,block_ar1,0.6,295,18,0,18,13,0,13,0.0,0.09473684210526316,0.0,0.06842105263157895,23,1,22,15,0,15,0.043478260869565216,0.11578947368421053,0.0,0.07894736842105263,4.769924894971724,23,0,23,0.0,0.12105263157894737,3.970739162371354,25,1,24,0.04,0.12631578947368421,4.7280552940247444,23,0,23,0.0,0.12105263157894737,3.9938696563312623,24,1,23,0.041666666666666664,0.12105263157894737,4.48425106478829,6,0,6,0.0,0.031578947368421054,4.21970290630622,10,0,10,0.0,0.05263157894736842,4.769924894971724,23,0,23,0.0,0.12105263157894737,4.769924894971724,23,0,23,0.0,0.12105263157894737,1.881296
gaussian,gaussian,250,200,80,0.6,20,block_ar1,0.6,296,17,2,15,12,0,12,0.11764705882352941,0.07894736842105263,0.0,0.06315789473684211,19,2,17,13,0,13,0.10526315789473684,0.08947368421052632,0.0,0.06842105263157895,4.198615860443648,24,3,21,0.125,0.11052631578947368,3.9631431906248227,26,4,22,0.15384615384615385,0.11578947368421053,4.179395577478571,23,3,20,0.13043478260869565,0.10526315789473684,3.9450008465555375,26,4,22,0.15384615384615385,0.11578947368421053,4.274431702261247,12,1,11,0.08333333333333333,0.05789473684210526,4.274431702261247,12,1,11,0.08333333333333333,0.05789473684210526,4.668090461260611,21,1,20,0.047619047619047616,0.10526315789473684,4.097000736502957,25,3,22,0.12,0.11578947368421053,2.067659
gaussian,gaussian,250,200,80,0.6,20,block_ar1,0.6,297,22,3,19,16,0,16,0.13636363636363635,0.1,0.0,0.08421052631578947,29,7,22,17,0,17,0.2413793103448276,0.11578947368421053,0.0,0.08947368421052632,4.26139234985507,27,5,22,0.18518518518518517,0.11578947368421053,3.8833340037752886,34,9,25,0.2647058823529412,0.13157894736842105,4.219454194866346,27,5,22,0.18518518518518517,0.11578947368421053,3.8983251474668887,31,6,25,0.1935483870967742,0.13157894736842105,4.548991699612044,5,1,4,0.2,0.021052631578947368,4.293893104534331,7,3,4,0.42857142857142855,0.021052631578947368,4.420235358104384,26,4,22,0.15384615384615385,0.11578947368421053,4.0368417457658845,28,5,23,0.17857142857142858,0.12105263157894737,1.728664
gaussian,gaussian,250,200,80,0.6,20,block_ar1,0.6,298,13,0,13,9,0,9,0.0,0.06842105263157895,0.0,0.04736842105263158,18,2,16,11,0,11,0.1111111111111111,0.08421052631578947,0.0,0.05789473684210526,4.448319727802011,21,3,18,0.14285714285714285,0.09473684210526316,3.9981206791668655,22,4,18,0.18181818181818182,0.09473684210526316,4.409899855045508,21,3,18,0.14285714285714285,0.09473684210526316,4.409899855045508,21,3,18,0.14285714285714285,0.09473684210526316,inf,0,0,0,0.0,0.0,4.364634863238538,5,0,5,0.0,0.02631578947368421,4.448319727802011,21,3,18,0.14285714285714285,0.09473684210526316,4.448319727802011,21,3,18,0.14285714285714285,0.09473684210526316,1.847272
gaussian,gaussian,250,200,80,0.6,20,block_ar1,0.6,299,21,0,21,17,0,17,0.0,0.11052631578947368,0.0,0.08947368421052632,24,0,24,19,0,19,0.0,0.12631578947368421,0.0,0.1,4.138515803441323,31,2,29,0.06451612903225806,0.15263157894736842,3.8947435954631713,33,2,31,0.06060606060606061,0.1631578947368421,4.074904136646254,31,2,29,0.06451612903225806,0.15263157894736842,3.9162571224248897,32,2,30,0.0625,0.15789473684210525,4.343147060841456,13,0,13,0.0,0.06842105263157895,3.981096789193963,22,2,20,0.09090909090909091,0.10526315789473684,4.348942421745708,29,2,27,0.06896551724137931,0.14210526315789473,4.138515803441323,31,2,29,0.06451612903225806,0.15263157894736842,1.548815
