model,x_model,p,n1,n2,rho,block,cov_kind,decay,seed,R_bh_0.05,V_bh_0.05,S_bh_0.05,R_by_0.05,V_by_0.05,S_by_0.05,fdr_bh_0.05,power_bh_0.05,fdr_by_0.05,power_by_0.05,R_bh_0.1,V_bh_0.1,S_bh_0.1,R_by_0.1,V_by_0.1,S_by_0.1,fdr_bh_0.1,power_bh_0.1,fdr_by_0.1,power_by_0.1,t_lct_cai_liu_0.05,R_lct_cai_liu_0.05,V_lct_cai_liu_0.05,S_lct_cai_liu_0.05,fdr_lct_cai_liu_0.05,power_lct_cai_liu_0.05,t_lct_cai_liu_0.1,R_lct_cai_liu_0.1,V_lct_cai_liu_0.1,S_lct_cai_liu_0.1,fdr_lct_cai_liu_0.1,power_lct_cai_liu_0.1,t_lct_gaussian_0.05,R_lct_gaussian_0.05,V_lct_gaussian_0.05,S_lct_gaussian_0.05,fdr_lct_gaussian_0.05,power_lct_gaussian_0.05,t_lct_gaussian_0.1,R_lct_gaussian_0.1,V_lct_gaussian_0.1,S_lct_gaussian_0.1,fdr_lct_gaussian_0.1,power_lct_gaussian_0.1,t_lct_jackknife_0.05,R_lct_jackknife_0.05,V_lct_jackknife_0.05,S_lct_jackknife_0.05,fdr_lct_jackknife_0.05,power_lct_jackknife_0.05,t_lct_jackknife_0.1,R_lct_jackknife_0.1,V_lct_jackknife_0.1,S_lct_jackknife_0.1,fdr_lct_jackknife_0.1,power_lct_jackknife_0.1,t_lctb_0.05_B100,R_lctb_0.05_B100,V_lctb_0.05_B100,S_lctb_0.05_B100,fdr_lctb_0.05_B100,power_lctb_0.05_B100,t_lctb_0.1_B100,R_lctb_0.1_B100,V_lctb_0.1_B100,S_lctb_0.1_B100,fdr_lctb_0.1_B100,power_lctb_0.1_B100,wall_time_s
gaussian,gaussian,250,120,80,0.6,20,block_ar1,0.6,0,18,1,17,14,0,14,0.05555555555555555,0.08947368421052632,0.0,0.07368421052631578,21,3,18,15,0,15,0.14285714285714285,0.09473684210526316,0.0,0.07894736842105263,4.1617586267068525,23,1,22,0.043478260869565216,0.11578947368421053,3.996247782569465,25,3,22,0.12,0.11578947368421053,4.132168430733481,23,1,22,0.043478260869565216,0.11578947368421053,3.967834372362166,25,3,22,0.12,0.11578947368421053,4.562569969589734,5,0,5,0.0,0.02631578947368421,4.275886254590626,7,0,7,0.0,0.03684210526315789,4.338984572456216,22,1,21,0.045454545454545456,0.11052631578947368,4.1617586267068525,23,1,22,0.043478260869565216,0.11578947368421053,2.241347
gaussian,gaussian,250,120,80,0.6,20,block_ar1,0.6,1,9,0,9,6,0,6,0.0,0.04736842105263158,0.0,0.031578947368421054,15,2,13,6,0,6,0.13333333333333333,0.06842105263157895,0.0,0.031578947368421054,4.180379633950426,25,3,22,0.12,0.11578947368421053,4.180379633950426,25,3,22,0.12,0.11578947368421053,4.148039081362031,25,3,22,0.12,0.11578947368421053,4.148039081362031,25,3,22,0.12,0.11578947368421053,4.683954932443166,3,0,3,0.0,0.015789473684210527,4.454823294620932,4,0,4,0.0,0.021052631578947368,4.360333689440777,24,3,21,0.125,0.11052631578947368,4.180379633950426,25,3,22,0.12,0.11578947368421053,1.595081
gaussian,gaussian,250,120,80,0.6,20,block_ar1,0.6,2,12,0,12,6,0,6,0.0,0.06315789473684211,0.0,0.031578947368421054,13,0,13,9,0,9,0.0,0.06842105263157895,0.0,0.04736842105263158,4.222818132621472,17,0,17,0.0,0.08947368421052632,4.222818132621472,17,0,17,0.0,0.08947368421052632,4.641368562562445,16,0,16,0.0,0.08421052631578947,4.16738023813393,17,0,17,0.0,0.08947368421052632,4.9985277126725824,2,0,2,0.0,0.010526315789473684,4.405419096102639,4,0,4,0.0,0.021052631578947368,4.703111836740937,16,0,16,0.0,0.08421052631578947,4.222818132621472,17,0,17,0.0,0.08947368421052632,1.650744
gaussian,gaussian,250,120,80,0.6,20,block_ar1,0.6,3,15,1,14,5,0,5,0.06666666666666667,0.07368421052631578,0.0,0.02631578947368421,19,3,16,7,0,7,0.15789473684210525,0.08421052631578947,0.0,0.03684210526315789,4.214602055260431,23,3,20,0.13043478260869565,0.10526315789473684,3.992302574657989,25,5,20,0.2,0.10526315789473684,4.183754472400545,23,3,20,0.13043478260869565,0.10526315789473684,3.9630820497166632,25,5,20,0.2,0.10526315789473684,inf,0,0,0,0.0,0.0,inf,0,0,0,0.0,0.0,4.692238191061221,20,1,19,0.05,0.1,4.1118601524976786,24,4,20,0.16666666666666666,0.10526315789473684,1.736784
gaussian,gaussian,250,120,80,0.6,20,block_ar1,0.6,4,15,2,13,9,0,9,0.13333333333333333,0.06842105263157895,0.0,0.04736842105263158,19,3,16,12,1,11,0.15789473684210525,0.08421052631578947,0.08333333333333333,0.05789473684210526,4.419948723629331,23,3,20,0.13043478260869565,0.10526315789473684,4.076468451661226,24,3,21,0.125,0.11052631578947368,4.367466467289142,23,3,20,0.13043478260869565,0.10526315789473684,4.028064663377659,24,3,21,0.125,0.11052631578947368,4.4186821566284875,8,1,7,0.125,0.03684210526315789,4.169012469421027,10,3,7,0.3,0.03684210526315789,4.419948723629331,23,3,20,0.13043478260869565,0.10526315789473684,4.076468451661226,24,3,21,0.125,0.11052631578947368,1.650588
gaussian,gaussian,250,120,80,0.6,20,block_ar1,0.6,5,21,4,17,13,0,13,0.19047619047619047,0.08947368421052632,0.0,0.06842105263157895,26,7,19,14,0,14,0.2692307692307692,0.1,0.0,0.07368421052631578,4.136571517610778,25,4,21,0.16,0.11052631578947368,3.9644177095329525,29,7,22,0.2413793103448276,0.11578947368421053,4.1826391725375265,24,3,21,0.125,0.11052631578947368,3.919500664917062,29,7,22,0.2413793103448276,0.11578947368421053,4.482245132946359,6,0,6,0.0,0.031578947368421054,4.239583111676527,8,1,7,0.125,0.03684210526315789,4.497930025077544,23,2,21,0.08695652173913043,0.11052631578947368,4.136571517610778,25,4,21,0.16,0.11052631578947368,1.748253
gaussian,gaussian,250,120,80,0.6,20,block_ar1,0.6,6,12,0,12,8,0,8,0.0,0.06315789473684211,0.0,0.042105263157894736,19,2,17,8,0,8,0.10526315789473684,0.08947368421052632,0.0,0.042105263157894736,4.1779095991559725,24,2,22,0.08333333333333333,0.11578947368421053,4.04276146816717,27,3,24,0.1111111111111111,0.12631578947368421,4.127774085517701,24,2,22,0.08333333333333333,0.11578947368421053,3.994247751459532,27,3,24,0.1111111111111111,0.12631578947368421,4.960893926183179,1,0,1,0.0,0.005263157894736842,4.960893926183179,1,0,1,0.0,0.005263157894736842,4.402708732715549,23,2,21,0.08695652173913043,0.11052631578947368,4.04276146816717,27,3,24,0.1111111111111111,0.12631578947368421,1.751058
gaussian,gaussian,250,120,80,0.6,20,block_ar1,0.6,7,13,1,12,4,0,4,0.07692307692307693,0.06315789473684211,0.0,0.021052631578947368,14,2,12,8,0,8,0.14285714285714285,0.06315789473684211,0.0,0.042105263157894736,4.200235328889806,19,1,18,0.05263157894736842,0.09473684210526316,4.002153679286015,21,3,18,0.14285714285714285,0.09473684210526316,4.180081556100356,19,1,18,0.05263157894736842,0.09473684210526316,4.12957442193207,20,2,18,0.1,0.09473684210526316,4.7244589688682845,4,0,4,0.0,0.021052631578947368,4.336647583590373,6,0,6,0.0,0.031578947368421054,4.758063985985954,17,0,17,0.0,0.08947368421052632,4.14948468049994,20,2,18,0.1,0.09473684210526316,1.727172
gaussian,gaussian,250,120,80,0.6,20,block_ar1,0.6,8,13,0,13,10,0,10,0.0,0.06842105263157895,0.0,0.05263157894736842,16,1,15,11,0,11,0.0625,0.07894736842105263,0.0,0.05789473684210526,4.324967599754402,17,0,17,0.0,0.08947368421052632,3.9940939916518974,23,2,21,0.08695652173913043,0.11052631578947368,4.262981137180069,17,0,17,0.0,0.08947368421052632,4.003167424901313,21,2,19,0.09523809523809523,0.1,4.806802876543048,1,0,1,0.0,0.005263157894736842,4.806802876543048,1,0,1,0.0,0.005263157894736842,5.276992234488074,16,0,16,0.0,0.08421052631578947,4.128357325717796,19,1,18,0.05263157894736842,0.09473684210526316,1.626648
gaussian,gaussian,250,120,80,0.6,20,block_ar1,0.6,9,15,1,14,7,0,7,0.06666666666666667,0.07368421052631578,0.0,0.03684210526315789,16,2,14,10,0,10,0.125,0.07368421052631578,0.0,0.05263157894736842,4.2360480366519635,19,2,17,0.10526315789473684,0.08947368421052632,4.0344813004133835,21,3,18,0.14285714285714285,0.09473684210526316,4.18621339840682,19,2,17,0.10526315789473684,0.08947368421052632,3.9870179774356287,21,3,18,0.14285714285714285,0.09473684210526316,inf,0,0,0,0.0,0.0,4.399204591771994,4,0,4,0.0,0.021052631578947368,4.717587495090054,18,1,17,0.05555555555555555,0.08947368421052632,4.2360480366519635,19,2,17,0.10526315789473684,0.08947368421052632,1.63061
gaussian,gaussian,250,120,80,0.6,20,block_ar1,0.6,10,16,1,15,10,1,9,0.0625,0.07894736842105263,0.1,0.04736842105263158,20,1,19,12,1,11,0.05,0.1,0.08333333333333333,0.05789473684210526,4.196349148200318,23,2,21,0.08695652173913043,0.11052631578947368,4.073119383059719,24,2,22,0.08333333333333333,0.11578947368421053,4.157987551353336,23,2,21,0.08695652173913043,0.11052631578947368,4.035884310818512,24,2,22,0.08333333333333333,0.11578947368421053,4.418756676222057,8,2,6,0.25,0.031578947368421054,4.418756676222057,8,2,6,0.25,0.031578947368421054,4.527113959290272,22,1,21,0.045454545454545456,0.11052631578947368,4.073119383059719,24,2,22,0.08333333333333333,0.11578947368421053,1.842869
gaussian,gaussian,250,120,80,0.6,20,block_ar1,0.6,11,18,1,17,6,0,6,0.05555555555555555,0.08947368421052632,0.0,0.031578947368421054,19,1,18,6,0,6,0.05263157894736842,0.09473684210526316,0.0,0.031578947368421054,4.1359660417581505,25,4,21,0.16,0.11052631578947368,3.9646323428137986,26,5,21,0.19230769230769232,0.11052631578947368,4.128221672224602,24,3,21,0.125,0.11052631578947368,4.0966964525614795,25,4,21,0.16,0.11052631578947368,4.671417054351083,3,0,3,0.0,0.015789473684210527,4.359852547360217,5,0,5,0.0,0.02631578947368421,4.564930528919622,20,1,19,0.05,0.1,4.1359660417581505,25,4,21,0.16,0.11052631578947368,1.773418
gaussian,gaussian,250,120,80,0.6,20,block_ar1,0.6,12,14,0,14,6,0,6,0.0,0.07368421052631578,0.0,0.031578947368421054,15,0,15,7,0,7,0.0,0.07894736842105263,0.0,0.03684210526315789,4.355272498572158,21,1,20,0.047619047619047616,0.10526315789473684,4.071297098546754,23,2,21,0.08695652173913043,0.11052631578947368,4.282401762106201,21,1,20,0.047619047619047616,0.10526315789473684,4.058023804148055,22,2,20,0.09090909090909091,0.10526315789473684,4.842961744308691,3,0,3,0.0,0.015789473684210527,4.842961744308691,3,0,3,0.0,0.015789473684210527,4.4875581419112835,20,0,20,0.0,0.10526315789473684,4.355272498572158,21,1,20,0.047619047619047616,0.10526315789473684,1.646228
gaussian,gaussian,250,120,80,0.6,20,block_ar1,0.6,13,12,2,10,9,1,8,0.16666666666666666,0.05263157894736842,0.1111111111111111,0.042105263157894736,13,2,11,11,2,9,0.15384615384615385,0.05789473684210526,0.18181818181818182,0.04736842105263158,4.197339171880271,21,2,19,0.09523809523809523,0.1,3.9442252047606883,25,5,20,0.2,0.10526315789473684,4.15940669630336,21,2,19,0.09523809523809523,0.1,3.980334765926129,23,4,19,0.17391304347826086,0.1,4.799084590210645,1,0,1,0.0,0.005263157894736842,4.799084590210645,1,0,1,0.0,0.005263157894736842,4.595984465514996,19,2,17,0.10526315789473684,0.08947368421052632,4.197339171880271,21,2,19,0.09523809523809523,0.1,1.80245
gaussian,gaussian,250,120,80,0.6,20,block_ar1,0.6,14,21,0,21,17,0,17,0.0,0.11052631578947368,0.0,0.08947368421052632,22,0,22,20,0,20,0.0,0.11578947368421053,0.0,0.10526315789473684,4.213435400630469,27,1,26,0.037037037037037035,0.1368421052631579,4.213435400630469,27,1,26,0.037037037037037035,0.1368421052631579,4.169055862430851,27,1,26,0.037037037037037035,0.1368421052631579,4.169055862430851,27,1,26,0.037037037037037035,0.1368421052631579,4.460088085982196,10,1,9,0.1,0.04736842105263158,4.152240771034589,13,1,12,0.07692307692307693,0.06315789473684211,4.417339635952111,26,0,26,0.0,0.1368421052631579,4.213435400630469,27,1,26,0.037037037037037035,0.1368421052631579,1.618299
gaussian,gaussian,250,120,80,0.6,20,block_ar1,0.6,15,22,3,19,5,0,5,0.13636363636363635,0.1,0.0,0.02631578947368421,26,5,21,7,0,7,0.19230769230769232,0.11052631578947368,0.0,0.03684210526315789,4.180987505099992,28,4,24,0.14285714285714285,0.12631578947368421,3.9926397264122104,30,6,24,0.2,0.12631578947368421,4.128215009241308,28,4,24,0.14285714285714285,0.12631578947368421,3.9422445594402236,30,6,24,0.2,0.12631578947368421,4.5902679450517,3,0,3,0.0,0.015789473684210527,4.31378861116342,6,1,5,0.16666666666666666,0.02631578947368421,4.411932685579576,26,3,23,0.11538461538461539,0.12105263157894737,4.180987505099992,28,4,24,0.14285714285714285,0.12631578947368421,1.703264
gaussian,gaussian,250,120,80,0.6,20,block_ar1,0.6,16,19,1,18,13,0,13,0.05263157894736842,0.09473684210526316,0.0,0.06842105263157895,20,2,18,14,0,14,0.1,0.09473684210526316,0.0,0.07368421052631578,4.1821390873885385,23,1,22,0.043478260869565216,0.11578947368421053,4.0592325072162945,24,2,22,0.08333333333333333,0.11578947368421053,4.291016515521463,22,0,22,0.0,0.11578947368421053,3.9994352207482073,24,2,22,0.08333333333333333,0.11578947368421053,5.628999572093795,2,0,2,0.0,0.010526315789473684,4.37339174053666,5,0,5,0.0,0.02631578947368421,4.639391337111605,21,0,21,0.0,0.11052631578947368,4.1821390873885385,23,1,22,0.043478260869565216,0.11578947368421053,1.832828
gaussian,gaussian,250,120,80,0.6,20,block_ar1,0.6,17,17,3,14,4,0,4,0.17647058823529413,0.07368421052631578,0.0,0.021052631578947368,19,4,15,10,1,9,0.21052631578947367,0.07894736842105263,0.1,0.04736842105263158,4.318394548434543,23,4,19,0.17391304347826086,0.1,4.073967605948238,25,6,19,0.24,0.1,4.261331542731187,23,4,19,0.17391304347826086,0.1,4.0201344431544905,25,6,19,0.24,0.1,4.41793341179164,8,2,6,0.25,0.031578947368421054,4.276491676554259,10,3,7,0.3,0.03684210526315789,4.587169629963125,20,2,18,0.1,0.09473684210526316,4.073967605948238,25,6,19,0.24,0.1,1.746561
gaussian,gaussian,250,120,80,0.6,20,block_ar1,0.6,18,17,1,16,11,0,11,0.058823529411764705,0.08421052631578947,0.0,0.05789473684210526,20,2,18,12,0,12,0.1,0.09473684210526316,0.0,0.06315789473684211,4.391874448591632,24,2,22,0.08333333333333333,0.11578947368421053,4.003289917601404,26,4,22,0.15384615384615385,0.11578947368421053,4.33264896351004,24,2,22,0.08333333333333333,0.11578947368421053,3.9493045885425966,26,4,22,0.15384615384615385,0.11578947368421053,4.440459382224654,7,0,7,0.0,0.03684210526315789,4.183332084216647,11,1,10,0.09090909090909091,0.05263157894736842,4.391874448591632,24,2,22,0.08333333333333333,0.11578947368421053,4.391874448591632,24,2,22,0.08333333333333333,0.11578947368421053,1.618688
gaussian,gaussian,250,120,80,0.6,20,block_ar1,0.6,19,16,0,16,12,0,12,0.0,0.08421052631578947,0.0,0.06315789473684211,20,3,17,13,0,13,0.15,0.08947368421052632,0.0,0.06842105263157895,4.2300872681802515,23,3,20,0.13043478260869565,0.10526315789473684,3.9339943959152506,29,6,23,0.20689655172413793,0.12105263157894737,4.168620512136004,23,3,20,0.13043478260869565,0.10526315789473684,3.9289550935175988,28,6,22,0.21428571428571427,0.11578947368421053,4.911144529641155,2,0,2,0.0,0.010526315789473684,4.305054333120025,7,0,7,0.0,0.03684210526315789,4.554692653338271,19,0,19,0.0,0.1,4.2300872681802515,23,3,20,0.13043478260869565,0.10526315789473684,1.740481
gaussian,gaussian,250,120,80,0.6,20,block_ar1,0.6,20,14,0,14,12,0,12,0.0,0.07368421052631578,0.0,0.06315789473684211,17,1,16,13,0,13,0.058823529411764705,0.08421052631578947,0.0,0.06842105263157895,4.50369937164832,21,2,19,0.09523809523809523,0.1,4.50369937164832,21,2,19,0.09523809523809523,0.1,4.461519831667414,21,2,19,0.09523809523809523,0.1,4.461519831667414,21,2,19,0.09523809523809523,0.1,4.399995251203281,8,0,8,0.0,0.042105263157894736,4.272824089963856,9,0,9,0.0,0.04736842105263158,4.50369937164832,21,2,19,0.09523809523809523,0.1,4.50369937164832,21,2,19,0.09523809523809523,0.1,1.683966
gaussian,gaussian,250,120,80,0.6,20,block_ar1,0.6,21,16,2,14,9,0,9,0.125,0.07368421052631578,0.0,0.04736842105263158,17,3,14,9,0,9,0.17647058823529413,0.07368421052631578,0.0,0.04736842105263158,4.204778879208036,19,2,17,0.10526315789473684,0.08947368421052632,4.016251540135292,21,3,18,0.14285714285714285,0.09473684210526316,4.193045039102147,18,1,17,0.05555555555555555,0.08947368421052632,4.014643411844045,20,3,17,0.15,0.08947368421052632,4.9344078414264025,1,0,1,0.0,0.005263157894736842,4.9344078414264025,1,0,1,0.0,0.005263157894736842,4.468167297937804,17,1,16,0.058823529411764705,0.08421052631578947,4.204778879208036,19,2,17,0.10526315789473684,0.08947368421052632,1.637224
gaussian,gaussian,250,120,80,0.6,20,block_ar1,0.6,22,18,1,17,14,0,14,0.05555555555555555,0.08947368421052632,0.0,0.07368421052631578,18,1,17,15,0,15,0.05555555555555555,0.08947368421052632,0.0,0.07894736842105263,4.234407737309225,24,3,21,0.125,0.11052631578947368,3.9889242733859613,25,4,21,0.16,0.11052631578947368,4.1861794593855715,24,3,21,0.125,0.11052631578947368,3.9434919578396284,25,4,21,0.16,0.11052631578947368,4.56110480273816,5,0,5,0.0,0.02631578947368421,4.168413349666646,10,0,10,0.0,0.05263157894736842,4.469328548144401,21,0,21,0.0,0.11052631578947368,4.234407737309225,24,3,21,0.125,0.11052631578947368,1.665595
gaussian,gaussian,250,120,80,0.6,20,block_ar1,0.6,23,19,4,15,9,0,9,0.21052631578947367,0.07894736842105263,0.0,0.04736842105263158,20,4,16,16,1,15,0.2,0.08421052631578947,0.0625,0.07894736842105263,4.151812298836561,25,4,21,0.16,0.11052631578947368,4.151812298836561,25,4,21,0.16,0.11052631578947368,4.1148458899294695,25,4,21,0.16,0.11052631578947368,4.1148458899294695,25,4,21,0.16,0.11052631578947368,4.7069841800031345,3,0,3,0.0,0.015789473684210527,4.328562266030675,5,0,5,0.0,0.02631578947368421,4.518134581697239,24,3,21,0.125,0.11052631578947368,4.151812298836561,25,4,21,0.16,0.11052631578947368,1.834841
gaussian,gaussian,250,120,80,0.6,20,block_ar1,0.6,24,13,0,13,5,0,5,0.0,0.06842105263157895,0.0,0.02631578947368421,17,2,15,6,0,6,0.11764705882352941,0.07894736842105263,0.0,0.031578947368421054,4.406750695360139,19,1,18,0.05263157894736842,0.09473684210526316,4.138987434743169,20,2,18,0.1,0.09473684210526316,4.369609672070427,19,1,18,0.05263157894736842,0.09473684210526316,4.10410317662721,20,2,18,0.1,0.09473684210526316,4.647827040231139,3,0,3,0.0,0.015789473684210527,4.647827040231139,3,0,3,0.0,0.015789473684210527,4.406750695360139,19,1,18,0.05263157894736842,0.09473684210526316,4.138987434743169,20,2,18,0.1,0.09473684210526316,1.604936
gaussian,gaussian,250,120,80,0.6,20,block_ar1,0.6,25,12,0,12,6,0,6,0.0,0.06315789473684211,0.0,0.031578947368421054,18,4,14,8,0,8,0.2222222222222222,0.07368421052631578,0.0,0.042105263157894736,4.2008218527476116,17,1,16,0.058823529411764705,0.08421052631578947,4.030219478009516,20,4,16,0.2,0.08421052631578947,4.774340131646947,16,0,16,0.0,0.08421052631578947,4.020732242874309,19,3,16,0.15789473684210525,0.08421052631578947,4.738512270854302,3,0,3,0.0,0.015789473684210527,4.457296288359847,4,0,4,0.0,0.021052631578947368,4.826459254641415,16,0,16,0.0,0.08421052631578947,4.2008218527476116,17,1,16,0.058823529411764705,0.08421052631578947,1.786631
gaussian,gaussian,250,120,80,0.6,20,block_ar1,0.6,26,14,1,13,8,0,8,0.07142857142857142,0.06842105263157895,0.0,0.042105263157894736,17,3,14,8,0,8,0.17647058823529413,0.07368421052631578,0.0,0.042105263157894736,4.272595085414397,22,2,20,0.09090909090909091,0.10526315789473684,4.000783617669542,25,5,20,0.2,0.10526315789473684,4.214023916077018,21,1,20,0.047619047619047616,0.10526315789473684,3.993244595159835,23,3,20,0.13043478260869565,0.10526315789473684,inf,0,0,0,0.0,0.0,4.471762458485532,3,0,3,0.0,0.015789473684210527,4.424125145136695,19,0,19,0.0,0.1,4.10190100696778,23,3,20,0.13043478260869565,0.10526315789473684,1.708392
gaussian,gaussian,250,120,80,0.6,20,block_ar1,0.6,27,18,1,17,12,0,12,0.05555555555555555,0.08947368421052632,0.0,0.06315789473684211,20,2,18,12,0,12,0.1,0.09473684210526316,0.0,0.06315789473684211,4.209453456822037,24,5,19,0.20833333333333334,0.1,4.035421109031787,25,6,19,0.24,0.1,4.157147976071295,24,5,19,0.20833333333333334,0.1,3.985278105122924,25,6,19,0.24,0.1,4.414310390620663,8,0,8,0.0,0.042105263157894736,4.205012146173004,10,1,9,0.1,0.04736842105263158,4.438198641390171,23,4,19,0.17391304347826086,0.1,4.209453456822037,24,5,19,0.20833333333333334,0.1,1.617398
gaussian,gaussian,250,120,80,0.6,20,block_ar1,0.6,28,15,0,15,13,0,13,0.0,0.07894736842105263,0.0,0.06842105263157895,18,1,17,14,0,14,0.05555555555555555,0.08947368421052632,0.0,0.07368421052631578,4.451393464483884,21,0,21,0.0,0.11052631578947368,4.050996365876751,23,2,21,0.08695652173913043,0.11052631578947368,4.388645744582715,21,0,21,0.0,0.11052631578947368,3.9938927224188565,22,1,21,0.045454545454545456,0.11052631578947368,4.551202275998627,5,0,5,0.0,0.02631578947368421,4.551202275998627,5,0,5,0.0,0.02631578947368421,4.451393464483884,21,0,21,0.0,0.11052631578947368,4.451393464483884,21,0,21,0.0,0.11052631578947368,1.644082
gaussian,gaussian,250,120,80,0.6,20,block_ar1,0.6,29,19,1,18,11,0,11,0.05263157894736842,0.09473684210526316,0.0,0.05789473684210526,19,1,18,13,0,13,0.05263157894736842,0.09473684210526316,0.0,0.06842105263157895,4.368165717428577,21,1,20,0.047619047619047616,0.10526315789473684,3.97405769628689,22,2,20,0.09090909090909091,0.10526315789473684,4.330043356732546,21,1,20,0.047619047619047616,0.10526315789473684,4.330043356732546,21,1,20,0.047619047619047616,0.10526315789473684,4.333280811203332,10,1,9,0.1,0.04736842105263158,4.062547449431993,17,4,13,0.23529411764705882,0.06842105263157895,4.781460044063686,20,0,20,0.0,0.10526315789473684,4.368165717428577,21,1,20,0.047619047619047616,0.10526315789473684,1.832247
gaussian,gaussian,250,120,80,0.6,20,block_ar1,0.6,30,11,0,11,6,0,6,0.0,0.05789473684210526,0.0,0.031578947368421054,11,0,11,6,0,6,0.0,0.05789473684210526,0.0,0.031578947368421054,4.342431863745582,19,1,18,0.05263157894736842,0.09473684210526316,4.342431863745582,19,1,18,0.05263157894736842,0.09473684210526316,4.305094083768311,19,1,18,0.05263157894736842,0.09473684210526316,4.305094083768311,19,1,18,0.05263157894736842,0.09473684210526316,4.710855842646847,5,0,5,0.0,0.02631578947368421,4.331721942123894,6,0,6,0.0,0.031578947368421054,4.566433755523904,18,0,18,0.0,0.09473684210526316,4.342431863745582,19,1,18,0.05263157894736842,0.09473684210526316,1.631833
gaussian,gaussian,250,120,80,0.6,20,block_ar1,0.6,31,18,1,17,11,0,11,0.05555555555555555,0.08947368421052632,0.0,0.05789473684210526,19,2,17,14,1,13,0.10526315789473684,0.08947368421052632,0.07142857142857142,0.06842105263157895,4.195298130587252,22,2,20,0.09090909090909091,0.10526315789473684,3.9639253144788023,26,5,21,0.19230769230769232,0.11052631578947368,4.138737497461364,22,2,20,0.09090909090909091,0.10526315789473684,4.065715273757826,23,3,20,0.13043478260869565,0.10526315789473684,4.533560251159038,5,1,4,0.2,0.021052631578947368,4.229536186823069,8,1,7,0.125,0.03684210526315789,4.520665126363393,21,2,19,0.09523809523809523,0.1,4.12127797376825,23,3,20,0.13043478260869565,0.10526315789473684,1.649224
gaussian,gaussian,250,120,80,0.6,20,block_ar1,0.6,32,15,1,14,9,0,9,0.06666666666666667,0.07368421052631578,0.0,0.04736842105263158,18,2,16,12,0,12,0.1111111111111111,0.08421052631578947,0.0,0.06315789473684211,4.187554965096046,24,3,21,0.125,0.11052631578947368,4.187554965096046,24,3,21,0.125,0.11052631578947368,4.244049107975302,21,3,18,0.14285714285714285,0.09473684210526316,4.107879980554597,23,3,20,0.13043478260869565,0.10526315789473684,4.8684431997301925,2,0,2,0.0,0.010526315789473684,4.8684431997301925,2,0,2,0.0,0.010526315789473684,4.571173823034692,20,2,18,0.1,0.09473684210526316,4.187554965096046,24,3,21,0.125,0.11052631578947368,1.558577
gaussian,gaussian,250,120,80,0.6,20,block_ar1,0.6,33,17,2,15,7,0,7,0.11764705882352941,0.07894736842105263,0.0,0.03684210526315789,18,2,16,8,0,8,0.1111111111111111,0.08421052631578947,0.0,0.042105263157894736,4.256893552629393,23,2,21,0.08695652173913043,0.11052631578947368,4.256893552629393,23,2,21,0.08695652173913043,0.11052631578947368,4.200670078875646,23,2,21,0.08695652173913043,0.11052631578947368,4.200670078875646,23,2,21,0.08695652173913043,0.11052631578947368,4.922781115335049,1,0,1,0.0,0.005263157894736842,4.497495554006221,3,0,3,0.0,0.015789473684210527,4.343442999265317,22,2,20,0.09090909090909091,0.10526315789473684,4.256893552629393,23,2,21,0.08695652173913043,0.11052631578947368,1.783519
gaussian,gaussian,250,120,80,0.6,20,block_ar1,0.6,34,17,1,16,10,0,10,0.058823529411764705,0.08421052631578947,0.0,0.05263157894736842,19,2,17,11,0,11,0.10526315789473684,0.08947368421052632,0.0,0.05789473684210526,4.11630768417564,25,2,23,0.08,0.12105263157894737,3.9777300476709176,27,4,23,0.14814814814814814,0.12105263157894737,4.185542426722882,23,1,22,0.043478260869565216,0.11578947368421053,4.110846048598094,24,2,22,0.08333333333333333,0.11578947368421053,4.5203864664993585,6,1,5,0.16666666666666666,0.02631578947368421,4.098647276316663,13,2,11,0.15384615384615385,0.05789473684210526,5.040085994988594,19,0,19,0.0,0.1,4.179842213022579,24,2,22,0.08333333333333333,0.11578947368421053,1.631598
gaussian,gaussian,250,120,80,0.6,20,block_ar1,0.6,35,5,0,5,5,0,5,0.0,0.02631578947368421,0.0,0.02631578947368421,6,0,6,5,0,5,0.0,0.031578947368421054,0.0,0.02631578947368421,4.304810556562351,15,1,14,0.06666666666666667,0.07368421052631578,4.036488050740802,17,3,14,0.17647058823529413,0.07368421052631578,4.281953575148206,15,1,14,0.06666666666666667,0.07368421052631578,4.09566692070998,16,2,14,0.125,0.07368421052631578,inf,0,0,0,0.0,0.0,4.540024224664785,2,0,2,0.0,0.010526315789473684,4.734965856760796,12,0,12,0.0,0.06315789473684211,4.304810556562351,15,1,14,0.06666666666666667,0.07368421052631578,1.613021
gaussian,gaussian,250,120,80,0.6,20,block_ar1,0.6,36,14,1,13,10,0,10,0.07142857142857142,0.06842105263157895,0.0,0.05263157894736842,18,3,15,10,0,10,0.16666666666666666,0.07894736842105263,0.0,0.05263157894736842,4.181296349078705,23,3,20,0.13043478260869565,0.10526315789473684,3.9334453884772267,28,7,21,0.25,0.11052631578947368,4.160620090675842,22,3,19,0.13636363636363635,0.1,4.019331451672921,26,5,21,0.19230769230769232,0.11052631578947368,4.584810404720076,3,0,3,0.0,0.015789473684210527,4.3318815587861685,5,0,5,0.0,0.02631578947368421,4.554332394748545,18,0,18,0.0,0.09473684210526316,4.076143491437386,26,5,21,0.19230769230769232,0.11052631578947368,1.953114
gaussian,gaussian,250,120,80,0.6,20,block_ar1,0.6,37,20,3,17,9,0,9,0.15,0.08947368421052632,0.0,0.04736842105263158,23,4,19,11,0,11,0.17391304347826086,0.1,0.0,0.05789473684210526,4.21848097483177,25,3,22,0.12,0.11578947368421053,3.9465165357159977,27,5,22,0.18518518518518517,0.11578947368421053,4.161175466702331,25,3,22,0.12,0.11578947368421053,4.161175466702331,25,3,22,0.12,0.11578947368421053,4.36854167490833,9,2,7,0.2222222222222222,0.03684210526315789,4.276018078526459,11,4,7,0.36363636363636365,0.03684210526315789,4.711568523416665,23,1,22,0.043478260869565216,0.11578947368421053,4.21848097483177,25,3,22,0.12,0.11578947368421053,1.671377
gaussian,gaussian,250,120,80,0.6,20,block_ar1,0.6,38,14,0,14,10,0,10,0.0,0.07368421052631578,0.0,0.05263157894736842,20,2,18,11,0,11,0.1,0.09473684210526316,0.0,0.05789473684210526,4.271981166867541,24,1,23,0.041666666666666664,0.12105263157894737,3.9251162190040434,27,4,23,0.14814814814814814,0.12105263157894737,4.228272907742544,24,1,23,0.041666666666666664,0.12105263157894737,3.9455824218028193,26,3,23,0.11538461538461539,0.12105263157894737,inf,0,0,0,0.0,0.0,4.362937959732483,4,0,4,0.0,0.021052631578947368,4.4423277348998935,21,0,21,0.0,0.11052631578947368,4.271981166867541,24,1,23,0.041666666666666664,0.12105263157894737,1.544344
gaussian,gaussian,250,120,80,0.6,20,block_ar1,0.6,39,14,1,13,9,0,9,0.07142857142857142,0.06842105263157895,0.0,0.04736842105263158,18,3,15,9,0,9,0.16666666666666666,0.07894736842105263,0.0,0.04736842105263158,4.239330834444206,24,4,20,0.16666666666666666,0.10526315789473684,4.023413895242753,26,6,20,0.23076923076923078,0.10526315789473684,4.19794784553964,24,4,20,0.16666666666666666,0.10526315789473684,3.9841386182975094,26,6,20,0.23076923076923078,0.10526315789473684,4.7989158105793415,4,0,4,0.0,0.021052631578947368,4.3030707665280925,7,1,6,0.14285714285714285,0.031578947368421054,4.6059558563340754,20,1,19,0.05,0.1,4.239330834444206,24,4,20,0.16666666666666666,0.10526315789473684,1.75941
gaussian,gaussian,250,120,80,0.6,20,block_ar1,0.6,40,10,0,10,8,0,8,0.0,0.05263157894736842,0.0,0.042105263157894736,17,3,14,10,0,10,0.17647058823529413,0.07368421052631578,0.0,0.05263157894736842,4.195575915277038,21,4,17,0.19047619047619047,0.08947368421052632,3.9568086886519804,25,7,18,0.28,0.09473684210526316,4.158125689464018,20,3,17,0.15,0.08947368421052632,3.9605646440820363,24,6,18,0.25,0.09473684210526316,4.8844571157433085,2,0,2,0.0,0.010526315789473684,4.285084587789218,6,1,5,0.16666666666666666,0.02631578947368421,4.684199400176827,18,1,17,0.05555555555555555,0.08947368421052632,4.083164135127899,23,6,17,0.2608695652173913,0.08947368421052632,1.707894
gaussian,gaussian,250,120,80,0.6,20,block_ar1,0.6,41,20,2,18,15,1,14,0.1,0.09473684210526316,0.06666666666666667,0.07368421052631578,24,4,20,18,1,17,0.16666666666666666,0.10526315789473684,0.05555555555555555,0.08947368421052632,4.2316025071752685,26,3,23,0.11538461538461539,0.12105263157894737,3.9396734450631095,29,5,24,0.1724137931034483,0.12631578947368421,4.188641704815748,26,3,23,0.11538461538461539,0.12105263157894737,3.987926951448723,28,5,23,0.17857142857142858,0.12105263157894737,4.59791801703284,4,0,4,0.0,0.021052631578947368,4.154271743094672,11,2,9,0.18181818181818182,0.04736842105263158,4.466083470718814,24,2,22,0.08333333333333333,0.11578947368421053,4.028829123001954,28,5,23,0.17857142857142858,0.12105263157894737,1.556767
gaussian,gaussian,250,120,80,0.6,20,block_ar1,0.6,42,15,0,15,9,0,9,0.0,0.07894736842105263,0.0,0.04736842105263158,19,0,19,9,0,9,0.0,0.1,0.0,0.04736842105263158,4.1951466506242125,22,0,22,0.0,0.11578947368421053,3.9727177437680132,24,0,24,0.0,0.12631578947368421,4.161849672613069,22,0,22,0.0,0.11578947368421053,4.007174969054979,23,0,23,0.0,0.12105263157894737,4.535909564774732,4,0,4,0.0,0.021052631578947368,4.212536267686306,9,0,9,0.0,0.04736842105263158,4.614926393501337,19,0,19,0.0,0.1,4.1951466506242125,22,0,22,0.0,0.11578947368421053,1.845642
gaussian,gaussian,250,120,80,0.6,20,block_ar1,0.6,43,15,0,15,8,0,8,0.0,0.07894736842105263,0.0,0.042105263157894736,15,0,15,8,0,8,0.0,0.07894736842105263,0.0,0.042105263157894736,4.1984052727826,20,1,19,0.05,0.1,3.9835079736534746,23,3,20,0.13043478260869565,0.10526315789473684,4.161829909766247,20,1,19,0.05,0.1,3.9920795049581796,22,2,20,0.09090909090909091,0.10526315789473684,5.210105655003211,1,0,1,0.0,0.005263157894736842,5.210105655003211,1,0,1,0.0,0.005263157894736842,4.577560449538602,19,0,19,0.0,0.1,4.1984052727826,20,1,19,0.05,0.1,1.700479
gaussian,gaussian,250,120,80,0.6,20,block_ar1,0.6,44,19,2,17,9,0,9,0.10526315789473684,0.08947368421052632,0.0,0.04736842105263158,21,3,18,10,0,10,0.14285714285714285,0.09473684210526316,0.0,0.05263157894736842,4.090177560398501,28,6,22,0.21428571428571427,0.11578947368421053,4.090177560398501,28,6,22,0.21428571428571427,0.11578947368421053,4.194646681935686,27,5,22,0.18518518518518517,0.11578947368421053,4.034220527324495,28,6,22,0.21428571428571427,0.11578947368421053,4.707328153192322,2,0,2,0.0,0.010526315789473684,4.5021245840925745,3,0,3,0.0,0.015789473684210527,4.326710316334763,26,4,22,0.15384615384615385,0.11578947368421053,4.090177560398501,28,6,22,0.21428571428571427,0.11578947368421053,1.551257
gaussian,gaussian,250,120,80,0.6,20,block_ar1,0.6,45,17,1,16,13,0,13,0.058823529411764705,0.08421052631578947,0.0,0.06842105263157895,18,1,17,15,1,14,0.05555555555555555,0.08947368421052632,0.06666666666666667,0.07368421052631578,4.177182166580096,24,2,22,0.08333333333333333,0.11578947368421053,3.9558985315633963,25,3,22,0.12,0.11578947368421053,4.32619762762996,22,1,21,0.045454545454545456,0.11052631578947368,4.11435128928551,23,1,22,0.043478260869565216,0.11578947368421053,4.74643338054765,2,0,2,0.0,0.010526315789473684,4.287670281005243,7,0,7,0.0,0.03684210526315789,4.546792575466812,21,1,20,0.047619047619047616,0.10526315789473684,4.177182166580096,24,2,22,0.08333333333333333,0.11578947368421053,1.718741
gaussian,gaussian,250,120,80,0.6,20,block_ar1,0.6,46,10,0,10,4,0,4,0.0,0.05263157894736842,0.0,0.021052631578947368,11,0,11,5,0,5,0.0,0.05789473684210526,0.0,0.02631578947368421,4.199124965605126,20,2,18,0.1,0.09473684210526316,4.09193205903448,22,3,19,0.13636363636363635,0.1,4.389691358640034,18,0,18,0.0,0.09473684210526316,4.03639662488843,21,2,19,0.09523809523809523,0.1,4.750362076409943,3,0,3,0.0,0.015789473684210527,4.750362076409943,3,0,3,0.0,0.015789473684210527,5.045620722311971,16,0,16,0.0,0.08421052631578947,4.199124965605126,20,2,18,0.1,0.09473684210526316,1.732783
gaussian,gaussian,250,120,80,0.6,20,block_ar1,0.6,47,15,1,14,10,0,10,0.06666666666666667,0.07368421052631578,0.0,0.05263157894736842,17,2,15,11,0,11,0.11764705882352941,0.07894736842105263,0.0,0.05789473684210526,4.20908503936004,19,1,18,0.05263157894736842,0.09473684210526316,4.086920264061846,21,2,19,0.09523809523809523,0.1,4.752380976714616,17,0,17,0.0,0.08947368421052632,4.032005746556757,21,2,19,0.09523809523809523,0.1,4.403522335397145,9,0,9,0.0,0.04736842105263158,4.223483685654701,10,0,10,0.0,0.05263157894736842,4.817106754588201,17,0,17,0.0,0.08947368421052632,4.13232465757952,20,1,19,0.05,0.1,1.570377
gaussian,gaussian,250,120,80,0.6,20,block_ar1,0.6,48,15,0,15,9,0,9,0.0,0.07894736842105263,0.0,0.04736842105263158,15,0,15,10,0,10,0.0,0.07894736842105263,0.0,0.05263157894736842,4.593921332606362,18,1,17,0.05555555555555555,0.08947368421052632,4.593921332606362,18,1,17,0.05555555555555555,0.08947368421052632,4.528946939223196,18,1,17,0.05555555555555555,0.08947368421052632,4.528946939223196,18,1,17,0.05555555555555555,0.08947368421052632,4.554440754678189,4,0,4,0.0,0.021052631578947368,4.36099936476105,5,0,5,0.0,0.02631578947368421,4.593921332606362,18,1,17,0.05555555555555555,0.08947368421052632,4.593921332606362,18,1,17,0.05555555555555555,0.08947368421052632,1.828803
gaussian,gaussian,250,120,80,0.6,20,block_ar1,0.6,49,13,0,13,10,0,10,0.0,0.06842105263157895,0.0,0.05263157894736842,14,0,14,10,0,10,0.0,0.07368421052631578,0.0,0.05263157894736842,4.515619442023462,19,0,19,0.0,0.1,4.11028459362402,20,0,20,0.0,0.10526315789473684,4.480067131319579,19,0,19,0.0,0.1,4.077923559477966,20,0,20,0.0,0.10526315789473684,4.428283903876175,6,0,6,0.0,0.031578947368421054,4.428283903876175,6,0,6,0.0,0.031578947368421054,4.515619442023462,19,0,19,0.0,0.1,4.515619442023462,19,0,19,0.0,0.1,1.744145
gaussian,gaussian,250,120,80,0.6,20,block_ar1,0.6,50,15,1,14,10,0,10,0.06666666666666667,0.07368421052631578,0.0,0.05263157894736842,20,4,16,11,0,11,0.2,0.08421052631578947,0.0,0.05789473684210526,4.191703392704293,23,3,20,0.13043478260869565,0.10526315789473684,3.959671629659014,28,6,22,0.21428571428571427,0.11578947368421053,4.138787790280233,23,3,20,0.13043478260869565,0.10526315789473684,3.945742047026351,27,5,22,0.18518518518518517,0.11578947368421053,4.705736068955578,6,0,6,0.0,0.031578947368421054,4.282469212657078,8,0,8,0.0,0.042105263157894736,4.475886122706019,21,2,19,0.09523809523809523,0.1,4.191703392704293,23,3,20,0.13043478260869565,0.10526315789473684,1.602847
gaussian,gaussian,250,120,80,0.6,20,block_ar1,0.6,51,16,4,12,6,0,6,0.25,0.06315789473684211,0.0,0.031578947368421054,18,4,14,9,0,9,0.2222222222222222,0.07368421052631578,0.0,0.04736842105263158,4.091300491717389,30,5,25,0.16666666666666666,0.13157894736842105,4.091300491717389,30,5,25,0.16666666666666666,0.13157894736842105,4.195256144199677,29,5,24,0.1724137931034483,0.12631578947368421,4.195256144199677,29,5,24,0.1724137931034483,0.12631578947368421,4.706932631725968,2,0,2,0.0,0.010526315789473684,4.229772461337377,10,3,7,0.3,0.03684210526315789,4.364254459746504,28,4,24,0.14285714285714285,0.12631578947368421,4.091300491717389,30,5,25,0.16666666666666666,0.13157894736842105,1.679201
gaussian,gaussian,250,120,80,0.6,20,block_ar1,0.6,52,19,1,18,8,0,8,0.05263157894736842,0.09473684210526316,0.0,0.042105263157894736,26,4,22,13,0,13,0.15384615384615385,0.11578947368421053,0.0,0.06842105263157895,4.124952209238957,28,4,24,0.14285714285714285,0.12631578947368421,3.898007941923679,35,8,27,0.22857142857142856,0.14210526315789473,4.080552327250225,28,4,24,0.14285714285714285,0.12631578947368421,3.8761567512289496,34,7,27,0.20588235294117646,0.14210526315789473,4.616351764811003,7,0,7,0.0,0.03684210526315789,4.616351764811003,7,0,7,0.0,0.03684210526315789,4.520689649732467,24,1,23,0.041666666666666664,0.12105263157894737,4.124952209238957,28,4,24,0.14285714285714285,0.12631578947368421,1.618347
gaussian,gaussian,250,120,80,0.6,20,block_ar1,0.6,53,12,0,12,8,0,8,0.0,0.06315789473684211,0.0,0.042105263157894736,14,1,13,8,0,8,0.07142857142857142,0.06842105263157895,0.0,0.042105263157894736,4.1940393317507745,21,3,18,0.14285714285714285,0.09473684210526316,4.061303473614116,22,4,18,0.18181818181818182,0.09473684210526316,4.155076336303035,21,3,18,0.14285714285714285,0.09473684210526316,4.155076336303035,21,3,18,0.14285714285714285,0.09473684210526316,4.5522625427468215,6,0,6,0.0,0.031578947368421054,4.262825041867745,8,0,8,0.0,0.042105263157894736,4.750218256640489,18,3,15,0.16666666666666666,0.07894736842105263,4.1940393317507745,21,3,18,0.14285714285714285,0.09473684210526316,1.697995
gaussian,gaussian,250,120,80,0.6,20,block_ar1,0.6,54,18,0,18,10,0,10,0.0,0.09473684210526316,0.0,0.05263157894736842,23,1,22,11,0,11,0.043478260869565216,0.11578947368421053,0.0,0.05789473684210526,4.7108488263231205,25,1,24,0.04,0.12631578947368421,4.007395877191385,27,2,25,0.07407407407407407,0.13157894736842105,4.634285430121288,25,1,24,0.04,0.12631578947368421,3.94226539867368,27,2,25,0.07407407407407407,0.13157894736842105,4.424174898505992,7,0,7,0.0,0.03684210526315789,4.424174898505992,7,0,7,0.0,0.03684210526315789,4.7108488263231205,25,1,24,0.04,0.12631578947368421,4.7108488263231205,25,1,24,0.04,0.12631578947368421,1.800153
gaussian,gaussian,250,120,80,0.6,20,block_ar1,0.6,55,9,0,9,8,0,8,0.0,0.04736842105263158,0.0,0.042105263157894736,11,0,11,8,0,8,0.0,0.05789473684210526,0.0,0.042105263157894736,4.69667983904364,15,0,15,0.0,0.07894736842105263,4.69667983904364,15,0,15,0.0,0.07894736842105263,4.661892527639955,15,0,15,0.0,0.07894736842105263,4.661892527639955,15,0,15,0.0,0.07894736842105263,4.984249831530001,1,0,1,0.0,0.005263157894736842,4.984249831530001,1,0,1,0.0,0.005263157894736842,4.69667983904364,15,0,15,0.0,0.07894736842105263,4.69667983904364,15,0,15,0.0,0.07894736842105263,1.615085
gaussian,gaussian,250,120,80,0.6,20,block_ar1,0.6,56,14,0,14,9,0,9,0.0,0.07368421052631578,0.0,0.04736842105263158,18,0,18,10,0,10,0.0,0.09473684210526316,0.0,0.05263157894736842,4.530075132872277,21,0,21,0.0,0.11052631578947368,4.038887724803063,23,0,23,0.0,0.12105263157894737,4.500444968115436,21,0,21,0.0,0.11052631578947368,4.0124703023078165,23,0,23,0.0,0.12105263157894737,4.45836308570281,6,0,6,0.0,0.031578947368421054,4.45836308570281,6,0,6,0.0,0.031578947368421054,4.530075132872277,21,0,21,0.0,0.11052631578947368,4.530075132872277,21,0,21,0.0,0.11052631578947368,1.786927
gaussian,gaussian,250,120,80,0.6,20,block_ar1,0.6,57,16,2,14,8,0,8,0.125,0.07368421052631578,0.0,0.042105263157894736,18,4,14,10,0,10,0.2222222222222222,0.07368421052631578,0.0,0.05263157894736842,4.205175525660244,19,2,17,0.10526315789473684,0.08947368421052632,4.080213997870224,21,4,17,0.19047619047619047,0.08947368421052632,4.5305276280985876,17,0,17,0.0,0.08947368421052632,4.019847977327939,21,4,17,0.19047619047619047,0.08947368421052632,4.613682136413714,5,0,5,0.0,0.02631578947368421,4.347674691403229,6,1,5,0.16666666666666666,0.02631578947368421,4.628859415420811,16,0,16,0.0,0.08421052631578947,4.598562520315328,17,0,17,0.0,0.08947368421052632,1.687862
gaussian,gaussian,250,120,80,0.6,20,block_ar1,0.6,58,21,3,18,10,0,10,0.14285714285714285,0.09473684210526316,0.0,0.05263157894736842,22,4,18,12,0,12,0.18181818181818182,0.09473684210526316,0.0,0.06315789473684211,4.0877640456245565,31,6,25,0.1935483870967742,0.13157894736842105,3.879930228351314,33,7,26,0.21212121212121213,0.1368421052631579,4.110310039804486,30,6,24,0.2,0.12631578947368421,3.9574940766721625,32,7,25,0.21875,0.13157894736842105,4.432319892973513,7,1,6,0.14285714285714285,0.031578947368421054,4.1030996074337125,13,3,10,0.23076923076923078,0.05263157894736842,4.310734656784245,28,4,24,0.14285714285714285,0.12631578947368421,3.991202597468954,32,7,25,0.21875,0.13157894736842105,1.568779
gaussian,gaussian,250,120,80,0.6,20,block_ar1,0.6,59,18,2,16,7,1,6,0.1111111111111111,0.08421052631578947,0.14285714285714285,0.031578947368421054,18,2,16,12,1,11,0.1111111111111111,0.08421052631578947,0.08333333333333333,0.05789473684210526,4.216399771741781,22,2,20,0.09090909090909091,0.10526315789473684,3.9595303123159327,25,5,20,0.2,0.10526315789473684,4.160716331626472,22,2,20,0.09090909090909091,0.10526315789473684,4.007620177949189,23,3,20,0.13043478260869565,0.10526315789473684,4.439417157980061,7,1,6,0.14285714285714285,0.031578947368421054,4.246374337956819,9,2,7,0.2222222222222222,0.03684210526315789,5.3736908921262465,17,1,16,0.058823529411764705,0.08421052631578947,4.216399771741781,22,2,20,0.09090909090909091,0.10526315789473684,1.768536
gaussian,gaussian,250,120,80,0.6,20,block_ar1,0.6,60,17,2,15,10,0,10,0.11764705882352941,0.07894736842105263,0.0,0.05263157894736842,17,2,15,12,0,12,0.11764705882352941,0.07894736842105263,0.0,0.06315789473684211,4.176173478705907,23,2,21,0.08695652173913043,0.11052631578947368,4.016980302462605,25,3,22,0.12,0.11578947368421053,4.36312584815366,21,1,20,0.047619047619047616,0.10526315789473684,3.9594847593917324,25,3,22,0.12,0.11578947368421053,4.5623297542674965,4,0,4,0.0,0.021052631578947368,4.5623297542674965,4,0,4,0.0,0.021052631578947368,4.426482649699905,21,1,20,0.047619047619047616,0.10526315789473684,4.176173478705907,23,2,21,0.08695652173913043,0.11052631578947368,1.835941
gaussian,gaussian,250,120,80,0.6,20,block_ar1,0.6,61,17,0,17,12,0,12,0.0,0.08947368421052632,0.0,0.06315789473684211,19,0,19,12,0,12,0.0,0.1,0.0,0.06315789473684211,4.33889444240211,22,1,21,0.045454545454545456,0.11052631578947368,4.33889444240211,22,1,21,0.045454545454545456,0.11052631578947368,4.304743435190266,22,1,21,0.045454545454545456,0.11052631578947368,4.304743435190266,22,1,21,0.045454545454545456,0.11052631578947368,4.490727919774621,7,0,7,0.0,0.03684210526315789,4.320024358734674,9,1,8,0.1111111111111111,0.042105263157894736,4.601245918695856,21,1,20,0.047619047619047616,0.10526315789473684,4.33889444240211,22,1,21,0.045454545454545456,0.11052631578947368,1.717952
gaussian,gaussian,250,120,80,0.6,20,block_ar1,0.6,62,19,2,17,11,0,11,0.10526315789473684,0.08947368421052632,0.0,0.05789473684210526,25,4,21,15,0,15,0.16,0.11052631578947368,0.0,0.07894736842105263,4.10173447311334,26,3,23,0.11538461538461539,0.12105263157894737,3.925993472987251,27,4,23,0.14814814814814814,0.12105263157894737,4.286506319051128,23,1,22,0.043478260869565216,0.11578947368421053,4.069014420736114,26,3,23,0.11538461538461539,0.12105263157894737,4.445711560956859,9,0,9,0.0,0.04736842105263158,4.114716578331684,13,1,12,0.07692307692307693,0.06315789473684211,4.615536959959361,22,0,22,0.0,0.11578947368421053,4.10173447311334,26,3,23,0.11538461538461539,0.12105263157894737,1.710545
gaussian,gaussian,250,120,80,0.6,20,block_ar1,0.6,63,20,2,18,5,0,5,0.1,0.09473684210526316,0.0,0.02631578947368421,22,4,18,6,0,6,0.18181818181818182,0.09473684210526316,0.0,0.031578947368421054,4.078192157296376,29,8,21,0.27586206896551724,0.11052631578947368,3.9460280462451225,30,9,21,0.3,0.11052631578947368,4.11114735777566,25,4,21,0.16,0.11052631578947368,4.034432453847791,27,6,21,0.2222222222222222,0.11052631578947368,4.89342133036682,2,0,2,0.0,0.010526315789473684,4.253922184778095,7,2,5,0.2857142857142857,0.02631578947368421,4.433456152025399,25,4,21,0.16,0.11052631578947368,4.078192157296376,29,8,21,0.27586206896551724,0.11052631578947368,1.661552
gaussian,gaussian,250,120,80,0.6,20,block_ar1,0.6,64,15,1,14,9,0,9,0.06666666666666667,0.07368421052631578,0.0,0.04736842105263158,18,3,15,10,0,10,0.16666666666666666,0.07894736842105263,0.0,0.05263157894736842,4.225559397238073,24,4,20,0.16666666666666666,0.10526315789473684,3.9757875798187494,28,7,21,0.25,0.11052631578947368,4.181855025741419,23,3,20,0.13043478260869565,0.10526315789473684,3.934666563393385,27,6,21,0.2222222222222222,0.11052631578947368,5.500736943752085,1,0,1,0.0,0.005263157894736842,4.458990082121886,3,0,3,0.0,0.015789473684210527,4.457480136320321,22,2,20,0.09090909090909091,0.10526315789473684,4.074815637870696,25,5,20,0.2,0.10526315789473684,1.57792
gaussian,gaussian,250,120,80,0.6,20,block_ar1,0.6,65,10,0,10,8,0,8,0.0,0.05263157894736842,0.0,0.042105263157894736,16,1,15,10,0,10,0.0625,0.07894736842105263,0.0,0.05263157894736842,4.164348604316796,20,2,18,0.1,0.09473684210526316,4.015154634804107,21,3,18,0.14285714285714285,0.09473684210526316,4.184216904695515,19,1,18,0.05263157894736842,0.09473684210526316,4.10133113831748,20,2,18,0.1,0.09473684210526316,4.563371539032528,5,0,5,0.0,0.02631578947368421,4.563371539032528,5,0,5,0.0,0.02631578947368421,4.572165174459821,18,1,17,0.05555555555555555,0.08947368421052632,4.248507920863887,19,1,18,0.05263157894736842,0.09473684210526316,1.695231
gaussian,gaussian,250,120,80,0.6,20,block_ar1,0.6,66,9,0,9,5,0,5,0.0,0.04736842105263158,0.0,0.02631578947368421,11,0,11,8,0,8,0.0,0.05789473684210526,0.0,0.042105263157894736,4.876641496087345,17,0,17,0.0,0.08947368421052632,4.876641496087345,17,0,17,0.0,0.08947368421052632,4.818461747698167,17,0,17,0.0,0.08947368421052632,4.818461747698167,17,0,17,0.0,0.08947368421052632,5.1193347700570895,1,0,1,0.0,0.005263157894736842,4.381465358400579,4,0,4,0.0,0.021052631578947368,4.876641496087345,17,0,17,0.0,0.08947368421052632,4.876641496087345,17,0,17,0.0,0.08947368421052632,1.924461
gaussian,gaussian,250,120,80,0.6,20,block_ar1,0.6,67,16,0,16,10,0,10,0.0,0.08421052631578947,0.0,0.05263157894736842,17,0,17,13,0,13,0.0,0.08947368421052632,0.0,0.06842105263157895,4.4484405151803115,21,1,20,0.047619047619047616,0.10526315789473684,3.970172894661322,24,3,21,0.125,0.11052631578947368,4.388753452713283,20,1,19,0.05,0.1,4.038486420032964,21,1,20,0.047619047619047616,0.10526315789473684,4.776518711902079,2,0,2,0.0,0.010526315789473684,4.411881413049856,4,0,4,0.0,0.021052631578947368,4.833834136559425,19,1,18,0.05263157894736842,0.09473684210526316,4.4484405151803115,21,1,20,0.047619047619047616,0.10526315789473684,1.594309
gaussian,gaussian,250,120,80,0.6,20,block_ar1,0.6,68,17,0,17,11,0,11,0.0,0.08947368421052632,0.0,0.05789473684210526,20,2,18,14,0,14,0.1,0.09473684210526316,0.0,0.07368421052631578,4.121032307790016,25,4,21,0.16,0.11052631578947368,4.121032307790016,25,4,21,0.16,0.11052631578947368,4.398173969171493,24,4,20,0.16666666666666666,0.10526315789473684,4.0764541439087845,25,4,21,0.16,0.11052631578947368,4.8389852667396624,3,0,3,0.0,0.015789473684210527,4.481490428898888,4,0,4,0.0,0.021052631578947368,4.446270308061717,24,4,20,0.16666666666666666,0.10526315789473684,4.121032307790016,25,4,21,0.16,0.11052631578947368,1.637901
gaussian,gaussian,250,120,80,0.6,20,block_ar1,0.6,69,13,0,13,7,0,7,0.0,0.06842105263157895,0.0,0.03684210526315789,14,0,14,8,0,8,0.0,0.07368421052631578,0.0,0.042105263157894736,4.385912228153578,20,1,19,0.05,0.1,4.087283941543348,23,3,20,0.13043478260869565,0.10526315789473684,4.325048673891649,20,1,19,0.05,0.1,4.030564469055235,22,2,20,0.09090909090909091,0.10526315789473684,inf,0,0,0,0.0,0.0,inf,0,0,0,0.0,0.0,4.471517019648449,19,1,18,0.05263157894736842,0.09473684210526316,4.14552667629724,21,1,20,0.047619047619047616,0.10526315789473684,1.758852
gaussian,gaussian,250,120,80,0.6,20,block_ar1,0.6,70,11,0,11,8,0,8,0.0,0.05789473684210526,0.0,0.042105263157894736,21,4,17,9,0,9,0.19047619047619047,0.08947368421052632,0.0,0.04736842105263158,4.188237950303863,19,1,18,0.05263157894736842,0.09473684210526316,3.9964998604576523,25,4,21,0.16,0.11052631578947368,4.187365256695688,18,0,18,0.0,0.09473684210526316,3.949579153053918,25,4,21,0.16,0.11052631578947368,4.567056256713028,4,0,4,0.0,0.021052631578947368,4.567056256713028,4,0,4,0.0,0.021052631578947368,4.778176784616879,17,0,17,0.0,0.08947368421052632,4.188237950303863,19,1,18,0.05263157894736842,0.09473684210526316,1.61763
gaussian,gaussian,250,120,80,0.6,20,block_ar1,0.6,71,15,2,13,11,1,10,0.13333333333333333,0.06842105263157895,0.09090909090909091,0.05263157894736842,18,2,16,12,1,11,0.1111111111111111,0.08421052631578947,0.08333333333333333,0.05789473684210526,4.446813859169936,22,2,20,0.09090909090909091,0.10526315789473684,3.9906440112502697,23,3,20,0.13043478260869565,0.10526315789473684,4.40379921952753,22,2,20,0.09090909090909091,0.10526315789473684,4.40379921952753,22,2,20,0.09090909090909091,0.10526315789473684,4.405141816370383,10,1,9,0.1,0.04736842105263158,4.098189962411534,15,2,13,0.13333333333333333,0.06842105263157895,4.446813859169936,22,2,20,0.09090909090909091,0.10526315789473684,4.446813859169936,22,2,20,0.09090909090909091,0.10526315789473684,1.643075
gaussian,gaussian,250,120,80,0.6,20,block_ar1,0.6,72,14,1,13,10,0,10,0.07142857142857142,0.06842105263157895,0.0,0.05263157894736842,17,4,13,11,0,11,0.23529411764705882,0.06842105263157895,0.0,0.05789473684210526,4.217059338287723,20,4,16,0.2,0.08421052631578947,3.98294107499752,23,7,16,0.30434782608695654,0.08421052631578947,4.178367455477223,20,4,16,0.2,0.08421052631578947,3.9856404758474366,21,5,16,0.23809523809523808,0.08421052631578947,4.503482772004751,5,0,5,0.0,0.02631578947368421,4.2891547276227895,8,0,8,0.0,0.042105263157894736,4.564096580110636,18,3,15,0.16666666666666666,0.07894736842105263,4.217059338287723,20,4,16,0.2,0.08421052631578947,1.857821
gaussian,gaussian,250,120,80,0.6,20,block_ar1,0.6,73,22,4,18,7,0,7,0.18181818181818182,0.09473684210526316,0.0,0.03684210526315789,27,6,21,9,0,9,0.2222222222222222,0.11052631578947368,0.0,0.04736842105263158,4.194220826672629,26,5,21,0.19230769230769232,0.11052631578947368,3.9227233062929443,28,6,22,0.21428571428571427,0.11578947368421053,4.144563169044507,26,5,21,0.19230769230769232,0.11052631578947368,3.9820260058710537,27,6,21,0.2222222222222222,0.11052631578947368,4.757856621494229,3,1,2,0.3333333333333333,0.010526315789473684,4.340710224529715,5,2,3,0.4,0.015789473684210527,4.562711722619971,24,3,21,0.125,0.11052631578947368,4.194220826672629,26,5,21,0.19230769230769232,0.11052631578947368,1.588941
gaussian,gaussian,250,120,80,0.6,20,block_ar1,0.6,74,11,1,10,9,0,9,0.09090909090909091,0.05263157894736842,0.0,0.04736842105263158,11,1,10,9,0,9,0.09090909090909091,0.05263157894736842,0.0,0.04736842105263158,4.253278595417178,17,1,16,0.058823529411764705,0.08421052631578947,4.029965160388495,18,1,17,0.05555555555555555,0.08947368421052632,4.198586946900197,17,1,16,0.058823529411764705,0.08421052631578947,4.198586946900197,17,1,16,0.058823529411764705,0.08421052631578947,4.57000705092483,5,0,5,0.0,0.02631578947368421,4.57000705092483,5,0,5,0.0,0.02631578947368421,4.522997273782156,15,1,14,0.06666666666666667,0.07368421052631578,4.253278595417178,17,1,16,0.058823529411764705,0.08421052631578947,1.624402
gaussian,gaussian,250,120,80,0.6,20,block_ar1,0.6,75,18,0,18,10,0,10,0.0,0.09473684210526316,0.0,0.05263157894736842,21,3,18,12,0,12,0.14285714285714285,0.09473684210526316,0.0,0.06315789473684211,4.569546562602775,20,0,20,0.0,0.10526315789473684,3.966505464231222,24,4,20,0.16666666666666666,0.10526315789473684,4.523522068031422,20,0,20,0.0,0.10526315789473684,3.979512698455776,23,3,20,0.13043478260869565,0.10526315789473684,4.402278626312697,7,1,6,0.14285714285714285,0.031578947368421054,4.215546020548868,9,1,8,0.1111111111111111,0.042105263157894736,4.569546562602775,20,0,20,0.0,0.10526315789473684,4.569546562602775,20,0,20,0.0,0.10526315789473684,1.651181
gaussian,gaussian,250,120,80,0.6,20,block_ar1,0.6,76,13,1,12,6,0,6,0.07692307692307693,0.06315789473684211,0.0,0.031578947368421054,13,1,12,6,0,6,0.07692307692307693,0.06315789473684211,0.0,0.031578947368421054,4.177785326271071,22,2,20,0.09090909090909091,0.10526315789473684,4.177785326271071,22,2,20,0.09090909090909091,0.10526315789473684,4.148334867548969,22,2,20,0.09090909090909091,0.10526315789473684,4.148334867548969,22,2,20,0.09090909090909091,0.10526315789473684,4.5512672210747125,5,0,5,0.0,0.02631578947368421,4.39644232625416,6,1,5,0.16666666666666666,0.02631578947368421,4.4363981554889635,19,1,18,0.05263157894736842,0.09473684210526316,4.177785326271071,22,2,20,0.09090909090909091,0.10526315789473684,1.793188
gaussian,gaussian,250,120,80,0.6,20,block_ar1,0.6,77,9,2,7,4,0,4,0.2222222222222222,0.03684210526315789,0.0,0.021052631578947368,12,2,10,5,0,5,0.16666666666666666,0.05263157894736842,0.0,0.02631578947368421,4.190754489848258,21,3,18,0.14285714285714285,0.09473684210526316,3.983798343040379,22,4,18,0.18181818181818182,0.09473684210526316,4.151362206359536,21,3,18,0.14285714285714285,0.09473684210526316,4.151362206359536,21,3,18,0.14285714285714285,0.09473684210526316,4.810371499634294,2,1,1,0.5,0.005263157894736842,4.474370303786187,3,2,1,0.6666666666666666,0.005263157894736842,4.418139321395483,20,3,17,0.15,0.08947368421052632,4.190754489848258,21,3,18,0.14285714285714285,0.09473684210526316,2.227548
gaussian,gaussian,250,120,80,0.6,20,block_ar1,0.6,78,14,1,13,8,0,8,0.07142857142857142,0.06842105263157895,0.0,0.042105263157894736,21,3,18,11,0,11,0.14285714285714285,0.09473684210526316,0.0,0.05789473684210526,4.145760290651125,22,2,20,0.09090909090909091,0.10526315789473684,3.957370233473414,26,3,23,0.11538461538461539,0.12105263157894737,4.161619937409532,21,1,20,0.047619047619047616,0.10526315789473684,4.006284971302859,24,3,21,0.125,0.11052631578947368,4.449763936991849,6,1,5,0.16666666666666666,0.02631578947368421,4.148138001224132,11,2,9,0.18181818181818182,0.04736842105263158,4.476090593822288,20,0,20,0.0,0.10526315789473684,4.117600782561825,23,3,20,0.13043478260869565,0.10526315789473684,1.902954
gaussian,gaussian,250,120,80,0.6,20,block_ar1,0.6,79,22,2,20,13,0,13,0.09090909090909091,0.10526315789473684,0.0,0.06842105263157895,22,2,20,16,1,15,0.09090909090909091,0.10526315789473684,0.0625,0.07894736842105263,4.161671103626267,25,2,23,0.08,0.12105263157894737,3.9302788871865717,28,4,24,0.14285714285714285,0.12631578947368421,4.115455166601491,25,2,23,0.08,0.12105263157894737,3.97511631245054,26,3,23,0.11538461538461539,0.12105263157894737,4.71467804601922,4,1,3,0.25,0.015789473684210527,4.149406484249806,12,3,9,0.25,0.04736842105263158,4.520345380806747,24,1,23,0.041666666666666664,0.12105263157894737,4.161671103626267,25,2,23,0.08,0.12105263157894737,1.585552
gaussian,gaussian,250,120,80,0.6,20,block_ar1,0.6,80,8,0,8,0,0,0,0.0,0.042105263157894736,0.0,0.0,11,0,11,5,0,5,0.0,0.05789473684210526,0.0,0.02631578947368421,4.403501984910821,13,0,13,0.0,0.06842105263157895,4.108251028909518,14,0,14,0.0,0.07368421052631578,4.37884143859332,13,0,13,0.0,0.06842105263157895,4.085243950650102,14,0,14,0.0,0.07368421052631578,4.848739198863727,1,0,1,0.0,0.005263157894736842,4.5204256595053955,2,0,2,0.0,0.010526315789473684,4.897995495882793,12,0,12,0.0,0.06315789473684211,4.403501984910821,13,0,13,0.0,0.06842105263157895,1.673349
gaussian,gaussian,250,120,80,0.6,20,block_ar1,0.6,81,10,0,10,6,0,6,0.0,0.05263157894736842,0.0,0.031578947368421054,14,3,11,7,0,7,0.21428571428571427,0.05789473684210526,0.0,0.03684210526315789,4.161457707843089,20,2,18,0.1,0.09473684210526316,3.9723491997919904,24,6,18,0.25,0.09473684210526316,4.408374533451603,19,1,18,0.05263157894736842,0.09473684210526316,4.005806886186733,23,5,18,0.21739130434782608,0.09473684210526316,5.070466762880599,3,0,3,0.0,0.015789473684210527,4.387639710341117,4,1,3,0.25,0.015789473684210527,4.457178872190977,19,1,18,0.05263157894736842,0.09473684210526316,4.457178872190977,19,1,18,0.05263157894736842,0.09473684210526316,1.719119
gaussian,gaussian,250,120,80,0.6,20,block_ar1,0.6,82,14,1,13,11,0,11,0.07142857142857142,0.06842105263157895,0.0,0.05789473684210526,19,2,17,12,0,12,0.10526315789473684,0.08947368421052632,0.0,0.06315789473684211,4.497554389397964,22,1,21,0.045454545454545456,0.11052631578947368,4.075884897514954,23,2,21,0.08695652173913043,0.11052631578947368,4.465346686028328,22,1,21,0.045454545454545456,0.11052631578947368,4.046696836541774,23,2,21,0.08695652173913043,0.11052631578947368,4.770361285657721,4,0,4,0.0,0.021052631578947368,4.158419327430461,10,1,9,0.1,0.04736842105263158,4.497554389397964,22,1,21,0.045454545454545456,0.11052631578947368,4.497554389397964,22,1,21,0.045454545454545456,0.11052631578947368,1.687734
gaussian,gaussian,250,120,80,0.6,20,block_ar1,0.6,83,16,2,14,11,1,10,0.125,0.07368421052631578,0.09090909090909091,0.05263157894736842,17,2,15,11,1,10,0.11764705882352941,0.07894736842105263,0.09090909090909091,0.05263157894736842,4.2439699306545,22,4,18,0.18181818181818182,0.09473684210526316,4.071594340977403,23,5,18,0.21739130434782608,0.09473684210526316,4.215955329338353,22,4,18,0.18181818181818182,0.09473684210526316,4.044717597256938,23,5,18,0.21739130434782608,0.09473684210526316,4.702825319964777,3,1,2,0.3333333333333333,0.010526315789473684,4.435977718737669,4,1,3,0.25,0.015789473684210527,4.405343368878036,21,3,18,0.14285714285714285,0.09473684210526316,4.071594340977403,23,5,18,0.21739130434782608,0.09473684210526316,1.643007
gaussian,gaussian,250,120,80,0.6,20,block_ar1,0.6,84,13,0,13,7,0,7,0.0,0.06842105263157895,0.0,0.03684210526315789,17,1,16,9,0,9,0.058823529411764705,0.08421052631578947,0.0,0.04736842105263158,4.577769889904795,20,0,20,0.0,0.10526315789473684,4.102422300251898,21,1,20,0.047619047619047616,0.10526315789473684,4.522943153076968,20,0,20,0.0,0.10526315789473684,4.053288675534645,21,1,20,0.047619047619047616,0.10526315789473684,4.625718236948619,4,0,4,0.0,0.021052631578947368,4.385430403323671,6,1,5,0.16666666666666666,0.02631578947368421,4.577769889904795,20,0,20,0.0,0.10526315789473684,4.577769889904795,20,0,20,0.0,0.10526315789473684,1.82966
gaussian,gaussian,250,120,80,0.6,20,block_ar1,0.6,85,13,0,13,11,0,11,0.0,0.06842105263157895,0.0,0.05789473684210526,14,0,14,11,0,11,0.0,0.07368421052631578,0.0,0.05789473684210526,4.327942653267926,23,2,21,0.08695652173913043,0.11052631578947368,4.019583339988367,25,4,21,0.16,0.11052631578947368,4.252537419861979,23,2,21,0.08695652173913043,0.11052631578947368,3.949550614458231,25,4,21,0.16,0.11052631578947368,4.8722548483919965,1,0,1,0.0,0.005263157894736842,4.8722548483919965,1,0,1,0.0,0.005263157894736842,4.590370572698833,21,1,20,0.047619047619047616,0.10526315789473684,4.327942653267926,23,2,21,0.08695652173913043,0.11052631578947368,1.689876
gaussian,gaussian,250,120,80,0.6,20,block_ar1,0.6,86,11,0,11,6,0,6,0.0,0.05789473684210526,0.0,0.031578947368421054,18,1,17,7,0,7,0.05555555555555555,0.08947368421052632,0.0,0.03684210526315789,4.24776179497926,22,1,21,0.045454545454545456,0.11052631578947368,4.24776179497926,22,1,21,0.045454545454545456,0.11052631578947368,4.1810918443424665,22,1,21,0.045454545454545456,0.11052631578947368,4.1810918443424665,22,1,21,0.045454545454545456,0.11052631578947368,6.551374238727823,1,0,1,0.0,0.005263157894736842,4.649514723261289,2,0,2,0.0,0.010526315789473684,4.436799165164558,21,0,21,0.0,0.11052631578947368,4.24776179497926,22,1,21,0.045454545454545456,0.11052631578947368,1.640257
gaussian,gaussian,250,120,80,0.6,20,block_ar1,0.6,87,19,1,18,11,0,11,0.05263157894736842,0.09473684210526316,0.0,0.05789473684210526,24,2,22,12,0,12,0.08333333333333333,0.11578947368421053,0.0,0.06315789473684211,4.820151268894572,24,2,22,0.08333333333333333,0.11578947368421053,4.016352721473928,26,3,23,0.11538461538461539,0.12105263157894737,4.758103635206479,24,2,22,0.08333333333333333,0.11578947368421053,3.9646520240223024,26,3,23,0.11538461538461539,0.12105263157894737,4.577518296071735,5,0,5,0.0,0.02631578947368421,4.418380002890241,6,0,6,0.0,0.031578947368421054,4.820151268894572,24,2,22,0.08333333333333333,0.11578947368421053,4.820151268894572,24,2,22,0.08333333333333333,0.11578947368421053,1.699031
gaussian,gaussian,250,120,80,0.6,20,block_ar1,0.6,88,9,0,9,5,0,5,0.0,0.04736842105263158,0.0,0.02631578947368421,21,6,15,5,0,5,0.2857142857142857,0.07894736842105263,0.0,0.02631578947368421,4.356796709316417,23,5,18,0.21739130434782608,0.09473684210526316,3.9807394280880395,27,8,19,0.2962962962962963,0.1,4.311537719967517,23,5,18,0.21739130434782608,0.09473684210526316,3.9393869722823034,27,8,19,0.2962962962962963,0.1,4.832617003861755,2,0,2,0.0,0.010526315789473684,4.376917750269587,4,0,4,0.0,0.021052631578947368,4.356796709316417,23,5,18,0.21739130434782608,0.09473684210526316,4.102946605610318,25,7,18,0.28,0.09473684210526316,1.61984
gaussian,gaussian,250,120,80,0.6,20,block_ar1,0.6,89,18,2,16,10,0,10,0.1111111111111111,0.08421052631578947,0.0,0.05263157894736842,22,3,19,14,1,13,0.13636363636363635,0.1,0.07142857142857142,0.06842105263157895,4.133533090047051,24,2,22,0.08333333333333333,0.11578947368421053,3.9855144141919383,26,3,23,0.11538461538461539,0.12105263157894737,4.25580164687796,22,1,21,0.045454545454545456,0.11052631578947368,3.9725173707712367,25,3,22,0.12,0.11578947368421053,5.162117996778193,2,0,2,0.0,0.010526315789473684,4.537842079019554,3,0,3,0.0,0.015789473684210527,4.563873278464237,21,1,20,0.047619047619047616,0.10526315789473684,4.133533090047051,24,2,22,0.08333333333333333,0.11578947368421053,1.676503
gaussian,gaussian,250,120,80,0.6,20,block_ar1,0.6,90,15,0,15,8,0,8,0.0,0.07894736842105263,0.0,0.042105263157894736,17,1,16,9,0,9,0.058823529411764705,0.08421052631578947,0.0,0.04736842105263158,4.158824584962458,24,1,23,0.041666666666666664,0.12105263157894737,3.951671002851992,25,2,23,0.08,0.12105263157894737,4.185511045941403,23,0,23,0.0,0.12105263157894737,4.109230542206212,24,1,23,0.041666666666666664,0.12105263157894737,5.022114315337919,1,0,1,0.0,0.005263157894736842,4.386277302020656,4,0,4,0.0,0.021052631578947368,4.602967192068419,22,0,22,0.0,0.11578947368421053,4.158824584962458,24,1,23,0.041666666666666664,0.12105263157894737,1.837111
gaussian,gaussian,250,120,80,0.6,20,block_ar1,0.6,91,20,2,18,12,1,11,0.1,0.09473684210526316,0.08333333333333333,0.05789473684210526,21,2,19,13,1,12,0.09523809523809523,0.1,0.07692307692307693,0.06315789473684211,4.279455461029104,26,2,24,0.07692307692307693,0.12631578947368421,4.005506334722996,27,2,25,0.07407407407407407,0.13157894736842105,4.247547613368877,26,2,24,0.07692307692307693,0.12631578947368421,3.9756410663274524,27,2,25,0.07407407407407407,0.13157894736842105,4.4046643444057665,7,2,5,0.2857142857142857,0.02631578947368421,4.220798647984546,8,2,6,0.25,0.031578947368421054,4.498358864683339,23,2,21,0.08695652173913043,0.11052631578947368,4.279455461029104,26,2,24,0.07692307692307693,0.12631578947368421,1.640571
gaussian,gaussian,250,120,80,0.6,20,block_ar1,0.6,92,18,2,16,9,0,9,0.1111111111111111,0.08421052631578947,0.0,0.04736842105263158,22,5,17,12,1,11,0.22727272727272727,0.08947368421052632,0.08333333333333333,0.05789473684210526,4.3046461384065635,26,3,23,0.11538461538461539,0.12105263157894737,3.8753393253587145,34,10,24,0.29411764705882354,0.12631578947368421,4.224017560857274,26,3,23,0.11538461538461539,0.12105263157894737,3.914638842494695,29,6,23,0.20689655172413793,0.12105263157894737,4.42109829587431,9,1,8,0.1111111111111111,0.042105263157894736,4.087357474173586,14,4,10,0.2857142857142857,0.05263157894736842,4.42155266052993,25,3,22,0.12,0.11578947368421053,4.3046461384065635,26,3,23,0.11538461538461539,0.12105263157894737,1.691904
gaussian,gaussian,250,120,80,0.6,20,block_ar1,0.6,93,13,0,13,5,0,5,0.0,0.06842105263157895,0.0,0.02631578947368421,23,6,17,8,0,8,0.2608695652173913,0.08947368421052632,0.0,0.042105263157894736,4.12363509007098,24,4,20,0.16666666666666666,0.10526315789473684,3.9141390389321353,31,10,21,0.3225806451612903,0.11052631578947368,4.133054135819584,23,3,20,0.13043478260869565,0.10526315789473684,3.8915742253778776,31,10,21,0.3225806451612903,0.11052631578947368,4.756915657942521,3,0,3,0.0,0.015789473684210527,4.2517654677092525,7,1,6,0.14285714285714285,0.031578947368421054,4.5045729275974375,21,2,19,0.09523809523809523,0.1,4.12363509007098,24,4,20,0.16666666666666666,0.10526315789473684,1.599268
gaussian,gaussian,250,120,80,0.6,20,block_ar1,0.6,94,10,1,9,2,0,2,0.1,0.04736842105263158,0.0,0.010526315789473684,13,2,11,2,0,2,0.15384615384615385,0.05789473684210526,0.0,0.010526315789473684,4.256748120422102,17,1,16,0.058823529411764705,0.08421052631578947,3.976003915177383,22,3,19,0.13636363636363635,0.1,4.2239571019773186,17,1,16,0.058823529411764705,0.08421052631578947,4.053108966363157,21,3,18,0.14285714285714285,0.09473684210526316,4.670681860129001,2,1,1,0.5,0.005263157894736842,4.670681860129001,2,1,1,0.5,0.005263157894736842,4.607289202370849,15,1,14,0.06666666666666667,0.07368421052631578,4.106562617006954,20,2,18,0.1,0.09473684210526316,1.559879
gaussian,gaussian,250,120,80,0.6,20,block_ar1,0.6,95,9,0,9,7,0,7,0.0,0.04736842105263158,0.0,0.03684210526315789,11,0,11,7,0,7,0.0,0.05789473684210526,0.0,0.03684210526315789,4.187190933190344,20,3,17,0.15,0.08947368421052632,3.966228667677593,26,5,21,0.19230769230769232,0.11052631578947368,4.169401231737758,20,3,17,0.15,0.08947368421052632,3.9493777466146462,26,5,21,0.19230769230769232,0.11052631578947368,4.523253487051869,5,1,4,0.2,0.021052631578947368,4.523253487051869,5,1,4,0.2,0.021052631578947368,4.462877811276069,18,1,17,0.05555555555555555,0.08947368421052632,4.109273858548711,22,3,19,0.13636363636363635,0.1,1.748186
gaussian,gaussian,250,120,80,0.6,20,block_ar1,0.6,96,15,2,13,11,0,11,0.13333333333333333,0.06842105263157895,0.0,0.05789473684210526,16,3,13,12,1,11,0.1875,0.06842105263157895,0.08333333333333333,0.05789473684210526,4.201781883182423,20,4,16,0.2,0.08421052631578947,4.019724295799122,21,4,17,0.19047619047619047,0.08947368421052632,4.255229484574188,19,3,16,0.15789473684210525,0.08421052631578947,4.141514983907187,20,4,16,0.2,0.08421052631578947,5.096729850208074,2,0,2,0.0,0.010526315789473684,4.271066335139339,7,1,6,0.14285714285714285,0.031578947368421054,4.652476736165419,16,2,14,0.125,0.07368421052631578,4.201781883182423,20,4,16,0.2,0.08421052631578947,1.945884
gaussian,gaussian,250,120,80,0.6,20,block_ar1,0.6,97,14,0,14,11,0,11,0.0,0.07368421052631578,0.0,0.05789473684210526,16,1,15,13,0,13,0.0625,0.07894736842105263,0.0,0.06842105263157895,4.16505405477356,21,2,19,0.09523809523809523,0.1,3.978243359094405,24,4,20,0.16666666666666666,0.10526315789473684,4.4603414632495815,20,1,19,0.05,0.1,3.981294701866973,22,2,20,0.09090909090909091,0.10526315789473684,6.06878584356748,1,0,1,0.0,0.005263157894736842,4.2135291169141365,9,0,9,0.0,0.04736842105263158,4.520008087462279,20,1,19,0.05,0.1,4.16505405477356,21,2,19,0.09523809523809523,0.1,1.614175
gaussian,gaussian,250,120,80,0.6,20,block_ar1,0.6,98,24,4,20,13,0,13,0.16666666666666666,0.10526315789473684,0.0,0.06842105263157895,33,12,21,16,1,15,0.36363636363636365,0.11052631578947368,0.0625,0.07894736842105263,4.109522426674094,29,6,23,0.20689655172413793,0.12105263157894737,3.884082919624543,36,12,24,0.3333333333333333,0.12631578947368421,4.195561808765199,26,4,22,0.15384615384615385,0.11578947368421053,3.8864294795696437,34,12,22,0.35294117647058826,0.11578947368421053,4.702771496433256,2,0,2,0.0,0.010526315789473684,4.3096328634454935,7,2,5,0.2857142857142857,0.02631578947368421,4.765667349967091,26,4,22,0.15384615384615385,0.11578947368421053,4.034183269324845,31,8,23,0.25806451612903225,0.12105263157894737,1.71715
gaussian,gaussian,250,120,80,0.6,20,block_ar1,0.6,99,16,1,15,12,0,12,0.0625,0.07894736842105263,0.0,0.06315789473684211,19,2,17,12,0,12,0.10526315789473684,0.08947368421052632,0.0,0.06315789473684211,4.136524364230661,23,4,19,0.17391304347826086,0.1,4.041401525061382,25,5,20,0.2,0.10526315789473684,4.25828245427013,21,2,19,0.09523809523809523,0.1,3.999995503520742,24,4,20,0.16666666666666666,0.10526315789473684,4.344840286327468,10,0,10,0.0,0.05263157894736842,4.117045401260236,16,3,13,0.1875,0.06842105263157895,4.63907523861123,19,1,18,0.05263157894736842,0.09473684210526316,4.0979534821705705,24,4,20,0.16666666666666666,0.10526315789473684,1.667407
gaussian,gaussian,250,120,80,0.6,20,block_ar1,0.6,100,15,1,14,2,0,2,0.06666666666666667,0.07368421052631578,0.0,0.010526315789473684,16,1,15,5,0,5,0.0625,0.07894736842105263,0.0,0.02631578947368421,4.251035763271586,21,2,19,0.09523809523809523,0.1,4.059397308191265,22,2,20,0.09090909090909091,0.10526315789473684,4.224525444634998,21,2,19,0.09523809523809523,0.1,4.03408208571244,22,2,20,0.09090909090909091,0.10526315789473684,4.537558076050735,4,1,3,0.25,0.015789473684210527,4.235455232604805,11,3,8,0.2727272727272727,0.042105263157894736,4.968177884596444,16,0,16,0.0,0.08421052631578947,4.251035763271586,21,2,19,0.09523809523809523,0.1,1.693073
gaussian,gaussian,250,120,80,0.6,20,block_ar1,0.6,101,10,0,10,6,0,6,0.0,0.05263157894736842,0.0,0.031578947368421054,11,0,11,7,0,7,0.0,0.05789473684210526,0.0,0.03684210526315789,4.391474452849239,17,1,16,0.058823529411764705,0.08421052631578947,4.132337650753452,19,1,18,0.05263157894736842,0.09473684210526316,4.350557428336335,17,1,16,0.058823529411764705,0.08421052631578947,4.093835101605802,19,1,18,0.05263157894736842,0.09473684210526316,4.861473845178474,3,0,3,0.0,0.015789473684210527,4.861473845178474,3,0,3,0.0,0.015789473684210527,4.640242568642586,16,1,15,0.0625,0.07894736842105263,4.391474452849239,17,1,16,0.058823529411764705,0.08421052631578947,1.638474
gaussian,gaussian,250,120,80,0.6,20,block_ar1,0.6,102,20,1,19,14,0,14,0.05,0.1,0.0,0.07368421052631578,21,1,20,16,0,16,0.047619047619047616,0.10526315789473684,0.0,0.08421052631578947,4.210530131295164,24,1,23,0.041666666666666664,0.12105263157894737,3.9841280945437405,28,2,26,0.07142857142857142,0.1368421052631579,4.160740019833902,24,1,23,0.041666666666666664,0.12105263157894737,3.93701521903458,27,2,25,0.07407407407407407,0.13157894736842105,4.425371393320569,9,0,9,0.0,0.04736842105263158,4.12972146264314,13,1,12,0.07692307692307693,0.06315789473684211,4.460538035406956,23,0,23,0.0,0.12105263157894737,4.210530131295164,24,1,23,0.041666666666666664,0.12105263157894737,1.834875
gaussian,gaussian,250,120,80,0.6,20,block_ar1,0.6,103,16,0,16,13,0,13,0.0,0.08421052631578947,0.0,0.06842105263157895,18,0,18,14,0,14,0.0,0.09473684210526316,0.0,0.07368421052631578,4.4179155059073185,22,1,21,0.045454545454545456,0.11052631578947368,3.8941605176918337,31,8,23,0.25806451612903225,0.12105263157894737,4.3651181807617,22,1,21,0.045454545454545456,0.11052631578947368,3.9466569014292667,25,3,22,0.12,0.11578947368421053,4.590974300360338,5,1,4,0.2,0.021052631578947368,4.280995234348945,9,1,8,0.1111111111111111,0.042105263157894736,4.4179155059073185,22,1,21,0.045454545454545456,0.11052631578947368,4.063375758164215,24,2,22,0.08333333333333333,0.11578947368421053,1.614546
gaussian,gaussian,250,120,80,0.6,20,block_ar1,0.6,104,14,0,14,12,0,12,0.0,0.07368421052631578,0.0,0.06315789473684211,16,1,15,12,0,12,0.0625,0.07894736842105263,0.0,0.06315789473684211,4.294020572115421,18,0,18,0.0,0.09473684210526316,4.013122644975936,20,1,19,0.05,0.1,4.268546426077335,18,0,18,0.0,0.09473684210526316,4.127868823580645,19,0,19,0.0,0.1,4.396908058129063,7,1,6,0.14285714285714285,0.031578947368421054,4.1503973369786795,11,2,9,0.18181818181818182,0.04736842105263158,4.656234018466919,16,0,16,0.0,0.08421052631578947,4.152503423451821,19,0,19,0.0,0.1,1.618792
gaussian,gaussian,250,120,80,0.6,20,block_ar1,0.6,105,15,1,14,11,0,11,0.06666666666666667,0.07368421052631578,0.0,0.05789473684210526,16,1,15,11,0,11,0.0625,0.07894736842105263,0.0,0.05789473684210526,4.130558440694662,24,3,21,0.125,0.11052631578947368,4.130558440694662,24,3,21,0.125,0.11052631578947368,4.189418541748953,21,2,19,0.09523809523809523,0.1,4.072920485277449,24,3,21,0.125,0.11052631578947368,5.139645861806268,1,0,1,0.0,0.005263157894736842,4.284497662816095,6,0,6,0.0,0.031578947368421054,4.629552910987988,20,1,19,0.05,0.1,4.130558440694662,24,3,21,0.125,0.11052631578947368,1.772093
gaussian,gaussian,250,120,80,0.6,20,block_ar1,0.6,106,18,2,16,8,0,8,0.1111111111111111,0.08421052631578947,0.0,0.042105263157894736,23,6,17,11,0,11,0.2608695652173913,0.08947368421052632,0.0,0.05789473684210526,4.1372846197002175,23,2,21,0.08695652173913043,0.11052631578947368,3.9724093752719978,27,6,21,0.2222222222222222,0.11052631578947368,4.15411557732052,21,1,20,0.047619047619047616,0.10526315789473684,3.933003613722957,27,6,21,0.2222222222222222,0.11052631578947368,4.494475392516696,5,1,4,0.2,0.021052631578947368,4.119146620568939,16,5,11,0.3125,0.05789473684210526,4.6009792838004575,19,0,19,0.0,0.1,4.1372846197002175,23,2,21,0.08695652173913043,0.11052631578947368,1.635262
gaussian,gaussian,250,120,80,0.6,20,block_ar1,0.6,107,17,3,14,10,0,10,0.17647058823529413,0.07368421052631578,0.0,0.05263157894736842,21,4,17,12,0,12,0.19047619047619047,0.08947368421052632,0.0,0.06315789473684211,4.45163902221325,22,3,19,0.13636363636363635,0.1,4.048825383174424,23,4,19,0.17391304347826086,0.1,4.404354082123913,22,3,19,0.13636363636363635,0.1,4.0058190961146956,23,4,19,0.17391304347826086,0.1,4.436848786146905,7,1,6,0.14285714285714285,0.031578947368421054,4.2211717226814995,9,2,7,0.2222222222222222,0.03684210526315789,4.45163902221325,22,3,19,0.13636363636363635,0.1,4.45163902221325,22,3,19,0.13636363636363635,0.1,1.612052
gaussian,gaussian,250,120,80,0.6,20,block_ar1,0.6,108,16,1,15,8,0,8,0.0625,0.07894736842105263,0.0,0.042105263157894736,18,1,17,10,0,10,0.05555555555555555,0.08947368421052632,0.0,0.05263157894736842,4.262856835817524,24,1,23,0.041666666666666664,0.12105263157894737,4.02000307284586,25,1,24,0.04,0.12631578947368421,4.220523242431329,24,1,23,0.041666666666666664,0.12105263157894737,3.9800812124476397,25,1,24,0.04,0.12631578947368421,5.948737047074936,1,0,1,0.0,0.005263157894736842,4.610975267285517,2,0,2,0.0,0.010526315789473684,4.581306635717883,23,0,23,0.0,0.12105263157894737,4.262856835817524,24,1,23,0.041666666666666664,0.12105263157894737,1.852089
gaussian,gaussian,250,120,80,0.6,20,block_ar1,0.6,109,16,0,16,8,0,8,0.0,0.08421052631578947,0.0,0.042105263157894736,17,1,16,9,0,9,0.058823529411764705,0.08421052631578947,0.0,0.04736842105263158,4.269070636311698,21,1,20,0.047619047619047616,0.10526315789473684,4.021192127190219,23,2,21,0.08695652173913043,0.11052631578947368,4.231993552318826,21,1,20,0.047619047619047616,0.10526315789473684,3.98626787998214,23,2,21,0.08695652173913043,0.11052631578947368,4.763548067809267,2,0,2,0.0,0.010526315789473684,4.284284614940053,6,1,5,0.16666666666666666,0.02631578947368421,4.477681050957216,18,0,18,0.0,0.09473684210526316,4.269070636311698,21,1,20,0.047619047619047616,0.10526315789473684,1.634759
gaussian,gaussian,250,120,80,0.6,20,block_ar1,0.6,110,17,0,17,9,0,9,0.0,0.08947368421052632,0.0,0.04736842105263158,20,1,19,13,0,13,0.05,0.1,0.0,0.06842105263157895,4.242008482231997,24,2,22,0.08333333333333333,0.11578947368421053,4.242008482231997,24,2,22,0.08333333333333333,0.11578947368421053,4.192120459148774,23,1,22,0.043478260869565216,0.11578947368421053,4.192120459148774,23,1,22,0.043478260869565216,0.11578947368421053,5.195592119626724,2,0,2,0.0,0.010526315789473684,4.444619788675534,3,0,3,0.0,0.015789473684210527,4.318667587686282,23,2,21,0.08695652173913043,0.11052631578947368,4.242008482231997,24,2,22,0.08333333333333333,0.11578947368421053,1.675691
gaussian,gaussian,250,120,80,0.6,20,block_ar1,0.6,111,18,2,16,11,0,11,0.1111111111111111,0.08421052631578947,0.0,0.05789473684210526,20,4,16,12,0,12,0.2,0.08421052631578947,0.0,0.06315789473684211,4.300826298400194,21,3,18,0.14285714285714285,0.09473684210526316,3.964434001956734,25,6,19,0.24,0.1,4.257015195056771,21,3,18,0.14285714285714285,0.09473684210526316,4.044224605515499,24,5,19,0.20833333333333334,0.1,4.500830162241915,5,0,5,0.0,0.02631578947368421,4.110647427170755,14,3,11,0.21428571428571427,0.05789473684210526,4.512126153835864,20,3,17,0.15,0.08947368421052632,4.114799995114223,23,4,19,0.17391304347826086,0.1,1.660202
gaussian,gaussian,250,120,80,0.6,20,block_ar1,0.6,112,12,1,11,6,0,6,0.08333333333333333,0.05789473684210526,0.0,0.031578947368421054,14,2,12,8,0,8,0.14285714285714285,0.06315789473684211,0.0,0.042105263157894736,4.215776875441369,18,2,16,0.1111111111111111,0.08421052631578947,4.055147349739047,19,3,16,0.15789473684210525,0.08421052631578947,4.200265924482658,18,2,16,0.1111111111111111,0.08421052631578947,4.040227397016084,19,3,16,0.15789473684210525,0.08421052631578947,5.3009191596299035,1,0,1,0.0,0.005263157894736842,4.544897821239956,2,1,1,0.5,0.005263157894736842,4.80635476919924,14,0,14,0.0,0.07368421052631578,4.215776875441369,18,2,16,0.1111111111111111,0.08421052631578947,1.71306
gaussian,gaussian,250,120,80,0.6,20,block_ar1,0.6,113,17,1,16,8,0,8,0.058823529411764705,0.08421052631578947,0.0,0.042105263157894736,19,2,17,9,0,9,0.10526315789473684,0.08947368421052632,0.0,0.04736842105263158,4.161240563430154,23,3,20,0.13043478260869565,0.10526315789473684,4.033536923687891,24,3,21,0.125,0.11052631578947368,4.2472221747944685,21,1,20,0.047619047619047616,0.10526315789473684,4.077374907566008,22,2,20,0.09090909090909091,0.10526315789473684,4.842455351028236,4,0,4,0.0,0.021052631578947368,4.210130179616622,10,1,9,0.1,0.04736842105263158,4.601515837391152,19,0,19,0.0,0.1,4.161240563430154,23,3,20,0.13043478260869565,0.10526315789473684,1.635897
gaussian,gaussian,250,120,80,0.6,20,block_ar1,0.6,114,15,1,14,8,0,8,0.06666666666666667,0.07368421052631578,0.0,0.042105263157894736,22,5,17,9,0,9,0.22727272727272727,0.08947368421052632,0.0,0.04736842105263158,4.144799343695199,23,2,21,0.08695652173913043,0.11052631578947368,3.9205393596054687,28,6,22,0.21428571428571427,0.11578947368421053,4.594445362156596,20,1,19,0.05,0.1,4.004717374726809,25,4,21,0.16,0.11052631578947368,4.687962816992771,2,0,2,0.0,0.010526315789473684,4.332999006752628,6,1,5,0.16666666666666666,0.02631578947368421,4.658602794703145,20,1,19,0.05,0.1,4.144799343695199,23,2,21,0.08695652173913043,0.11052631578947368,1.685085
gaussian,gaussian,250,120,80,0.6,20,block_ar1,0.6,115,20,2,18,13,0,13,0.1,0.09473684210526316,0.0,0.06842105263157895,26,5,21,15,0,15,0.19230769230769232,0.11052631578947368,0.0,0.07894736842105263,4.153499944828063,30,4,26,0.13333333333333333,0.1368421052631579,3.843828551770582,39,9,30,0.23076923076923078,0.15789473684210525,4.105847805909866,30,4,26,0.13333333333333333,0.1368421052631579,3.859780412568623,37,8,29,0.21621621621621623,0.15263157894736842,4.629473839814234,4,0,4,0.0,0.021052631578947368,4.134051359127929,13,4,9,0.3076923076923077,0.04736842105263158,4.506384967441136,26,1,25,0.038461538461538464,0.13157894736842105,4.0406612620558,32,5,27,0.15625,0.14210526315789473,1.871149
gaussian,gaussian,250,120,80,0.6,20,block_ar1,0.6,116,18,0,18,13,0,13,0.0,0.09473684210526316,0.0,0.06842105263157895,21,1,20,13,0,13,0.047619047619047616,0.10526315789473684,0.0,0.06842105263157895,4.240645036737078,23,2,21,0.08695652173913043,0.11052631578947368,4.06491063009498,24,3,21,0.125,0.11052631578947368,4.178958049655828,23,2,21,0.08695652173913043,0.11052631578947368,4.005779981961778,24,3,21,0.125,0.11052631578947368,4.474822061844861,5,0,5,0.0,0.02631578947368421,4.200115022182945,9,1,8,0.1111111111111111,0.042105263157894736,4.442975940778719,22,2,20,0.09090909090909091,0.10526315789473684,4.240645036737078,23,2,21,0.08695652173913043,0.11052631578947368,1.639176
gaussian,gaussian,250,120,80,0.6,20,block_ar1,0.6,117,17,0,17,14,0,14,0.0,0.08947368421052632,0.0,0.07368421052631578,18,0,18,15,0,15,0.0,0.09473684210526316,0.0,0.07894736842105263,4.093398985437047,27,3,24,0.1111111111111111,0.12631578947368421,3.8915825421098886,31,6,25,0.1935483870967742,0.13157894736842105,4.266068111253423,24,3,21,0.125,0.11052631578947368,4.042155919476604,27,3,24,0.1111111111111111,0.12631578947368421,4.703643067719308,5,0,5,0.0,0.02631578947368421,4.187787360232119,10,1,9,0.1,0.04736842105263158,4.377897552619314,24,3,21,0.125,0.11052631578947368,4.077380819534113,28,3,25,0.10714285714285714,0.13157894736842105,1.596161
gaussian,gaussian,250,120,80,0.6,20,block_ar1,0.6,118,11,0,11,9,0,9,0.0,0.05789473684210526,0.0,0.04736842105263158,14,0,14,11,0,11,0.0,0.07368421052631578,0.0,0.05789473684210526,4.180988937132778,21,1,20,0.047619047619047616,0.10526315789473684,4.098525945057865,22,2,20,0.09090909090909091,0.10526315789473684,4.375730467438863,20,0,20,0.0,0.10526315789473684,4.058660229231325,22,2,20,0.09090909090909091,0.10526315789473684,5.001376788250431,1,0,1,0.0,0.005263157894736842,5.001376788250431,1,0,1,0.0,0.005263157894736842,4.568901526411354,19,0,19,0.0,0.1,4.180988937132778,21,1,20,0.047619047619047616,0.10526315789473684,1.76149
gaussian,gaussian,250,120,80,0.6,20,block_ar1,0.6,119,18,1,17,11,0,11,0.05555555555555555,0.08947368421052632,0.0,0.05789473684210526,18,1,17,12,0,12,0.05555555555555555,0.08947368421052632,0.0,0.06315789473684211,4.139065227302141,23,3,20,0.13043478260869565,0.10526315789473684,4.139065227302141,23,3,20,0.13043478260869565,0.10526315789473684,4.157417074513202,22,3,19,0.13636363636363635,0.1,4.108478257457738,23,3,20,0.13043478260869565,0.10526315789473684,4.393332671440786,7,0,7,0.0,0.03684210526315789,4.15887663202483,10,0,10,0.0,0.05263157894736842,4.434687909832047,21,2,19,0.09523809523809523,0.1,4.139065227302141,23,3,20,0.13043478260869565,0.10526315789473684,1.559094
gaussian,gaussian,250,120,80,0.6,20,block_ar1,0.6,120,19,1,18,12,0,12,0.05263157894736842,0.09473684210526316,0.0,0.06315789473684211,22,4,18,17,1,16,0.18181818181818182,0.09473684210526316,0.058823529411764705,0.08421052631578947,4.270278911813478,26,2,24,0.07692307692307693,0.12631578947368421,3.8751075692665675,35,8,27,0.22857142857142856,0.14210526315789473,4.382946858601105,25,1,24,0.04,0.12631578947368421,3.8885097173652117,32,5,27,0.15625,0.14210526315789473,4.396927523716464,8,0,8,0.0,0.042105263157894736,4.141053022306942,12,1,11,0.08333333333333333,0.05789473684210526,4.270278911813478,26,2,24,0.07692307692307693,0.12631578947368421,3.9713616992806764,31,5,26,0.16129032258064516,0.1368421052631579,1.766013
gaussian,gaussian,250,120,80,0.6,20,block_ar1,0.6,121,14,0,14,8,0,8,0.0,0.07368421052631578,0.0,0.042105263157894736,19,1,18,9,0,9,0.05263157894736842,0.09473684210526316,0.0,0.04736842105263158,4.542028865301832,21,0,21,0.0,0.11052631578947368,4.015851350242331,24,3,21,0.125,0.11052631578947368,4.502809109535515,21,0,21,0.0,0.11052631578947368,3.9811750604561635,24,3,21,0.125,0.11052631578947368,4.502531825806297,5,0,5,0.0,0.02631578947368421,4.293361023388576,7,0,7,0.0,0.03684210526315789,4.542028865301832,21,0,21,0.0,0.11052631578947368,4.542028865301832,21,0,21,0.0,0.11052631578947368,1.849468
gaussian,gaussian,250,120,80,0.6,20,block_ar1,0.6,122,17,0,17,12,0,12,0.0,0.08947368421052632,0.0,0.06315789473684211,20,1,19,12,0,12,0.05,0.1,0.0,0.06315789473684211,4.273263583487015,22,1,21,0.045454545454545456,0.11052631578947368,3.96029777065874,24,2,22,0.08333333333333333,0.11578947368421053,4.26898341814797,21,1,20,0.047619047619047616,0.10526315789473684,4.051192708016931,22,2,20,0.09090909090909091,0.10526315789473684,4.5408272039123245,4,0,4,0.0,0.021052631578947368,4.5408272039123245,4,0,4,0.0,0.021052631578947368,4.55495202969198,20,1,19,0.05,0.1,4.092001044174221,23,2,21,0.08695652173913043,0.11052631578947368,1.551012
gaussian,gaussian,250,120,80,0.6,20,block_ar1,0.6,123,18,0,18,15,0,15,0.0,0.09473684210526316,0.0,0.07894736842105263,22,1,21,16,0,16,0.045454545454545456,0.11052631578947368,0.0,0.08421052631578947,4.1045520562582,26,2,24,0.07692307692307693,0.12631578947368421,4.1045520562582,26,2,24,0.07692307692307693,0.12631578947368421,4.262068266846968,25,2,23,0.08,0.12105263157894737,4.262068266846968,25,2,23,0.08,0.12105263157894737,4.937419082486426,1,0,1,0.0,0.005263157894736842,4.204481926219865,11,0,11,0.0,0.05789473684210526,4.513758316190418,24,2,22,0.08333333333333333,0.11578947368421053,4.1045520562582,26,2,24,0.07692307692307693,0.12631578947368421,1.655214
gaussian,gaussian,250,120,80,0.6,20,block_ar1,0.6,124,22,1,21,17,0,17,0.045454545454545456,0.11052631578947368,0.0,0.08947368421052632,22,1,21,19,0,19,0.045454545454545456,0.11052631578947368,0.0,0.1,4.269359172509818,26,1,25,0.038461538461538464,0.13157894736842105,4.269359172509818,26,1,25,0.038461538461538464,0.13157894736842105,4.198554758042275,26,1,25,0.038461538461538464,0.13157894736842105,4.198554758042275,26,1,25,0.038461538461538464,0.13157894736842105,4.314941881861005,12,1,11,0.08333333333333333,0.05789473684210526,4.165458709121709,15,1,14,0.06666666666666667,0.07368421052631578,4.431670959338899,24,0,24,0.0,0.12631578947368421,4.269359172509818,26,1,25,0.038461538461538464,0.13157894736842105,1.675366
gaussian,gaussian,250,120,80,0.6,20,block_ar1,0.6,125,13,0,13,5,0,5,0.0,0.06842105263157895,0.0,0.02631578947368421,13,0,13,9,0,9,0.0,0.06842105263157895,0.0,0.04736842105263158,4.230348991798127,19,1,18,0.05263157894736842,0.09473684210526316,4.230348991798127,19,1,18,0.05263157894736842,0.09473684210526316,4.174223050283201,19,1,18,0.05263157894736842,0.09473684210526316,4.174223050283201,19,1,18,0.05263157894736842,0.09473684210526316,4.932337118278821,2,0,2,0.0,0.010526315789473684,4.430798995530289,3,0,3,0.0,0.015789473684210527,4.443706504499632,18,1,17,0.05555555555555555,0.08947368421052632,4.230348991798127,19,1,18,0.05263157894736842,0.09473684210526316,1.697783
gaussian,gaussian,250,120,80,0.6,20,block_ar1,0.6,126,15,0,15,13,0,13,0.0,0.07894736842105263,0.0,0.06842105263157895,17,1,16,14,0,14,0.058823529411764705,0.08421052631578947,0.0,0.07368421052631578,4.165075517839137,21,1,20,0.047619047619047616,0.10526315789473684,4.165075517839137,21,1,20,0.047619047619047616,0.10526315789473684,4.3114697084027425,20,0,20,0.0,0.10526315789473684,4.133483434865726,21,1,20,0.047619047619047616,0.10526315789473684,4.72615904896774,4,0,4,0.0,0.021052631578947368,4.21004933764382,9,0,9,0.0,0.04736842105263158,4.674742675442612,19,0,19,0.0,0.1,4.165075517839137,21,1,20,0.047619047619047616,0.10526315789473684,1.68869
gaussian,gaussian,250,120,80,0.6,20,block_ar1,0.6,127,19,1,18,16,0,16,0.05263157894736842,0.09473684210526316,0.0,0.08421052631578947,21,2,19,16,0,16,0.09523809523809523,0.1,0.0,0.08421052631578947,4.129613307330105,25,3,22,0.12,0.11578947368421053,4.129613307330105,25,3,22,0.12,0.11578947368421053,4.172857088740497,24,2,22,0.08333333333333333,0.11578947368421053,4.096346247601666,25,3,22,0.12,0.11578947368421053,4.412178380156698,8,0,8,0.0,0.042105263157894736,4.305794607238678,10,0,10,0.0,0.05263157894736842,4.752342508389189,20,0,20,0.0,0.10526315789473684,4.129613307330105,25,3,22,0.12,0.11578947368421053,1.818652
gaussian,gaussian,250,120,80,0.6,20,block_ar1,0.6,128,15,2,13,13,1,12,0.13333333333333333,0.06842105263157895,0.07692307692307693,0.06315789473684211,16,2,14,13,1,12,0.125,0.07368421052631578,0.07692307692307693,0.06315789473684211,4.257754922149608,25,3,22,0.12,0.11578947368421053,3.9532040286025674,27,3,24,0.1111111111111111,0.12631578947368421,4.207162416163528,24,3,21,0.125,0.11052631578947368,4.026769145675529,25,3,22,0.12,0.11578947368421053,4.69839353756275,6,1,5,0.16666666666666666,0.02631578947368421,4.225770134790498,9,2,7,0.2222222222222222,0.03684210526315789,4.779087502253959,19,1,18,0.05263157894736842,0.09473684210526316,4.257754922149608,25,3,22,0.12,0.11578947368421053,1.666231
gaussian,gaussian,250,120,80,0.6,20,block_ar1,0.6,129,17,0,17,7,0,7,0.0,0.08947368421052632,0.0,0.03684210526315789,19,1,18,12,0,12,0.05263157894736842,0.09473684210526316,0.0,0.06315789473684211,4.415058185517375,22,0,22,0.0,0.11578947368421053,4.415058185517375,22,0,22,0.0,0.11578947368421053,4.381189712985909,22,0,22,0.0,0.11578947368421053,4.381189712985909,22,0,22,0.0,0.11578947368421053,4.512224332332449,4,0,4,0.0,0.021052631578947368,4.512224332332449,4,0,4,0.0,0.021052631578947368,4.415058185517375,22,0,22,0.0,0.11578947368421053,4.415058185517375,22,0,22,0.0,0.11578947368421053,1.661427
gaussian,gaussian,250,120,80,0.6,20,block_ar1,0.6,130,14,0,14,5,0,5,0.0,0.07368421052631578,0.0,0.02631578947368421,15,1,14,6,0,6,0.06666666666666667,0.07368421052631578,0.0,0.031578947368421054,4.2733098963295415,22,2,20,0.09090909090909091,0.10526315789473684,4.2733098963295415,22,2,20,0.09090909090909091,0.10526315789473684,4.199044937327959,22,2,20,0.09090909090909091,0.10526315789473684,4.199044937327959,22,2,20,0.09090909090909091,0.10526315789473684,4.555384377682316,4,0,4,0.0,0.021052631578947368,4.37720310840711,5,0,5,0.0,0.02631578947368421,4.5867332903970865,20,2,18,0.1,0.09473684210526316,4.2733098963295415,22,2,20,0.09090909090909091,0.10526315789473684,1.721582
gaussian,gaussian,250,120,80,0.6,20,block_ar1,0.6,131,16,1,15,11,0,11,0.0625,0.07894736842105263,0.0,0.05789473684210526,20,2,18,12,0,12,0.1,0.09473684210526316,0.0,0.06315789473684211,4.203658605041425,26,2,24,0.07692307692307693,0.12631578947368421,3.9630874069979596,29,5,24,0.1724137931034483,0.12631578947368421,4.185721814348743,26,2,24,0.07692307692307693,0.12631578947368421,3.9461771209840397,29,5,24,0.1724137931034483,0.12631578947368421,inf,0,0,0,0.0,0.0,inf,0,0,0,0.0,0.0,4.441531423149979,23,1,22,0.043478260869565216,0.11578947368421053,3.9630874069979596,29,5,24,0.1724137931034483,0.12631578947368421,1.727129
gaussian,gaussian,250,120,80,0.6,20,block_ar1,0.6,132,14,0,14,11,0,11,0.0,0.07368421052631578,0.0,0.05789473684210526,16,2,14,12,0,12,0.125,0.07368421052631578,0.0,0.06315789473684211,4.210287498047122,18,0,18,0.0,0.09473684210526316,4.051879677101377,21,2,19,0.09523809523809523,0.1,4.211016440756124,17,0,17,0.0,0.08947368421052632,4.021092867806957,21,2,19,0.09523809523809523,0.1,4.423884554299764,7,1,6,0.14285714285714285,0.031578947368421054,4.145114923594671,13,3,10,0.23076923076923078,0.05263157894736842,4.640939972725874,15,0,15,0.0,0.07894736842105263,4.164591314632518,19,1,18,0.05263157894736842,0.09473684210526316,1.665964
gaussian,gaussian,250,120,80,0.6,20,block_ar1,0.6,133,11,1,10,4,0,4,0.09090909090909091,0.05263157894736842,0.0,0.021052631578947368,15,2,13,4,0,4,0.13333333333333333,0.06842105263157895,0.0,0.021052631578947368,4.165304304316941,20,2,18,0.1,0.09473684210526316,3.9294050941426533,28,5,23,0.17857142857142858,0.12105263157894737,4.315461856214846,19,1,18,0.05263157894736842,0.09473684210526316,3.9619777141854526,26,4,22,0.15384615384615385,0.11578947368421053,4.853368860312242,1,0,1,0.0,0.005263157894736842,4.388973357507264,4,1,3,0.25,0.015789473684210527,4.6717120653232564,16,0,16,0.0,0.08421052631578947,4.351385133081099,19,1,18,0.05263157894736842,0.09473684210526316,1.804578
gaussian,gaussian,250,120,80,0.6,20,block_ar1,0.6,134,17,0,17,16,0,16,0.0,0.08947368421052632,0.0,0.08421052631578947,19,1,18,17,0,17,0.05263157894736842,0.09473684210526316,0.0,0.08947368421052632,4.102906652294991,26,1,25,0.038461538461538464,0.13157894736842105,4.059056348132312,27,1,26,0.037037037037037035,0.1368421052631579,4.211274746345891,25,0,25,0.0,0.13157894736842105,4.008109501991918,27,1,26,0.037037037037037035,0.1368421052631579,4.361581049670316,9,0,9,0.0,0.04736842105263158,4.361581049670316,9,0,9,0.0,0.04736842105263158,4.3888613111662576,24,0,24,0.0,0.12631578947368421,4.102906652294991,26,1,25,0.038461538461538464,0.13157894736842105,1.617338
gaussian,gaussian,250,120,80,0.6,20,block_ar1,0.6,135,17,3,14,9,0,9,0.17647058823529413,0.07368421052631578,0.0,0.04736842105263158,21,5,16,10,0,10,0.23809523809523808,0.08421052631578947,0.0,0.05263157894736842,4.092986818454721,28,4,24,0.14285714285714285,0.12631578947368421,3.9806105671684273,30,6,24,0.2,0.12631578947368421,4.131978533489071,27,4,23,0.14814814814814814,0.12105263157894737,3.9467834874239474,30,6,24,0.2,0.12631578947368421,4.497473529740843,5,3,2,0.6,0.010526315789473684,4.194082959568528,10,4,6,0.4,0.031578947368421054,4.351585781046986,26,3,23,0.11538461538461539,0.12105263157894737,3.9806105671684273,30,6,24,0.2,0.12631578947368421,1.761636
gaussian,gaussian,250,120,80,0.6,20,block_ar1,0.6,136,17,1,16,9,0,9,0.058823529411764705,0.08421052631578947,0.0,0.04736842105263158,23,5,18,11,0,11,0.21739130434782608,0.09473684210526316,0.0,0.05789473684210526,4.181157862673929,22,1,21,0.045454545454545456,0.11052631578947368,3.950380905627881,27,5,22,0.18518518518518517,0.11578947368421053,4.146271323704617,22,1,21,0.045454545454545456,0.11052631578947368,3.952517212302525,26,5,21,0.19230769230769232,0.11052631578947368,4.630209748350323,6,0,6,0.0,0.031578947368421054,4.264768182142598,7,1,6,0.14285714285714285,0.031578947368421054,4.3279248302711775,20,0,20,0.0,0.10526315789473684,4.056777074438379,25,4,21,0.16,0.11052631578947368,1.688991
gaussian,gaussian,250,120,80,0.6,20,block_ar1,0.6,137,20,3,17,8,1,7,0.15,0.08947368421052632,0.125,0.03684210526315789,24,6,18,15,1,14,0.25,0.09473684210526316,0.06666666666666667,0.07368421052631578,4.164895711476456,26,4,22,0.15384615384615385,0.11578947368421053,3.8783034829393483,33,9,24,0.2727272727272727,0.12631578947368421,4.1079123821686165,26,4,22,0.15384615384615385,0.11578947368421053,3.9231697541360293,30,7,23,0.23333333333333334,0.12105263157894737,4.779087440041647,3,1,2,0.3333333333333333,0.010526315789473684,4.389828333260256,4,1,3,0.25,0.015789473684210527,4.711830980860151,23,2,21,0.08695652173913043,0.11052631578947368,4.164895711476456,26,4,22,0.15384615384615385,0.11578947368421053,1.554429
gaussian,gaussian,250,120,80,0.6,20,block_ar1,0.6,138,15,0,15,7,0,7,0.0,0.07894736842105263,0.0,0.03684210526315789,15,0,15,11,0,11,0.0,0.07894736842105263,0.0,0.05789473684210526,4.170766941350448,23,2,21,0.08695652173913043,0.11052631578947368,3.9786173871049346,24,3,21,0.125,0.11052631578947368,4.223474066657273,22,2,20,0.09090909090909091,0.10526315789473684,4.117004789238158,23,2,21,0.08695652173913043,0.11052631578947368,4.573701611004556,3,0,3,0.0,0.015789473684210527,4.573701611004556,3,0,3,0.0,0.015789473684210527,4.632712178735496,20,1,19,0.05,0.1,4.170766941350448,23,2,21,0.08695652173913043,0.11052631578947368,1.787905
gaussian,gaussian,250,120,80,0.6,20,block_ar1,0.6,139,12,1,11,6,1,5,0.08333333333333333,0.05789473684210526,0.16666666666666666,0.02631578947368421,14,3,11,7,1,6,0.21428571428571427,0.05789473684210526,0.14285714285714285,0.031578947368421054,4.192007496814908,20,4,16,0.2,0.08421052631578947,3.9833310665871804,22,5,17,0.22727272727272727,0.08947368421052632,4.2165274199991165,19,3,16,0.15789473684210525,0.08421052631578947,4.039982549525285,21,5,16,0.23809523809523808,0.08421052631578947,4.4757853378445,5,1,4,0.2,0.021052631578947368,4.4757853378445,5,1,4,0.2,0.021052631578947368,4.628346714836528,17,2,15,0.11764705882352941,0.07894736842105263,4.192007496814908,20,4,16,0.2,0.08421052631578947,1.818861
gaussian,gaussian,250,120,80,0.6,20,block_ar1,0.6,140,13,3,10,5,0,5,0.23076923076923078,0.05263157894736842,0.0,0.02631578947368421,15,3,12,7,0,7,0.2,0.06315789473684211,0.0,0.03684210526315789,4.2250982346849355,23,4,19,0.17391304347826086,0.1,3.9844172545473584,24,5,19,0.20833333333333334,0.1,4.17899638487941,23,4,19,0.17391304347826086,0.1,4.17899638487941,23,4,19,0.17391304347826086,0.1,4.808363042414697,3,0,3,0.0,0.015789473684210527,4.808363042414697,3,0,3,0.0,0.015789473684210527,4.474256361192703,18,2,16,0.1111111111111111,0.08421052631578947,4.2250982346849355,23,4,19,0.17391304347826086,0.1,1.600849
gaussian,gaussian,250,120,80,0.6,20,block_ar1,0.6,141,18,3,15,11,0,11,0.16666666666666666,0.07894736842105263,0.0,0.05789473684210526,20,4,16,11,0,11,0.2,0.08421052631578947,0.0,0.05789473684210526,4.1259724569092375,28,9,19,0.32142857142857145,0.1,3.9638168339591893,31,10,21,0.3225806451612903,0.11052631578947368,4.101007474561657,27,8,19,0.2962962962962963,0.1,3.9186034158506633,31,10,21,0.3225806451612903,0.11052631578947368,4.6913533573722,4,0,4,0.0,0.021052631578947368,4.334462395345842,6,1,5,0.16666666666666666,0.02631578947368421,4.37748892100642,23,5,18,0.21739130434782608,0.09473684210526316,4.1259724569092375,28,9,19,0.32142857142857145,0.1,1.770545
gaussian,gaussian,250,120,80,0.6,20,block_ar1,0.6,142,19,2,17,10,0,10,0.10526315789473684,0.08947368421052632,0.0,0.05263157894736842,23,5,18,12,1,11,0.21739130434782608,0.09473684210526316,0.08333333333333333,0.05789473684210526,4.320076828934752,23,2,21,0.08695652173913043,0.11052631578947368,3.9730063707797583,26,5,21,0.19230769230769232,0.11052631578947368,4.263939646032739,23,2,21,0.08695652173913043,0.11052631578947368,3.964341084599861,25,4,21,0.16,0.11052631578947368,4.336530161315931,11,2,9,0.18181818181818182,0.04736842105263158,4.138462360745853,14,4,10,0.2857142857142857,0.05263157894736842,4.8664373316491725,22,1,21,0.045454545454545456,0.11052631578947368,4.320076828934752,23,2,21,0.08695652173913043,0.11052631578947368,1.689608
gaussian,gaussian,250,120,80,0.6,20,block_ar1,0.6,143,18,3,15,9,0,9,0.16666666666666666,0.07894736842105263,0.0,0.04736842105263158,23,5,18,12,0,12,0.21739130434782608,0.09473684210526316,0.0,0.06315789473684211,4.206635303063548,25,5,20,0.2,0.10526315789473684,3.96388830848013,26,6,20,0.23076923076923078,0.10526315789473684,4.187018910471415,25,5,20,0.2,0.10526315789473684,3.9454038942990652,26,6,20,0.23076923076923078,0.10526315789473684,5.092280955929075,2,0,2,0.0,0.010526315789473684,4.503333733125652,3,1,2,0.3333333333333333,0.010526315789473684,4.4052717805757675,22,2,20,0.09090909090909091,0.10526315789473684,4.206635303063548,25,5,20,0.2,0.10526315789473684,1.5545
gaussian,gaussian,250,120,80,0.6,20,block_ar1,0.6,144,10,0,10,5,0,5,0.0,0.05263157894736842,0.0,0.02631578947368421,15,1,14,7,0,7,0.06666666666666667,0.07368421052631578,0.0,0.03684210526315789,4.299532855544946,21,1,20,0.047619047619047616,0.10526315789473684,3.9966552584891755,24,3,21,0.125,0.11052631578947368,4.236977675443666,21,1,20,0.047619047619047616,0.10526315789473684,4.236977675443666,21,1,20,0.047619047619047616,0.10526315789473684,5.775117713527799,1,0,1,0.0,0.005263157894736842,5.775117713527799,1,0,1,0.0,0.005263157894736842,4.809047303790088,17,0,17,0.0,0.08947368421052632,4.299532855544946,21,1,20,0.047619047619047616,0.10526315789473684,1.727511
gaussian,gaussian,250,120,80,0.6,20,block_ar1,0.6,145,14,1,13,4,0,4,0.07142857142857142,0.06842105263157895,0.0,0.021052631578947368,17,3,14,5,0,5,0.17647058823529413,0.07368421052631578,0.0,0.02631578947368421,4.2215385438645106,21,2,19,0.09523809523809523,0.1,3.954526492016389,24,5,19,0.20833333333333334,0.1,4.1847041172447605,21,2,19,0.09523809523809523,0.1,3.965865637247728,23,4,19,0.17391304347826086,0.1,4.596811908037925,3,0,3,0.0,0.015789473684210527,4.596811908037925,3,0,3,0.0,0.015789473684210527,4.709024871371149,19,2,17,0.10526315789473684,0.08947368421052632,4.2215385438645106,21,2,19,0.09523809523809523,0.1,1.917844
gaussian,gaussian,250,120,80,0.6,20,block_ar1,0.6,146,17,0,17,11,0,11,0.0,0.08947368421052632,0.0,0.05789473684210526,20,1,19,12,0,12,0.05,0.1,0.0,0.06315789473684211,4.157170306021666,27,3,24,0.1111111111111111,0.12631578947368421,3.9172532529407236,30,5,25,0.16666666666666666,0.13157894736842105,4.103395591494012,27,3,24,0.1111111111111111,0.12631578947368421,3.915612790238265,29,4,25,0.13793103448275862,0.13157894736842105,4.398061533583432,7,0,7,0.0,0.03684210526315789,4.253823355642451,10,1,9,0.1,0.04736842105263158,4.663216422518051,23,1,22,0.043478260869565216,0.11578947368421053,4.157170306021666,27,3,24,0.1111111111111111,0.12631578947368421,1.612173
gaussian,gaussian,250,120,80,0.6,20,block_ar1,0.6,147,22,2,20,13,0,13,0.09090909090909091,0.10526315789473684,0.0,0.06842105263157895,27,3,24,15,0,15,0.1111111111111111,0.12631578947368421,0.0,0.07894736842105263,4.085556551020699,31,3,28,0.0967741935483871,0.14736842105263157,4.0360018899052665,32,4,28,0.125,0.14736842105263157,4.105313738360729,28,2,26,0.07142857142857142,0.1368421052631579,3.9883838349739023,32,4,28,0.125,0.14736842105263157,4.863756082365984,4,0,4,0.0,0.021052631578947368,4.279202956989561,8,1,7,0.125,0.03684210526315789,4.761609990376399,24,0,24,0.0,0.12631578947368421,4.0360018899052665,32,4,28,0.125,0.14736842105263157,1.692295
gaussian,gaussian,250,120,80,0.6,20,block_ar1,0.6,148,15,1,14,7,0,7,0.06666666666666667,0.07368421052631578,0.0,0.03684210526315789,17,2,15,7,0,7,0.11764705882352941,0.07894736842105263,0.0,0.03684210526315789,4.316790661957897,19,2,17,0.10526315789473684,0.08947368421052632,4.026689753833571,23,4,19,0.17391304347826086,0.1,4.268254416889145,18,2,16,0.1111111111111111,0.08421052631578947,3.9814152858288487,22,4,18,0.18181818181818182,0.09473684210526316,4.635495576264522,4,0,4,0.0,0.021052631578947368,4.635495576264522,4,0,4,0.0,0.021052631578947368,4.54506261708076,16,0,16,0.0,0.08421052631578947,4.316790661957897,19,2,17,0.10526315789473684,0.08947368421052632,1.788183
gaussian,gaussian,250,120,80,0.6,20,block_ar1,0.6,149,15,1,14,12,0,12,0.06666666666666667,0.07368421052631578,0.0,0.06315789473684211,18,1,17,13,0,13,0.05555555555555555,0.08947368421052632,0.0,0.06842105263157895,4.442579255950743,20,2,18,0.1,0.09473684210526316,4.003006142252167,22,2,20,0.09090909090909091,0.10526315789473684,4.381072071176741,20,2,18,0.1,0.09473684210526316,4.381072071176741,20,2,18,0.1,0.09473684210526316,4.468156402498733,5,0,5,0.0,0.02631578947368421,4.251486982114514,10,0,10,0.0,0.05263157894736842,4.605209729832731,19,2,17,0.10526315789473684,0.08947368421052632,4.442579255950743,20,2,18,0.1,0.09473684210526316,1.914964
gaussian,gaussian,250,120,80,0.6,20,block_ar1,0.6,150,14,0,14,8,0,8,0.0,0.07368421052631578,0.0,0.042105263157894736,18,2,16,12,0,12,0.1111111111111111,0.08421052631578947,0.0,0.06315789473684211,4.53257883555072,21,0,21,0.0,0.11052631578947368,3.9678874916127866,25,2,23,0.08,0.12105263157894737,4.49430303849141,21,0,21,0.0,0.11052631578947368,4.002107111744199,24,2,22,0.08333333333333333,0.11578947368421053,4.627047187839076,4,0,4,0.0,0.021052631578947368,4.627047187839076,4,0,4,0.0,0.021052631578947368,4.53257883555072,21,0,21,0.0,0.11052631578947368,4.53257883555072,21,0,21,0.0,0.11052631578947368,1.748295
gaussian,gaussian,250,120,80,0.6,20,block_ar1,0.6,151,14,0,14,7,0,7,0.0,0.07368421052631578,0.0,0.03684210526315789,16,0,16,11,0,11,0.0,0.08421052631578947,0.0,0.05789473684210526,4.30954709457777,22,2,20,0.09090909090909091,0.10526315789473684,4.30954709457777,22,2,20,0.09090909090909091,0.10526315789473684,4.277779182359015,22,2,20,0.09090909090909091,0.10526315789473684,4.277779182359015,22,2,20,0.09090909090909091,0.10526315789473684,4.525361248674012,4,0,4,0.0,0.021052631578947368,4.370630411735322,6,0,6,0.0,0.031578947368421054,4.454517466967465,21,2,19,0.09523809523809523,0.1,4.30954709457777,22,2,20,0.09090909090909091,0.10526315789473684,1.963073
gaussian,gaussian,250,120,80,0.6,20,block_ar1,0.6,152,19,3,16,14,0,14,0.15789473684210525,0.08421052631578947,0.0,0.07368421052631578,20,3,17,14,0,14,0.15,0.08947368421052632,0.0,0.07368421052631578,4.151425405117445,22,3,19,0.13636363636363635,0.1,4.0244699284768695,23,3,20,0.13043478260869565,0.10526315789473684,4.169286003761018,20,1,19,0.05,0.1,3.988294886899149,23,3,20,0.13043478260869565,0.10526315789473684,4.361083993709328,10,1,9,0.1,0.04736842105263158,4.201849702424365,11,2,9,0.18181818181818182,0.04736842105263158,5.173316477228945,18,0,18,0.0,0.09473684210526316,4.151425405117445,22,3,19,0.13636363636363635,0.1,1.567426
gaussian,gaussian,250,120,80,0.6,20,block_ar1,0.6,153,14,0,14,11,0,11,0.0,0.07368421052631578,0.0,0.05789473684210526,17,1,16,14,0,14,0.058823529411764705,0.08421052631578947,0.0,0.07368421052631578,4.7824080831821245,19,0,19,0.0,0.1,4.008211188531083,23,2,21,0.08695652173913043,0.11052631578947368,4.711498100688353,19,0,19,0.0,0.1,3.991238261427918,22,1,21,0.045454545454545456,0.11052631578947368,4.472600758339553,5,0,5,0.0,0.02631578947368421,4.241021422589522,7,0,7,0.0,0.03684210526315789,4.7824080831821245,19,0,19,0.0,0.1,4.7824080831821245,19,0,19,0.0,0.1,1.679855
gaussian,gaussian,250,120,80,0.6,20,block_ar1,0.6,154,17,0,17,13,0,13,0.0,0.08947368421052632,0.0,0.06842105263157895,19,1,18,14,0,14,0.05263157894736842,0.09473684210526316,0.0,0.07368421052631578,4.170711062101135,22,0,22,0.0,0.11578947368421053,4.030715691517699,24,2,22,0.08333333333333333,0.11578947368421053,4.1372101231329115,22,0,22,0.0,0.11578947368421053,3.9983392553730743,24,2,22,0.08333333333333333,0.11578947368421053,4.497146275545444,6,1,5,0.16666666666666666,0.02631578947368421,4.497146275545444,6,1,5,0.16666666666666666,0.02631578947368421,4.629303184892599,20,0,20,0.0,0.10526315789473684,4.170711062101135,22,0,22,0.0,0.11578947368421053,1.747726
gaussian,gaussian,250,120,80,0.6,20,block_ar1,0.6,155,10,0,10,5,0,5,0.0,0.05263157894736842,0.0,0.02631578947368421,13,2,11,8,0,8,0.15384615384615385,0.05789473684210526,0.0,0.042105263157894736,4.195296407386265,20,2,18,0.1,0.09473684210526316,3.9856101708361966,24,4,20,0.16666666666666666,0.10526315789473684,4.404554444602123,19,1,18,0.05263157894736842,0.09473684210526316,3.977052270892421,22,3,19,0.13636363636363635,0.1,4.782467670021941,2,0,2,0.0,0.010526315789473684,4.3908570506794415,4,0,4,0.0,0.021052631578947368,4.7709783181822,15,0,15,0.0,0.07894736842105263,4.461241746706654,19,1,18,0.05263157894736842,0.09473684210526316,1.616748
gaussian,gaussian,250,120,80,0.6,20,block_ar1,0.6,156,12,1,11,8,0,8,0.08333333333333333,0.05789473684210526,0.0,0.042105263157894736,15,1,14,9,0,9,0.06666666666666667,0.07368421052631578,0.0,0.04736842105263158,4.40126097074259,22,2,20,0.09090909090909091,0.10526315789473684,4.40126097074259,22,2,20,0.09090909090909091,0.10526315789473684,4.3554459828093055,22,2,20,0.09090909090909091,0.10526315789473684,4.3554459828093055,22,2,20,0.09090909090909091,0.10526315789473684,5.124403541490546,3,0,3,0.0,0.015789473684210527,4.256059273349828,8,1,7,0.125,0.03684210526315789,4.40126097074259,22,2,20,0.09090909090909091,0.10526315789473684,4.40126097074259,22,2,20,0.09090909090909091,0.10526315789473684,1.661936
gaussian,gaussian,250,120,80,0.6,20,block_ar1,0.6,157,15,1,14,8,0,8,0.06666666666666667,0.07368421052631578,0.0,0.042105263157894736,21,1,20,10,0,10,0.047619047619047616,0.10526315789473684,0.0,0.05263157894736842,4.166743533041868,21,2,19,0.09523809523809523,0.1,4.000053413792356,24,3,21,0.125,0.11052631578947368,4.350998156125711,20,1,19,0.05,0.1,3.993758336171476,23,3,20,0.13043478260869565,0.10526315789473684,4.581134522852988,3,0,3,0.0,0.015789473684210527,4.415720122864201,4,0,4,0.0,0.021052631578947368,4.409189336681568,20,1,19,0.05,0.1,4.1348109651891685,22,3,19,0.13636363636363635,0.1,1.939997
gaussian,gaussian,250,120,80,0.6,20,block_ar1,0.6,158,17,3,14,9,1,8,0.17647058823529413,0.07368421052631578,0.1111111111111111,0.042105263157894736,17,3,14,10,1,9,0.17647058823529413,0.07368421052631578,0.1,0.04736842105263158,4.304250012408515,23,4,19,0.17391304347826086,0.1,3.9804728731763808,24,5,19,0.20833333333333334,0.1,4.254853421063737,23,4,19,0.17391304347826086,0.1,4.254853421063737,23,4,19,0.17391304347826086,0.1,4.50388693300447,5,0,5,0.0,0.02631578947368421,4.143437129187656,11,4,7,0.36363636363636365,0.03684210526315789,4.304250012408515,23,4,19,0.17391304347826086,0.1,4.304250012408515,23,4,19,0.17391304347826086,0.1,1.550818
gaussian,gaussian,250,120,80,0.6,20,block_ar1,0.6,159,13,0,13,8,0,8,0.0,0.06842105263157895,0.0,0.042105263157894736,14,0,14,9,0,9,0.0,0.07368421052631578,0.0,0.04736842105263158,4.598611666960964,20,3,17,0.15,0.08947368421052632,4.598611666960964,20,3,17,0.15,0.08947368421052632,4.642721325968951,19,2,17,0.10526315789473684,0.08947368421052632,4.642721325968951,19,2,17,0.10526315789473684,0.08947368421052632,4.718814197186753,3,0,3,0.0,0.015789473684210527,4.255797044342955,7,0,7,0.0,0.03684210526315789,4.598611666960964,20,3,17,0.15,0.08947368421052632,4.598611666960964,20,3,17,0.15,0.08947368421052632,1.659658
gaussian,gaussian,250,120,80,0.6,20,block_ar1,0.6,160,15,0,15,10,0,10,0.0,0.07894736842105263,0.0,0.05263157894736842,16,0,16,10,0,10,0.0,0.08421052631578947,0.0,0.05263157894736842,4.291177902564625,20,0,20,0.0,0.10526315789473684,4.016176299416648,21,1,20,0.047619047619047616,0.10526315789473684,4.2298806992342985,20,0,20,0.0,0.10526315789473684,4.2298806992342985,20,0,20,0.0,0.10526315789473684,4.441993737233434,6,0,6,0.0,0.031578947368421054,4.282585597717327,9,0,9,0.0,0.04736842105263158,4.835167776175601,18,0,18,0.0,0.09473684210526316,4.291177902564625,20,0,20,0.0,0.10526315789473684,1.74851
gaussian,gaussian,250,120,80,0.6,20,block_ar1,0.6,161,13,1,12,10,0,10,0.07692307692307693,0.06315789473684211,0.0,0.05263157894736842,16,2,14,10,0,10,0.125,0.07368421052631578,0.0,0.05263157894736842,4.38901323578658,22,1,21,0.045454545454545456,0.11052631578947368,3.956950636227526,25,3,22,0.12,0.11578947368421053,4.345783105282274,22,1,21,0.045454545454545456,0.11052631578947368,4.00961698184531,23,2,21,0.08695652173913043,0.11052631578947368,4.569584145019154,4,0,4,0.0,0.021052631578947368,4.287313664799319,6,1,5,0.16666666666666666,0.02631578947368421,4.483466574885699,20,0,20,0.0,0.10526315789473684,4.38901323578658,22,1,21,0.045454545454545456,0.11052631578947368,1.614958
gaussian,gaussian,250,120,80,0.6,20,block_ar1,0.6,162,20,2,18,10,0,10,0.1,0.09473684210526316,0.0,0.05263157894736842,21,2,19,14,1,13,0.09523809523809523,0.1,0.07142857142857142,0.06842105263157895,4.118240521162906,28,3,25,0.10714285714285714,0.13157894736842105,3.8890968669779027,32,5,27,0.15625,0.14210526315789473,4.175757115494862,27,3,24,0.1111111111111111,0.12631578947368421,4.052726325806022,28,3,25,0.10714285714285714,0.13157894736842105,4.5679521485344745,4,0,4,0.0,0.021052631578947368,4.41576183845537,6,1,5,0.16666666666666666,0.02631578947368421,4.387496817173477,25,2,23,0.08,0.12105263157894737,4.118240521162906,28,3,25,0.10714285714285714,0.13157894736842105,1.671387
gaussian,gaussian,250,120,80,0.6,20,block_ar1,0.6,163,16,0,16,15,0,15,0.0,0.08421052631578947,0.0,0.07894736842105263,16,0,16,16,0,16,0.0,0.08421052631578947,0.0,0.08421052631578947,4.177278234335477,22,0,22,0.0,0.11578947368421053,4.177278234335477,22,0,22,0.0,0.11578947368421053,4.151353621149976,22,0,22,0.0,0.11578947368421053,4.151353621149976,22,0,22,0.0,0.11578947368421053,4.2966627607776635,12,1,11,0.08333333333333333,0.05789473684210526,4.10824647083271,14,2,12,0.14285714285714285,0.06315789473684211,4.513382524827039,20,0,20,0.0,0.10526315789473684,4.177278234335477,22,0,22,0.0,0.11578947368421053,1.828871
gaussian,gaussian,250,120,80,0.6,20,block_ar1,0.6,164,19,2,17,9,0,9,0.10526315789473684,0.08947368421052632,0.0,0.04736842105263158,21,3,18,10,0,10,0.14285714285714285,0.09473684210526316,0.0,0.05263157894736842,4.16387171175167,25,4,21,0.16,0.11052631578947368,3.992083436296536,27,5,22,0.18518518518518517,0.11578947368421053,4.12195063573205,25,4,21,0.16,0.11052631578947368,3.9518918922733755,27,5,22,0.18518518518518517,0.11578947368421053,inf,0,0,0,0.0,0.0,4.248128707436069,7,1,6,0.14285714285714285,0.031578947368421054,4.6046449185184875,22,2,20,0.09090909090909091,0.10526315789473684,4.095963537868378,26,5,21,0.19230769230769232,0.11052631578947368,1.693166
gaussian,gaussian,250,120,80,0.6,20,block_ar1,0.6,165,16,0,16,9,0,9,0.0,0.08421052631578947,0.0,0.04736842105263158,17,0,17,11,0,11,0.0,0.08947368421052632,0.0,0.05789473684210526,4.322576311397652,22,1,21,0.045454545454545456,0.11052631578947368,4.003904901057951,25,3,22,0.12,0.11578947368421053,4.289762624681504,22,1,21,0.045454545454545456,0.11052631578947368,3.9751126633754437,24,2,22,0.08333333333333333,0.11578947368421053,4.492897126847792,6,0,6,0.0,0.031578947368421054,4.292019604983629,8,0,8,0.0,0.042105263157894736,4.517128948707284,20,0,20,0.0,0.10526315789473684,4.322576311397652,22,1,21,0.045454545454545456,0.11052631578947368,1.72076
gaussian,gaussian,250,120,80,0.6,20,block_ar1,0.6,166,14,0,14,8,0,8,0.0,0.07368421052631578,0.0,0.042105263157894736,17,2,15,10,0,10,0.11764705882352941,0.07894736842105263,0.0,0.05263157894736842,4.676918665001132,20,1,19,0.05,0.1,4.063056717906298,22,3,19,0.13636363636363635,0.1,4.623397862528102,20,1,19,0.05,0.1,4.016560708116115,22,3,19,0.13636363636363635,0.1,5.346329126677767,1,0,1,0.0,0.005263157894736842,4.302663641058332,6,2,4,0.3333333333333333,0.021052631578947368,4.676918665001132,20,1,19,0.05,0.1,4.676918665001132,20,1,19,0.05,0.1,1.817658
gaussian,gaussian,250,120,80,0.6,20,block_ar1,0.6,167,15,0,15,14,0,14,0.0,0.07894736842105263,0.0,0.07368421052631578,19,2,17,14,0,14,0.10526315789473684,0.08947368421052632,0.0,0.07368421052631578,4.15141407302479,21,1,20,0.047619047619047616,0.10526315789473684,4.002566672085803,23,2,21,0.08695652173913043,0.11052631578947368,4.598412074923994,20,0,20,0.0,0.10526315789473684,3.979175037492469,23,2,21,0.08695652173913043,0.11052631578947368,4.559405303011245,5,0,5,0.0,0.02631578947368421,4.232232864014166,8,0,8,0.0,0.042105263157894736,4.625443902866394,20,0,20,0.0,0.10526315789473684,4.107706508229043,22,1,21,0.045454545454545456,0.11052631578947368,1.659878
gaussian,gaussian,250,120,80,0.6,20,block_ar1,0.6,168,14,0,14,10,0,10,0.0,0.07368421052631578,0.0,0.05263157894736842,17,3,14,11,0,11,0.17647058823529413,0.07368421052631578,0.0,0.05789473684210526,4.181419259741862,20,2,18,0.1,0.09473684210526316,4.05111724397017,23,4,19,0.17391304347826086,0.1,4.290641428569845,18,1,17,0.05555555555555555,0.08947368421052632,4.013562969393915,23,4,19,0.17391304347826086,0.1,4.739173405077966,4,0,4,0.0,0.021052631578947368,4.739173405077966,4,0,4,0.0,0.021052631578947368,4.652013162309481,17,0,17,0.0,0.08947368421052632,4.181419259741862,20,2,18,0.1,0.09473684210526316,1.694742
gaussian,gaussian,250,120,80,0.6,20,block_ar1,0.6,169,18,1,17,13,0,13,0.05555555555555555,0.08947368421052632,0.0,0.06842105263157895,25,5,20,13,0,13,0.2,0.10526315789473684,0.0,0.06842105263157895,4.087270540998475,28,3,25,0.10714285714285714,0.13157894736842105,3.9075310261317577,32,7,25,0.21875,0.13157894736842105,4.3565286098842755,27,2,25,0.07407407407407407,0.13157894736842105,3.884481338702285,32,7,25,0.21875,0.13157894736842105,4.327201569945474,10,1,9,0.1,0.04736842105263158,4.093543393013595,14,2,12,0.14285714285714285,0.06315789473684211,4.382379325585983,27,2,25,0.07407407407407407,0.13157894736842105,4.028619564967114,30,5,25,0.16666666666666666,0.13157894736842105,1.850608
gaussian,gaussian,250,120,80,0.6,20,block_ar1,0.6,170,17,2,15,8,0,8,0.11764705882352941,0.07894736842105263,0.0,0.042105263157894736,20,2,18,11,0,11,0.1,0.09473684210526316,0.0,0.05789473684210526,4.3084298964493755,20,2,18,0.1,0.09473684210526316,3.98636401780157,23,3,20,0.13043478260869565,0.10526315789473684,4.245713229484189,20,2,18,0.1,0.09473684210526316,3.984949094116416,22,2,20,0.09090909090909091,0.10526315789473684,5.15174578873961,2,0,2,0.0,0.010526315789473684,5.15174578873961,2,0,2,0.0,0.010526315789473684,5.007471006744741,19,1,18,0.05263157894736842,0.09473684210526316,4.3084298964493755,20,2,18,0.1,0.09473684210526316,1.720261
gaussian,gaussian,250,120,80,0.6,20,block_ar1,0.6,171,17,1,16,11,0,11,0.058823529411764705,0.08421052631578947,0.0,0.05789473684210526,21,4,17,13,0,13,0.19047619047619047,0.08947368421052632,0.0,0.06842105263157895,4.101011579942122,26,4,22,0.15384615384615385,0.11578947368421053,3.90427220420094,30,7,23,0.23333333333333334,0.12105263157894737,4.27829121017719,24,3,21,0.125,0.11052631578947368,3.980832793041687,29,6,23,0.20689655172413793,0.12105263157894737,4.636445853783945,4,0,4,0.0,0.021052631578947368,4.21320644173406,8,0,8,0.0,0.042105263157894736,4.31319726520002,24,3,21,0.125,0.11052631578947368,4.013311921199222,29,6,23,0.20689655172413793,0.12105263157894737,1.662015
gaussian,gaussian,250,120,80,0.6,20,block_ar1,0.6,172,14,0,14,10,0,10,0.0,0.07368421052631578,0.0,0.05263157894736842,17,0,17,12,0,12,0.0,0.08947368421052632,0.0,0.06315789473684211,4.1426664064497665,23,1,22,0.043478260869565216,0.11578947368421053,3.971668531146063,24,1,23,0.041666666666666664,0.12105263157894737,4.220126100028414,22,1,21,0.045454545454545456,0.11052631578947368,4.083959154336504,23,1,22,0.043478260869565216,0.11578947368421053,4.450762478900813,7,0,7,0.0,0.03684210526315789,4.215020760887334,8,1,7,0.125,0.03684210526315789,4.816559866509016,20,0,20,0.0,0.10526315789473684,4.1426664064497665,23,1,22,0.043478260869565216,0.11578947368421053,1.656272
gaussian,gaussian,250,120,80,0.6,20,block_ar1,0.6,173,16,2,14,11,0,11,0.125,0.07368421052631578,0.0,0.05789473684210526,18,3,15,15,1,14,0.16666666666666666,0.07894736842105263,0.06666666666666667,0.07368421052631578,4.098193195440598,26,4,22,0.15384615384615385,0.11578947368421053,3.9916634823088706,27,5,22,0.18518518518518517,0.11578947368421053,4.174446049174179,23,3,20,0.13043478260869565,0.10526315789473684,3.9327101189078073,27,5,22,0.18518518518518517,0.11578947368421053,inf,0,0,0,0.0,0.0,4.373950192922874,4,0,4,0.0,0.021052631578947368,4.5045085922658625,21,1,20,0.047619047619047616,0.10526315789473684,4.098193195440598,26,4,22,0.15384615384615385,0.11578947368421053,1.622379
gaussian,gaussian,250,120,80,0.6,20,block_ar1,0.6,174,17,0,17,14,0,14,0.0,0.08947368421052632,0.0,0.07368421052631578,20,2,18,15,0,15,0.1,0.09473684210526316,0.0,0.07894736842105263,4.150409893748449,25,0,25,0.0,0.13157894736842105,3.8866691736184724,32,5,27,0.15625,0.14210526315789473,4.267893002863137,24,0,24,0.0,0.12631578947368421,3.943833038110312,30,3,27,0.1,0.14210526315789473,4.403628531809576,7,0,7,0.0,0.03684210526315789,4.315364815964562,8,0,8,0.0,0.042105263157894736,4.609918236666876,22,0,22,0.0,0.11578947368421053,4.091412535342006,26,0,26,0.0,0.1368421052631579,1.734033
gaussian,gaussian,250,120,80,0.6,20,block_ar1,0.6,175,13,1,12,7,0,7,0.07692307692307693,0.06315789473684211,0.0,0.03684210526315789,16,4,12,8,0,8,0.25,0.06315789473684211,0.0,0.042105263157894736,4.467056335911449,16,1,15,0.0625,0.07894736842105263,4.050365481035715,23,6,17,0.2608695652173913,0.08947368421052632,4.430160333848148,16,1,15,0.0625,0.07894736842105263,4.016911169760518,23,6,17,0.2608695652173913,0.08947368421052632,4.450146880053408,6,0,6,0.0,0.031578947368421054,4.2868752049838355,7,0,7,0.0,0.03684210526315789,4.467056335911449,16,1,15,0.0625,0.07894736842105263,4.467056335911449,16,1,15,0.0625,0.07894736842105263,1.865469
gaussian,gaussian,250,120,80,0.6,20,block_ar1,0.6,176,11,0,11,7,0,7,0.0,0.05789473684210526,0.0,0.03684210526315789,13,1,12,8,0,8,0.07692307692307693,0.06315789473684211,0.0,0.042105263157894736,4.2570443891116465,16,2,14,0.125,0.07368421052631578,4.125101661027765,17,3,14,0.17647058823529413,0.07368421052631578,4.218289122678198,16,2,14,0.125,0.07368421052631578,4.087547574359771,17,3,14,0.17647058823529413,0.07368421052631578,4.989274656206886,2,0,2,0.0,0.010526315789473684,4.371429607740518,7,1,6,0.14285714285714285,0.031578947368421054,5.0793264827059765,14,0,14,0.0,0.07368421052631578,4.2570443891116465,16,2,14,0.125,0.07368421052631578,1.562752
gaussian,gaussian,250,120,80,0.6,20,block_ar1,0.6,177,20,2,18,11,0,11,0.1,0.09473684210526316,0.0,0.05789473684210526,25,3,22,13,0,13,0.12,0.11578947368421053,0.0,0.06842105263157895,4.209294604957262,28,4,24,0.14285714285714285,0.12631578947368421,4.209294604957262,28,4,24,0.14285714285714285,0.12631578947368421,4.150928291379199,28,4,24,0.14285714285714285,0.12631578947368421,4.150928291379199,28,4,24,0.14285714285714285,0.12631578947368421,4.826236159691577,2,0,2,0.0,0.010526315789473684,4.3100237818678275,6,2,4,0.3333333333333333,0.021052631578947368,4.7544392985290855,25,2,23,0.08,0.12105263157894737,4.209294604957262,28,4,24,0.14285714285714285,0.12631578947368421,1.809953
gaussian,gaussian,250,120,80,0.6,20,block_ar1,0.6,178,15,0,15,8,0,8,0.0,0.07894736842105263,0.0,0.042105263157894736,17,0,17,12,0,12,0.0,0.08947368421052632,0.0,0.06315789473684211,4.166809763161238,20,2,18,0.1,0.09473684210526316,4.009127987000495,23,2,21,0.08695652173913043,0.11052631578947368,4.239709054259587,18,1,17,0.05555555555555555,0.08947368421052632,3.9679874848441012,23,2,21,0.08695652173913043,0.11052631578947368,5.675608044119157,1,0,1,0.0,0.005263157894736842,5.675608044119157,1,0,1,0.0,0.005263157894736842,4.414058503966075,17,0,17,0.0,0.08947368421052632,4.108315844574703,22,2,20,0.09090909090909091,0.10526315789473684,1.61238
gaussian,gaussian,250,120,80,0.6,20,block_ar1,0.6,179,12,0,12,7,0,7,0.0,0.06315789473684211,0.0,0.03684210526315789,14,1,13,9,0,9,0.07142857142857142,0.06842105263157895,0.0,0.04736842105263158,4.285939218952535,21,3,18,0.14285714285714285,0.09473684210526316,4.285939218952535,21,3,18,0.14285714285714285,0.09473684210526316,4.235994458409579,21,3,18,0.14285714285714285,0.09473684210526316,4.235994458409579,21,3,18,0.14285714285714285,0.09473684210526316,6.169069285331369,1,0,1,0.0,0.005263157894736842,4.389128796287544,4,0,4,0.0,0.021052631578947368,4.605855939929433,20,3,17,0.15,0.08947368421052632,4.285939218952535,21,3,18,0.14285714285714285,0.09473684210526316,1.654757
gaussian,gaussian,250,120,80,0.6,20,block_ar1,0.6,180,20,0,20,15,0,15,0.0,0.10526315789473684,0.0,0.07894736842105263,21,0,21,17,0,17,0.0,0.11052631578947368,0.0,0.08947368421052632,4.345143761281612,27,1,26,0.037037037037037035,0.1368421052631579,3.958508335458468,29,3,26,0.10344827586206896,0.1368421052631579,4.280244286934281,27,1,26,0.037037037037037035,0.1368421052631579,4.002701241109559,28,2,26,0.07142857142857142,0.1368421052631579,4.512576473270842,6,0,6,0.0,0.031578947368421054,4.255048612329057,8,1,7,0.125,0.03684210526315789,4.544206046554288,25,0,25,0.0,0.13157894736842105,4.345143761281612,27,1,26,0.037037037037037035,0.1368421052631579,1.843923
gaussian,gaussian,250,120,80,0.6,20,block_ar1,0.6,181,15,2,13,8,0,8,0.13333333333333333,0.06842105263157895,0.0,0.042105263157894736,17,3,14,10,0,10,0.17647058823529413,0.07368421052631578,0.0,0.05263157894736842,4.166297547723652,23,2,21,0.08695652173913043,0.11052631578947368,4.069354807299659,24,3,21,0.125,0.11052631578947368,4.172453608963223,22,2,20,0.09090909090909091,0.10526315789473684,3.996817461285039,24,3,21,0.125,0.11052631578947368,4.907376315865076,2,0,2,0.0,0.010526315789473684,4.907376315865076,2,0,2,0.0,0.010526315789473684,4.484231040547739,20,1,19,0.05,0.1,4.166297547723652,23,2,21,0.08695652173913043,0.11052631578947368,1.793383
gaussian,gaussian,250,120,80,0.6,20,block_ar1,0.6,182,12,0,12,10,0,10,0.0,0.06315789473684211,0.0,0.05263157894736842,16,1,15,10,0,10,0.0625,0.07894736842105263,0.0,0.05263157894736842,4.295454604799963,21,1,20,0.047619047619047616,0.10526315789473684,4.0646781036617785,24,2,22,0.08333333333333333,0.11578947368421053,4.275395296935545,21,1,20,0.047619047619047616,0.10526315789473684,4.045696497067683,24,2,22,0.08333333333333333,0.11578947368421053,4.625150117342853,4,0,4,0.0,0.021052631578947368,4.368256293413079,5,0,5,0.0,0.02631578947368421,4.589089481756242,20,1,19,0.05,0.1,4.295454604799963,21,1,20,0.047619047619047616,0.10526315789473684,2.101518
gaussian,gaussian,250,120,80,0.6,20,block_ar1,0.6,183,17,0,17,9,0,9,0.0,0.08947368421052632,0.0,0.04736842105263158,17,0,17,11,0,11,0.0,0.08947368421052632,0.0,0.05789473684210526,4.264907826881616,19,0,19,0.0,0.1,4.0654619333509965,21,0,21,0.0,0.11052631578947368,4.22719901276221,19,0,19,0.0,0.1,4.029516549634148,21,0,21,0.0,0.11052631578947368,4.719805045758509,2,0,2,0.0,0.010526315789473684,4.3706026924570365,5,0,5,0.0,0.02631578947368421,4.62805960809635,17,0,17,0.0,0.08947368421052632,4.264907826881616,19,0,19,0.0,0.1,2.215087
gaussian,gaussian,250,120,80,0.6,20,block_ar1,0.6,184,10,0,10,8,0,8,0.0,0.05263157894736842,0.0,0.042105263157894736,15,3,12,9,0,9,0.2,0.06315789473684211,0.0,0.04736842105263158,4.196871158962205,18,1,17,0.05555555555555555,0.08947368421052632,4.075459706344831,20,3,17,0.15,0.08947368421052632,4.227796686573727,17,0,17,0.0,0.08947368421052632,4.039918093562415,20,3,17,0.15,0.08947368421052632,4.827675088272039,4,0,4,0.0,0.021052631578947368,4.2972869719993705,6,1,5,0.16666666666666666,0.02631578947368421,4.5682590066449045,15,0,15,0.0,0.07894736842105263,4.150201112527666,19,2,17,0.10526315789473684,0.08947368421052632,1.572936
gaussian,gaussian,250,120,80,0.6,20,block_ar1,0.6,185,12,0,12,10,0,10,0.0,0.06315789473684211,0.0,0.05263157894736842,13,1,12,11,0,11,0.07692307692307693,0.06315789473684211,0.0,0.05789473684210526,4.09082419814999,29,4,25,0.13793103448275862,0.13157894736842105,3.9099086703879724,30,5,25,0.16666666666666666,0.13157894736842105,4.143406415409334,24,3,21,0.125,0.11052631578947368,4.024941032101001,27,4,23,0.14814814814814814,0.12105263157894737,4.627525590366704,5,0,5,0.0,0.02631578947368421,4.627525590366704,5,0,5,0.0,0.02631578947368421,4.609803370233007,15,0,15,0.0,0.07894736842105263,4.09082419814999,29,4,25,0.13793103448275862,0.13157894736842105,1.594873
gaussian,gaussian,250,120,80,0.6,20,block_ar1,0.6,186,15,0,15,11,0,11,0.0,0.07894736842105263,0.0,0.05789473684210526,15,0,15,13,0,13,0.0,0.07894736842105263,0.0,0.06842105263157895,4.2274579776404115,23,2,21,0.08695652173913043,0.11052631578947368,4.2274579776404115,23,2,21,0.08695652173913043,0.11052631578947368,4.182857531081338,23,2,21,0.08695652173913043,0.11052631578947368,4.182857531081338,23,2,21,0.08695652173913043,0.11052631578947368,4.6166629515714455,5,0,5,0.0,0.02631578947368421,4.6166629515714455,5,0,5,0.0,0.02631578947368421,4.539638460134416,22,1,21,0.045454545454545456,0.11052631578947368,4.2274579776404115,23,2,21,0.08695652173913043,0.11052631578947368,1.85655
gaussian,gaussian,250,120,80,0.6,20,block_ar1,0.6,187,21,2,19,11,0,11,0.09523809523809523,0.1,0.0,0.05789473684210526,26,5,21,18,1,17,0.19230769230769232,0.11052631578947368,0.05555555555555555,0.08947368421052632,4.191064193293462,23,3,20,0.13043478260869565,0.10526315789473684,3.9526337396187077,27,6,21,0.2222222222222222,0.11052631578947368,4.157498224744909,23,3,20,0.13043478260869565,0.10526315789473684,4.053521491727322,24,4,20,0.16666666666666666,0.10526315789473684,4.473560012872778,5,1,4,0.2,0.021052631578947368,4.089770841647044,15,4,11,0.26666666666666666,0.05789473684210526,4.944897087519005,22,2,20,0.09090909090909091,0.10526315789473684,4.086247993952239,24,4,20,0.16666666666666666,0.10526315789473684,1.626346
gaussian,gaussian,250,120,80,0.6,20,block_ar1,0.6,188,14,2,12,11,0,11,0.14285714285714285,0.06315789473684211,0.0,0.05789473684210526,17,2,15,11,0,11,0.11764705882352941,0.07894736842105263,0.0,0.05789473684210526,4.325062903051838,19,3,16,0.15789473684210525,0.08421052631578947,4.047850147872144,20,3,17,0.15,0.08947368421052632,4.298378515194243,19,3,16,0.15789473684210525,0.08421052631578947,4.022876082579587,20,3,17,0.15,0.08947368421052632,4.521294599152826,4,0,4,0.0,0.021052631578947368,4.305759508571582,7,1,6,0.14285714285714285,0.031578947368421054,4.555452951564786,17,1,16,0.058823529411764705,0.08421052631578947,4.325062903051838,19,3,16,0.15789473684210525,0.08421052631578947,1.554548
gaussian,gaussian,250,120,80,0.6,20,block_ar1,0.6,189,15,2,13,11,0,11,0.13333333333333333,0.06842105263157895,0.0,0.05789473684210526,17,3,14,13,1,12,0.17647058823529413,0.07368421052631578,0.07692307692307693,0.06315789473684211,4.159140021413626,26,4,22,0.15384615384615385,0.11578947368421053,4.159140021413626,26,4,22,0.15384615384615385,0.11578947368421053,4.204534513874525,23,2,21,0.08695652173913043,0.11052631578947368,4.095075934404058,25,3,22,0.12,0.11578947368421053,4.591898169319759,5,1,4,0.2,0.021052631578947368,4.216087962551496,8,1,7,0.125,0.03684210526315789,4.519480631698505,22,2,20,0.09090909090909091,0.10526315789473684,4.159140021413626,26,4,22,0.15384615384615385,0.11578947368421053,1.697541
gaussian,gaussian,250,120,80,0.6,20,block_ar1,0.6,190,12,0,12,10,0,10,0.0,0.06315789473684211,0.0,0.05263157894736842,15,1,14,10,0,10,0.06666666666666667,0.07368421052631578,0.0,0.05263157894736842,4.341405251525094,21,3,18,0.14285714285714285,0.09473684210526316,3.99047980964795,22,4,18,0.18181818181818182,0.09473684210526316,4.298431271403413,21,3,18,0.14285714285714285,0.09473684210526316,4.298431271403413,21,3,18,0.14285714285714285,0.09473684210526316,4.820153949307706,2,0,2,0.0,0.010526315789473684,4.820153949307706,2,0,2,0.0,0.010526315789473684,4.423288062901832,20,2,18,0.1,0.09473684210526316,4.341405251525094,21,3,18,0.14285714285714285,0.09473684210526316,1.653009
gaussian,gaussian,250,120,80,0.6,20,block_ar1,0.6,191,11,2,9,5,0,5,0.18181818181818182,0.04736842105263158,0.0,0.02631578947368421,13,2,11,8,0,8,0.15384615384615385,0.05789473684210526,0.0,0.042105263157894736,4.3253704717523425,21,2,19,0.09523809523809523,0.1,3.992056080046975,22,3,19,0.13636363636363635,0.1,4.28114868952573,21,2,19,0.09523809523809523,0.1,4.28114868952573,21,2,19,0.09523809523809523,0.1,4.856560961308017,2,0,2,0.0,0.010526315789473684,4.427816714897999,3,1,2,0.3333333333333333,0.010526315789473684,4.553401512376637,20,2,18,0.1,0.09473684210526316,4.3253704717523425,21,2,19,0.09523809523809523,0.1,1.655599
gaussian,gaussian,250,120,80,0.6,20,block_ar1,0.6,192,17,1,16,13,0,13,0.058823529411764705,0.08421052631578947,0.0,0.06842105263157895,20,1,19,15,0,15,0.05,0.1,0.0,0.07894736842105263,4.1798038583685555,27,1,26,0.037037037037037035,0.1368421052631579,3.884134418980462,33,4,29,0.12121212121212122,0.15263157894736842,4.141998594302538,27,1,26,0.037037037037037035,0.1368421052631579,3.9689186072732627,29,1,28,0.034482758620689655,0.14736842105263157,4.33661458700416,11,1,10,0.09090909090909091,0.05263157894736842,4.094314885010281,15,2,13,0.13333333333333333,0.06842105263157895,4.446829011313138,26,1,25,0.038461538461538464,0.13157894736842105,4.0796839996883625,28,1,27,0.03571428571428571,0.14210526315789473,1.593294
gaussian,gaussian,250,120,80,0.6,20,block_ar1,0.6,193,13,1,12,9,0,9,0.07692307692307693,0.06315789473684211,0.0,0.04736842105263158,14,1,13,11,0,11,0.07142857142857142,0.06842105263157895,0.0,0.05789473684210526,4.291707354472358,21,1,20,0.047619047619047616,0.10526315789473684,3.9711772566986347,23,3,20,0.13043478260869565,0.10526315789473684,4.210430683061051,21,1,20,0.047619047619047616,0.10526315789473684,4.210430683061051,21,1,20,0.047619047619047616,0.10526315789473684,inf,0,0,0,0.0,0.0,4.2151992952073325,10,3,7,0.3,0.03684210526315789,4.69128401756586,17,0,17,0.0,0.08947368421052632,4.291707354472358,21,1,20,0.047619047619047616,0.10526315789473684,1.827668
gaussian,gaussian,250,120,80,0.6,20,block_ar1,0.6,194,17,1,16,10,0,10,0.058823529411764705,0.08421052631578947,0.0,0.05263157894736842,22,4,18,13,0,13,0.18181818181818182,0.09473684210526316,0.0,0.06842105263157895,4.312451957297853,25,1,24,0.04,0.12631578947368421,3.9107201029216405,29,5,24,0.1724137931034483,0.12631578947368421,4.28300045643172,25,1,24,0.04,0.12631578947368421,3.938376943157538,28,4,24,0.14285714285714285,0.12631578947368421,4.613234733872106,3,0,3,0.0,0.015789473684210527,4.309474348263569,6,0,6,0.0,0.031578947368421054,4.452244137009497,24,1,23,0.041666666666666664,0.12105263157894737,4.312451957297853,25,1,24,0.04,0.12631578947368421,1.622025
gaussian,gaussian,250,120,80,0.6,20,block_ar1,0.6,195,14,1,13,8,0,8,0.07142857142857142,0.06842105263157895,0.0,0.042105263157894736,15,1,14,10,0,10,0.06666666666666667,0.07368421052631578,0.0,0.05263157894736842,4.27169015795808,22,3,19,0.13636363636363635,0.1,3.9774811426344385,24,5,19,0.20833333333333334,0.1,4.224017806854246,22,3,19,0.13636363636363635,0.1,4.053178226416817,23,4,19,0.17391304347826086,0.1,5.270999362183185,1,0,1,0.0,0.005263157894736842,4.39535592189259,5,0,5,0.0,0.02631578947368421,4.399318930853742,20,2,18,0.1,0.09473684210526316,4.098922478532092,23,4,19,0.17391304347826086,0.1,1.633859
gaussian,gaussian,250,120,80,0.6,20,block_ar1,0.6,196,13,1,12,6,0,6,0.07692307692307693,0.06315789473684211,0.0,0.031578947368421054,19,3,16,10,0,10,0.15789473684210525,0.08421052631578947,0.0,0.05263157894736842,4.141576894299184,22,3,19,0.13636363636363635,0.1,3.9618070936921828,26,4,22,0.15384615384615385,0.11578947368421053,4.4245294167969815,20,1,19,0.05,0.1,4.023578327185073,22,2,20,0.09090909090909091,0.10526315789473684,4.7413629229903345,2,0,2,0.0,0.010526315789473684,4.251427753635678,7,1,6,0.14285714285714285,0.031578947368421054,4.473883872816774,20,1,19,0.05,0.1,4.141576894299184,22,3,19,0.13636363636363635,0.1,1.70225
gaussian,gaussian,250,120,80,0.6,20,block_ar1,0.6,197,12,0,12,9,0,9,0.0,0.06315789473684211,0.0,0.04736842105263158,13,0,13,10,0,10,0.0,0.06842105263157895,0.0,0.05263157894736842,4.5236882837439,21,0,21,0.0,0.11052631578947368,4.025111867850135,24,1,23,0.041666666666666664,0.12105263157894737,4.492988566856537,21,0,21,0.0,0.11052631578947368,3.997795707444694,24,1,23,0.041666666666666664,0.12105263157894737,4.6263727717024885,4,0,4,0.0,0.021052631578947368,4.6263727717024885,4,0,4,0.0,0.021052631578947368,4.5236882837439,21,0,21,0.0,0.11052631578947368,4.5236882837439,21,0,21,0.0,0.11052631578947368,1.638691
gaussian,gaussian,250,120,80,0.6,20,block_ar1,0.6,198,15,0,15,8,0,8,0.0,0.07894736842105263,0.0,0.042105263157894736,17,2,15,9,0,9,0.11764705882352941,0.07894736842105263,0.0,0.04736842105263158,4.392895547377685,17,0,17,0.0,0.08947368421052632,4.019871997469087,19,2,17,0.10526315789473684,0.08947368421052632,4.356537131993222,17,0,17,0.0,0.08947368421052632,4.024266361457822,18,1,17,0.05555555555555555,0.08947368421052632,5.14027576510074,2,0,2,0.0,0.010526315789473684,5.14027576510074,2,0,2,0.0,0.010526315789473684,4.494962529747884,16,0,16,0.0,0.08421052631578947,4.392895547377685,17,0,17,0.0,0.08947368421052632,1.624513
gaussian,gaussian,250,120,80,0.6,20,block_ar1,0.6,199,18,1,17,13,0,13,0.05555555555555555,0.08947368421052632,0.0,0.06842105263157895,19,1,18,15,0,15,0.05263157894736842,0.09473684210526316,0.0,0.07894736842105263,4.316660322256118,27,1,26,0.037037037037037035,0.1368421052631579,3.938380433590674,28,2,26,0.07142857142857142,0.1368421052631579,4.272071144188708,27,1,26,0.037037037037037035,0.1368421052631579,4.272071144188708,27,1,26,0.037037037037037035,0.1368421052631579,4.4007409566691775,7,0,7,0.0,0.03684210526315789,4.257325561077889,11,1,10,0.09090909090909091,0.05263157894736842,4.477261596288051,25,1,24,0.04,0.12631578947368421,4.316660322256118,27,1,26,0.037037037037037035,0.1368421052631579,1.841625
gaussian,gaussian,250,120,80,0.6,20,block_ar1,0.6,200,19,3,16,12,0,12,0.15789473684210525,0.08421052631578947,0.0,0.06315789473684211,22,5,17,14,0,14,0.22727272727272727,0.08947368421052632,0.0,0.07368421052631578,4.113408761971033,25,4,21,0.16,0.11052631578947368,3.951920441786289,26,5,21,0.19230769230769232,0.11052631578947368,4.173190617733902,23,2,21,0.08695652173913043,0.11052631578947368,4.08403968001776,25,4,21,0.16,0.11052631578947368,4.700326012983851,2,0,2,0.0,0.010526315789473684,4.088540395711757,15,3,12,0.2,0.06315789473684211,4.373375570016391,22,1,21,0.045454545454545456,0.11052631578947368,4.113408761971033,25,4,21,0.16,0.11052631578947368,1.736454
gaussian,gaussian,250,120,80,0.6,20,block_ar1,0.6,201,19,1,18,10,0,10,0.05263157894736842,0.09473684210526316,0.0,0.05263157894736842,22,2,20,14,0,14,0.09090909090909091,0.10526315789473684,0.0,0.07368421052631578,4.090286547945201,28,2,26,0.07142857142857142,0.1368421052631579,4.090286547945201,28,2,26,0.07142857142857142,0.1368421052631579,4.2601761202146555,27,1,26,0.037037037037037035,0.1368421052631579,4.0712591812108485,28,2,26,0.07142857142857142,0.1368421052631579,4.474683222807497,5,0,5,0.0,0.02631578947368421,4.258918732015738,8,0,8,0.0,0.042105263157894736,4.3247065529476485,26,1,25,0.038461538461538464,0.13157894736842105,4.090286547945201,28,2,26,0.07142857142857142,0.1368421052631579,1.695309
gaussian,gaussian,250,120,80,0.6,20,block_ar1,0.6,202,17,0,17,10,0,10,0.0,0.08947368421052632,0.0,0.05263157894736842,23,2,21,11,0,11,0.08695652173913043,0.11052631578947368,0.0,0.05789473684210526,4.128912321330254,25,1,24,0.04,0.12631578947368421,3.9353975510177586,27,3,24,0.1111111111111111,0.12631578947368421,4.119448736395714,25,1,24,0.04,0.12631578947368421,3.9263775074622593,27,3,24,0.1111111111111111,0.12631578947368421,4.59764027161072,4,0,4,0.0,0.021052631578947368,4.171065562003806,10,2,8,0.2,0.042105263157894736,4.345618000918909,24,1,23,0.041666666666666664,0.12105263157894737,4.128912321330254,25,1,24,0.04,0.12631578947368421,1.589418
gaussian,gaussian,250,120,80,0.6,20,block_ar1,0.6,203,15,0,15,8,0,8,0.0,0.07894736842105263,0.0,0.042105263157894736,17,1,16,10,0,10,0.058823529411764705,0.08421052631578947,0.0,0.05263157894736842,4.6706226814296565,19,0,19,0.0,0.1,3.98711814596247,23,2,21,0.08695652173913043,0.11052631578947368,4.616166369969238,19,0,19,0.0,0.1,4.003283160531894,21,1,20,0.047619047619047616,0.10526315789473684,4.5011447046592,5,0,5,0.0,0.02631578947368421,4.2521151194606555,7,0,7,0.0,0.03684210526315789,4.6706226814296565,19,0,19,0.0,0.1,4.137438705115946,20,1,19,0.05,0.1,1.756709
gaussian,gaussian,250,120,80,0.6,20,block_ar1,0.6,204,18,2,16,10,0,10,0.1111111111111111,0.08421052631578947,0.0,0.05263157894736842,21,2,19,10,0,10,0.09523809523809523,0.1,0.0,0.05263157894736842,4.07796663421267,30,3,27,0.1,0.14210526315789473,3.91122412209732,32,3,29,0.09375,0.15263157894736842,4.188186581689325,28,2,26,0.07142857142857142,0.1368421052631579,4.065052741655717,29,3,26,0.10344827586206896,0.1368421052631579,4.4231289451179565,7,0,7,0.0,0.03684210526315789,4.4231289451179565,7,0,7,0.0,0.03684210526315789,4.349122201325224,27,1,26,0.037037037037037035,0.1368421052631579,4.07796663421267,30,3,27,0.1,0.14210526315789473,1.61616
gaussian,gaussian,250,120,80,0.6,20,block_ar1,0.6,205,18,1,17,12,0,12,0.05555555555555555,0.08947368421052632,0.0,0.06315789473684211,24,4,20,14,1,13,0.16666666666666666,0.10526315789473684,0.07142857142857142,0.06842105263157895,4.13145729157912,26,5,21,0.19230769230769232,0.11052631578947368,3.9018104540381127,30,7,23,0.23333333333333334,0.12105263157894737,4.102316655713411,26,5,21,0.19230769230769232,0.11052631578947368,4.025433612426292,27,6,21,0.2222222222222222,0.11052631578947368,4.353819512913254,9,2,7,0.2222222222222222,0.03684210526315789,4.118309311405264,14,3,11,0.21428571428571427,0.05789473684210526,4.51706863728852,24,4,20,0.16666666666666666,0.10526315789473684,4.13145729157912,26,5,21,0.19230769230769232,0.11052631578947368,1.802841
gaussian,gaussian,250,120,80,0.6,20,block_ar1,0.6,206,12,1,11,9,0,9,0.08333333333333333,0.05789473684210526,0.0,0.04736842105263158,14,2,12,9,0,9,0.14285714285714285,0.06315789473684211,0.0,0.04736842105263158,4.176618632357247,19,2,17,0.10526315789473684,0.08947368421052632,4.176618632357247,19,2,17,0.10526315789473684,0.08947368421052632,4.25124493056632,18,1,17,0.05555555555555555,0.08947368421052632,4.143527399885693,19,2,17,0.10526315789473684,0.08947368421052632,4.82869821275256,3,0,3,0.0,0.015789473684210527,4.410751466912333,5,0,5,0.0,0.02631578947368421,4.649295686603021,15,0,15,0.0,0.07894736842105263,4.176618632357247,19,2,17,0.10526315789473684,0.08947368421052632,1.736837
gaussian,gaussian,250,120,80,0.6,20,block_ar1,0.6,207,14,2,12,11,1,10,0.14285714285714285,0.06315789473684211,0.09090909090909091,0.05263157894736842,15,2,13,12,1,11,0.13333333333333333,0.06842105263157895,0.08333333333333333,0.05789473684210526,4.180371832272368,23,2,21,0.08695652173913043,0.11052631578947368,4.180371832272368,23,2,21,0.08695652173913043,0.11052631578947368,4.1530523017750145,23,2,21,0.08695652173913043,0.11052631578947368,4.1530523017750145,23,2,21,0.08695652173913043,0.11052631578947368,4.646266395356959,3,1,2,0.3333333333333333,0.010526315789473684,4.646266395356959,3,1,2,0.3333333333333333,0.010526315789473684,4.395899514281807,21,1,20,0.047619047619047616,0.10526315789473684,4.180371832272368,23,2,21,0.08695652173913043,0.11052631578947368,1.577841
gaussian,gaussian,250,120,80,0.6,20,block_ar1,0.6,208,15,0,15,10,0,10,0.0,0.07894736842105263,0.0,0.05263157894736842,19,1,18,12,0,12,0.05263157894736842,0.09473684210526316,0.0,0.06315789473684211,4.161306271630235,21,0,21,0.0,0.11052631578947368,3.963428519276431,23,1,22,0.043478260869565216,0.11578947368421053,4.160168301992004,20,0,20,0.0,0.10526315789473684,3.9909268338890005,22,1,21,0.045454545454545456,0.11052631578947368,4.431881903242051,6,0,6,0.0,0.031578947368421054,4.359589039463382,7,0,7,0.0,0.03684210526315789,4.864085320797332,19,0,19,0.0,0.1,4.161306271630235,21,0,21,0.0,0.11052631578947368,1.63802
gaussian,gaussian,250,120,80,0.6,20,block_ar1,0.6,209,15,0,15,11,0,11,0.0,0.07894736842105263,0.0,0.05789473684210526,20,1,19,12,0,12,0.05,0.1,0.0,0.06315789473684211,4.1066557034196185,25,1,24,0.04,0.12631578947368421,3.9196243662215515,28,4,24,0.14285714285714285,0.12631578947368421,4.8069488625297145,23,0,23,0.0,0.12105263157894737,4.0443550888044895,26,2,24,0.07692307692307693,0.12631578947368421,4.520836496624175,4,0,4,0.0,0.021052631578947368,4.520836496624175,4,0,4,0.0,0.021052631578947368,4.865397294091852,23,0,23,0.0,0.12105263157894737,4.093531025220957,26,2,24,0.07692307692307693,0.12631578947368421,1.744427
gaussian,gaussian,250,120,80,0.6,20,block_ar1,0.6,210,28,4,24,15,0,15,0.14285714285714285,0.12631578947368421,0.0,0.07894736842105263,30,5,25,18,1,17,0.16666666666666666,0.13157894736842105,0.05555555555555555,0.08947368421052632,4.096775622547694,31,4,27,0.12903225806451613,0.14210526315789473,3.898267121182251,33,6,27,0.18181818181818182,0.14210526315789473,4.407755498010337,30,3,27,0.1,0.14210526315789473,3.9069509839349856,32,5,27,0.15625,0.14210526315789473,4.396682973860898,9,1,8,0.1111111111111111,0.042105263157894736,4.396682973860898,9,1,8,0.1111111111111111,0.042105263157894736,4.477312998501903,30,3,27,0.1,0.14210526315789473,4.096775622547694,31,4,27,0.12903225806451613,0.14210526315789473,1.641249
gaussian,gaussian,250,120,80,0.6,20,block_ar1,0.6,211,17,3,14,10,0,10,0.17647058823529413,0.07368421052631578,0.0,0.05263157894736842,22,5,17,10,0,10,0.22727272727272727,0.08947368421052632,0.0,0.05263157894736842,4.145830804861147,23,4,19,0.17391304347826086,0.1,3.937240633289464,28,9,19,0.32142857142857145,0.1,4.164849685617099,22,3,19,0.13636363636363635,0.1,3.9782418387650953,24,5,19,0.20833333333333334,0.1,4.992469243055165,3,0,3,0.0,0.015789473684210527,4.215716488373529,8,2,6,0.25,0.031578947368421054,4.681622946502511,19,1,18,0.05263157894736842,0.09473684210526316,4.145830804861147,23,4,19,0.17391304347826086,0.1,1.862941
gaussian,gaussian,250,120,80,0.6,20,block_ar1,0.6,212,16,3,13,10,0,10,0.1875,0.06842105263157895,0.0,0.05263157894736842,22,5,17,10,0,10,0.22727272727272727,0.08947368421052632,0.0,0.05263157894736842,4.362456436661727,22,4,18,0.18181818181818182,0.09473684210526316,4.06451960130306,24,6,18,0.25,0.09473684210526316,4.323510388495276,22,4,18,0.18181818181818182,0.09473684210526316,4.028233399145138,24,6,18,0.25,0.09473684210526316,4.514604221387614,7,1,6,0.14285714285714285,0.031578947368421054,4.207847084183176,9,1,8,0.1111111111111111,0.042105263157894736,4.466919455334878,21,3,18,0.14285714285714285,0.09473684210526316,4.362456436661727,22,4,18,0.18181818181818182,0.09473684210526316,1.66326
gaussian,gaussian,250,120,80,0.6,20,block_ar1,0.6,213,14,3,11,9,1,8,0.21428571428571427,0.05789473684210526,0.1111111111111111,0.042105263157894736,24,7,17,10,2,8,0.2916666666666667,0.08947368421052632,0.2,0.042105263157894736,4.123241592166773,26,5,21,0.19230769230769232,0.11052631578947368,3.910009992335812,30,8,22,0.26666666666666666,0.11578947368421053,4.1091960055511185,25,5,20,0.2,0.10526315789473684,3.9625809870467528,29,7,22,0.2413793103448276,0.11578947368421053,5.107779435566541,1,0,1,0.0,0.005263157894736842,5.107779435566541,1,0,1,0.0,0.005263157894736842,4.364598459228506,24,4,20,0.16666666666666666,0.10526315789473684,4.04794387098711,28,6,22,0.21428571428571427,0.11578947368421053,1.650444
gaussian,gaussian,250,120,80,0.6,20,block_ar1,0.6,214,17,2,15,6,0,6,0.11764705882352941,0.07894736842105263,0.0,0.031578947368421054,22,5,17,10,0,10,0.22727272727272727,0.08947368421052632,0.0,0.05263157894736842,4.153105340057945,23,3,20,0.13043478260869565,0.10526315789473684,4.153105340057945,23,3,20,0.13043478260869565,0.10526315789473684,4.149462826937676,23,3,20,0.13043478260869565,0.10526315789473684,4.149462826937676,23,3,20,0.13043478260869565,0.10526315789473684,inf,0,0,0,0.0,0.0,inf,0,0,0,0.0,0.0,4.691689203540209,19,0,19,0.0,0.1,4.153105340057945,23,3,20,0.13043478260869565,0.10526315789473684,1.692753
gaussian,gaussian,250,120,80,0.6,20,block_ar1,0.6,215,13,0,13,11,0,11,0.0,0.06842105263157895,0.0,0.05789473684210526,16,0,16,12,0,12,0.0,0.08421052631578947,0.0,0.06315789473684211,4.5859612898945095,20,0,20,0.0,0.10526315789473684,3.953506003734568,25,2,23,0.08,0.12105263157894737,4.5406969874789205,20,0,20,0.0,0.10526315789473684,4.0296082584158475,22,0,22,0.0,0.11578947368421053,4.614537948555038,4,0,4,0.0,0.021052631578947368,4.3896785982142825,5,0,5,0.0,0.02631578947368421,4.5859612898945095,20,0,20,0.0,0.10526315789473684,4.5859612898945095,20,0,20,0.0,0.10526315789473684,1.683881
gaussian,gaussian,250,120,80,0.6,20,block_ar1,0.6,216,18,1,17,12,0,12,0.05555555555555555,0.08947368421052632,0.0,0.06315789473684211,20,1,19,12,0,12,0.05,0.1,0.0,0.06315789473684211,4.223270977046501,21,1,20,0.047619047619047616,0.10526315789473684,3.9964288377687467,23,1,22,0.043478260869565216,0.11578947368421053,4.18996016774502,21,1,20,0.047619047619047616,0.10526315789473684,3.9649072329213704,23,1,22,0.043478260869565216,0.11578947368421053,inf,0,0,0,0.0,0.0,4.204530264531298,9,0,9,0.0,0.04736842105263158,5.410067731358382,18,0,18,0.0,0.09473684210526316,4.223270977046501,21,1,20,0.047619047619047616,0.10526315789473684,1.616552
gaussian,gaussian,250,120,80,0.6,20,block_ar1,0.6,217,15,1,14,10,0,10,0.06666666666666667,0.07368421052631578,0.0,0.05263157894736842,21,3,18,11,0,11,0.14285714285714285,0.09473684210526316,0.0,0.05789473684210526,4.218581550956611,22,2,20,0.09090909090909091,0.10526315789473684,4.015235580700624,24,4,20,0.16666666666666666,0.10526315789473684,4.168813564497095,22,2,20,0.09090909090909091,0.10526315789473684,3.9678665331669194,24,4,20,0.16666666666666666,0.10526315789473684,4.390170923953275,10,2,8,0.2,0.042105263157894736,4.200399905540957,13,2,11,0.15384615384615385,0.05789473684210526,4.481746372949696,20,1,19,0.05,0.1,4.218581550956611,22,2,20,0.09090909090909091,0.10526315789473684,1.787511
gaussian,gaussian,250,120,80,0.6,20,block_ar1,0.6,218,14,0,14,10,0,10,0.0,0.07368421052631578,0.0,0.05263157894736842,15,1,14,11,0,11,0.06666666666666667,0.07368421052631578,0.0,0.05789473684210526,4.181503358964818,19,1,18,0.05263157894736842,0.09473684210526316,4.058159827929514,21,2,19,0.09523809523809523,0.1,4.24571321954705,16,0,16,0.0,0.08421052631578947,4.0033551566883725,21,2,19,0.09523809523809523,0.1,4.345621863977856,9,1,8,0.1111111111111111,0.042105263157894736,4.345621863977856,9,1,8,0.1111111111111111,0.042105263157894736,4.778926872499228,15,0,15,0.0,0.07894736842105263,4.143114750438793,20,2,18,0.1,0.09473684210526316,1.692544
gaussian,gaussian,250,120,80,0.6,20,block_ar1,0.6,219,14,1,13,6,0,6,0.07142857142857142,0.06842105263157895,0.0,0.031578947368421054,18,1,17,7,0,7,0.05555555555555555,0.08947368421052632,0.0,0.03684210526315789,4.181600156178638,21,2,19,0.09523809523809523,0.1,3.980690086131177,24,3,21,0.125,0.11052631578947368,4.147085046949387,21,2,19,0.09523809523809523,0.1,4.006068149730281,23,2,21,0.08695652173913043,0.11052631578947368,5.078594674494734,1,0,1,0.0,0.005263157894736842,4.326748287333278,5,0,5,0.0,0.02631578947368421,4.474373309634358,19,1,18,0.05263157894736842,0.09473684210526316,4.181600156178638,21,2,19,0.09523809523809523,0.1,1.611451
gaussian,gaussian,250,120,80,0.6,20,block_ar1,0.6,220,15,2,13,9,0,9,0.13333333333333333,0.06842105263157895,0.0,0.04736842105263158,17,2,15,11,0,11,0.11764705882352941,0.07894736842105263,0.0,0.05789473684210526,4.163954087199703,22,4,18,0.18181818181818182,0.09473684210526316,3.9924114145956624,23,4,19,0.17391304347826086,0.1,4.269060292502904,18,1,17,0.05555555555555555,0.08947368421052632,4.1222355278396385,21,3,18,0.14285714285714285,0.09473684210526316,4.5878428880371285,5,0,5,0.0,0.02631578947368421,4.292664216933997,6,0,6,0.0,0.031578947368421054,4.599475339410228,18,1,17,0.05555555555555555,0.08947368421052632,4.312264773183759,19,2,17,0.10526315789473684,0.08947368421052632,1.717697
gaussian,gaussian,250,120,80,0.6,20,block_ar1,0.6,221,17,2,15,14,0,14,0.11764705882352941,0.07894736842105263,0.0,0.07368421052631578,25,6,19,15,1,14,0.24,0.1,0.06666666666666667,0.07368421052631578,4.1174184204513535,29,4,25,0.13793103448275862,0.13157894736842105,3.9097926395434053,32,7,25,0.21875,0.13157894736842105,4.078162953703868,29,4,25,0.13793103448275862,0.13157894736842105,3.9115389730043875,31,6,25,0.1935483870967742,0.13157894736842105,4.612416332979441,4,1,3,0.25,0.015789473684210527,4.2945084836818115,8,2,6,0.25,0.031578947368421054,4.377587952895825,25,2,23,0.08,0.12105263157894737,4.1174184204513535,29,4,25,0.13793103448275862,0.13157894736842105,1.634275
gaussian,gaussian,250,120,80,0.6,20,block_ar1,0.6,222,15,1,14,7,0,7,0.06666666666666667,0.07368421052631578,0.0,0.03684210526315789,22,4,18,10,0,10,0.18181818181818182,0.09473684210526316,0.0,0.05263157894736842,4.139293818972848,23,2,21,0.08695652173913043,0.11052631578947368,3.959689538410601,26,4,22,0.15384615384615385,0.11578947368421053,4.185874498719214,21,1,20,0.047619047619047616,0.10526315789473684,3.979818539872978,25,4,21,0.16,0.11052631578947368,4.759990766866916,4,0,4,0.0,0.021052631578947368,4.3968172265010805,5,0,5,0.0,0.02631578947368421,4.892057922517337,18,0,18,0.0,0.09473684210526316,4.111621367324235,24,3,21,0.125,0.11052631578947368,1.535623
gaussian,gaussian,250,120,80,0.6,20,block_ar1,0.6,223,15,0,15,8,0,8,0.0,0.07894736842105263,0.0,0.042105263157894736,16,0,16,10,0,10,0.0,0.08421052631578947,0.0,0.05263157894736842,4.385766626335545,20,0,20,0.0,0.10526315789473684,4.385766626335545,20,0,20,0.0,0.10526315789473684,4.346107248901884,20,0,20,0.0,0.10526315789473684,4.346107248901884,20,0,20,0.0,0.10526315789473684,4.55596271227801,4,0,4,0.0,0.021052631578947368,4.424222667074339,5,0,5,0.0,0.02631578947368421,4.637799203777547,19,0,19,0.0,0.1,4.385766626335545,20,0,20,0.0,0.10526315789473684,1.905955
gaussian,gaussian,250,120,80,0.6,20,block_ar1,0.6,224,17,1,16,9,0,9,0.058823529411764705,0.08421052631578947,0.0,0.04736842105263158,21,3,18,13,0,13,0.14285714285714285,0.09473684210526316,0.0,0.06842105263157895,4.161376326797024,23,1,22,0.043478260869565216,0.11578947368421053,3.969710666061714,25,3,22,0.12,0.11578947368421053,4.131338247057058,23,1,22,0.043478260869565216,0.11578947368421053,3.964503664908062,24,2,22,0.08333333333333333,0.11578947368421053,4.927624493548523,3,0,3,0.0,0.015789473684210527,4.385407667997357,4,0,4,0.0,0.021052631578947368,4.588869585187071,19,0,19,0.0,0.1,4.161376326797024,23,1,22,0.043478260869565216,0.11578947368421053,1.57266
gaussian,gaussian,250,120,80,0.6,20,block_ar1,0.6,225,11,0,11,7,0,7,0.0,0.05789473684210526,0.0,0.03684210526315789,18,1,17,8,0,8,0.05555555555555555,0.08947368421052632,0.0,0.042105263157894736,4.82892268133749,19,0,19,0.0,0.1,4.136698211898477,20,0,20,0.0,0.10526315789473684,4.785277995102324,19,0,19,0.0,0.1,4.099309977001771,20,0,20,0.0,0.10526315789473684,4.606236267815492,3,0,3,0.0,0.015789473684210527,4.252417187717664,7,2,5,0.2857142857142857,0.02631578947368421,4.82892268133749,19,0,19,0.0,0.1,4.82892268133749,19,0,19,0.0,0.1,1.663487
gaussian,gaussian,250,120,80,0.6,20,block_ar1,0.6,226,14,1,13,10,0,10,0.07142857142857142,0.06842105263157895,0.0,0.05263157894736842,17,2,15,11,0,11,0.11764705882352941,0.07894736842105263,0.0,0.05789473684210526,4.252956233680248,20,1,19,0.05,0.1,4.073260003713309,22,3,19,0.13636363636363635,0.1,4.218673507172699,20,1,19,0.05,0.1,4.040425793571295,22,3,19,0.13636363636363635,0.1,4.403159749682927,7,0,7,0.0,0.03684210526315789,4.178432603444,10,2,8,0.2,0.042105263157894736,4.506592742776038,19,1,18,0.05263157894736842,0.09473684210526316,4.073260003713309,22,3,19,0.13636363636363635,0.1,1.738345
gaussian,gaussian,250,120,80,0.6,20,block_ar1,0.6,227,19,2,17,12,0,12,0.10526315789473684,0.08947368421052632,0.0,0.06315789473684211,25,4,21,15,1,14,0.16,0.11052631578947368,0.06666666666666667,0.07368421052631578,4.528691718524542,28,4,24,0.14285714285714285,0.12631578947368421,3.870364707405519,35,7,28,0.2,0.14736842105263157,4.4969831140641565,28,4,24,0.14285714285714285,0.12631578947368421,3.8799707973397033,33,7,26,0.21212121212121213,0.1368421052631579,4.547109493134799,5,1,4,0.2,0.021052631578947368,4.319354328700473,8,2,6,0.25,0.031578947368421054,4.528691718524542,28,4,24,0.14285714285714285,0.12631578947368421,3.9985009181319264,30,5,25,0.16666666666666666,0.13157894736842105,1.574095
gaussian,gaussian,250,120,80,0.6,20,block_ar1,0.6,228,22,1,21,15,0,15,0.045454545454545456,0.11052631578947368,0.0,0.07894736842105263,25,3,22,16,0,16,0.12,0.11578947368421053,0.0,0.08421052631578947,4.164699225887031,27,3,24,0.1111111111111111,0.12631578947368421,3.986436278766491,30,5,25,0.16666666666666666,0.13157894736842105,4.115319181688875,27,3,24,0.1111111111111111,0.12631578947368421,3.9391698643241146,30,5,25,0.16666666666666666,0.13157894736842105,4.42425726955246,8,0,8,0.0,0.042105263157894736,4.059427833730526,16,2,14,0.125,0.07368421052631578,4.345815439482999,25,1,24,0.04,0.12631578947368421,4.013908197362609,28,3,25,0.10714285714285714,0.13157894736842105,1.613332
gaussian,gaussian,250,120,80,0.6,20,block_ar1,0.6,229,20,2,18,12,0,12,0.1,0.09473684210526316,0.0,0.06315789473684211,30,8,22,16,1,15,0.26666666666666666,0.11578947368421053,0.0625,0.07894736842105263,4.06052567522085,31,7,24,0.22580645161290322,0.12631578947368421,3.918204474789263,35,10,25,0.2857142857142857,0.13157894736842105,4.290104095848169,28,4,24,0.14285714285714285,0.12631578947368421,3.898439991421684,35,10,25,0.2857142857142857,0.13157894736842105,4.741579882264221,4,0,4,0.0,0.021052631578947368,4.183289245172252,9,0,9,0.0,0.04736842105263158,4.311854255202719,28,4,24,0.14285714285714285,0.12631578947368421,3.935690741045756,34,9,25,0.2647058823529412,0.13157894736842105,1.840693
gaussian,gaussian,250,120,80,0.6,20,block_ar1,0.6,230,18,0,18,10,0,10,0.0,0.09473684210526316,0.0,0.05263157894736842,21,2,19,10,0,10,0.09523809523809523,0.1,0.0,0.05263157894736842,4.4054976375588355,21,0,21,0.0,0.11052631578947368,4.079800421533028,23,2,21,0.08695652173913043,0.11052631578947368,4.346979699486535,21,0,21,0.0,0.11052631578947368,4.025608698359864,23,2,21,0.08695652173913043,0.11052631578947368,4.804508951711983,2,0,2,0.0,0.010526315789473684,4.2754865575378345,6,0,6,0.0,0.031578947368421054,4.4054976375588355,21,0,21,0.0,0.11052631578947368,4.4054976375588355,21,0,21,0.0,0.11052631578947368,1.685739
gaussian,gaussian,250,120,80,0.6,20,block_ar1,0.6,231,18,1,17,10,0,10,0.05555555555555555,0.08947368421052632,0.0,0.05263157894736842,24,4,20,12,0,12,0.16666666666666666,0.10526315789473684,0.0,0.06315789473684211,4.08928635536816,29,5,24,0.1724137931034483,0.12631578947368421,3.937488545329416,31,7,24,0.22580645161290322,0.12631578947368421,4.162919116479105,27,4,23,0.14814814814814814,0.12105263157894737,3.902518235170624,31,7,24,0.22580645161290322,0.12631578947368421,4.433832025105607,6,1,5,0.16666666666666666,0.02631578947368421,4.102977908763486,14,3,11,0.21428571428571427,0.05789473684210526,4.389601896790554,26,3,23,0.11538461538461539,0.12105263157894737,4.08928635536816,29,5,24,0.1724137931034483,0.12631578947368421,1.61894
gaussian,gaussian,250,120,80,0.6,20,block_ar1,0.6,232,17,1,16,11,0,11,0.058823529411764705,0.08421052631578947,0.0,0.05789473684210526,18,2,16,13,0,13,0.1111111111111111,0.08421052631578947,0.0,0.06842105263157895,4.519139599322962,21,2,19,0.09523809523809523,0.1,4.001652153144101,23,3,20,0.13043478260869565,0.10526315789473684,4.508150136868435,21,2,19,0.09523809523809523,0.1,3.9919210959093028,23,3,20,0.13043478260869565,0.10526315789473684,5.682445855705632,2,0,2,0.0,0.010526315789473684,4.197886760885906,9,0,9,0.0,0.04736842105263158,4.519139599322962,21,2,19,0.09523809523809523,0.1,4.519139599322962,21,2,19,0.09523809523809523,0.1,1.628018
gaussian,gaussian,250,120,80,0.6,20,block_ar1,0.6,233,9,0,9,5,0,5,0.0,0.04736842105263158,0.0,0.02631578947368421,16,3,13,5,0,5,0.1875,0.06842105263157895,0.0,0.02631578947368421,4.459954557131956,18,0,18,0.0,0.09473684210526316,3.9812298484612207,22,4,18,0.18181818181818182,0.09473684210526316,4.403336519977247,18,0,18,0.0,0.09473684210526316,4.109218615461439,19,1,18,0.05263157894736842,0.09473684210526316,4.924281308830206,1,0,1,0.0,0.005263157894736842,4.432228077257699,4,0,4,0.0,0.021052631578947368,4.648187730048148,17,0,17,0.0,0.08947368421052632,4.459954557131956,18,0,18,0.0,0.09473684210526316,1.69995
gaussian,gaussian,250,120,80,0.6,20,block_ar1,0.6,234,17,1,16,13,0,13,0.058823529411764705,0.08421052631578947,0.0,0.06842105263157895,19,2,17,14,0,14,0.10526315789473684,0.08947368421052632,0.0,0.07368421052631578,4.212215688852136,25,3,22,0.12,0.11578947368421053,3.9503850007523287,27,4,23,0.14814814814814814,0.12105263157894737,4.151139937291971,25,3,22,0.12,0.11578947368421053,4.151139937291971,25,3,22,0.12,0.11578947368421053,4.415724717998029,8,0,8,0.0,0.042105263157894736,4.16077895792895,14,2,12,0.14285714285714285,0.06315789473684211,4.4548071791610955,24,3,21,0.125,0.11052631578947368,4.212215688852136,25,3,22,0.12,0.11578947368421053,1.594071
gaussian,gaussian,250,120,80,0.6,20,block_ar1,0.6,235,12,0,12,9,0,9,0.0,0.06315789473684211,0.0,0.04736842105263158,15,0,15,11,0,11,0.0,0.07894736842105263,0.0,0.05789473684210526,4.223719139361432,18,2,16,0.1111111111111111,0.08421052631578947,4.054138474738703,20,2,18,0.1,0.09473684210526316,4.199479873256376,18,2,16,0.1111111111111111,0.08421052631578947,4.03087240564804,20,2,18,0.1,0.09473684210526316,inf,0,0,0,0.0,0.0,inf,0,0,0,0.0,0.0,5.160405124177878,15,0,15,0.0,0.07894736842105263,4.149961275139432,19,2,17,0.10526315789473684,0.08947368421052632,1.664175
gaussian,gaussian,250,120,80,0.6,20,block_ar1,0.6,236,9,0,9,4,0,4,0.0,0.04736842105263158,0.0,0.021052631578947368,13,2,11,4,0,4,0.15384615384615385,0.05789473684210526,0.0,0.021052631578947368,4.164624911386936,22,1,21,0.045454545454545456,0.11052631578947368,3.936903425105646,26,3,23,0.11538461538461539,0.12105263157894737,4.2166621652861735,20,0,20,0.0,0.10526315789473684,3.9438004342235535,25,3,22,0.12,0.11578947368421053,4.837530164557662,2,0,2,0.0,0.010526315789473684,4.837530164557662,2,0,2,0.0,0.010526315789473684,4.804952976386522,17,0,17,0.0,0.08947368421052632,4.052244882868999,24,2,22,0.08333333333333333,0.11578947368421053,1.908835
gaussian,gaussian,250,120,80,0.6,20,block_ar1,0.6,237,13,1,12,8,0,8,0.07692307692307693,0.06315789473684211,0.0,0.042105263157894736,15,2,13,9,0,9,0.13333333333333333,0.06842105263157895,0.0,0.04736842105263158,4.2614834918506554,23,3,20,0.13043478260869565,0.10526315789473684,3.9807524821905997,24,4,20,0.16666666666666666,0.10526315789473684,4.214116232986615,23,3,20,0.13043478260869565,0.10526315789473684,4.214116232986615,23,3,20,0.13043478260869565,0.10526315789473684,4.503666372522788,5,0,5,0.0,0.02631578947368421,4.288883911263177,6,0,6,0.0,0.031578947368421054,4.389177150581894,20,2,18,0.1,0.09473684210526316,4.2614834918506554,23,3,20,0.13043478260869565,0.10526315789473684,1.743956
gaussian,gaussian,250,120,80,0.6,20,block_ar1,0.6,238,12,1,11,10,0,10,0.08333333333333333,0.05789473684210526,0.0,0.05263157894736842,18,1,17,11,1,10,0.05555555555555555,0.08947368421052632,0.09090909090909091,0.05263157894736842,4.16466398114808,22,2,20,0.09090909090909091,0.10526315789473684,3.9935890220767085,23,3,20,0.13043478260869565,0.10526315789473684,4.2452387359020225,21,1,20,0.047619047619047616,0.10526315789473684,4.114026015947174,22,2,20,0.09090909090909091,0.10526315789473684,4.62420860045949,5,0,5,0.0,0.02631578947368421,4.381525035352695,6,0,6,0.0,0.031578947368421054,4.9021838129569035,20,1,19,0.05,0.1,4.16466398114808,22,2,20,0.09090909090909091,0.10526315789473684,1.658912
gaussian,gaussian,250,120,80,0.6,20,block_ar1,0.6,239,7,0,7,4,0,4,0.0,0.03684210526315789,0.0,0.021052631578947368,11,2,9,5,0,5,0.18181818181818182,0.04736842105263158,0.0,0.02631578947368421,4.278952554163841,14,0,14,0.0,0.07368421052631578,4.05187374381482,18,2,16,0.1111111111111111,0.08421052631578947,4.251375809554034,14,0,14,0.0,0.07368421052631578,4.025760463517838,18,2,16,0.1111111111111111,0.08421052631578947,4.970477152730229,1,0,1,0.0,0.005263157894736842,4.970477152730229,1,0,1,0.0,0.005263157894736842,4.795125730940812,13,0,13,0.0,0.06842105263157895,4.795125730940812,13,0,13,0.0,0.06842105263157895,1.683213
gaussian,gaussian,250,120,80,0.6,20,block_ar1,0.6,240,16,2,14,8,0,8,0.125,0.07368421052631578,0.0,0.042105263157894736,16,2,14,11,0,11,0.125,0.07368421052631578,0.0,0.05789473684210526,4.309278334212309,20,3,17,0.15,0.08947368421052632,4.309278334212309,20,3,17,0.15,0.08947368421052632,4.266733237178803,20,3,17,0.15,0.08947368421052632,4.266733237178803,20,3,17,0.15,0.08947368421052632,4.484978168661109,5,1,4,0.2,0.021052631578947368,4.21405216021538,10,3,7,0.3,0.03684210526315789,4.442530216120998,19,2,17,0.10526315789473684,0.08947368421052632,4.309278334212309,20,3,17,0.15,0.08947368421052632,1.671589
gaussian,gaussian,250,120,80,0.6,20,block_ar1,0.6,241,19,1,18,14,0,14,0.05263157894736842,0.09473684210526316,0.0,0.07368421052631578,21,3,18,16,0,16,0.14285714285714285,0.09473684210526316,0.0,0.08421052631578947,4.179084812832488,22,2,20,0.09090909090909091,0.10526315789473684,4.040326808513905,24,4,20,0.16666666666666666,0.10526315789473684,4.194059891807026,20,0,20,0.0,0.10526315789473684,3.977061881627832,24,4,20,0.16666666666666666,0.10526315789473684,4.244489233662549,15,1,14,0.06666666666666667,0.07368421052631578,4.106910100753732,16,2,14,0.125,0.07368421052631578,4.748119350889822,19,0,19,0.0,0.1,4.179084812832488,22,2,20,0.09090909090909091,0.10526315789473684,1.584982
gaussian,gaussian,250,120,80,0.6,20,block_ar1,0.6,242,17,3,14,9,0,9,0.17647058823529413,0.07368421052631578,0.0,0.04736842105263158,20,5,15,11,0,11,0.25,0.07894736842105263,0.0,0.05789473684210526,4.23218274653598,24,6,18,0.25,0.09473684210526316,4.002965626619601,27,8,19,0.2962962962962963,0.1,4.201567343919391,24,6,18,0.25,0.09473684210526316,3.974008369417125,27,8,19,0.2962962962962963,0.1,4.674626425395921,2,1,1,0.5,0.005263157894736842,4.353543691887949,5,1,4,0.2,0.021052631578947368,4.69760334130336,17,1,16,0.058823529411764705,0.08421052631578947,4.23218274653598,24,6,18,0.25,0.09473684210526316,1.854504
gaussian,gaussian,250,120,80,0.6,20,block_ar1,0.6,243,15,1,14,12,0,12,0.06666666666666667,0.07368421052631578,0.0,0.06315789473684211,18,3,15,12,0,12,0.16666666666666666,0.07894736842105263,0.0,0.06315789473684211,4.263237184512504,22,1,21,0.045454545454545456,0.11052631578947368,3.9703887933288096,26,4,22,0.15384615384615385,0.11578947368421053,4.235387646796314,22,1,21,0.045454545454545456,0.11052631578947368,3.9444522836620606,26,4,22,0.15384615384615385,0.11578947368421053,inf,0,0,0,0.0,0.0,4.305767440789515,6,1,5,0.16666666666666666,0.02631578947368421,4.402718018946719,21,1,20,0.047619047619047616,0.10526315789473684,4.263237184512504,22,1,21,0.045454545454545456,0.11052631578947368,1.657609
gaussian,gaussian,250,120,80,0.6,20,block_ar1,0.6,244,13,0,13,9,0,9,0.0,0.06842105263157895,0.0,0.04736842105263158,20,4,16,9,0,9,0.2,0.08421052631578947,0.0,0.04736842105263158,4.3197758267517905,20,0,20,0.0,0.10526315789473684,3.936724998709249,26,6,20,0.23076923076923078,0.10526315789473684,4.250136577745604,20,0,20,0.0,0.10526315789473684,3.9645045863808037,23,3,20,0.13043478260869565,0.10526315789473684,4.489513968298695,5,0,5,0.0,0.02631578947368421,4.28181053687529,7,1,6,0.14285714285714285,0.031578947368421054,4.627096330222752,19,0,19,0.0,0.1,4.3197758267517905,20,0,20,0.0,0.10526315789473684,1.609618
gaussian,gaussian,250,120,80,0.6,20,block_ar1,0.6,245,10,0,10,6,0,6,0.0,0.05263157894736842,0.0,0.031578947368421054,14,0,14,6,0,6,0.0,0.07368421052631578,0.0,0.031578947368421054,4.215453065462722,19,1,18,0.05263157894736842,0.09473684210526316,4.002711707513863,22,3,19,0.13636363636363635,0.1,4.3197630567870355,18,1,17,0.05555555555555555,0.08947368421052632,4.097528878142658,20,1,19,0.05,0.1,4.665641665201539,3,0,3,0.0,0.015789473684210527,4.665641665201539,3,0,3,0.0,0.015789473684210527,4.723006832149438,17,1,16,0.058823529411764705,0.08421052631578947,4.1539378365876125,20,1,19,0.05,0.1,1.647434
gaussian,gaussian,250,120,80,0.6,20,block_ar1,0.6,246,18,1,17,10,0,10,0.05555555555555555,0.08947368421052632,0.0,0.05263157894736842,21,1,20,13,0,13,0.047619047619047616,0.10526315789473684,0.0,0.06842105263157895,4.25097414874681,28,3,25,0.10714285714285714,0.13157894736842105,3.9258024005668957,32,4,28,0.125,0.14736842105263157,4.193787413386899,27,3,24,0.1111111111111111,0.12631578947368421,3.9102259241014994,29,3,26,0.10344827586206896,0.1368421052631579,4.3670969655005125,8,0,8,0.0,0.042105263157894736,4.293766047884979,9,0,9,0.0,0.04736842105263158,4.360860081692904,27,2,25,0.07407407407407407,0.13157894736842105,4.0350443500825515,29,3,26,0.10344827586206896,0.1368421052631579,1.706206
gaussian,gaussian,250,120,80,0.6,20,block_ar1,0.6,247,15,1,14,10,1,9,0.06666666666666667,0.07368421052631578,0.1,0.04736842105263158,16,2,14,13,1,12,0.125,0.07368421052631578,0.07692307692307693,0.06315789473684211,4.239415019772149,23,1,22,0.043478260869565216,0.11578947368421053,4.000424885126556,26,3,23,0.11538461538461539,0.12105263157894737,4.183062696180045,21,1,20,0.047619047619047616,0.10526315789473684,3.9900465253928257,23,2,21,0.08695652173913043,0.11052631578947368,4.815246169368721,3,0,3,0.0,0.015789473684210527,4.308255763712354,6,1,5,0.16666666666666666,0.02631578947368421,4.697809778039473,20,1,19,0.05,0.1,4.097429862248499,24,2,22,0.08333333333333333,0.11578947368421053,1.59107
gaussian,gaussian,250,120,80,0.6,20,block_ar1,0.6,248,19,1,18,14,1,13,0.05263157894736842,0.09473684210526316,0.07142857142857142,0.06842105263157895,19,1,18,16,1,15,0.05263157894736842,0.09473684210526316,0.0625,0.07894736842105263,4.233864880294283,26,2,24,0.07692307692307693,0.12631578947368421,3.940433266567285,28,3,25,0.10714285714285714,0.13157894736842105,4.183199111550055,26,2,24,0.07692307692307693,0.12631578947368421,3.9902411745348534,27,2,25,0.07407407407407407,0.13157894736842105,4.38425730646036,8,1,7,0.125,0.03684210526315789,4.162790488204599,10,1,9,0.1,0.04736842105263158,4.377517740185555,25,2,23,0.08,0.12105263157894737,4.233864880294283,26,2,24,0.07692307692307693,0.12631578947368421,1.834875
gaussian,gaussian,250,120,80,0.6,20,block_ar1,0.6,249,15,0,15,12,0,12,0.0,0.07894736842105263,0.0,0.06315789473684211,19,0,19,12,0,12,0.0,0.1,0.0,0.06315789473684211,4.327885544061268,22,1,21,0.045454545454545456,0.11052631578947368,4.0141316165924135,25,3,22,0.12,0.11578947368421053,4.290147265657183,22,1,21,0.045454545454545456,0.11052631578947368,3.979129208382826,25,3,22,0.12,0.11578947368421053,4.745806613583408,3,0,3,0.0,0.015789473684210527,4.404342891777367,5,0,5,0.0,0.02631578947368421,4.58608545636047,21,1,20,0.047619047619047616,0.10526315789473684,4.327885544061268,22,1,21,0.045454545454545456,0.11052631578947368,1.716753
gaussian,gaussian,250,120,80,0.6,20,block_ar1,0.6,250,12,1,11,5,0,5,0.08333333333333333,0.05789473684210526,0.0,0.02631578947368421,13,1,12,6,0,6,0.07692307692307693,0.06315789473684211,0.0,0.031578947368421054,4.1962988984262735,22,3,19,0.13636363636363635,0.1,4.1962988984262735,22,3,19,0.13636363636363635,0.1,4.18237579478036,21,2,19,0.09523809523809523,0.1,4.18237579478036,21,2,19,0.09523809523809523,0.1,5.041825730525321,1,0,1,0.0,0.005263157894736842,4.59697671696334,2,0,2,0.0,0.010526315789473684,4.547813542960275,20,1,19,0.05,0.1,4.1962988984262735,22,3,19,0.13636363636363635,0.1,1.637088
gaussian,gaussian,250,120,80,0.6,20,block_ar1,0.6,251,13,0,13,10,0,10,0.0,0.06842105263157895,0.0,0.05263157894736842,14,0,14,13,0,13,0.0,0.07368421052631578,0.0,0.06842105263157895,4.343559598972819,20,1,19,0.05,0.1,4.343559598972819,20,1,19,0.05,0.1,4.286398835861244,19,1,18,0.05263157894736842,0.09473684210526316,4.286398835861244,19,1,18,0.05263157894736842,0.09473684210526316,inf,0,0,0,0.0,0.0,inf,0,0,0,0.0,0.0,4.617520554472504,18,0,18,0.0,0.09473684210526316,4.343559598972819,20,1,19,0.05,0.1,1.660039
gaussian,gaussian,250,120,80,0.6,20,block_ar1,0.6,252,19,0,19,9,0,9,0.0,0.1,0.0,0.04736842105263158,21,2,19,13,0,13,0.09523809523809523,0.1,0.0,0.06842105263157895,4.436640144478809,22,0,22,0.0,0.11578947368421053,3.993550063407618,25,2,23,0.08,0.12105263157894737,4.390933270640604,21,0,21,0.0,0.11052631578947368,4.390933270640604,21,0,21,0.0,0.11052631578947368,4.839018196760156,2,0,2,0.0,0.010526315789473684,4.350468699177432,5,1,4,0.2,0.021052631578947368,4.436640144478809,22,0,22,0.0,0.11578947368421053,4.436640144478809,22,0,22,0.0,0.11578947368421053,1.638468
gaussian,gaussian,250,120,80,0.6,20,block_ar1,0.6,253,23,2,21,17,1,16,0.08695652173913043,0.11052631578947368,0.058823529411764705,0.08421052631578947,24,2,22,19,1,18,0.08333333333333333,0.11578947368421053,0.05263157894736842,0.09473684210526316,4.119688086915,32,3,29,0.09375,0.15263157894736842,4.119688086915,32,3,29,0.09375,0.15263157894736842,4.053088702954069,32,3,29,0.09375,0.15263157894736842,4.053088702954069,32,3,29,0.09375,0.15263157894736842,4.397162777165703,8,1,7,0.125,0.03684210526315789,4.299281035334368,9,1,8,0.1111111111111111,0.042105263157894736,4.367252001752922,30,2,28,0.06666666666666667,0.14736842105263157,4.119688086915,32,3,29,0.09375,0.15263157894736842,1.613897
gaussian,gaussian,250,120,80,0.6,20,block_ar1,0.6,254,16,1,15,11,0,11,0.0625,0.07894736842105263,0.0,0.05789473684210526,17,1,16,14,1,13,0.058823529411764705,0.08421052631578947,0.07142857142857142,0.06842105263157895,4.414591742971551,20,1,19,0.05,0.1,3.960316808093961,24,3,21,0.125,0.11052631578947368,4.400949392556769,20,1,19,0.05,0.1,4.0376756931241875,22,1,21,0.045454545454545456,0.11052631578947368,4.859437379465676,4,0,4,0.0,0.021052631578947368,4.257253206336212,8,0,8,0.0,0.042105263157894736,4.565896250604042,19,1,18,0.05263157894736842,0.09473684210526316,4.414591742971551,20,1,19,0.05,0.1,1.906153
gaussian,gaussian,250,120,80,0.6,20,block_ar1,0.6,255,16,1,15,11,0,11,0.0625,0.07894736842105263,0.0,0.05789473684210526,19,1,18,11,0,11,0.05263157894736842,0.09473684210526316,0.0,0.05789473684210526,4.277711037160881,22,1,21,0.045454545454545456,0.11052631578947368,3.9446915147698083,25,2,23,0.08,0.12105263157894737,4.241252516342591,22,1,21,0.045454545454545456,0.11052631578947368,4.241252516342591,22,1,21,0.045454545454545456,0.11052631578947368,4.478449085332878,6,0,6,0.0,0.031578947368421054,4.271833750723961,8,1,7,0.125,0.03684210526315789,4.531771966086255,21,0,21,0.0,0.11052631578947368,4.277711037160881,22,1,21,0.045454545454545456,0.11052631578947368,1.65635
gaussian,gaussian,250,120,80,0.6,20,block_ar1,0.6,256,14,1,13,7,0,7,0.07142857142857142,0.06842105263157895,0.0,0.03684210526315789,17,1,16,8,0,8,0.058823529411764705,0.08421052631578947,0.0,0.042105263157894736,4.237659020066515,21,1,20,0.047619047619047616,0.10526315789473684,4.237659020066515,21,1,20,0.047619047619047616,0.10526315789473684,4.209475471277237,21,1,20,0.047619047619047616,0.10526315789473684,4.209475471277237,21,1,20,0.047619047619047616,0.10526315789473684,4.4012729680034335,7,2,5,0.2857142857142857,0.02631578947368421,4.244088106444323,8,2,6,0.25,0.031578947368421054,4.619735298429502,20,0,20,0.0,0.10526315789473684,4.237659020066515,21,1,20,0.047619047619047616,0.10526315789473684,1.742786
gaussian,gaussian,250,120,80,0.6,20,block_ar1,0.6,257,18,1,17,13,0,13,0.05555555555555555,0.08947368421052632,0.0,0.06842105263157895,24,3,21,16,0,16,0.125,0.11052631578947368,0.0,0.08421052631578947,4.125715752798561,24,2,22,0.08333333333333333,0.11578947368421053,3.9779809524229344,26,3,23,0.11538461538461539,0.12105263157894737,4.156873218234617,23,1,22,0.043478260869565216,0.11578947368421053,4.0736207936526405,24,2,22,0.08333333333333333,0.11578947368421053,4.494934130851199,5,0,5,0.0,0.02631578947368421,4.216841419183606,10,1,9,0.1,0.04736842105263158,4.847926140016417,22,0,22,0.0,0.11578947368421053,4.125715752798561,24,2,22,0.08333333333333333,0.11578947368421053,1.621071
gaussian,gaussian,250,120,80,0.6,20,block_ar1,0.6,258,8,0,8,5,0,5,0.0,0.042105263157894736,0.0,0.02631578947368421,13,2,11,5,0,5,0.15384615384615385,0.05789473684210526,0.0,0.02631578947368421,4.356968602401715,17,0,17,0.0,0.08947368421052632,3.9836751374286234,22,3,19,0.13636363636363635,0.1,4.309477349473294,17,0,17,0.0,0.08947368421052632,3.9867589476247547,21,3,18,0.14285714285714285,0.09473684210526316,4.713150549278457,2,0,2,0.0,0.010526315789473684,4.3300946581131665,5,1,4,0.2,0.021052631578947368,4.719010667043593,15,0,15,0.0,0.07894736842105263,4.356968602401715,17,0,17,0.0,0.08947368421052632,1.5616
gaussian,gaussian,250,120,80,0.6,20,block_ar1,0.6,259,18,0,18,11,0,11,0.0,0.09473684210526316,0.0,0.05789473684210526,22,1,21,12,0,12,0.045454545454545456,0.11052631578947368,0.0,0.06315789473684211,4.176388928792719,27,3,24,0.1111111111111111,0.12631578947368421,3.907500053386114,31,7,24,0.22580645161290322,0.12631578947368421,4.112007505741044,27,3,24,0.1111111111111111,0.12631578947368421,3.973838504686791,28,4,24,0.14285714285714285,0.12631578947368421,4.578707658534046,6,0,6,0.0,0.031578947368421054,4.086106650386161,14,0,14,0.0,0.07368421052631578,4.41818343722545,25,2,23,0.08,0.12105263157894737,4.176388928792719,27,3,24,0.1111111111111111,0.12631578947368421,1.803273
gaussian,gaussian,250,120,80,0.6,20,block_ar1,0.6,260,17,0,17,11,0,11,0.0,0.08947368421052632,0.0,0.05789473684210526,19,2,17,11,0,11,0.10526315789473684,0.08947368421052632,0.0,0.05789473684210526,4.488595714758778,20,1,19,0.05,0.1,3.991468474004345,22,3,19,0.13636363636363635,0.1,4.430934767830679,20,1,19,0.05,0.1,4.04001244921822,21,2,19,0.09523809523809523,0.1,4.677768427450829,2,0,2,0.0,0.010526315789473684,4.233081513213101,9,0,9,0.0,0.04736842105263158,4.488595714758778,20,1,19,0.05,0.1,4.488595714758778,20,1,19,0.05,0.1,1.847517
gaussian,gaussian,250,120,80,0.6,20,block_ar1,0.6,261,22,2,20,14,1,13,0.09090909090909091,0.10526315789473684,0.07142857142857142,0.06842105263157895,23,2,21,16,1,15,0.08695652173913043,0.11052631578947368,0.0625,0.07894736842105263,4.132718422983887,31,4,27,0.12903225806451613,0.14210526315789473,3.879392380148141,33,5,28,0.15151515151515152,0.14736842105263157,4.088575575316073,31,4,27,0.12903225806451613,0.14210526315789473,3.9988263420749406,32,5,27,0.15625,0.14210526315789473,4.748436162312404,2,0,2,0.0,0.010526315789473684,4.219894496357612,8,1,7,0.125,0.03684210526315789,4.6280579152036605,26,1,25,0.038461538461538464,0.13157894736842105,4.042000200260162,32,5,27,0.15625,0.14210526315789473,1.546906
gaussian,gaussian,250,120,80,0.6,20,block_ar1,0.6,262,15,1,14,9,0,9,0.06666666666666667,0.07368421052631578,0.0,0.04736842105263158,17,1,16,10,0,10,0.058823529411764705,0.08421052631578947,0.0,0.05263157894736842,4.212347538253108,21,1,20,0.047619047619047616,0.10526315789473684,4.212347538253108,21,1,20,0.047619047619047616,0.10526315789473684,4.178774160849762,21,1,20,0.047619047619047616,0.10526315789473684,4.178774160849762,21,1,20,0.047619047619047616,0.10526315789473684,4.6871204567163485,6,1,5,0.16666666666666666,0.02631578947368421,4.341481965853249,7,1,6,0.14285714285714285,0.031578947368421054,4.645368687591335,20,0,20,0.0,0.10526315789473684,4.212347538253108,21,1,20,0.047619047619047616,0.10526315789473684,1.699268
gaussian,gaussian,250,120,80,0.6,20,block_ar1,0.6,263,11,0,11,6,0,6,0.0,0.05789473684210526,0.0,0.031578947368421054,16,2,14,8,0,8,0.125,0.07368421052631578,0.0,0.042105263157894736,4.257376952404649,18,0,18,0.0,0.09473684210526316,3.9975765742035048,23,4,19,0.17391304347826086,0.1,4.230603834794047,18,0,18,0.0,0.09473684210526316,3.9868036669143203,22,3,19,0.13636363636363635,0.1,5.700767978868049,1,0,1,0.0,0.005263157894736842,5.700767978868049,1,0,1,0.0,0.005263157894736842,4.76835034383725,15,0,15,0.0,0.07894736842105263,4.257376952404649,18,0,18,0.0,0.09473684210526316,1.721061
gaussian,gaussian,250,120,80,0.6,20,block_ar1,0.6,264,18,1,17,11,0,11,0.05555555555555555,0.08947368421052632,0.0,0.05789473684210526,24,3,21,11,0,11,0.125,0.11052631578947368,0.0,0.05789473684210526,4.2340444759642235,26,1,25,0.038461538461538464,0.13157894736842105,3.899797191082501,30,3,27,0.1,0.14210526315789473,4.199873628105573,26,1,25,0.038461538461538464,0.13157894736842105,3.963136468172363,28,3,25,0.10714285714285714,0.13157894736842105,4.501034477788403,5,0,5,0.0,0.02631578947368421,4.121311283411454,12,2,10,0.16666666666666666,0.05263157894736842,4.285544464711492,25,0,25,0.0,0.13157894736842105,4.038264982147297,27,2,25,0.07407407407407407,0.13157894736842105,1.55354
gaussian,gaussian,250,120,80,0.6,20,block_ar1,0.6,265,13,0,13,9,0,9,0.0,0.06842105263157895,0.0,0.04736842105263158,14,0,14,11,0,11,0.0,0.07368421052631578,0.0,0.05789473684210526,4.407276055696468,20,1,19,0.05,0.1,3.9424036394969684,27,3,24,0.1111111111111111,0.12631578947368421,4.347324459537342,20,1,19,0.05,0.1,4.074033444980607,21,1,20,0.047619047619047616,0.10526315789473684,4.5529251913977316,7,1,6,0.14285714285714285,0.031578947368421054,4.3441978167106985,8,1,7,0.125,0.03684210526315789,4.502396610680499,18,0,18,0.0,0.09473684210526316,4.407276055696468,20,1,19,0.05,0.1,1.687743
gaussian,gaussian,250,120,80,0.6,20,block_ar1,0.6,266,16,0,16,10,0,10,0.0,0.08421052631578947,0.0,0.05263157894736842,23,3,20,10,0,10,0.13043478260869565,0.10526315789473684,0.0,0.05263157894736842,4.102081837275585,26,4,22,0.15384615384615385,0.11578947368421053,3.962386663428808,30,7,23,0.23333333333333334,0.12105263157894737,4.127725963354724,25,3,22,0.12,0.11578947368421053,3.927231984428602,29,6,23,0.20689655172413793,0.12105263157894737,4.778881265128288,2,0,2,0.0,0.010526315789473684,4.4147090187046665,6,0,6,0.0,0.031578947368421054,4.4620970812379745,23,2,21,0.08695652173913043,0.11052631578947368,4.06701762574274,27,4,23,0.14814814814814814,0.12105263157894737,1.960032
gaussian,gaussian,250,120,80,0.6,20,block_ar1,0.6,267,19,1,18,10,0,10,0.05263157894736842,0.09473684210526316,0.0,0.05263157894736842,22,3,19,13,0,13,0.13636363636363635,0.1,0.0,0.06842105263157895,4.490187298139476,23,1,22,0.043478260869565216,0.11578947368421053,3.968570887883041,25,3,22,0.12,0.11578947368421053,4.439550959055811,23,1,22,0.043478260869565216,0.11578947368421053,4.038112238196984,24,2,22,0.08333333333333333,0.11578947368421053,5.066033105141769,2,0,2,0.0,0.010526315789473684,4.249257674289987,7,1,6,0.14285714285714285,0.031578947368421054,4.490187298139476,23,1,22,0.043478260869565216,0.11578947368421053,4.490187298139476,23,1,22,0.043478260869565216,0.11578947368421053,1.545382
gaussian,gaussian,250,120,80,0.6,20,block_ar1,0.6,268,17,2,15,5,0,5,0.11764705882352941,0.07894736842105263,0.0,0.02631578947368421,18,2,16,5,0,5,0.1111111111111111,0.08421052631578947,0.0,0.02631578947368421,4.3137314433611795,20,2,18,0.1,0.09473684210526316,4.3137314433611795,20,2,18,0.1,0.09473684210526316,4.292531294126453,20,2,18,0.1,0.09473684210526316,4.292531294126453,20,2,18,0.1,0.09473684210526316,5.331332789676515,1,0,1,0.0,0.005263157894736842,4.447726252188715,3,0,3,0.0,0.015789473684210527,5.01640138401301,18,0,18,0.0,0.09473684210526316,4.3137314433611795,20,2,18,0.1,0.09473684210526316,1.614584
gaussian,gaussian,250,120,80,0.6,20,block_ar1,0.6,269,9,0,9,7,0,7,0.0,0.04736842105263158,0.0,0.03684210526315789,14,1,13,7,0,7,0.07142857142857142,0.06842105263157895,0.0,0.03684210526315789,4.22874212686788,19,1,18,0.05263157894736842,0.09473684210526316,3.999778662214936,22,3,19,0.13636363636363635,0.1,4.184072757925468,19,1,18,0.05263157894736842,0.09473684210526316,4.098241094800461,21,2,19,0.09523809523809523,0.1,4.4760389957678255,6,0,6,0.0,0.031578947368421054,4.4760389957678255,6,0,6,0.0,0.031578947368421054,4.552399636920535,18,0,18,0.0,0.09473684210526316,4.22874212686788,19,1,18,0.05263157894736842,0.09473684210526316,1.811009
gaussian,gaussian,250,120,80,0.6,20,block_ar1,0.6,270,20,1,19,8,0,8,0.05,0.1,0.0,0.042105263157894736,22,2,20,13,0,13,0.09090909090909091,0.10526315789473684,0.0,0.06842105263157895,4.174122544728801,26,2,24,0.07692307692307693,0.12631578947368421,3.9079427369208144,29,4,25,0.13793103448275862,0.13157894736842105,4.139791461381681,26,2,24,0.07692307692307693,0.12631578947368421,3.9317775726547017,28,3,25,0.10714285714285714,0.13157894736842105,4.629898475975318,3,0,3,0.0,0.015789473684210527,4.196076861351332,10,2,8,0.2,0.042105263157894736,4.419678916217459,24,2,22,0.08333333333333333,0.11578947368421053,4.081388568198823,27,2,25,0.07407407407407407,0.13157894736842105,1.58649
gaussian,gaussian,250,120,80,0.6,20,block_ar1,0.6,271,13,2,11,4,0,4,0.15384615384615385,0.05789473684210526,0.0,0.021052631578947368,18,2,16,9,0,9,0.1111111111111111,0.08421052631578947,0.0,0.04736842105263158,4.249504573065113,22,2,20,0.09090909090909091,0.10526315789473684,4.072159955879779,23,2,21,0.08695652173913043,0.11052631578947368,4.203931428732116,22,2,20,0.09090909090909091,0.10526315789473684,4.028488716038637,23,2,21,0.08695652173913043,0.11052631578947368,4.583554783469797,4,0,4,0.0,0.021052631578947368,4.30278245088259,6,0,6,0.0,0.031578947368421054,4.883424123446764,19,0,19,0.0,0.1,4.249504573065113,22,2,20,0.09090909090909091,0.10526315789473684,1.60895
gaussian,gaussian,250,120,80,0.6,20,block_ar1,0.6,272,19,3,16,10,0,10,0.15789473684210525,0.08421052631578947,0.0,0.05263157894736842,23,7,16,12,0,12,0.30434782608695654,0.08421052631578947,0.0,0.06315789473684211,4.226536454577708,26,5,21,0.19230769230769232,0.11052631578947368,3.9932199352458544,31,10,21,0.3225806451612903,0.11052631578947368,4.139706387103562,26,5,21,0.19230769230769232,0.11052631578947368,3.911183128005977,31,10,21,0.3225806451612903,0.11052631578947368,4.364300631695642,9,0,9,0.0,0.04736842105263158,4.05410769295306,16,3,13,0.1875,0.06842105263157895,4.62735855222678,20,1,19,0.05,0.1,4.226536454577708,26,5,21,0.19230769230769232,0.11052631578947368,2.012968
gaussian,gaussian,250,120,80,0.6,20,block_ar1,0.6,273,15,0,15,6,0,6,0.0,0.07894736842105263,0.0,0.031578947368421054,17,1,16,8,0,8,0.058823529411764705,0.08421052631578947,0.0,0.042105263157894736,4.193284700060561,21,0,21,0.0,0.11052631578947368,3.9537393376963865,25,3,22,0.12,0.11578947368421053,4.152280942616533,21,0,21,0.0,0.11052631578947368,4.152280942616533,21,0,21,0.0,0.11052631578947368,4.697108224755414,3,0,3,0.0,0.015789473684210527,4.3620529609030285,7,0,7,0.0,0.03684210526315789,4.364110262220175,20,0,20,0.0,0.10526315789473684,4.193284700060561,21,0,21,0.0,0.11052631578947368,1.542407
gaussian,gaussian,250,120,80,0.6,20,block_ar1,0.6,274,11,0,11,8,0,8,0.0,0.05789473684210526,0.0,0.042105263157894736,14,1,13,11,0,11,0.07142857142857142,0.06842105263157895,0.0,0.05789473684210526,4.154732821862613,23,1,22,0.043478260869565216,0.11578947368421053,4.154732821862613,23,1,22,0.043478260869565216,0.11578947368421053,4.304145708163068,22,1,21,0.045454545454545456,0.11052631578947368,4.101336128810476,23,1,22,0.043478260869565216,0.11578947368421053,5.218461738069902,1,0,1,0.0,0.005263157894736842,5.218461738069902,1,0,1,0.0,0.005263157894736842,4.608049924169715,18,1,17,0.05555555555555555,0.08947368421052632,4.154732821862613,23,1,22,0.043478260869565216,0.11578947368421053,1.612352
gaussian,gaussian,250,120,80,0.6,20,block_ar1,0.6,275,16,1,15,10,0,10,0.0625,0.07894736842105263,0.0,0.05263157894736842,20,2,18,12,0,12,0.1,0.09473684210526316,0.0,0.06315789473684211,4.2168190105879875,20,2,18,0.1,0.09473684210526316,3.971523825471474,24,4,20,0.16666666666666666,0.10526315789473684,4.178180934671493,20,2,18,0.1,0.09473684210526316,4.0206125060201,21,2,19,0.09523809523809523,0.1,4.691680911307087,2,0,2,0.0,0.010526315789473684,4.310326479377468,6,2,4,0.3333333333333333,0.021052631578947368,4.726737192385463,18,1,17,0.05555555555555555,0.08947368421052632,4.2168190105879875,20,2,18,0.1,0.09473684210526316,1.838424
gaussian,gaussian,250,120,80,0.6,20,block_ar1,0.6,276,17,3,14,8,0,8,0.17647058823529413,0.07368421052631578,0.0,0.042105263157894736,18,3,15,8,0,8,0.16666666666666666,0.07894736842105263,0.0,0.042105263157894736,4.329724145751499,21,3,18,0.14285714285714285,0.09473684210526316,4.329724145751499,21,3,18,0.14285714285714285,0.09473684210526316,4.284073462066,21,3,18,0.14285714285714285,0.09473684210526316,4.284073462066,21,3,18,0.14285714285714285,0.09473684210526316,4.532819702780668,4,0,4,0.0,0.021052631578947368,4.17063067563113,11,3,8,0.2727272727272727,0.042105263157894736,4.478865916838802,19,2,17,0.10526315789473684,0.08947368421052632,4.329724145751499,21,3,18,0.14285714285714285,0.09473684210526316,1.621482
gaussian,gaussian,250,120,80,0.6,20,block_ar1,0.6,277,15,1,14,9,0,9,0.06666666666666667,0.07368421052631578,0.0,0.04736842105263158,18,3,15,11,1,10,0.16666666666666666,0.07894736842105263,0.09090909090909091,0.05263157894736842,4.178382468358158,25,4,21,0.16,0.11052631578947368,3.9528542659276384,28,6,22,0.21428571428571427,0.11578947368421053,4.1396699461041955,25,4,21,0.16,0.11052631578947368,3.9162312521429468,28,6,22,0.21428571428571427,0.11578947368421053,4.829535184812686,3,0,3,0.0,0.015789473684210527,4.829535184812686,3,0,3,0.0,0.015789473684210527,4.573200011592322,21,2,19,0.09523809523809523,0.1,4.090208266078712,26,5,21,0.19230769230769232,0.11052631578947368,1.600117
gaussian,gaussian,250,120,80,0.6,20,block_ar1,0.6,278,13,0,13,11,0,11,0.0,0.06842105263157895,0.0,0.05789473684210526,19,3,16,11,0,11,0.15789473684210525,0.08421052631578947,0.0,0.05789473684210526,4.123263546213998,25,1,24,0.04,0.12631578947368421,3.9901307398077144,27,3,24,0.1111111111111111,0.12631578947368421,4.387432142523867,24,0,24,0.0,0.12631578947368421,3.951902126673973,27,3,24,0.1111111111111111,0.12631578947368421,4.710513164757402,2,0,2,0.0,0.010526315789473684,4.468581159558875,3,0,3,0.0,0.015789473684210527,4.4298738429129,24,0,24,0.0,0.12631578947368421,4.058973503130688,26,2,24,0.07692307692307693,0.12631578947368421,1.716679
gaussian,gaussian,250,120,80,0.6,20,block_ar1,0.6,279,10,0,10,9,0,9,0.0,0.05263157894736842,0.0,0.04736842105263158,18,5,13,9,0,9,0.2777777777777778,0.06842105263157895,0.0,0.04736842105263158,4.17203497876945,19,3,16,0.15789473684210525,0.08421052631578947,4.117087384753995,22,5,17,0.22727272727272727,0.08947368421052632,4.55351289939432,17,1,16,0.058823529411764705,0.08421052631578947,4.077972508738521,22,5,17,0.22727272727272727,0.08947368421052632,inf,0,0,0,0.0,0.0,4.6085084097416305,2,0,2,0.0,0.010526315789473684,4.597189037993343,17,1,16,0.058823529411764705,0.08421052631578947,4.117087384753995,22,5,17,0.22727272727272727,0.08947368421052632,1.746681
gaussian,gaussian,250,120,80,0.6,20,block_ar1,0.6,280,15,1,14,13,1,12,0.06666666666666667,0.07368421052631578,0.07692307692307693,0.06315789473684211,19,1,18,13,1,12,0.05263157894736842,0.09473684210526316,0.07692307692307693,0.06315789473684211,4.451358262717762,22,2,20,0.09090909090909091,0.10526315789473684,4.451358262717762,22,2,20,0.09090909090909091,0.10526315789473684,4.388761389020598,22,2,20,0.09090909090909091,0.10526315789473684,4.388761389020598,22,2,20,0.09090909090909091,0.10526315789473684,4.511710984804032,6,0,6,0.0,0.031578947368421054,4.216068717298162,8,1,7,0.125,0.03684210526315789,4.451358262717762,22,2,20,0.09090909090909091,0.10526315789473684,4.451358262717762,22,2,20,0.09090909090909091,0.10526315789473684,1.627383
gaussian,gaussian,250,120,80,0.6,20,block_ar1,0.6,281,14,1,13,10,0,10,0.07142857142857142,0.06842105263157895,0.0,0.05263157894736842,14,1,13,14,1,13,0.07142857142857142,0.06842105263157895,0.07142857142857142,0.06842105263157895,4.334397948333711,17,1,16,0.058823529411764705,0.08421052631578947,4.033662813822765,20,3,17,0.15,0.08947368421052632,4.306000001763223,17,1,16,0.058823529411764705,0.08421052631578947,4.007235212472885,20,3,17,0.15,0.08947368421052632,4.4870071574389785,5,0,5,0.0,0.02631578947368421,4.4870071574389785,5,0,5,0.0,0.02631578947368421,4.659746407820222,15,1,14,0.06666666666666667,0.07368421052631578,4.334397948333711,17,1,16,0.058823529411764705,0.08421052631578947,1.667311
gaussian,gaussian,250,120,80,0.6,20,block_ar1,0.6,282,10,1,9,4,0,4,0.1,0.04736842105263158,0.0,0.021052631578947368,13,3,10,6,0,6,0.23076923076923078,0.05263157894736842,0.0,0.031578947368421054,4.158050298242177,21,3,18,0.14285714285714285,0.09473684210526316,3.9751732915901554,25,6,19,0.24,0.1,4.404118705564044,16,1,15,0.0625,0.07894736842105263,4.006611254870248,21,4,17,0.19047619047619047,0.08947368421052632,inf,0,0,0,0.0,0.0,4.2938153150248075,6,1,5,0.16666666666666666,0.02631578947368421,4.690344533489491,14,0,14,0.0,0.07368421052631578,4.158050298242177,21,3,18,0.14285714285714285,0.09473684210526316,1.701279
gaussian,gaussian,250,120,80,0.6,20,block_ar1,0.6,283,22,2,20,12,0,12,0.09090909090909091,0.10526315789473684,0.0,0.06315789473684211,23,3,20,12,0,12,0.13043478260869565,0.10526315789473684,0.0,0.06315789473684211,4.135226548687655,26,2,24,0.07692307692307693,0.12631578947368421,3.908524329062529,29,5,24,0.1724137931034483,0.12631578947368421,4.14965266981648,25,1,24,0.04,0.12631578947368421,3.9165629714273997,28,4,24,0.14285714285714285,0.12631578947368421,4.431719587536998,8,1,7,0.125,0.03684210526315789,4.275597637720873,9,2,7,0.2222222222222222,0.03684210526315789,4.399190469297275,24,0,24,0.0,0.12631578947368421,4.135226548687655,26,2,24,0.07692307692307693,0.12631578947368421,1.587249
gaussian,gaussian,250,120,80,0.6,20,block_ar1,0.6,284,13,0,13,11,0,11,0.0,0.06842105263157895,0.0,0.05789473684210526,13,0,13,11,0,11,0.0,0.06842105263157895,0.0,0.05789473684210526,4.163435814281752,23,0,23,0.0,0.12105263157894737,3.9966050498837467,24,0,24,0.0,0.12631578947368421,4.153611812329262,23,0,23,0.0,0.12105263157894737,3.987174700152233,24,0,24,0.0,0.12631578947368421,4.464803797058047,7,0,7,0.0,0.03684210526315789,4.464803797058047,7,0,7,0.0,0.03684210526315789,4.627565105564397,20,0,20,0.0,0.10526315789473684,4.163435814281752,23,0,23,0.0,0.12105263157894737,1.587006
gaussian,gaussian,250,120,80,0.6,20,block_ar1,0.6,285,15,2,13,11,0,11,0.13333333333333333,0.06842105263157895,0.0,0.05789473684210526,17,2,15,12,1,11,0.11764705882352941,0.07894736842105263,0.08333333333333333,0.05789473684210526,4.114667775545987,27,5,22,0.18518518518518517,0.11578947368421053,3.9029347695952463,31,7,24,0.22580645161290322,0.12631578947368421,4.119379783166844,26,5,21,0.19230769230769232,0.11052631578947368,3.928316836105802,29,5,24,0.1724137931034483,0.12631578947368421,4.511695309050336,5,1,4,0.2,0.021052631578947368,4.2424327739573835,7,2,5,0.2857142857142857,0.02631578947368421,4.423965046853553,22,4,18,0.18181818181818182,0.09473684210526316,4.0524826332286175,28,5,23,0.17857142857142858,0.12105263157894737,1.861835
gaussian,gaussian,250,120,80,0.6,20,block_ar1,0.6,286,16,1,15,9,0,9,0.0625,0.07894736842105263,0.0,0.04736842105263158,18,1,17,10,0,10,0.05555555555555555,0.08947368421052632,0.0,0.05263157894736842,4.25601000896789,24,2,22,0.08333333333333333,0.11578947368421053,4.25601000896789,24,2,22,0.08333333333333333,0.11578947368421053,4.234239073453646,23,2,21,0.08695652173913043,0.11052631578947368,4.234239073453646,23,2,21,0.08695652173913043,0.11052631578947368,4.4124869039749095,8,0,8,0.0,0.042105263157894736,4.4124869039749095,8,0,8,0.0,0.042105263157894736,4.5659554260720485,21,0,21,0.0,0.11052631578947368,4.25601000896789,24,2,22,0.08333333333333333,0.11578947368421053,1.678179
gaussian,gaussian,250,120,80,0.6,20,block_ar1,0.6,287,13,0,13,10,0,10,0.0,0.06842105263157895,0.0,0.05263157894736842,13,0,13,12,0,12,0.0,0.06842105263157895,0.0,0.06315789473684211,4.168929022170523,20,2,18,0.1,0.09473684210526316,3.9931533090608347,21,3,18,0.14285714285714285,0.09473684210526316,4.412159586958663,19,2,17,0.10526315789473684,0.08947368421052632,4.149048709397446,20,2,18,0.1,0.09473684210526316,4.67743426083225,2,0,2,0.0,0.010526315789473684,4.321135313932615,5,1,4,0.2,0.021052631578947368,4.4333006047526435,19,2,17,0.10526315789473684,0.08947368421052632,4.168929022170523,20,2,18,0.1,0.09473684210526316,1.57052
gaussian,gaussian,250,120,80,0.6,20,block_ar1,0.6,288,12,0,12,8,0,8,0.0,0.06315789473684211,0.0,0.042105263157894736,13,0,13,10,0,10,0.0,0.06842105263157895,0.0,0.05263157894736842,4.2317737710109515,21,2,19,0.09523809523809523,0.1,4.2317737710109515,21,2,19,0.09523809523809523,0.1,4.215026574795934,21,2,19,0.09523809523809523,0.1,4.215026574795934,21,2,19,0.09523809523809523,0.1,4.430896300666468,6,0,6,0.0,0.031578947368421054,4.217546537657309,8,1,7,0.125,0.03684210526315789,4.568971583708865,18,1,17,0.05555555555555555,0.08947368421052632,4.2317737710109515,21,2,19,0.09523809523809523,0.1,1.623418
gaussian,gaussian,250,120,80,0.6,20,block_ar1,0.6,289,16,0,16,7,0,7,0.0,0.08421052631578947,0.0,0.03684210526315789,17,0,17,8,0,8,0.0,0.08947368421052632,0.0,0.042105263157894736,4.489184172834076,21,0,21,0.0,0.11052631578947368,4.000837197487544,23,1,22,0.043478260869565216,0.11578947368421053,4.433593147584772,20,0,20,0.0,0.10526315789473684,4.03898436858708,21,0,21,0.0,0.11052631578947368,4.690930920736982,2,0,2,0.0,0.010526315789473684,4.485240538181679,3,0,3,0.0,0.015789473684210527,4.489184172834076,21,0,21,0.0,0.11052631578947368,4.489184172834076,21,0,21,0.0,0.11052631578947368,2.322474
gaussian,gaussian,250,120,80,0.6,20,block_ar1,0.6,290,10,0,10,8,0,8,0.0,0.05263157894736842,0.0,0.042105263157894736,15,3,12,8,0,8,0.2,0.06315789473684211,0.0,0.042105263157894736,4.198506018380071,21,2,19,0.09523809523809523,0.1,4.102536561841216,22,3,19,0.13636363636363635,0.1,4.1537993365380705,21,2,19,0.09523809523809523,0.1,4.058851785396338,22,3,19,0.13636363636363635,0.1,4.634916319563799,3,0,3,0.0,0.015789473684210527,4.303081686188529,7,1,6,0.14285714285714285,0.031578947368421054,4.521153559196463,20,1,19,0.05,0.1,4.198506018380071,21,2,19,0.09523809523809523,0.1,1.777555
gaussian,gaussian,250,120,80,0.6,20,block_ar1,0.6,291,18,0,18,9,0,9,0.0,0.09473684210526316,0.0,0.04736842105263158,20,2,18,13,0,13,0.1,0.09473684210526316,0.0,0.06842105263157895,4.540840163497595,22,0,22,0.0,0.11578947368421053,3.937767618556988,27,5,22,0.18518518518518517,0.11578947368421053,4.500408434986538,22,0,22,0.0,0.11578947368421053,3.970710247977681,26,4,22,0.15384615384615385,0.11578947368421053,4.540229146542059,4,0,4,0.0,0.021052631578947368,4.275979114213899,6,0,6,0.0,0.031578947368421054,4.540840163497595,22,0,22,0.0,0.11578947368421053,4.540840163497595,22,0,22,0.0,0.11578947368421053,1.624618
gaussian,gaussian,250,120,80,0.6,20,block_ar1,0.6,292,17,3,14,9,0,9,0.17647058823529413,0.07368421052631578,0.0,0.04736842105263158,19,3,16,10,0,10,0.15789473684210525,0.08421052631578947,0.0,0.05263157894736842,4.119611575557556,25,5,20,0.2,0.10526315789473684,4.096572520737332,26,6,20,0.23076923076923078,0.10526315789473684,4.242023187764394,23,4,19,0.17391304347826086,0.1,4.0597353732029795,25,5,20,0.2,0.10526315789473684,4.70075681442499,5,1,4,0.2,0.021052631578947368,4.285432475409228,7,1,6,0.14285714285714285,0.031578947368421054,4.621403795374724,19,2,17,0.10526315789473684,0.08947368421052632,4.096572520737332,26,6,20,0.23076923076923078,0.10526315789473684,1.717449
gaussian,gaussian,250,120,80,0.6,20,block_ar1,0.6,293,16,1,15,13,0,13,0.0625,0.07894736842105263,0.0,0.06842105263157895,21,4,17,14,0,14,0.19047619047619047,0.08947368421052632,0.0,0.07368421052631578,4.233065760911694,19,1,18,0.05263157894736842,0.09473684210526316,4.032834627712609,23,3,20,0.13043478260869565,0.10526315789473684,4.220314544532501,19,1,18,0.05263157894736842,0.09473684210526316,4.020686565323805,23,3,20,0.13043478260869565,0.10526315789473684,4.301670648005924,11,1,10,0.09090909090909091,0.05263157894736842,4.054239037689186,16,4,12,0.25,0.06315789473684211,4.534142811013574,17,0,17,0.0,0.08947368421052632,4.032834627712609,23,3,20,0.13043478260869565,0.10526315789473684,1.670134
gaussian,gaussian,250,120,80,0.6,20,block_ar1,0.6,294,16,2,14,11,0,11,0.125,0.07368421052631578,0.0,0.05789473684210526,21,4,17,12,0,12,0.19047619047619047,0.08947368421052632,0.0,0.06315789473684211,4.102338052873595,31,5,26,0.16129032258064516,0.1368421052631579,3.954532000437531,32,6,26,0.1875,0.1368421052631579,4.169333156135361,29,5,24,0.1724137931034483,0.12631578947368421,3.891584762281966,32,6,26,0.1875,0.1368421052631579,4.415638039136058,9,2,7,0.2222222222222222,0.03684210526315789,4.124296410245476,12,2,10,0.16666666666666666,0.05263157894736842,4.417935378057565,26,4,22,0.15384615384615385,0.11578947368421053,4.102338052873595,31,5,26,0.16129032258064516,0.1368421052631579,1.596163
gaussian,gaussian,250,120,80,0.6,20,block_ar1,0.6,295,18,0,18,13,0,13,0.0,0.09473684210526316,0.0,0.06842105263157895,19,0,19,16,0,16,0.0,0.1,0.0,0.08421052631578947,4.145231968385939,22,0,22,0.0,0.11578947368421053,3.9541210961555193,24,2,22,0.08333333333333333,0.11578947368421053,4.217118039717768,21,0,21,0.0,0.11052631578947368,4.102996417015493,22,0,22,0.0,0.11578947368421053,4.591237769139684,4,0,4,0.0,0.021052631578947368,4.414489107444092,5,0,5,0.0,0.02631578947368421,4.481279480328878,20,0,20,0.0,0.10526315789473684,4.145231968385939,22,0,22,0.0,0.11578947368421053,1.730809
gaussian,gaussian,250,120,80,0.6,20,block_ar1,0.6,296,15,3,12,8,0,8,0.2,0.06315789473684211,0.0,0.042105263157894736,19,4,15,10,0,10,0.21052631578947367,0.07894736842105263,0.0,0.05263157894736842,4.228741922170218,23,3,20,0.13043478260869565,0.10526315789473684,3.9784752772269902,27,4,23,0.14814814814814814,0.12105263157894737,4.2039473503843405,22,3,19,0.13636363636363635,0.1,3.9551481050620554,26,4,22,0.15384615384615385,0.11578947368421053,4.575495625860581,3,0,3,0.0,0.015789473684210527,4.465575361282193,4,1,3,0.25,0.015789473684210527,4.337610290050307,22,3,19,0.13636363636363635,0.1,4.017468759446499,26,3,23,0.11538461538461539,0.12105263157894737,1.725476
gaussian,gaussian,250,120,80,0.6,20,block_ar1,0.6,297,22,2,20,9,0,9,0.09090909090909091,0.10526315789473684,0.0,0.04736842105263158,27,5,22,10,0,10,0.18518518518518517,0.11578947368421053,0.0,0.05263157894736842,4.080022595499752,29,5,24,0.1724137931034483,0.12631578947368421,4.014334962785205,30,6,24,0.2,0.12631578947368421,4.089868120228059,27,4,23,0.14814814814814814,0.12105263157894737,3.9614527114733407,30,6,24,0.2,0.12631578947368421,4.590763254775903,3,0,3,0.0,0.015789473684210527,4.373451799400666,4,1,3,0.25,0.015789473684210527,4.831279965780586,25,3,22,0.12,0.11578947368421053,4.080022595499752,29,5,24,0.1724137931034483,0.12631578947368421,1.709297
gaussian,gaussian,250,120,80,0.6,20,block_ar1,0.6,298,5,0,5,2,0,2,0.0,0.02631578947368421,0.0,0.010526315789473684,13,2,11,3,0,3,0.15384615384615385,0.05789473684210526,0.0,0.015789473684210527,4.278548357755738,19,4,15,0.21052631578947367,0.07894736842105263,4.028593198131981,22,6,16,0.2727272727272727,0.08421052631578947,4.232432159669377,19,4,15,0.21052631578947367,0.07894736842105263,3.9851711338241995,22,6,16,0.2727272727272727,0.08421052631578947,inf,0,0,0,0.0,0.0,inf,0,0,0,0.0,0.0,4.842632720783212,14,1,13,0.07142857142857142,0.06842105263157895,4.278548357755738,19,4,15,0.21052631578947367,0.07894736842105263,1.632754
gaussian,gaussian,250,120,80,0.6,20,block_ar1,0.6,299,16,0,16,11,0,11,0.0,0.08421052631578947,0.0,0.05789473684210526,23,3,20,11,0,11,0.13043478260869565,0.10526315789473684,0.0,0.05789473684210526,4.056585033485647,31,4,27,0.12903225806451613,0.14210526315789473,3.8609669277447765,36,5,31,0.1388888888888889,0.1631578947368421,4.109283353239605,26,2,24,0.07692307692307693,0.12631578947368421,3.9379978479908555,35,5,30,0.14285714285714285,0.15789473684210525,4.394577393391659,8,0,8,0.0,0.042105263157894736,4.070005647431043,15,1,14,0.06666666666666667,0.07368421052631578,4.511132960310313,23,0,23,0.0,0.12105263157894737,3.9998912149876933,35,5,30,0.14285714285714285,0.15789473684210525,1.675964
