model,x_model,p,n1,n2,rho,block,cov_kind,decay,seed,R_bh_0.05,V_bh_0.05,S_bh_0.05,R_by_0.05,V_by_0.05,S_by_0.05,fdr_bh_0.05,power_bh_0.05,fdr_by_0.05,power_by_0.05,R_bh_0.1,V_bh_0.1,S_bh_0.1,R_by_0.1,V_by_0.1,S_by_0.1,fdr_bh_0.1,power_bh_0.1,fdr_by_0.1,power_by_0.1,t_lct_cai_liu_0.05,R_lct_cai_liu_0.05,V_lct_cai_liu_0.05,S_lct_cai_liu_0.05,fdr_lct_cai_liu_0.05,power_lct_cai_liu_0.05,t_lct_cai_liu_0.1,R_lct_cai_liu_0.1,V_lct_cai_liu_0.1,S_lct_cai_liu_0.1,fdr_lct_cai_liu_0.1,power_lct_cai_liu_0.1,t_lct_gaussian_0.05,R_lct_gaussian_0.05,V_lct_gaussian_0.05,S_lct_gaussian_0.05,fdr_lct_gaussian_0.05,power_lct_gaussian_0.05,t_lct_gaussian_0.1,R_lct_gaussian_0.1,V_lct_gaussian_0.1,S_lct_gaussian_0.1,fdr_lct_gaussian_0.1,power_lct_gaussian_0.1,t_lct_jackknife_0.05,R_lct_jackknife_0.05,V_lct_jackknife_0.05,S_lct_jackknife_0.05,fdr_lct_jackknife_0.05,power_lct_jackknife_0.05,t_lct_jackknife_0.1,R_lct_jackknife_0.1,V_lct_jackknife_0.1,S_lct_jackknife_0.1,fdr_lct_jackknife_0.1,power_lct_jackknife_0.1,t_lctb_0.05_B100,R_lctb_0.05_B100,V_lctb_0.05_B100,S_lctb_0.05_B100,fdr_lctb_0.05_B100,power_lctb_0.05_B100,t_lctb_0.1_B100,R_lctb_0.1_B100,V_lctb_0.1_B100,S_lctb_0.1_B100,fdr_lctb_0.1_B100,power_lctb_0.1_B100,wall_time_s
gaussian,gaussian,250,120,200,0.6,20,block_ar1,0.6,0,19,0,19,18,0,18,0.0,0.1,0.0,0.09473684210526316,22,1,21,18,0,18,0.045454545454545456,0.11052631578947368,0.0,0.09473684210526316,4.3437921818553855,23,0,23,0.0,0.12105263157894737,4.006550766096601,24,1,23,0.041666666666666664,0.12105263157894737,4.325824714246175,23,0,23,0.0,0.12105263157894737,3.989978248788981,24,1,23,0.041666666666666664,0.12105263157894737,4.287395793504708,17,0,17,0.0,0.08947368421052632,4.035276677070469,19,1,18,0.05263157894736842,0.09473684210526316,4.3437921818553855,23,0,23,0.0,0.12105263157894737,4.006550766096601,24,1,23,0.041666666666666664,0.12105263157894737,2.507374
gaussian,gaussian,250,120,200,0.6,20,block_ar1,0.6,1,31,1,30,20,0,20,0.03225806451612903,0.15789473684210525,0.0,0.10526315789473684,35,3,32,22,0,22,0.08571428571428572,0.16842105263157894,0.0,0.11578947368421053,4.237329568034771,33,1,32,0.030303030303030304,0.16842105263157894,3.886352280483911,36,3,33,0.08333333333333333,0.1736842105263158,4.22622283461371,33,1,32,0.030303030303030304,0.16842105263157894,3.876165515903386,36,3,33,0.08333333333333333,0.1736842105263158,4.140658299877582,23,1,22,0.043478260869565216,0.11578947368421053,3.9347920170886614,29,2,27,0.06896551724137931,0.14210526315789473,4.237329568034771,33,1,32,0.030303030303030304,0.16842105263157894,3.886352280483911,36,3,33,0.08333333333333333,0.1736842105263158,2.025493
gaussian,gaussian,250,120,200,0.6,20,block_ar1,0.6,2,20,1,19,18,0,18,0.05,0.1,0.0,0.09473684210526316,23,4,19,18,0,18,0.17391304347826086,0.1,0.0,0.09473684210526316,4.11616190387735,25,2,23,0.08,0.12105263157894737,3.9770261844800987,28,4,24,0.14285714285714285,0.12631578947368421,4.129402733089336,24,1,23,0.041666666666666664,0.12105263157894737,3.9472771318805617,28,4,24,0.14285714285714285,0.12631578947368421,4.260356237327287,15,0,15,0.0,0.07894736842105263,4.094280484781658,17,1,16,0.058823529411764705,0.08421052631578947,4.160524393668768,24,1,23,0.041666666666666664,0.12105263157894737,3.9770261844800987,28,4,24,0.14285714285714285,0.12631578947368421,1.998055
gaussian,gaussian,250,120,200,0.6,20,block_ar1,0.6,3,27,3,24,19,0,19,0.1111111111111111,0.12631578947368421,0.0,0.1,28,3,25,21,1,20,0.10714285714285714,0.13157894736842105,0.047619047619047616,0.10526315789473684,4.134357543638132,31,3,28,0.0967741935483871,0.14736842105263157,4.010922077890331,32,3,29,0.09375,0.15263157894736842,4.102760576368379,31,3,28,0.0967741935483871,0.14736842105263157,3.98026847033971,32,3,29,0.09375,0.15263157894736842,4.124711932519765,25,3,22,0.12,0.11578947368421053,4.060901706294819,26,4,22,0.15384615384615385,0.11578947368421053,4.134357543638132,31,3,28,0.0967741935483871,0.14736842105263157,4.010922077890331,32,3,29,0.09375,0.15263157894736842,1.975532
gaussian,gaussian,250,120,200,0.6,20,block_ar1,0.6,4,21,3,18,18,0,18,0.14285714285714285,0.09473684210526316,0.0,0.09473684210526316,25,4,21,19,1,18,0.16,0.11052631578947368,0.05263157894736842,0.09473684210526316,4.106134235337479,26,3,23,0.11538461538461539,0.12105263157894737,3.9558952935624747,29,4,25,0.13793103448275862,0.13157894736842105,4.1147381292119265,25,3,22,0.12,0.11578947368421053,3.913106909418708,29,4,25,0.13793103448275862,0.13157894736842105,4.272112562693663,17,1,16,0.058823529411764705,0.08421052631578947,3.9764618611389224,24,5,19,0.20833333333333334,0.1,4.159731276549645,25,3,22,0.12,0.11578947368421053,3.9558952935624747,29,4,25,0.13793103448275862,0.13157894736842105,1.91219
gaussian,gaussian,250,120,200,0.6,20,block_ar1,0.6,5,22,0,22,20,0,20,0.0,0.11578947368421053,0.0,0.10526315789473684,29,4,25,21,0,21,0.13793103448275862,0.13157894736842105,0.0,0.11052631578947368,4.245559309763858,29,0,29,0.0,0.15263157894736842,3.9121191246419205,35,4,31,0.11428571428571428,0.1631578947368421,4.214732285498247,29,0,29,0.0,0.15263157894736842,3.8837132109833954,35,4,31,0.11428571428571428,0.1631578947368421,4.189164056858217,20,1,19,0.05,0.1,4.010672513064649,22,3,19,0.13636363636363635,0.1,4.245559309763858,29,0,29,0.0,0.15263157894736842,3.9121191246419205,35,4,31,0.11428571428571428,0.1631578947368421,1.8737
gaussian,gaussian,250,120,200,0.6,20,block_ar1,0.6,6,28,0,28,21,0,21,0.0,0.14736842105263157,0.0,0.11052631578947368,30,1,29,24,0,24,0.03333333333333333,0.15263157894736842,0.0,0.12631578947368421,4.353492149481948,30,0,30,0.0,0.15789473684210525,3.8982463392794333,31,0,31,0.0,0.1631578947368421,4.3212101981012,30,0,30,0.0,0.15789473684210525,4.3212101981012,30,0,30,0.0,0.15789473684210525,4.157790594846437,24,0,24,0.0,0.12631578947368421,4.0377539618547,26,1,25,0.038461538461538464,0.13157894736842105,4.353492149481948,30,0,30,0.0,0.15789473684210525,4.353492149481948,30,0,30,0.0,0.15789473684210525,1.995372
gaussian,gaussian,250,120,200,0.6,20,block_ar1,0.6,7,22,1,21,19,0,19,0.045454545454545456,0.11052631578947368,0.0,0.1,26,4,22,19,0,19,0.15384615384615385,0.11578947368421053,0.0,0.1,4.1123961361532535,26,2,24,0.07692307692307693,0.12631578947368421,3.955697187739286,30,5,25,0.16666666666666666,0.13157894736842105,4.276458270983749,25,2,23,0.08,0.12105263157894737,3.937237125719656,30,5,25,0.16666666666666666,0.13157894736842105,4.285379113520185,17,0,17,0.0,0.08947368421052632,4.080284294844865,18,1,17,0.05555555555555555,0.08947368421052632,4.296508799409134,25,2,23,0.08,0.12105263157894737,3.955697187739286,30,5,25,0.16666666666666666,0.13157894736842105,2.296938
gaussian,gaussian,250,120,200,0.6,20,block_ar1,0.6,8,19,0,19,18,0,18,0.0,0.1,0.0,0.09473684210526316,20,0,20,18,0,18,0.0,0.10526315789473684,0.0,0.09473684210526316,4.228786375198986,23,0,23,0.0,0.12105263157894737,4.228786375198986,23,0,23,0.0,0.12105263157894737,4.191660170141409,23,0,23,0.0,0.12105263157894737,4.191660170141409,23,0,23,0.0,0.12105263157894737,4.253141911696574,14,0,14,0.0,0.07368421052631578,4.158770929630377,16,0,16,0.0,0.08421052631578947,4.228786375198986,23,0,23,0.0,0.12105263157894737,4.228786375198986,23,0,23,0.0,0.12105263157894737,1.871787
gaussian,gaussian,250,120,200,0.6,20,block_ar1,0.6,9,18,1,17,17,0,17,0.05555555555555555,0.08947368421052632,0.0,0.08947368421052632,21,2,19,17,0,17,0.09523809523809523,0.1,0.0,0.08947368421052632,4.1245939441083515,24,2,22,0.08333333333333333,0.11578947368421053,3.931919976212903,27,3,24,0.1111111111111111,0.12631578947368421,4.268867166884778,22,1,21,0.045454545454545456,0.11052631578947368,4.071589173714172,24,2,22,0.08333333333333333,0.11578947368421053,4.20886892547463,18,2,16,0.1111111111111111,0.08421052631578947,4.060971414145637,20,3,17,0.15,0.08947368421052632,4.324440142047587,22,1,21,0.045454545454545456,0.11052631578947368,4.1245939441083515,24,2,22,0.08333333333333333,0.11578947368421053,2.081194
gaussian,gaussian,250,120,200,0.6,20,block_ar1,0.6,10,22,0,22,16,0,16,0.0,0.11578947368421053,0.0,0.08421052631578947,26,2,24,16,0,16,0.07692307692307693,0.12631578947368421,0.0,0.08421052631578947,4.376378479890862,24,0,24,0.0,0.12631578947368421,3.9725071296433323,25,1,24,0.04,0.12631578947368421,4.357533384325607,24,0,24,0.0,0.12631578947368421,3.9554011419332262,25,1,24,0.04,0.12631578947368421,4.226116413898948,17,0,17,0.0,0.08947368421052632,4.1006470496583045,18,0,18,0.0,0.09473684210526316,4.376378479890862,24,0,24,0.0,0.12631578947368421,3.9725071296433323,25,1,24,0.04,0.12631578947368421,1.890069
gaussian,gaussian,250,120,200,0.6,20,block_ar1,0.6,11,23,2,21,17,0,17,0.08695652173913043,0.11052631578947368,0.0,0.08947368421052632,23,2,21,18,0,18,0.08695652173913043,0.11052631578947368,0.0,0.09473684210526316,4.2039683437513515,24,1,23,0.041666666666666664,0.12105263157894737,3.9568131919762,28,2,26,0.07142857142857142,0.1368421052631579,4.185974934356506,24,1,23,0.041666666666666664,0.12105263157894737,3.9398776316102477,28,2,26,0.07142857142857142,0.1368421052631579,4.197403905527411,17,2,15,0.11764705882352941,0.07894736842105263,4.056232389017531,19,2,17,0.10526315789473684,0.08947368421052632,4.2039683437513515,24,1,23,0.041666666666666664,0.12105263157894737,3.9568131919762,28,2,26,0.07142857142857142,0.1368421052631579,1.860122
gaussian,gaussian,250,120,200,0.6,20,block_ar1,0.6,12,20,0,20,19,0,19,0.0,0.10526315789473684,0.0,0.1,23,1,22,19,0,19,0.043478260869565216,0.11578947368421053,0.0,0.1,4.616364088399273,22,0,22,0.0,0.11578947368421053,4.026265472147979,23,1,22,0.043478260869565216,0.11578947368421053,4.563573723759798,22,0,22,0.0,0.11578947368421053,3.980223171683823,23,1,22,0.043478260869565216,0.11578947368421053,4.3592167237553285,15,0,15,0.0,0.07894736842105263,4.3592167237553285,15,0,15,0.0,0.07894736842105263,4.616364088399273,22,0,22,0.0,0.11578947368421053,4.616364088399273,22,0,22,0.0,0.11578947368421053,2.178982
gaussian,gaussian,250,120,200,0.6,20,block_ar1,0.6,13,26,0,26,21,0,21,0.0,0.1368421052631579,0.0,0.11052631578947368,26,0,26,21,0,21,0.0,0.1368421052631579,0.0,0.11052631578947368,4.203861255457804,29,0,29,0.0,0.15263157894736842,4.041065589106606,31,1,30,0.03225806451612903,0.15789473684210525,4.166085721690368,29,0,29,0.0,0.15263157894736842,4.004752923121368,31,1,30,0.03225806451612903,0.15789473684210525,4.165438096804513,23,0,23,0.0,0.12105263157894737,4.0529314439323345,25,0,25,0.0,0.13157894736842105,4.203861255457804,29,0,29,0.0,0.15263157894736842,4.041065589106606,31,1,30,0.03225806451612903,0.15789473684210525,1.879787
gaussian,gaussian,250,120,200,0.6,20,block_ar1,0.6,14,27,1,26,22,0,22,0.037037037037037035,0.1368421052631579,0.0,0.11578947368421053,30,2,28,23,0,23,0.06666666666666667,0.14736842105263157,0.0,0.12105263157894737,4.095813214722846,32,1,31,0.03125,0.1631578947368421,4.025485468646004,33,2,31,0.06060606060606061,0.1631578947368421,4.063666524981742,32,1,31,0.03125,0.1631578947368421,3.993890758234719,33,2,31,0.06060606060606061,0.1631578947368421,4.153932834803394,23,3,20,0.13043478260869565,0.10526315789473684,3.981226945829003,24,3,21,0.125,0.11052631578947368,4.16802820859987,30,1,29,0.03333333333333333,0.15263157894736842,4.025485468646004,33,2,31,0.06060606060606061,0.1631578947368421,1.778936
gaussian,gaussian,250,120,200,0.6,20,block_ar1,0.6,15,25,1,24,18,0,18,0.04,0.12631578947368421,0.0,0.09473684210526316,27,2,25,22,0,22,0.07407407407407407,0.13157894736842105,0.0,0.11578947368421053,4.102462985605984,28,1,27,0.03571428571428571,0.14210526315789473,3.8913459548238682,33,4,29,0.12121212121212122,0.15263157894736842,4.2448345388460735,26,0,26,0.0,0.1368421052631579,3.9288875124033122,31,2,29,0.06451612903225806,0.15263157894736842,4.2450345693771885,18,1,17,0.05555555555555555,0.08947368421052632,3.981160800607562,24,3,21,0.125,0.11052631578947368,4.287087705998769,26,0,26,0.0,0.1368421052631579,3.9679957365912086,31,2,29,0.06451612903225806,0.15263157894736842,2.142147
gaussian,gaussian,250,120,200,0.6,20,block_ar1,0.6,16,24,0,24,20,0,20,0.0,0.12631578947368421,0.0,0.10526315789473684,27,2,25,21,0,21,0.07407407407407407,0.13157894736842105,0.0,0.11052631578947368,4.078529442224753,30,2,28,0.06666666666666667,0.14736842105263157,4.002576904882047,31,3,28,0.0967741935483871,0.14736842105263157,4.207357754886327,29,2,27,0.06896551724137931,0.14210526315789473,3.950161149557836,31,3,28,0.0967741935483871,0.14736842105263157,4.159887068785076,20,0,20,0.0,0.10526315789473684,3.985603191655649,23,3,20,0.13043478260869565,0.10526315789473684,4.263186321441448,29,2,27,0.06896551724137931,0.14210526315789473,4.002576904882047,31,3,28,0.0967741935483871,0.14736842105263157,1.864574
gaussian,gaussian,250,120,200,0.6,20,block_ar1,0.6,17,20,1,19,16,0,16,0.05,0.1,0.0,0.08421052631578947,25,5,20,17,0,17,0.2,0.10526315789473684,0.0,0.08947368421052632,4.098826734600608,27,3,24,0.1111111111111111,0.12631578947368421,3.9264278941072215,31,6,25,0.1935483870967742,0.13157894736842105,4.136378064634554,24,2,22,0.08333333333333333,0.11578947368421053,3.896623973147102,31,6,25,0.1935483870967742,0.13157894736842105,4.239073653109694,20,2,18,0.1,0.09473684210526316,4.002729351691061,23,4,19,0.17391304347826086,0.1,4.3275436463130275,23,1,22,0.043478260869565216,0.11578947368421053,4.053700434717065,28,4,24,0.14285714285714285,0.12631578947368421,2.102586
gaussian,gaussian,250,120,200,0.6,20,block_ar1,0.6,18,25,1,24,20,1,19,0.04,0.12631578947368421,0.05,0.1,27,2,25,21,1,20,0.07407407407407407,0.13157894736842105,0.047619047619047616,0.10526315789473684,4.749801359860643,26,1,25,0.038461538461538464,0.13157894736842105,3.915217835508632,29,2,27,0.06896551724137931,0.14210526315789473,4.720740277229129,26,1,25,0.038461538461538464,0.13157894736842105,3.988590026374797,28,2,26,0.07142857142857142,0.1368421052631579,4.226068946826042,19,1,18,0.05263157894736842,0.09473684210526316,3.995280080795838,24,4,20,0.16666666666666666,0.10526315789473684,4.749801359860643,26,1,25,0.038461538461538464,0.13157894736842105,4.013143960192937,28,2,26,0.07142857142857142,0.1368421052631579,1.814984
gaussian,gaussian,250,120,200,0.6,20,block_ar1,0.6,19,24,1,23,16,0,16,0.041666666666666664,0.12105263157894737,0.0,0.08421052631578947,27,3,24,17,0,17,0.1111111111111111,0.12631578947368421,0.0,0.08947368421052632,4.234434972377335,28,1,27,0.03571428571428571,0.14210526315789473,3.9671884891523135,29,2,27,0.06896551724137931,0.14210526315789473,4.208887917051876,28,1,27,0.03571428571428571,0.14210526315789473,3.943253776615685,29,2,27,0.06896551724137931,0.14210526315789473,4.405873983486801,15,0,15,0.0,0.07894736842105263,3.9987675868564034,22,2,20,0.09090909090909091,0.10526315789473684,4.234434972377335,28,1,27,0.03571428571428571,0.14210526315789473,3.9671884891523135,29,2,27,0.06896551724137931,0.14210526315789473,1.864295
gaussian,gaussian,250,120,200,0.6,20,block_ar1,0.6,20,24,2,22,19,0,19,0.08333333333333333,0.11578947368421053,0.0,0.1,25,2,23,21,0,21,0.08,0.12105263157894737,0.0,0.11052631578947368,4.132025127973393,30,2,28,0.06666666666666667,0.14736842105263157,4.132025127973393,30,2,28,0.06666666666666667,0.14736842105263157,4.110468581387998,30,2,28,0.06666666666666667,0.14736842105263157,4.110468581387998,30,2,28,0.06666666666666667,0.14736842105263157,4.209872617258587,19,1,18,0.05263157894736842,0.09473684210526316,4.0621731161155985,21,2,19,0.09523809523809523,0.1,4.132025127973393,30,2,28,0.06666666666666667,0.14736842105263157,4.132025127973393,30,2,28,0.06666666666666667,0.14736842105263157,2.05443
gaussian,gaussian,250,120,200,0.6,20,block_ar1,0.6,21,24,2,22,18,0,18,0.08333333333333333,0.11578947368421053,0.0,0.09473684210526316,26,3,23,20,0,20,0.11538461538461539,0.12105263157894737,0.0,0.10526315789473684,4.318824638450944,26,1,25,0.038461538461538464,0.13157894736842105,4.072438649372818,28,3,25,0.10714285714285714,0.13157894736842105,4.288820817180899,26,1,25,0.038461538461538464,0.13157894736842105,4.044146525566459,28,3,25,0.10714285714285714,0.13157894736842105,4.240818539199662,20,1,19,0.05,0.1,4.240818539199662,20,1,19,0.05,0.1,4.318824638450944,26,1,25,0.038461538461538464,0.13157894736842105,4.072438649372818,28,3,25,0.10714285714285714,0.13157894736842105,1.785884
gaussian,gaussian,250,120,200,0.6,20,block_ar1,0.6,22,29,6,23,18,0,18,0.20689655172413793,0.12105263157894737,0.0,0.09473684210526316,35,9,26,20,0,20,0.2571428571428571,0.1368421052631579,0.0,0.10526315789473684,4.028545011516822,36,7,29,0.19444444444444445,0.15263157894736842,3.844732620947997,40,9,31,0.225,0.1631578947368421,4.036009192955102,35,7,28,0.2,0.14736842105263157,3.996493740189749,36,7,29,0.19444444444444445,0.15263157894736842,4.299362878785137,16,0,16,0.0,0.08421052631578947,3.958602350861586,24,3,21,0.125,0.11052631578947368,4.232624918499466,32,4,28,0.125,0.14736842105263157,4.028545011516822,36,7,29,0.19444444444444445,0.15263157894736842,1.89585
gaussian,gaussian,250,120,200,0.6,20,block_ar1,0.6,23,23,2,21,16,0,16,0.08695652173913043,0.11052631578947368,0.0,0.08421052631578947,26,4,22,17,1,16,0.15384615384615385,0.11578947368421053,0.058823529411764705,0.08421052631578947,4.118905368723883,26,2,24,0.07692307692307693,0.12631578947368421,3.9489375217384786,28,4,24,0.14285714285714285,0.12631578947368421,4.098510209493701,26,2,24,0.07692307692307693,0.12631578947368421,3.929383974779751,28,4,24,0.14285714285714285,0.12631578947368421,4.267110090412109,15,1,14,0.06666666666666667,0.07368421052631578,4.000803313114535,20,1,19,0.05,0.1,4.204441316476893,25,2,23,0.08,0.12105263157894737,3.9489375217384786,28,4,24,0.14285714285714285,0.12631578947368421,2.15169
gaussian,gaussian,250,120,200,0.6,20,block_ar1,0.6,24,22,2,20,18,0,18,0.09090909090909091,0.10526315789473684,0.0,0.09473684210526316,25,4,21,18,0,18,0.16,0.11052631578947368,0.0,0.09473684210526316,4.29311986614151,24,2,22,0.08333333333333333,0.11578947368421053,3.920803451228151,28,4,24,0.14285714285714285,0.12631578947368421,4.282231506107436,24,2,22,0.08333333333333333,0.11578947368421053,3.9640107666501367,27,4,23,0.14814814814814814,0.12105263157894737,4.223110701205204,19,3,16,0.15789473684210525,0.08421052631578947,4.087841280881842,21,3,18,0.14285714285714285,0.09473684210526316,4.29311986614151,24,2,22,0.08333333333333333,0.11578947368421053,3.920803451228151,28,4,24,0.14285714285714285,0.12631578947368421,1.90729
gaussian,gaussian,250,120,200,0.6,20,block_ar1,0.6,25,21,3,18,18,1,17,0.14285714285714285,0.09473684210526316,0.05555555555555555,0.08947368421052632,28,4,24,18,1,17,0.14285714285714285,0.12631578947368421,0.05555555555555555,0.08947368421052632,4.175568072178053,27,3,24,0.1111111111111111,0.12631578947368421,3.9532195607740013,30,4,26,0.13333333333333333,0.1368421052631579,4.167375117772155,27,3,24,0.1111111111111111,0.12631578947368421,3.945462880231842,30,4,26,0.13333333333333333,0.1368421052631579,4.3006644955977125,16,2,14,0.125,0.07368421052631578,4.060560650332411,20,3,17,0.15,0.08947368421052632,4.175568072178053,27,3,24,0.1111111111111111,0.12631578947368421,3.9532195607740013,30,4,26,0.13333333333333333,0.1368421052631579,1.905908
gaussian,gaussian,250,120,200,0.6,20,block_ar1,0.6,26,23,1,22,20,0,20,0.043478260869565216,0.11578947368421053,0.0,0.10526315789473684,29,5,24,21,1,20,0.1724137931034483,0.12631578947368421,0.047619047619047616,0.10526315789473684,4.123591755526423,30,1,29,0.03333333333333333,0.15263157894736842,3.897122621983803,35,5,30,0.14285714285714285,0.15789473684210525,4.089959726772405,30,1,29,0.03333333333333333,0.15263157894736842,3.86533767627359,35,5,30,0.14285714285714285,0.15789473684210525,4.132381939304228,24,3,21,0.125,0.11052631578947368,3.955538740628108,27,5,22,0.18518518518518517,0.11578947368421053,4.123591755526423,30,1,29,0.03333333333333333,0.15263157894736842,3.897122621983803,35,5,30,0.14285714285714285,0.15789473684210525,1.979904
gaussian,gaussian,250,120,200,0.6,20,block_ar1,0.6,27,25,2,23,21,0,21,0.08,0.12105263157894737,0.0,0.11052631578947368,28,3,25,21,0,21,0.10714285714285714,0.13157894736842105,0.0,0.11052631578947368,4.079636377103481,29,2,27,0.06896551724137931,0.14210526315789473,3.976465707760697,30,3,27,0.1,0.14210526315789473,4.09365770368609,28,1,27,0.03571428571428571,0.14210526315789473,3.9496685140699412,30,3,27,0.1,0.14210526315789473,4.246800131046763,21,1,20,0.047619047619047616,0.10526315789473684,4.020973565094489,25,3,22,0.12,0.11578947368421053,4.449229422979459,27,1,26,0.037037037037037035,0.1368421052631579,3.976465707760697,30,3,27,0.1,0.14210526315789473,1.849773
gaussian,gaussian,250,120,200,0.6,20,block_ar1,0.6,28,24,1,23,22,0,22,0.041666666666666664,0.12105263157894737,0.0,0.11578947368421053,27,4,23,22,0,22,0.14814814814814814,0.12105263157894737,0.0,0.11578947368421053,4.098302214908974,27,2,25,0.07407407407407407,0.13157894736842105,3.868773804341721,35,6,29,0.17142857142857143,0.15263157894736842,4.6401722761373625,24,0,24,0.0,0.12631578947368421,3.9300962668424333,30,3,27,0.1,0.14210526315789473,4.222497314748626,19,0,19,0.0,0.1,3.961583365633052,27,5,22,0.18518518518518517,0.11578947368421053,4.688534398020777,24,0,24,0.0,0.12631578947368421,3.9710576327917173,31,4,27,0.12903225806451613,0.14210526315789473,2.04543
gaussian,gaussian,250,120,200,0.6,20,block_ar1,0.6,29,21,1,20,17,0,17,0.047619047619047616,0.10526315789473684,0.0,0.08947368421052632,25,4,21,18,0,18,0.16,0.11052631578947368,0.0,0.09473684210526316,4.345041494994363,23,1,22,0.043478260869565216,0.11578947368421053,3.957359256862779,27,4,23,0.14814814814814814,0.12105263157894737,4.3244163023764655,23,1,22,0.043478260869565216,0.11578947368421053,3.9385743276451763,27,4,23,0.14814814814814814,0.12105263157894737,4.308536447648918,15,1,14,0.06666666666666667,0.07368421052631578,4.009806906584042,19,2,17,0.10526315789473684,0.08947368421052632,4.345041494994363,23,1,22,0.043478260869565216,0.11578947368421053,3.957359256862779,27,4,23,0.14814814814814814,0.12105263157894737,1.880595
gaussian,gaussian,250,120,200,0.6,20,block_ar1,0.6,30,20,2,18,14,0,14,0.1,0.09473684210526316,0.0,0.07368421052631578,20,2,18,14,0,14,0.1,0.09473684210526316,0.0,0.07368421052631578,4.20554523597199,23,3,20,0.13043478260869565,0.10526315789473684,4.20554523597199,23,3,20,0.13043478260869565,0.10526315789473684,4.181382546298399,23,3,20,0.13043478260869565,0.10526315789473684,4.181382546298399,23,3,20,0.13043478260869565,0.10526315789473684,4.310201645079461,13,1,12,0.07692307692307693,0.06315789473684211,4.0828199006207075,16,2,14,0.125,0.07368421052631578,4.20554523597199,23,3,20,0.13043478260869565,0.10526315789473684,4.20554523597199,23,3,20,0.13043478260869565,0.10526315789473684,1.875389
gaussian,gaussian,250,120,200,0.6,20,block_ar1,0.6,31,28,4,24,19,0,19,0.14285714285714285,0.12631578947368421,0.0,0.1,33,7,26,20,0,20,0.21212121212121213,0.1368421052631579,0.0,0.10526315789473684,4.0682464850724775,33,5,28,0.15151515151515152,0.14736842105263157,3.8724210380577624,36,7,29,0.19444444444444445,0.15263157894736842,4.070137831223156,31,3,28,0.0967741935483871,0.14736842105263157,3.884908894016062,35,6,29,0.17142857142857143,0.15263157894736842,4.217185585310832,21,2,19,0.09523809523809523,0.1,3.9486718261484746,26,6,20,0.23076923076923078,0.10526315789473684,4.153211074189166,30,2,28,0.06666666666666667,0.14736842105263157,3.925504311211288,35,6,29,0.17142857142857143,0.15263157894736842,1.970402
gaussian,gaussian,250,120,200,0.6,20,block_ar1,0.6,32,20,1,19,16,0,16,0.05,0.1,0.0,0.08421052631578947,21,1,20,16,0,16,0.047619047619047616,0.10526315789473684,0.0,0.08421052631578947,4.14002199947282,26,2,24,0.07692307692307693,0.12631578947368421,3.9522102384961855,27,3,24,0.1111111111111111,0.12631578947368421,4.216312389331429,25,2,23,0.08,0.12105263157894737,4.083882347369358,26,2,24,0.07692307692307693,0.12631578947368421,4.299750629379913,13,0,13,0.0,0.06842105263157895,4.049930405947824,16,1,15,0.0625,0.07894736842105263,4.274272509276865,25,2,23,0.08,0.12105263157894737,4.14002199947282,26,2,24,0.07692307692307693,0.12631578947368421,1.967973
gaussian,gaussian,250,120,200,0.6,20,block_ar1,0.6,33,25,0,25,19,0,19,0.0,0.13157894736842105,0.0,0.1,29,2,27,19,0,19,0.06896551724137931,0.14210526315789473,0.0,0.1,4.066310307347336,30,1,29,0.03333333333333333,0.15263157894736842,3.9455518042688293,31,1,30,0.03225806451612903,0.15789473684210525,4.126730081510036,29,1,28,0.034482758620689655,0.14736842105263157,3.918162623122096,31,1,30,0.03225806451612903,0.15789473684210525,4.408961340210325,18,0,18,0.0,0.09473684210526316,4.0235578625504065,20,0,20,0.0,0.10526315789473684,4.459650867045232,28,1,27,0.03571428571428571,0.14210526315789473,4.066310307347336,30,1,29,0.03333333333333333,0.15263157894736842,1.971451
gaussian,gaussian,250,120,200,0.6,20,block_ar1,0.6,34,25,2,23,21,0,21,0.08,0.12105263157894737,0.0,0.11052631578947368,29,5,24,21,0,21,0.1724137931034483,0.12631578947368421,0.0,0.11052631578947368,4.170392048728845,27,2,25,0.07407407407407407,0.13157894736842105,3.8931002744657373,32,7,25,0.21875,0.13157894736842105,4.1215320900114785,27,2,25,0.07407407407407407,0.13157894736842105,3.907692552920577,30,5,25,0.16666666666666666,0.13157894736842105,4.200093950837386,23,3,20,0.13043478260869565,0.10526315789473684,4.016361869276678,25,4,21,0.16,0.11052631578947368,4.267298724683685,26,1,25,0.038461538461538464,0.13157894736842105,3.98096481288192,29,4,25,0.13793103448275862,0.13157894736842105,1.855411
gaussian,gaussian,250,120,200,0.6,20,block_ar1,0.6,35,16,0,16,14,0,14,0.0,0.08421052631578947,0.0,0.07368421052631578,23,3,20,15,0,15,0.13043478260869565,0.10526315789473684,0.0,0.07894736842105263,4.201880657486665,22,0,22,0.0,0.11578947368421053,3.95021421398891,26,3,23,0.11538461538461539,0.12105263157894737,4.191043611846675,22,0,22,0.0,0.11578947368421053,3.9400262397901527,26,3,23,0.11538461538461539,0.12105263157894737,4.647211763452982,12,0,12,0.0,0.06315789473684211,4.179518476551689,13,0,13,0.0,0.06842105263157895,4.374992062338918,20,0,20,0.0,0.10526315789473684,4.065952779365538,24,1,23,0.041666666666666664,0.12105263157894737,2.016852
gaussian,gaussian,250,120,200,0.6,20,block_ar1,0.6,36,26,2,24,20,0,20,0.07692307692307693,0.12631578947368421,0.0,0.10526315789473684,30,5,25,20,0,20,0.16666666666666666,0.13157894736842105,0.0,0.10526315789473684,4.125489503498715,28,2,26,0.07142857142857142,0.1368421052631579,3.9072714541208335,33,5,28,0.15151515151515152,0.14736842105263157,4.131418294403051,27,1,26,0.037037037037037035,0.1368421052631579,3.8910681081013454,32,5,27,0.15625,0.14210526315789473,4.17322398673341,19,0,19,0.0,0.1,3.992458694836634,21,1,20,0.047619047619047616,0.10526315789473684,4.321739322322301,26,1,25,0.038461538461538464,0.13157894736842105,3.9360590813578247,32,5,27,0.15625,0.14210526315789473,1.990985
gaussian,gaussian,250,120,200,0.6,20,block_ar1,0.6,37,22,0,22,20,0,20,0.0,0.11578947368421053,0.0,0.10526315789473684,27,4,23,20,0,20,0.14814814814814814,0.12105263157894737,0.0,0.10526315789473684,4.1403699480387175,26,0,26,0.0,0.1368421052631579,3.9018041506607495,31,4,27,0.12903225806451613,0.14210526315789473,4.1056563625719615,26,0,26,0.0,0.1368421052631579,3.9291843942880043,30,3,27,0.1,0.14210526315789473,4.288532088553056,18,0,18,0.0,0.09473684210526316,3.9865317089847285,23,3,20,0.13043478260869565,0.10526315789473684,4.266758652972583,24,0,24,0.0,0.12631578947368421,3.9624058980478365,30,3,27,0.1,0.14210526315789473,1.764922
gaussian,gaussian,250,120,200,0.6,20,block_ar1,0.6,38,25,3,22,22,2,20,0.12,0.11578947368421053,0.09090909090909091,0.10526315789473684,28,4,24,22,2,20,0.14285714285714285,0.12631578947368421,0.09090909090909091,0.10526315789473684,4.108463185419758,30,3,27,0.1,0.14210526315789473,3.895856465969658,33,6,27,0.18181818181818182,0.14210526315789473,4.076343151108345,30,3,27,0.1,0.14210526315789473,3.955769453499221,31,4,27,0.12903225806451613,0.14210526315789473,4.172168965883607,25,3,22,0.12,0.11578947368421053,3.9490257701542264,28,6,22,0.21428571428571427,0.11578947368421053,4.172085167408635,29,2,27,0.06896551724137931,0.14210526315789473,3.9869394129124487,31,4,27,0.12903225806451613,0.14210526315789473,2.260626
gaussian,gaussian,250,120,200,0.6,20,block_ar1,0.6,39,19,0,19,15,0,15,0.0,0.1,0.0,0.07894736842105263,24,2,22,17,0,17,0.08333333333333333,0.11578947368421053,0.0,0.08947368421052632,4.139483379445457,29,1,28,0.034482758620689655,0.14736842105263157,3.9040944960170125,33,4,29,0.12121212121212122,0.15263157894736842,4.108143302696453,29,1,28,0.034482758620689655,0.14736842105263157,3.926215407416719,32,3,29,0.09375,0.15263157894736842,4.307240987020765,14,0,14,0.0,0.07368421052631578,4.092638069980313,18,2,16,0.1111111111111111,0.08421052631578947,4.284732835393812,28,1,27,0.03571428571428571,0.14210526315789473,3.9561675982569944,32,3,29,0.09375,0.15263157894736842,1.833675
gaussian,gaussian,250,120,200,0.6,20,block_ar1,0.6,40,23,2,21,17,0,17,0.08695652173913043,0.11052631578947368,0.0,0.08947368421052632,29,6,23,17,0,17,0.20689655172413793,0.12105263157894737,0.0,0.08947368421052632,4.320973280170078,26,3,23,0.11538461538461539,0.12105263157894737,3.9083999212386464,32,6,26,0.1875,0.1368421052631579,4.2994735700068025,26,3,23,0.11538461538461539,0.12105263157894737,3.8889530373862446,32,6,26,0.1875,0.1368421052631579,4.193366465738818,18,2,16,0.1111111111111111,0.08421052631578947,4.154224111320692,19,2,17,0.10526315789473684,0.08947368421052632,4.320973280170078,26,3,23,0.11538461538461539,0.12105263157894737,3.9225680225966393,30,4,26,0.13333333333333333,0.1368421052631579,1.95943
gaussian,gaussian,250,120,200,0.6,20,block_ar1,0.6,41,24,0,24,24,0,24,0.0,0.12631578947368421,0.0,0.12631578947368421,31,4,27,24,0,24,0.12903225806451613,0.14210526315789473,0.0,0.12631578947368421,4.120581612639067,28,0,28,0.0,0.14736842105263157,3.8762594065168443,35,4,31,0.11428571428571428,0.1631578947368421,4.094455147311726,28,0,28,0.0,0.14736842105263157,3.9621322730331068,34,3,31,0.08823529411764706,0.1631578947368421,4.330853251985687,21,0,21,0.0,0.11052631578947368,3.9942830726144,23,1,22,0.043478260869565216,0.11578947368421053,4.319267091088188,27,0,27,0.0,0.14210526315789473,3.9874143942749782,34,3,31,0.08823529411764706,0.1631578947368421,1.898915
gaussian,gaussian,250,120,200,0.6,20,block_ar1,0.6,42,22,1,21,21,1,20,0.045454545454545456,0.11052631578947368,0.047619047619047616,0.10526315789473684,22,1,21,22,1,21,0.045454545454545456,0.11052631578947368,0.045454545454545456,0.11052631578947368,4.2281859728981095,26,1,25,0.038461538461538464,0.13157894736842105,3.923402706326803,29,2,27,0.06896551724137931,0.14210526315789473,4.20961215021744,26,1,25,0.038461538461538464,0.13157894736842105,3.957518153852212,28,1,27,0.03571428571428571,0.14210526315789473,4.22729258229982,16,0,16,0.0,0.08421052631578947,3.960841969553165,25,4,21,0.16,0.11052631578947368,4.2281859728981095,26,1,25,0.038461538461538464,0.13157894736842105,3.974979677104749,28,1,27,0.03571428571428571,0.14210526315789473,1.888996
gaussian,gaussian,250,120,200,0.6,20,block_ar1,0.6,43,20,0,20,19,0,19,0.0,0.10526315789473684,0.0,0.1,20,0,20,19,0,19,0.0,0.10526315789473684,0.0,0.1,4.123610624279753,24,2,22,0.08333333333333333,0.11578947368421053,3.9385269125898628,27,2,25,0.07407407407407407,0.13157894736842105,4.2033774413258405,23,1,22,0.043478260869565216,0.11578947368421053,4.029672498753122,25,2,23,0.08,0.12105263157894737,4.331245566105526,19,0,19,0.0,0.1,4.331245566105526,19,0,19,0.0,0.1,4.240994154633012,23,1,22,0.043478260869565216,0.11578947368421053,4.065734698073385,25,2,23,0.08,0.12105263157894737,1.908431
gaussian,gaussian,250,120,200,0.6,20,block_ar1,0.6,44,24,2,22,18,0,18,0.08333333333333333,0.11578947368421053,0.0,0.09473684210526316,26,3,23,19,0,19,0.11538461538461539,0.12105263157894737,0.0,0.1,4.1378022973555035,26,2,24,0.07692307692307693,0.12631578947368421,4.006742408020404,28,4,24,0.14285714285714285,0.12631578947368421,4.110378293498145,26,2,24,0.07692307692307693,0.12631578947368421,3.98018702635724,28,4,24,0.14285714285714285,0.12631578947368421,4.212578103304412,17,2,15,0.11764705882352941,0.07894736842105263,4.004128137350037,22,4,18,0.18181818181818182,0.09473684210526316,4.1378022973555035,26,2,24,0.07692307692307693,0.12631578947368421,4.006742408020404,28,4,24,0.14285714285714285,0.12631578947368421,2.110483
gaussian,gaussian,250,120,200,0.6,20,block_ar1,0.6,45,25,1,24,23,0,23,0.04,0.12631578947368421,0.0,0.12105263157894737,31,5,26,23,0,23,0.16129032258064516,0.1368421052631579,0.0,0.12105263157894737,4.072917883015879,29,2,27,0.06896551724137931,0.14210526315789473,3.8838857045890207,34,5,29,0.14705882352941177,0.15263157894736842,4.174157438988328,28,1,27,0.03571428571428571,0.14210526315789473,3.9779492321443515,33,5,28,0.15151515151515152,0.14736842105263157,4.222252627966946,22,1,21,0.045454545454545456,0.11052631578947368,4.024493353826072,24,2,22,0.08333333333333333,0.11578947368421053,4.193808732984495,28,1,27,0.03571428571428571,0.14210526315789473,3.9966768079498403,33,5,28,0.15151515151515152,0.14736842105263157,1.821721
gaussian,gaussian,250,120,200,0.6,20,block_ar1,0.6,46,22,1,21,18,0,18,0.045454545454545456,0.11052631578947368,0.0,0.09473684210526316,22,1,21,19,0,19,0.045454545454545456,0.11052631578947368,0.0,0.1,4.180982432151828,27,2,25,0.07407407407407407,0.13157894736842105,3.938683022921808,29,3,26,0.10344827586206896,0.1368421052631579,4.154440985726538,27,2,25,0.07407407407407407,0.13157894736842105,3.913679726176245,29,3,26,0.10344827586206896,0.1368421052631579,4.2143853374799605,17,1,16,0.058823529411764705,0.08421052631578947,4.2143853374799605,17,1,16,0.058823529411764705,0.08421052631578947,4.180982432151828,27,2,25,0.07407407407407407,0.13157894736842105,3.938683022921808,29,3,26,0.10344827586206896,0.1368421052631579,2.018415
gaussian,gaussian,250,120,200,0.6,20,block_ar1,0.6,47,26,1,25,23,0,23,0.038461538461538464,0.13157894736842105,0.0,0.12105263157894737,27,1,26,24,0,24,0.037037037037037035,0.1368421052631579,0.0,0.12631578947368421,4.139219646205389,28,1,27,0.03571428571428571,0.14210526315789473,3.9466863708215727,29,1,28,0.034482758620689655,0.14736842105263157,4.096415709786865,28,1,27,0.03571428571428571,0.14210526315789473,4.096415709786865,28,1,27,0.03571428571428571,0.14210526315789473,4.2128720878502115,23,1,22,0.043478260869565216,0.11578947368421053,3.9586680385919406,26,1,25,0.038461538461538464,0.13157894736842105,4.229957062329109,27,1,26,0.037037037037037035,0.1368421052631579,4.139219646205389,28,1,27,0.03571428571428571,0.14210526315789473,1.859222
gaussian,gaussian,250,120,200,0.6,20,block_ar1,0.6,48,23,2,21,11,0,11,0.08695652173913043,0.11052631578947368,0.0,0.05789473684210526,26,4,22,14,0,14,0.15384615384615385,0.11578947368421053,0.0,0.07368421052631578,4.626631486847218,24,2,22,0.08333333333333333,0.11578947368421053,3.9307576923950034,28,6,22,0.21428571428571427,0.11578947368421053,4.358667106324666,24,2,22,0.08333333333333333,0.11578947368421053,3.981917154587,26,4,22,0.15384615384615385,0.11578947368421053,4.378071816983219,12,1,11,0.08333333333333333,0.05789473684210526,4.096489931677593,14,2,12,0.14285714285714285,0.06315789473684211,4.626631486847218,24,2,22,0.08333333333333333,0.11578947368421053,4.0375235864524655,26,4,22,0.15384615384615385,0.11578947368421053,1.867146
gaussian,gaussian,250,120,200,0.6,20,block_ar1,0.6,49,23,2,21,18,0,18,0.08695652173913043,0.11052631578947368,0.0,0.09473684210526316,25,2,23,18,0,18,0.08,0.12105263157894737,0.0,0.09473684210526316,4.197266963316573,29,2,27,0.06896551724137931,0.14210526315789473,3.8925632285295806,31,2,29,0.06451612903225806,0.15263157894736842,4.165878816269476,29,2,27,0.06896551724137931,0.14210526315789473,4.000671197214234,30,2,28,0.06666666666666667,0.14736842105263157,4.186172892522565,19,1,18,0.05263157894736842,0.09473684210526316,4.1351402623321025,20,1,19,0.05,0.1,4.197266963316573,29,2,27,0.06896551724137931,0.14210526315789473,4.030814574245469,30,2,28,0.06666666666666667,0.14736842105263157,2.092108
gaussian,gaussian,250,120,200,0.6,20,block_ar1,0.6,50,23,1,22,19,0,19,0.043478260869565216,0.11578947368421053,0.0,0.1,25,1,24,19,0,19,0.04,0.12631578947368421,0.0,0.1,4.161265748338415,25,1,24,0.04,0.12631578947368421,4.060873403878807,27,1,26,0.037037037037037035,0.1368421052631579,4.129410889227347,25,1,24,0.04,0.12631578947368421,4.029787057086345,27,1,26,0.037037037037037035,0.1368421052631579,4.320098439578874,18,2,16,0.1111111111111111,0.08421052631578947,4.056410314515988,21,2,19,0.09523809523809523,0.1,4.3679352181331526,24,1,23,0.041666666666666664,0.12105263157894737,4.060873403878807,27,1,26,0.037037037037037035,0.1368421052631579,1.9094
gaussian,gaussian,250,120,200,0.6,20,block_ar1,0.6,51,24,1,23,21,1,20,0.041666666666666664,0.12105263157894737,0.047619047619047616,0.10526315789473684,28,3,25,23,1,22,0.10714285714285714,0.13157894736842105,0.043478260869565216,0.11578947368421053,4.185275953001197,27,1,26,0.037037037037037035,0.1368421052631579,3.864561427262501,35,5,30,0.14285714285714285,0.15789473684210525,4.13364010961528,27,1,26,0.037037037037037035,0.1368421052631579,3.891307913612166,32,3,29,0.09375,0.15263157894736842,4.270096047113372,21,1,20,0.047619047619047616,0.10526315789473684,3.9705603354916166,23,3,20,0.13043478260869565,0.10526315789473684,4.29633058543501,26,1,25,0.038461538461538464,0.13157894736842105,3.9399166363517852,32,3,29,0.09375,0.15263157894736842,1.838766
gaussian,gaussian,250,120,200,0.6,20,block_ar1,0.6,52,25,2,23,21,0,21,0.08,0.12105263157894737,0.0,0.11052631578947368,31,4,27,21,0,21,0.12903225806451613,0.14210526315789473,0.0,0.11052631578947368,4.0469353620040645,33,3,30,0.09090909090909091,0.15789473684210525,3.843817987930314,39,6,33,0.15384615384615385,0.1736842105263158,4.096601183432698,29,2,27,0.06896551724137931,0.14210526315789473,3.8547436554858807,37,5,32,0.13513513513513514,0.16842105263157894,4.18474960823727,20,0,20,0.0,0.10526315789473684,3.9780988620717204,27,1,26,0.037037037037037035,0.1368421052631579,4.188055887370299,28,1,27,0.03571428571428571,0.14210526315789473,3.8857015822370253,37,5,32,0.13513513513513514,0.16842105263157894,2.228537
gaussian,gaussian,250,120,200,0.6,20,block_ar1,0.6,53,19,0,19,16,0,16,0.0,0.1,0.0,0.08421052631578947,22,3,19,16,0,16,0.13636363636363635,0.1,0.0,0.08421052631578947,4.183551421597344,22,0,22,0.0,0.11578947368421053,3.9085407534614363,29,5,24,0.1724137931034483,0.12631578947368421,4.155336402639472,22,0,22,0.0,0.11578947368421053,3.9651172063985785,26,4,22,0.15384615384615385,0.11578947368421053,4.203292245056975,18,2,16,0.1111111111111111,0.08421052631578947,4.203292245056975,18,2,16,0.1111111111111111,0.08421052631578947,4.281185462482538,20,0,20,0.0,0.10526315789473684,3.992040623977395,26,4,22,0.15384615384615385,0.11578947368421053,1.762809
gaussian,gaussian,250,120,200,0.6,20,block_ar1,0.6,54,25,2,23,19,0,19,0.08,0.12105263157894737,0.0,0.1,33,7,26,19,0,19,0.21212121212121213,0.1368421052631579,0.0,0.1,4.089675118197959,28,2,26,0.07142857142857142,0.1368421052631579,3.8795408684206785,34,7,27,0.20588235294117646,0.14210526315789473,4.245892072047508,27,1,26,0.037037037037037035,0.1368421052631579,3.8852695542094375,32,6,26,0.1875,0.1368421052631579,4.17012683370406,20,1,19,0.05,0.1,4.006699923572339,23,3,20,0.13043478260869565,0.10526315789473684,4.276869231785653,27,1,26,0.037037037037037035,0.1368421052631579,4.089675118197959,28,2,26,0.07142857142857142,0.1368421052631579,2.055769
gaussian,gaussian,250,120,200,0.6,20,block_ar1,0.6,55,22,2,20,18,0,18,0.09090909090909091,0.10526315789473684,0.0,0.09473684210526316,22,2,20,18,0,18,0.09090909090909091,0.10526315789473684,0.0,0.09473684210526316,4.192746987318749,26,2,24,0.07692307692307693,0.12631578947368421,4.192746987318749,26,2,24,0.07692307692307693,0.12631578947368421,4.15850616899696,26,2,24,0.07692307692307693,0.12631578947368421,4.15850616899696,26,2,24,0.07692307692307693,0.12631578947368421,4.18266118101178,18,0,18,0.0,0.09473684210526316,3.9863284768440077,22,2,20,0.09090909090909091,0.10526315789473684,4.192746987318749,26,2,24,0.07692307692307693,0.12631578947368421,4.192746987318749,26,2,24,0.07692307692307693,0.12631578947368421,2.365613
gaussian,gaussian,250,120,200,0.6,20,block_ar1,0.6,56,22,0,22,18,0,18,0.0,0.11578947368421053,0.0,0.09473684210526316,22,0,22,19,0,19,0.0,0.11578947368421053,0.0,0.1,4.127630032854445,26,0,26,0.0,0.1368421052631579,4.127630032854445,26,0,26,0.0,0.1368421052631579,4.11589958886258,25,0,25,0.0,0.13157894736842105,4.096214299369468,26,0,26,0.0,0.1368421052631579,4.316011389348404,17,1,16,0.058823529411764705,0.08421052631578947,4.113659351441736,19,1,18,0.05263157894736842,0.09473684210526316,4.309310944128205,24,0,24,0.0,0.12631578947368421,4.127630032854445,26,0,26,0.0,0.1368421052631579,1.919788
gaussian,gaussian,250,120,200,0.6,20,block_ar1,0.6,57,18,1,17,17,0,17,0.05555555555555555,0.08947368421052632,0.0,0.08947368421052632,22,4,18,17,0,17,0.18181818181818182,0.09473684210526316,0.0,0.08947368421052632,4.396748950050895,19,1,18,0.05263157894736842,0.09473684210526316,3.9710833999867035,24,5,19,0.20833333333333334,0.1,4.353274238274121,19,1,18,0.05263157894736842,0.09473684210526316,4.047835830621198,20,2,18,0.1,0.09473684210526316,4.195461525594927,17,2,15,0.11764705882352941,0.07894736842105263,4.080891327853038,21,4,17,0.19047619047619047,0.08947368421052632,4.396748950050895,19,1,18,0.05263157894736842,0.09473684210526316,4.08826022991788,20,2,18,0.1,0.09473684210526316,1.929643
gaussian,gaussian,250,120,200,0.6,20,block_ar1,0.6,58,22,2,20,19,1,18,0.09090909090909091,0.10526315789473684,0.05263157894736842,0.09473684210526316,26,4,22,21,2,19,0.15384615384615385,0.11578947368421053,0.09523809523809523,0.1,4.102250839486624,30,3,27,0.1,0.14210526315789473,3.8987288465832632,32,5,27,0.15625,0.14210526315789473,4.081409222425399,30,3,27,0.1,0.14210526315789473,3.9261640091862033,31,4,27,0.12903225806451613,0.14210526315789473,4.547986346941611,17,1,16,0.058823529411764705,0.08421052631578947,3.9661057542215126,23,4,19,0.17391304347826086,0.1,4.102250839486624,30,3,27,0.1,0.14210526315789473,3.8987288465832632,32,5,27,0.15625,0.14210526315789473,1.860301
gaussian,gaussian,250,120,200,0.6,20,block_ar1,0.6,59,23,1,22,19,0,19,0.043478260869565216,0.11578947368421053,0.0,0.1,23,1,22,19,0,19,0.043478260869565216,0.11578947368421053,0.0,0.1,4.205374501244188,28,1,27,0.03571428571428571,0.14210526315789473,4.205374501244188,28,1,27,0.03571428571428571,0.14210526315789473,4.1745819581794965,28,1,27,0.03571428571428571,0.14210526315789473,4.1745819581794965,28,1,27,0.03571428571428571,0.14210526315789473,4.427087460572191,18,1,17,0.05555555555555555,0.08947368421052632,4.086482225360554,19,1,18,0.05263157894736842,0.09473684210526316,4.205374501244188,28,1,27,0.03571428571428571,0.14210526315789473,4.205374501244188,28,1,27,0.03571428571428571,0.14210526315789473,1.94306
gaussian,gaussian,250,120,200,0.6,20,block_ar1,0.6,60,22,1,21,18,0,18,0.045454545454545456,0.11052631578947368,0.0,0.09473684210526316,25,1,24,20,0,20,0.04,0.12631578947368421,0.0,0.10526315789473684,4.162852391136665,25,1,24,0.04,0.12631578947368421,4.162852391136665,25,1,24,0.04,0.12631578947368421,4.565898912897765,24,0,24,0.0,0.12631578947368421,4.1058534026041595,25,1,24,0.04,0.12631578947368421,4.252232061407552,18,1,17,0.05555555555555555,0.08947368421052632,4.010660882369519,19,2,17,0.10526315789473684,0.08947368421052632,4.629284424813943,24,0,24,0.0,0.12631578947368421,4.162852391136665,25,1,24,0.04,0.12631578947368421,2.161881
gaussian,gaussian,250,120,200,0.6,20,block_ar1,0.6,61,23,0,23,19,0,19,0.0,0.12105263157894737,0.0,0.1,24,1,23,20,0,20,0.041666666666666664,0.12105263157894737,0.0,0.10526315789473684,4.245587474798126,24,0,24,0.0,0.12631578947368421,3.92501979417784,28,1,27,0.03571428571428571,0.14210526315789473,4.241402121134236,24,0,24,0.0,0.12631578947368421,3.9211504601754394,28,1,27,0.03571428571428571,0.14210526315789473,4.253535170731613,16,0,16,0.0,0.08421052631578947,4.100287237787449,18,0,18,0.0,0.09473684210526316,4.245587474798126,24,0,24,0.0,0.12631578947368421,3.92501979417784,28,1,27,0.03571428571428571,0.14210526315789473,1.763582
gaussian,gaussian,250,120,200,0.6,20,block_ar1,0.6,62,25,1,24,20,0,20,0.04,0.12631578947368421,0.0,0.10526315789473684,29,3,26,20,0,20,0.10344827586206896,0.1368421052631579,0.0,0.10526315789473684,4.093133820289501,30,2,28,0.06666666666666667,0.14736842105263157,3.8895168313196216,34,4,30,0.11764705882352941,0.15789473684210525,4.10623784478388,29,1,28,0.034482758620689655,0.14736842105263157,3.9066483563053804,33,4,29,0.12121212121212122,0.15263157894736842,4.195568686217339,20,0,20,0.0,0.10526315789473684,4.006877711913447,23,1,22,0.043478260869565216,0.11578947368421053,4.14257333324391,29,1,28,0.034482758620689655,0.14736842105263157,3.9412177070428807,33,4,29,0.12121212121212122,0.15263157894736842,1.935711
gaussian,gaussian,250,120,200,0.6,20,block_ar1,0.6,63,23,2,21,20,0,20,0.08695652173913043,0.11052631578947368,0.0,0.10526315789473684,25,3,22,21,0,21,0.12,0.11578947368421053,0.0,0.11052631578947368,4.14298899039053,26,2,24,0.07692307692307693,0.12631578947368421,3.9303090519941946,28,4,24,0.14285714285714285,0.12631578947368421,4.1030662308994765,26,2,24,0.07692307692307693,0.12631578947368421,3.9250373430420242,27,3,24,0.1111111111111111,0.12631578947368421,4.160658109566296,21,3,18,0.14285714285714285,0.09473684210526316,3.9539260323770287,24,4,20,0.16666666666666666,0.10526315789473684,4.14298899039053,26,2,24,0.07692307692307693,0.12631578947368421,4.14298899039053,26,2,24,0.07692307692307693,0.12631578947368421,1.957794
gaussian,gaussian,250,120,200,0.6,20,block_ar1,0.6,64,20,2,18,14,0,14,0.1,0.09473684210526316,0.0,0.07368421052631578,26,5,21,17,0,17,0.19230769230769232,0.11052631578947368,0.0,0.08947368421052632,4.21978542429032,25,3,22,0.12,0.11578947368421053,4.007590317014364,28,5,23,0.17857142857142858,0.12105263157894737,4.2031931271525,25,3,22,0.12,0.11578947368421053,3.9918323761096466,28,5,23,0.17857142857142858,0.12105263157894737,4.241697585939637,14,1,13,0.07142857142857142,0.06842105263157895,4.057696954636985,17,3,14,0.17647058823529413,0.07368421052631578,4.21978542429032,25,3,22,0.12,0.11578947368421053,4.007590317014364,28,5,23,0.17857142857142858,0.12105263157894737,1.882617
gaussian,gaussian,250,120,200,0.6,20,block_ar1,0.6,65,25,2,23,19,0,19,0.08,0.12105263157894737,0.0,0.1,28,3,25,21,1,20,0.10714285714285714,0.13157894736842105,0.047619047619047616,0.10526315789473684,4.4145066422371215,27,2,25,0.07407407407407407,0.13157894736842105,3.926642094261124,30,4,26,0.13333333333333333,0.1368421052631579,4.363565876379472,27,2,25,0.07407407407407407,0.13157894736842105,3.931914982679718,28,3,25,0.10714285714285714,0.13157894736842105,4.281138079135028,19,1,18,0.05263157894736842,0.09473684210526316,4.013151546550569,20,1,19,0.05,0.1,4.4145066422371215,27,2,25,0.07407407407407407,0.13157894736842105,3.9778166067594856,28,3,25,0.10714285714285714,0.13157894736842105,2.005648
gaussian,gaussian,250,120,200,0.6,20,block_ar1,0.6,66,20,2,18,16,0,16,0.1,0.09473684210526316,0.0,0.08421052631578947,23,4,19,17,0,17,0.17391304347826086,0.1,0.0,0.08947368421052632,4.19146269685144,24,2,22,0.08333333333333333,0.11578947368421053,3.919235128519447,30,5,25,0.16666666666666666,0.13157894736842105,4.168019693417806,24,2,22,0.08333333333333333,0.11578947368421053,3.928054417665727,28,4,24,0.14285714285714285,0.12631578947368421,4.226554340893766,17,2,15,0.11764705882352941,0.07894736842105263,4.061020804313037,20,3,17,0.15,0.08947368421052632,4.251944723604555,23,1,22,0.043478260869565216,0.11578947368421053,4.020093836009643,25,2,23,0.08,0.12105263157894737,1.923636
gaussian,gaussian,250,120,200,0.6,20,block_ar1,0.6,67,24,2,22,21,1,20,0.08333333333333333,0.11578947368421053,0.047619047619047616,0.10526315789473684,29,5,24,22,1,21,0.1724137931034483,0.12631578947368421,0.045454545454545456,0.11052631578947368,4.060662439905283,31,2,29,0.06451612903225806,0.15263157894736842,3.8654134871068275,37,6,31,0.16216216216216217,0.1631578947368421,4.276293483954199,30,2,28,0.06666666666666667,0.14736842105263157,3.8789315963602866,36,5,31,0.1388888888888889,0.1631578947368421,4.2784993207036255,20,3,17,0.15,0.08947368421052632,3.9782417452394476,26,4,22,0.15384615384615385,0.11578947368421053,4.316666691713883,30,2,28,0.06666666666666667,0.14736842105263157,3.9726955311062033,35,4,31,0.11428571428571428,0.1631578947368421,1.898916
gaussian,gaussian,250,120,200,0.6,20,block_ar1,0.6,68,21,1,20,20,0,20,0.047619047619047616,0.10526315789473684,0.0,0.10526315789473684,24,1,23,20,0,20,0.041666666666666664,0.12105263157894737,0.0,0.10526315789473684,4.168523079624045,27,1,26,0.037037037037037035,0.1368421052631579,4.001548678825132,28,1,27,0.03571428571428571,0.14210526315789473,4.204826867954724,26,1,25,0.038461538461538464,0.13157894736842105,3.966322702690553,27,1,26,0.037037037037037035,0.1368421052631579,4.285583163956843,20,1,19,0.05,0.1,4.031682518484666,22,1,21,0.045454545454545456,0.11052631578947368,4.168523079624045,27,1,26,0.037037037037037035,0.1368421052631579,4.001548678825132,28,1,27,0.03571428571428571,0.14210526315789473,1.940225
gaussian,gaussian,250,120,200,0.6,20,block_ar1,0.6,69,22,0,22,18,0,18,0.0,0.11578947368421053,0.0,0.09473684210526316,23,1,22,19,0,19,0.043478260869565216,0.11578947368421053,0.0,0.1,4.170801387575263,25,1,24,0.04,0.12631578947368421,3.9170718412927346,28,3,25,0.10714285714285714,0.13157894736842105,4.138974065753495,25,1,24,0.04,0.12631578947368421,3.959784956640268,27,2,25,0.07407407407407407,0.13157894736842105,4.254831825487821,14,0,14,0.0,0.07368421052631578,4.024895944767888,19,1,18,0.05263157894736842,0.09473684210526316,4.545794901716446,23,0,23,0.0,0.12105263157894737,4.0560642965396205,26,1,25,0.038461538461538464,0.13157894736842105,1.897832
gaussian,gaussian,250,120,200,0.6,20,block_ar1,0.6,70,24,3,21,18,0,18,0.125,0.11052631578947368,0.0,0.09473684210526316,30,5,25,19,0,19,0.16666666666666666,0.13157894736842105,0.0,0.1,4.162749295520909,28,3,25,0.10714285714285714,0.13157894736842105,3.8953532608203916,31,5,26,0.16129032258064516,0.1368421052631579,4.118415390171508,28,3,25,0.10714285714285714,0.13157894736842105,3.922679463730767,30,5,25,0.16666666666666666,0.13157894736842105,4.277644261078559,17,1,16,0.058823529411764705,0.08421052631578947,4.277644261078559,17,1,16,0.058823529411764705,0.08421052631578947,4.202314783655677,27,2,25,0.07407407407407407,0.13157894736842105,4.0184309396126645,29,4,25,0.13793103448275862,0.13157894736842105,2.157293
gaussian,gaussian,250,120,200,0.6,20,block_ar1,0.6,71,24,0,24,20,0,20,0.0,0.12631578947368421,0.0,0.10526315789473684,25,1,24,21,0,21,0.04,0.12631578947368421,0.0,0.11052631578947368,4.110624738590119,28,0,28,0.0,0.14736842105263157,3.983078517803308,29,0,29,0.0,0.15263157894736842,4.086823822520767,28,0,28,0.0,0.14736842105263157,3.9600161067274695,29,0,29,0.0,0.15263157894736842,4.335116026169675,21,0,21,0.0,0.11052631578947368,3.934779561254314,26,4,22,0.15384615384615385,0.11578947368421053,4.369671587876176,27,0,27,0.0,0.14210526315789473,3.983078517803308,29,0,29,0.0,0.15263157894736842,1.877827
gaussian,gaussian,250,120,200,0.6,20,block_ar1,0.6,72,29,3,26,20,0,20,0.10344827586206896,0.1368421052631579,0.0,0.10526315789473684,31,3,28,21,0,21,0.0967741935483871,0.14736842105263157,0.0,0.11052631578947368,4.032291360280052,36,4,32,0.1111111111111111,0.16842105263157894,3.859235905416932,39,5,34,0.1282051282051282,0.17894736842105263,4.049665342609956,35,3,32,0.08571428571428572,0.16842105263157894,3.8465178016110757,39,5,34,0.1282051282051282,0.17894736842105263,4.189334663651139,20,0,20,0.0,0.10526315789473684,4.040048010459979,21,1,20,0.047619047619047616,0.10526315789473684,4.111033371453278,34,3,31,0.08823529411764706,0.1631578947368421,3.929466273380607,38,4,34,0.10526315789473684,0.17894736842105263,1.961845
gaussian,gaussian,250,120,200,0.6,20,block_ar1,0.6,73,28,5,23,18,0,18,0.17857142857142858,0.12105263157894737,0.0,0.09473684210526316,29,6,23,21,0,21,0.20689655172413793,0.12105263157894737,0.0,0.11052631578947368,4.102331425182526,29,5,24,0.1724137931034483,0.12631578947368421,3.908892210593309,31,7,24,0.22580645161290322,0.12631578947368421,4.0904105532594395,28,4,24,0.14285714285714285,0.12631578947368421,4.0402397229525215,29,5,24,0.1724137931034483,0.12631578947368421,4.1836508209719065,22,2,20,0.09090909090909091,0.10526315789473684,3.9556549088715114,25,4,21,0.16,0.11052631578947368,4.240306540489162,27,3,24,0.1111111111111111,0.12631578947368421,3.908892210593309,31,7,24,0.22580645161290322,0.12631578947368421,1.843071
gaussian,gaussian,250,120,200,0.6,20,block_ar1,0.6,74,23,0,23,16,0,16,0.0,0.12105263157894737,0.0,0.08421052631578947,26,3,23,19,0,19,0.11538461538461539,0.12105263157894737,0.0,0.1,4.1313788560325255,24,0,24,0.0,0.12631578947368421,3.927999784958637,30,3,27,0.1,0.14210526315789473,4.841815572062638,23,0,23,0.0,0.12105263157894737,3.9112325330868813,30,3,27,0.1,0.14210526315789473,4.302914633365092,19,1,18,0.05263157894736842,0.09473684210526316,3.9932510965718353,24,3,21,0.125,0.11052631578947368,4.862572185362049,23,0,23,0.0,0.12105263157894737,3.927999784958637,30,3,27,0.1,0.14210526315789473,1.849805
gaussian,gaussian,250,120,200,0.6,20,block_ar1,0.6,75,25,2,23,21,0,21,0.08,0.12105263157894737,0.0,0.11052631578947368,25,2,23,21,0,21,0.08,0.12105263157894737,0.0,0.11052631578947368,4.156195045446205,28,2,26,0.07142857142857142,0.1368421052631579,4.156195045446205,28,2,26,0.07142857142857142,0.1368421052631579,4.138485068444099,28,2,26,0.07142857142857142,0.1368421052631579,4.138485068444099,28,2,26,0.07142857142857142,0.1368421052631579,4.281632289156987,22,1,21,0.045454545454545456,0.11052631578947368,4.09527921238867,23,1,22,0.043478260869565216,0.11578947368421053,4.156195045446205,28,2,26,0.07142857142857142,0.1368421052631579,4.156195045446205,28,2,26,0.07142857142857142,0.1368421052631579,2.299998
gaussian,gaussian,250,120,200,0.6,20,block_ar1,0.6,76,18,0,18,18,0,18,0.0,0.09473684210526316,0.0,0.09473684210526316,26,6,20,18,0,18,0.23076923076923078,0.10526315789473684,0.0,0.09473684210526316,4.364707864880618,21,0,21,0.0,0.11052631578947368,3.941982589977963,28,5,23,0.17857142857142858,0.12105263157894737,4.337250470298548,21,0,21,0.0,0.11052631578947368,3.917184464935146,28,5,23,0.17857142857142858,0.12105263157894737,4.305137328489296,12,0,12,0.0,0.06315789473684211,4.091888510661585,16,1,15,0.0625,0.07894736842105263,4.364707864880618,21,0,21,0.0,0.11052631578947368,3.941982589977963,28,5,23,0.17857142857142858,0.12105263157894737,1.817931
gaussian,gaussian,250,120,200,0.6,20,block_ar1,0.6,77,21,1,20,19,0,19,0.047619047619047616,0.10526315789473684,0.0,0.1,23,2,21,19,0,19,0.08695652173913043,0.11052631578947368,0.0,0.1,4.236419366155515,25,1,24,0.04,0.12631578947368421,3.9633184582419396,28,2,26,0.07142857142857142,0.1368421052631579,4.209627145600973,25,1,24,0.04,0.12631578947368421,3.938253399029574,28,2,26,0.07142857142857142,0.1368421052631579,4.255913824708293,14,0,14,0.0,0.07368421052631578,4.010999524851541,21,2,19,0.09523809523809523,0.1,4.236419366155515,25,1,24,0.04,0.12631578947368421,4.017161037121496,27,1,26,0.037037037037037035,0.1368421052631579,1.860878
gaussian,gaussian,250,120,200,0.6,20,block_ar1,0.6,78,23,1,22,19,0,19,0.043478260869565216,0.11578947368421053,0.0,0.1,24,2,22,21,0,21,0.08333333333333333,0.11578947368421053,0.0,0.11052631578947368,4.1610733914121925,27,1,26,0.037037037037037035,0.1368421052631579,4.001829703503974,29,1,28,0.034482758620689655,0.14736842105263157,4.132331568361841,27,1,26,0.037037037037037035,0.1368421052631579,3.9741878259410512,29,1,28,0.034482758620689655,0.14736842105263157,4.277094292430118,19,1,18,0.05263157894736842,0.09473684210526316,4.106717672581883,22,2,20,0.09090909090909091,0.10526315789473684,4.1610733914121925,27,1,26,0.037037037037037035,0.1368421052631579,4.001829703503974,29,1,28,0.034482758620689655,0.14736842105263157,1.978498
gaussian,gaussian,250,120,200,0.6,20,block_ar1,0.6,79,23,1,22,20,0,20,0.043478260869565216,0.11578947368421053,0.0,0.10526315789473684,30,7,23,21,0,21,0.23333333333333334,0.12105263157894737,0.0,0.11052631578947368,4.028261544027511,35,6,29,0.17142857142857143,0.15263157894736842,3.841004797451256,39,8,31,0.20512820512820512,0.1631578947368421,4.053119239397944,32,3,29,0.09375,0.15263157894736842,3.919543713712001,37,7,30,0.1891891891891892,0.15789473684210525,4.196675517583518,19,0,19,0.0,0.1,3.9982436396082797,24,3,21,0.125,0.11052631578947368,4.142423036131863,29,2,27,0.06896551724137931,0.14210526315789473,3.959286176493852,37,7,30,0.1891891891891892,0.15789473684210525,1.855002
gaussian,gaussian,250,120,200,0.6,20,block_ar1,0.6,80,21,0,21,17,0,17,0.0,0.11052631578947368,0.0,0.08947368421052632,25,2,23,18,0,18,0.08,0.12105263157894737,0.0,0.09473684210526316,4.3226429925364345,24,0,24,0.0,0.12631578947368421,3.92662161218178,29,1,28,0.034482758620689655,0.14736842105263157,4.324458331904924,24,0,24,0.0,0.12631578947368421,3.928270638208233,29,1,28,0.034482758620689655,0.14736842105263157,4.219435833168558,20,1,19,0.05,0.1,4.082001128027368,21,1,20,0.047619047619047616,0.10526315789473684,4.3226429925364345,24,0,24,0.0,0.12631578947368421,3.9935323156562084,27,0,27,0.0,0.14210526315789473,2.033231
gaussian,gaussian,250,120,200,0.6,20,block_ar1,0.6,81,21,2,19,15,0,15,0.09523809523809523,0.1,0.0,0.07894736842105263,23,3,20,16,0,16,0.13043478260869565,0.10526315789473684,0.0,0.08421052631578947,4.141767187518279,26,3,23,0.11538461538461539,0.12105263157894737,3.9412570088811116,28,4,24,0.14285714285714285,0.12631578947368421,4.11899816559905,26,3,23,0.11538461538461539,0.12105263157894737,3.9195902750543117,28,4,24,0.14285714285714285,0.12631578947368421,4.247648986559503,15,1,14,0.06666666666666667,0.07368421052631578,3.9650150777697246,23,6,17,0.2608695652173913,0.08947368421052632,4.141767187518279,26,3,23,0.11538461538461539,0.12105263157894737,4.036035322423675,27,4,23,0.14814814814814814,0.12105263157894737,2.02503
gaussian,gaussian,250,120,200,0.6,20,block_ar1,0.6,82,21,1,20,18,0,18,0.047619047619047616,0.10526315789473684,0.0,0.09473684210526316,25,3,22,18,0,18,0.12,0.11578947368421053,0.0,0.09473684210526316,4.153184998919862,24,1,23,0.041666666666666664,0.12105263157894737,3.950027142937772,27,3,24,0.1111111111111111,0.12631578947368421,4.1333388581743495,24,1,23,0.041666666666666664,0.12105263157894737,3.9311517991599896,27,3,24,0.1111111111111111,0.12631578947368421,4.3273877461514285,15,0,15,0.0,0.07894736842105263,4.052162896568586,19,0,19,0.0,0.1,4.434759021126261,23,0,23,0.0,0.12105263157894737,4.153184998919862,24,1,23,0.041666666666666664,0.12105263157894737,1.831474
gaussian,gaussian,250,120,200,0.6,20,block_ar1,0.6,83,20,0,20,18,0,18,0.0,0.10526315789473684,0.0,0.09473684210526316,23,1,22,19,0,19,0.043478260869565216,0.11578947368421053,0.0,0.1,4.096820571437715,27,1,26,0.037037037037037035,0.1368421052631579,4.096820571437715,27,1,26,0.037037037037037035,0.1368421052631579,4.182578331709866,26,0,26,0.0,0.1368421052631579,4.076893008619325,27,1,26,0.037037037037037035,0.1368421052631579,4.184139100234198,18,1,17,0.05555555555555555,0.08947368421052632,4.184139100234198,18,1,17,0.05555555555555555,0.08947368421052632,4.096820571437715,27,1,26,0.037037037037037035,0.1368421052631579,4.096820571437715,27,1,26,0.037037037037037035,0.1368421052631579,2.05704
gaussian,gaussian,250,120,200,0.6,20,block_ar1,0.6,84,19,0,19,18,0,18,0.0,0.1,0.0,0.09473684210526316,22,1,21,18,0,18,0.045454545454545456,0.11052631578947368,0.0,0.09473684210526316,4.295325686206926,23,0,23,0.0,0.12105263157894737,3.9348265723766644,26,2,24,0.07692307692307693,0.12631578947368421,4.265537264783557,23,0,23,0.0,0.12105263157894737,3.9846257092698036,25,1,24,0.04,0.12631578947368421,4.248165798912295,15,1,14,0.06666666666666667,0.07368421052631578,4.087143532079135,18,1,17,0.05555555555555555,0.08947368421052632,4.295325686206926,23,0,23,0.0,0.12105263157894737,4.012452382083585,25,1,24,0.04,0.12631578947368421,2.293776
gaussian,gaussian,250,120,200,0.6,20,block_ar1,0.6,85,25,5,20,19,0,19,0.2,0.10526315789473684,0.0,0.1,31,8,23,21,2,19,0.25806451612903225,0.12105263157894737,0.09523809523809523,0.1,4.137480792986753,31,5,26,0.16129032258064516,0.1368421052631579,3.874114120942748,37,10,27,0.2702702702702703,0.14210526315789473,4.090479625181659,31,5,26,0.16129032258064516,0.1368421052631579,3.9183768126509366,35,8,27,0.22857142857142856,0.14210526315789473,4.197373365097753,20,3,17,0.15,0.08947368421052632,3.9671305293727817,25,7,18,0.28,0.09473684210526316,4.137480792986753,31,5,26,0.16129032258064516,0.1368421052631579,3.9634004536345575,35,8,27,0.22857142857142856,0.14210526315789473,2.400687
gaussian,gaussian,250,120,200,0.6,20,block_ar1,0.6,86,22,1,21,18,0,18,0.045454545454545456,0.11052631578947368,0.0,0.09473684210526316,27,5,22,19,0,19,0.18518518518518517,0.11578947368421053,0.0,0.1,4.116896380031256,26,2,24,0.07692307692307693,0.12631578947368421,3.9241170663374403,32,5,27,0.15625,0.14210526315789473,4.247294689331185,25,1,24,0.04,0.12631578947368421,3.9104383233119804,30,4,26,0.13333333333333333,0.1368421052631579,4.161366349476446,22,3,19,0.13636363636363635,0.1,3.976775598728447,27,5,22,0.18518518518518517,0.11578947368421053,4.294895470422378,25,1,24,0.04,0.12631578947368421,4.004435524525994,29,4,25,0.13793103448275862,0.13157894736842105,2.034632
gaussian,gaussian,250,120,200,0.6,20,block_ar1,0.6,87,24,2,22,21,0,21,0.08333333333333333,0.11578947368421053,0.0,0.11052631578947368,27,5,22,21,0,21,0.18518518518518517,0.11578947368421053,0.0,0.11052631578947368,4.194546146445444,29,2,27,0.06896551724137931,0.14210526315789473,3.9551026254089487,32,5,27,0.15625,0.14210526315789473,4.143361251172139,29,2,27,0.06896551724137931,0.14210526315789473,3.9068395936985247,32,5,27,0.15625,0.14210526315789473,4.188725263569986,21,0,21,0.0,0.11052631578947368,4.036238496587517,23,1,22,0.043478260869565216,0.11578947368421053,4.194546146445444,29,2,27,0.06896551724137931,0.14210526315789473,3.9551026254089487,32,5,27,0.15625,0.14210526315789473,1.974662
gaussian,gaussian,250,120,200,0.6,20,block_ar1,0.6,88,21,1,20,17,0,17,0.047619047619047616,0.10526315789473684,0.0,0.08947368421052632,25,3,22,18,0,18,0.12,0.11578947368421053,0.0,0.09473684210526316,4.2038551208785595,25,1,24,0.04,0.12631578947368421,4.00825325502445,27,3,24,0.1111111111111111,0.12631578947368421,4.1682778164746,25,1,24,0.04,0.12631578947368421,3.9743313328644954,27,3,24,0.1111111111111111,0.12631578947368421,4.152382351841272,21,2,19,0.09523809523809523,0.1,4.152382351841272,21,2,19,0.09523809523809523,0.1,4.4713348181334736,24,0,24,0.0,0.12631578947368421,4.00825325502445,27,3,24,0.1111111111111111,0.12631578947368421,1.934498
gaussian,gaussian,250,120,200,0.6,20,block_ar1,0.6,89,26,2,24,20,0,20,0.07692307692307693,0.12631578947368421,0.0,0.10526315789473684,31,4,27,22,0,22,0.12903225806451613,0.14210526315789473,0.0,0.11578947368421053,4.154324094998984,29,2,27,0.06896551724137931,0.14210526315789473,3.9789621328935025,32,4,28,0.125,0.14736842105263157,4.125670650605588,29,2,27,0.06896551724137931,0.14210526315789473,3.9515182051663564,32,4,28,0.125,0.14736842105263157,4.202640669371162,24,1,23,0.041666666666666664,0.12105263157894737,3.9154606425678,29,5,24,0.1724137931034483,0.12631578947368421,4.260067625534159,28,1,27,0.03571428571428571,0.14210526315789473,3.9789621328935025,32,4,28,0.125,0.14736842105263157,1.882205
gaussian,gaussian,250,120,200,0.6,20,block_ar1,0.6,90,21,0,21,18,0,18,0.0,0.11052631578947368,0.0,0.09473684210526316,23,1,22,20,0,20,0.043478260869565216,0.11578947368421053,0.0,0.10526315789473684,4.120572471770821,25,0,25,0.0,0.13157894736842105,3.9669861995436144,26,1,25,0.038461538461538464,0.13157894736842105,4.237050361656115,24,0,24,0.0,0.12631578947368421,4.083575507696743,25,0,25,0.0,0.13157894736842105,4.220909660562465,16,0,16,0.0,0.08421052631578947,4.220909660562465,16,0,16,0.0,0.08421052631578947,4.275437799261907,24,0,24,0.0,0.12631578947368421,4.120572471770821,25,0,25,0.0,0.13157894736842105,1.860254
gaussian,gaussian,250,120,200,0.6,20,block_ar1,0.6,91,27,3,24,20,1,19,0.1111111111111111,0.12631578947368421,0.05,0.1,30,6,24,23,2,21,0.2,0.12631578947368421,0.08695652173913043,0.11052631578947368,4.101958555370635,31,5,26,0.16129032258064516,0.1368421052631579,3.880928175887676,36,9,27,0.25,0.14210526315789473,4.0756967195712495,31,5,26,0.16129032258064516,0.1368421052631579,3.8560814356954993,36,9,27,0.25,0.14210526315789473,4.210893882059574,20,2,18,0.1,0.09473684210526316,3.9874905806156296,23,3,20,0.13043478260869565,0.10526315789473684,4.101958555370635,31,5,26,0.16129032258064516,0.1368421052631579,3.919304392750437,34,8,26,0.23529411764705882,0.1368421052631579,2.105843
gaussian,gaussian,250,120,200,0.6,20,block_ar1,0.6,92,27,2,25,22,1,21,0.07407407407407407,0.13157894736842105,0.045454545454545456,0.11052631578947368,37,8,29,24,1,23,0.21621621621621623,0.15263157894736842,0.041666666666666664,0.12105263157894737,4.076368316546819,36,3,33,0.08333333333333333,0.1736842105263158,3.8531447732988853,43,9,34,0.20930232558139536,0.17894736842105263,4.0288761885395825,36,3,33,0.08333333333333333,0.1736842105263158,3.8199988703428156,42,8,34,0.19047619047619047,0.17894736842105263,4.123308008983478,24,3,21,0.125,0.11052631578947368,3.9167272868116845,28,4,24,0.14285714285714285,0.12631578947368421,4.164755353247493,34,1,33,0.029411764705882353,0.1736842105263158,3.8763559559008067,41,8,33,0.1951219512195122,0.1736842105263158,1.890987
gaussian,gaussian,250,120,200,0.6,20,block_ar1,0.6,93,26,2,24,19,0,19,0.07692307692307693,0.12631578947368421,0.0,0.1,31,4,27,24,2,22,0.12903225806451613,0.14210526315789473,0.08333333333333333,0.11578947368421053,4.130324168703006,31,4,27,0.12903225806451613,0.14210526315789473,3.8692342526860073,35,5,30,0.14285714285714285,0.15789473684210525,4.109235161051136,31,4,27,0.12903225806451613,0.14210526315789473,3.8736784227305225,34,5,29,0.14705882352941177,0.15263157894736842,4.208454156550405,20,1,19,0.05,0.1,3.9389648093519316,26,4,22,0.15384615384615385,0.11578947368421053,4.130324168703006,31,4,27,0.12903225806451613,0.14210526315789473,3.933241446922053,33,4,29,0.12121212121212122,0.15263157894736842,1.924515
gaussian,gaussian,250,120,200,0.6,20,block_ar1,0.6,94,21,2,19,15,1,14,0.09523809523809523,0.1,0.06666666666666667,0.07368421052631578,23,2,21,16,1,15,0.08695652173913043,0.11052631578947368,0.0625,0.07894736842105263,4.179428466337184,25,2,23,0.08,0.12105263157894737,4.179428466337184,25,2,23,0.08,0.12105263157894737,4.159180446514488,25,2,23,0.08,0.12105263157894737,4.159180446514488,25,2,23,0.08,0.12105263157894737,4.249371482196302,15,1,14,0.06666666666666667,0.07368421052631578,4.0072219783755765,22,5,17,0.22727272727272727,0.08947368421052632,4.179428466337184,25,2,23,0.08,0.12105263157894737,4.179428466337184,25,2,23,0.08,0.12105263157894737,1.873279
gaussian,gaussian,250,120,200,0.6,20,block_ar1,0.6,95,21,1,20,17,0,17,0.047619047619047616,0.10526315789473684,0.0,0.08947368421052632,26,3,23,17,0,17,0.11538461538461539,0.12105263157894737,0.0,0.08947368421052632,4.085835250070611,28,2,26,0.07142857142857142,0.1368421052631579,3.9399154258437203,31,3,28,0.0967741935483871,0.14736842105263157,4.157100372447756,26,1,25,0.038461538461538464,0.13157894736842105,3.9293485612096988,31,3,28,0.0967741935483871,0.14736842105263157,4.449558500952637,17,1,16,0.058823529411764705,0.08421052631578947,3.984459858502354,23,5,18,0.21739130434782608,0.09473684210526316,4.16827971075827,26,1,25,0.038461538461538464,0.13157894736842105,3.9399154258437203,31,3,28,0.0967741935483871,0.14736842105263157,1.936957
gaussian,gaussian,250,120,200,0.6,20,block_ar1,0.6,96,20,0,20,19,0,19,0.0,0.10526315789473684,0.0,0.1,23,2,21,19,0,19,0.08695652173913043,0.11052631578947368,0.0,0.1,4.171737537214873,23,0,23,0.0,0.12105263157894737,4.039466748664071,25,2,23,0.08,0.12105263157894737,4.127294625059445,23,0,23,0.0,0.12105263157894737,3.9964329613598237,25,2,23,0.08,0.12105263157894737,4.337825418076836,14,0,14,0.0,0.07368421052631578,3.997749138409707,21,4,17,0.19047619047619047,0.08947368421052632,4.370664230316396,22,0,22,0.0,0.11578947368421053,4.039466748664071,25,2,23,0.08,0.12105263157894737,2.049296
gaussian,gaussian,250,120,200,0.6,20,block_ar1,0.6,97,24,0,24,19,0,19,0.0,0.12631578947368421,0.0,0.1,25,1,24,20,0,20,0.04,0.12631578947368421,0.0,0.10526315789473684,4.1525913361705005,26,2,24,0.07692307692307693,0.12631578947368421,3.9251661076239674,28,4,24,0.14285714285714285,0.12631578947368421,4.106004733362156,26,2,24,0.07692307692307693,0.12631578947368421,3.9933215342391915,27,3,24,0.1111111111111111,0.12631578947368421,4.227504885761055,16,1,15,0.0625,0.07894736842105263,3.9954467892660355,24,4,20,0.16666666666666666,0.10526315789473684,4.38747404111633,25,1,24,0.04,0.12631578947368421,4.038629636952769,27,3,24,0.1111111111111111,0.12631578947368421,1.935805
gaussian,gaussian,250,120,200,0.6,20,block_ar1,0.6,98,23,2,21,19,0,19,0.08695652173913043,0.11052631578947368,0.0,0.1,28,4,24,19,0,19,0.14285714285714285,0.12631578947368421,0.0,0.1,4.096095920365691,29,2,27,0.06896551724137931,0.14210526315789473,3.9045810363518973,33,5,28,0.15151515151515152,0.14736842105263157,4.149633230876141,28,1,27,0.03571428571428571,0.14210526315789473,3.877012888647933,33,5,28,0.15151515151515152,0.14736842105263157,4.434366772874973,16,1,15,0.0625,0.07894736842105263,4.019402919473877,20,2,18,0.1,0.09473684210526316,4.179139891058012,28,1,27,0.03571428571428571,0.14210526315789473,3.9575104848077034,32,4,28,0.125,0.14736842105263157,1.799995
gaussian,gaussian,250,120,200,0.6,20,block_ar1,0.6,99,23,1,22,19,1,18,0.043478260869565216,0.11578947368421053,0.05263157894736842,0.09473684210526316,24,1,23,20,1,19,0.041666666666666664,0.12105263157894737,0.05,0.1,4.1181974704154864,27,1,26,0.037037037037037035,0.1368421052631579,3.9305467121419424,29,2,27,0.06896551724137931,0.14210526315789473,4.197518831555998,26,1,25,0.038461538461538464,0.13157894736842105,4.084298161494818,27,1,26,0.037037037037037035,0.1368421052631579,4.300402578875338,19,1,18,0.05263157894736842,0.09473684210526316,4.006238464163841,23,2,21,0.08695652173913043,0.11052631578947368,4.232357861897301,26,1,25,0.038461538461538464,0.13157894736842105,4.1181974704154864,27,1,26,0.037037037037037035,0.1368421052631579,2.11987
gaussian,gaussian,250,120,200,0.6,20,block_ar1,0.6,100,21,0,21,15,0,15,0.0,0.11052631578947368,0.0,0.07894736842105263,24,3,21,19,0,19,0.125,0.11052631578947368,0.0,0.1,4.186458068282292,25,0,25,0.0,0.13157894736842105,3.9294392373905556,28,2,26,0.07142857142857142,0.1368421052631579,4.168448360460942,25,0,25,0.0,0.13157894736842105,3.9406470977296797,27,2,25,0.07407407407407407,0.13157894736842105,4.233885292397984,17,1,16,0.058823529411764705,0.08421052631578947,4.0166473110327985,19,1,18,0.05263157894736842,0.09473684210526316,4.186458068282292,25,0,25,0.0,0.13157894736842105,3.9294392373905556,28,2,26,0.07142857142857142,0.1368421052631579,2.038039
gaussian,gaussian,250,120,200,0.6,20,block_ar1,0.6,101,18,0,18,13,0,13,0.0,0.09473684210526316,0.0,0.06842105263157895,19,1,18,16,0,16,0.05263157894736842,0.09473684210526316,0.0,0.08421052631578947,4.332745760337164,21,0,21,0.0,0.11052631578947368,3.9600624888937794,24,2,22,0.08333333333333333,0.11578947368421053,4.288862187681734,21,0,21,0.0,0.11052631578947368,3.973848558211131,23,1,22,0.043478260869565216,0.11578947368421053,4.409068855317073,13,0,13,0.0,0.06842105263157895,4.103346358145463,14,0,14,0.0,0.07368421052631578,4.332745760337164,21,0,21,0.0,0.11052631578947368,4.014508916202301,23,1,22,0.043478260869565216,0.11578947368421053,2.040408
gaussian,gaussian,250,120,200,0.6,20,block_ar1,0.6,102,25,2,23,21,0,21,0.08,0.12105263157894737,0.0,0.11052631578947368,31,7,24,21,0,21,0.22580645161290322,0.12631578947368421,0.0,0.11052631578947368,4.222828829037766,27,2,25,0.07407407407407407,0.13157894736842105,3.9336943028887776,30,5,25,0.16666666666666666,0.13157894736842105,4.185143244188299,27,2,25,0.07407407407407407,0.13157894736842105,3.949671956702273,29,4,25,0.13793103448275862,0.13157894736842105,4.307714593953089,23,2,21,0.08695652173913043,0.11052631578947368,4.047108215538561,27,4,23,0.14814814814814814,0.12105263157894737,4.222828829037766,27,2,25,0.07407407407407407,0.13157894736842105,3.9852372143212462,29,4,25,0.13793103448275862,0.13157894736842105,1.763864
gaussian,gaussian,250,120,200,0.6,20,block_ar1,0.6,103,24,3,21,18,0,18,0.125,0.11052631578947368,0.0,0.09473684210526316,34,9,25,20,1,19,0.2647058823529412,0.13157894736842105,0.05,0.1,4.310816899574277,26,3,23,0.11538461538461539,0.12105263157894737,3.8845880615547426,39,9,30,0.23076923076923078,0.15789473684210525,4.272305746292807,26,3,23,0.11538461538461539,0.12105263157894737,3.849884670118963,39,9,30,0.23076923076923078,0.15789473684210525,4.155036539905401,23,2,21,0.08695652173913043,0.11052631578947368,4.155036539905401,23,2,21,0.08695652173913043,0.11052631578947368,4.310816899574277,26,3,23,0.11538461538461539,0.12105263157894737,3.8845880615547426,39,9,30,0.23076923076923078,0.15789473684210525,1.996385
gaussian,gaussian,250,120,200,0.6,20,block_ar1,0.6,104,19,0,19,15,0,15,0.0,0.1,0.0,0.07894736842105263,25,1,24,17,0,17,0.04,0.12631578947368421,0.0,0.08947368421052632,4.252888960367297,28,0,28,0.0,0.14736842105263157,3.930338000039454,31,1,30,0.03225806451612903,0.15789473684210525,4.2311645453557025,28,0,28,0.0,0.14736842105263157,3.9102612252530924,31,1,30,0.03225806451612903,0.15789473684210525,4.27149017653202,16,0,16,0.0,0.08421052631578947,4.118564682447514,20,2,18,0.1,0.09473684210526316,4.252888960367297,28,0,28,0.0,0.14736842105263157,3.930338000039454,31,1,30,0.03225806451612903,0.15789473684210525,1.883139
gaussian,gaussian,250,120,200,0.6,20,block_ar1,0.6,105,22,2,20,18,0,18,0.09090909090909091,0.10526315789473684,0.0,0.09473684210526316,26,5,21,19,1,18,0.19230769230769232,0.11052631578947368,0.05263157894736842,0.09473684210526316,4.1018898477646,26,5,21,0.19230769230769232,0.11052631578947368,3.9986011807796205,30,8,22,0.26666666666666666,0.11578947368421053,4.555884730081588,23,2,21,0.08695652173913043,0.11052631578947368,3.963981671764825,28,6,22,0.21428571428571427,0.11578947368421053,4.2880566015158035,17,1,16,0.058823529411764705,0.08421052631578947,4.009984396033649,24,6,18,0.25,0.09473684210526316,4.327128951220755,24,3,21,0.125,0.11052631578947368,3.9986011807796205,30,8,22,0.26666666666666666,0.11578947368421053,1.826955
gaussian,gaussian,250,120,200,0.6,20,block_ar1,0.6,106,23,2,21,17,0,17,0.08695652173913043,0.11052631578947368,0.0,0.08947368421052632,26,5,21,19,0,19,0.19230769230769232,0.11052631578947368,0.0,0.1,4.120804734816836,26,2,24,0.07692307692307693,0.12631578947368421,3.886125252856783,33,6,27,0.18181818181818182,0.14210526315789473,4.1006695759062906,26,2,24,0.07692307692307693,0.12631578947368421,3.923527180079845,30,5,25,0.16666666666666666,0.13157894736842105,4.148433802502391,21,3,18,0.14285714285714285,0.09473684210526316,3.9604991444110933,25,6,19,0.24,0.1,4.254096193087156,25,1,24,0.04,0.12631578947368421,3.886125252856783,33,6,27,0.18181818181818182,0.14210526315789473,2.103266
gaussian,gaussian,250,120,200,0.6,20,block_ar1,0.6,107,24,1,23,20,0,20,0.041666666666666664,0.12105263157894737,0.0,0.10526315789473684,24,1,23,21,0,21,0.041666666666666664,0.12105263157894737,0.0,0.11052631578947368,4.237610064560377,24,1,23,0.041666666666666664,0.12105263157894737,4.0104822682768235,25,1,24,0.04,0.12631578947368421,4.207847453070598,24,1,23,0.041666666666666664,0.12105263157894737,3.982314875850698,25,1,24,0.04,0.12631578947368421,4.229505029135551,21,0,21,0.0,0.11052631578947368,3.9668731627363387,23,0,23,0.0,0.12105263157894737,4.237610064560377,24,1,23,0.041666666666666664,0.12105263157894737,4.0104822682768235,25,1,24,0.04,0.12631578947368421,2.028669
gaussian,gaussian,250,120,200,0.6,20,block_ar1,0.6,108,22,0,22,18,0,18,0.0,0.11578947368421053,0.0,0.09473684210526316,27,3,24,20,0,20,0.1111111111111111,0.12631578947368421,0.0,0.10526315789473684,4.093961706224332,29,1,28,0.034482758620689655,0.14736842105263157,3.836488535775239,39,8,31,0.20512820512820512,0.1631578947368421,4.098126595599435,28,1,27,0.03571428571428571,0.14210526315789473,3.878430147273302,34,5,29,0.14705882352941177,0.15263157894736842,4.2083002352129695,17,0,17,0.0,0.08947368421052632,4.033791448329077,21,2,19,0.09523809523809523,0.1,4.121972927628262,28,1,27,0.03571428571428571,0.14210526315789473,3.856276478662294,36,6,30,0.16666666666666666,0.15789473684210525,1.895614
gaussian,gaussian,250,120,200,0.6,20,block_ar1,0.6,109,23,0,23,20,0,20,0.0,0.12105263157894737,0.0,0.10526315789473684,25,1,24,21,0,21,0.04,0.12631578947368421,0.0,0.11052631578947368,4.184622755604328,27,1,26,0.037037037037037035,0.1368421052631579,3.947676109228022,29,2,27,0.06896551724137931,0.14210526315789473,4.1550046759511865,27,1,26,0.037037037037037035,0.1368421052631579,3.919735099422222,29,2,27,0.06896551724137931,0.14210526315789473,4.184954602071059,18,0,18,0.0,0.09473684210526316,3.9685613494313197,23,1,22,0.043478260869565216,0.11578947368421053,4.184622755604328,27,1,26,0.037037037037037035,0.1368421052631579,3.947676109228022,29,2,27,0.06896551724137931,0.14210526315789473,1.982832
gaussian,gaussian,250,120,200,0.6,20,block_ar1,0.6,110,24,0,24,17,0,17,0.0,0.12631578947368421,0.0,0.08947368421052632,26,1,25,20,0,20,0.038461538461538464,0.13157894736842105,0.0,0.10526315789473684,4.351188523496292,26,0,26,0.0,0.1368421052631579,3.963256633969712,27,1,26,0.037037037037037035,0.1368421052631579,4.327043430589456,26,0,26,0.0,0.1368421052631579,3.9412642061252066,27,1,26,0.037037037037037035,0.1368421052631579,4.240190128899316,18,0,18,0.0,0.09473684210526316,3.9567865839003136,24,2,22,0.08333333333333333,0.11578947368421053,4.351188523496292,26,0,26,0.0,0.1368421052631579,3.963256633969712,27,1,26,0.037037037037037035,0.1368421052631579,1.924334
gaussian,gaussian,250,120,200,0.6,20,block_ar1,0.6,111,25,4,21,19,0,19,0.16,0.11052631578947368,0.0,0.1,28,6,22,21,1,20,0.21428571428571427,0.11578947368421053,0.047619047619047616,0.10526315789473684,4.081897135637977,31,5,26,0.16129032258064516,0.1368421052631579,3.9100562108583237,33,6,27,0.18181818181818182,0.14210526315789473,4.097128012398451,30,4,26,0.13333333333333333,0.1368421052631579,3.90888918453712,32,6,26,0.1875,0.1368421052631579,4.167361137290251,21,3,18,0.14285714285714285,0.09473684210526316,3.929441140987973,28,7,21,0.25,0.11052631578947368,4.137822855528423,30,4,26,0.13333333333333333,0.1368421052631579,3.9100562108583237,33,6,27,0.18181818181818182,0.14210526315789473,1.913648
gaussian,gaussian,250,120,200,0.6,20,block_ar1,0.6,112,16,0,16,15,0,15,0.0,0.08421052631578947,0.0,0.07894736842105263,18,0,18,15,0,15,0.0,0.09473684210526316,0.0,0.07894736842105263,4.1397065894028975,22,0,22,0.0,0.11578947368421053,4.052429223597592,24,0,24,0.0,0.12631578947368421,4.168294503958927,20,0,20,0.0,0.10526315789473684,4.034837936503386,24,0,24,0.0,0.12631578947368421,4.318620298883138,15,0,15,0.0,0.07894736842105263,4.064487978177278,16,0,16,0.0,0.08421052631578947,4.426540133228361,19,0,19,0.0,0.1,4.052429223597592,24,0,24,0.0,0.12631578947368421,2.064077
gaussian,gaussian,250,120,200,0.6,20,block_ar1,0.6,113,24,1,23,20,0,20,0.041666666666666664,0.12105263157894737,0.0,0.10526315789473684,24,1,23,20,0,20,0.041666666666666664,0.12105263157894737,0.0,0.10526315789473684,4.3021607329160165,24,1,23,0.041666666666666664,0.12105263157894737,4.0990268699467824,25,1,24,0.04,0.12631578947368421,4.258274745194946,24,1,23,0.041666666666666664,0.12105263157894737,4.057213034051141,25,1,24,0.04,0.12631578947368421,4.3209126891018395,19,1,18,0.05263157894736842,0.09473684210526316,4.00590517082386,24,3,21,0.125,0.11052631578947368,4.3021607329160165,24,1,23,0.041666666666666664,0.12105263157894737,4.0990268699467824,25,1,24,0.04,0.12631578947368421,1.861691
gaussian,gaussian,250,120,200,0.6,20,block_ar1,0.6,114,24,3,21,18,0,18,0.125,0.11052631578947368,0.0,0.09473684210526316,26,4,22,20,0,20,0.15384615384615385,0.11578947368421053,0.0,0.10526315789473684,4.092242899740186,27,4,23,0.14814814814814814,0.12105263157894737,3.967830928908775,30,5,25,0.16666666666666666,0.13157894736842105,4.162974914317743,26,3,23,0.11538461538461539,0.12105263157894737,3.9190177133241373,30,5,25,0.16666666666666666,0.13157894736842105,4.224458180775764,19,1,18,0.05263157894736842,0.09473684210526316,4.224458180775764,19,1,18,0.05263157894736842,0.09473684210526316,4.214826732000309,26,3,23,0.11538461538461539,0.12105263157894737,3.967830928908775,30,5,25,0.16666666666666666,0.13157894736842105,1.946369
gaussian,gaussian,250,120,200,0.6,20,block_ar1,0.6,115,30,1,29,21,0,21,0.03333333333333333,0.15263157894736842,0.0,0.11052631578947368,31,1,30,24,1,23,0.03225806451612903,0.15789473684210525,0.041666666666666664,0.12105263157894737,4.1698276822878055,33,2,31,0.06060606060606061,0.1631578947368421,3.9441325137424608,34,2,32,0.058823529411764705,0.16842105263157894,4.134386252779553,33,2,31,0.06060606060606061,0.1631578947368421,3.9106093791892556,34,2,32,0.058823529411764705,0.16842105263157894,4.151387492649898,25,1,24,0.04,0.12631578947368421,3.9277357546731464,29,3,26,0.10344827586206896,0.1368421052631579,4.1698276822878055,33,2,31,0.06060606060606061,0.1631578947368421,3.9441325137424608,34,2,32,0.058823529411764705,0.16842105263157894,1.937224
gaussian,gaussian,250,120,200,0.6,20,block_ar1,0.6,116,22,1,21,20,0,20,0.045454545454545456,0.11052631578947368,0.0,0.10526315789473684,23,1,22,21,0,21,0.043478260869565216,0.11578947368421053,0.0,0.11052631578947368,4.2234810353451815,23,1,22,0.043478260869565216,0.11578947368421053,4.033428689214235,25,2,23,0.08,0.12105263157894737,4.17255687762232,23,1,22,0.043478260869565216,0.11578947368421053,3.9847960667365827,25,2,23,0.08,0.12105263157894737,4.220137662560444,21,0,21,0.0,0.11052631578947368,4.079167734503528,22,1,21,0.045454545454545456,0.11052631578947368,4.726771223780189,22,0,22,0.0,0.11578947368421053,4.033428689214235,25,2,23,0.08,0.12105263157894737,1.885801
gaussian,gaussian,250,120,200,0.6,20,block_ar1,0.6,117,24,0,24,18,0,18,0.0,0.12631578947368421,0.0,0.09473684210526316,28,1,27,21,0,21,0.03571428571428571,0.14210526315789473,0.0,0.11052631578947368,4.072998362522201,31,0,31,0.0,0.1631578947368421,3.9078197250740367,34,2,32,0.058823529411764705,0.16842105263157894,4.170204361518497,30,0,30,0.0,0.15789473684210525,3.967293609705233,33,2,31,0.06060606060606061,0.1631578947368421,4.203294657315432,19,1,18,0.05263157894736842,0.09473684210526316,4.072173512461536,22,1,21,0.045454545454545456,0.11052631578947368,4.212629079449625,30,0,30,0.0,0.15789473684210525,4.00765405676026,33,2,31,0.06060606060606061,0.1631578947368421,2.059623
gaussian,gaussian,250,120,200,0.6,20,block_ar1,0.6,118,21,0,21,19,0,19,0.0,0.11052631578947368,0.0,0.1,24,1,23,19,0,19,0.041666666666666664,0.12105263157894737,0.0,0.1,4.383453213155046,24,0,24,0.0,0.12631578947368421,4.041789732884942,27,1,26,0.037037037037037035,0.1368421052631579,4.340176173968707,24,0,24,0.0,0.12631578947368421,4.031776198814172,26,1,25,0.038461538461538464,0.13157894736842105,4.243338490768762,18,0,18,0.0,0.09473684210526316,4.113787910171717,19,0,19,0.0,0.1,4.383453213155046,24,0,24,0.0,0.12631578947368421,4.041789732884942,27,1,26,0.037037037037037035,0.1368421052631579,1.831466
gaussian,gaussian,250,120,200,0.6,20,block_ar1,0.6,119,20,1,19,18,0,18,0.05,0.1,0.0,0.09473684210526316,21,2,19,18,0,18,0.09523809523809523,0.1,0.0,0.09473684210526316,4.4154408403963865,22,2,20,0.09090909090909091,0.10526315789473684,3.998986793966143,25,3,22,0.12,0.11578947368421053,4.384781695665749,22,2,20,0.09090909090909091,0.10526315789473684,3.971219348013655,25,3,22,0.12,0.11578947368421053,4.202974374522352,17,2,15,0.11764705882352941,0.07894736842105263,4.202974374522352,17,2,15,0.11764705882352941,0.07894736842105263,4.4154408403963865,22,2,20,0.09090909090909091,0.10526315789473684,3.998986793966143,25,3,22,0.12,0.11578947368421053,1.87445
gaussian,gaussian,250,120,200,0.6,20,block_ar1,0.6,120,23,0,23,19,0,19,0.0,0.12105263157894737,0.0,0.1,24,0,24,19,0,19,0.0,0.12631578947368421,0.0,0.1,4.173588830741348,27,0,27,0.0,0.14210526315789473,3.9205408010350373,28,1,27,0.03571428571428571,0.14210526315789473,4.154178715139272,27,0,27,0.0,0.14210526315789473,4.154178715139272,27,0,27,0.0,0.14210526315789473,4.278356793091374,19,0,19,0.0,0.1,4.013388089382346,22,0,22,0.0,0.11578947368421053,4.173588830741348,27,0,27,0.0,0.14210526315789473,4.173588830741348,27,0,27,0.0,0.14210526315789473,2.034415
gaussian,gaussian,250,120,200,0.6,20,block_ar1,0.6,121,23,1,22,21,0,21,0.043478260869565216,0.11578947368421053,0.0,0.11052631578947368,28,5,23,21,0,21,0.17857142857142858,0.12105263157894737,0.0,0.11052631578947368,4.077619193613984,29,2,27,0.06896551724137931,0.14210526315789473,3.8791162696666452,35,6,29,0.17142857142857143,0.15263157894736842,4.309629493268002,25,1,24,0.04,0.12631578947368421,3.891338267780194,32,4,28,0.125,0.14736842105263157,4.148284022161813,21,3,18,0.14285714285714285,0.09473684210526316,3.981803409937075,24,3,21,0.125,0.11052631578947368,4.338980479388419,25,1,24,0.04,0.12631578947368421,3.9635586781875447,30,2,28,0.06666666666666667,0.14736842105263157,1.837135
gaussian,gaussian,250,120,200,0.6,20,block_ar1,0.6,122,28,0,28,21,0,21,0.0,0.14736842105263157,0.0,0.11052631578947368,28,0,28,23,0,23,0.0,0.14736842105263157,0.0,0.12105263157894737,4.150948872911514,32,0,32,0.0,0.16842105263157894,4.150948872911514,32,0,32,0.0,0.16842105263157894,4.11516835040634,32,0,32,0.0,0.16842105263157894,4.11516835040634,32,0,32,0.0,0.16842105263157894,4.1205791414519854,26,0,26,0.0,0.1368421052631579,4.07683197738457,27,0,27,0.0,0.14210526315789473,4.150948872911514,32,0,32,0.0,0.16842105263157894,4.150948872911514,32,0,32,0.0,0.16842105263157894,1.92273
gaussian,gaussian,250,120,200,0.6,20,block_ar1,0.6,123,21,1,20,19,0,19,0.047619047619047616,0.10526315789473684,0.0,0.1,27,5,22,20,0,20,0.18518518518518517,0.11578947368421053,0.0,0.10526315789473684,4.154898738314858,26,1,25,0.038461538461538464,0.13157894736842105,3.9097759828360337,31,5,26,0.16129032258064516,0.1368421052631579,4.136837857333327,26,1,25,0.038461538461538464,0.13157894736842105,3.892780623108183,31,5,26,0.16129032258064516,0.1368421052631579,4.639508510905035,18,1,17,0.05555555555555555,0.08947368421052632,3.982093003447417,22,3,19,0.13636363636363635,0.1,4.154898738314858,26,1,25,0.038461538461538464,0.13157894736842105,3.9097759828360337,31,5,26,0.16129032258064516,0.1368421052631579,2.155344
gaussian,gaussian,250,120,200,0.6,20,block_ar1,0.6,124,20,0,20,20,0,20,0.0,0.10526315789473684,0.0,0.10526315789473684,23,2,21,20,0,20,0.08695652173913043,0.11052631578947368,0.0,0.10526315789473684,4.087590220056841,28,3,25,0.10714285714285714,0.13157894736842105,3.85279966935372,37,8,29,0.21621621621621623,0.15263157894736842,4.109379973554317,27,2,25,0.07407407407407407,0.13157894736842105,3.9047560494025695,31,4,27,0.12903225806451613,0.14210526315789473,4.177421299963967,21,2,19,0.09523809523809523,0.1,3.9813634421364714,23,2,21,0.08695652173913043,0.11052631578947368,4.15357423284468,27,2,25,0.07407407407407407,0.13157894736842105,3.9467496840684957,32,5,27,0.15625,0.14210526315789473,1.902029
gaussian,gaussian,250,120,200,0.6,20,block_ar1,0.6,125,22,1,21,18,0,18,0.045454545454545456,0.11052631578947368,0.0,0.09473684210526316,28,5,23,18,0,18,0.17857142857142858,0.12105263157894737,0.0,0.09473684210526316,4.217823066545413,24,1,23,0.041666666666666664,0.12105263157894737,3.9016868282125308,31,6,25,0.1935483870967742,0.13157894736842105,4.188011051161806,24,1,23,0.041666666666666664,0.12105263157894737,3.9165178277479824,30,5,25,0.16666666666666666,0.13157894736842105,4.291453266661685,15,1,14,0.06666666666666667,0.07368421052631578,4.014127089679107,21,3,18,0.14285714285714285,0.09473684210526316,4.217823066545413,24,1,23,0.041666666666666664,0.12105263157894737,3.9443972407448995,30,5,25,0.16666666666666666,0.13157894736842105,1.882732
gaussian,gaussian,250,120,200,0.6,20,block_ar1,0.6,126,22,2,20,19,1,18,0.09090909090909091,0.10526315789473684,0.05263157894736842,0.09473684210526316,27,4,23,20,1,19,0.14814814814814814,0.12105263157894737,0.05,0.1,4.114822982527291,28,2,26,0.07142857142857142,0.1368421052631579,3.8818213420642413,33,6,27,0.18181818181818182,0.14210526315789473,4.2181656719059415,27,2,25,0.07407407407407407,0.13157894736842105,3.9151049865460665,30,3,27,0.1,0.14210526315789473,4.2043395486549855,20,2,18,0.1,0.09473684210526316,4.105507783208598,21,3,18,0.14285714285714285,0.09473684210526316,4.2575423120561116,27,2,25,0.07407407407407407,0.13157894736842105,4.114822982527291,28,2,26,0.07142857142857142,0.1368421052631579,1.995614
gaussian,gaussian,250,120,200,0.6,20,block_ar1,0.6,127,19,1,18,19,1,18,0.05263157894736842,0.09473684210526316,0.05263157894736842,0.09473684210526316,24,4,20,19,1,18,0.16666666666666666,0.10526315789473684,0.05263157894736842,0.09473684210526316,4.543830983828004,23,1,22,0.043478260869565216,0.11578947368421053,3.956206701689285,28,4,24,0.14285714285714285,0.12631578947368421,4.505042234833161,23,1,22,0.043478260869565216,0.11578947368421053,3.922434250805943,28,4,24,0.14285714285714285,0.12631578947368421,4.333353321805796,19,2,17,0.10526315789473684,0.08947368421052632,4.333353321805796,19,2,17,0.10526315789473684,0.08947368421052632,4.543830983828004,23,1,22,0.043478260869565216,0.11578947368421053,3.995497556593092,24,1,23,0.041666666666666664,0.12105263157894737,1.938809
gaussian,gaussian,250,120,200,0.6,20,block_ar1,0.6,128,27,3,24,21,1,20,0.1111111111111111,0.12631578947368421,0.047619047619047616,0.10526315789473684,30,5,25,22,1,21,0.16666666666666666,0.13157894736842105,0.045454545454545456,0.11052631578947368,4.12060204139011,30,3,27,0.1,0.14210526315789473,3.8951552330046475,33,5,28,0.15151515151515152,0.14736842105263157,4.078722837736552,30,3,27,0.1,0.14210526315789473,3.893146948982379,32,4,28,0.125,0.14736842105263157,4.164502750267098,22,2,20,0.09090909090909091,0.10526315789473684,4.087174009731308,24,2,22,0.08333333333333333,0.11578947368421053,4.178889852278221,29,3,26,0.10344827586206896,0.1368421052631579,4.12060204139011,30,3,27,0.1,0.14210526315789473,1.997922
gaussian,gaussian,250,120,200,0.6,20,block_ar1,0.6,129,23,1,22,20,0,20,0.043478260869565216,0.11578947368421053,0.0,0.10526315789473684,25,3,22,21,0,21,0.12,0.11578947368421053,0.0,0.11052631578947368,4.152684870082546,27,1,26,0.037037037037037035,0.1368421052631579,3.923362890377805,31,3,28,0.0967741935483871,0.14736842105263157,4.132134353424332,27,1,26,0.037037037037037035,0.1368421052631579,3.903947226305677,31,3,28,0.0967741935483871,0.14736842105263157,4.252748699369382,18,0,18,0.0,0.09473684210526316,3.998286015082221,24,4,20,0.16666666666666666,0.10526315789473684,4.207003656804346,26,1,25,0.038461538461538464,0.13157894736842105,4.006015700591907,30,2,28,0.06666666666666667,0.14736842105263157,2.067438
gaussian,gaussian,250,120,200,0.6,20,block_ar1,0.6,130,21,0,21,16,0,16,0.0,0.11052631578947368,0.0,0.08421052631578947,23,0,23,18,0,18,0.0,0.12105263157894737,0.0,0.09473684210526316,4.073566105665267,30,1,29,0.03333333333333333,0.15263157894736842,3.927150370418336,31,2,29,0.06451612903225806,0.15263157894736842,4.072127158601844,29,1,28,0.034482758620689655,0.14736842105263157,4.034660630156544,30,1,29,0.03333333333333333,0.15263157894736842,4.240083627922491,18,0,18,0.0,0.09473684210526316,4.086502409953878,20,0,20,0.0,0.10526315789473684,4.200866998982728,28,1,27,0.03571428571428571,0.14210526315789473,4.073566105665267,30,1,29,0.03333333333333333,0.15263157894736842,1.939207
gaussian,gaussian,250,120,200,0.6,20,block_ar1,0.6,131,23,1,22,20,0,20,0.043478260869565216,0.11578947368421053,0.0,0.10526315789473684,25,2,23,20,0,20,0.08,0.12105263157894737,0.0,0.10526315789473684,4.185451182811125,25,1,24,0.04,0.12631578947368421,3.9412403115273618,30,3,27,0.1,0.14210526315789473,4.178625832494558,25,1,24,0.04,0.12631578947368421,3.934813203759763,30,3,27,0.1,0.14210526315789473,4.212347520473237,17,0,17,0.0,0.08947368421052632,4.009481972571007,20,0,20,0.0,0.10526315789473684,4.185451182811125,25,1,24,0.04,0.12631578947368421,3.9412403115273618,30,3,27,0.1,0.14210526315789473,1.881933
gaussian,gaussian,250,120,200,0.6,20,block_ar1,0.6,132,22,0,22,18,0,18,0.0,0.11578947368421053,0.0,0.09473684210526316,24,1,23,19,0,19,0.041666666666666664,0.12105263157894737,0.0,0.1,4.266557163087193,24,0,24,0.0,0.12631578947368421,4.014473842289894,27,1,26,0.037037037037037035,0.1368421052631579,4.24885861049358,24,0,24,0.0,0.12631578947368421,3.9978209829193094,27,1,26,0.037037037037037035,0.1368421052631579,4.209267511549164,17,1,16,0.058823529411764705,0.08421052631578947,4.010891933231207,21,1,20,0.047619047619047616,0.10526315789473684,4.266557163087193,24,0,24,0.0,0.12631578947368421,4.014473842289894,27,1,26,0.037037037037037035,0.1368421052631579,1.955095
gaussian,gaussian,250,120,200,0.6,20,block_ar1,0.6,133,25,2,23,18,0,18,0.08,0.12105263157894737,0.0,0.09473684210526316,28,3,25,19,1,18,0.10714285714285714,0.13157894736842105,0.05263157894736842,0.09473684210526316,4.075296653054225,32,3,29,0.09375,0.15263157894736842,4.075296653054225,32,3,29,0.09375,0.15263157894736842,4.188178219198953,30,2,28,0.06666666666666667,0.14736842105263157,4.038887316964152,32,3,29,0.09375,0.15263157894736842,4.171273465476668,20,3,17,0.15,0.08947368421052632,3.925483674601133,27,3,24,0.1111111111111111,0.12631578947368421,4.225933367194159,30,2,28,0.06666666666666667,0.14736842105263157,4.075296653054225,32,3,29,0.09375,0.15263157894736842,1.979156
gaussian,gaussian,250,120,200,0.6,20,block_ar1,0.6,134,26,1,25,21,0,21,0.038461538461538464,0.13157894736842105,0.0,0.11052631578947368,30,3,27,22,0,22,0.1,0.14210526315789473,0.0,0.11578947368421053,4.072566059665947,33,2,31,0.06060606060606061,0.1631578947368421,3.886252283581934,37,4,33,0.10810810810810811,0.1736842105263158,4.05421929613617,32,1,31,0.03125,0.1631578947368421,3.8908642675731655,36,3,33,0.08333333333333333,0.1736842105263158,4.177595971591466,20,0,20,0.0,0.10526315789473684,3.9524662771226766,27,2,25,0.07407407407407407,0.13157894736842105,4.218671710364458,30,0,30,0.0,0.15789473684210525,3.931164293370668,36,3,33,0.08333333333333333,0.1736842105263158,1.94919
gaussian,gaussian,250,120,200,0.6,20,block_ar1,0.6,135,23,0,23,18,0,18,0.0,0.12105263157894737,0.0,0.09473684210526316,27,3,24,21,0,21,0.1111111111111111,0.12631578947368421,0.0,0.11052631578947368,4.148515433153959,25,0,25,0.0,0.13157894736842105,3.8995762632356854,31,4,27,0.12903225806451613,0.14210526315789473,4.120957404717504,25,0,25,0.0,0.13157894736842105,3.9229575744718623,29,2,27,0.06896551724137931,0.14210526315789473,4.238868744112262,17,0,17,0.0,0.08947368421052632,3.960012776155806,24,3,21,0.125,0.11052631578947368,4.776514097023504,24,0,24,0.0,0.12631578947368421,3.949191521046642,29,2,27,0.06896551724137931,0.14210526315789473,1.96726
gaussian,gaussian,250,120,200,0.6,20,block_ar1,0.6,136,22,0,22,18,0,18,0.0,0.11578947368421053,0.0,0.09473684210526316,29,5,24,19,0,19,0.1724137931034483,0.12631578947368421,0.0,0.1,4.09001533523775,28,2,26,0.07142857142857142,0.1368421052631579,3.888584096281631,32,6,26,0.1875,0.1368421052631579,4.090410397391264,27,1,26,0.037037037037037035,0.1368421052631579,3.9240770984681586,30,4,26,0.13333333333333333,0.1368421052631579,4.296159478829321,18,1,17,0.05555555555555555,0.08947368421052632,4.016913205989048,21,1,20,0.047619047619047616,0.10526315789473684,4.23421018766418,26,1,25,0.038461538461538464,0.13157894736842105,3.9400582184860027,30,4,26,0.13333333333333333,0.1368421052631579,1.916597
gaussian,gaussian,250,120,200,0.6,20,block_ar1,0.6,137,23,3,20,20,1,19,0.13043478260869565,0.10526315789473684,0.05,0.1,26,6,20,20,1,19,0.23076923076923078,0.10526315789473684,0.05,0.1,4.16554129650364,29,4,25,0.13793103448275862,0.13157894736842105,3.8676802843466405,35,8,27,0.22857142857142856,0.14210526315789473,4.121120389818802,29,4,25,0.13793103448275862,0.13157894736842105,3.878524260627108,33,6,27,0.18181818181818182,0.14210526315789473,4.212295883332872,19,1,18,0.05263157894736842,0.09473684210526316,4.050970950380645,23,2,21,0.08695652173913043,0.11052631578947368,4.16554129650364,29,4,25,0.13793103448275862,0.13157894736842105,3.920330261898469,33,6,27,0.18181818181818182,0.14210526315789473,1.895963
gaussian,gaussian,250,120,200,0.6,20,block_ar1,0.6,138,21,1,20,16,0,16,0.047619047619047616,0.10526315789473684,0.0,0.08421052631578947,22,2,20,17,0,17,0.09090909090909091,0.10526315789473684,0.0,0.08947368421052632,4.135251195397615,24,2,22,0.08333333333333333,0.11578947368421053,4.135251195397615,24,2,22,0.08333333333333333,0.11578947368421053,4.261908451809315,22,1,21,0.045454545454545456,0.11052631578947368,4.096785795395907,24,2,22,0.08333333333333333,0.11578947368421053,4.18742981013182,19,2,17,0.10526315789473684,0.08947368421052632,4.1410925523690185,20,3,17,0.15,0.08947368421052632,4.301924215765961,22,1,21,0.045454545454545456,0.11052631578947368,4.135251195397615,24,2,22,0.08333333333333333,0.11578947368421053,2.106053
gaussian,gaussian,250,120,200,0.6,20,block_ar1,0.6,139,23,4,19,15,0,15,0.17391304347826086,0.1,0.0,0.07894736842105263,32,11,21,19,2,17,0.34375,0.11052631578947368,0.10526315789473684,0.08947368421052632,4.18088316042311,26,5,21,0.19230769230769232,0.11052631578947368,3.9221028165639042,33,10,23,0.30303030303030304,0.12105263157894737,4.132541574305074,26,5,21,0.19230769230769232,0.11052631578947368,3.8767533858824867,33,10,23,0.30303030303030304,0.12105263157894737,4.265291014574694,16,3,13,0.1875,0.06842105263157895,4.030172777525725,21,4,17,0.19047619047619047,0.08947368421052632,4.18088316042311,26,5,21,0.19230769230769232,0.11052631578947368,3.9221028165639042,33,10,23,0.30303030303030304,0.12105263157894737,1.892608
gaussian,gaussian,250,120,200,0.6,20,block_ar1,0.6,140,24,1,23,17,0,17,0.041666666666666664,0.12105263157894737,0.0,0.08947368421052632,26,1,25,20,0,20,0.038461538461538464,0.13157894736842105,0.0,0.10526315789473684,4.11407639365214,29,1,28,0.034482758620689655,0.14736842105263157,3.985609473084921,30,1,29,0.03333333333333333,0.15263157894736842,4.075448115510186,29,1,28,0.034482758620689655,0.14736842105263157,3.9481874087963043,30,1,29,0.03333333333333333,0.15263157894736842,4.269709591233754,15,0,15,0.0,0.07894736842105263,4.014236468753394,19,2,17,0.10526315789473684,0.08947368421052632,4.258898650261674,27,0,27,0.0,0.14210526315789473,3.985609473084921,30,1,29,0.03333333333333333,0.15263157894736842,2.076119
gaussian,gaussian,250,120,200,0.6,20,block_ar1,0.6,141,22,0,22,20,0,20,0.0,0.11578947368421053,0.0,0.10526315789473684,28,4,24,20,0,20,0.14285714285714285,0.12631578947368421,0.0,0.10526315789473684,4.2003007029180734,25,0,25,0.0,0.13157894736842105,3.884807378641123,32,4,28,0.125,0.14736842105263157,4.172063689201246,25,0,25,0.0,0.13157894736842105,3.9105544080056704,30,3,27,0.1,0.14210526315789473,4.19995920799073,19,0,19,0.0,0.1,4.066617579157037,21,0,21,0.0,0.11052631578947368,4.2003007029180734,25,0,25,0.0,0.13157894736842105,3.9937319525646156,27,1,26,0.037037037037037035,0.1368421052631579,1.781046
gaussian,gaussian,250,120,200,0.6,20,block_ar1,0.6,142,21,0,21,17,0,17,0.0,0.11052631578947368,0.0,0.08947368421052632,21,0,21,18,0,18,0.0,0.11052631578947368,0.0,0.09473684210526316,4.126705591020901,26,0,26,0.0,0.1368421052631579,4.0285632553349915,27,1,26,0.037037037037037035,0.1368421052631579,4.242537946882951,25,0,25,0.0,0.13157894736842105,4.083450894263254,26,0,26,0.0,0.1368421052631579,4.319236877910846,16,0,16,0.0,0.08421052631578947,4.038822638223948,20,1,19,0.05,0.1,4.28747780219823,25,0,25,0.0,0.13157894736842105,4.0285632553349915,27,1,26,0.037037037037037035,0.1368421052631579,1.901268
gaussian,gaussian,250,120,200,0.6,20,block_ar1,0.6,143,22,3,19,18,0,18,0.13636363636363635,0.1,0.0,0.09473684210526316,26,5,21,19,1,18,0.19230769230769232,0.11052631578947368,0.05263157894736842,0.09473684210526316,4.307556537527124,23,2,21,0.08695652173913043,0.11052631578947368,3.936117985897864,29,5,24,0.1724137931034483,0.12631578947368421,4.29688595217713,23,2,21,0.08695652173913043,0.11052631578947368,3.9263675200478487,29,5,24,0.1724137931034483,0.12631578947368421,4.271185815769877,16,2,14,0.125,0.07368421052631578,4.094119098270374,18,2,16,0.1111111111111111,0.08421052631578947,4.307556537527124,23,2,21,0.08695652173913043,0.11052631578947368,3.936117985897864,29,5,24,0.1724137931034483,0.12631578947368421,1.997434
gaussian,gaussian,250,120,200,0.6,20,block_ar1,0.6,144,22,1,21,19,0,19,0.045454545454545456,0.11052631578947368,0.0,0.1,23,1,22,20,0,20,0.043478260869565216,0.11578947368421053,0.0,0.10526315789473684,4.253373621845472,23,1,22,0.043478260869565216,0.11578947368421053,4.253373621845472,23,1,22,0.043478260869565216,0.11578947368421053,4.221595494299443,23,1,22,0.043478260869565216,0.11578947368421053,4.221595494299443,23,1,22,0.043478260869565216,0.11578947368421053,4.247932156243037,19,0,19,0.0,0.1,4.019353883065609,20,0,20,0.0,0.10526315789473684,4.253373621845472,23,1,22,0.043478260869565216,0.11578947368421053,4.253373621845472,23,1,22,0.043478260869565216,0.11578947368421053,1.996745
gaussian,gaussian,250,120,200,0.6,20,block_ar1,0.6,145,22,2,20,17,0,17,0.09090909090909091,0.10526315789473684,0.0,0.08947368421052632,26,3,23,17,0,17,0.11538461538461539,0.12105263157894737,0.0,0.08947368421052632,4.148914228961565,29,3,26,0.10344827586206896,0.1368421052631579,3.8917770739526003,32,5,27,0.15625,0.14210526315789473,4.136506857928254,29,3,26,0.10344827586206896,0.1368421052631579,4.025162310428014,31,4,27,0.12903225806451613,0.14210526315789473,4.282289850467856,17,2,15,0.11764705882352941,0.07894736842105263,4.062010357361479,19,2,17,0.10526315789473684,0.08947368421052632,4.148914228961565,29,3,26,0.10344827586206896,0.1368421052631579,4.037235705679145,31,4,27,0.12903225806451613,0.14210526315789473,1.962576
gaussian,gaussian,250,120,200,0.6,20,block_ar1,0.6,146,23,1,22,17,0,17,0.043478260869565216,0.11578947368421053,0.0,0.08947368421052632,29,4,25,18,0,18,0.13793103448275862,0.13157894736842105,0.0,0.09473684210526316,4.161770470547676,27,2,25,0.07407407407407407,0.13157894736842105,3.8918802046661423,31,5,26,0.16129032258064516,0.1368421052631579,4.133392023424579,27,2,25,0.07407407407407407,0.13157894736842105,4.013808494278335,29,3,26,0.10344827586206896,0.1368421052631579,4.394473684066054,18,0,18,0.0,0.09473684210526316,3.99578474382509,21,1,20,0.047619047619047616,0.10526315789473684,4.391650574732111,26,1,25,0.038461538461538464,0.13157894736842105,4.041365922045069,29,3,26,0.10344827586206896,0.1368421052631579,2.018697
gaussian,gaussian,250,120,200,0.6,20,block_ar1,0.6,147,29,1,28,21,0,21,0.034482758620689655,0.14736842105263157,0.0,0.11052631578947368,30,2,28,24,0,24,0.06666666666666667,0.14736842105263157,0.0,0.12631578947368421,4.079080243479015,32,1,31,0.03125,0.1631578947368421,3.9081754425651223,34,2,32,0.058823529411764705,0.16842105263157894,4.100455106254791,31,1,30,0.03225806451612903,0.15789473684210525,3.874072114203251,34,2,32,0.058823529411764705,0.16842105263157894,4.2719457400275695,24,0,24,0.0,0.12631578947368421,4.015490445276208,27,2,25,0.07407407407407407,0.13157894736842105,4.195374058469876,30,0,30,0.0,0.15789473684210525,4.079080243479015,32,1,31,0.03125,0.1631578947368421,1.907957
gaussian,gaussian,250,120,200,0.6,20,block_ar1,0.6,148,23,2,21,16,0,16,0.08695652173913043,0.11052631578947368,0.0,0.08421052631578947,33,8,25,17,0,17,0.24242424242424243,0.13157894736842105,0.0,0.08947368421052632,4.06171701598975,31,5,26,0.16129032258064516,0.1368421052631579,3.887468394454064,35,8,27,0.22857142857142856,0.14210526315789473,4.174278113665843,28,3,25,0.10714285714285714,0.13157894736842105,3.8658746010690495,35,8,27,0.22857142857142856,0.14210526315789473,4.182966995871887,18,3,15,0.16666666666666666,0.07894736842105263,3.982341664764713,26,8,18,0.3076923076923077,0.09473684210526316,4.369090291082609,27,3,24,0.1111111111111111,0.12631578947368421,4.020132199137987,32,6,26,0.1875,0.1368421052631579,1.874008
gaussian,gaussian,250,120,200,0.6,20,block_ar1,0.6,149,23,0,23,18,0,18,0.0,0.12105263157894737,0.0,0.09473684210526316,23,0,23,18,0,18,0.0,0.12105263157894737,0.0,0.09473684210526316,4.1888405413344545,25,1,24,0.04,0.12631578947368421,4.083656723404104,26,1,25,0.038461538461538464,0.13157894736842105,4.1382635569067885,25,1,24,0.04,0.12631578947368421,4.034349751589478,26,1,25,0.038461538461538464,0.13157894736842105,4.185499665711401,18,0,18,0.0,0.09473684210526316,4.097722092060258,19,1,18,0.05263157894736842,0.09473684210526316,4.1888405413344545,25,1,24,0.04,0.12631578947368421,4.083656723404104,26,1,25,0.038461538461538464,0.13157894736842105,2.029333
gaussian,gaussian,250,120,200,0.6,20,block_ar1,0.6,150,25,0,25,20,0,20,0.0,0.13157894736842105,0.0,0.10526315789473684,25,0,25,21,0,21,0.0,0.13157894736842105,0.0,0.11052631578947368,4.331639266123816,27,0,27,0.0,0.14210526315789473,3.9938332086730157,28,0,28,0.0,0.14736842105263157,4.300998725534514,27,0,27,0.0,0.14210526315789473,3.9655821930599924,28,0,28,0.0,0.14736842105263157,4.269559177062637,19,0,19,0.0,0.1,3.9922953098765372,23,0,23,0.0,0.12105263157894737,4.331639266123816,27,0,27,0.0,0.14210526315789473,3.9938332086730157,28,0,28,0.0,0.14736842105263157,1.923819
gaussian,gaussian,250,120,200,0.6,20,block_ar1,0.6,151,26,1,25,21,0,21,0.038461538461538464,0.13157894736842105,0.0,0.11052631578947368,29,3,26,22,0,22,0.10344827586206896,0.1368421052631579,0.0,0.11578947368421053,4.134943085316663,29,1,28,0.034482758620689655,0.14736842105263157,3.873294520871025,35,3,32,0.08571428571428572,0.16842105263157894,4.113561977477427,29,1,28,0.034482758620689655,0.14736842105263157,3.8878347612112867,34,3,31,0.08823529411764706,0.1631578947368421,4.483889795094141,20,0,20,0.0,0.10526315789473684,3.995882913862748,22,0,22,0.0,0.11578947368421053,4.134943085316663,29,1,28,0.034482758620689655,0.14736842105263157,3.908042604133241,34,3,31,0.08823529411764706,0.1631578947368421,1.981591
gaussian,gaussian,250,120,200,0.6,20,block_ar1,0.6,152,24,1,23,20,0,20,0.041666666666666664,0.12105263157894737,0.0,0.10526315789473684,26,1,25,21,1,20,0.038461538461538464,0.13157894736842105,0.047619047619047616,0.10526315789473684,4.255261979435057,27,1,26,0.037037037037037035,0.1368421052631579,4.255261979435057,27,1,26,0.037037037037037035,0.1368421052631579,4.242684364334567,27,1,26,0.037037037037037035,0.1368421052631579,4.242684364334567,27,1,26,0.037037037037037035,0.1368421052631579,4.256418654424249,21,1,20,0.047619047619047616,0.10526315789473684,4.026187715995895,23,1,22,0.043478260869565216,0.11578947368421053,4.255261979435057,27,1,26,0.037037037037037035,0.1368421052631579,4.255261979435057,27,1,26,0.037037037037037035,0.1368421052631579,1.953733
gaussian,gaussian,250,120,200,0.6,20,block_ar1,0.6,153,22,1,21,17,0,17,0.045454545454545456,0.11052631578947368,0.0,0.08947368421052632,23,2,21,18,0,18,0.08695652173913043,0.11052631578947368,0.0,0.09473684210526316,4.110897501733016,25,1,24,0.04,0.12631578947368421,3.919295675294579,29,3,26,0.10344827586206896,0.1368421052631579,4.2388570756967,23,0,23,0.0,0.12105263157894737,3.9529140070072106,27,2,25,0.07407407407407407,0.13157894736842105,4.198580883062922,19,0,19,0.0,0.1,4.198580883062922,19,0,19,0.0,0.1,4.281002684695178,23,0,23,0.0,0.12105263157894737,3.9922165749326823,27,2,25,0.07407407407407407,0.13157894736842105,1.789463
gaussian,gaussian,250,120,200,0.6,20,block_ar1,0.6,154,21,0,21,18,0,18,0.0,0.11052631578947368,0.0,0.09473684210526316,23,1,22,19,0,19,0.043478260869565216,0.11578947368421053,0.0,0.1,4.202275462990257,24,0,24,0.0,0.12631578947368421,3.9163986590521422,28,2,26,0.07142857142857142,0.1368421052631579,4.171448832753875,24,0,24,0.0,0.12631578947368421,4.047232150940762,25,0,25,0.0,0.13157894736842105,4.281492117026929,18,3,15,0.16666666666666666,0.07894736842105263,3.974576493154897,25,6,19,0.24,0.1,4.202275462990257,24,0,24,0.0,0.12631578947368421,3.9566303183731524,26,1,25,0.038461538461538464,0.13157894736842105,2.097689
gaussian,gaussian,250,120,200,0.6,20,block_ar1,0.6,155,29,4,25,19,0,19,0.13793103448275862,0.13157894736842105,0.0,0.1,31,4,27,19,0,19,0.12903225806451613,0.14210526315789473,0.0,0.1,4.078234227037254,32,4,28,0.125,0.14736842105263157,3.855164467756605,36,6,30,0.16666666666666666,0.15789473684210525,4.143694333946831,31,4,27,0.12903225806451613,0.14210526315789473,3.990628770559997,33,4,29,0.12121212121212122,0.15263157894736842,4.1572741095983785,21,1,20,0.047619047619047616,0.10526315789473684,3.957144964564582,26,3,23,0.11538461538461539,0.12105263157894737,4.1879661149747545,31,4,27,0.12903225806451613,0.14210526315789473,4.033265178763805,33,4,29,0.12121212121212122,0.15263157894736842,1.989274
gaussian,gaussian,250,120,200,0.6,20,block_ar1,0.6,156,23,2,21,14,0,14,0.08695652173913043,0.11052631578947368,0.0,0.07368421052631578,26,3,23,15,0,15,0.11538461538461539,0.12105263157894737,0.0,0.07894736842105263,4.120429818520608,27,2,25,0.07407407407407407,0.13157894736842105,3.9550697823467393,28,3,25,0.10714285714285714,0.13157894736842105,4.213724879081627,26,1,25,0.038461538461538464,0.13157894736842105,3.917253560581214,28,3,25,0.10714285714285714,0.13157894736842105,4.445551822071396,11,0,11,0.0,0.05789473684210526,4.093103574345334,14,0,14,0.0,0.07368421052631578,4.254403163502567,26,1,25,0.038461538461538464,0.13157894736842105,3.9550697823467393,28,3,25,0.10714285714285714,0.13157894736842105,1.86349
gaussian,gaussian,250,120,200,0.6,20,block_ar1,0.6,157,25,1,24,19,0,19,0.04,0.12631578947368421,0.0,0.1,29,4,25,19,0,19,0.13793103448275862,0.13157894736842105,0.0,0.1,4.4464416888463845,27,1,26,0.037037037037037035,0.1368421052631579,3.9974151814443903,29,3,26,0.10344827586206896,0.1368421052631579,4.0936155997856805,27,1,26,0.037037037037037035,0.1368421052631579,3.964785352078589,29,3,26,0.10344827586206896,0.1368421052631579,4.15376344289812,23,1,22,0.043478260869565216,0.11578947368421053,4.0304728448124925,26,2,24,0.07692307692307693,0.12631578947368421,4.4464416888463845,27,1,26,0.037037037037037035,0.1368421052631579,3.9974151814443903,29,3,26,0.10344827586206896,0.1368421052631579,1.848076
gaussian,gaussian,250,120,200,0.6,20,block_ar1,0.6,158,20,0,20,18,0,18,0.0,0.10526315789473684,0.0,0.09473684210526316,21,0,21,18,0,18,0.0,0.11052631578947368,0.0,0.09473684210526316,4.1465888769282415,22,0,22,0.0,0.11578947368421053,3.951275206093893,27,2,25,0.07407407407407407,0.13157894736842105,4.525129240712017,21,0,21,0.0,0.11052631578947368,3.984969416258239,25,0,25,0.0,0.13157894736842105,4.329520944703874,17,0,17,0.0,0.08947368421052632,4.077728774087573,19,1,18,0.05263157894736842,0.09473684210526316,4.565140947654916,21,0,21,0.0,0.11052631578947368,4.020204968654229,25,0,25,0.0,0.13157894736842105,1.938289
gaussian,gaussian,250,120,200,0.6,20,block_ar1,0.6,159,21,1,20,19,0,19,0.047619047619047616,0.10526315789473684,0.0,0.1,21,1,20,19,0,19,0.047619047619047616,0.10526315789473684,0.0,0.1,4.257275533232519,23,1,22,0.043478260869565216,0.11578947368421053,4.114685054747706,24,1,23,0.041666666666666664,0.12105263157894737,4.232636697531789,23,1,22,0.043478260869565216,0.11578947368421053,4.090871456536175,24,1,23,0.041666666666666664,0.12105263157894737,4.334320528040995,16,1,15,0.0625,0.07894736842105263,4.054568759910437,22,3,19,0.13636363636363635,0.1,4.257275533232519,23,1,22,0.043478260869565216,0.11578947368421053,4.114685054747706,24,1,23,0.041666666666666664,0.12105263157894737,1.849422
gaussian,gaussian,250,120,200,0.6,20,block_ar1,0.6,160,20,0,20,19,0,19,0.0,0.10526315789473684,0.0,0.1,23,2,21,19,0,19,0.08695652173913043,0.11052631578947368,0.0,0.1,4.135867100637107,24,0,24,0.0,0.12631578947368421,3.951005907483777,27,2,25,0.07407407407407407,0.13157894736842105,4.117021808031694,24,0,24,0.0,0.12631578947368421,3.9330029444773555,27,2,25,0.07407407407407407,0.13157894736842105,4.230586977991671,15,0,15,0.0,0.07894736842105263,4.142957231516485,19,1,18,0.05263157894736842,0.09473684210526316,4.199844098619116,23,0,23,0.0,0.12105263157894737,3.951005907483777,27,2,25,0.07407407407407407,0.13157894736842105,2.356392
gaussian,gaussian,250,120,200,0.6,20,block_ar1,0.6,161,27,5,22,19,1,18,0.18518518518518517,0.11578947368421053,0.05263157894736842,0.09473684210526316,34,9,25,20,1,19,0.2647058823529412,0.13157894736842105,0.05,0.1,4.114754627508085,31,5,26,0.16129032258064516,0.1368421052631579,3.873580553613884,37,9,28,0.24324324324324326,0.14736842105263157,4.082111329770378,31,5,26,0.16129032258064516,0.1368421052631579,3.8732283256703983,34,7,27,0.20588235294117646,0.14210526315789473,4.125852255391236,23,3,20,0.13043478260869565,0.10526315789473684,3.9861747110036143,27,7,20,0.25925925925925924,0.10526315789473684,4.218794040905267,30,5,25,0.16666666666666666,0.13157894736842105,3.9508256940625257,33,7,26,0.21212121212121213,0.1368421052631579,1.762444
gaussian,gaussian,250,120,200,0.6,20,block_ar1,0.6,162,26,3,23,20,0,20,0.11538461538461539,0.12105263157894737,0.0,0.10526315789473684,30,4,26,25,2,23,0.13333333333333333,0.1368421052631579,0.08,0.12105263157894737,4.204517445377038,33,4,29,0.12121212121212122,0.15263157894736842,3.8697032145463632,35,5,30,0.14285714285714285,0.15789473684210525,4.15605649162252,33,4,29,0.12121212121212122,0.15263157894736842,3.96781354966426,34,4,30,0.11764705882352941,0.15789473684210525,4.203394230973242,21,2,19,0.09523809523809523,0.1,3.9941800952070268,25,3,22,0.12,0.11578947368421053,4.204517445377038,33,4,29,0.12121212121212122,0.15263157894736842,4.014079530245714,34,4,30,0.11764705882352941,0.15789473684210525,1.882285
gaussian,gaussian,250,120,200,0.6,20,block_ar1,0.6,163,19,0,19,17,0,17,0.0,0.1,0.0,0.08947368421052632,21,2,19,18,0,18,0.09523809523809523,0.1,0.0,0.09473684210526316,4.188684095936454,23,0,23,0.0,0.12105263157894737,3.971541980679702,25,2,23,0.08,0.12105263157894737,4.17426679334388,23,0,23,0.0,0.12105263157894737,3.9578720735720934,25,2,23,0.08,0.12105263157894737,4.2799873643403545,17,1,16,0.058823529411764705,0.08421052631578947,4.112143172272496,19,2,17,0.10526315789473684,0.08947368421052632,4.188684095936454,23,0,23,0.0,0.12105263157894737,3.971541980679702,25,2,23,0.08,0.12105263157894737,2.05307
gaussian,gaussian,250,120,200,0.6,20,block_ar1,0.6,164,21,0,21,19,0,19,0.0,0.11052631578947368,0.0,0.1,23,1,22,19,0,19,0.043478260869565216,0.11578947368421053,0.0,0.1,4.3660299491367445,23,0,23,0.0,0.12105263157894737,3.9355206382842485,27,2,25,0.07407407407407407,0.13157894736842105,4.330906748439638,23,0,23,0.0,0.12105263157894737,3.9539410934982318,26,1,25,0.038461538461538464,0.13157894736842105,4.2120062798816225,21,1,20,0.047619047619047616,0.10526315789473684,3.95053026276076,25,4,21,0.16,0.11052631578947368,4.3660299491367445,23,0,23,0.0,0.12105263157894737,4.070272779653513,25,1,24,0.04,0.12631578947368421,1.879134
gaussian,gaussian,250,120,200,0.6,20,block_ar1,0.6,165,28,5,23,18,0,18,0.17857142857142858,0.12105263157894737,0.0,0.09473684210526316,31,7,24,19,0,19,0.22580645161290322,0.12631578947368421,0.0,0.1,4.081932219872451,29,3,26,0.10344827586206896,0.1368421052631579,3.913006567870928,34,7,27,0.20588235294117646,0.14210526315789473,4.168425774942619,28,3,25,0.10714285714285714,0.13157894736842105,3.8897009311009794,34,7,27,0.20588235294117646,0.14210526315789473,4.1828821459985095,22,3,19,0.13636363636363635,0.1,4.065839658476011,26,6,20,0.23076923076923078,0.10526315789473684,4.193401426987365,28,3,25,0.10714285714285714,0.13157894736842105,3.913006567870928,34,7,27,0.20588235294117646,0.14210526315789473,1.98677
gaussian,gaussian,250,120,200,0.6,20,block_ar1,0.6,166,23,1,22,20,0,20,0.043478260869565216,0.11578947368421053,0.0,0.10526315789473684,24,1,23,21,0,21,0.041666666666666664,0.12105263157894737,0.0,0.11052631578947368,4.144186967421131,26,2,24,0.07692307692307693,0.12631578947368421,3.9110908394590265,29,3,26,0.10344827586206896,0.1368421052631579,4.104519736042487,26,2,24,0.07692307692307693,0.12631578947368421,4.104519736042487,26,2,24,0.07692307692307693,0.12631578947368421,4.309927685215647,18,0,18,0.0,0.09473684210526316,4.000984075266914,23,3,20,0.13043478260869565,0.10526315789473684,4.144186967421131,26,2,24,0.07692307692307693,0.12631578947368421,3.9615449271714787,27,2,25,0.07407407407407407,0.13157894736842105,2.02241
gaussian,gaussian,250,120,200,0.6,20,block_ar1,0.6,167,23,1,22,17,0,17,0.043478260869565216,0.11578947368421053,0.0,0.08947368421052632,25,2,23,19,0,19,0.08,0.12105263157894737,0.0,0.1,4.126246714013333,26,1,25,0.038461538461538464,0.13157894736842105,4.029073410228532,27,2,25,0.07407407407407407,0.13157894736842105,4.108279974787572,26,1,25,0.038461538461538464,0.13157894736842105,4.011529788554825,27,2,25,0.07407407407407407,0.13157894736842105,4.272864405312241,20,0,20,0.0,0.10526315789473684,3.9880781125259097,23,1,22,0.043478260869565216,0.11578947368421053,4.329071021877463,25,0,25,0.0,0.13157894736842105,4.029073410228532,27,2,25,0.07407407407407407,0.13157894736842105,1.908743
gaussian,gaussian,250,120,200,0.6,20,block_ar1,0.6,168,23,5,18,17,0,17,0.21739130434782608,0.09473684210526316,0.0,0.08947368421052632,31,9,22,18,0,18,0.2903225806451613,0.11578947368421053,0.0,0.09473684210526316,4.075011412790916,30,7,23,0.23333333333333334,0.12105263157894737,3.912086162510817,34,10,24,0.29411764705882354,0.12631578947368421,4.079448499601576,29,6,23,0.20689655172413793,0.12105263157894737,3.8875137149335894,34,10,24,0.29411764705882354,0.12631578947368421,4.161673888868844,21,4,17,0.19047619047619047,0.08947368421052632,4.022974184063221,25,6,19,0.24,0.1,4.1794543857726305,28,5,23,0.17857142857142858,0.12105263157894737,3.912086162510817,34,10,24,0.29411764705882354,0.12631578947368421,1.838844
gaussian,gaussian,250,120,200,0.6,20,block_ar1,0.6,169,31,3,28,21,0,21,0.0967741935483871,0.14736842105263157,0.0,0.11052631578947368,35,5,30,22,0,22,0.14285714285714285,0.15789473684210525,0.0,0.11578947368421053,4.037939472437848,36,3,33,0.08333333333333333,0.1736842105263158,3.8704822548097604,39,5,34,0.1282051282051282,0.17894736842105263,4.177468591128507,33,3,30,0.09090909090909091,0.15789473684210525,3.864062936226823,38,5,33,0.13157894736842105,0.1736842105263158,4.135352293833534,24,2,22,0.08333333333333333,0.11578947368421053,3.9213941750713026,29,4,25,0.13793103448275862,0.13157894736842105,4.219661508285767,33,3,30,0.09090909090909091,0.15789473684210525,3.903090419929485,38,5,33,0.13157894736842105,0.1736842105263158,1.934202
gaussian,gaussian,250,120,200,0.6,20,block_ar1,0.6,170,31,4,27,23,0,23,0.12903225806451613,0.14210526315789473,0.0,0.12105263157894737,37,10,27,25,2,23,0.2702702702702703,0.14210526315789473,0.08,0.12105263157894737,4.080129524248267,31,3,28,0.0967741935483871,0.14736842105263157,3.852271108256842,39,11,28,0.28205128205128205,0.14736842105263157,4.174811467032079,30,2,28,0.06666666666666667,0.14736842105263157,3.8554690805855643,37,9,28,0.24324324324324326,0.14736842105263157,4.201247989484698,22,3,19,0.13636363636363635,0.1,3.9614029142812095,30,7,23,0.23333333333333334,0.12105263157894737,4.211657619434559,30,2,28,0.06666666666666667,0.14736842105263157,3.889496773200699,37,9,28,0.24324324324324326,0.14736842105263157,2.116838
gaussian,gaussian,250,120,200,0.6,20,block_ar1,0.6,171,27,3,24,19,0,19,0.1111111111111111,0.12631578947368421,0.0,0.1,32,5,27,21,1,20,0.15625,0.14210526315789473,0.047619047619047616,0.10526315789473684,4.127038365723144,30,3,27,0.1,0.14210526315789473,3.9089073917331136,33,5,28,0.15151515151515152,0.14736842105263157,4.114778318087213,30,3,27,0.1,0.14210526315789473,3.8972953381052347,33,5,28,0.15151515151515152,0.14736842105263157,4.170057227579873,22,1,21,0.045454545454545456,0.11052631578947368,3.966660960185665,23,2,21,0.08695652173913043,0.11052631578947368,4.414996663984501,29,3,26,0.10344827586206896,0.1368421052631579,3.9377217529355018,32,4,28,0.125,0.14736842105263157,1.923147
gaussian,gaussian,250,120,200,0.6,20,block_ar1,0.6,172,24,1,23,21,0,21,0.041666666666666664,0.12105263157894737,0.0,0.11052631578947368,26,1,25,21,0,21,0.038461538461538464,0.13157894736842105,0.0,0.11052631578947368,4.188989582233343,27,1,26,0.037037037037037035,0.1368421052631579,3.9584946577427633,28,1,27,0.03571428571428571,0.14210526315789473,4.151332162700847,27,1,26,0.037037037037037035,0.1368421052631579,3.9229092997184813,28,1,27,0.03571428571428571,0.14210526315789473,4.346667625977798,17,0,17,0.0,0.08947368421052632,3.9931752186594807,23,3,20,0.13043478260869565,0.10526315789473684,4.188989582233343,27,1,26,0.037037037037037035,0.1368421052631579,3.9584946577427633,28,1,27,0.03571428571428571,0.14210526315789473,1.924153
gaussian,gaussian,250,120,200,0.6,20,block_ar1,0.6,173,19,0,19,18,0,18,0.0,0.1,0.0,0.09473684210526316,25,2,23,18,0,18,0.08,0.12105263157894737,0.0,0.09473684210526316,4.092867506260243,28,1,27,0.03571428571428571,0.14210526315789473,3.9988908541266603,30,2,28,0.06666666666666667,0.14736842105263157,4.18562611451306,27,1,26,0.037037037037037035,0.1368421052631579,3.961032187157505,30,2,28,0.06666666666666667,0.14736842105263157,4.222731287240148,20,1,19,0.05,0.1,3.974930977716706,22,2,20,0.09090909090909091,0.10526315789473684,4.225631400418213,27,1,26,0.037037037037037035,0.1368421052631579,3.9988908541266603,30,2,28,0.06666666666666667,0.14736842105263157,1.842041
gaussian,gaussian,250,120,200,0.6,20,block_ar1,0.6,174,26,1,25,21,0,21,0.038461538461538464,0.13157894736842105,0.0,0.11052631578947368,26,1,25,22,0,22,0.038461538461538464,0.13157894736842105,0.0,0.11578947368421053,4.329885717605233,27,1,26,0.037037037037037035,0.1368421052631579,3.9364114936488543,29,1,28,0.034482758620689655,0.14736842105263157,4.303420294121571,27,1,26,0.037037037037037035,0.1368421052631579,3.912351090215622,29,1,28,0.034482758620689655,0.14736842105263157,4.195428227335461,23,2,21,0.08695652173913043,0.11052631578947368,3.9447793533403,25,2,23,0.08,0.12105263157894737,4.329885717605233,27,1,26,0.037037037037037035,0.1368421052631579,4.060146365812257,28,1,27,0.03571428571428571,0.14210526315789473,1.895918
gaussian,gaussian,250,120,200,0.6,20,block_ar1,0.6,175,27,3,24,17,0,17,0.1111111111111111,0.12631578947368421,0.0,0.08947368421052632,31,6,25,20,0,20,0.1935483870967742,0.13157894736842105,0.0,0.10526315789473684,4.199380431410029,29,4,25,0.13793103448275862,0.13157894736842105,3.903676534240573,30,5,25,0.16666666666666666,0.13157894736842105,4.184859322334542,29,4,25,0.13793103448275862,0.13157894736842105,4.184859322334542,29,4,25,0.13793103448275862,0.13157894736842105,4.2153126875271285,20,1,19,0.05,0.1,4.033366523788336,23,3,20,0.13043478260869565,0.10526315789473684,4.199380431410029,29,4,25,0.13793103448275862,0.13157894736842105,4.199380431410029,29,4,25,0.13793103448275862,0.13157894736842105,1.951998
gaussian,gaussian,250,120,200,0.6,20,block_ar1,0.6,176,20,2,18,13,0,13,0.1,0.09473684210526316,0.0,0.06842105263157895,21,3,18,13,0,13,0.14285714285714285,0.09473684210526316,0.0,0.06842105263157895,4.279634869594918,21,2,19,0.09523809523809523,0.1,4.059135601556716,23,3,20,0.13043478260869565,0.10526315789473684,4.207915474985409,21,2,19,0.09523809523809523,0.1,4.034167282134532,23,3,20,0.13043478260869565,0.10526315789473684,4.499552175225376,14,1,13,0.07142857142857142,0.06842105263157895,4.499552175225376,14,1,13,0.07142857142857142,0.06842105263157895,4.279634869594918,21,2,19,0.09523809523809523,0.1,4.059135601556716,23,3,20,0.13043478260869565,0.10526315789473684,2.452487
gaussian,gaussian,250,120,200,0.6,20,block_ar1,0.6,177,24,1,23,19,0,19,0.041666666666666664,0.12105263157894737,0.0,0.1,26,2,24,21,0,21,0.07692307692307693,0.12631578947368421,0.0,0.11052631578947368,4.130077620462293,25,1,24,0.04,0.12631578947368421,3.937824967189158,30,2,28,0.06666666666666667,0.14736842105263157,4.185056191378138,24,0,24,0.0,0.12631578947368421,3.910094796880612,29,2,27,0.06896551724137931,0.14210526315789473,4.185085060212956,20,1,19,0.05,0.1,4.0050493909075415,22,3,19,0.13636363636363635,0.1,4.229841806223735,24,0,24,0.0,0.12631578947368421,4.023523803929058,27,1,26,0.037037037037037035,0.1368421052631579,1.998756
gaussian,gaussian,250,120,200,0.6,20,block_ar1,0.6,178,20,0,20,19,0,19,0.0,0.10526315789473684,0.0,0.1,23,1,22,19,0,19,0.043478260869565216,0.11578947368421053,0.0,0.1,4.214746074273537,23,0,23,0.0,0.12105263157894737,3.9524818527465952,28,1,27,0.03571428571428571,0.14210526315789473,4.197326563890161,23,0,23,0.0,0.12105263157894737,3.936146278204091,28,1,27,0.03571428571428571,0.14210526315789473,4.256569076529924,14,0,14,0.0,0.07368421052631578,4.126812270514098,18,1,17,0.05555555555555555,0.08947368421052632,4.214746074273537,23,0,23,0.0,0.12105263157894737,3.9895940971433257,27,1,26,0.037037037037037035,0.1368421052631579,1.877437
gaussian,gaussian,250,120,200,0.6,20,block_ar1,0.6,179,22,0,22,21,0,21,0.0,0.11578947368421053,0.0,0.11052631578947368,26,3,23,22,0,22,0.11538461538461539,0.12105263157894737,0.0,0.11578947368421053,4.160867713389652,26,1,25,0.038461538461538464,0.13157894736842105,3.9309368097976605,30,4,26,0.13333333333333333,0.1368421052631579,4.123738401656066,26,1,25,0.038461538461538464,0.13157894736842105,3.945704497189131,28,3,25,0.10714285714285714,0.13157894736842105,4.165433325977205,21,1,20,0.047619047619047616,0.10526315789473684,4.0897617042001295,22,1,21,0.045454545454545456,0.11052631578947368,4.392144810428795,25,0,25,0.0,0.13157894736842105,3.981230827430135,28,3,25,0.10714285714285714,0.13157894736842105,1.858571
gaussian,gaussian,250,120,200,0.6,20,block_ar1,0.6,180,25,1,24,21,0,21,0.04,0.12631578947368421,0.0,0.11052631578947368,28,2,26,22,1,21,0.07142857142857142,0.1368421052631579,0.045454545454545456,0.11052631578947368,4.386526712359377,31,2,29,0.06451612903225806,0.15263157894736842,3.9214518949174204,34,2,32,0.058823529411764705,0.16842105263157894,4.331480246501719,31,2,29,0.06451612903225806,0.15263157894736842,3.8722416468097745,34,2,32,0.058823529411764705,0.16842105263157894,4.165934043319598,23,1,22,0.043478260869565216,0.11578947368421053,3.994558349971327,24,1,23,0.041666666666666664,0.12105263157894737,4.386526712359377,31,2,29,0.06451612903225806,0.15263157894736842,3.969745564062178,33,2,31,0.06060606060606061,0.1631578947368421,2.042212
gaussian,gaussian,250,120,200,0.6,20,block_ar1,0.6,181,20,1,19,19,0,19,0.05,0.1,0.0,0.1,22,3,19,19,0,19,0.13636363636363635,0.1,0.0,0.1,4.369758466791753,23,0,23,0.0,0.12105263157894737,3.982778352217425,26,3,23,0.11538461538461539,0.12105263157894737,4.336931993985481,23,0,23,0.0,0.12105263157894737,3.9528589490590944,26,3,23,0.11538461538461539,0.12105263157894737,4.275646198731259,16,1,15,0.0625,0.07894736842105263,4.076759761068778,18,1,17,0.05555555555555555,0.08947368421052632,4.369758466791753,23,0,23,0.0,0.12105263157894737,3.982778352217425,26,3,23,0.11538461538461539,0.12105263157894737,1.95981
gaussian,gaussian,250,120,200,0.6,20,block_ar1,0.6,182,23,1,22,20,0,20,0.043478260869565216,0.11578947368421053,0.0,0.10526315789473684,25,2,23,20,0,20,0.08,0.12105263157894737,0.0,0.10526315789473684,4.191615233183742,26,2,24,0.07692307692307693,0.12631578947368421,3.9641812379712955,28,3,25,0.10714285714285714,0.13157894736842105,4.175595882752687,26,2,24,0.07692307692307693,0.12631578947368421,3.9490310858484263,28,3,25,0.10714285714285714,0.13157894736842105,4.448645261034036,15,0,15,0.0,0.07894736842105263,4.023044905623217,20,1,19,0.05,0.1,4.191615233183742,26,2,24,0.07692307692307693,0.12631578947368421,3.9641812379712955,28,3,25,0.10714285714285714,0.13157894736842105,1.859344
gaussian,gaussian,250,120,200,0.6,20,block_ar1,0.6,183,25,1,24,17,0,17,0.04,0.12631578947368421,0.0,0.08947368421052632,30,3,27,19,0,19,0.1,0.14210526315789473,0.0,0.1,4.119029058329938,30,1,29,0.03333333333333333,0.15263157894736842,3.9206784493805436,33,3,30,0.09090909090909091,0.15789473684210525,4.091165666288725,30,1,29,0.03333333333333333,0.15263157894736842,3.8941568106264537,33,3,30,0.09090909090909091,0.15789473684210525,4.274750235238333,15,0,15,0.0,0.07894736842105263,4.018314987533915,23,3,20,0.13043478260869565,0.10526315789473684,4.119029058329938,30,1,29,0.03333333333333333,0.15263157894736842,3.9206784493805436,33,3,30,0.09090909090909091,0.15789473684210525,1.952051
gaussian,gaussian,250,120,200,0.6,20,block_ar1,0.6,184,26,3,23,19,1,18,0.11538461538461539,0.12105263157894737,0.05263157894736842,0.09473684210526316,27,4,23,19,1,18,0.14814814814814814,0.12105263157894737,0.05263157894736842,0.09473684210526316,4.087229518081055,32,4,28,0.125,0.14736842105263157,3.8795569859235663,34,4,30,0.11764705882352941,0.15789473684210525,4.071886565184189,32,4,28,0.125,0.14736842105263157,4.071886565184189,32,4,28,0.125,0.14736842105263157,4.303920622266106,18,1,17,0.05555555555555555,0.08947368421052632,4.014164462541378,20,1,19,0.05,0.1,4.195746741261769,31,4,27,0.12903225806451613,0.14210526315789473,4.087229518081055,32,4,28,0.125,0.14736842105263157,1.785728
gaussian,gaussian,250,120,200,0.6,20,block_ar1,0.6,185,23,2,21,21,1,20,0.08695652173913043,0.11052631578947368,0.047619047619047616,0.10526315789473684,26,4,22,21,1,20,0.15384615384615385,0.11578947368421053,0.047619047619047616,0.10526315789473684,4.247341585623805,25,2,23,0.08,0.12105263157894737,3.9652072848099817,29,4,25,0.13793103448275862,0.13157894736842105,4.216676428834683,25,2,23,0.08,0.12105263157894737,3.936579094531707,29,4,25,0.13793103448275862,0.13157894736842105,4.39768678732694,15,1,14,0.06666666666666667,0.07368421052631578,3.985942087284538,23,4,19,0.17391304347826086,0.1,4.247341585623805,25,2,23,0.08,0.12105263157894737,3.9652072848099817,29,4,25,0.13793103448275862,0.13157894736842105,1.958923
gaussian,gaussian,250,120,200,0.6,20,block_ar1,0.6,186,21,1,20,17,0,17,0.047619047619047616,0.10526315789473684,0.0,0.08947368421052632,23,2,21,19,0,19,0.08695652173913043,0.11052631578947368,0.0,0.1,4.124855719417222,26,1,25,0.038461538461538464,0.13157894736842105,3.9031448098474626,30,3,27,0.1,0.14210526315789473,4.1114902722423885,26,1,25,0.038461538461538464,0.13157894736842105,3.9413848745765425,28,2,26,0.07142857142857142,0.1368421052631579,4.297974315308842,14,0,14,0.0,0.07368421052631578,4.031945519240529,20,2,18,0.1,0.09473684210526316,4.124855719417222,26,1,25,0.038461538461538464,0.13157894736842105,3.9031448098474626,30,3,27,0.1,0.14210526315789473,2.187038
gaussian,gaussian,250,120,200,0.6,20,block_ar1,0.6,187,27,6,21,21,1,20,0.2222222222222222,0.11052631578947368,0.047619047619047616,0.10526315789473684,35,9,26,22,1,21,0.2571428571428571,0.1368421052631579,0.045454545454545456,0.11052631578947368,4.047159979371721,37,6,31,0.16216216216216217,0.1631578947368421,3.9437043325769507,42,9,33,0.21428571428571427,0.1736842105263158,4.022429217975087,37,6,31,0.16216216216216217,0.1631578947368421,3.919605752000708,42,9,33,0.21428571428571427,0.1736842105263158,4.110480634128841,28,6,22,0.21428571428571427,0.11578947368421053,3.927351732496191,32,9,23,0.28125,0.12105263157894737,4.090471009645396,35,5,30,0.14285714285714285,0.15789473684210525,3.9437043325769507,42,9,33,0.21428571428571427,0.1736842105263158,1.811858
gaussian,gaussian,250,120,200,0.6,20,block_ar1,0.6,188,23,3,20,19,0,19,0.13043478260869565,0.10526315789473684,0.0,0.1,29,7,22,19,0,19,0.2413793103448276,0.11578947368421053,0.0,0.1,4.113161004379217,29,4,25,0.13793103448275862,0.13157894736842105,3.8888479058325656,36,9,27,0.25,0.14210526315789473,4.098031789813453,29,4,25,0.13793103448275862,0.13157894736842105,3.8745437698363507,36,9,27,0.25,0.14210526315789473,4.206794439841015,19,2,17,0.10526315789473684,0.08947368421052632,3.9257395515024154,27,7,20,0.25925925925925924,0.10526315789473684,4.273806861284782,26,3,23,0.11538461538461539,0.12105263157894737,3.956465186423299,32,5,27,0.15625,0.14210526315789473,1.840461
gaussian,gaussian,250,120,200,0.6,20,block_ar1,0.6,189,25,2,23,19,0,19,0.08,0.12105263157894737,0.0,0.1,27,3,24,20,0,20,0.1111111111111111,0.12631578947368421,0.0,0.10526315789473684,4.106345178797436,27,1,26,0.037037037037037035,0.1368421052631579,3.916100557636677,30,3,27,0.1,0.14210526315789473,4.251810905852645,26,1,25,0.038461538461538464,0.13157894736842105,4.0246881188531525,29,2,27,0.06896551724137931,0.14210526315789473,4.1969767403697,18,1,17,0.05555555555555555,0.08947368421052632,3.982795692348669,24,2,22,0.08333333333333333,0.11578947368421053,4.283282280479817,26,1,25,0.038461538461538464,0.13157894736842105,4.054478358906303,29,2,27,0.06896551724137931,0.14210526315789473,1.958788
gaussian,gaussian,250,120,200,0.6,20,block_ar1,0.6,190,25,1,24,18,0,18,0.04,0.12631578947368421,0.0,0.09473684210526316,28,2,26,18,0,18,0.07142857142857142,0.1368421052631579,0.0,0.09473684210526316,4.128616850934749,28,1,27,0.03571428571428571,0.14210526315789473,3.9251248308347644,30,2,28,0.06666666666666667,0.14736842105263157,4.100425719357484,28,1,27,0.03571428571428571,0.14210526315789473,3.9770611916280787,29,2,27,0.06896551724137931,0.14210526315789473,4.189595100683683,19,1,18,0.05263157894736842,0.09473684210526316,4.0053560755458415,22,3,19,0.13636363636363635,0.1,4.436592695172564,27,0,27,0.0,0.14210526315789473,4.004404170874046,29,2,27,0.06896551724137931,0.14210526315789473,1.898353
gaussian,gaussian,250,120,200,0.6,20,block_ar1,0.6,191,26,4,22,16,0,16,0.15384615384615385,0.11578947368421053,0.0,0.08421052631578947,30,6,24,18,0,18,0.2,0.12631578947368421,0.0,0.09473684210526316,4.110331404702769,31,5,26,0.16129032258064516,0.1368421052631579,3.901019474163654,32,6,26,0.1875,0.1368421052631579,4.076561333759379,31,5,26,0.16129032258064516,0.1368421052631579,4.076561333759379,31,5,26,0.16129032258064516,0.1368421052631579,4.147487085420334,21,4,17,0.19047619047619047,0.08947368421052632,3.96655832352368,24,5,19,0.20833333333333334,0.1,4.110331404702769,31,5,26,0.16129032258064516,0.1368421052631579,3.901019474163654,32,6,26,0.1875,0.1368421052631579,2.131665
gaussian,gaussian,250,120,200,0.6,20,block_ar1,0.6,192,23,3,20,18,1,17,0.13043478260869565,0.10526315789473684,0.05555555555555555,0.08947368421052632,30,6,24,18,1,17,0.2,0.12631578947368421,0.05555555555555555,0.08947368421052632,4.168460699034634,30,3,27,0.1,0.14210526315789473,3.862751708658008,35,7,28,0.2,0.14736842105263157,4.14167209555147,30,3,27,0.1,0.14210526315789473,3.993348247118318,32,5,27,0.15625,0.14210526315789473,4.226585994305346,18,2,16,0.1111111111111111,0.08421052631578947,3.997453005660559,20,4,16,0.2,0.08421052631578947,4.168460699034634,30,3,27,0.1,0.14210526315789473,4.019177482338833,32,5,27,0.15625,0.14210526315789473,1.827849
gaussian,gaussian,250,120,200,0.6,20,block_ar1,0.6,193,20,0,20,16,0,16,0.0,0.10526315789473684,0.0,0.08421052631578947,23,1,22,18,0,18,0.043478260869565216,0.11578947368421053,0.0,0.09473684210526316,4.4470514504936105,24,0,24,0.0,0.12631578947368421,3.8882494402322947,32,4,28,0.125,0.14736842105263157,4.390822405762361,24,0,24,0.0,0.12631578947368421,3.918457066906656,28,1,27,0.03571428571428571,0.14210526315789473,4.2426799496936045,16,0,16,0.0,0.08421052631578947,4.016851835149135,20,0,20,0.0,0.10526315789473684,4.4470514504936105,24,0,24,0.0,0.12631578947368421,3.9470007636773605,30,2,28,0.06666666666666667,0.14736842105263157,1.883037
gaussian,gaussian,250,120,200,0.6,20,block_ar1,0.6,194,26,3,23,15,0,15,0.11538461538461539,0.12105263157894737,0.0,0.07894736842105263,31,7,24,20,0,20,0.22580645161290322,0.12631578947368421,0.0,0.10526315789473684,4.069229679245716,31,5,26,0.16129032258064516,0.1368421052631579,3.936403582525084,33,7,26,0.21212121212121213,0.1368421052631579,4.32294317587998,29,3,26,0.10344827586206896,0.1368421052631579,3.898793782046208,33,7,26,0.21212121212121213,0.1368421052631579,4.220583364603881,19,3,16,0.15789473684210525,0.08421052631578947,3.978719596637216,22,4,18,0.18181818181818182,0.09473684210526316,4.364644542870731,29,3,26,0.10344827586206896,0.1368421052631579,3.936403582525084,33,7,26,0.21212121212121213,0.1368421052631579,1.89008
gaussian,gaussian,250,120,200,0.6,20,block_ar1,0.6,195,29,6,23,20,0,20,0.20689655172413793,0.12105263157894737,0.0,0.10526315789473684,34,10,24,22,1,21,0.29411764705882354,0.12631578947368421,0.045454545454545456,0.11052631578947368,4.0710792926117,35,8,27,0.22857142857142856,0.14210526315789473,3.877190867115133,38,10,28,0.2631578947368421,0.14736842105263157,4.043880363720324,35,8,27,0.22857142857142856,0.14210526315789473,3.851287309087084,38,10,28,0.2631578947368421,0.14736842105263157,4.258996059581859,22,2,20,0.09090909090909091,0.10526315789473684,3.9142264760529053,29,6,23,0.20689655172413793,0.12105263157894737,4.0710792926117,35,8,27,0.22857142857142856,0.14210526315789473,3.877190867115133,38,10,28,0.2631578947368421,0.14736842105263157,1.962139
gaussian,gaussian,250,120,200,0.6,20,block_ar1,0.6,196,23,0,23,20,0,20,0.0,0.12105263157894737,0.0,0.10526315789473684,31,1,30,20,0,20,0.03225806451612903,0.15789473684210525,0.0,0.10526315789473684,4.073754889782193,31,0,31,0.0,0.1631578947368421,3.8609282773931253,36,2,34,0.05555555555555555,0.17894736842105263,4.140423888587273,30,0,30,0.0,0.15789473684210525,3.8810288048621517,34,1,33,0.029411764705882353,0.1736842105263158,4.152306175360636,23,0,23,0.0,0.12105263157894737,4.080695760220949,24,0,24,0.0,0.12631578947368421,4.163423083241932,30,0,30,0.0,0.15789473684210525,3.9850411996207304,33,1,32,0.030303030303030304,0.16842105263157894,1.84566
gaussian,gaussian,250,120,200,0.6,20,block_ar1,0.6,197,23,0,23,18,0,18,0.0,0.12105263157894737,0.0,0.09473684210526316,24,1,23,19,0,19,0.041666666666666664,0.12105263157894737,0.0,0.1,4.217308251244365,24,0,24,0.0,0.12631578947368421,3.9225526768102075,29,2,27,0.06896551724137931,0.14210526315789473,4.187057214271771,24,0,24,0.0,0.12631578947368421,3.9264616388499665,27,1,26,0.037037037037037035,0.1368421052631579,4.3803374359915495,15,0,15,0.0,0.07894736842105263,4.022503856859713,22,1,21,0.045454545454545456,0.11052631578947368,4.217308251244365,24,0,24,0.0,0.12631578947368421,4.1051703886433035,25,0,25,0.0,0.13157894736842105,2.048096
gaussian,gaussian,250,120,200,0.6,20,block_ar1,0.6,198,21,2,19,14,0,14,0.09523809523809523,0.1,0.0,0.07368421052631578,26,6,20,18,0,18,0.23076923076923078,0.10526315789473684,0.0,0.09473684210526316,4.243095930523415,24,2,22,0.08333333333333333,0.11578947368421053,3.9157237085481413,29,6,23,0.20689655172413793,0.12105263157894737,4.207055401343369,24,2,22,0.08333333333333333,0.11578947368421053,3.9376122017048085,27,4,23,0.14814814814814814,0.12105263157894737,4.263759635335526,13,0,13,0.0,0.06842105263157895,4.052231262288441,16,2,14,0.125,0.07368421052631578,4.243095930523415,24,2,22,0.08333333333333333,0.11578947368421053,3.9713444951778003,27,4,23,0.14814814814814814,0.12105263157894737,1.882555
gaussian,gaussian,250,120,200,0.6,20,block_ar1,0.6,199,22,0,22,22,0,22,0.0,0.11578947368421053,0.0,0.11578947368421053,23,0,23,22,0,22,0.0,0.12105263157894737,0.0,0.11578947368421053,4.249805084488379,26,0,26,0.0,0.1368421052631579,3.9494391188712172,27,0,27,0.0,0.14210526315789473,4.233695997711797,26,0,26,0.0,0.1368421052631579,3.934468583465501,27,0,27,0.0,0.14210526315789473,4.167597407885343,20,0,20,0.0,0.10526315789473684,3.99448801045389,23,1,22,0.043478260869565216,0.11578947368421053,4.249805084488379,26,0,26,0.0,0.1368421052631579,3.9494391188712172,27,0,27,0.0,0.14210526315789473,1.756964
gaussian,gaussian,250,120,200,0.6,20,block_ar1,0.6,200,24,1,23,18,0,18,0.041666666666666664,0.12105263157894737,0.0,0.09473684210526316,31,6,25,20,0,20,0.1935483870967742,0.13157894736842105,0.0,0.10526315789473684,4.073596963268147,29,3,26,0.10344827586206896,0.1368421052631579,3.8768602048391823,35,7,28,0.2,0.14736842105263157,4.084672213382155,28,2,26,0.07142857142857142,0.1368421052631579,3.9030356145765284,33,6,27,0.18181818181818182,0.14210526315789473,4.471163866174901,19,1,18,0.05263157894736842,0.09473684210526316,3.9444873432624363,25,5,20,0.2,0.10526315789473684,4.2353585623237935,27,2,25,0.07407407407407407,0.13157894736842105,3.9296473736946624,33,6,27,0.18181818181818182,0.14210526315789473,1.928558
gaussian,gaussian,250,120,200,0.6,20,block_ar1,0.6,201,31,4,27,19,0,19,0.12903225806451613,0.14210526315789473,0.0,0.1,38,7,31,21,0,21,0.18421052631578946,0.1631578947368421,0.0,0.11052631578947368,4.0812875441710466,36,4,32,0.1111111111111111,0.16842105263157894,3.909682636276805,40,7,33,0.175,0.1736842105263158,4.064838686492091,36,4,32,0.1111111111111111,0.16842105263157894,3.8939253997287824,40,7,33,0.175,0.1736842105263158,4.110231374017747,25,3,22,0.12,0.11578947368421053,3.925423533672078,31,6,25,0.1935483870967742,0.13157894736842105,4.0812875441710466,36,4,32,0.1111111111111111,0.16842105263157894,3.909682636276805,40,7,33,0.175,0.1736842105263158,2.010626
gaussian,gaussian,250,120,200,0.6,20,block_ar1,0.6,202,33,7,26,19,1,18,0.21212121212121213,0.1368421052631579,0.05263157894736842,0.09473684210526316,37,10,27,20,2,18,0.2702702702702703,0.14210526315789473,0.1,0.09473684210526316,4.078063725371435,35,7,28,0.2,0.14736842105263157,3.863521837980876,38,10,28,0.2631578947368421,0.14736842105263157,4.061372878604592,35,7,28,0.2,0.14736842105263157,3.847709076013255,38,10,28,0.2631578947368421,0.14736842105263157,4.160094267625854,24,5,19,0.20833333333333334,0.1,3.9725554693289675,28,7,21,0.25,0.11052631578947368,4.078063725371435,35,7,28,0.2,0.14736842105263157,3.863521837980876,38,10,28,0.2631578947368421,0.14736842105263157,2.052626
gaussian,gaussian,250,120,200,0.6,20,block_ar1,0.6,203,22,0,22,17,0,17,0.0,0.11578947368421053,0.0,0.08947368421052632,24,1,23,18,0,18,0.041666666666666664,0.12105263157894737,0.0,0.09473684210526316,4.144730866698091,25,0,25,0.0,0.13157894736842105,3.927514198396029,28,1,27,0.03571428571428571,0.14210526315789473,4.113368644190497,25,0,25,0.0,0.13157894736842105,3.9568180937751976,27,1,26,0.037037037037037035,0.1368421052631579,4.272958031358901,16,0,16,0.0,0.08421052631578947,4.159023878949107,17,0,17,0.0,0.08947368421052632,4.4743008249111,24,0,24,0.0,0.12631578947368421,3.986986702575752,27,1,26,0.037037037037037035,0.1368421052631579,1.906864
gaussian,gaussian,250,120,200,0.6,20,block_ar1,0.6,204,27,1,26,19,0,19,0.037037037037037035,0.1368421052631579,0.0,0.1,31,3,28,22,0,22,0.0967741935483871,0.14736842105263157,0.0,0.11578947368421053,4.2019803453367635,31,1,30,0.03225806451612903,0.15789473684210525,3.8714789139184465,34,3,31,0.08823529411764706,0.1631578947368421,4.165516419299384,31,1,30,0.03225806451612903,0.15789473684210525,3.893497362374101,33,2,31,0.06060606060606061,0.1631578947368421,4.306145047652453,16,1,15,0.0625,0.07894736842105263,4.00290028137976,25,2,23,0.08,0.12105263157894737,4.2019803453367635,31,1,30,0.03225806451612903,0.15789473684210525,3.9275800991964953,33,2,31,0.06060606060606061,0.1631578947368421,1.878948
gaussian,gaussian,250,120,200,0.6,20,block_ar1,0.6,205,23,0,23,21,0,21,0.0,0.12105263157894737,0.0,0.11052631578947368,26,0,26,21,0,21,0.0,0.1368421052631579,0.0,0.11052631578947368,4.100011879699519,31,0,31,0.0,0.1631578947368421,3.893414601997238,32,1,31,0.03125,0.1631578947368421,4.068573830659023,31,0,31,0.0,0.1631578947368421,4.068573830659023,31,0,31,0.0,0.1631578947368421,4.211202276683524,20,0,20,0.0,0.10526315789473684,3.977545757720294,24,0,24,0.0,0.12631578947368421,4.204246360077914,28,0,28,0.0,0.14736842105263157,4.100011879699519,31,0,31,0.0,0.1631578947368421,1.993543
gaussian,gaussian,250,120,200,0.6,20,block_ar1,0.6,206,23,4,19,12,0,12,0.17391304347826086,0.1,0.0,0.06315789473684211,27,4,23,14,0,14,0.14814814814814814,0.12105263157894737,0.0,0.07368421052631578,4.0980600193439995,27,4,23,0.14814814814814814,0.12105263157894737,4.0980600193439995,27,4,23,0.14814814814814814,0.12105263157894737,4.230647453394861,26,3,23,0.11538461538461539,0.12105263157894737,4.085874454900729,27,4,23,0.14814814814814814,0.12105263157894737,4.203184856983857,17,3,14,0.17647058823529413,0.07368421052631578,4.077076382583741,20,4,16,0.2,0.08421052631578947,4.243264783601437,26,3,23,0.11538461538461539,0.12105263157894737,4.0980600193439995,27,4,23,0.14814814814814814,0.12105263157894737,2.015004
gaussian,gaussian,250,120,200,0.6,20,block_ar1,0.6,207,19,0,19,16,0,16,0.0,0.1,0.0,0.08421052631578947,25,4,21,17,0,17,0.16,0.11052631578947368,0.0,0.08947368421052632,4.321775289743266,23,1,22,0.043478260869565216,0.11578947368421053,3.9335566504894985,30,6,24,0.2,0.12631578947368421,4.3024329441326765,23,1,22,0.043478260869565216,0.11578947368421053,3.9159517989848007,30,6,24,0.2,0.12631578947368421,4.23635709983173,15,2,13,0.13333333333333333,0.06842105263157895,4.021631451502442,19,3,16,0.15789473684210525,0.08421052631578947,4.321775289743266,23,1,22,0.043478260869565216,0.11578947368421053,3.9335566504894985,30,6,24,0.2,0.12631578947368421,1.954398
gaussian,gaussian,250,120,200,0.6,20,block_ar1,0.6,208,24,2,22,20,0,20,0.08333333333333333,0.11578947368421053,0.0,0.10526315789473684,26,3,23,21,0,21,0.11538461538461539,0.12105263157894737,0.0,0.11052631578947368,4.1144230501568595,26,2,24,0.07692307692307693,0.12631578947368421,4.1144230501568595,26,2,24,0.07692307692307693,0.12631578947368421,4.1204510443532225,25,1,24,0.04,0.12631578947368421,4.083650039879766,26,2,24,0.07692307692307693,0.12631578947368421,4.275969571212009,17,0,17,0.0,0.08947368421052632,3.984655302083224,22,2,20,0.09090909090909091,0.10526315789473684,4.166433801065607,24,1,23,0.041666666666666664,0.12105263157894737,4.1144230501568595,26,2,24,0.07692307692307693,0.12631578947368421,1.807515
gaussian,gaussian,250,120,200,0.6,20,block_ar1,0.6,209,29,3,26,18,0,18,0.10344827586206896,0.1368421052631579,0.0,0.09473684210526316,31,4,27,20,1,19,0.12903225806451613,0.14210526315789473,0.05,0.1,4.072610120492138,31,3,28,0.0967741935483871,0.14736842105263157,3.920883698363997,34,4,30,0.11764705882352941,0.15789473684210525,4.154425747341628,30,3,27,0.1,0.14210526315789473,3.891799364093845,34,4,30,0.11764705882352941,0.15789473684210525,4.14255560340086,23,3,20,0.13043478260869565,0.10526315789473684,4.012658841950576,24,3,21,0.125,0.11052631578947368,4.185472750496773,30,3,27,0.1,0.14210526315789473,3.920883698363997,34,4,30,0.11764705882352941,0.15789473684210525,2.418831
gaussian,gaussian,250,120,200,0.6,20,block_ar1,0.6,210,28,2,26,22,0,22,0.07142857142857142,0.1368421052631579,0.0,0.11578947368421053,32,5,27,23,0,23,0.15625,0.14210526315789473,0.0,0.12105263157894737,4.082907293580402,30,3,27,0.1,0.14210526315789473,3.9182045880753438,32,4,28,0.125,0.14736842105263157,4.151207538067907,28,1,27,0.03571428571428571,0.14210526315789473,3.962201106923656,31,3,28,0.0967741935483871,0.14736842105263157,4.1499430810655475,24,1,23,0.041666666666666664,0.12105263157894737,3.940740120080331,27,2,25,0.07407407407407407,0.13157894736842105,4.082907293580402,30,3,27,0.1,0.14210526315789473,3.9182045880753438,32,4,28,0.125,0.14736842105263157,2.02523
gaussian,gaussian,250,120,200,0.6,20,block_ar1,0.6,211,23,0,23,22,0,22,0.0,0.12105263157894737,0.0,0.11578947368421053,23,0,23,22,0,22,0.0,0.12105263157894737,0.0,0.11578947368421053,4.139529160169072,25,0,25,0.0,0.13157894736842105,4.041176437386696,26,0,26,0.0,0.1368421052631579,4.446397154551741,24,0,24,0.0,0.12631578947368421,4.007967021384947,26,0,26,0.0,0.1368421052631579,4.216727511665314,20,0,20,0.0,0.10526315789473684,4.216727511665314,20,0,20,0.0,0.10526315789473684,4.483239337141227,24,0,24,0.0,0.12631578947368421,4.041176437386696,26,0,26,0.0,0.1368421052631579,1.80999
gaussian,gaussian,250,120,200,0.6,20,block_ar1,0.6,212,24,4,20,17,0,17,0.16666666666666666,0.10526315789473684,0.0,0.08947368421052632,29,6,23,18,0,18,0.20689655172413793,0.12105263157894737,0.0,0.09473684210526316,4.17663113902908,29,4,25,0.13793103448275862,0.13157894736842105,3.8894596167862683,35,6,29,0.17142857142857143,0.15263157894736842,4.154372199991799,29,4,25,0.13793103448275862,0.13157894736842105,3.868731129731474,35,6,29,0.17142857142857143,0.15263157894736842,4.1908026882035685,21,2,19,0.09523809523809523,0.1,4.082099805410315,23,3,20,0.13043478260869565,0.10526315789473684,4.363454126896402,28,3,25,0.10714285714285714,0.13157894736842105,3.9491298619644284,33,6,27,0.18181818181818182,0.14210526315789473,2.110089
gaussian,gaussian,250,120,200,0.6,20,block_ar1,0.6,213,21,1,20,19,0,19,0.047619047619047616,0.10526315789473684,0.0,0.1,27,5,22,19,0,19,0.18518518518518517,0.11578947368421053,0.0,0.1,4.180928194940612,23,1,22,0.043478260869565216,0.11578947368421053,3.897388618845924,31,6,25,0.1935483870967742,0.13157894736842105,4.1388491021027765,23,1,22,0.043478260869565216,0.11578947368421053,3.9424652643525673,29,5,24,0.1724137931034483,0.12631578947368421,4.211150062129561,19,1,18,0.05263157894736842,0.09473684210526316,4.027285591773567,23,4,19,0.17391304347826086,0.1,4.180928194940612,23,1,22,0.043478260869565216,0.11578947368421053,3.938053264522688,30,5,25,0.16666666666666666,0.13157894736842105,1.872206
gaussian,gaussian,250,120,200,0.6,20,block_ar1,0.6,214,30,5,25,21,0,21,0.16666666666666666,0.13157894736842105,0.0,0.11052631578947368,35,8,27,23,0,23,0.22857142857142856,0.14210526315789473,0.0,0.12105263157894737,4.050663783825437,35,6,29,0.17142857142857143,0.15263157894736842,3.884630092748439,37,8,29,0.21621621621621623,0.15263157894736842,4.033936446281512,35,6,29,0.17142857142857143,0.15263157894736842,3.8685883963099053,37,8,29,0.21621621621621623,0.15263157894736842,4.1796436746103565,19,1,18,0.05263157894736842,0.09473684210526316,3.9229282949172117,28,5,23,0.17857142857142858,0.12105263157894737,4.166959007114224,33,4,29,0.12121212121212122,0.15263157894736842,3.884630092748439,37,8,29,0.21621621621621623,0.15263157894736842,1.883085
gaussian,gaussian,250,120,200,0.6,20,block_ar1,0.6,215,26,2,24,21,0,21,0.07692307692307693,0.12631578947368421,0.0,0.11052631578947368,33,7,26,21,0,21,0.21212121212121213,0.1368421052631579,0.0,0.11052631578947368,4.110284371026263,31,2,29,0.06451612903225806,0.15263157894736842,3.8557585196476394,37,7,30,0.1891891891891892,0.15789473684210525,4.065924962089527,31,2,29,0.06451612903225806,0.15263157894736842,3.894910113033475,35,5,30,0.14285714285714285,0.15789473684210525,4.152405710827668,24,1,23,0.041666666666666664,0.12105263157894737,3.924638737266912,28,3,25,0.10714285714285714,0.13157894736842105,4.167509783255882,30,1,29,0.03333333333333333,0.15263157894736842,3.937403742917655,35,5,30,0.14285714285714285,0.15789473684210525,1.950459
gaussian,gaussian,250,120,200,0.6,20,block_ar1,0.6,216,23,1,22,16,0,16,0.043478260869565216,0.11578947368421053,0.0,0.08421052631578947,29,4,25,17,0,17,0.13793103448275862,0.13157894736842105,0.0,0.08947368421052632,4.3334820606046796,26,1,25,0.038461538461538464,0.13157894736842105,3.9076013577682662,30,4,26,0.13333333333333333,0.1368421052631579,4.2945756194743545,26,1,25,0.038461538461538464,0.13157894736842105,3.9240883437325773,29,3,26,0.10344827586206896,0.1368421052631579,4.339293297075849,18,0,18,0.0,0.09473684210526316,4.0183297161928895,21,2,19,0.09523809523809523,0.1,4.3334820606046796,26,1,25,0.038461538461538464,0.13157894736842105,3.9596383783956792,29,3,26,0.10344827586206896,0.1368421052631579,1.885298
gaussian,gaussian,250,120,200,0.6,20,block_ar1,0.6,217,23,0,23,20,0,20,0.0,0.12105263157894737,0.0,0.10526315789473684,29,3,26,20,0,20,0.10344827586206896,0.1368421052631579,0.0,0.10526315789473684,4.057301152621172,31,2,29,0.06451612903225806,0.15263157894736842,3.9463721291075475,33,4,29,0.12121212121212122,0.15263157894736842,4.107556028175438,29,1,28,0.034482758620689655,0.14736842105263157,3.925076771425895,33,4,29,0.12121212121212122,0.15263157894736842,4.342579559715359,19,0,19,0.0,0.1,3.994075686990816,22,2,20,0.09090909090909091,0.10526315789473684,4.129841420261068,29,1,28,0.034482758620689655,0.14736842105263157,3.9463721291075475,33,4,29,0.12121212121212122,0.15263157894736842,1.971137
gaussian,gaussian,250,120,200,0.6,20,block_ar1,0.6,218,27,1,26,17,0,17,0.037037037037037035,0.1368421052631579,0.0,0.08947368421052632,30,4,26,20,1,19,0.13333333333333333,0.1368421052631579,0.05,0.1,4.422212407495627,27,1,26,0.037037037037037035,0.1368421052631579,3.9302922494068175,33,4,29,0.12121212121212122,0.15263157894736842,4.374363244794469,27,1,26,0.037037037037037035,0.1368421052631579,3.887765754526969,33,4,29,0.12121212121212122,0.15263157894736842,4.219194835949482,18,1,17,0.05555555555555555,0.08947368421052632,4.0044770406435495,23,2,21,0.08695652173913043,0.11052631578947368,4.422212407495627,27,1,26,0.037037037037037035,0.1368421052631579,3.9302922494068175,33,4,29,0.12121212121212122,0.15263157894736842,2.068296
gaussian,gaussian,250,120,200,0.6,20,block_ar1,0.6,219,18,0,18,15,0,15,0.0,0.09473684210526316,0.0,0.07894736842105263,19,1,18,15,0,15,0.05263157894736842,0.09473684210526316,0.0,0.07894736842105263,4.478879050068035,21,0,21,0.0,0.11052631578947368,4.0383839776386345,24,1,23,0.041666666666666664,0.12105263157894737,4.456931775674622,21,0,21,0.0,0.11052631578947368,4.018595204538845,24,1,23,0.041666666666666664,0.12105263157894737,4.384499401865631,13,0,13,0.0,0.06842105263157895,4.211327636425587,14,0,14,0.0,0.07368421052631578,4.478879050068035,21,0,21,0.0,0.11052631578947368,4.0383839776386345,24,1,23,0.041666666666666664,0.12105263157894737,1.863133
gaussian,gaussian,250,120,200,0.6,20,block_ar1,0.6,220,23,1,22,19,0,19,0.043478260869565216,0.11578947368421053,0.0,0.1,27,3,24,19,0,19,0.1111111111111111,0.12631578947368421,0.0,0.1,4.090422760173609,28,1,27,0.03571428571428571,0.14210526315789473,3.9320517620579016,31,3,28,0.0967741935483871,0.14736842105263157,4.221996711237012,27,1,26,0.037037037037037035,0.1368421052631579,3.898853070630961,31,3,28,0.0967741935483871,0.14736842105263157,4.266541235047345,20,0,20,0.0,0.10526315789473684,3.980224600434138,22,2,20,0.09090909090909091,0.10526315789473684,4.25794696724377,27,1,26,0.037037037037037035,0.1368421052631579,3.982348687151024,30,2,28,0.06666666666666667,0.14736842105263157,2.051407
gaussian,gaussian,250,120,200,0.6,20,block_ar1,0.6,221,24,3,21,17,0,17,0.125,0.11052631578947368,0.0,0.08947368421052632,32,6,26,17,0,17,0.1875,0.1368421052631579,0.0,0.08947368421052632,4.097375100417161,30,3,27,0.1,0.14210526315789473,3.8704383241425515,35,6,29,0.17142857142857143,0.15263157894736842,4.170307728485115,29,2,27,0.06896551724137931,0.14210526315789473,3.880121899362123,33,5,28,0.15151515151515152,0.14736842105263157,4.286207444933978,18,1,17,0.05555555555555555,0.08947368421052632,4.039233897192986,22,4,18,0.18181818181818182,0.09473684210526316,4.2128386600946,29,2,27,0.06896551724137931,0.14210526315789473,3.919693367436538,33,5,28,0.15151515151515152,0.14736842105263157,1.862474
gaussian,gaussian,250,120,200,0.6,20,block_ar1,0.6,222,21,1,20,17,0,17,0.047619047619047616,0.10526315789473684,0.0,0.08947368421052632,22,2,20,18,0,18,0.09090909090909091,0.10526315789473684,0.0,0.09473684210526316,4.174322637456678,23,1,22,0.043478260869565216,0.11578947368421053,3.955214058784982,25,2,23,0.08,0.12105263157894737,4.145613172193887,23,1,22,0.043478260869565216,0.11578947368421053,4.072180889642718,24,1,23,0.041666666666666664,0.12105263157894737,4.228372247165032,17,0,17,0.0,0.08947368421052632,3.990523380710649,21,4,17,0.19047619047619047,0.08947368421052632,4.581006786611471,22,0,22,0.0,0.11578947368421053,4.100381816969743,24,1,23,0.041666666666666664,0.12105263157894737,2.042775
gaussian,gaussian,250,120,200,0.6,20,block_ar1,0.6,223,27,2,25,21,0,21,0.07407407407407407,0.13157894736842105,0.0,0.11052631578947368,35,10,25,22,0,22,0.2857142857142857,0.13157894736842105,0.0,0.11578947368421053,4.119121587156375,28,2,26,0.07142857142857142,0.1368421052631579,3.8633830858323477,40,10,30,0.25,0.15789473684210525,4.090353219377353,28,2,26,0.07142857142857142,0.1368421052631579,3.8364008219848746,40,10,30,0.25,0.15789473684210525,4.175986411691854,23,3,20,0.13043478260869565,0.10526315789473684,3.8994830205852313,31,7,24,0.22580645161290322,0.12631578947368421,4.24210174771969,26,1,25,0.038461538461538464,0.13157894736842105,3.877575999196488,39,9,30,0.23076923076923078,0.15789473684210525,2.158066
gaussian,gaussian,250,120,200,0.6,20,block_ar1,0.6,224,25,0,25,20,0,20,0.0,0.13157894736842105,0.0,0.10526315789473684,26,0,26,21,0,21,0.0,0.1368421052631579,0.0,0.11052631578947368,4.167410600706184,28,0,28,0.0,0.14736842105263157,4.167410600706184,28,0,28,0.0,0.14736842105263157,4.123876649211548,28,0,28,0.0,0.14736842105263157,4.123876649211548,28,0,28,0.0,0.14736842105263157,4.165842846602121,20,1,19,0.05,0.1,4.087296520296528,22,1,21,0.045454545454545456,0.11052631578947368,4.167410600706184,28,0,28,0.0,0.14736842105263157,4.167410600706184,28,0,28,0.0,0.14736842105263157,1.803606
gaussian,gaussian,250,120,200,0.6,20,block_ar1,0.6,225,22,1,21,18,0,18,0.045454545454545456,0.11052631578947368,0.0,0.09473684210526316,25,2,23,18,0,18,0.08,0.12105263157894737,0.0,0.09473684210526316,4.313379118231175,26,1,25,0.038461538461538464,0.13157894736842105,3.928182665404402,31,3,28,0.0967741935483871,0.14736842105263157,4.265902237877513,26,1,25,0.038461538461538464,0.13157894736842105,3.921905392998661,29,2,27,0.06896551724137931,0.14210526315789473,4.309366633160124,15,0,15,0.0,0.07894736842105263,4.031211369069651,18,1,17,0.05555555555555555,0.08947368421052632,4.313379118231175,26,1,25,0.038461538461538464,0.13157894736842105,3.928182665404402,31,3,28,0.0967741935483871,0.14736842105263157,1.947839
gaussian,gaussian,250,120,200,0.6,20,block_ar1,0.6,226,19,0,19,17,0,17,0.0,0.1,0.0,0.08947368421052632,22,2,20,17,0,17,0.09090909090909091,0.10526315789473684,0.0,0.08947368421052632,4.1651380598712,24,0,24,0.0,0.12631578947368421,3.9581356856866314,26,2,24,0.07692307692307693,0.12631578947368421,4.149204573455292,24,0,24,0.0,0.12631578947368421,3.9429940744666276,26,2,24,0.07692307692307693,0.12631578947368421,4.37268812860855,15,0,15,0.0,0.07894736842105263,4.196114278808402,16,0,16,0.0,0.08421052631578947,4.214331271654056,23,0,23,0.0,0.12105263157894737,3.9979157707771185,25,1,24,0.04,0.12631578947368421,1.943602
gaussian,gaussian,250,120,200,0.6,20,block_ar1,0.6,227,25,0,25,18,0,18,0.0,0.13157894736842105,0.0,0.09473684210526316,29,2,27,20,0,20,0.06896551724137931,0.14210526315789473,0.0,0.10526315789473684,4.565341316508564,27,0,27,0.0,0.14210526315789473,3.905423120733413,30,2,28,0.06666666666666667,0.14736842105263157,4.546692194890837,27,0,27,0.0,0.14210526315789473,3.9182497331467645,28,0,28,0.0,0.14736842105263157,4.26416731835309,18,2,16,0.1111111111111111,0.08421052631578947,3.987339037607412,25,4,21,0.16,0.11052631578947368,4.565341316508564,27,0,27,0.0,0.14210526315789473,4.565341316508564,27,0,27,0.0,0.14210526315789473,1.844093
gaussian,gaussian,250,120,200,0.6,20,block_ar1,0.6,228,24,1,23,18,0,18,0.041666666666666664,0.12105263157894737,0.0,0.09473684210526316,26,2,24,21,0,21,0.07692307692307693,0.12631578947368421,0.0,0.11052631578947368,4.094913350197742,28,1,27,0.03571428571428571,0.14210526315789473,3.880593029532687,33,3,30,0.09090909090909091,0.15789473684210525,4.138818430392418,27,1,26,0.037037037037037035,0.1368421052631579,3.9210831381396636,31,2,29,0.06451612903225806,0.15263157894736842,4.245724194560692,16,0,16,0.0,0.08421052631578947,4.002222034785074,21,0,21,0.0,0.11052631578947368,4.213889179215132,26,1,25,0.038461538461538464,0.13157894736842105,3.957424690034261,31,2,29,0.06451612903225806,0.15263157894736842,1.963131
gaussian,gaussian,250,120,200,0.6,20,block_ar1,0.6,229,30,6,24,21,1,20,0.2,0.12631578947368421,0.047619047619047616,0.10526315789473684,36,10,26,22,1,21,0.2777777777777778,0.1368421052631579,0.045454545454545456,0.11052631578947368,4.021968667503512,37,8,29,0.21621621621621623,0.15263157894736842,3.8161771492672805,44,12,32,0.2727272727272727,0.16842105263157894,4.0901626664848365,35,6,29,0.17142857142857143,0.15263157894736842,3.827650441743606,41,11,30,0.2682926829268293,0.15789473684210525,4.147504515138603,21,2,19,0.09523809523809523,0.1,4.025041366693227,25,5,20,0.2,0.10526315789473684,4.063659787868561,36,7,29,0.19444444444444445,0.15263157894736842,3.8406661233695245,43,12,31,0.27906976744186046,0.1631578947368421,1.958016
gaussian,gaussian,250,120,200,0.6,20,block_ar1,0.6,230,23,0,23,20,0,20,0.0,0.12105263157894737,0.0,0.10526315789473684,25,1,24,22,0,22,0.04,0.12631578947368421,0.0,0.11578947368421053,4.380650250613551,26,0,26,0.0,0.1368421052631579,3.95720631439459,29,1,28,0.034482758620689655,0.14736842105263157,4.334015100557897,26,0,26,0.0,0.1368421052631579,3.9150790274131357,29,1,28,0.034482758620689655,0.14736842105263157,4.287864109797548,20,0,20,0.0,0.10526315789473684,3.9437641838077737,25,2,23,0.08,0.12105263157894737,4.380650250613551,26,0,26,0.0,0.1368421052631579,3.95720631439459,29,1,28,0.034482758620689655,0.14736842105263157,2.023443
gaussian,gaussian,250,120,200,0.6,20,block_ar1,0.6,231,26,1,25,20,0,20,0.038461538461538464,0.13157894736842105,0.0,0.10526315789473684,33,8,25,23,0,23,0.24242424242424243,0.13157894736842105,0.0,0.12105263157894737,4.130666017156602,29,2,27,0.06896551724137931,0.14210526315789473,3.902055773585285,33,6,27,0.18181818181818182,0.14210526315789473,4.1155668355371136,29,2,27,0.06896551724137931,0.14210526315789473,3.887792250809533,33,6,27,0.18181818181818182,0.14210526315789473,4.162714115097103,20,0,20,0.0,0.10526315789473684,3.943545597894725,28,6,22,0.21428571428571427,0.11578947368421053,4.180164765230158,28,2,26,0.07142857142857142,0.1368421052631579,4.058140174418512,30,3,27,0.1,0.14210526315789473,1.785914
gaussian,gaussian,250,120,200,0.6,20,block_ar1,0.6,232,25,2,23,17,0,17,0.08,0.12105263157894737,0.0,0.08947368421052632,25,2,23,18,0,18,0.08,0.12105263157894737,0.0,0.09473684210526316,4.114774554437278,26,2,24,0.07692307692307693,0.12631578947368421,4.062824457680085,27,2,25,0.07407407407407407,0.13157894736842105,4.288313088756018,25,1,24,0.04,0.12631578947368421,4.041412553531457,27,2,25,0.07407407407407407,0.13157894736842105,4.342075284126902,18,0,18,0.0,0.09473684210526316,4.038574153501273,19,0,19,0.0,0.1,4.3110331025134645,25,1,24,0.04,0.12631578947368421,4.062824457680085,27,2,25,0.07407407407407407,0.13157894736842105,1.998404
gaussian,gaussian,250,120,200,0.6,20,block_ar1,0.6,233,22,3,19,16,0,16,0.13636363636363635,0.1,0.0,0.08421052631578947,24,4,20,17,0,17,0.16666666666666666,0.10526315789473684,0.0,0.08947368421052632,4.1274164256441,30,5,25,0.16666666666666666,0.13157894736842105,3.99273294190166,33,6,27,0.18181818181818182,0.14210526315789473,4.09938779203415,30,5,25,0.16666666666666666,0.13157894736842105,3.9656189225757634,33,6,27,0.18181818181818182,0.14210526315789473,4.259514767377557,13,1,12,0.07692307692307693,0.06315789473684211,4.0449817794253535,20,3,17,0.15,0.08947368421052632,4.243288426942064,25,2,23,0.08,0.12105263157894737,3.99273294190166,33,6,27,0.18181818181818182,0.14210526315789473,1.88835
gaussian,gaussian,250,120,200,0.6,20,block_ar1,0.6,234,25,1,24,19,0,19,0.04,0.12631578947368421,0.0,0.1,28,3,25,20,0,20,0.10714285714285714,0.13157894736842105,0.0,0.10526315789473684,4.16002120746063,26,1,25,0.038461538461538464,0.13157894736842105,3.9783021598428414,28,2,26,0.07142857142857142,0.1368421052631579,4.1234139428929355,26,1,25,0.038461538461538464,0.13157894736842105,3.9432939826166256,28,2,26,0.07142857142857142,0.1368421052631579,4.34732536732141,20,1,19,0.05,0.1,4.34732536732141,20,1,19,0.05,0.1,4.767372590276165,25,0,25,0.0,0.13157894736842105,3.9783021598428414,28,2,26,0.07142857142857142,0.1368421052631579,2.009484
gaussian,gaussian,250,120,200,0.6,20,block_ar1,0.6,235,24,1,23,18,0,18,0.041666666666666664,0.12105263157894737,0.0,0.09473684210526316,26,2,24,19,0,19,0.07692307692307693,0.12631578947368421,0.0,0.1,4.123233667862058,26,1,25,0.038461538461538464,0.13157894736842105,3.928787490082845,27,2,25,0.07407407407407407,0.13157894736842105,4.117588202739779,26,1,25,0.038461538461538464,0.13157894736842105,4.117588202739779,26,1,25,0.038461538461538464,0.13157894736842105,4.314910316580095,16,0,16,0.0,0.08421052631578947,3.970517344857747,23,3,20,0.13043478260869565,0.10526315789473684,4.123233667862058,26,1,25,0.038461538461538464,0.13157894736842105,3.928787490082845,27,2,25,0.07407407407407407,0.13157894736842105,1.9561
gaussian,gaussian,250,120,200,0.6,20,block_ar1,0.6,236,26,0,26,21,0,21,0.0,0.1368421052631579,0.0,0.11052631578947368,29,0,29,22,0,22,0.0,0.15263157894736842,0.0,0.11578947368421053,4.1847119907033,31,1,30,0.03225806451612903,0.15789473684210525,4.1847119907033,31,1,30,0.03225806451612903,0.15789473684210525,4.207250534966289,30,1,29,0.03333333333333333,0.15263157894736842,4.207250534966289,30,1,29,0.03333333333333333,0.15263157894736842,4.274551483232108,18,0,18,0.0,0.09473684210526316,4.06786203876173,20,0,20,0.0,0.10526315789473684,4.1847119907033,31,1,30,0.03225806451612903,0.15789473684210525,4.1847119907033,31,1,30,0.03225806451612903,0.15789473684210525,1.939002
gaussian,gaussian,250,120,200,0.6,20,block_ar1,0.6,237,20,1,19,17,0,17,0.05,0.1,0.0,0.08947368421052632,21,1,20,17,0,17,0.047619047619047616,0.10526315789473684,0.0,0.08947368421052632,4.207087464293356,23,1,22,0.043478260869565216,0.11578947368421053,3.9262685823394037,27,1,26,0.037037037037037035,0.1368421052631579,4.181030802426224,23,1,22,0.043478260869565216,0.11578947368421053,4.0081585927044,26,1,25,0.038461538461538464,0.13157894736842105,4.285101347012707,15,1,14,0.06666666666666667,0.07368421052631578,4.009701675239099,19,2,17,0.10526315789473684,0.08947368421052632,4.207087464293356,23,1,22,0.043478260869565216,0.11578947368421053,4.03313789520065,26,1,25,0.038461538461538464,0.13157894736842105,1.890419
gaussian,gaussian,250,120,200,0.6,20,block_ar1,0.6,238,24,2,22,19,0,19,0.08333333333333333,0.11578947368421053,0.0,0.1,25,3,22,20,0,20,0.12,0.11578947368421053,0.0,0.10526315789473684,4.121880961048275,26,1,25,0.038461538461538464,0.13157894736842105,3.8968693563881325,31,4,27,0.12903225806451613,0.14210526315789473,4.137621375503769,25,0,25,0.0,0.13157894736842105,3.9464466107919582,30,3,27,0.1,0.14210526315789473,4.20584278196915,18,2,16,0.1111111111111111,0.08421052631578947,4.069146979040236,20,2,18,0.1,0.09473684210526316,4.399282956386099,24,0,24,0.0,0.12631578947368421,3.9783161255240462,30,3,27,0.1,0.14210526315789473,1.990269
gaussian,gaussian,250,120,200,0.6,20,block_ar1,0.6,239,22,1,21,14,0,14,0.045454545454545456,0.11052631578947368,0.0,0.07368421052631578,23,1,22,16,0,16,0.043478260869565216,0.11578947368421053,0.0,0.08421052631578947,4.136366200833392,25,0,25,0.0,0.13157894736842105,4.039215223173878,29,3,26,0.10344827586206896,0.1368421052631579,4.1107194617930745,25,0,25,0.0,0.13157894736842105,4.015678457601568,28,2,26,0.07142857142857142,0.1368421052631579,4.362714564698957,10,0,10,0.0,0.05263157894736842,4.19077538910809,11,1,10,0.09090909090909091,0.05263157894736842,4.2873984876284235,24,0,24,0.0,0.12631578947368421,4.039215223173878,29,3,26,0.10344827586206896,0.1368421052631579,1.958699
gaussian,gaussian,250,120,200,0.6,20,block_ar1,0.6,240,21,1,20,19,0,19,0.047619047619047616,0.10526315789473684,0.0,0.1,24,3,21,19,0,19,0.125,0.11052631578947368,0.0,0.1,4.222562014078113,23,1,22,0.043478260869565216,0.11578947368421053,3.9651307412394354,27,4,23,0.14814814814814814,0.12105263157894737,4.219266331929787,23,1,22,0.043478260869565216,0.11578947368421053,3.9620359825227816,27,4,23,0.14814814814814814,0.12105263157894737,4.3332519534938765,17,1,16,0.058823529411764705,0.08421052631578947,4.054258801333165,22,2,20,0.09090909090909091,0.10526315789473684,4.222562014078113,23,1,22,0.043478260869565216,0.11578947368421053,3.9651307412394354,27,4,23,0.14814814814814814,0.12105263157894737,2.037174
gaussian,gaussian,250,120,200,0.6,20,block_ar1,0.6,241,26,1,25,21,1,20,0.038461538461538464,0.13157894736842105,0.047619047619047616,0.10526315789473684,30,4,26,23,1,22,0.13333333333333333,0.1368421052631579,0.043478260869565216,0.11578947368421053,4.089584781455447,30,2,28,0.06666666666666667,0.14736842105263157,3.929702878072725,33,5,28,0.15151515151515152,0.14736842105263157,4.355680655009425,28,1,27,0.03571428571428571,0.14210526315789473,3.8891814790381622,32,4,28,0.125,0.14736842105263157,4.1439950841378295,26,2,24,0.07692307692307693,0.12631578947368421,4.044035297182459,28,2,26,0.07142857142857142,0.1368421052631579,4.28982098785233,29,2,27,0.06896551724137931,0.14210526315789473,3.929702878072725,33,5,28,0.15151515151515152,0.14736842105263157,1.913794
gaussian,gaussian,250,120,200,0.6,20,block_ar1,0.6,242,21,1,20,17,0,17,0.047619047619047616,0.10526315789473684,0.0,0.08947368421052632,23,1,22,17,0,17,0.043478260869565216,0.11578947368421053,0.0,0.08947368421052632,4.10941065367287,28,1,27,0.03571428571428571,0.14210526315789473,3.9099318363013404,32,1,31,0.03125,0.1631578947368421,4.104916584340552,27,1,26,0.037037037037037035,0.1368421052631579,3.901178895449543,30,1,29,0.03333333333333333,0.15263157894736842,4.276170712249585,17,1,16,0.058823529411764705,0.08421052631578947,4.011205070988064,20,2,18,0.1,0.09473684210526316,4.677942632985243,24,0,24,0.0,0.12631578947368421,3.9427934045800668,31,1,30,0.03225806451612903,0.15789473684210525,1.846023
gaussian,gaussian,250,120,200,0.6,20,block_ar1,0.6,243,23,3,20,20,0,20,0.13043478260869565,0.10526315789473684,0.0,0.10526315789473684,26,4,22,20,0,20,0.15384615384615385,0.11578947368421053,0.0,0.10526315789473684,4.1295910007966485,29,3,26,0.10344827586206896,0.1368421052631579,4.000204061434165,30,4,26,0.13333333333333333,0.1368421052631579,4.111093719222959,29,3,26,0.10344827586206896,0.1368421052631579,3.982286330389543,30,4,26,0.13333333333333333,0.1368421052631579,4.258837317541205,21,3,18,0.14285714285714285,0.09473684210526316,4.119999212410833,22,4,18,0.18181818181818182,0.09473684210526316,4.1295910007966485,29,3,26,0.10344827586206896,0.1368421052631579,4.000204061434165,30,4,26,0.13333333333333333,0.1368421052631579,1.910385
gaussian,gaussian,250,120,200,0.6,20,block_ar1,0.6,244,19,1,18,18,0,18,0.05263157894736842,0.09473684210526316,0.0,0.09473684210526316,23,2,21,18,0,18,0.08695652173913043,0.11052631578947368,0.0,0.09473684210526316,4.329257144085075,24,1,23,0.041666666666666664,0.12105263157894737,3.9249688574569603,27,2,25,0.07407407407407407,0.13157894736842105,4.297584668703769,24,1,23,0.041666666666666664,0.12105263157894737,3.99098045389158,26,2,24,0.07692307692307693,0.12631578947368421,4.272070770564321,16,0,16,0.0,0.08421052631578947,4.023847024858945,19,1,18,0.05263157894736842,0.09473684210526316,4.329257144085075,24,1,23,0.041666666666666664,0.12105263157894737,4.020393307835717,26,2,24,0.07692307692307693,0.12631578947368421,1.998598
gaussian,gaussian,250,120,200,0.6,20,block_ar1,0.6,245,26,1,25,16,0,16,0.038461538461538464,0.13157894736842105,0.0,0.08421052631578947,29,3,26,19,0,19,0.10344827586206896,0.1368421052631579,0.0,0.1,4.16855472546792,28,1,27,0.03571428571428571,0.14210526315789473,3.9921438915517338,30,3,27,0.1,0.14210526315789473,4.125437165829557,28,1,27,0.03571428571428571,0.14210526315789473,3.950851042191435,30,3,27,0.1,0.14210526315789473,4.184625255810677,19,1,18,0.05263157894736842,0.09473684210526316,3.9677167247890366,24,3,21,0.125,0.11052631578947368,4.2866595573821735,27,1,26,0.037037037037037035,0.1368421052631579,3.9921438915517338,30,3,27,0.1,0.14210526315789473,1.890282
gaussian,gaussian,250,120,200,0.6,20,block_ar1,0.6,246,29,3,26,19,0,19,0.10344827586206896,0.1368421052631579,0.0,0.1,31,4,27,20,0,20,0.12903225806451613,0.14210526315789473,0.0,0.10526315789473684,4.091383856005846,35,4,31,0.11428571428571428,0.1631578947368421,3.8616315798771033,39,6,33,0.15384615384615385,0.1736842105263158,4.0528883858634295,35,4,31,0.11428571428571428,0.1631578947368421,3.8870331804820473,38,5,33,0.13157894736842105,0.1736842105263158,4.326441542519575,17,1,16,0.058823529411764705,0.08421052631578947,4.326441542519575,17,1,16,0.058823529411764705,0.08421052631578947,4.091383856005846,35,4,31,0.11428571428571428,0.1631578947368421,3.9239533113851714,38,5,33,0.13157894736842105,0.1736842105263158,2.002769
gaussian,gaussian,250,120,200,0.6,20,block_ar1,0.6,247,21,2,19,19,0,19,0.09523809523809523,0.1,0.0,0.1,22,2,20,19,0,19,0.09090909090909091,0.10526315789473684,0.0,0.1,4.1138265778685055,26,2,24,0.07692307692307693,0.12631578947368421,3.8935481439918984,31,4,27,0.12903225806451613,0.14210526315789473,4.164801513957847,25,1,24,0.04,0.12631578947368421,3.926146329541875,28,3,25,0.10714285714285714,0.13157894736842105,4.224561940279132,20,2,18,0.1,0.09473684210526316,4.040737729274505,21,3,18,0.14285714285714285,0.09473684210526316,4.196869056221979,25,1,24,0.04,0.12631578947368421,4.021396672326574,27,2,25,0.07407407407407407,0.13157894736842105,1.789541
gaussian,gaussian,250,120,200,0.6,20,block_ar1,0.6,248,21,0,21,19,0,19,0.0,0.11052631578947368,0.0,0.1,25,0,25,19,0,19,0.0,0.13157894736842105,0.0,0.1,4.140910938126492,27,0,27,0.0,0.14210526315789473,4.140910938126492,27,0,27,0.0,0.14210526315789473,4.121541939355509,27,0,27,0.0,0.14210526315789473,4.121541939355509,27,0,27,0.0,0.14210526315789473,4.1923739635123445,19,0,19,0.0,0.1,4.00656176076776,20,0,20,0.0,0.10526315789473684,4.368401923888258,26,0,26,0.0,0.1368421052631579,4.140910938126492,27,0,27,0.0,0.14210526315789473,1.871911
gaussian,gaussian,250,120,200,0.6,20,block_ar1,0.6,249,22,1,21,17,0,17,0.045454545454545456,0.11052631578947368,0.0,0.08947368421052632,24,3,21,17,0,17,0.125,0.11052631578947368,0.0,0.08947368421052632,4.287138552816457,26,2,24,0.07692307692307693,0.12631578947368421,3.9680470756371276,29,4,25,0.13793103448275862,0.13157894736842105,4.2599651451488425,26,2,24,0.07692307692307693,0.12631578947368421,3.9428961831473717,29,4,25,0.13793103448275862,0.13157894736842105,4.3103505317173045,18,1,17,0.05555555555555555,0.08947368421052632,4.042353053555388,19,1,18,0.05263157894736842,0.09473684210526316,4.287138552816457,26,2,24,0.07692307692307693,0.12631578947368421,3.9680470756371276,29,4,25,0.13793103448275862,0.13157894736842105,1.928493
gaussian,gaussian,250,120,200,0.6,20,block_ar1,0.6,250,24,0,24,19,0,19,0.0,0.12631578947368421,0.0,0.1,25,1,24,22,0,22,0.04,0.12631578947368421,0.0,0.11578947368421053,4.096243529424471,27,0,27,0.0,0.14210526315789473,3.9478779222559175,28,1,27,0.03571428571428571,0.14210526315789473,4.338457424270219,26,0,26,0.0,0.1368421052631579,3.9330895240857506,28,1,27,0.03571428571428571,0.14210526315789473,4.461768344990011,14,0,14,0.0,0.07368421052631578,4.035812993533774,19,0,19,0.0,0.1,4.354770003844502,26,0,26,0.0,0.1368421052631579,3.8992162213798545,29,2,27,0.06896551724137931,0.14210526315789473,2.009889
gaussian,gaussian,250,120,200,0.6,20,block_ar1,0.6,251,23,0,23,19,0,19,0.0,0.12105263157894737,0.0,0.1,25,1,24,19,0,19,0.04,0.12631578947368421,0.0,0.1,4.175146021996856,27,0,27,0.0,0.14210526315789473,3.923600320369354,29,2,27,0.06896551724137931,0.14210526315789473,4.136470118264933,27,0,27,0.0,0.14210526315789473,3.9616994945342876,28,1,27,0.03571428571428571,0.14210526315789473,4.316323008461502,19,0,19,0.0,0.1,4.124970409440636,21,0,21,0.0,0.11052631578947368,4.365871170540314,26,0,26,0.0,0.1368421052631579,3.998741296816105,28,1,27,0.03571428571428571,0.14210526315789473,1.906867
gaussian,gaussian,250,120,200,0.6,20,block_ar1,0.6,252,24,2,22,22,0,22,0.08333333333333333,0.11578947368421053,0.0,0.11578947368421053,29,5,24,22,0,22,0.1724137931034483,0.12631578947368421,0.0,0.11578947368421053,4.090720155492736,27,2,25,0.07407407407407407,0.13157894736842105,3.923337930700357,30,4,26,0.13333333333333333,0.1368421052631579,4.239238032853244,25,1,24,0.04,0.12631578947368421,4.0228864748112505,28,2,26,0.07142857142857142,0.1368421052631579,4.24703198877356,21,0,21,0.0,0.11052631578947368,3.99400080509071,24,2,22,0.08333333333333333,0.11578947368421053,4.268370827220746,25,1,24,0.04,0.12631578947368421,3.923337930700357,30,4,26,0.13333333333333333,0.1368421052631579,1.959374
gaussian,gaussian,250,120,200,0.6,20,block_ar1,0.6,253,31,2,29,22,0,22,0.06451612903225806,0.15263157894736842,0.0,0.11578947368421053,38,5,33,24,0,24,0.13157894736842105,0.1736842105263158,0.0,0.12631578947368421,4.064290299667352,35,2,33,0.05714285714285714,0.1736842105263158,3.8296437624315973,41,6,35,0.14634146341463414,0.18421052631578946,4.035679106775541,35,2,33,0.05714285714285714,0.1736842105263158,3.8442813449305384,39,4,35,0.10256410256410256,0.18421052631578946,4.121332403514123,25,0,25,0.0,0.13157894736842105,3.994471282231564,28,0,28,0.0,0.14736842105263157,4.213962917233024,33,0,33,0.0,0.1736842105263158,3.8715356117292874,39,4,35,0.10256410256410256,0.18421052631578946,1.901732
gaussian,gaussian,250,120,200,0.6,20,block_ar1,0.6,254,21,2,19,16,0,16,0.09523809523809523,0.1,0.0,0.08421052631578947,22,3,19,18,0,18,0.13636363636363635,0.1,0.0,0.09473684210526316,4.186096314874528,22,2,20,0.09090909090909091,0.10526315789473684,4.045549598464757,23,3,20,0.13043478260869565,0.10526315789473684,4.162254362066207,22,2,20,0.09090909090909091,0.10526315789473684,4.0225081308646,23,3,20,0.13043478260869565,0.10526315789473684,4.199569864496478,17,2,15,0.11764705882352941,0.07894736842105263,4.0901800447159475,19,2,17,0.10526315789473684,0.08947368421052632,4.359286968177734,20,1,19,0.05,0.1,4.045549598464757,23,3,20,0.13043478260869565,0.10526315789473684,1.853756
gaussian,gaussian,250,120,200,0.6,20,block_ar1,0.6,255,23,2,21,19,0,19,0.08695652173913043,0.11052631578947368,0.0,0.1,28,7,21,19,0,19,0.25,0.11052631578947368,0.0,0.1,4.1867225698595165,23,0,23,0.0,0.12105263157894737,3.956875762136083,30,6,24,0.2,0.12631578947368421,4.173816727109964,23,0,23,0.0,0.12105263157894737,3.944678437017557,30,6,24,0.2,0.12631578947368421,4.209087737505601,17,2,15,0.11764705882352941,0.07894736842105263,4.074174289778533,20,3,17,0.15,0.08947368421052632,4.1867225698595165,23,0,23,0.0,0.12105263157894737,3.956875762136083,30,6,24,0.2,0.12631578947368421,2.126726
gaussian,gaussian,250,120,200,0.6,20,block_ar1,0.6,256,22,0,22,18,0,18,0.0,0.11578947368421053,0.0,0.09473684210526316,23,1,22,21,0,21,0.043478260869565216,0.11578947368421053,0.0,0.11052631578947368,4.757730325696591,23,0,23,0.0,0.12105263157894737,3.9643498666324755,26,1,25,0.038461538461538464,0.13157894736842105,4.737149674688266,23,0,23,0.0,0.12105263157894737,3.947201164311245,26,1,25,0.038461538461538464,0.13157894736842105,4.220865327917981,18,1,17,0.05555555555555555,0.08947368421052632,4.120544812842116,20,3,17,0.15,0.08947368421052632,4.757730325696591,23,0,23,0.0,0.12105263157894737,4.102323952371226,24,0,24,0.0,0.12631578947368421,1.905439
gaussian,gaussian,250,120,200,0.6,20,block_ar1,0.6,257,26,1,25,20,0,20,0.038461538461538464,0.13157894736842105,0.0,0.10526315789473684,30,2,28,21,0,21,0.06666666666666667,0.14736842105263157,0.0,0.11052631578947368,4.134178385633256,33,2,31,0.06060606060606061,0.1631578947368421,3.873002556983094,37,4,33,0.10810810810810811,0.1736842105263158,4.104289575099947,33,2,31,0.06060606060606061,0.1631578947368421,3.9177279929638202,36,3,33,0.08333333333333333,0.1736842105263158,4.210821997538376,19,1,18,0.05263157894736842,0.09473684210526316,3.9757784959379734,26,2,24,0.07692307692307693,0.12631578947368421,4.134178385633256,33,2,31,0.06060606060606061,0.1631578947368421,3.946258199607411,36,3,33,0.08333333333333333,0.1736842105263158,1.849454
gaussian,gaussian,250,120,200,0.6,20,block_ar1,0.6,258,24,1,23,16,0,16,0.041666666666666664,0.12105263157894737,0.0,0.08421052631578947,30,6,24,20,0,20,0.2,0.12631578947368421,0.0,0.10526315789473684,4.219858207218873,27,2,25,0.07407407407407407,0.13157894736842105,3.904536984969273,31,6,25,0.1935483870967742,0.13157894736842105,4.184605674773598,26,1,25,0.038461538461538464,0.13157894736842105,3.9112654762258114,29,4,25,0.13793103448275862,0.13157894736842105,4.2414493403344435,18,2,16,0.1111111111111111,0.08421052631578947,4.108649598526885,20,2,18,0.1,0.09473684210526316,4.219858207218873,27,2,25,0.07407407407407407,0.13157894736842105,3.944215298459705,30,5,25,0.16666666666666666,0.13157894736842105,1.883265
gaussian,gaussian,250,120,200,0.6,20,block_ar1,0.6,259,23,0,23,21,0,21,0.0,0.12105263157894737,0.0,0.11052631578947368,24,1,23,21,0,21,0.041666666666666664,0.12105263157894737,0.0,0.11052631578947368,4.251057376429454,26,1,25,0.038461538461538464,0.13157894736842105,3.946209395632659,27,2,25,0.07407407407407407,0.13157894736842105,4.205409992351905,26,1,25,0.038461538461538464,0.13157894736842105,4.205409992351905,26,1,25,0.038461538461538464,0.13157894736842105,4.303839269371872,20,0,20,0.0,0.10526315789473684,4.095000107717263,21,0,21,0.0,0.11052631578947368,4.251057376429454,26,1,25,0.038461538461538464,0.13157894736842105,4.251057376429454,26,1,25,0.038461538461538464,0.13157894736842105,1.897013
gaussian,gaussian,250,120,200,0.6,20,block_ar1,0.6,260,22,1,21,17,0,17,0.045454545454545456,0.11052631578947368,0.0,0.08947368421052632,23,2,21,18,0,18,0.08695652173913043,0.11052631578947368,0.0,0.09473684210526316,4.159192246289733,24,1,23,0.041666666666666664,0.12105263157894737,4.037031450851698,26,2,24,0.07692307692307693,0.12631578947368421,4.326462340805172,23,0,23,0.0,0.12105263157894737,3.9940082161087527,26,2,24,0.07692307692307693,0.12631578947368421,4.214024472992273,17,0,17,0.0,0.08947368421052632,4.033910394496846,22,1,21,0.045454545454545456,0.11052631578947368,4.3730667529203595,23,0,23,0.0,0.12105263157894737,4.037031450851698,26,2,24,0.07692307692307693,0.12631578947368421,2.119301
gaussian,gaussian,250,120,200,0.6,20,block_ar1,0.6,261,29,1,28,24,1,23,0.034482758620689655,0.14736842105263157,0.041666666666666664,0.12105263157894737,32,3,29,24,1,23,0.09375,0.15263157894736842,0.041666666666666664,0.12105263157894737,4.076047243258148,34,1,33,0.029411764705882353,0.1736842105263158,3.856787375993325,39,3,36,0.07692307692307693,0.18947368421052632,4.039649568453338,34,1,33,0.029411764705882353,0.1736842105263158,3.896976445592789,38,3,35,0.07894736842105263,0.18421052631578946,4.097459792874956,27,3,24,0.1111111111111111,0.12631578947368421,3.8928977814727403,33,7,26,0.21212121212121213,0.1368421052631579,4.199549906060302,30,1,29,0.03333333333333333,0.15263157894736842,3.9320886202963483,38,3,35,0.07894736842105263,0.18421052631578946,1.86927
gaussian,gaussian,250,120,200,0.6,20,block_ar1,0.6,262,24,0,24,20,0,20,0.0,0.12631578947368421,0.0,0.10526315789473684,27,3,24,21,0,21,0.1111111111111111,0.12631578947368421,0.0,0.11052631578947368,4.240288899339934,26,0,26,0.0,0.1368421052631579,3.9601000996343356,29,3,26,0.10344827586206896,0.1368421052631579,4.205617682206774,26,0,26,0.0,0.1368421052631579,3.927719878927005,29,3,26,0.10344827586206896,0.1368421052631579,4.307579227790954,16,0,16,0.0,0.08421052631578947,4.030473317454093,20,1,19,0.05,0.1,4.240288899339934,26,0,26,0.0,0.1368421052631579,3.9601000996343356,29,3,26,0.10344827586206896,0.1368421052631579,1.887759
gaussian,gaussian,250,120,200,0.6,20,block_ar1,0.6,263,21,2,19,14,0,14,0.09523809523809523,0.1,0.0,0.07368421052631578,28,3,25,14,0,14,0.10714285714285714,0.13157894736842105,0.0,0.07368421052631578,4.095141000884685,29,2,27,0.06896551724137931,0.14210526315789473,3.9548151811117926,31,3,28,0.0967741935483871,0.14736842105263157,4.0862375592769835,29,2,27,0.06896551724137931,0.14210526315789473,3.94621682856992,31,3,28,0.0967741935483871,0.14736842105263157,4.348652687975906,15,2,13,0.13333333333333333,0.06842105263157895,4.142685419541124,16,3,13,0.1875,0.06842105263157895,4.16970906292502,28,2,26,0.07142857142857142,0.1368421052631579,3.9548151811117926,31,3,28,0.0967741935483871,0.14736842105263157,1.914523
gaussian,gaussian,250,120,200,0.6,20,block_ar1,0.6,264,29,4,25,20,0,20,0.13793103448275862,0.13157894736842105,0.0,0.10526315789473684,31,6,25,21,0,21,0.1935483870967742,0.13157894736842105,0.0,0.11052631578947368,4.097193167938289,31,3,28,0.0967741935483871,0.14736842105263157,3.9114824427384978,34,6,28,0.17647058823529413,0.14736842105263157,4.071490793797985,31,3,28,0.0967741935483871,0.14736842105263157,3.8869450628626336,34,6,28,0.17647058823529413,0.14736842105263157,4.1795611663756915,22,1,21,0.045454545454545456,0.11052631578947368,3.908986625798275,29,4,25,0.13793103448275862,0.13157894736842105,4.163903254470481,30,3,27,0.1,0.14210526315789473,3.9114824427384978,34,6,28,0.17647058823529413,0.14736842105263157,1.944134
gaussian,gaussian,250,120,200,0.6,20,block_ar1,0.6,265,20,0,20,17,0,17,0.0,0.10526315789473684,0.0,0.08947368421052632,25,1,24,20,0,20,0.04,0.12631578947368421,0.0,0.10526315789473684,4.112563538977064,28,1,27,0.03571428571428571,0.14210526315789473,3.960148135097436,30,2,28,0.06666666666666667,0.14736842105263157,4.090345728952254,28,1,27,0.03571428571428571,0.14210526315789473,3.9387537376366293,30,2,28,0.06666666666666667,0.14736842105263157,4.266167726605662,16,2,14,0.125,0.07368421052631578,4.134084612032053,17,3,14,0.17647058823529413,0.07368421052631578,4.112563538977064,28,1,27,0.03571428571428571,0.14210526315789473,3.960148135097436,30,2,28,0.06666666666666667,0.14736842105263157,1.863463
gaussian,gaussian,250,120,200,0.6,20,block_ar1,0.6,266,26,1,25,22,1,21,0.038461538461538464,0.13157894736842105,0.045454545454545456,0.11052631578947368,32,5,27,23,1,22,0.15625,0.14210526315789473,0.043478260869565216,0.11578947368421053,4.131850842687686,28,2,26,0.07142857142857142,0.1368421052631579,3.8875001327026197,36,7,29,0.19444444444444445,0.15263157894736842,4.11145106426251,28,2,26,0.07142857142857142,0.1368421052631579,3.8683067628656316,36,7,29,0.19444444444444445,0.15263157894736842,4.238703841251294,19,1,18,0.05263157894736842,0.09473684210526316,3.973499572086538,27,2,25,0.07407407407407407,0.13157894736842105,4.510665093905654,27,1,26,0.037037037037037035,0.1368421052631579,3.8995587258388813,35,7,28,0.2,0.14736842105263157,2.093542
gaussian,gaussian,250,120,200,0.6,20,block_ar1,0.6,267,24,1,23,20,0,20,0.041666666666666664,0.12105263157894737,0.0,0.10526315789473684,31,6,25,22,0,22,0.1935483870967742,0.13157894736842105,0.0,0.11578947368421053,4.207024271901646,26,1,25,0.038461538461538464,0.13157894736842105,3.906836107783622,32,6,26,0.1875,0.1368421052631579,4.186113376381036,26,1,25,0.038461538461538464,0.13157894736842105,3.8874172890685403,32,6,26,0.1875,0.1368421052631579,4.202869139198576,23,1,22,0.043478260869565216,0.11578947368421053,3.925354885333131,28,6,22,0.21428571428571427,0.11578947368421053,4.207024271901646,26,1,25,0.038461538461538464,0.13157894736842105,3.9186192680571073,31,5,26,0.16129032258064516,0.1368421052631579,1.914502
gaussian,gaussian,250,120,200,0.6,20,block_ar1,0.6,268,27,3,24,19,0,19,0.1111111111111111,0.12631578947368421,0.0,0.1,30,5,25,19,0,19,0.16666666666666666,0.13157894736842105,0.0,0.1,4.100867364139943,31,3,28,0.0967741935483871,0.14736842105263157,3.8536670197459073,37,7,30,0.1891891891891892,0.15789473684210525,4.097549135521822,30,2,28,0.06666666666666667,0.14736842105263157,3.8505488139971797,37,7,30,0.1891891891891892,0.15789473684210525,4.327895474747438,18,0,18,0.0,0.09473684210526316,3.9581064354608833,24,1,23,0.041666666666666664,0.12105263157894737,4.100867364139943,31,3,28,0.0967741935483871,0.14736842105263157,3.9084072757963204,36,6,30,0.16666666666666666,0.15789473684210525,1.843498
gaussian,gaussian,250,120,200,0.6,20,block_ar1,0.6,269,18,0,18,16,0,16,0.0,0.09473684210526316,0.0,0.08421052631578947,20,0,20,17,0,17,0.0,0.10526315789473684,0.0,0.08947368421052632,4.245566428847102,22,1,21,0.045454545454545456,0.11052631578947368,4.245566428847102,22,1,21,0.045454545454545456,0.11052631578947368,4.2340811228702355,22,1,21,0.045454545454545456,0.11052631578947368,4.2340811228702355,22,1,21,0.045454545454545456,0.11052631578947368,4.6128001762141375,12,0,12,0.0,0.06315789473684211,4.04915618970571,16,0,16,0.0,0.08421052631578947,4.245566428847102,22,1,21,0.045454545454545456,0.11052631578947368,4.245566428847102,22,1,21,0.045454545454545456,0.11052631578947368,2.472315
gaussian,gaussian,250,120,200,0.6,20,block_ar1,0.6,270,26,2,24,18,0,18,0.07692307692307693,0.12631578947368421,0.0,0.09473684210526316,26,2,24,20,0,20,0.07692307692307693,0.12631578947368421,0.0,0.10526315789473684,4.065625799807975,30,3,27,0.1,0.14210526315789473,3.961842504057914,31,3,28,0.0967741935483871,0.14736842105263157,4.072935656998083,29,2,27,0.06896551724137931,0.14210526315789473,3.919855248710902,31,3,28,0.0967741935483871,0.14736842105263157,4.273203227386562,15,0,15,0.0,0.07894736842105263,4.074788627546373,21,2,19,0.09523809523809523,0.1,4.146964867982231,28,2,26,0.07142857142857142,0.1368421052631579,3.961842504057914,31,3,28,0.0967741935483871,0.14736842105263157,2.366332
gaussian,gaussian,250,120,200,0.6,20,block_ar1,0.6,271,23,2,21,19,0,19,0.08695652173913043,0.11052631578947368,0.0,0.1,24,2,22,21,1,20,0.08333333333333333,0.11578947368421053,0.047619047619047616,0.10526315789473684,4.206705509285887,24,2,22,0.08333333333333333,0.11578947368421053,4.206705509285887,24,2,22,0.08333333333333333,0.11578947368421053,4.1807881308281845,24,2,22,0.08333333333333333,0.11578947368421053,4.1807881308281845,24,2,22,0.08333333333333333,0.11578947368421053,4.223348551697395,17,1,16,0.058823529411764705,0.08421052631578947,4.038913206441374,20,2,18,0.1,0.09473684210526316,4.206705509285887,24,2,22,0.08333333333333333,0.11578947368421053,4.206705509285887,24,2,22,0.08333333333333333,0.11578947368421053,1.953138
gaussian,gaussian,250,120,200,0.6,20,block_ar1,0.6,272,19,0,19,18,0,18,0.0,0.1,0.0,0.09473684210526316,24,1,23,18,0,18,0.041666666666666664,0.12105263157894737,0.0,0.09473684210526316,4.227974438912847,25,0,25,0.0,0.13157894736842105,4.096008575716294,26,1,25,0.038461538461538464,0.13157894736842105,4.172409327155979,25,0,25,0.0,0.13157894736842105,4.042177792783441,26,1,25,0.038461538461538464,0.13157894736842105,4.189419228355085,19,2,17,0.10526315789473684,0.08947368421052632,4.030390800992347,21,2,19,0.09523809523809523,0.1,4.227974438912847,25,0,25,0.0,0.13157894736842105,4.096008575716294,26,1,25,0.038461538461538464,0.13157894736842105,2.016052
gaussian,gaussian,250,120,200,0.6,20,block_ar1,0.6,273,24,0,24,21,0,21,0.0,0.12631578947368421,0.0,0.11052631578947368,27,2,25,23,0,23,0.07407407407407407,0.13157894736842105,0.0,0.12105263157894737,4.579247938870096,26,0,26,0.0,0.1368421052631579,3.9688969380610657,32,2,30,0.0625,0.15789473684210525,4.552245055213491,26,0,26,0.0,0.1368421052631579,3.945493168775324,32,2,30,0.0625,0.15789473684210525,4.187543037387022,24,0,24,0.0,0.12631578947368421,4.187543037387022,24,0,24,0.0,0.12631578947368421,4.579247938870096,26,0,26,0.0,0.1368421052631579,3.9688969380610657,32,2,30,0.0625,0.15789473684210525,1.826296
gaussian,gaussian,250,120,200,0.6,20,block_ar1,0.6,274,21,0,21,19,0,19,0.0,0.11052631578947368,0.0,0.1,26,3,23,20,0,20,0.11538461538461539,0.12105263157894737,0.0,0.10526315789473684,4.130752368003325,29,0,29,0.0,0.15263157894736842,3.9604453624099283,32,3,29,0.09375,0.15263157894736842,4.084338623995828,29,0,29,0.0,0.15263157894736842,3.915945213083518,32,3,29,0.09375,0.15263157894736842,4.289096782570462,19,1,18,0.05263157894736842,0.09473684210526316,4.057380926534393,21,2,19,0.09523809523809523,0.1,4.130752368003325,29,0,29,0.0,0.15263157894736842,3.9604453624099283,32,3,29,0.09375,0.15263157894736842,1.833521
gaussian,gaussian,250,120,200,0.6,20,block_ar1,0.6,275,23,3,20,18,0,18,0.13043478260869565,0.10526315789473684,0.0,0.09473684210526316,26,5,21,20,0,20,0.19230769230769232,0.11052631578947368,0.0,0.10526315789473684,4.0908545848703834,28,4,24,0.14285714285714285,0.12631578947368421,4.041044752699135,29,5,24,0.1724137931034483,0.12631578947368421,4.165056971530201,27,3,24,0.1111111111111111,0.12631578947368421,4.009410822957698,29,5,24,0.1724137931034483,0.12631578947368421,4.256904639604263,16,1,15,0.0625,0.07894736842105263,3.9956108079036596,21,4,17,0.19047619047619047,0.08947368421052632,4.19791893689729,27,3,24,0.1111111111111111,0.12631578947368421,4.041044752699135,29,5,24,0.1724137931034483,0.12631578947368421,2.032599
gaussian,gaussian,250,120,200,0.6,20,block_ar1,0.6,276,26,2,24,19,0,19,0.07692307692307693,0.12631578947368421,0.0,0.1,27,3,24,20,0,20,0.1111111111111111,0.12631578947368421,0.0,0.10526315789473684,4.2920224698358735,28,3,25,0.10714285714285714,0.13157894736842105,4.001085667184738,31,4,27,0.12903225806451613,0.14210526315789473,4.265685367114451,28,3,25,0.10714285714285714,0.13157894736842105,3.976533837609185,31,4,27,0.12903225806451613,0.14210526315789473,4.131488338267127,23,3,20,0.13043478260869565,0.10526315789473684,4.071869597346877,25,5,20,0.2,0.10526315789473684,4.2920224698358735,28,3,25,0.10714285714285714,0.13157894736842105,4.001085667184738,31,4,27,0.12903225806451613,0.14210526315789473,2.048617
gaussian,gaussian,250,120,200,0.6,20,block_ar1,0.6,277,23,2,21,18,0,18,0.08695652173913043,0.11052631578947368,0.0,0.09473684210526316,30,6,24,19,0,19,0.2,0.12631578947368421,0.0,0.1,4.131086221797285,29,4,25,0.13793103448275862,0.13157894736842105,3.899884668422794,32,7,25,0.21875,0.13157894736842105,4.150813062368155,28,3,25,0.10714285714285714,0.13157894736842105,3.9513747366584746,30,5,25,0.16666666666666666,0.13157894736842105,4.1674254628863645,20,2,18,0.1,0.09473684210526316,4.00362856299934,23,3,20,0.13043478260869565,0.10526315789473684,4.196110078055203,28,3,25,0.10714285714285714,0.13157894736842105,3.994495320684417,31,6,25,0.1935483870967742,0.13157894736842105,2.010853
gaussian,gaussian,250,120,200,0.6,20,block_ar1,0.6,278,24,1,23,20,0,20,0.041666666666666664,0.12105263157894737,0.0,0.10526315789473684,25,1,24,20,0,20,0.04,0.12631578947368421,0.0,0.10526315789473684,4.135755338400449,25,1,24,0.04,0.12631578947368421,3.942483252393869,28,1,27,0.03571428571428571,0.14210526315789473,4.113868677664694,25,1,24,0.04,0.12631578947368421,3.9216193989157984,28,1,27,0.03571428571428571,0.14210526315789473,4.382065824551442,18,0,18,0.0,0.09473684210526316,4.030477457673071,20,1,19,0.05,0.1,4.615144818223239,24,0,24,0.0,0.12631578947368421,3.942483252393869,28,1,27,0.03571428571428571,0.14210526315789473,1.795457
gaussian,gaussian,250,120,200,0.6,20,block_ar1,0.6,279,20,1,19,18,0,18,0.05,0.1,0.0,0.09473684210526316,24,2,22,19,0,19,0.08333333333333333,0.11578947368421053,0.0,0.1,4.234086202405537,23,1,22,0.043478260869565216,0.11578947368421053,3.900738239763746,30,3,27,0.1,0.14210526315789473,4.2172169933199966,23,1,22,0.043478260869565216,0.11578947368421053,3.9103728138836624,29,3,26,0.10344827586206896,0.1368421052631579,4.163928277149062,21,1,20,0.047619047619047616,0.10526315789473684,3.955650321261463,24,4,20,0.16666666666666666,0.10526315789473684,4.234086202405537,23,1,22,0.043478260869565216,0.11578947368421053,3.959920224635076,28,2,26,0.07142857142857142,0.1368421052631579,1.858502
gaussian,gaussian,250,120,200,0.6,20,block_ar1,0.6,280,20,0,20,19,0,19,0.0,0.10526315789473684,0.0,0.1,23,1,22,19,0,19,0.043478260869565216,0.11578947368421053,0.0,0.1,4.17361295220849,23,0,23,0.0,0.12105263157894737,3.9653196303015354,25,1,24,0.04,0.12631578947368421,4.1485335786205315,23,0,23,0.0,0.12105263157894737,4.018552226552632,24,0,24,0.0,0.12631578947368421,4.255399582319796,19,0,19,0.0,0.1,3.9995108878443113,21,1,20,0.047619047619047616,0.10526315789473684,4.411892981321527,22,0,22,0.0,0.11578947368421053,3.9653196303015354,25,1,24,0.04,0.12631578947368421,2.085872
gaussian,gaussian,250,120,200,0.6,20,block_ar1,0.6,281,21,1,20,19,0,19,0.047619047619047616,0.10526315789473684,0.0,0.1,21,1,20,19,0,19,0.047619047619047616,0.10526315789473684,0.0,0.1,4.161708538266308,24,1,23,0.041666666666666664,0.12105263157894737,3.9235202557075635,28,2,26,0.07142857142857142,0.1368421052631579,4.127209149477359,24,1,23,0.041666666666666664,0.12105263157894737,3.9663817706119917,27,2,25,0.07407407407407407,0.13157894736842105,4.284137283501358,19,1,18,0.05263157894736842,0.09473684210526316,4.021897102837695,21,2,19,0.09523809523809523,0.1,4.367304563742479,22,0,22,0.0,0.11578947368421053,3.9995368014897146,27,2,25,0.07407407407407407,0.13157894736842105,2.022456
gaussian,gaussian,250,120,200,0.6,20,block_ar1,0.6,282,24,1,23,18,0,18,0.041666666666666664,0.12105263157894737,0.0,0.09473684210526316,25,2,23,19,0,19,0.08,0.12105263157894737,0.0,0.1,4.1190964672990455,26,1,25,0.038461538461538464,0.13157894736842105,4.00796334631358,27,2,25,0.07407407407407407,0.13157894736842105,4.103790312467119,26,1,25,0.038461538461538464,0.13157894736842105,3.993070151161103,27,2,25,0.07407407407407407,0.13157894736842105,4.21615013956492,17,0,17,0.0,0.08947368421052632,4.095906069839125,18,1,17,0.05555555555555555,0.08947368421052632,4.367828560802699,25,1,24,0.04,0.12631578947368421,4.00796334631358,27,2,25,0.07407407407407407,0.13157894736842105,1.857806
gaussian,gaussian,250,120,200,0.6,20,block_ar1,0.6,283,26,0,26,21,0,21,0.0,0.1368421052631579,0.0,0.11052631578947368,31,3,28,22,0,22,0.0967741935483871,0.14736842105263157,0.0,0.11578947368421053,4.116994833371923,29,1,28,0.034482758620689655,0.14736842105263157,3.9287321360071674,32,3,29,0.09375,0.15263157894736842,4.0818123236137005,29,1,28,0.034482758620689655,0.14736842105263157,3.895158458529582,32,3,29,0.09375,0.15263157894736842,4.231108222629444,23,1,22,0.043478260869565216,0.11578947368421053,3.946732099251215,26,2,24,0.07692307692307693,0.12631578947368421,4.302060460426336,28,1,27,0.03571428571428571,0.14210526315789473,3.9287321360071674,32,3,29,0.09375,0.15263157894736842,2.103648
gaussian,gaussian,250,120,200,0.6,20,block_ar1,0.6,284,24,0,24,22,0,22,0.0,0.12631578947368421,0.0,0.11578947368421053,29,1,28,24,0,24,0.034482758620689655,0.14736842105263157,0.0,0.12631578947368421,4.079056716149076,30,0,30,0.0,0.15789473684210525,3.9328577790147086,31,1,30,0.03225806451612903,0.15789473684210525,4.071797338571594,30,0,30,0.0,0.15789473684210525,3.925858587396859,31,1,30,0.03225806451612903,0.15789473684210525,4.19105061421572,22,1,21,0.045454545454545456,0.11052631578947368,4.015962187920169,24,2,22,0.08333333333333333,0.11578947368421053,4.354518839896859,28,0,28,0.0,0.14736842105263157,3.9328577790147086,31,1,30,0.03225806451612903,0.15789473684210525,1.865522
gaussian,gaussian,250,120,200,0.6,20,block_ar1,0.6,285,22,2,20,14,0,14,0.09090909090909091,0.10526315789473684,0.0,0.07368421052631578,24,2,22,15,0,15,0.08333333333333333,0.11578947368421053,0.0,0.07894736842105263,4.115446495034812,26,2,24,0.07692307692307693,0.12631578947368421,3.9575220319392828,29,3,26,0.10344827586206896,0.1368421052631579,4.106710679054658,26,2,24,0.07692307692307693,0.12631578947368421,3.9491214405939363,29,3,26,0.10344827586206896,0.1368421052631579,4.307570016923454,13,0,13,0.0,0.06842105263157895,4.046529842164255,17,3,14,0.17647058823529413,0.07368421052631578,4.464843902798395,23,0,23,0.0,0.12105263157894737,4.002663155716451,28,2,26,0.07142857142857142,0.1368421052631579,1.985482
gaussian,gaussian,250,120,200,0.6,20,block_ar1,0.6,286,18,1,17,16,0,16,0.05555555555555555,0.08947368421052632,0.0,0.08421052631578947,26,4,22,16,0,16,0.15384615384615385,0.11578947368421053,0.0,0.08421052631578947,4.071285599101448,31,3,28,0.0967741935483871,0.14736842105263157,3.892582816497992,33,4,29,0.12121212121212122,0.15263157894736842,4.102695065414872,30,2,28,0.06666666666666667,0.14736842105263157,3.9310538383722657,32,4,28,0.125,0.14736842105263157,4.249080956809067,16,1,15,0.0625,0.07894736842105263,3.9981612033128267,21,2,19,0.09523809523809523,0.1,4.139813041834253,29,1,28,0.034482758620689655,0.14736842105263157,3.9477606508757663,32,4,28,0.125,0.14736842105263157,2.061117
gaussian,gaussian,250,120,200,0.6,20,block_ar1,0.6,287,24,1,23,18,0,18,0.041666666666666664,0.12105263157894737,0.0,0.09473684210526316,28,4,24,18,0,18,0.14285714285714285,0.12631578947368421,0.0,0.09473684210526316,4.237529018898336,28,1,27,0.03571428571428571,0.14210526315789473,3.907950198769258,32,5,27,0.15625,0.14210526315789473,4.2224067995095265,28,1,27,0.03571428571428571,0.14210526315789473,3.89400412783906,32,5,27,0.15625,0.14210526315789473,4.214250585422782,17,0,17,0.0,0.08947368421052632,3.968326313228311,24,3,21,0.125,0.11052631578947368,4.237529018898336,28,1,27,0.03571428571428571,0.14210526315789473,3.907950198769258,32,5,27,0.15625,0.14210526315789473,1.909892
gaussian,gaussian,250,120,200,0.6,20,block_ar1,0.6,288,19,0,19,17,0,17,0.0,0.1,0.0,0.08947368421052632,22,1,21,17,0,17,0.045454545454545456,0.11052631578947368,0.0,0.08947368421052632,4.126694404696987,26,1,25,0.038461538461538464,0.13157894736842105,3.9485592479103926,28,3,25,0.10714285714285714,0.13157894736842105,4.122553235885207,26,1,25,0.038461538461538464,0.13157894736842105,3.9445968390656043,28,3,25,0.10714285714285714,0.13157894736842105,4.3401752274987855,15,0,15,0.0,0.07894736842105263,4.056579431864365,17,1,16,0.058823529411764705,0.08421052631578947,4.126694404696987,26,1,25,0.038461538461538464,0.13157894736842105,3.9485592479103926,28,3,25,0.10714285714285714,0.13157894736842105,1.923826
gaussian,gaussian,250,120,200,0.6,20,block_ar1,0.6,289,24,0,24,22,0,22,0.0,0.12631578947368421,0.0,0.11578947368421053,28,1,27,22,0,22,0.03571428571428571,0.14210526315789473,0.0,0.11578947368421053,4.508396121837451,27,0,27,0.0,0.14210526315789473,3.9573816869118414,29,1,28,0.034482758620689655,0.14736842105263157,4.471776035584679,27,0,27,0.0,0.14210526315789473,3.9252372934749165,29,1,28,0.034482758620689655,0.14736842105263157,4.275605770893298,19,0,19,0.0,0.1,3.974771814441875,23,0,23,0.0,0.12105263157894737,4.508396121837451,27,0,27,0.0,0.14210526315789473,4.0387174667083405,28,1,27,0.03571428571428571,0.14210526315789473,1.954787
gaussian,gaussian,250,120,200,0.6,20,block_ar1,0.6,290,20,1,19,17,0,17,0.05,0.1,0.0,0.08947368421052632,23,1,22,18,0,18,0.043478260869565216,0.11578947368421053,0.0,0.09473684210526316,4.214813384904444,25,1,24,0.04,0.12631578947368421,4.083244716420885,26,1,25,0.038461538461538464,0.13157894736842105,4.193305311312171,25,1,24,0.04,0.12631578947368421,4.062408034025745,26,1,25,0.038461538461538464,0.13157894736842105,4.30497918469708,13,1,12,0.07692307692307693,0.06315789473684211,4.067462621781022,18,2,16,0.1111111111111111,0.08421052631578947,4.214813384904444,25,1,24,0.04,0.12631578947368421,4.083244716420885,26,1,25,0.038461538461538464,0.13157894736842105,1.896075
gaussian,gaussian,250,120,200,0.6,20,block_ar1,0.6,291,26,2,24,22,0,22,0.07692307692307693,0.12631578947368421,0.0,0.11578947368421053,28,3,25,23,0,23,0.10714285714285714,0.13157894736842105,0.0,0.12105263157894737,4.03316190288313,35,4,31,0.11428571428571428,0.1631578947368421,4.03316190288313,35,4,31,0.11428571428571428,0.1631578947368421,4.062178494401761,33,3,30,0.09090909090909091,0.15789473684210525,4.009646692485811,35,4,31,0.11428571428571428,0.1631578947368421,4.193838024726337,24,1,23,0.041666666666666664,0.12105263157894737,4.049144347726269,27,3,24,0.1111111111111111,0.12631578947368421,4.207833434133807,32,2,30,0.0625,0.15789473684210525,4.03316190288313,35,4,31,0.11428571428571428,0.1631578947368421,1.858851
gaussian,gaussian,250,120,200,0.6,20,block_ar1,0.6,292,24,2,22,20,0,20,0.08333333333333333,0.11578947368421053,0.0,0.10526315789473684,30,4,26,21,0,21,0.13333333333333333,0.1368421052631579,0.0,0.11052631578947368,4.119825343806952,29,3,26,0.10344827586206896,0.1368421052631579,3.884707204997919,33,5,28,0.15151515151515152,0.14736842105263157,4.091227182623819,29,3,26,0.10344827586206896,0.1368421052631579,3.946268639339438,30,4,26,0.13333333333333333,0.1368421052631579,4.280995957150043,19,2,17,0.10526315789473684,0.08947368421052632,4.0336462487901565,25,4,21,0.16,0.11052631578947368,4.182417558012591,28,2,26,0.07142857142857142,0.1368421052631579,3.973853523185315,30,4,26,0.13333333333333333,0.1368421052631579,2.071614
gaussian,gaussian,250,120,200,0.6,20,block_ar1,0.6,293,24,3,21,20,1,19,0.125,0.11052631578947368,0.05,0.1,27,5,22,21,1,20,0.18518518518518517,0.11578947368421053,0.047619047619047616,0.10526315789473684,4.185912091161607,26,3,23,0.11538461538461539,0.12105263157894737,3.968301943404991,28,4,24,0.14285714285714285,0.12631578947368421,4.185059927315099,26,3,23,0.11538461538461539,0.12105263157894737,3.9674940804172953,28,4,24,0.14285714285714285,0.12631578947368421,4.193841890798422,20,3,17,0.15,0.08947368421052632,3.9451419232370903,25,3,22,0.12,0.11578947368421053,4.185912091161607,26,3,23,0.11538461538461539,0.12105263157894737,3.968301943404991,28,4,24,0.14285714285714285,0.12631578947368421,1.947123
gaussian,gaussian,250,120,200,0.6,20,block_ar1,0.6,294,27,4,23,22,0,22,0.14814814814814814,0.12105263157894737,0.0,0.11578947368421053,34,10,24,23,0,23,0.29411764705882354,0.12631578947368421,0.0,0.12105263157894737,4.179600170292147,32,5,27,0.15625,0.14210526315789473,3.8993575113337156,37,9,28,0.24324324324324326,0.14736842105263157,4.1182616893469515,32,5,27,0.15625,0.14210526315789473,3.8566873663580785,36,8,28,0.2222222222222222,0.14736842105263157,4.134462137555806,25,4,21,0.16,0.11052631578947368,4.025558755624281,28,5,23,0.17857142857142858,0.12105263157894737,4.179600170292147,32,5,27,0.15625,0.14210526315789473,3.971430049340582,35,7,28,0.2,0.14736842105263157,1.8445
gaussian,gaussian,250,120,200,0.6,20,block_ar1,0.6,295,21,0,21,18,0,18,0.0,0.11052631578947368,0.0,0.09473684210526316,22,0,22,18,0,18,0.0,0.11578947368421053,0.0,0.09473684210526316,4.809052751108793,22,0,22,0.0,0.11578947368421053,4.030637815205157,24,0,24,0.0,0.12631578947368421,4.778431975702998,22,0,22,0.0,0.11578947368421053,4.004973456407461,24,0,24,0.0,0.12631578947368421,4.237719647420332,18,0,18,0.0,0.09473684210526316,4.017628025119864,19,0,19,0.0,0.1,4.809052751108793,22,0,22,0.0,0.11578947368421053,4.062870266987725,23,0,23,0.0,0.12105263157894737,2.009406
gaussian,gaussian,250,120,200,0.6,20,block_ar1,0.6,296,21,1,20,18,0,18,0.047619047619047616,0.10526315789473684,0.0,0.09473684210526316,23,1,22,19,0,19,0.043478260869565216,0.11578947368421053,0.0,0.1,4.357054945909039,24,2,22,0.08333333333333333,0.11578947368421053,4.04006098997153,25,2,23,0.08,0.12105263157894737,4.344658495990396,24,2,22,0.08333333333333333,0.11578947368421053,4.028566433590628,25,2,23,0.08,0.12105263157894737,4.359668103236309,16,0,16,0.0,0.08421052631578947,4.148258148692302,18,1,17,0.05555555555555555,0.08947368421052632,4.357054945909039,24,2,22,0.08333333333333333,0.11578947368421053,4.04006098997153,25,2,23,0.08,0.12105263157894737,1.885326
gaussian,gaussian,250,120,200,0.6,20,block_ar1,0.6,297,25,1,24,21,0,21,0.04,0.12631578947368421,0.0,0.11052631578947368,27,1,26,21,0,21,0.037037037037037035,0.1368421052631579,0.0,0.11052631578947368,4.1308432516906,29,1,28,0.034482758620689655,0.14736842105263157,3.9219270780964495,30,2,28,0.06666666666666667,0.14736842105263157,4.078494672444939,29,1,28,0.034482758620689655,0.14736842105263157,4.078494672444939,29,1,28,0.034482758620689655,0.14736842105263157,4.2864326260133225,19,0,19,0.0,0.1,4.080394188699856,20,0,20,0.0,0.10526315789473684,4.183439814601855,28,0,28,0.0,0.14736842105263157,4.1308432516906,29,1,28,0.034482758620689655,0.14736842105263157,2.097102
gaussian,gaussian,250,120,200,0.6,20,block_ar1,0.6,298,21,1,20,18,0,18,0.047619047619047616,0.10526315789473684,0.0,0.09473684210526316,26,4,22,20,0,20,0.15384615384615385,0.11578947368421053,0.0,0.10526315789473684,4.15093303643241,27,2,25,0.07407407407407407,0.13157894736842105,3.9124759012885217,31,4,27,0.12903225806451613,0.14210526315789473,4.109043211425466,27,2,25,0.07407407407407407,0.13157894736842105,3.9162328620438736,30,4,26,0.13333333333333333,0.1368421052631579,4.525687790278332,11,0,11,0.0,0.05789473684210526,4.0811881772180065,17,1,16,0.058823529411764705,0.08421052631578947,4.208542575071332,26,1,25,0.038461538461538464,0.13157894736842105,3.956157073310698,30,4,26,0.13333333333333333,0.1368421052631579,1.90651
gaussian,gaussian,250,120,200,0.6,20,block_ar1,0.6,299,30,5,25,19,0,19,0.16666666666666666,0.13157894736842105,0.0,0.1,33,7,26,23,1,22,0.21212121212121213,0.1368421052631579,0.043478260869565216,0.11578947368421053,4.194782510702623,33,5,28,0.15151515151515152,0.14736842105263157,3.8628055744202614,39,9,30,0.23076923076923078,0.15789473684210525,4.167258604254787,33,5,28,0.15151515151515152,0.14736842105263157,3.8374599220568175,39,9,30,0.23076923076923078,0.15789473684210525,4.164422344798878,20,2,18,0.1,0.09473684210526316,3.9660425250431683,25,3,22,0.12,0.11578947368421053,4.194782510702623,33,5,28,0.15151515151515152,0.14736842105263157,3.8628055744202614,39,9,30,0.23076923076923078,0.15789473684210525,1.848732
