model,x_model,p,n1,n2,rho,block,cov_kind,decay,seed,R_bh_0.05,V_bh_0.05,S_bh_0.05,R_by_0.05,V_by_0.05,S_by_0.05,fdr_bh_0.05,power_bh_0.05,fdr_by_0.05,power_by_0.05,R_bh_0.1,V_bh_0.1,S_bh_0.1,R_by_0.1,V_by_0.1,S_by_0.1,fdr_bh_0.1,power_bh_0.1,fdr_by_0.1,power_by_0.1,t_lct_cai_liu_0.05,R_lct_cai_liu_0.05,V_lct_cai_liu_0.05,S_lct_cai_liu_0.05,fdr_lct_cai_liu_0.05,power_lct_cai_liu_0.05,t_lct_cai_liu_0.1,R_lct_cai_liu_0.1,V_lct_cai_liu_0.1,S_lct_cai_liu_0.1,fdr_lct_cai_liu_0.1,power_lct_cai_liu_0.1,t_lct_gaussian_0.05,R_lct_gaussian_0.05,V_lct_gaussian_0.05,S_lct_gaussian_0.05,fdr_lct_gaussian_0.05,power_lct_gaussian_0.05,t_lct_gaussian_0.1,R_lct_gaussian_0.1,V_lct_gaussian_0.1,S_lct_gaussian_0.1,fdr_lct_gaussian_0.1,power_lct_gaussian_0.1,t_lct_jackknife_0.05,R_lct_jackknife_0.05,V_lct_jackknife_0.05,S_lct_jackknife_0.05,fdr_lct_jackknife_0.05,power_lct_jackknife_0.05,t_lct_jackknife_0.1,R_lct_jackknife_0.1,V_lct_jackknife_0.1,S_lct_jackknife_0.1,fdr_lct_jackknife_0.1,power_lct_jackknife_0.1,t_lctb_0.05_B100,R_lctb_0.05_B100,V_lctb_0.05_B100,S_lctb_0.05_B100,fdr_lctb_0.05_B100,power_lctb_0.05_B100,t_lctb_0.1_B100,R_lctb_0.1_B100,V_lctb_0.1_B100,S_lctb_0.1_B100,fdr_lctb_0.1_B100,power_lctb_0.1_B100,wall_time_s
gaussian,gaussian,250,120,120,0.6,20,block_ar1,0.6,0,18,0,18,16,0,16,0.0,0.09473684210526316,0.0,0.08421052631578947,21,1,20,17,0,17,0.047619047619047616,0.10526315789473684,0.0,0.08947368421052632,4.342627262785485,21,0,21,0.0,0.11052631578947368,4.0409224473307175,22,1,21,0.045454545454545456,0.11052631578947368,4.3137868059873785,21,0,21,0.0,0.11052631578947368,4.014085686491155,22,1,21,0.045454545454545456,0.11052631578947368,4.378297934444305,9,0,9,0.0,0.04736842105263158,4.196082111622624,12,0,12,0.0,0.06315789473684211,4.342627262785485,21,0,21,0.0,0.11052631578947368,4.342627262785485,21,0,21,0.0,0.11052631578947368,2.077825
gaussian,gaussian,250,120,120,0.6,20,block_ar1,0.6,1,19,1,18,14,1,13,0.05263157894736842,0.09473684210526316,0.07142857142857142,0.06842105263157895,20,1,19,15,1,14,0.05,0.1,0.06666666666666667,0.07368421052631578,4.212075758831719,24,1,23,0.041666666666666664,0.12105263157894737,3.960078268861359,26,3,23,0.11538461538461539,0.12105263157894737,4.192257017930166,24,1,23,0.041666666666666664,0.12105263157894737,3.9414452314579207,26,3,23,0.11538461538461539,0.12105263157894737,4.457983532597646,10,1,9,0.1,0.04736842105263158,4.457983532597646,10,1,9,0.1,0.04736842105263158,4.212075758831719,24,1,23,0.041666666666666664,0.12105263157894737,4.010205512985833,25,2,23,0.08,0.12105263157894737,1.687604
gaussian,gaussian,250,120,120,0.6,20,block_ar1,0.6,2,16,0,16,12,0,12,0.0,0.08421052631578947,0.0,0.06315789473684211,17,0,17,12,0,12,0.0,0.08947368421052632,0.0,0.06315789473684211,4.2650543778971475,20,0,20,0.0,0.10526315789473684,4.2650543778971475,20,0,20,0.0,0.10526315789473684,4.219173332513673,20,0,20,0.0,0.10526315789473684,4.219173332513673,20,0,20,0.0,0.10526315789473684,5.1480571368964645,4,0,4,0.0,0.021052631578947368,4.240993983071018,7,1,6,0.14285714285714285,0.031578947368421054,4.414289287814558,19,0,19,0.0,0.1,4.2650543778971475,20,0,20,0.0,0.10526315789473684,1.946315
gaussian,gaussian,250,120,120,0.6,20,block_ar1,0.6,3,23,3,20,15,1,14,0.13043478260869565,0.10526315789473684,0.06666666666666667,0.07368421052631578,25,4,21,16,1,15,0.16,0.11052631578947368,0.0625,0.07894736842105263,4.1239328622147635,27,3,24,0.1111111111111111,0.12631578947368421,3.9687698328050236,29,4,25,0.13793103448275862,0.13157894736842105,4.0933550396053615,27,3,24,0.1111111111111111,0.12631578947368421,3.939342501182587,29,4,25,0.13793103448275862,0.13157894736842105,4.33459648211576,12,2,10,0.16666666666666666,0.05263157894736842,4.203701611735859,13,2,11,0.15384615384615385,0.05789473684210526,4.367528140907565,23,1,22,0.043478260869565216,0.11578947368421053,3.9687698328050236,29,4,25,0.13793103448275862,0.13157894736842105,1.769098
gaussian,gaussian,250,120,120,0.6,20,block_ar1,0.6,4,17,0,17,14,0,14,0.0,0.08947368421052632,0.0,0.07368421052631578,20,2,18,16,0,16,0.1,0.09473684210526316,0.0,0.08421052631578947,4.256148684229965,21,0,21,0.0,0.11052631578947368,4.079401232207252,23,2,21,0.08695652173913043,0.11052631578947368,4.207946461135215,21,0,21,0.0,0.11052631578947368,4.033200729622267,23,2,21,0.08695652173913043,0.11052631578947368,4.328968657304596,12,1,11,0.08333333333333333,0.05789473684210526,4.1704364713910005,14,2,12,0.14285714285714285,0.06315789473684211,4.256148684229965,21,0,21,0.0,0.11052631578947368,4.079401232207252,23,2,21,0.08695652173913043,0.11052631578947368,1.740702
gaussian,gaussian,250,120,120,0.6,20,block_ar1,0.6,5,20,1,19,18,0,18,0.05,0.1,0.0,0.09473684210526316,24,3,21,18,0,18,0.125,0.11052631578947368,0.0,0.09473684210526316,4.203791499391617,25,1,24,0.04,0.12631578947368421,3.910036966137029,30,5,25,0.16666666666666666,0.13157894736842105,4.163337988760832,25,1,24,0.04,0.12631578947368421,3.9812119491172586,28,3,25,0.10714285714285714,0.13157894736842105,4.345026678783561,11,0,11,0.0,0.05789473684210526,4.08370239106459,15,0,15,0.0,0.07894736842105263,4.203791499391617,25,1,24,0.04,0.12631578947368421,4.01989581296444,28,3,25,0.10714285714285714,0.13157894736842105,1.865042
gaussian,gaussian,250,120,120,0.6,20,block_ar1,0.6,6,20,1,19,16,0,16,0.05,0.1,0.0,0.08421052631578947,21,1,20,16,0,16,0.047619047619047616,0.10526315789473684,0.0,0.08421052631578947,4.310773318973523,24,1,23,0.041666666666666664,0.12105263157894737,3.9242054340171912,28,3,25,0.10714285714285714,0.13157894736842105,4.270718928415039,24,1,23,0.041666666666666664,0.12105263157894737,3.9652927645284533,26,1,25,0.038461538461538464,0.13157894736842105,4.320514168316404,11,1,10,0.09090909090909091,0.05263157894736842,4.180257578993273,13,1,12,0.07692307692307693,0.06315789473684211,4.310773318973523,24,1,23,0.041666666666666664,0.12105263157894737,4.002482611889375,26,1,25,0.038461538461538464,0.13157894736842105,1.661135
gaussian,gaussian,250,120,120,0.6,20,block_ar1,0.6,7,19,1,18,14,1,13,0.05263157894736842,0.09473684210526316,0.07142857142857142,0.06842105263157895,24,4,20,14,1,13,0.16666666666666666,0.10526315789473684,0.07142857142857142,0.06842105263157895,4.49696751116561,23,2,21,0.08695652173913043,0.11052631578947368,4.023177727930222,25,4,21,0.16,0.11052631578947368,4.480079828534865,23,2,21,0.08695652173913043,0.11052631578947368,4.008069291307615,25,4,21,0.16,0.11052631578947368,4.449595835001721,8,1,7,0.125,0.03684210526315789,4.158491690826518,12,1,11,0.08333333333333333,0.05789473684210526,4.49696751116561,23,2,21,0.08695652173913043,0.11052631578947368,4.023177727930222,25,4,21,0.16,0.11052631578947368,1.883796
gaussian,gaussian,250,120,120,0.6,20,block_ar1,0.6,8,17,1,16,14,0,14,0.058823529411764705,0.08421052631578947,0.0,0.07368421052631578,18,1,17,15,0,15,0.05555555555555555,0.08947368421052632,0.0,0.07894736842105263,4.228535275052639,19,1,18,0.05263157894736842,0.09473684210526316,4.091711609622288,20,1,19,0.05,0.1,4.175809014983107,19,1,18,0.05263157894736842,0.09473684210526316,4.04069142498973,20,1,19,0.05,0.1,4.364338475363506,8,0,8,0.0,0.042105263157894736,4.364338475363506,8,0,8,0.0,0.042105263157894736,4.3850552103400675,18,1,17,0.05555555555555555,0.08947368421052632,4.091711609622288,20,1,19,0.05,0.1,1.993798
gaussian,gaussian,250,120,120,0.6,20,block_ar1,0.6,9,16,0,16,15,0,15,0.0,0.08421052631578947,0.0,0.07894736842105263,17,0,17,15,0,15,0.0,0.08947368421052632,0.0,0.07894736842105263,4.549849729846344,20,0,20,0.0,0.10526315789473684,3.9769078256544885,22,2,20,0.09090909090909091,0.10526315789473684,4.49230078929317,20,0,20,0.0,0.10526315789473684,4.006911884189187,21,1,20,0.047619047619047616,0.10526315789473684,4.367905940299157,9,0,9,0.0,0.04736842105263158,4.12286171207807,12,0,12,0.0,0.06315789473684211,4.549849729846344,20,0,20,0.0,0.10526315789473684,4.058242715458233,21,1,20,0.047619047619047616,0.10526315789473684,1.663598
gaussian,gaussian,250,120,120,0.6,20,block_ar1,0.6,10,21,1,20,14,0,14,0.047619047619047616,0.10526315789473684,0.0,0.07368421052631578,25,2,23,14,0,14,0.08,0.12105263157894737,0.0,0.07368421052631578,4.269733865613354,25,1,24,0.04,0.12631578947368421,4.269733865613354,25,1,24,0.04,0.12631578947368421,4.2448450925692125,25,1,24,0.04,0.12631578947368421,4.2448450925692125,25,1,24,0.04,0.12631578947368421,4.427270518171078,12,1,11,0.08333333333333333,0.05789473684210526,4.035440355670463,17,2,15,0.11764705882352941,0.07894736842105263,4.269733865613354,25,1,24,0.04,0.12631578947368421,4.269733865613354,25,1,24,0.04,0.12631578947368421,1.824311
gaussian,gaussian,250,120,120,0.6,20,block_ar1,0.6,11,20,1,19,15,0,15,0.05,0.1,0.0,0.07894736842105263,23,2,21,15,0,15,0.08695652173913043,0.11052631578947368,0.0,0.07894736842105263,4.132416606089936,26,1,25,0.038461538461538464,0.13157894736842105,4.010556495118123,28,3,25,0.10714285714285714,0.13157894736842105,4.1111962927471914,26,1,25,0.038461538461538464,0.13157894736842105,3.9899619438863416,27,2,25,0.07407407407407407,0.13157894736842105,4.282072997687858,12,0,12,0.0,0.06315789473684211,4.144351572721503,13,0,13,0.0,0.06842105263157895,4.212148570017935,25,0,25,0.0,0.13157894736842105,4.010556495118123,28,3,25,0.10714285714285714,0.13157894736842105,1.801461
gaussian,gaussian,250,120,120,0.6,20,block_ar1,0.6,12,18,0,18,14,0,14,0.0,0.09473684210526316,0.0,0.07368421052631578,19,1,18,14,0,14,0.05263157894736842,0.09473684210526316,0.0,0.07368421052631578,4.131725184226183,23,2,21,0.08695652173913043,0.11052631578947368,4.039352329337735,24,3,21,0.125,0.11052631578947368,4.243510555453812,21,1,20,0.047619047619047616,0.10526315789473684,3.992191542480718,24,3,21,0.125,0.11052631578947368,4.371122111818625,10,0,10,0.0,0.05263157894736842,4.235643283358195,13,0,13,0.0,0.06842105263157895,4.293640238536828,21,1,20,0.047619047619047616,0.10526315789473684,4.039352329337735,24,3,21,0.125,0.11052631578947368,1.63889
gaussian,gaussian,250,120,120,0.6,20,block_ar1,0.6,13,21,1,20,14,0,14,0.047619047619047616,0.10526315789473684,0.0,0.07368421052631578,27,4,23,18,0,18,0.14814814814814814,0.12105263157894737,0.0,0.09473684210526316,4.391505331933578,24,1,23,0.041666666666666664,0.12105263157894737,3.9316988212484523,30,4,26,0.13333333333333333,0.1368421052631579,4.353523927612198,24,1,23,0.041666666666666664,0.12105263157894737,3.9208792254096387,29,4,25,0.13793103448275862,0.13157894736842105,4.3444541915246715,14,1,13,0.07142857142857142,0.06842105263157895,4.1654208044517045,16,1,15,0.0625,0.07894736842105263,4.391505331933578,24,1,23,0.041666666666666664,0.12105263157894737,3.99148910781836,28,3,25,0.10714285714285714,0.13157894736842105,1.763565
gaussian,gaussian,250,120,120,0.6,20,block_ar1,0.6,14,25,1,24,20,0,20,0.04,0.12631578947368421,0.0,0.10526315789473684,28,2,26,22,0,22,0.07142857142857142,0.1368421052631579,0.0,0.11578947368421053,4.131014729603474,31,1,30,0.03225806451612903,0.15789473684210525,3.8802972063873566,36,3,33,0.08333333333333333,0.1736842105263158,4.096410830773729,31,1,30,0.03225806451612903,0.15789473684210525,3.9405213899678895,35,2,33,0.05714285714285714,0.1736842105263158,4.273993501768902,13,0,13,0.0,0.06842105263157895,4.030040098594097,19,3,16,0.15789473684210525,0.08421052631578947,4.231511185622342,29,0,29,0.0,0.15263157894736842,3.973808432978939,35,2,33,0.05714285714285714,0.1736842105263158,1.92876
gaussian,gaussian,250,120,120,0.6,20,block_ar1,0.6,15,21,1,20,13,0,13,0.047619047619047616,0.10526315789473684,0.0,0.06842105263157895,23,1,22,16,0,16,0.043478260869565216,0.11578947368421053,0.0,0.08421052631578947,4.161701782429844,26,1,25,0.038461538461538464,0.13157894736842105,3.902993934768715,30,4,26,0.13333333333333333,0.1368421052631579,4.149557688106742,25,1,24,0.04,0.12631578947368421,4.149557688106742,25,1,24,0.04,0.12631578947368421,4.34930167764704,10,0,10,0.0,0.05263157894736842,4.136460773906015,13,0,13,0.0,0.06842105263157895,4.194452130624611,25,1,24,0.04,0.12631578947368421,4.161701782429844,26,1,25,0.038461538461538464,0.13157894736842105,1.67316
gaussian,gaussian,250,120,120,0.6,20,block_ar1,0.6,16,23,2,21,20,0,20,0.08695652173913043,0.11052631578947368,0.0,0.10526315789473684,24,2,22,20,0,20,0.08333333333333333,0.11578947368421053,0.0,0.10526315789473684,4.132060154905962,27,2,25,0.07407407407407407,0.13157894736842105,3.966865186056558,29,3,26,0.10344827586206896,0.1368421052631579,4.154936542380662,26,2,24,0.07692307692307693,0.12631578947368421,3.917387104567951,29,3,26,0.10344827586206896,0.1368421052631579,4.3293876096483785,15,2,13,0.13333333333333333,0.06842105263157895,4.017224277367659,20,2,18,0.1,0.09473684210526316,4.207414963158682,26,2,24,0.07692307692307693,0.12631578947368421,4.005557285125922,28,2,26,0.07142857142857142,0.1368421052631579,1.77989
gaussian,gaussian,250,120,120,0.6,20,block_ar1,0.6,17,17,1,16,14,1,13,0.058823529411764705,0.08421052631578947,0.07142857142857142,0.06842105263157895,18,1,17,15,1,14,0.05555555555555555,0.08947368421052632,0.06666666666666667,0.07368421052631578,4.212175819644007,24,2,22,0.08333333333333333,0.11578947368421053,4.212175819644007,24,2,22,0.08333333333333333,0.11578947368421053,4.175290442233282,24,2,22,0.08333333333333333,0.11578947368421053,4.175290442233282,24,2,22,0.08333333333333333,0.11578947368421053,4.267794530018644,13,2,11,0.15384615384615385,0.05789473684210526,4.204566997485457,14,2,12,0.14285714285714285,0.06315789473684211,4.246427079438839,23,2,21,0.08695652173913043,0.11052631578947368,4.212175819644007,24,2,22,0.08333333333333333,0.11578947368421053,1.789173
gaussian,gaussian,250,120,120,0.6,20,block_ar1,0.6,18,25,3,22,15,0,15,0.12,0.11578947368421053,0.0,0.07894736842105263,27,5,22,19,1,18,0.18518518518518517,0.11578947368421053,0.05263157894736842,0.09473684210526316,4.057017429545214,31,3,28,0.0967741935483871,0.14736842105263157,3.8814925099531274,34,6,28,0.17647058823529413,0.14736842105263157,4.083249043359198,28,3,25,0.10714285714285714,0.13157894736842105,3.9133516713511933,33,5,28,0.15151515151515152,0.14736842105263157,4.499345315809906,11,1,10,0.09090909090909091,0.05263157894736842,4.079122586654945,15,3,12,0.2,0.06315789473684211,4.250592799000791,25,2,23,0.08,0.12105263157894737,3.950734074328494,33,5,28,0.15151515151515152,0.14736842105263157,1.66283
gaussian,gaussian,250,120,120,0.6,20,block_ar1,0.6,19,15,0,15,12,0,12,0.0,0.07894736842105263,0.0,0.06315789473684211,19,1,18,14,0,14,0.05263157894736842,0.09473684210526316,0.0,0.07368421052631578,4.084629676391002,28,3,25,0.10714285714285714,0.13157894736842105,3.9154459811635425,29,4,25,0.13793103448275862,0.13157894736842105,4.098988191052245,26,3,23,0.11538461538461539,0.12105263157894737,4.051672717831018,28,3,25,0.10714285714285714,0.13157894736842105,4.29649116669631,12,0,12,0.0,0.06315789473684211,4.111160242010667,13,1,12,0.07692307692307693,0.06315789473684211,4.26404716145724,24,1,23,0.041666666666666664,0.12105263157894737,4.084629676391002,28,3,25,0.10714285714285714,0.13157894736842105,1.774804
gaussian,gaussian,250,120,120,0.6,20,block_ar1,0.6,20,22,1,21,17,0,17,0.045454545454545456,0.11052631578947368,0.0,0.08947368421052632,23,2,21,18,0,18,0.08695652173913043,0.11052631578947368,0.0,0.09473684210526316,4.23961852319998,24,1,23,0.041666666666666664,0.12105263157894737,3.925964287950038,29,5,24,0.1724137931034483,0.12631578947368421,4.209745876982176,24,1,23,0.041666666666666664,0.12105263157894737,3.9922974171075363,27,3,24,0.1111111111111111,0.12631578947368421,4.239066356281413,15,1,14,0.06666666666666667,0.07368421052631578,4.082607734846345,16,1,15,0.0625,0.07894736842105263,4.23961852319998,24,1,23,0.041666666666666664,0.12105263157894737,3.9758747004807704,28,4,24,0.14285714285714285,0.12631578947368421,1.982923
gaussian,gaussian,250,120,120,0.6,20,block_ar1,0.6,21,18,0,18,14,0,14,0.0,0.09473684210526316,0.0,0.07368421052631578,22,2,20,16,0,16,0.09090909090909091,0.10526315789473684,0.0,0.08421052631578947,4.512178798922259,23,1,22,0.043478260869565216,0.11578947368421053,3.9679293727141034,25,2,23,0.08,0.12105263157894737,4.474083971817422,22,0,22,0.0,0.11578947368421053,4.474083971817422,22,0,22,0.0,0.11578947368421053,4.4681855677747455,8,0,8,0.0,0.042105263157894736,4.170675788496083,10,0,10,0.0,0.05263157894736842,4.512178798922259,23,1,22,0.043478260869565216,0.11578947368421053,4.512178798922259,23,1,22,0.043478260869565216,0.11578947368421053,1.726207
gaussian,gaussian,250,120,120,0.6,20,block_ar1,0.6,22,21,1,20,19,0,19,0.047619047619047616,0.10526315789473684,0.0,0.1,25,3,22,19,0,19,0.12,0.11578947368421053,0.0,0.1,4.1189047837426775,32,4,28,0.125,0.14736842105263157,3.85859174725429,37,7,30,0.1891891891891892,0.15789473684210525,4.0780432614546855,32,4,28,0.125,0.14736842105263157,3.8727321557204353,35,6,29,0.17142857142857143,0.15263157894736842,4.341477710550617,15,2,13,0.13333333333333333,0.06842105263157895,4.070555972336126,17,2,15,0.11764705882352941,0.07894736842105263,4.183988850982761,30,2,28,0.06666666666666667,0.14736842105263157,3.9710277729454146,34,5,29,0.14705882352941177,0.15263157894736842,1.765987
gaussian,gaussian,250,120,120,0.6,20,block_ar1,0.6,23,19,1,18,15,1,14,0.05263157894736842,0.09473684210526316,0.06666666666666667,0.07368421052631578,23,3,20,17,1,16,0.13043478260869565,0.10526315789473684,0.058823529411764705,0.08421052631578947,4.7188343428585675,22,2,20,0.09090909090909091,0.10526315789473684,4.000290399750041,24,3,21,0.125,0.11052631578947368,4.6928345770492905,22,2,20,0.09090909090909091,0.10526315789473684,3.97824965705688,24,3,21,0.125,0.11052631578947368,4.46937758006879,9,1,8,0.1111111111111111,0.042105263157894736,4.192255253561184,10,1,9,0.1,0.04736842105263158,4.7188343428585675,22,2,20,0.09090909090909091,0.10526315789473684,4.000290399750041,24,3,21,0.125,0.11052631578947368,1.757052
gaussian,gaussian,250,120,120,0.6,20,block_ar1,0.6,24,19,2,17,15,0,15,0.10526315789473684,0.08947368421052632,0.0,0.07894736842105263,24,6,18,15,0,15,0.25,0.09473684210526316,0.0,0.07894736842105263,4.220335246076694,22,4,18,0.18181818181818182,0.09473684210526316,3.9814823678496754,26,8,18,0.3076923076923077,0.09473684210526316,4.198617246247682,22,4,18,0.18181818181818182,0.09473684210526316,3.9609935136847003,26,8,18,0.3076923076923077,0.09473684210526316,4.531169874746708,10,1,9,0.1,0.04736842105263158,4.045079671864389,17,5,12,0.29411764705882354,0.06315789473684211,4.2900613023763166,21,3,18,0.14285714285714285,0.09473684210526316,4.011785654736674,24,6,18,0.25,0.09473684210526316,2.147582
gaussian,gaussian,250,120,120,0.6,20,block_ar1,0.6,25,15,1,14,11,0,11,0.06666666666666667,0.07368421052631578,0.0,0.05789473684210526,21,4,17,11,0,11,0.19047619047619047,0.08947368421052632,0.0,0.05789473684210526,4.110440146863036,25,2,23,0.08,0.12105263157894737,4.0689803548464125,27,4,23,0.14814814814814814,0.12105263157894737,4.213373871254008,23,1,22,0.043478260869565216,0.11578947368421053,4.048848471346693,27,4,23,0.14814814814814814,0.12105263157894737,4.50871734442826,9,0,9,0.0,0.04736842105263158,4.201673231788477,11,0,11,0.0,0.05789473684210526,4.234323816038836,23,1,22,0.043478260869565216,0.11578947368421053,4.0689803548464125,27,4,23,0.14814814814814814,0.12105263157894737,1.85355
gaussian,gaussian,250,120,120,0.6,20,block_ar1,0.6,26,19,1,18,15,0,15,0.05263157894736842,0.09473684210526316,0.0,0.07894736842105263,23,3,20,16,0,16,0.13043478260869565,0.10526315789473684,0.0,0.08421052631578947,4.225414500312986,22,1,21,0.045454545454545456,0.11052631578947368,3.9580758800278564,24,3,21,0.125,0.11052631578947368,4.183867606520086,22,1,21,0.045454545454545456,0.11052631578947368,4.183867606520086,22,1,21,0.045454545454545456,0.11052631578947368,4.383563186350699,11,1,10,0.09090909090909091,0.05263157894736842,4.134681380331689,13,1,12,0.07692307692307693,0.06315789473684211,4.734764529722512,20,0,20,0.0,0.10526315789473684,4.225414500312986,22,1,21,0.045454545454545456,0.11052631578947368,1.807831
gaussian,gaussian,250,120,120,0.6,20,block_ar1,0.6,27,19,0,19,14,0,14,0.0,0.1,0.0,0.07368421052631578,19,0,19,14,0,14,0.0,0.1,0.0,0.07368421052631578,4.14403633307554,22,2,20,0.09090909090909091,0.10526315789473684,3.9638111053000933,23,3,20,0.13043478260869565,0.10526315789473684,4.202450476848767,21,1,20,0.047619047619047616,0.10526315789473684,4.111509206209571,22,2,20,0.09090909090909091,0.10526315789473684,4.276873557598692,13,0,13,0.0,0.06842105263157895,4.276873557598692,13,0,13,0.0,0.06842105263157895,4.83430178009944,20,0,20,0.0,0.10526315789473684,4.14403633307554,22,2,20,0.09090909090909091,0.10526315789473684,1.83226
gaussian,gaussian,250,120,120,0.6,20,block_ar1,0.6,28,20,0,20,17,0,17,0.0,0.10526315789473684,0.0,0.08947368421052632,20,0,20,17,0,17,0.0,0.10526315789473684,0.0,0.08947368421052632,4.155249504682059,23,1,22,0.043478260869565216,0.11578947368421053,3.9450269013801402,28,3,25,0.10714285714285714,0.13157894736842105,4.17267863806834,22,0,22,0.0,0.11578947368421053,3.985199668252108,24,0,24,0.0,0.12631578947368421,4.375163697204264,13,0,13,0.0,0.06842105263157895,4.120037884761745,14,0,14,0.0,0.07368421052631578,4.5381448842391965,21,0,21,0.0,0.11052631578947368,4.026713119350467,25,1,24,0.04,0.12631578947368421,1.644537
gaussian,gaussian,250,120,120,0.6,20,block_ar1,0.6,29,19,2,17,14,0,14,0.10526315789473684,0.08947368421052632,0.0,0.07368421052631578,24,6,18,16,0,16,0.25,0.09473684210526316,0.0,0.08421052631578947,4.141408028065807,22,2,20,0.09090909090909091,0.10526315789473684,3.9899873565148876,26,6,20,0.23076923076923078,0.10526315789473684,4.220817885812295,20,1,19,0.05,0.1,3.965403406541279,26,6,20,0.23076923076923078,0.10526315789473684,4.329847690794347,14,0,14,0.0,0.07368421052631578,4.030965574227272,18,3,15,0.16666666666666666,0.07894736842105263,4.833886222992483,19,0,19,0.0,0.1,4.015103687436083,25,5,20,0.2,0.10526315789473684,1.728224
gaussian,gaussian,250,120,120,0.6,20,block_ar1,0.6,30,17,1,16,12,0,12,0.058823529411764705,0.08421052631578947,0.0,0.06315789473684211,18,2,16,12,0,12,0.1111111111111111,0.08421052631578947,0.0,0.06315789473684211,4.190187797730228,21,2,19,0.09523809523809523,0.1,4.011048771440795,24,3,21,0.125,0.11052631578947368,4.149939693128524,21,2,19,0.09523809523809523,0.1,3.9725213549362333,24,3,21,0.125,0.11052631578947368,4.331697151095236,11,1,10,0.09090909090909091,0.05263157894736842,4.331697151095236,11,1,10,0.09090909090909091,0.05263157894736842,4.476344702108326,20,1,19,0.05,0.1,4.011048771440795,24,3,21,0.125,0.11052631578947368,1.940873
gaussian,gaussian,250,120,120,0.6,20,block_ar1,0.6,31,25,4,21,17,0,17,0.16,0.11052631578947368,0.0,0.08947368421052632,27,4,23,18,0,18,0.14814814814814814,0.12105263157894737,0.0,0.09473684210526316,4.151408550001432,29,5,24,0.1724137931034483,0.12631578947368421,3.968786283223461,30,5,25,0.16666666666666666,0.13157894736842105,4.104196500191882,29,5,24,0.1724137931034483,0.12631578947368421,3.9236511120086353,30,5,25,0.16666666666666666,0.13157894736842105,4.302278126119627,13,1,12,0.07692307692307693,0.06315789473684211,4.020483003661852,20,4,16,0.2,0.08421052631578947,4.294239549148176,26,3,23,0.11538461538461539,0.12105263157894737,3.968786283223461,30,5,25,0.16666666666666666,0.13157894736842105,1.844775
gaussian,gaussian,250,120,120,0.6,20,block_ar1,0.6,32,17,0,17,15,0,15,0.0,0.08947368421052632,0.0,0.07894736842105263,17,0,17,17,0,17,0.0,0.08947368421052632,0.0,0.08947368421052632,4.348257817470539,20,1,19,0.05,0.1,3.960415621381803,24,2,22,0.08333333333333333,0.11578947368421053,4.281275711417399,20,1,19,0.05,0.1,3.993959426218152,21,1,20,0.047619047619047616,0.10526315789473684,4.35408185259319,10,0,10,0.0,0.05263157894736842,4.250170102071259,11,0,11,0.0,0.05789473684210526,4.348257817470539,20,1,19,0.05,0.1,4.348257817470539,20,1,19,0.05,0.1,1.654636
gaussian,gaussian,250,120,120,0.6,20,block_ar1,0.6,33,20,1,19,16,0,16,0.05,0.1,0.0,0.08421052631578947,21,2,19,16,0,16,0.09523809523809523,0.1,0.0,0.08421052631578947,4.470914092478662,23,1,22,0.043478260869565216,0.11578947368421053,3.9379088812698995,26,3,23,0.11538461538461539,0.12105263157894737,4.419621837250297,23,1,22,0.043478260869565216,0.11578947368421053,4.028451213584927,24,1,23,0.041666666666666664,0.12105263157894737,4.580728549224554,8,0,8,0.0,0.042105263157894736,4.0791113674794754,15,1,14,0.06666666666666667,0.07368421052631578,4.470914092478662,23,1,22,0.043478260869565216,0.11578947368421053,4.470914092478662,23,1,22,0.043478260869565216,0.11578947368421053,1.907569
gaussian,gaussian,250,120,120,0.6,20,block_ar1,0.6,34,20,1,19,17,0,17,0.05,0.1,0.0,0.08947368421052632,22,1,21,17,0,17,0.045454545454545456,0.11052631578947368,0.0,0.08947368421052632,4.1630644065335245,24,1,23,0.041666666666666664,0.12105263157894737,3.931221261707483,27,2,25,0.07407407407407407,0.13157894736842105,4.601687916661959,23,0,23,0.0,0.12105263157894737,4.011298845065778,25,1,24,0.04,0.12631578947368421,4.246327174595295,14,1,13,0.07142857142857142,0.06842105263157895,4.054688634357676,18,2,16,0.1111111111111111,0.08421052631578947,4.667859411239639,23,0,23,0.0,0.12105263157894737,4.06898064456692,26,1,25,0.038461538461538464,0.13157894736842105,1.685746
gaussian,gaussian,250,120,120,0.6,20,block_ar1,0.6,35,14,0,14,8,0,8,0.0,0.07368421052631578,0.0,0.042105263157894736,15,0,15,11,0,11,0.0,0.07894736842105263,0.0,0.05789473684210526,4.3515242048073075,19,1,18,0.05263157894736842,0.09473684210526316,4.157816033179112,20,1,19,0.05,0.1,4.491686743988009,18,0,18,0.0,0.09473684210526316,4.136932273313032,19,0,19,0.0,0.1,5.357666376202707,1,0,1,0.0,0.005263157894736842,5.357666376202707,1,0,1,0.0,0.005263157894736842,4.3515242048073075,19,1,18,0.05263157894736842,0.09473684210526316,4.157816033179112,20,1,19,0.05,0.1,1.679526
gaussian,gaussian,250,120,120,0.6,20,block_ar1,0.6,36,19,1,18,13,0,13,0.05263157894736842,0.09473684210526316,0.0,0.06842105263157895,20,1,19,16,0,16,0.05,0.1,0.0,0.08421052631578947,4.389241094449629,22,1,21,0.045454545454545456,0.11052631578947368,3.9324345766728577,28,6,22,0.21428571428571427,0.11578947368421053,4.336367176567207,22,1,21,0.045454545454545456,0.11052631578947368,3.929187725010378,27,5,22,0.18518518518518517,0.11578947368421053,4.475662850330367,7,1,6,0.14285714285714285,0.031578947368421054,4.070076612345555,15,3,12,0.2,0.06315789473684211,4.389241094449629,22,1,21,0.045454545454545456,0.11052631578947368,4.0647857905075355,25,3,22,0.12,0.11578947368421053,1.900699
gaussian,gaussian,250,120,120,0.6,20,block_ar1,0.6,37,18,0,18,17,0,17,0.0,0.09473684210526316,0.0,0.08947368421052632,23,2,21,17,0,17,0.08695652173913043,0.11052631578947368,0.0,0.08947368421052632,4.56976561111198,23,0,23,0.0,0.12105263157894737,3.9546864630534926,25,2,23,0.08,0.12105263157894737,4.530723674804894,23,0,23,0.0,0.12105263157894737,4.530723674804894,23,0,23,0.0,0.12105263157894737,4.339736539064659,12,0,12,0.0,0.06315789473684211,4.040555443732374,17,1,16,0.058823529411764705,0.08421052631578947,4.56976561111198,23,0,23,0.0,0.12105263157894737,3.985756535803398,24,1,23,0.041666666666666664,0.12105263157894737,1.862811
gaussian,gaussian,250,120,120,0.6,20,block_ar1,0.6,38,21,1,20,17,0,17,0.047619047619047616,0.10526315789473684,0.0,0.08947368421052632,22,2,20,18,0,18,0.09090909090909091,0.10526315789473684,0.0,0.09473684210526316,4.198494036106555,23,1,22,0.043478260869565216,0.11578947368421053,3.968320919991794,24,2,22,0.08333333333333333,0.11578947368421053,4.16360849573494,23,1,22,0.043478260869565216,0.11578947368421053,4.16360849573494,23,1,22,0.043478260869565216,0.11578947368421053,4.306930729556479,12,1,11,0.08333333333333333,0.05789473684210526,4.133715697780264,14,1,13,0.07142857142857142,0.06842105263157895,4.198494036106555,23,1,22,0.043478260869565216,0.11578947368421053,4.198494036106555,23,1,22,0.043478260869565216,0.11578947368421053,1.643345
gaussian,gaussian,250,120,120,0.6,20,block_ar1,0.6,39,17,1,16,11,0,11,0.058823529411764705,0.08421052631578947,0.0,0.05789473684210526,20,3,17,13,0,13,0.15,0.08947368421052632,0.0,0.06842105263157895,4.20763239024375,23,3,20,0.13043478260869565,0.10526315789473684,4.025731477102642,25,4,21,0.16,0.11052631578947368,4.176238451752951,23,3,20,0.13043478260869565,0.10526315789473684,3.995694735616937,25,4,21,0.16,0.11052631578947368,4.615063415400791,9,1,8,0.1111111111111111,0.042105263157894736,4.0866629182782885,14,1,13,0.07142857142857142,0.06842105263157895,4.437621421159989,22,2,20,0.09090909090909091,0.10526315789473684,4.025731477102642,25,4,21,0.16,0.11052631578947368,1.952816
gaussian,gaussian,250,120,120,0.6,20,block_ar1,0.6,40,19,1,18,14,0,14,0.05263157894736842,0.09473684210526316,0.0,0.07368421052631578,23,3,20,16,0,16,0.13043478260869565,0.10526315789473684,0.0,0.08421052631578947,4.189567938180516,26,2,24,0.07692307692307693,0.12631578947368421,3.9369305231286837,30,6,24,0.2,0.12631578947368421,4.166315740753013,26,2,24,0.07692307692307693,0.12631578947368421,3.9150804691057135,30,6,24,0.2,0.12631578947368421,4.3661665247657755,12,0,12,0.0,0.06315789473684211,4.148482093609071,14,1,13,0.07142857142857142,0.06842105263157895,4.189567938180516,26,2,24,0.07692307692307693,0.12631578947368421,4.042601328989509,29,5,24,0.1724137931034483,0.12631578947368421,1.845386
gaussian,gaussian,250,120,120,0.6,20,block_ar1,0.6,41,23,0,23,17,0,17,0.0,0.12105263157894737,0.0,0.08947368421052632,25,1,24,17,0,17,0.04,0.12631578947368421,0.0,0.08947368421052632,4.193677126366582,26,1,25,0.038461538461538464,0.13157894736842105,4.193677126366582,26,1,25,0.038461538461538464,0.13157894736842105,4.163730921411166,26,1,25,0.038461538461538464,0.13157894736842105,4.163730921411166,26,1,25,0.038461538461538464,0.13157894736842105,4.422345511195618,10,0,10,0.0,0.05263157894736842,4.053022296456262,18,1,17,0.05555555555555555,0.08947368421052632,4.193677126366582,26,1,25,0.038461538461538464,0.13157894736842105,4.193677126366582,26,1,25,0.038461538461538464,0.13157894736842105,1.683224
gaussian,gaussian,250,120,120,0.6,20,block_ar1,0.6,42,22,2,20,11,0,11,0.09090909090909091,0.10526315789473684,0.0,0.05789473684210526,24,3,21,13,0,13,0.125,0.11052631578947368,0.0,0.06842105263157895,4.177617461464388,26,2,24,0.07692307692307693,0.12631578947368421,4.03989418117035,27,3,24,0.1111111111111111,0.12631578947368421,4.14725536283683,26,2,24,0.07692307692307693,0.12631578947368421,4.010533028143525,27,3,24,0.1111111111111111,0.12631578947368421,4.291583964208875,12,1,11,0.08333333333333333,0.05789473684210526,4.121300756333203,13,1,12,0.07692307692307693,0.06315789473684211,4.177617461464388,26,2,24,0.07692307692307693,0.12631578947368421,4.03989418117035,27,3,24,0.1111111111111111,0.12631578947368421,2.015087
gaussian,gaussian,250,120,120,0.6,20,block_ar1,0.6,43,20,1,19,16,0,16,0.05,0.1,0.0,0.08421052631578947,20,1,19,17,0,17,0.05,0.1,0.0,0.08947368421052632,4.155877971080552,23,3,20,0.13043478260869565,0.10526315789473684,3.98558592471732,26,4,22,0.15384615384615385,0.11578947368421053,4.15154741385145,21,2,19,0.09523809523809523,0.1,3.946073853092682,26,4,22,0.15384615384615385,0.11578947368421053,4.265524495630024,14,1,13,0.07142857142857142,0.06842105263157895,4.180258933842233,16,2,14,0.125,0.07368421052631578,5.696914105685905,19,0,19,0.0,0.1,4.155877971080552,23,3,20,0.13043478260869565,0.10526315789473684,1.711799
gaussian,gaussian,250,120,120,0.6,20,block_ar1,0.6,44,20,2,18,13,0,13,0.1,0.09473684210526316,0.0,0.06842105263157895,23,3,20,13,0,13,0.13043478260869565,0.10526315789473684,0.0,0.06842105263157895,4.141161522330315,26,3,23,0.11538461538461539,0.12105263157894737,4.141161522330315,26,3,23,0.11538461538461539,0.12105263157894737,4.20128837001698,25,2,23,0.08,0.12105263157894737,4.096696803433858,26,3,23,0.11538461538461539,0.12105263157894737,4.4785608098942795,6,0,6,0.0,0.031578947368421054,4.248020171780438,7,0,7,0.0,0.03684210526315789,4.246888304632394,25,2,23,0.08,0.12105263157894737,4.141161522330315,26,3,23,0.11538461538461539,0.12105263157894737,1.685928
gaussian,gaussian,250,120,120,0.6,20,block_ar1,0.6,45,20,0,20,16,0,16,0.0,0.10526315789473684,0.0,0.08421052631578947,23,2,21,17,0,17,0.08695652173913043,0.11052631578947368,0.0,0.08947368421052632,4.289859356953593,22,0,22,0.0,0.11578947368421053,3.9621182105812704,25,2,23,0.08,0.12105263157894737,4.2564746622378475,22,0,22,0.0,0.11578947368421053,3.995460531588424,24,1,23,0.041666666666666664,0.12105263157894737,4.341848162218647,9,0,9,0.0,0.04736842105263158,4.042265055533432,17,0,17,0.0,0.08947368421052632,4.289859356953593,22,0,22,0.0,0.11578947368421053,4.026798021102753,24,1,23,0.041666666666666664,0.12105263157894737,1.852256
gaussian,gaussian,250,120,120,0.6,20,block_ar1,0.6,46,18,0,18,13,0,13,0.0,0.09473684210526316,0.0,0.06842105263157895,23,3,20,16,0,16,0.13043478260869565,0.10526315789473684,0.0,0.08421052631578947,5.08957333001526,19,0,19,0.0,0.1,3.977662395019981,27,4,23,0.14814814814814814,0.12105263157894737,5.0420465925117055,19,0,19,0.0,0.1,3.940518747749787,27,4,23,0.14814814814814814,0.12105263157894737,4.400360917273349,10,0,10,0.0,0.05263157894736842,4.135559923014952,13,1,12,0.07692307692307693,0.06315789473684211,5.08957333001526,19,0,19,0.0,0.1,4.0061953445671294,25,3,22,0.12,0.11578947368421053,1.726234
gaussian,gaussian,250,120,120,0.6,20,block_ar1,0.6,47,21,1,20,18,0,18,0.047619047619047616,0.10526315789473684,0.0,0.09473684210526316,24,4,20,18,0,18,0.16666666666666666,0.10526315789473684,0.0,0.09473684210526316,4.1218360697615175,25,1,24,0.04,0.12631578947368421,3.911819211212599,30,5,25,0.16666666666666666,0.13157894736842105,4.279164013405971,24,1,23,0.041666666666666664,0.12105263157894737,3.9821476117904724,28,4,24,0.14285714285714285,0.12631578947368421,4.263026325754571,19,1,18,0.05263157894736842,0.09473684210526316,4.0378176218801345,24,5,19,0.20833333333333334,0.1,4.328057855118292,24,1,23,0.041666666666666664,0.12105263157894737,4.027647736206364,28,4,24,0.14285714285714285,0.12631578947368421,1.730532
gaussian,gaussian,250,120,120,0.6,20,block_ar1,0.6,48,19,2,17,11,0,11,0.10526315789473684,0.08947368421052632,0.0,0.05789473684210526,21,2,19,14,0,14,0.09523809523809523,0.1,0.0,0.07368421052631578,4.330612892740865,24,2,22,0.08333333333333333,0.11578947368421053,3.9797140093657384,26,4,22,0.15384615384615385,0.11578947368421053,4.264043730354756,24,2,22,0.08333333333333333,0.11578947368421053,4.264043730354756,24,2,22,0.08333333333333333,0.11578947368421053,4.418826246947539,11,2,9,0.18181818181818182,0.04736842105263158,4.222442744465832,12,2,10,0.16666666666666666,0.05263157894736842,4.330612892740865,24,2,22,0.08333333333333333,0.11578947368421053,4.330612892740865,24,2,22,0.08333333333333333,0.11578947368421053,1.865032
gaussian,gaussian,250,120,120,0.6,20,block_ar1,0.6,49,18,0,18,16,0,16,0.0,0.09473684210526316,0.0,0.08421052631578947,19,0,19,17,0,17,0.0,0.1,0.0,0.08947368421052632,5.1624070289775705,19,0,19,0.0,0.1,4.051928040085597,21,0,21,0.0,0.11052631578947368,5.119152817847055,19,0,19,0.0,0.1,4.0179781887957375,21,0,21,0.0,0.11052631578947368,4.352411004276755,12,0,12,0.0,0.06315789473684211,4.079782805743016,15,0,15,0.0,0.07894736842105263,5.1624070289775705,19,0,19,0.0,0.1,4.051928040085597,21,0,21,0.0,0.11052631578947368,1.681899
gaussian,gaussian,250,120,120,0.6,20,block_ar1,0.6,50,25,4,21,16,1,15,0.16,0.11052631578947368,0.0625,0.07894736842105263,28,6,22,17,1,16,0.21428571428571427,0.11578947368421053,0.058823529411764705,0.08421052631578947,4.114197056855077,27,4,23,0.14814814814814814,0.12105263157894737,3.924481789518955,30,6,24,0.2,0.12631578947368421,4.146838385155826,26,3,23,0.11538461538461539,0.12105263157894737,3.9355201396157544,29,5,24,0.1724137931034483,0.12631578947368421,4.260832132220369,14,3,11,0.21428571428571427,0.05789473684210526,4.091030854597342,18,4,14,0.2222222222222222,0.07368421052631578,4.177206583096614,26,3,23,0.11538461538461539,0.12105263157894737,3.9643408081587155,29,5,24,0.1724137931034483,0.12631578947368421,1.827489
gaussian,gaussian,250,120,120,0.6,20,block_ar1,0.6,51,20,1,19,15,1,14,0.05,0.1,0.06666666666666667,0.07368421052631578,26,4,22,16,1,15,0.15384615384615385,0.11578947368421053,0.0625,0.07894736842105263,4.486100479173055,27,2,25,0.07407407407407407,0.13157894736842105,3.895922699150074,32,5,27,0.15625,0.14210526315789473,4.429491986729419,27,2,25,0.07407407407407407,0.13157894736842105,3.907044124340036,30,5,25,0.16666666666666666,0.13157894736842105,4.30908279397681,13,1,12,0.07692307692307693,0.06315789473684211,4.044974621585341,18,2,16,0.1111111111111111,0.08421052631578947,4.486100479173055,27,2,25,0.07407407407407407,0.13157894736842105,4.004628269687068,29,4,25,0.13793103448275862,0.13157894736842105,1.703814
gaussian,gaussian,250,120,120,0.6,20,block_ar1,0.6,52,23,1,22,14,0,14,0.043478260869565216,0.11578947368421053,0.0,0.07368421052631578,29,4,25,18,0,18,0.13793103448275862,0.13157894736842105,0.0,0.09473684210526316,4.044743573668597,33,2,31,0.06060606060606061,0.1631578947368421,3.9540896450432594,35,4,31,0.11428571428571428,0.1631578947368421,4.1842628651544524,31,2,29,0.06451612903225806,0.15263157894736842,3.9202131719753215,35,4,31,0.11428571428571428,0.1631578947368421,4.221192712920133,16,0,16,0.0,0.08421052631578947,4.007411398687249,20,0,20,0.0,0.10526315789473684,4.220421120341671,31,2,29,0.06451612903225806,0.15263157894736842,3.9540896450432594,35,4,31,0.11428571428571428,0.1631578947368421,1.715535
gaussian,gaussian,250,120,120,0.6,20,block_ar1,0.6,53,16,1,15,12,0,12,0.0625,0.07894736842105263,0.0,0.06315789473684211,21,4,17,13,0,13,0.19047619047619047,0.08947368421052632,0.0,0.06842105263157895,4.191858372661992,21,1,20,0.047619047619047616,0.10526315789473684,3.964839221967681,25,4,21,0.16,0.11052631578947368,4.15641252897412,21,1,20,0.047619047619047616,0.10526315789473684,3.9704197335958376,24,3,21,0.125,0.11052631578947368,4.3839608284530325,12,1,11,0.08333333333333333,0.05789473684210526,4.1846747959245585,13,2,11,0.15384615384615385,0.05789473684210526,4.347138884307562,20,0,20,0.0,0.10526315789473684,4.076993798067651,23,2,21,0.08695652173913043,0.11052631578947368,1.786021
gaussian,gaussian,250,120,120,0.6,20,block_ar1,0.6,54,20,1,19,14,0,14,0.05,0.1,0.0,0.07368421052631578,21,1,20,14,0,14,0.047619047619047616,0.10526315789473684,0.0,0.07368421052631578,4.1570056599717615,24,1,23,0.041666666666666664,0.12105263157894737,4.041161754787745,26,1,25,0.038461538461538464,0.13157894736842105,4.163898946758424,23,1,22,0.043478260869565216,0.11578947368421053,3.9969617913726183,26,1,25,0.038461538461538464,0.13157894736842105,4.287851472493213,13,0,13,0.0,0.06842105263157895,4.08647696236129,16,1,15,0.0625,0.07894736842105263,4.209944966389701,23,1,22,0.043478260869565216,0.11578947368421053,4.041161754787745,26,1,25,0.038461538461538464,0.13157894736842105,1.796948
gaussian,gaussian,250,120,120,0.6,20,block_ar1,0.6,55,16,0,16,12,0,12,0.0,0.08421052631578947,0.0,0.06315789473684211,16,0,16,13,0,13,0.0,0.08421052631578947,0.0,0.06842105263157895,4.310949769749452,19,1,18,0.05263157894736842,0.09473684210526316,4.310949769749452,19,1,18,0.05263157894736842,0.09473684210526316,4.2813398220564,19,1,18,0.05263157894736842,0.09473684210526316,4.2813398220564,19,1,18,0.05263157894736842,0.09473684210526316,4.336160363614833,10,0,10,0.0,0.05263157894736842,4.161509987843557,13,0,13,0.0,0.06842105263157895,4.310949769749452,19,1,18,0.05263157894736842,0.09473684210526316,4.310949769749452,19,1,18,0.05263157894736842,0.09473684210526316,1.82476
gaussian,gaussian,250,120,120,0.6,20,block_ar1,0.6,56,19,1,18,16,0,16,0.05263157894736842,0.09473684210526316,0.0,0.08421052631578947,20,1,19,16,0,16,0.05,0.1,0.0,0.08421052631578947,4.19129708932587,23,1,22,0.043478260869565216,0.11578947368421053,3.898821280412722,31,6,25,0.1935483870967742,0.13157894736842105,4.166311458871835,23,1,22,0.043478260869565216,0.11578947368421053,3.9366242989813065,27,3,24,0.1111111111111111,0.12631578947368421,4.340849547528305,11,1,10,0.09090909090909091,0.05263157894736842,4.093366591446456,15,2,13,0.13333333333333333,0.06842105263157895,4.19129708932587,23,1,22,0.043478260869565216,0.11578947368421053,3.9938885704049216,26,2,24,0.07692307692307693,0.12631578947368421,1.792594
gaussian,gaussian,250,120,120,0.6,20,block_ar1,0.6,57,18,0,18,12,0,12,0.0,0.09473684210526316,0.0,0.06315789473684211,20,2,18,16,0,16,0.1,0.09473684210526316,0.0,0.08421052631578947,5.081422144724433,18,0,18,0.0,0.09473684210526316,3.9877149198536035,22,2,20,0.09090909090909091,0.10526315789473684,5.0304417319338794,18,0,18,0.0,0.09473684210526316,4.032994418880076,20,1,19,0.05,0.1,4.263057380367858,13,1,12,0.07692307692307693,0.06315789473684211,4.134616847285098,15,2,13,0.13333333333333333,0.06842105263157895,5.081422144724433,18,0,18,0.0,0.09473684210526316,4.073866320636,20,1,19,0.05,0.1,1.67803
gaussian,gaussian,250,120,120,0.6,20,block_ar1,0.6,58,20,3,17,15,0,15,0.15,0.08947368421052632,0.0,0.07894736842105263,22,3,19,17,1,16,0.13636363636363635,0.1,0.058823529411764705,0.08421052631578947,4.102496333730145,29,4,25,0.13793103448275862,0.13157894736842105,3.902856094119115,31,5,26,0.16129032258064516,0.1368421052631579,4.074817162593186,29,4,25,0.13793103448275862,0.13157894736842105,3.974435390877782,30,4,26,0.13333333333333333,0.1368421052631579,4.224056252067394,15,2,13,0.13333333333333333,0.06842105263157895,4.0321747491237,19,5,14,0.2631578947368421,0.07368421052631578,4.19071893599971,28,4,24,0.14285714285714285,0.12631578947368421,4.001432694797765,30,4,26,0.13333333333333333,0.1368421052631579,1.780881
gaussian,gaussian,250,120,120,0.6,20,block_ar1,0.6,59,24,3,21,15,0,15,0.125,0.11052631578947368,0.0,0.07894736842105263,25,4,21,19,1,18,0.16,0.11052631578947368,0.05263157894736842,0.09473684210526316,4.099157660822013,26,3,23,0.11538461538461539,0.12105263157894737,3.947139012164498,28,4,24,0.14285714285714285,0.12631578947368421,4.1694835980830085,25,3,22,0.12,0.11578947368421053,3.917168570340998,28,4,24,0.14285714285714285,0.12631578947368421,4.209713641599403,16,2,14,0.125,0.07368421052631578,3.987786478018148,22,3,19,0.13636363636363635,0.1,4.201384514106008,25,3,22,0.12,0.11578947368421053,4.099157660822013,26,3,23,0.11538461538461539,0.12105263157894737,1.769872
gaussian,gaussian,250,120,120,0.6,20,block_ar1,0.6,60,18,0,18,15,0,15,0.0,0.09473684210526316,0.0,0.07894736842105263,20,2,18,16,0,16,0.1,0.09473684210526316,0.0,0.08421052631578947,4.127836999470198,23,1,22,0.043478260869565216,0.11578947368421053,3.999493366654038,26,3,23,0.11538461538461539,0.12105263157894737,4.262356367993561,21,0,21,0.0,0.11052631578947368,3.9394032223272024,26,3,23,0.11538461538461539,0.12105263157894737,4.316528766959998,10,0,10,0.0,0.05263157894736842,4.071557486311551,16,1,15,0.0625,0.07894736842105263,4.327372715615329,21,0,21,0.0,0.11052631578947368,4.055378929348083,24,1,23,0.041666666666666664,0.12105263157894737,1.837609
gaussian,gaussian,250,120,120,0.6,20,block_ar1,0.6,61,18,0,18,14,0,14,0.0,0.09473684210526316,0.0,0.07368421052631578,20,1,19,16,0,16,0.05,0.1,0.0,0.08421052631578947,4.379624806773376,21,0,21,0.0,0.11052631578947368,4.028718887557748,23,1,22,0.043478260869565216,0.11578947368421053,4.369325371179848,21,0,21,0.0,0.11052631578947368,4.019244667153603,23,1,22,0.043478260869565216,0.11578947368421053,4.297535063666839,12,0,12,0.0,0.06315789473684211,4.112639612232993,14,1,13,0.07142857142857142,0.06842105263157895,4.379624806773376,21,0,21,0.0,0.11052631578947368,4.028718887557748,23,1,22,0.043478260869565216,0.11578947368421053,1.838092
gaussian,gaussian,250,120,120,0.6,20,block_ar1,0.6,62,20,2,18,16,0,16,0.1,0.09473684210526316,0.0,0.08421052631578947,23,3,20,18,0,18,0.13043478260869565,0.10526315789473684,0.0,0.09473684210526316,4.13004557548568,26,3,23,0.11538461538461539,0.12105263157894737,3.9302829688310674,27,3,24,0.1111111111111111,0.12631578947368421,4.2938803459809955,25,2,23,0.08,0.12105263157894737,4.091451920329182,26,3,23,0.11538461538461539,0.12105263157894737,4.284370987791901,13,1,12,0.07692307692307693,0.06315789473684211,4.11174444011839,14,2,12,0.14285714285714285,0.06315789473684211,4.334383458465994,25,2,23,0.08,0.12105263157894737,4.13004557548568,26,3,23,0.11538461538461539,0.12105263157894737,1.751281
gaussian,gaussian,250,120,120,0.6,20,block_ar1,0.6,63,21,1,20,16,1,15,0.047619047619047616,0.10526315789473684,0.0625,0.07894736842105263,23,3,20,20,1,19,0.13043478260869565,0.10526315789473684,0.05,0.1,4.662711011774209,23,1,22,0.043478260869565216,0.11578947368421053,4.0171724914316576,25,3,22,0.12,0.11578947368421053,4.629992176096714,23,1,22,0.043478260869565216,0.11578947368421053,3.9889834815823657,25,3,22,0.12,0.11578947368421053,4.261575240142824,13,1,12,0.07692307692307693,0.06315789473684211,4.119222760225336,17,2,15,0.11764705882352941,0.07894736842105263,4.662711011774209,23,1,22,0.043478260869565216,0.11578947368421053,4.0171724914316576,25,3,22,0.12,0.11578947368421053,1.616452
gaussian,gaussian,250,120,120,0.6,20,block_ar1,0.6,64,19,1,18,13,0,13,0.05263157894736842,0.09473684210526316,0.0,0.06842105263157895,22,2,20,15,0,15,0.09090909090909091,0.10526315789473684,0.0,0.07894736842105263,4.11840653502402,26,2,24,0.07692307692307693,0.12631578947368421,4.041641775072713,27,3,24,0.1111111111111111,0.12631578947368421,4.194751834976602,25,1,24,0.04,0.12631578947368421,4.019474438000903,27,3,24,0.1111111111111111,0.12631578947368421,4.440065734249275,7,0,7,0.0,0.03684210526315789,4.152649832164111,11,1,10,0.09090909090909091,0.05263157894736842,4.217885824082095,25,1,24,0.04,0.12631578947368421,4.041641775072713,27,3,24,0.1111111111111111,0.12631578947368421,1.796709
gaussian,gaussian,250,120,120,0.6,20,block_ar1,0.6,65,20,2,18,14,0,14,0.1,0.09473684210526316,0.0,0.07368421052631578,24,5,19,14,0,14,0.20833333333333334,0.1,0.0,0.07368421052631578,4.221371461855071,23,2,21,0.08695652173913043,0.11052631578947368,4.004616022134256,27,5,22,0.18518518518518517,0.11578947368421053,4.170141047926502,23,2,21,0.08695652173913043,0.11052631578947368,3.95601614451326,27,5,22,0.18518518518518517,0.11578947368421053,4.460504708883824,10,0,10,0.0,0.05263157894736842,4.1298112291736135,13,2,11,0.15384615384615385,0.05789473684210526,4.221371461855071,23,2,21,0.08695652173913043,0.11052631578947368,4.004616022134256,27,5,22,0.18518518518518517,0.11578947368421053,1.796916
gaussian,gaussian,250,120,120,0.6,20,block_ar1,0.6,66,19,2,17,13,0,13,0.10526315789473684,0.08947368421052632,0.0,0.06842105263157895,20,3,17,15,0,15,0.15,0.08947368421052632,0.0,0.07894736842105263,4.148407331608284,21,2,19,0.09523809523809523,0.1,3.9821767094674336,23,3,20,0.13043478260869565,0.10526315789473684,4.1799023241790065,20,2,18,0.1,0.09473684210526316,3.987492195555107,22,2,20,0.09090909090909091,0.10526315789473684,4.542157931148554,5,0,5,0.0,0.02631578947368421,4.238310598581866,10,1,9,0.1,0.04736842105263158,4.620996371814687,19,1,18,0.05263157894736842,0.09473684210526316,4.148407331608284,21,2,19,0.09523809523809523,0.1,1.842191
gaussian,gaussian,250,120,120,0.6,20,block_ar1,0.6,67,18,1,17,14,0,14,0.05555555555555555,0.08947368421052632,0.0,0.07368421052631578,21,2,19,17,0,17,0.09523809523809523,0.1,0.0,0.08947368421052632,4.149578657133793,23,2,21,0.08695652173913043,0.11052631578947368,3.9332450987521277,27,5,22,0.18518518518518517,0.11578947368421053,4.605611441616426,20,0,20,0.0,0.10526315789473684,4.035870831330084,24,2,22,0.08333333333333333,0.11578947368421053,4.2408469090536425,14,1,13,0.07142857142857142,0.06842105263157895,4.067574553973233,18,3,15,0.16666666666666666,0.07894736842105263,4.657973846569841,20,0,20,0.0,0.10526315789473684,4.081755705790013,24,2,22,0.08333333333333333,0.11578947368421053,1.772893
gaussian,gaussian,250,120,120,0.6,20,block_ar1,0.6,68,21,1,20,17,0,17,0.047619047619047616,0.10526315789473684,0.0,0.08947368421052632,26,3,23,17,0,17,0.11538461538461539,0.12105263157894737,0.0,0.08947368421052632,4.170297056439518,27,2,25,0.07407407407407407,0.13157894736842105,3.9726746742455763,30,4,26,0.13333333333333333,0.1368421052631579,4.129878238579579,27,2,25,0.07407407407407407,0.13157894736842105,3.934171226672896,30,4,26,0.13333333333333333,0.1368421052631579,4.56909400390021,9,0,9,0.0,0.04736842105263158,4.142690871452634,11,0,11,0.0,0.05789473684210526,4.2033387649765395,26,1,25,0.038461538461538464,0.13157894736842105,3.9726746742455763,30,4,26,0.13333333333333333,0.1368421052631579,1.783848
gaussian,gaussian,250,120,120,0.6,20,block_ar1,0.6,69,14,0,14,10,0,10,0.0,0.07368421052631578,0.0,0.05263157894736842,16,0,16,12,0,12,0.0,0.08421052631578947,0.0,0.06315789473684211,4.146935175516207,21,0,21,0.0,0.11052631578947368,3.9730829148707243,23,1,22,0.043478260869565216,0.11578947368421053,4.179649044572003,20,0,20,0.0,0.10526315789473684,4.1100210823543915,21,0,21,0.0,0.11052631578947368,4.68898139478631,4,0,4,0.0,0.021052631578947368,4.264152896505187,8,0,8,0.0,0.042105263157894736,4.803427776430764,18,0,18,0.0,0.09473684210526316,4.146935175516207,21,0,21,0.0,0.11052631578947368,1.689184
gaussian,gaussian,250,120,120,0.6,20,block_ar1,0.6,70,18,0,18,14,0,14,0.0,0.09473684210526316,0.0,0.07368421052631578,21,2,19,15,0,15,0.09523809523809523,0.1,0.0,0.07894736842105263,4.1520420571553425,24,0,24,0.0,0.12631578947368421,4.048700592181911,26,2,24,0.07692307692307693,0.12631578947368421,4.194059034051669,23,0,23,0.0,0.12105263157894737,3.9993548677009825,26,2,24,0.07692307692307693,0.12631578947368421,4.400427441782629,9,0,9,0.0,0.04736842105263158,4.215964606402138,12,1,11,0.08333333333333333,0.05789473684210526,4.245807100526709,23,0,23,0.0,0.12105263157894737,4.048700592181911,26,2,24,0.07692307692307693,0.12631578947368421,1.83125
gaussian,gaussian,250,120,120,0.6,20,block_ar1,0.6,71,23,1,22,19,0,19,0.043478260869565216,0.11578947368421053,0.0,0.1,28,3,25,20,0,20,0.10714285714285714,0.13157894736842105,0.0,0.10526315789473684,4.092249996530361,29,1,28,0.034482758620689655,0.14736842105263157,3.908308728348071,33,3,30,0.09090909090909091,0.15789473684210525,4.246894282145635,28,1,27,0.03571428571428571,0.14210526315789473,3.8819554339600986,33,3,30,0.09090909090909091,0.15789473684210525,4.205372736264764,20,1,19,0.05,0.1,4.032339835868297,21,1,20,0.047619047619047616,0.10526315789473684,4.275725024063197,28,1,27,0.03571428571428571,0.14210526315789473,3.9448632809320627,32,2,30,0.0625,0.15789473684210525,1.82498
gaussian,gaussian,250,120,120,0.6,20,block_ar1,0.6,72,20,0,20,17,0,17,0.0,0.10526315789473684,0.0,0.08947368421052632,26,3,23,17,0,17,0.11538461538461539,0.12105263157894737,0.0,0.08947368421052632,4.138648180542062,30,1,29,0.03333333333333333,0.15263157894736842,3.886640337563907,35,5,30,0.14285714285714285,0.15789473684210525,4.115426766435609,30,1,29,0.03333333333333333,0.15263157894736842,3.8648329065322615,35,5,30,0.14285714285714285,0.15789473684210525,4.2753721122490225,13,0,13,0.0,0.06842105263157895,4.070954780248649,15,0,15,0.0,0.07894736842105263,4.138648180542062,30,1,29,0.03333333333333333,0.15263157894736842,3.94387191224419,34,4,30,0.11764705882352941,0.15789473684210525,1.706356
gaussian,gaussian,250,120,120,0.6,20,block_ar1,0.6,73,22,2,20,11,0,11,0.09090909090909091,0.10526315789473684,0.0,0.05789473684210526,22,2,20,16,1,15,0.09090909090909091,0.10526315789473684,0.0625,0.07894736842105263,4.187473582610852,26,2,24,0.07692307692307693,0.12631578947368421,3.938305083558476,28,3,25,0.10714285714285714,0.13157894736842105,4.1650801515496285,26,2,24,0.07692307692307693,0.12631578947368421,3.9172441355556122,28,3,25,0.10714285714285714,0.13157894736842105,4.419636035898164,8,1,7,0.125,0.03684210526315789,4.183726261516581,10,1,9,0.1,0.04736842105263158,4.187473582610852,26,2,24,0.07692307692307693,0.12631578947368421,3.983411260560733,27,2,25,0.07407407407407407,0.13157894736842105,1.746124
gaussian,gaussian,250,120,120,0.6,20,block_ar1,0.6,74,17,1,16,12,0,12,0.058823529411764705,0.08421052631578947,0.0,0.06315789473684211,22,3,19,13,1,12,0.13636363636363635,0.1,0.07692307692307693,0.06315789473684211,4.3074738965048684,25,1,24,0.04,0.12631578947368421,3.967724381182312,28,4,24,0.14285714285714285,0.12631578947368421,4.274605139636651,25,1,24,0.04,0.12631578947368421,3.9374481285250416,28,4,24,0.14285714285714285,0.12631578947368421,4.351340861626389,10,0,10,0.0,0.05263157894736842,4.082444915686279,14,2,12,0.14285714285714285,0.06315789473684211,4.3074738965048684,25,1,24,0.04,0.12631578947368421,3.967724381182312,28,4,24,0.14285714285714285,0.12631578947368421,1.859073
gaussian,gaussian,250,120,120,0.6,20,block_ar1,0.6,75,21,0,21,17,0,17,0.0,0.11052631578947368,0.0,0.08947368421052632,22,0,22,18,0,18,0.0,0.11578947368421053,0.0,0.09473684210526316,4.502803166374128,23,2,21,0.08695652173913043,0.11052631578947368,3.947292216492816,26,2,24,0.07692307692307693,0.12631578947368421,4.4792200635409305,23,2,21,0.08695652173913043,0.11052631578947368,3.948535308671254,25,2,23,0.08,0.12105263157894737,4.374192954484228,11,0,11,0.0,0.05789473684210526,4.024841296933121,18,2,16,0.1111111111111111,0.08421052631578947,4.502803166374128,23,2,21,0.08695652173913043,0.11052631578947368,4.024929139049107,24,2,22,0.08333333333333333,0.11578947368421053,1.729946
gaussian,gaussian,250,120,120,0.6,20,block_ar1,0.6,76,21,4,17,9,0,9,0.19047619047619047,0.08947368421052632,0.0,0.04736842105263158,24,5,19,11,1,10,0.20833333333333334,0.1,0.09090909090909091,0.05263157894736842,4.126252821006154,25,4,21,0.16,0.11052631578947368,4.126252821006154,25,4,21,0.16,0.11052631578947368,4.14695173899859,24,3,21,0.125,0.11052631578947368,4.101937078056967,25,4,21,0.16,0.11052631578947368,4.425604619956629,8,1,7,0.125,0.03684210526315789,4.260655630837351,9,1,8,0.1111111111111111,0.042105263157894736,4.238186695411654,23,2,21,0.08695652173913043,0.11052631578947368,4.126252821006154,25,4,21,0.16,0.11052631578947368,1.774357
gaussian,gaussian,250,120,120,0.6,20,block_ar1,0.6,77,17,1,16,8,0,8,0.058823529411764705,0.08421052631578947,0.0,0.042105263157894736,23,4,19,14,0,14,0.17391304347826086,0.1,0.0,0.07368421052631578,4.469906060457847,23,1,22,0.043478260869565216,0.11578947368421053,3.9358591133126546,27,5,22,0.18518518518518517,0.11578947368421053,4.4377927277911615,23,1,22,0.043478260869565216,0.11578947368421053,4.022139103360776,25,3,22,0.12,0.11578947368421053,4.561470947183917,4,1,3,0.25,0.015789473684210527,4.395865870979307,5,1,4,0.2,0.021052631578947368,4.469906060457847,23,1,22,0.043478260869565216,0.11578947368421053,4.051244629233815,25,3,22,0.12,0.11578947368421053,1.8525
gaussian,gaussian,250,120,120,0.6,20,block_ar1,0.6,78,19,1,18,12,0,12,0.05263157894736842,0.09473684210526316,0.0,0.06315789473684211,21,2,19,15,0,15,0.09523809523809523,0.1,0.0,0.07894736842105263,4.340599457574927,24,1,23,0.041666666666666664,0.12105263157894737,4.059833863701914,26,2,24,0.07692307692307693,0.12631578947368421,4.313317004991226,24,1,23,0.041666666666666664,0.12105263157894737,4.034316138335465,26,2,24,0.07692307692307693,0.12631578947368421,4.362780479042944,11,1,10,0.09090909090909091,0.05263157894736842,4.173601964413313,12,1,11,0.08333333333333333,0.05789473684210526,4.340599457574927,24,1,23,0.041666666666666664,0.12105263157894737,4.059833863701914,26,2,24,0.07692307692307693,0.12631578947368421,1.666021
gaussian,gaussian,250,120,120,0.6,20,block_ar1,0.6,79,22,1,21,17,0,17,0.045454545454545456,0.11052631578947368,0.0,0.08947368421052632,25,3,22,20,0,20,0.12,0.11578947368421053,0.0,0.10526315789473684,4.054771413205958,33,4,29,0.12121212121212122,0.15263157894736842,3.982667794775024,34,4,30,0.11764705882352941,0.15789473684210525,4.140243673196121,31,2,29,0.06451612903225806,0.15263157894736842,3.945807113238802,34,4,30,0.11764705882352941,0.15789473684210525,4.215532753225778,16,1,15,0.0625,0.07894736842105263,4.052557925144856,19,3,16,0.15789473684210525,0.08421052631578947,4.178920729408017,31,2,29,0.06451612903225806,0.15263157894736842,3.982667794775024,34,4,30,0.11764705882352941,0.15789473684210525,1.680626
gaussian,gaussian,250,120,120,0.6,20,block_ar1,0.6,80,17,0,17,9,0,9,0.0,0.08947368421052632,0.0,0.04736842105263158,17,0,17,10,0,10,0.0,0.08947368421052632,0.0,0.05263157894736842,4.204631411155545,19,0,19,0.0,0.1,4.045508482675199,22,0,22,0.0,0.11578947368421053,4.201631416484119,19,0,19,0.0,0.1,4.042622021840835,22,0,22,0.0,0.11578947368421053,4.4877861708599385,6,0,6,0.0,0.031578947368421054,4.165775651290548,10,0,10,0.0,0.05263157894736842,4.287925479165892,18,0,18,0.0,0.09473684210526316,4.045508482675199,22,0,22,0.0,0.11578947368421053,1.89512
gaussian,gaussian,250,120,120,0.6,20,block_ar1,0.6,81,16,1,15,9,0,9,0.0625,0.07894736842105263,0.0,0.04736842105263158,18,1,17,11,0,11,0.05555555555555555,0.08947368421052632,0.0,0.05789473684210526,4.182930290496197,22,2,20,0.09090909090909091,0.10526315789473684,4.015422322890367,24,4,20,0.16666666666666666,0.10526315789473684,4.160749203408727,22,2,20,0.09090909090909091,0.10526315789473684,3.9941294908201406,24,4,20,0.16666666666666666,0.10526315789473684,5.213076387806368,4,0,4,0.0,0.021052631578947368,4.24034280887358,8,1,7,0.125,0.03684210526315789,4.405749899233933,20,1,19,0.05,0.1,4.120151836450115,23,3,20,0.13043478260869565,0.10526315789473684,1.716367
gaussian,gaussian,250,120,120,0.6,20,block_ar1,0.6,82,20,1,19,11,0,11,0.05,0.1,0.0,0.05789473684210526,24,3,21,12,0,12,0.125,0.11052631578947368,0.0,0.06315789473684211,4.19839900197002,25,1,24,0.04,0.12631578947368421,3.9526126007917597,27,3,24,0.1111111111111111,0.12631578947368421,4.185217504090518,25,1,24,0.04,0.12631578947368421,3.9402027858619797,27,3,24,0.1111111111111111,0.12631578947368421,4.340023341273186,10,1,9,0.1,0.04736842105263158,4.09054781369942,14,1,13,0.07142857142857142,0.06842105263157895,4.19839900197002,25,1,24,0.04,0.12631578947368421,4.08819513279682,26,2,24,0.07692307692307693,0.12631578947368421,1.727944
gaussian,gaussian,250,120,120,0.6,20,block_ar1,0.6,83,20,2,18,18,1,17,0.1,0.09473684210526316,0.05555555555555555,0.08947368421052632,22,3,19,18,1,17,0.13636363636363635,0.1,0.05555555555555555,0.08947368421052632,4.320430451718797,24,2,22,0.08333333333333333,0.11578947368421053,4.044795541134018,26,3,23,0.11538461538461539,0.12105263157894737,4.2971753133945025,24,2,22,0.08333333333333333,0.11578947368421053,4.023024034601575,26,3,23,0.11538461538461539,0.12105263157894737,4.393998895342804,10,2,8,0.2,0.042105263157894736,4.085138401079837,14,3,11,0.21428571428571427,0.05789473684210526,4.320430451718797,24,2,22,0.08333333333333333,0.11578947368421053,4.044795541134018,26,3,23,0.11538461538461539,0.12105263157894737,1.933937
gaussian,gaussian,250,120,120,0.6,20,block_ar1,0.6,84,18,0,18,14,0,14,0.0,0.09473684210526316,0.0,0.07368421052631578,20,0,20,14,0,14,0.0,0.10526315789473684,0.0,0.07368421052631578,4.233634557594899,24,0,24,0.0,0.12631578947368421,3.964199138762817,25,1,24,0.04,0.12631578947368421,4.198929230817494,24,0,24,0.0,0.12631578947368421,4.198929230817494,24,0,24,0.0,0.12631578947368421,4.392927864465006,7,0,7,0.0,0.03684210526315789,4.270376618333079,8,0,8,0.0,0.042105263157894736,4.233634557594899,24,0,24,0.0,0.12631578947368421,4.233634557594899,24,0,24,0.0,0.12631578947368421,1.769059
gaussian,gaussian,250,120,120,0.6,20,block_ar1,0.6,85,21,2,19,12,0,12,0.09523809523809523,0.1,0.0,0.06315789473684211,21,2,19,15,0,15,0.09523809523809523,0.1,0.0,0.07894736842105263,4.128345837116761,23,2,21,0.08695652173913043,0.11052631578947368,3.947770815696696,27,3,24,0.1111111111111111,0.12631578947368421,4.155353660552492,22,2,20,0.09090909090909091,0.10526315789473684,3.9406034566854125,26,2,24,0.07692307692307693,0.12631578947368421,4.398531455437819,8,1,7,0.125,0.03684210526315789,4.172308102656137,11,1,10,0.09090909090909091,0.05263157894736842,4.420911976964107,20,1,19,0.05,0.1,4.068034216357079,24,2,22,0.08333333333333333,0.11578947368421053,1.807797
gaussian,gaussian,250,120,120,0.6,20,block_ar1,0.6,86,18,1,17,12,0,12,0.05555555555555555,0.08947368421052632,0.0,0.06315789473684211,20,1,19,14,0,14,0.05,0.1,0.0,0.07368421052631578,4.439584987933142,22,1,21,0.045454545454545456,0.11052631578947368,4.439584987933142,22,1,21,0.045454545454545456,0.11052631578947368,4.377265624215066,22,1,21,0.045454545454545456,0.11052631578947368,4.377265624215066,22,1,21,0.045454545454545456,0.11052631578947368,4.604611509642418,5,0,5,0.0,0.02631578947368421,4.2893680177071944,7,1,6,0.14285714285714285,0.031578947368421054,4.439584987933142,22,1,21,0.045454545454545456,0.11052631578947368,4.439584987933142,22,1,21,0.045454545454545456,0.11052631578947368,1.771987
gaussian,gaussian,250,120,120,0.6,20,block_ar1,0.6,87,23,1,22,19,0,19,0.043478260869565216,0.11578947368421053,0.0,0.1,26,4,22,19,0,19,0.15384615384615385,0.11578947368421053,0.0,0.1,4.151330293606711,26,2,24,0.07692307692307693,0.12631578947368421,3.9340824605159965,33,5,28,0.15151515151515152,0.14736842105263157,4.165616768348907,25,1,24,0.04,0.12631578947368421,3.8828209351481537,33,5,28,0.15151515151515152,0.14736842105263157,4.207292329185513,17,1,16,0.058823529411764705,0.08421052631578947,4.048643880243592,21,1,20,0.047619047619047616,0.10526315789473684,4.343447653184679,24,1,23,0.041666666666666664,0.12105263157894737,4.01237321065091,31,4,27,0.12903225806451613,0.14210526315789473,1.722863
gaussian,gaussian,250,120,120,0.6,20,block_ar1,0.6,88,16,0,16,12,0,12,0.0,0.08421052631578947,0.0,0.06315789473684211,18,1,17,13,0,13,0.05555555555555555,0.08947368421052632,0.0,0.06842105263157895,4.394070978287384,21,1,20,0.047619047619047616,0.10526315789473684,3.9719466577936116,23,2,21,0.08695652173913043,0.11052631578947368,4.360698231252504,21,1,20,0.047619047619047616,0.10526315789473684,4.015817992239018,22,2,20,0.09090909090909091,0.10526315789473684,4.3138194081154975,10,0,10,0.0,0.05263157894736842,4.149463842925536,12,0,12,0.0,0.06315789473684211,4.394070978287384,21,1,20,0.047619047619047616,0.10526315789473684,4.394070978287384,21,1,20,0.047619047619047616,0.10526315789473684,1.756331
gaussian,gaussian,250,120,120,0.6,20,block_ar1,0.6,89,17,0,17,12,0,12,0.0,0.08947368421052632,0.0,0.06315789473684211,22,1,21,14,0,14,0.045454545454545456,0.11052631578947368,0.0,0.07368421052631578,4.152056484888264,24,1,23,0.041666666666666664,0.12105263157894737,3.922087752024774,29,3,26,0.10344827586206896,0.1368421052631579,4.1224549275716065,24,1,23,0.041666666666666664,0.12105263157894737,3.9434162256359757,26,1,25,0.038461538461538464,0.13157894736842105,4.412320220282112,8,0,8,0.0,0.042105263157894736,4.192555007624263,12,1,11,0.08333333333333333,0.05789473684210526,4.33800483816656,23,1,22,0.043478260869565216,0.11578947368421053,4.152056484888264,24,1,23,0.041666666666666664,0.12105263157894737,1.890485
gaussian,gaussian,250,120,120,0.6,20,block_ar1,0.6,90,21,0,21,16,0,16,0.0,0.11052631578947368,0.0,0.08421052631578947,21,0,21,16,0,16,0.0,0.11052631578947368,0.0,0.08421052631578947,4.246801027367314,24,1,23,0.041666666666666664,0.12105263157894737,4.0315929419663,25,1,24,0.04,0.12631578947368421,4.206574081955273,24,1,23,0.041666666666666664,0.12105263157894737,3.993404510684746,25,1,24,0.04,0.12631578947368421,4.2949075687660745,14,0,14,0.0,0.07368421052631578,4.1195004828136454,15,0,15,0.0,0.07894736842105263,4.246801027367314,24,1,23,0.041666666666666664,0.12105263157894737,4.0315929419663,25,1,24,0.04,0.12631578947368421,2.291033
gaussian,gaussian,250,120,120,0.6,20,block_ar1,0.6,91,21,1,20,17,1,16,0.047619047619047616,0.10526315789473684,0.058823529411764705,0.08421052631578947,23,3,20,19,1,18,0.13043478260869565,0.10526315789473684,0.05263157894736842,0.09473684210526316,4.131458134558967,24,2,22,0.08333333333333333,0.11578947368421053,3.92067626283594,28,5,23,0.17857142857142858,0.12105263157894737,4.401927884682477,23,2,21,0.08695652173913043,0.11052631578947368,3.9829824677127252,27,4,23,0.14814814814814814,0.12105263157894737,4.333406456042196,10,1,9,0.1,0.04736842105263158,4.080643004177676,17,2,15,0.11764705882352941,0.07894736842105263,4.431199204729209,23,2,21,0.08695652173913043,0.11052631578947368,4.009467943533134,27,4,23,0.14814814814814814,0.12105263157894737,2.083778
gaussian,gaussian,250,120,120,0.6,20,block_ar1,0.6,92,26,4,22,15,0,15,0.15384615384615385,0.11578947368421053,0.0,0.07894736842105263,27,4,23,17,1,16,0.14814814814814814,0.12105263157894737,0.058823529411764705,0.08421052631578947,4.119212515183428,32,4,28,0.125,0.14736842105263157,3.9136176653882333,34,6,28,0.17647058823529413,0.14736842105263157,4.05813723231584,31,4,27,0.12903225806451613,0.14210526315789473,4.05813723231584,31,4,27,0.12903225806451613,0.14210526315789473,4.195391695677763,18,3,15,0.16666666666666666,0.07894736842105263,4.062928898371128,23,5,18,0.21739130434782608,0.09473684210526316,4.119212515183428,32,4,28,0.125,0.14736842105263157,4.119212515183428,32,4,28,0.125,0.14736842105263157,1.812248
gaussian,gaussian,250,120,120,0.6,20,block_ar1,0.6,93,20,2,18,13,0,13,0.1,0.09473684210526316,0.0,0.06842105263157895,22,2,20,14,0,14,0.09090909090909091,0.10526315789473684,0.0,0.07368421052631578,4.281230377362754,24,2,22,0.08333333333333333,0.11578947368421053,3.947506013822905,26,4,22,0.15384615384615385,0.11578947368421053,4.25440017344284,24,2,22,0.08333333333333333,0.11578947368421053,4.04510073672968,25,3,22,0.12,0.11578947368421053,4.38740307400817,10,1,9,0.1,0.04736842105263158,4.12468210672865,13,1,12,0.07692307692307693,0.06315789473684211,4.281230377362754,24,2,22,0.08333333333333333,0.11578947368421053,4.070611002153354,25,3,22,0.12,0.11578947368421053,1.715049
gaussian,gaussian,250,120,120,0.6,20,block_ar1,0.6,94,17,1,16,11,1,10,0.058823529411764705,0.08421052631578947,0.09090909090909091,0.05263157894736842,23,5,18,14,1,13,0.21739130434782608,0.09473684210526316,0.07142857142857142,0.06842105263157895,4.6619959434853016,21,2,19,0.09523809523809523,0.1,3.945530167283979,27,5,22,0.18518518518518517,0.11578947368421053,4.631743696837738,21,2,19,0.09523809523809523,0.1,3.994311915618238,26,5,21,0.19230769230769232,0.11052631578947368,4.556121300315509,5,1,4,0.2,0.021052631578947368,4.255799330281571,8,1,7,0.125,0.03684210526315789,4.6619959434853016,21,2,19,0.09523809523809523,0.1,4.020400774840108,26,5,21,0.19230769230769232,0.11052631578947368,1.835874
gaussian,gaussian,250,120,120,0.6,20,block_ar1,0.6,95,16,1,15,11,0,11,0.0625,0.07894736842105263,0.0,0.05789473684210526,24,4,20,13,0,13,0.16666666666666666,0.10526315789473684,0.0,0.06842105263157895,4.147076940839874,25,1,24,0.04,0.12631578947368421,3.9080520989447995,31,4,27,0.12903225806451613,0.14210526315789473,4.1351473700273855,25,1,24,0.04,0.12631578947368421,3.8968101121385894,31,4,27,0.12903225806451613,0.14210526315789473,4.419179605172279,7,2,5,0.2857142857142857,0.02631578947368421,4.177054402608585,10,2,8,0.2,0.042105263157894736,4.2536575369979195,24,1,23,0.041666666666666664,0.12105263157894737,3.927368154317889,30,4,26,0.13333333333333333,0.1368421052631579,1.860529
gaussian,gaussian,250,120,120,0.6,20,block_ar1,0.6,96,19,3,16,12,0,12,0.15789473684210525,0.08421052631578947,0.0,0.06315789473684211,21,3,18,14,1,13,0.14285714285714285,0.09473684210526316,0.07142857142857142,0.06842105263157895,4.232605773400733,24,4,20,0.16666666666666666,0.10526315789473684,4.232605773400733,24,4,20,0.16666666666666666,0.10526315789473684,4.181982656983357,24,4,20,0.16666666666666666,0.10526315789473684,4.181982656983357,24,4,20,0.16666666666666666,0.10526315789473684,4.432993642328464,7,1,6,0.14285714285714285,0.031578947368421054,4.1747134223218865,11,1,10,0.09090909090909091,0.05263157894736842,4.3010723704639595,23,4,19,0.17391304347826086,0.1,4.232605773400733,24,4,20,0.16666666666666666,0.10526315789473684,1.704658
gaussian,gaussian,250,120,120,0.6,20,block_ar1,0.6,97,19,1,18,13,0,13,0.05263157894736842,0.09473684210526316,0.0,0.06842105263157895,24,4,20,14,0,14,0.16666666666666666,0.10526315789473684,0.0,0.07368421052631578,4.0807082350836925,28,5,23,0.17857142857142858,0.12105263157894737,4.0807082350836925,28,5,23,0.17857142857142858,0.12105263157894737,4.161928539390328,26,3,23,0.11538461538461539,0.12105263157894737,4.029532824680689,28,5,23,0.17857142857142858,0.12105263157894737,4.261018941859581,13,0,13,0.0,0.06842105263157895,4.261018941859581,13,0,13,0.0,0.06842105263157895,4.21478538665727,26,3,23,0.11538461538461539,0.12105263157894737,4.0807082350836925,28,5,23,0.17857142857142858,0.12105263157894737,1.675517
gaussian,gaussian,250,120,120,0.6,20,block_ar1,0.6,98,25,4,21,16,0,16,0.16,0.11052631578947368,0.0,0.08421052631578947,30,7,23,17,0,17,0.23333333333333334,0.12105263157894737,0.0,0.08947368421052632,4.059606290930537,32,5,27,0.15625,0.14210526315789473,3.925257665508286,34,7,27,0.20588235294117646,0.14210526315789473,4.093658692122653,30,4,26,0.13333333333333333,0.1368421052631579,3.88854694535967,34,7,27,0.20588235294117646,0.14210526315789473,4.286664183741556,13,2,11,0.15384615384615385,0.05789473684210526,4.1600040118247525,14,2,12,0.14285714285714285,0.06315789473684211,4.1323058168049975,30,4,26,0.13333333333333333,0.1368421052631579,3.925257665508286,34,7,27,0.20588235294117646,0.14210526315789473,1.807061
gaussian,gaussian,250,120,120,0.6,20,block_ar1,0.6,99,19,1,18,18,0,18,0.05263157894736842,0.09473684210526316,0.0,0.09473684210526316,19,1,18,19,1,18,0.05263157894736842,0.09473684210526316,0.05263157894736842,0.09473684210526316,4.1739491956998,23,1,22,0.043478260869565216,0.11578947368421053,4.018310773439825,24,1,23,0.041666666666666664,0.12105263157894737,4.1309188130516645,23,1,22,0.043478260869565216,0.11578947368421053,3.976884909809673,24,1,23,0.041666666666666664,0.12105263157894737,4.242571661980264,16,1,15,0.0625,0.07894736842105263,4.0939350362340345,17,1,16,0.058823529411764705,0.08421052631578947,4.268285060335126,22,1,21,0.045454545454545456,0.11052631578947368,4.018310773439825,24,1,23,0.041666666666666664,0.12105263157894737,1.679434
gaussian,gaussian,250,120,120,0.6,20,block_ar1,0.6,100,16,0,16,11,0,11,0.0,0.08421052631578947,0.0,0.05789473684210526,18,1,17,13,0,13,0.05555555555555555,0.08947368421052632,0.0,0.06842105263157895,4.483810363263639,21,0,21,0.0,0.11052631578947368,4.039532465934078,23,1,22,0.043478260869565216,0.11578947368421053,4.46509634013968,21,0,21,0.0,0.11052631578947368,4.022672719902703,23,1,22,0.043478260869565216,0.11578947368421053,4.657472953506337,7,0,7,0.0,0.03684210526315789,4.174307883179412,11,1,10,0.09090909090909091,0.05263157894736842,4.483810363263639,21,0,21,0.0,0.11052631578947368,4.039532465934078,23,1,22,0.043478260869565216,0.11578947368421053,1.853754
gaussian,gaussian,250,120,120,0.6,20,block_ar1,0.6,101,15,0,15,7,0,7,0.0,0.07894736842105263,0.0,0.03684210526315789,15,0,15,10,0,10,0.0,0.07894736842105263,0.0,0.05263157894736842,4.167178978355718,20,0,20,0.0,0.10526315789473684,4.167178978355718,20,0,20,0.0,0.10526315789473684,4.21420498781892,19,0,19,0.0,0.1,4.136735972486529,20,0,20,0.0,0.10526315789473684,4.7341911609038005,6,0,6,0.0,0.031578947368421054,4.277654125559244,7,0,7,0.0,0.03684210526315789,4.4002550969493575,18,0,18,0.0,0.09473684210526316,4.167178978355718,20,0,20,0.0,0.10526315789473684,1.8482
gaussian,gaussian,250,120,120,0.6,20,block_ar1,0.6,102,24,3,21,20,1,19,0.125,0.11052631578947368,0.05,0.1,25,3,22,21,2,19,0.12,0.11578947368421053,0.09523809523809523,0.1,4.356938125103009,29,3,26,0.10344827586206896,0.1368421052631579,4.356938125103009,29,3,26,0.10344827586206896,0.1368421052631579,4.1223163533044875,28,3,25,0.10714285714285714,0.13157894736842105,4.1223163533044875,28,3,25,0.10714285714285714,0.13157894736842105,4.206070064519213,19,3,16,0.15789473684210525,0.08421052631578947,4.002202167148467,23,3,20,0.13043478260869565,0.10526315789473684,4.356938125103009,29,3,26,0.10344827586206896,0.1368421052631579,4.356938125103009,29,3,26,0.10344827586206896,0.1368421052631579,1.652475
gaussian,gaussian,250,120,120,0.6,20,block_ar1,0.6,103,21,1,20,18,0,18,0.047619047619047616,0.10526315789473684,0.0,0.09473684210526316,22,2,20,18,0,18,0.09090909090909091,0.10526315789473684,0.0,0.09473684210526316,4.70519381489321,23,1,22,0.043478260869565216,0.11578947368421053,3.9658171956579897,25,3,22,0.12,0.11578947368421053,4.656160885309102,23,1,22,0.043478260869565216,0.11578947368421053,4.054939998657813,24,2,22,0.08333333333333333,0.11578947368421053,4.228401320920522,18,2,16,0.1111111111111111,0.08421052631578947,4.047673544623873,21,3,18,0.14285714285714285,0.09473684210526316,4.70519381489321,23,1,22,0.043478260869565216,0.11578947368421053,4.097641613210973,24,2,22,0.08333333333333333,0.11578947368421053,1.663061
gaussian,gaussian,250,120,120,0.6,20,block_ar1,0.6,104,15,0,15,15,0,15,0.0,0.07894736842105263,0.0,0.07894736842105263,15,0,15,15,0,15,0.0,0.07894736842105263,0.0,0.07894736842105263,4.430997379998305,20,0,20,0.0,0.10526315789473684,4.03411990567532,23,0,23,0.0,0.12105263157894737,4.407349993927787,20,0,20,0.0,0.10526315789473684,4.012590578825594,23,0,23,0.0,0.12105263157894737,4.396137036082079,13,1,12,0.07692307692307693,0.06315789473684211,4.124369680877124,15,1,14,0.06666666666666667,0.07368421052631578,4.430997379998305,20,0,20,0.0,0.10526315789473684,4.03411990567532,23,0,23,0.0,0.12105263157894737,1.813604
gaussian,gaussian,250,120,120,0.6,20,block_ar1,0.6,105,22,3,19,14,0,14,0.13636363636363635,0.1,0.0,0.07368421052631578,24,4,20,16,1,15,0.16666666666666666,0.10526315789473684,0.0625,0.07894736842105263,4.224140912689179,24,3,21,0.125,0.11052631578947368,3.9432905754890295,26,5,21,0.19230769230769232,0.11052631578947368,4.188057013093883,24,3,21,0.125,0.11052631578947368,3.9845175427227835,25,4,21,0.16,0.11052631578947368,4.40824565675173,11,1,10,0.09090909090909091,0.05263157894736842,4.137136163239912,15,2,13,0.13333333333333333,0.06842105263157895,4.383607838732002,23,3,20,0.13043478260869565,0.10526315789473684,4.018847765663346,25,4,21,0.16,0.11052631578947368,1.742806
gaussian,gaussian,250,120,120,0.6,20,block_ar1,0.6,106,20,1,19,15,0,15,0.05,0.1,0.0,0.07894736842105263,23,4,19,17,0,17,0.17391304347826086,0.1,0.0,0.08947368421052632,4.127946147619986,23,2,21,0.08695652173913043,0.11052631578947368,3.939929253643786,26,4,22,0.15384615384615385,0.11578947368421053,4.24477441339759,22,1,21,0.045454545454545456,0.11052631578947368,4.036457231303826,24,3,21,0.125,0.11052631578947368,4.252709715001333,14,2,12,0.14285714285714285,0.06315789473684211,3.948183881362543,26,8,18,0.3076923076923077,0.09473684210526316,4.276846166476797,22,1,21,0.045454545454545456,0.11052631578947368,4.066955026246369,24,3,21,0.125,0.11052631578947368,1.927475
gaussian,gaussian,250,120,120,0.6,20,block_ar1,0.6,107,22,2,20,15,0,15,0.09090909090909091,0.10526315789473684,0.0,0.07894736842105263,24,3,21,15,0,15,0.125,0.11052631578947368,0.0,0.07894736842105263,4.165196225009839,26,3,23,0.11538461538461539,0.12105263157894737,4.165196225009839,26,3,23,0.11538461538461539,0.12105263157894737,4.13545388931488,26,3,23,0.11538461538461539,0.12105263157894737,4.13545388931488,26,3,23,0.11538461538461539,0.12105263157894737,4.372419321610608,12,0,12,0.0,0.06315789473684211,4.023039387949308,19,3,16,0.15789473684210525,0.08421052631578947,4.165196225009839,26,3,23,0.11538461538461539,0.12105263157894737,4.165196225009839,26,3,23,0.11538461538461539,0.12105263157894737,1.915151
gaussian,gaussian,250,120,120,0.6,20,block_ar1,0.6,108,21,0,21,15,0,15,0.0,0.11052631578947368,0.0,0.07894736842105263,27,2,25,17,0,17,0.07407407407407407,0.13157894736842105,0.0,0.08947368421052632,4.200937220664318,26,0,26,0.0,0.1368421052631579,3.939393309432765,30,3,27,0.1,0.14210526315789473,4.17517864922056,26,0,26,0.0,0.1368421052631579,3.915238427158652,30,3,27,0.1,0.14210526315789473,4.631361418185756,8,0,8,0.0,0.042105263157894736,4.154563375559795,13,0,13,0.0,0.06842105263157895,4.200937220664318,26,0,26,0.0,0.1368421052631579,3.939393309432765,30,3,27,0.1,0.14210526315789473,1.680586
gaussian,gaussian,250,120,120,0.6,20,block_ar1,0.6,109,20,0,20,14,0,14,0.0,0.10526315789473684,0.0,0.07368421052631578,24,3,21,17,0,17,0.125,0.11052631578947368,0.0,0.08947368421052632,4.506687408005368,22,0,22,0.0,0.11578947368421053,3.972603164669227,26,4,22,0.15384615384615385,0.11578947368421053,4.478894908656916,22,0,22,0.0,0.11578947368421053,3.948104334182425,26,4,22,0.15384615384615385,0.11578947368421053,4.456340330619514,8,0,8,0.0,0.042105263157894736,4.179733554033011,13,1,12,0.07692307692307693,0.06315789473684211,4.506687408005368,22,0,22,0.0,0.11578947368421053,3.972603164669227,26,4,22,0.15384615384615385,0.11578947368421053,1.632465
gaussian,gaussian,250,120,120,0.6,20,block_ar1,0.6,110,18,0,18,14,0,14,0.0,0.09473684210526316,0.0,0.07368421052631578,21,0,21,16,0,16,0.0,0.11052631578947368,0.0,0.08421052631578947,4.230333923436075,23,0,23,0.0,0.12105263157894737,3.9261522427910953,27,1,26,0.037037037037037035,0.1368421052631579,4.185589888224252,23,0,23,0.0,0.12105263157894737,3.9361147579140954,26,0,26,0.0,0.1368421052631579,4.323879301339189,10,1,9,0.1,0.04736842105263158,4.079632520873596,15,1,14,0.06666666666666667,0.07368421052631578,4.230333923436075,23,0,23,0.0,0.12105263157894737,3.9990738824837444,25,0,25,0.0,0.13157894736842105,1.795331
gaussian,gaussian,250,120,120,0.6,20,block_ar1,0.6,111,18,1,17,15,0,15,0.05555555555555555,0.08947368421052632,0.0,0.07894736842105263,18,1,17,15,0,15,0.05555555555555555,0.08947368421052632,0.0,0.07894736842105263,4.2017061018372335,22,2,20,0.09090909090909091,0.10526315789473684,3.9727268729821064,26,3,23,0.11538461538461539,0.12105263157894737,4.154775946175852,22,2,20,0.09090909090909091,0.10526315789473684,3.947755844304595,25,3,22,0.12,0.11578947368421053,4.443902225234569,13,0,13,0.0,0.06842105263157895,4.062595534103971,16,2,14,0.125,0.07368421052631578,4.4790469547647795,21,2,19,0.09523809523809523,0.1,4.118797428299756,23,2,21,0.08695652173913043,0.11052631578947368,1.808935
gaussian,gaussian,250,120,120,0.6,20,block_ar1,0.6,112,15,0,15,12,0,12,0.0,0.07894736842105263,0.0,0.06315789473684211,15,0,15,12,0,12,0.0,0.07894736842105263,0.0,0.06315789473684211,4.750961269004068,16,0,16,0.0,0.08421052631578947,4.750961269004068,16,0,16,0.0,0.08421052631578947,4.74309714214234,16,0,16,0.0,0.08421052631578947,4.74309714214234,16,0,16,0.0,0.08421052631578947,4.45548632722879,6,0,6,0.0,0.031578947368421054,4.190927722270017,10,0,10,0.0,0.05263157894736842,4.750961269004068,16,0,16,0.0,0.08421052631578947,4.750961269004068,16,0,16,0.0,0.08421052631578947,1.757004
gaussian,gaussian,250,120,120,0.6,20,block_ar1,0.6,113,17,0,17,16,0,16,0.0,0.08947368421052632,0.0,0.08421052631578947,20,0,20,16,0,16,0.0,0.10526315789473684,0.0,0.08421052631578947,4.4697872911945264,21,0,21,0.0,0.11052631578947368,4.003280335465717,23,0,23,0.0,0.12105263157894737,4.399791226970022,21,0,21,0.0,0.11052631578947368,3.9942199717902347,22,0,22,0.0,0.11578947368421053,4.466280607593453,10,0,10,0.0,0.05263157894736842,4.219098421746483,11,0,11,0.0,0.05789473684210526,4.4697872911945264,21,0,21,0.0,0.11052631578947368,4.4697872911945264,21,0,21,0.0,0.11052631578947368,1.751933
gaussian,gaussian,250,120,120,0.6,20,block_ar1,0.6,114,19,0,19,13,0,13,0.0,0.1,0.0,0.06842105263157895,27,6,21,14,0,14,0.2222222222222222,0.11052631578947368,0.0,0.07368421052631578,4.147086977077268,24,2,22,0.08333333333333333,0.11578947368421053,3.9014399097702537,32,9,23,0.28125,0.12105263157894737,4.223810342927632,23,1,22,0.043478260869565216,0.11578947368421053,3.9103568289737214,30,8,22,0.26666666666666666,0.11578947368421053,4.4427151482337575,8,0,8,0.0,0.042105263157894736,4.144423684759897,12,0,12,0.0,0.06315789473684211,4.279351295313137,23,1,22,0.043478260869565216,0.11578947368421053,3.9617760274734874,30,8,22,0.26666666666666666,0.11578947368421053,1.76628
gaussian,gaussian,250,120,120,0.6,20,block_ar1,0.6,115,26,1,25,17,0,17,0.038461538461538464,0.13157894736842105,0.0,0.08947368421052632,31,3,28,19,1,18,0.0967741935483871,0.14736842105263157,0.05263157894736842,0.09473684210526316,4.046087829295357,33,3,30,0.09090909090909091,0.15789473684210525,3.919616988843198,35,4,31,0.11428571428571428,0.1631578947368421,4.085222996111813,31,2,29,0.06451612903225806,0.15263157894736842,3.883206629679024,35,4,31,0.11428571428571428,0.1631578947368421,4.187091811216998,18,2,16,0.1111111111111111,0.08421052631578947,4.048925746802019,21,2,19,0.09523809523809523,0.1,4.123527534278115,31,2,29,0.06451612903225806,0.15263157894736842,3.919616988843198,35,4,31,0.11428571428571428,0.1631578947368421,1.729323
gaussian,gaussian,250,120,120,0.6,20,block_ar1,0.6,116,21,0,21,16,0,16,0.0,0.11052631578947368,0.0,0.08421052631578947,22,1,21,19,0,19,0.045454545454545456,0.11052631578947368,0.0,0.1,4.258895286360195,23,1,22,0.043478260869565216,0.11578947368421053,3.9565719301264575,24,2,22,0.08333333333333333,0.11578947368421053,4.208898656058246,23,1,22,0.043478260869565216,0.11578947368421053,4.208898656058246,23,1,22,0.043478260869565216,0.11578947368421053,4.262164863982693,14,0,14,0.0,0.07368421052631578,4.119968820835504,15,1,14,0.06666666666666667,0.07368421052631578,4.258895286360195,23,1,22,0.043478260869565216,0.11578947368421053,4.258895286360195,23,1,22,0.043478260869565216,0.11578947368421053,1.811984
gaussian,gaussian,250,120,120,0.6,20,block_ar1,0.6,117,21,0,21,19,0,19,0.0,0.11052631578947368,0.0,0.1,29,2,27,19,0,19,0.06896551724137931,0.14210526315789473,0.0,0.1,4.075713468348281,34,2,32,0.058823529411764705,0.16842105263157894,3.985376978702027,35,3,32,0.08571428571428572,0.16842105263157894,4.035740155001419,34,2,32,0.058823529411764705,0.16842105263157894,3.9462896571785184,35,3,32,0.08571428571428572,0.16842105263157894,4.438418241972039,12,1,11,0.08333333333333333,0.05789473684210526,4.031180659664169,19,1,18,0.05263157894736842,0.09473684210526316,4.2996096480450126,31,0,31,0.0,0.1631578947368421,3.985376978702027,35,3,32,0.08571428571428572,0.16842105263157894,1.756464
gaussian,gaussian,250,120,120,0.6,20,block_ar1,0.6,118,19,0,19,13,0,13,0.0,0.1,0.0,0.06842105263157895,20,0,20,15,0,15,0.0,0.10526315789473684,0.0,0.07894736842105263,4.6418981687409016,21,0,21,0.0,0.11052631578947368,4.6418981687409016,21,0,21,0.0,0.11052631578947368,4.598250063898068,21,0,21,0.0,0.11052631578947368,4.598250063898068,21,0,21,0.0,0.11052631578947368,4.43657345379286,7,0,7,0.0,0.03684210526315789,4.43657345379286,7,0,7,0.0,0.03684210526315789,4.6418981687409016,21,0,21,0.0,0.11052631578947368,4.6418981687409016,21,0,21,0.0,0.11052631578947368,1.800468
gaussian,gaussian,250,120,120,0.6,20,block_ar1,0.6,119,20,1,19,13,0,13,0.05,0.1,0.0,0.06842105263157895,20,1,19,18,0,18,0.05,0.1,0.0,0.09473684210526316,4.204753042931047,21,1,20,0.047619047619047616,0.10526315789473684,4.074973701789775,22,2,20,0.09090909090909091,0.10526315789473684,4.176920407911968,21,1,20,0.047619047619047616,0.10526315789473684,4.048000118657482,22,2,20,0.09090909090909091,0.10526315789473684,4.391666798450122,10,0,10,0.0,0.05263157894736842,4.126691686753201,14,1,13,0.07142857142857142,0.06842105263157895,4.204753042931047,21,1,20,0.047619047619047616,0.10526315789473684,4.074973701789775,22,2,20,0.09090909090909091,0.10526315789473684,1.74911
gaussian,gaussian,250,120,120,0.6,20,block_ar1,0.6,120,21,1,20,18,0,18,0.047619047619047616,0.10526315789473684,0.0,0.09473684210526316,26,4,22,18,0,18,0.15384615384615385,0.11578947368421053,0.0,0.09473684210526316,4.121224741262367,25,1,24,0.04,0.12631578947368421,3.9308984382789998,29,4,25,0.13793103448275862,0.13157894736842105,4.108516350297692,25,1,24,0.04,0.12631578947368421,3.9187769459236033,29,4,25,0.13793103448275862,0.13157894736842105,4.2988230530376175,15,0,15,0.0,0.07894736842105263,4.091487914685617,17,0,17,0.0,0.08947368421052632,4.403903568045307,24,0,24,0.0,0.12631578947368421,3.9308984382789998,29,4,25,0.13793103448275862,0.13157894736842105,1.794265
gaussian,gaussian,250,120,120,0.6,20,block_ar1,0.6,121,18,0,18,14,0,14,0.0,0.09473684210526316,0.0,0.07368421052631578,22,2,20,14,0,14,0.09090909090909091,0.10526315789473684,0.0,0.07368421052631578,4.134563497440929,24,1,23,0.041666666666666664,0.12105263157894737,4.001303106596217,26,2,24,0.07692307692307693,0.12631578947368421,4.221141756720893,22,0,22,0.0,0.11578947368421053,3.966373596643562,26,2,24,0.07692307692307693,0.12631578947368421,4.366642066065575,10,0,10,0.0,0.05263157894736842,4.2446531369379406,11,0,11,0.0,0.05789473684210526,4.258314859407872,22,0,22,0.0,0.11578947368421053,4.001303106596217,26,2,24,0.07692307692307693,0.12631578947368421,1.697835
gaussian,gaussian,250,120,120,0.6,20,block_ar1,0.6,122,23,0,23,17,0,17,0.0,0.12105263157894737,0.0,0.08947368421052632,26,1,25,20,0,20,0.038461538461538464,0.13157894736842105,0.0,0.10526315789473684,4.4080873011394575,30,0,30,0.0,0.15789473684210525,3.97835708319296,31,1,30,0.03225806451612903,0.15789473684210525,4.37318561145659,30,0,30,0.0,0.15789473684210525,3.946857846703395,31,1,30,0.03225806451612903,0.15789473684210525,4.196411341561207,18,0,18,0.0,0.09473684210526316,4.038084575647368,20,1,19,0.05,0.1,4.4080873011394575,30,0,30,0.0,0.15789473684210525,3.97835708319296,31,1,30,0.03225806451612903,0.15789473684210525,1.771887
gaussian,gaussian,250,120,120,0.6,20,block_ar1,0.6,123,21,2,19,18,0,18,0.09523809523809523,0.1,0.0,0.09473684210526316,23,2,21,19,0,19,0.08695652173913043,0.11052631578947368,0.0,0.1,4.167064985555958,26,2,24,0.07692307692307693,0.12631578947368421,4.03503714214666,27,2,25,0.07407407407407407,0.13157894736842105,4.14583464240424,26,2,24,0.07692307692307693,0.12631578947368421,4.01447945383255,27,2,25,0.07407407407407407,0.13157894736842105,4.3558206165245315,14,1,13,0.07142857142857142,0.06842105263157895,4.0201337553697565,19,2,17,0.10526315789473684,0.08947368421052632,4.206361674593417,25,2,23,0.08,0.12105263157894737,4.03503714214666,27,2,25,0.07407407407407407,0.13157894736842105,1.899502
gaussian,gaussian,250,120,120,0.6,20,block_ar1,0.6,124,21,0,21,17,0,17,0.0,0.11052631578947368,0.0,0.08947368421052632,23,2,21,18,0,18,0.08695652173913043,0.11052631578947368,0.0,0.09473684210526316,4.1574413742209035,23,1,22,0.043478260869565216,0.11578947368421053,3.9533751553048155,26,3,23,0.11538461538461539,0.12105263157894737,4.159703246985218,22,0,22,0.0,0.11578947368421053,3.9848656710257897,25,3,22,0.12,0.11578947368421053,4.275375240956237,16,0,16,0.0,0.08421052631578947,4.079123887867941,18,1,17,0.05555555555555555,0.08947368421052632,5.296760843152342,21,0,21,0.0,0.11052631578947368,4.0356716516694435,25,3,22,0.12,0.11578947368421053,1.671904
gaussian,gaussian,250,120,120,0.6,20,block_ar1,0.6,125,15,0,15,12,0,12,0.0,0.07894736842105263,0.0,0.06315789473684211,18,0,18,12,0,12,0.0,0.09473684210526316,0.0,0.06315789473684211,4.168993996233785,22,2,20,0.09090909090909091,0.10526315789473684,3.966298502241345,25,4,21,0.16,0.11052631578947368,4.313293317624903,21,1,20,0.047619047619047616,0.10526315789473684,4.026510037649204,23,2,21,0.08695652173913043,0.11052631578947368,4.438193274437483,6,0,6,0.0,0.031578947368421054,4.273502700322711,8,0,8,0.0,0.042105263157894736,4.3549117788663665,21,1,20,0.047619047619047616,0.10526315789473684,4.065361360663919,23,2,21,0.08695652173913043,0.11052631578947368,1.842931
gaussian,gaussian,250,120,120,0.6,20,block_ar1,0.6,126,21,2,19,14,0,14,0.09523809523809523,0.1,0.0,0.07368421052631578,23,4,19,16,0,16,0.17391304347826086,0.1,0.0,0.08421052631578947,4.157279706284222,24,2,22,0.08333333333333333,0.11578947368421053,3.9164022766416986,31,6,25,0.1935483870967742,0.13157894736842105,4.122545961931004,24,2,22,0.08333333333333333,0.11578947368421053,3.91368468623319,29,4,25,0.13793103448275862,0.13157894736842105,4.295115947311495,14,2,12,0.14285714285714285,0.06315789473684211,4.055546669014728,18,3,15,0.16666666666666666,0.07894736842105263,4.244651221736351,23,1,22,0.043478260869565216,0.11578947368421053,3.927318323491638,30,5,25,0.16666666666666666,0.13157894736842105,1.773687
gaussian,gaussian,250,120,120,0.6,20,block_ar1,0.6,127,20,2,18,18,0,18,0.1,0.09473684210526316,0.0,0.09473684210526316,24,3,21,18,0,18,0.125,0.11052631578947368,0.0,0.09473684210526316,4.142398011424741,25,2,23,0.08,0.12105263157894737,3.9835013806909396,26,3,23,0.11538461538461539,0.12105263157894737,4.181267451357955,24,2,22,0.08333333333333333,0.11578947368421053,3.9452140204359414,26,3,23,0.11538461538461539,0.12105263157894737,4.310155507868484,14,1,13,0.07142857142857142,0.06842105263157895,4.1066711445124175,17,3,14,0.17647058823529413,0.07368421052631578,4.221845653808668,24,2,22,0.08333333333333333,0.11578947368421053,4.142398011424741,25,2,23,0.08,0.12105263157894737,1.769859
gaussian,gaussian,250,120,120,0.6,20,block_ar1,0.6,128,21,2,19,16,1,15,0.09523809523809523,0.1,0.0625,0.07894736842105263,28,6,22,17,1,16,0.21428571428571427,0.11578947368421053,0.058823529411764705,0.08421052631578947,4.226508365301664,27,2,25,0.07407407407407407,0.13157894736842105,3.9339505303592457,31,6,25,0.1935483870967742,0.13157894736842105,4.186699589724787,26,2,24,0.07692307692307693,0.12631578947368421,3.919894977750489,29,5,24,0.1724137931034483,0.12631578947368421,4.2405711972835105,18,3,15,0.16666666666666666,0.07894736842105263,4.2405711972835105,18,3,15,0.16666666666666666,0.07894736842105263,4.226508365301664,27,2,25,0.07407407407407407,0.13157894736842105,3.957166870827597,30,5,25,0.16666666666666666,0.13157894736842105,1.743682
gaussian,gaussian,250,120,120,0.6,20,block_ar1,0.6,129,22,0,22,15,0,15,0.0,0.11578947368421053,0.0,0.07894736842105263,24,1,23,18,0,18,0.041666666666666664,0.12105263157894737,0.0,0.09473684210526316,4.149180437588842,25,0,25,0.0,0.13157894736842105,4.010733128819109,26,1,25,0.038461538461538464,0.13157894736842105,4.125718683117433,25,0,25,0.0,0.13157894736842105,3.9880542317853176,26,1,25,0.038461538461538464,0.13157894736842105,4.363408973207061,9,0,9,0.0,0.04736842105263158,4.21021830735413,11,1,10,0.09090909090909091,0.05263157894736842,4.403765413071757,24,0,24,0.0,0.12631578947368421,4.010733128819109,26,1,25,0.038461538461538464,0.13157894736842105,1.855943
gaussian,gaussian,250,120,120,0.6,20,block_ar1,0.6,130,19,1,18,14,0,14,0.05263157894736842,0.09473684210526316,0.0,0.07368421052631578,21,1,20,16,0,16,0.047619047619047616,0.10526315789473684,0.0,0.08421052631578947,4.261823371462808,23,1,22,0.043478260869565216,0.11578947368421053,3.995703567891681,24,1,23,0.041666666666666664,0.12105263157894737,4.202166486073977,23,1,22,0.043478260869565216,0.11578947368421053,4.202166486073977,23,1,22,0.043478260869565216,0.11578947368421053,4.288139579826985,12,0,12,0.0,0.06315789473684211,4.093430349320112,15,0,15,0.0,0.07894736842105263,4.856176402492748,22,1,21,0.045454545454545456,0.11052631578947368,4.261823371462808,23,1,22,0.043478260869565216,0.11578947368421053,1.810452
gaussian,gaussian,250,120,120,0.6,20,block_ar1,0.6,131,18,0,18,16,0,16,0.0,0.09473684210526316,0.0,0.08421052631578947,22,1,21,16,0,16,0.045454545454545456,0.11052631578947368,0.0,0.08421052631578947,4.137252638241168,27,0,27,0.0,0.14210526315789473,3.9200738405109434,30,2,28,0.06666666666666667,0.14736842105263157,4.128300955503769,27,0,27,0.0,0.14210526315789473,3.9115920627719984,30,2,28,0.06666666666666667,0.14736842105263157,4.652292130966389,8,0,8,0.0,0.042105263157894736,4.226775027238261,10,0,10,0.0,0.05263157894736842,4.137252638241168,27,0,27,0.0,0.14210526315789473,3.9200738405109434,30,2,28,0.06666666666666667,0.14736842105263157,1.727006
gaussian,gaussian,250,120,120,0.6,20,block_ar1,0.6,132,17,0,17,14,0,14,0.0,0.08947368421052632,0.0,0.07368421052631578,20,2,18,14,0,14,0.1,0.09473684210526316,0.0,0.07368421052631578,4.259052184709411,22,0,22,0.0,0.11578947368421053,3.9998875983388524,24,2,22,0.08333333333333333,0.11578947368421053,4.240520631692327,22,0,22,0.0,0.11578947368421053,3.982483695809293,24,2,22,0.08333333333333333,0.11578947368421053,4.3924523843583865,12,0,12,0.0,0.06315789473684211,4.181454146564944,14,1,13,0.07142857142857142,0.06842105263157895,4.259052184709411,22,0,22,0.0,0.11578947368421053,3.9998875983388524,24,2,22,0.08333333333333333,0.11578947368421053,1.704802
gaussian,gaussian,250,120,120,0.6,20,block_ar1,0.6,133,21,2,19,8,0,8,0.09523809523809523,0.1,0.0,0.042105263157894736,26,4,22,9,0,9,0.15384615384615385,0.11578947368421053,0.0,0.04736842105263158,4.114035137456293,26,2,24,0.07692307692307693,0.12631578947368421,3.9291263033884594,30,4,26,0.13333333333333333,0.1368421052631579,4.28642448530302,24,1,23,0.041666666666666664,0.12105263157894737,3.9236906509356384,29,4,25,0.13793103448275862,0.13157894736842105,4.341490556610457,9,2,7,0.2222222222222222,0.03684210526315789,4.122839733221697,14,2,12,0.14285714285714285,0.06315789473684211,4.33113469064406,24,1,23,0.041666666666666664,0.12105263157894737,3.9646173056100746,29,4,25,0.13793103448275862,0.13157894736842105,1.797228
gaussian,gaussian,250,120,120,0.6,20,block_ar1,0.6,134,21,0,21,18,0,18,0.0,0.11052631578947368,0.0,0.09473684210526316,22,0,22,18,0,18,0.0,0.11578947368421053,0.0,0.09473684210526316,4.20409302830409,26,0,26,0.0,0.1368421052631579,4.076875156061797,27,0,27,0.0,0.14210526315789473,4.152935084699702,26,0,26,0.0,0.1368421052631579,4.027265276377456,27,0,27,0.0,0.14210526315789473,4.359237207448414,17,0,17,0.0,0.08947368421052632,4.138149515126356,18,0,18,0.0,0.09473684210526316,4.599060161935545,25,0,25,0.0,0.13157894736842105,4.076875156061797,27,0,27,0.0,0.14210526315789473,1.693012
gaussian,gaussian,250,120,120,0.6,20,block_ar1,0.6,135,23,1,22,14,0,14,0.043478260869565216,0.11578947368421053,0.0,0.07368421052631578,26,2,24,14,0,14,0.07692307692307693,0.12631578947368421,0.0,0.07368421052631578,4.141350563980516,27,1,26,0.037037037037037035,0.1368421052631579,3.9540440677308037,29,2,27,0.06896551724137931,0.14210526315789473,4.11036983761304,27,1,26,0.037037037037037035,0.1368421052631579,3.9244645488239165,29,2,27,0.06896551724137931,0.14210526315789473,4.337622295182971,10,0,10,0.0,0.05263157894736842,4.233437403523092,13,0,13,0.0,0.06842105263157895,4.260075780546431,26,0,26,0.0,0.1368421052631579,3.9540440677308037,29,2,27,0.06896551724137931,0.14210526315789473,2.094678
gaussian,gaussian,250,120,120,0.6,20,block_ar1,0.6,136,20,2,18,17,0,17,0.1,0.09473684210526316,0.0,0.08947368421052632,24,3,21,17,0,17,0.125,0.11052631578947368,0.0,0.08947368421052632,4.373346469017713,24,2,22,0.08333333333333333,0.11578947368421053,3.929256309822706,28,3,25,0.10714285714285714,0.13157894736842105,4.3528291079019965,24,2,22,0.08333333333333333,0.11578947368421053,3.934802732659486,26,2,24,0.07692307692307693,0.12631578947368421,4.433071237886363,11,1,10,0.09090909090909091,0.05263157894736842,4.146488310003475,14,2,12,0.14285714285714285,0.06315789473684211,4.373346469017713,24,2,22,0.08333333333333333,0.11578947368421053,3.992031659996526,25,2,23,0.08,0.12105263157894737,1.824288
gaussian,gaussian,250,120,120,0.6,20,block_ar1,0.6,137,20,1,19,19,1,18,0.05,0.1,0.05263157894736842,0.09473684210526316,24,4,20,20,1,19,0.16666666666666666,0.10526315789473684,0.05,0.1,4.125561245884743,24,1,23,0.041666666666666664,0.12105263157894737,3.9280686999974312,31,6,25,0.1935483870967742,0.13157894736842105,4.2167176588852735,23,1,22,0.043478260869565216,0.11578947368421053,3.9197345015167318,29,4,25,0.13793103448275862,0.13157894736842105,4.371928319137043,11,1,10,0.09090909090909091,0.05263157894736842,4.023856239498706,18,2,16,0.1111111111111111,0.08421052631578947,4.266829030406149,23,1,22,0.043478260869565216,0.11578947368421053,4.040114980415483,28,4,24,0.14285714285714285,0.12631578947368421,1.628181
gaussian,gaussian,250,120,120,0.6,20,block_ar1,0.6,138,18,1,17,13,0,13,0.05555555555555555,0.08947368421052632,0.0,0.06842105263157895,19,1,18,15,0,15,0.05263157894736842,0.09473684210526316,0.0,0.07894736842105263,4.546471207378589,21,1,20,0.047619047619047616,0.10526315789473684,4.030658410828697,24,3,21,0.125,0.11052631578947368,4.158599585701005,21,1,20,0.047619047619047616,0.10526315789473684,3.978421733861118,23,2,21,0.08695652173913043,0.11052631578947368,4.278239170903362,12,1,11,0.08333333333333333,0.05789473684210526,4.119869725333371,17,3,14,0.17647058823529413,0.07368421052631578,4.546471207378589,21,1,20,0.047619047619047616,0.10526315789473684,4.030658410828697,24,3,21,0.125,0.11052631578947368,1.709316
gaussian,gaussian,250,120,120,0.6,20,block_ar1,0.6,139,22,4,18,10,0,10,0.18181818181818182,0.09473684210526316,0.0,0.05263157894736842,26,8,18,14,1,13,0.3076923076923077,0.09473684210526316,0.07142857142857142,0.06842105263157895,4.166453123194073,24,4,20,0.16666666666666666,0.10526315789473684,3.9390482745586506,28,8,20,0.2857142857142857,0.10526315789473684,4.12199796295698,24,4,20,0.16666666666666666,0.10526315789473684,4.00288582569691,27,7,20,0.25925925925925924,0.10526315789473684,4.397984621216474,7,1,6,0.14285714285714285,0.031578947368421054,4.2295350102358436,10,3,7,0.3,0.03684210526315789,4.315529190624041,21,1,20,0.047619047619047616,0.10526315789473684,4.0460563785189425,27,7,20,0.25925925925925924,0.10526315789473684,1.814011
gaussian,gaussian,250,120,120,0.6,20,block_ar1,0.6,140,20,1,19,14,0,14,0.05,0.1,0.0,0.07368421052631578,23,2,21,18,1,17,0.08695652173913043,0.11052631578947368,0.05555555555555555,0.08947368421052632,4.218391885742,23,2,21,0.08695652173913043,0.11052631578947368,4.074009480447414,25,3,22,0.12,0.11578947368421053,4.1850894931141225,23,2,21,0.08695652173913043,0.11052631578947368,4.0418469249138385,25,3,22,0.12,0.11578947368421053,4.3975189983325516,10,0,10,0.0,0.05263157894736842,4.159707780376802,13,0,13,0.0,0.06842105263157895,4.218391885742,23,2,21,0.08695652173913043,0.11052631578947368,4.074009480447414,25,3,22,0.12,0.11578947368421053,1.647494
gaussian,gaussian,250,120,120,0.6,20,block_ar1,0.6,141,17,0,17,14,0,14,0.0,0.08947368421052632,0.0,0.07368421052631578,22,2,20,15,0,15,0.09090909090909091,0.10526315789473684,0.0,0.07894736842105263,4.099787608100608,30,4,26,0.13333333333333333,0.1368421052631579,3.910779452173458,31,5,26,0.16129032258064516,0.1368421052631579,4.0663010641886705,30,4,26,0.13333333333333333,0.1368421052631579,4.0663010641886705,30,4,26,0.13333333333333333,0.1368421052631579,4.26906584183614,14,0,14,0.0,0.07368421052631578,4.147354091102101,15,0,15,0.0,0.07894736842105263,4.24795755323893,26,1,25,0.038461538461538464,0.13157894736842105,4.099787608100608,30,4,26,0.13333333333333333,0.1368421052631579,2.024585
gaussian,gaussian,250,120,120,0.6,20,block_ar1,0.6,142,20,2,18,14,0,14,0.1,0.09473684210526316,0.0,0.07368421052631578,23,3,20,14,0,14,0.13043478260869565,0.10526315789473684,0.0,0.07368421052631578,4.305146065106744,25,2,23,0.08,0.12105263157894737,4.007517174135415,28,3,25,0.10714285714285714,0.13157894736842105,4.260994829492875,25,2,23,0.08,0.12105263157894737,3.966418258487476,28,3,25,0.10714285714285714,0.13157894736842105,4.353080752826391,13,1,12,0.07692307692307693,0.06315789473684211,4.120939264086242,15,1,14,0.06666666666666667,0.07368421052631578,4.305146065106744,25,2,23,0.08,0.12105263157894737,4.007517174135415,28,3,25,0.10714285714285714,0.13157894736842105,1.79678
gaussian,gaussian,250,120,120,0.6,20,block_ar1,0.6,143,22,4,18,16,2,14,0.18181818181818182,0.09473684210526316,0.125,0.07368421052631578,26,7,19,16,2,14,0.2692307692307692,0.1,0.125,0.07368421052631578,4.204590433331344,25,3,22,0.12,0.11578947368421053,3.919979921910516,31,7,24,0.22580645161290322,0.12631578947368421,4.191478276423602,25,3,22,0.12,0.11578947368421053,3.907755332470406,31,7,24,0.22580645161290322,0.12631578947368421,4.317718778681821,11,2,9,0.18181818181818182,0.04736842105263158,4.153321746495883,12,2,10,0.16666666666666666,0.05263157894736842,4.204590433331344,25,3,22,0.12,0.11578947368421053,3.919979921910516,31,7,24,0.22580645161290322,0.12631578947368421,1.697371
gaussian,gaussian,250,120,120,0.6,20,block_ar1,0.6,144,20,0,20,14,0,14,0.0,0.10526315789473684,0.0,0.07368421052631578,22,1,21,16,0,16,0.045454545454545456,0.11052631578947368,0.0,0.08421052631578947,4.343380638777183,23,0,23,0.0,0.12105263157894737,3.958739095689369,25,2,23,0.08,0.12105263157894737,4.2940998865071665,23,0,23,0.0,0.12105263157894737,4.2940998865071665,23,0,23,0.0,0.12105263157894737,4.356644076712771,9,0,9,0.0,0.04736842105263158,4.203512145961513,11,0,11,0.0,0.05789473684210526,4.343380638777183,23,0,23,0.0,0.12105263157894737,4.343380638777183,23,0,23,0.0,0.12105263157894737,1.716278
gaussian,gaussian,250,120,120,0.6,20,block_ar1,0.6,145,22,3,19,11,0,11,0.13636363636363635,0.1,0.0,0.05789473684210526,25,4,21,11,0,11,0.16,0.11052631578947368,0.0,0.05789473684210526,4.170405049354995,25,3,22,0.12,0.11578947368421053,3.9186363039602528,29,4,25,0.13793103448275862,0.13157894736842105,4.150442706917148,25,3,22,0.12,0.11578947368421053,3.9376345109428663,28,3,25,0.10714285714285714,0.13157894736842105,4.497179840758973,6,0,6,0.0,0.031578947368421054,4.128350381218415,12,2,10,0.16666666666666666,0.05263157894736842,4.359478570747812,24,2,22,0.08333333333333333,0.11578947368421053,3.9565733119463173,28,3,25,0.10714285714285714,0.13157894736842105,1.893146
gaussian,gaussian,250,120,120,0.6,20,block_ar1,0.6,146,20,2,18,16,0,16,0.1,0.09473684210526316,0.0,0.08421052631578947,23,3,20,16,0,16,0.13043478260869565,0.10526315789473684,0.0,0.08421052631578947,4.1929055536507,26,2,24,0.07692307692307693,0.12631578947368421,3.9980252936641296,28,4,24,0.14285714285714285,0.12631578947368421,4.15196311061253,26,2,24,0.07692307692307693,0.12631578947368421,3.9589857968864157,28,4,24,0.14285714285714285,0.12631578947368421,4.339123325317488,10,0,10,0.0,0.05263157894736842,4.11407336129576,17,2,15,0.11764705882352941,0.07894736842105263,4.1929055536507,26,2,24,0.07692307692307693,0.12631578947368421,3.9980252936641296,28,4,24,0.14285714285714285,0.12631578947368421,1.690877
gaussian,gaussian,250,120,120,0.6,20,block_ar1,0.6,147,23,0,23,19,0,19,0.0,0.12105263157894737,0.0,0.1,27,2,25,20,0,20,0.07407407407407407,0.13157894736842105,0.0,0.10526315789473684,4.071780443579732,30,1,29,0.03333333333333333,0.15263157894736842,3.975868184013931,31,2,29,0.06451612903225806,0.15263157894736842,4.078107255857547,29,0,29,0.0,0.15263157894736842,3.9383452423353225,31,2,29,0.06451612903225806,0.15263157894736842,4.30096502119522,14,0,14,0.0,0.07368421052631578,3.999121121040487,20,3,17,0.15,0.08947368421052632,4.267711136914452,28,0,28,0.0,0.14736842105263157,3.975868184013931,31,2,29,0.06451612903225806,0.15263157894736842,1.786581
gaussian,gaussian,250,120,120,0.6,20,block_ar1,0.6,148,21,4,17,12,0,12,0.19047619047619047,0.08947368421052632,0.0,0.06315789473684211,21,4,17,13,0,13,0.19047619047619047,0.08947368421052632,0.0,0.06842105263157895,4.2135357381770095,27,4,23,0.14814814814814814,0.12105263157894737,4.011876817844721,29,5,24,0.1724137931034483,0.12631578947368421,4.1861487156687165,27,4,23,0.14814814814814814,0.12105263157894737,3.9858005323832497,29,5,24,0.1724137931034483,0.12631578947368421,4.3640261258717725,8,1,7,0.125,0.03684210526315789,4.230622557551702,9,1,8,0.1111111111111111,0.042105263157894736,4.2135357381770095,27,4,23,0.14814814814814814,0.12105263157894737,4.011876817844721,29,5,24,0.1724137931034483,0.12631578947368421,1.840307
gaussian,gaussian,250,120,120,0.6,20,block_ar1,0.6,149,18,1,17,16,0,16,0.05555555555555555,0.08947368421052632,0.0,0.08421052631578947,21,2,19,17,0,17,0.09523809523809523,0.1,0.0,0.08947368421052632,4.202279283656517,21,1,20,0.047619047619047616,0.10526315789473684,4.003145319637108,25,2,23,0.08,0.12105263157894737,4.151003952337986,21,1,20,0.047619047619047616,0.10526315789473684,3.9542997792231422,25,2,23,0.08,0.12105263157894737,4.312045762889674,13,0,13,0.0,0.06842105263157895,4.073733957287137,16,1,15,0.0625,0.07894736842105263,4.537955722247448,20,1,19,0.05,0.1,4.202279283656517,21,1,20,0.047619047619047616,0.10526315789473684,1.672299
gaussian,gaussian,250,120,120,0.6,20,block_ar1,0.6,150,19,1,18,14,0,14,0.05263157894736842,0.09473684210526316,0.0,0.07368421052631578,20,2,18,15,0,15,0.1,0.09473684210526316,0.0,0.07894736842105263,4.447493216594704,23,1,22,0.043478260869565216,0.11578947368421053,4.028749853600297,25,2,23,0.08,0.12105263157894737,4.4136282762787715,23,1,22,0.043478260869565216,0.11578947368421053,3.9980733878485504,25,2,23,0.08,0.12105263157894737,4.255829790456165,14,1,13,0.07142857142857142,0.06842105263157895,4.220303651914954,15,1,14,0.06666666666666667,0.07368421052631578,4.447493216594704,23,1,22,0.043478260869565216,0.11578947368421053,4.028749853600297,25,2,23,0.08,0.12105263157894737,1.720752
gaussian,gaussian,250,120,120,0.6,20,block_ar1,0.6,151,20,0,20,16,0,16,0.0,0.10526315789473684,0.0,0.08421052631578947,22,1,21,18,0,18,0.045454545454545456,0.11052631578947368,0.0,0.09473684210526316,4.239947220547359,24,1,23,0.041666666666666664,0.12105263157894737,3.9443031977273377,26,2,24,0.07692307692307693,0.12631578947368421,4.2118220681734275,24,1,23,0.041666666666666664,0.12105263157894737,3.9739738681322225,25,2,23,0.08,0.12105263157894737,4.332272388143008,11,0,11,0.0,0.05789473684210526,4.132298537184127,13,0,13,0.0,0.06842105263157895,4.239947220547359,24,1,23,0.041666666666666664,0.12105263157894737,4.000510749026554,25,2,23,0.08,0.12105263157894737,1.806328
gaussian,gaussian,250,120,120,0.6,20,block_ar1,0.6,152,21,1,20,17,0,17,0.047619047619047616,0.10526315789473684,0.0,0.08947368421052632,23,3,20,19,0,19,0.13043478260869565,0.10526315789473684,0.0,0.1,4.18230660957931,24,1,23,0.041666666666666664,0.12105263157894737,3.9784155397824197,26,3,23,0.11538461538461539,0.12105263157894737,4.165106224845214,24,1,23,0.041666666666666664,0.12105263157894737,3.9620536887025333,26,3,23,0.11538461538461539,0.12105263157894737,4.277451137037485,13,0,13,0.0,0.06842105263157895,4.17255473055856,14,0,14,0.0,0.07368421052631578,4.217656871396672,23,1,22,0.043478260869565216,0.11578947368421053,3.9784155397824197,26,3,23,0.11538461538461539,0.12105263157894737,1.854639
gaussian,gaussian,250,120,120,0.6,20,block_ar1,0.6,153,19,1,18,15,0,15,0.05263157894736842,0.09473684210526316,0.0,0.07894736842105263,23,3,20,15,0,15,0.13043478260869565,0.10526315789473684,0.0,0.07894736842105263,4.169679008440604,24,1,23,0.041666666666666664,0.12105263157894737,3.9172566755864455,29,5,24,0.1724137931034483,0.12631578947368421,4.180089925932896,22,1,21,0.045454545454545456,0.11052631578947368,3.972311383368372,26,3,23,0.11538461538461539,0.12105263157894737,4.257016739655283,14,1,13,0.07142857142857142,0.06842105263157895,4.080353699936214,16,1,15,0.0625,0.07894736842105263,4.302184441604652,22,0,22,0.0,0.11578947368421053,4.018816482068393,27,3,24,0.1111111111111111,0.12631578947368421,1.676361
gaussian,gaussian,250,120,120,0.6,20,block_ar1,0.6,154,19,0,19,15,0,15,0.0,0.1,0.0,0.07894736842105263,20,1,19,17,0,17,0.05,0.1,0.0,0.08947368421052632,4.166079727883149,23,0,23,0.0,0.12105263157894737,3.9634154269461987,26,1,25,0.038461538461538464,0.13157894736842105,4.136400425753101,23,0,23,0.0,0.12105263157894737,3.9351799126001974,26,1,25,0.038461538461538464,0.13157894736842105,4.251916840429686,15,1,14,0.06666666666666667,0.07368421052631578,4.0338771311030435,18,2,16,0.1111111111111111,0.08421052631578947,4.445347493667528,21,0,21,0.0,0.11052631578947368,4.089506325983121,25,1,24,0.04,0.12631578947368421,1.743637
gaussian,gaussian,250,120,120,0.6,20,block_ar1,0.6,155,19,1,18,15,0,15,0.05263157894736842,0.09473684210526316,0.0,0.07894736842105263,23,2,21,16,0,16,0.08695652173913043,0.11052631578947368,0.0,0.08421052631578947,4.188432172207935,24,2,22,0.08333333333333333,0.11578947368421053,3.9354388940536844,26,3,23,0.11538461538461539,0.12105263157894737,4.142025828709038,23,1,22,0.043478260869565216,0.11578947368421053,3.9885732642292613,24,2,22,0.08333333333333333,0.11578947368421053,4.4131102775771565,9,0,9,0.0,0.04736842105263158,4.103841702666898,13,1,12,0.07692307692307693,0.06315789473684211,4.453235282611808,23,1,22,0.043478260869565216,0.11578947368421053,4.188432172207935,24,2,22,0.08333333333333333,0.11578947368421053,1.859735
gaussian,gaussian,250,120,120,0.6,20,block_ar1,0.6,156,17,0,17,13,0,13,0.0,0.08947368421052632,0.0,0.06842105263157895,20,2,18,13,0,13,0.1,0.09473684210526316,0.0,0.06842105263157895,4.398024832645465,22,1,21,0.045454545454545456,0.11052631578947368,3.9463456606063114,27,4,23,0.14814814814814814,0.12105263157894737,4.353791928067454,22,1,21,0.045454545454545456,0.11052631578947368,3.986601854516663,25,2,23,0.08,0.12105263157894737,4.343444309877261,10,1,9,0.1,0.04736842105263158,4.089567314118719,15,3,12,0.2,0.06315789473684211,4.398024832645465,22,1,21,0.045454545454545456,0.11052631578947368,4.027104244693961,25,2,23,0.08,0.12105263157894737,1.67163
gaussian,gaussian,250,120,120,0.6,20,block_ar1,0.6,157,20,1,19,15,0,15,0.05,0.1,0.0,0.07894736842105263,24,2,22,17,0,17,0.08333333333333333,0.11578947368421053,0.0,0.08947368421052632,4.104785017586828,26,1,25,0.038461538461538464,0.13157894736842105,3.9357719238936264,27,2,25,0.07407407407407407,0.13157894736842105,4.2121148248383555,24,1,23,0.041666666666666664,0.12105263157894737,4.068374430739795,26,1,25,0.038461538461538464,0.13157894736842105,4.366431597731781,11,0,11,0.0,0.05789473684210526,4.074030838808945,15,1,14,0.06666666666666667,0.07368421052631578,4.249811840009981,24,1,23,0.041666666666666664,0.12105263157894737,4.104785017586828,26,1,25,0.038461538461538464,0.13157894736842105,1.761038
gaussian,gaussian,250,120,120,0.6,20,block_ar1,0.6,158,16,1,15,13,0,13,0.0625,0.07894736842105263,0.0,0.06842105263157895,19,2,17,14,0,14,0.10526315789473684,0.08947368421052632,0.0,0.07368421052631578,4.137513300094047,25,3,22,0.12,0.11578947368421053,3.971461924984194,28,4,24,0.14285714285714285,0.12631578947368421,4.127930640645501,23,2,21,0.08695652173913043,0.11052631578947368,3.9330540420810025,28,4,24,0.14285714285714285,0.12631578947368421,4.601808232846669,7,1,6,0.14285714285714285,0.031578947368421054,4.1683007075547245,13,1,12,0.07692307692307693,0.06315789473684211,4.462047872159612,21,1,20,0.047619047619047616,0.10526315789473684,4.137513300094047,25,3,22,0.12,0.11578947368421053,1.948119
gaussian,gaussian,250,120,120,0.6,20,block_ar1,0.6,159,20,1,19,14,0,14,0.05,0.1,0.0,0.07368421052631578,23,3,20,17,0,17,0.13043478260869565,0.10526315789473684,0.0,0.08947368421052632,4.156172723902772,22,1,21,0.045454545454545456,0.11052631578947368,3.9752365636104603,25,3,22,0.12,0.11578947368421053,4.166575875124702,21,1,20,0.047619047619047616,0.10526315789473684,3.973055553685256,24,2,22,0.08333333333333333,0.11578947368421053,4.270832653454687,14,1,13,0.07142857142857142,0.06842105263157895,4.060256598215066,16,1,15,0.0625,0.07894736842105263,4.5551199704292875,20,0,20,0.0,0.10526315789473684,4.0727829688630655,23,1,22,0.043478260869565216,0.11578947368421053,1.601725
gaussian,gaussian,250,120,120,0.6,20,block_ar1,0.6,160,20,1,19,18,0,18,0.05,0.1,0.0,0.09473684210526316,21,2,19,18,0,18,0.09523809523809523,0.1,0.0,0.09473684210526316,4.125343524465524,25,1,24,0.04,0.12631578947368421,4.057090530081524,26,2,24,0.07692307692307693,0.12631578947368421,4.134546553325959,23,1,22,0.043478260869565216,0.11578947368421053,4.018594509294619,25,2,23,0.08,0.12105263157894737,4.455443771848816,10,0,10,0.0,0.05263157894736842,4.126026602454222,14,1,13,0.07142857142857142,0.06842105263157895,4.368432318067262,22,0,22,0.0,0.11578947368421053,4.057090530081524,26,2,24,0.07692307692307693,0.12631578947368421,1.834669
gaussian,gaussian,250,120,120,0.6,20,block_ar1,0.6,161,17,1,16,13,0,13,0.058823529411764705,0.08421052631578947,0.0,0.06842105263157895,20,1,19,14,0,14,0.05,0.1,0.0,0.07368421052631578,4.341074370203762,26,1,25,0.038461538461538464,0.13157894736842105,3.9123953858809135,29,4,25,0.13793103448275862,0.13157894736842105,4.297348990115575,26,1,25,0.038461538461538464,0.13157894736842105,4.297348990115575,26,1,25,0.038461538461538464,0.13157894736842105,4.462863795823605,9,0,9,0.0,0.04736842105263158,4.11683826904163,12,2,10,0.16666666666666666,0.05263157894736842,4.341074370203762,26,1,25,0.038461538461538464,0.13157894736842105,4.341074370203762,26,1,25,0.038461538461538464,0.13157894736842105,1.864749
gaussian,gaussian,250,120,120,0.6,20,block_ar1,0.6,162,23,1,22,15,0,15,0.043478260869565216,0.11578947368421053,0.0,0.07894736842105263,25,2,23,17,0,17,0.08,0.12105263157894737,0.0,0.08947368421052632,4.077391850100693,29,2,27,0.06896551724137931,0.14210526315789473,4.051925090836031,30,3,27,0.1,0.14210526315789473,4.134195919400145,28,2,26,0.07142857142857142,0.1368421052631579,3.99898939235204,30,3,27,0.1,0.14210526315789473,4.677333743890502,9,0,9,0.0,0.04736842105263158,4.254940315687943,10,1,9,0.1,0.04736842105263158,4.188921383058952,28,2,26,0.07142857142857142,0.1368421052631579,4.051925090836031,30,3,27,0.1,0.14210526315789473,1.676843
gaussian,gaussian,250,120,120,0.6,20,block_ar1,0.6,163,18,2,16,15,0,15,0.1111111111111111,0.08421052631578947,0.0,0.07894736842105263,22,3,19,15,0,15,0.13636363636363635,0.1,0.0,0.07894736842105263,4.134254864792595,25,3,22,0.12,0.11578947368421053,3.939088360660152,28,4,24,0.14285714285714285,0.12631578947368421,4.116219897809507,25,3,22,0.12,0.11578947368421053,3.9219047735685666,28,4,24,0.14285714285714285,0.12631578947368421,4.321642589267129,15,1,14,0.06666666666666667,0.07368421052631578,4.0551391864088675,18,3,15,0.16666666666666666,0.07894736842105263,4.209920550041648,23,2,21,0.08695652173913043,0.11052631578947368,3.939088360660152,28,4,24,0.14285714285714285,0.12631578947368421,1.727712
gaussian,gaussian,250,120,120,0.6,20,block_ar1,0.6,164,20,1,19,16,0,16,0.05,0.1,0.0,0.08421052631578947,21,1,20,17,0,17,0.047619047619047616,0.10526315789473684,0.0,0.08947368421052632,4.197791940854201,23,1,22,0.043478260869565216,0.11578947368421053,3.9601771782262443,24,2,22,0.08333333333333333,0.11578947368421053,4.1500192607850614,22,1,21,0.045454545454545456,0.11052631578947368,4.1500192607850614,22,1,21,0.045454545454545456,0.11052631578947368,4.215199733294964,17,1,16,0.058823529411764705,0.08421052631578947,4.215199733294964,17,1,16,0.058823529411764705,0.08421052631578947,4.3084284499395,21,0,21,0.0,0.11052631578947368,4.197791940854201,23,1,22,0.043478260869565216,0.11578947368421053,1.956838
gaussian,gaussian,250,120,120,0.6,20,block_ar1,0.6,165,18,0,18,15,0,15,0.0,0.09473684210526316,0.0,0.07894736842105263,23,3,20,17,0,17,0.13043478260869565,0.10526315789473684,0.0,0.08947368421052632,4.157249273242003,25,0,25,0.0,0.13157894736842105,3.9597702655183578,28,3,25,0.10714285714285714,0.13157894736842105,4.13470416548955,25,0,25,0.0,0.13157894736842105,3.938296102810417,28,3,25,0.10714285714285714,0.13157894736842105,4.4252403138248875,12,0,12,0.0,0.06315789473684211,4.0718771606485324,15,0,15,0.0,0.07894736842105263,4.157249273242003,25,0,25,0.0,0.13157894736842105,3.9597702655183578,28,3,25,0.10714285714285714,0.13157894736842105,1.735766
gaussian,gaussian,250,120,120,0.6,20,block_ar1,0.6,166,20,1,19,18,0,18,0.05,0.1,0.0,0.09473684210526316,20,1,19,18,0,18,0.05,0.1,0.0,0.09473684210526316,4.329158045977544,22,1,21,0.045454545454545456,0.11052631578947368,3.987932760419054,23,2,21,0.08695652173913043,0.11052631578947368,4.280980001867996,22,1,21,0.045454545454545456,0.11052631578947368,4.280980001867996,22,1,21,0.045454545454545456,0.11052631578947368,4.489566663082132,9,0,9,0.0,0.04736842105263158,4.1625319610785665,14,3,11,0.21428571428571427,0.05789473684210526,4.329158045977544,22,1,21,0.045454545454545456,0.11052631578947368,4.329158045977544,22,1,21,0.045454545454545456,0.11052631578947368,1.739241
gaussian,gaussian,250,120,120,0.6,20,block_ar1,0.6,167,19,1,18,17,0,17,0.05263157894736842,0.09473684210526316,0.0,0.08947368421052632,20,1,19,17,0,17,0.05,0.1,0.0,0.08947368421052632,4.138562536835824,23,1,22,0.043478260869565216,0.11578947368421053,4.138562536835824,23,1,22,0.043478260869565216,0.11578947368421053,4.155223720863299,22,1,21,0.045454545454545456,0.11052631578947368,4.117495466539112,23,1,22,0.043478260869565216,0.11578947368421053,4.22110539740793,17,1,16,0.058823529411764705,0.08421052631578947,4.135870877883425,18,1,17,0.05555555555555555,0.08947368421052632,4.17648382690042,22,1,21,0.045454545454545456,0.11052631578947368,4.138562536835824,23,1,22,0.043478260869565216,0.11578947368421053,1.808051
gaussian,gaussian,250,120,120,0.6,20,block_ar1,0.6,168,18,2,16,14,0,14,0.1111111111111111,0.08421052631578947,0.0,0.07368421052631578,24,6,18,14,0,14,0.25,0.09473684210526316,0.0,0.07368421052631578,4.303504484741274,23,4,19,0.17391304347826086,0.1,3.9166497649879033,28,8,20,0.2857142857142857,0.10526315789473684,4.269181819719489,23,4,19,0.17391304347826086,0.1,4.00324377545884,26,6,20,0.23076923076923078,0.10526315789473684,4.291434906075796,13,2,11,0.15384615384615385,0.05789473684210526,4.139717205261981,14,2,12,0.14285714285714285,0.06315789473684211,4.303504484741274,23,4,19,0.17391304347826086,0.1,4.035428395582292,26,6,20,0.23076923076923078,0.10526315789473684,1.702056
gaussian,gaussian,250,120,120,0.6,20,block_ar1,0.6,169,29,2,27,17,0,17,0.06896551724137931,0.14210526315789473,0.0,0.08947368421052632,36,9,27,19,0,19,0.25,0.14210526315789473,0.0,0.1,4.117864261244908,33,3,30,0.09090909090909091,0.15789473684210525,3.8657229769005785,39,9,30,0.23076923076923078,0.15789473684210525,4.075681005472283,33,3,30,0.09090909090909091,0.15789473684210525,3.9006955509396795,37,7,30,0.1891891891891892,0.15789473684210525,4.30244577598696,14,0,14,0.0,0.07368421052631578,3.9930533512762443,21,3,18,0.14285714285714285,0.09473684210526316,4.238447459881507,31,2,29,0.06451612903225806,0.15263157894736842,3.941067709088342,37,7,30,0.1891891891891892,0.15789473684210525,1.671125
gaussian,gaussian,250,120,120,0.6,20,block_ar1,0.6,170,22,1,21,18,0,18,0.045454545454545456,0.11052631578947368,0.0,0.09473684210526316,23,1,22,19,0,19,0.043478260869565216,0.11578947368421053,0.0,0.1,4.185463208102983,26,1,25,0.038461538461538464,0.13157894736842105,3.9311160712271644,28,2,26,0.07142857142857142,0.1368421052631579,4.139174494265638,25,1,24,0.04,0.12631578947368421,4.012686415438452,26,1,25,0.038461538461538464,0.13157894736842105,4.333686894771277,10,1,9,0.1,0.04736842105263158,4.088130354575788,16,2,14,0.125,0.07368421052631578,4.244530290570196,25,1,24,0.04,0.12631578947368421,4.185463208102983,26,1,25,0.038461538461538464,0.13157894736842105,1.99996
gaussian,gaussian,250,120,120,0.6,20,block_ar1,0.6,171,23,2,21,16,0,16,0.08695652173913043,0.11052631578947368,0.0,0.08421052631578947,27,3,24,18,1,17,0.1111111111111111,0.12631578947368421,0.05555555555555555,0.08947368421052632,4.531886113674383,26,2,24,0.07692307692307693,0.12631578947368421,4.0483405575761,28,3,25,0.10714285714285714,0.13157894736842105,4.518512109321147,26,2,24,0.07692307692307693,0.12631578947368421,4.036393539737977,28,3,25,0.10714285714285714,0.13157894736842105,4.256179144816935,14,0,14,0.0,0.07368421052631578,4.076311983944779,18,1,17,0.05555555555555555,0.08947368421052632,4.531886113674383,26,2,24,0.07692307692307693,0.12631578947368421,4.0483405575761,28,3,25,0.10714285714285714,0.13157894736842105,1.805955
gaussian,gaussian,250,120,120,0.6,20,block_ar1,0.6,172,24,1,23,16,0,16,0.041666666666666664,0.12105263157894737,0.0,0.08421052631578947,25,2,23,17,0,17,0.08,0.12105263157894737,0.0,0.08947368421052632,4.273491850289695,25,1,24,0.04,0.12631578947368421,3.9612873671060385,26,2,24,0.07692307692307693,0.12631578947368421,4.227951381326659,25,1,24,0.04,0.12631578947368421,4.227951381326659,25,1,24,0.04,0.12631578947368421,4.2512704426281065,19,2,17,0.10526315789473684,0.08947368421052632,4.02620475218264,21,3,18,0.14285714285714285,0.09473684210526316,4.273491850289695,25,1,24,0.04,0.12631578947368421,4.273491850289695,25,1,24,0.04,0.12631578947368421,1.632722
gaussian,gaussian,250,120,120,0.6,20,block_ar1,0.6,173,20,0,20,16,0,16,0.0,0.10526315789473684,0.0,0.08421052631578947,21,0,21,18,0,18,0.0,0.11052631578947368,0.0,0.09473684210526316,4.109141407435844,28,1,27,0.03571428571428571,0.14210526315789473,3.9650119429505084,29,1,28,0.034482758620689655,0.14736842105263157,4.142152227091521,27,1,26,0.037037037037037035,0.1368421052631579,3.9185682624284093,29,1,28,0.034482758620689655,0.14736842105263157,4.325326768002223,14,0,14,0.0,0.07368421052631578,4.088958093987145,18,0,18,0.0,0.09473684210526316,4.191245870949525,27,1,26,0.037037037037037035,0.1368421052631579,3.9650119429505084,29,1,28,0.034482758620689655,0.14736842105263157,1.775631
gaussian,gaussian,250,120,120,0.6,20,block_ar1,0.6,174,23,1,22,17,0,17,0.043478260869565216,0.11578947368421053,0.0,0.08947368421052632,23,1,22,17,0,17,0.043478260869565216,0.11578947368421053,0.0,0.08947368421052632,4.1531564489169845,28,1,27,0.03571428571428571,0.14210526315789473,4.1531564489169845,28,1,27,0.03571428571428571,0.14210526315789473,4.116104631772484,28,1,27,0.03571428571428571,0.14210526315789473,4.116104631772484,28,1,27,0.03571428571428571,0.14210526315789473,4.451218372473392,11,0,11,0.0,0.05789473684210526,4.118564572862926,14,1,13,0.07142857142857142,0.06842105263157895,4.2256986718174145,27,1,26,0.037037037037037035,0.1368421052631579,4.1531564489169845,28,1,27,0.03571428571428571,0.14210526315789473,1.833815
gaussian,gaussian,250,120,120,0.6,20,block_ar1,0.6,175,14,0,14,12,0,12,0.0,0.07368421052631578,0.0,0.06315789473684211,21,3,18,12,0,12,0.14285714285714285,0.09473684210526316,0.0,0.06315789473684211,4.183264752544941,22,2,20,0.09090909090909091,0.10526315789473684,3.9575918605536144,26,5,21,0.19230769230769232,0.11052631578947368,4.1579928170678535,22,2,20,0.09090909090909091,0.10526315789473684,4.071631984495127,24,3,21,0.125,0.11052631578947368,4.321048157300068,11,0,11,0.0,0.05789473684210526,4.161793253915673,13,1,12,0.07692307692307693,0.06315789473684211,4.375092286701704,20,0,20,0.0,0.10526315789473684,3.9575918605536144,26,5,21,0.19230769230769232,0.11052631578947368,1.844915
gaussian,gaussian,250,120,120,0.6,20,block_ar1,0.6,176,16,2,14,13,0,13,0.125,0.07368421052631578,0.0,0.06842105263157895,17,2,15,14,1,13,0.11764705882352941,0.07894736842105263,0.07142857142857142,0.06842105263157895,4.309065904993334,19,2,17,0.10526315789473684,0.08947368421052632,4.309065904993334,19,2,17,0.10526315789473684,0.08947368421052632,4.283770329167224,19,2,17,0.10526315789473684,0.08947368421052632,4.283770329167224,19,2,17,0.10526315789473684,0.08947368421052632,4.945387938461117,6,0,6,0.0,0.031578947368421054,4.2751368641637395,8,1,7,0.125,0.03684210526315789,4.309065904993334,19,2,17,0.10526315789473684,0.08947368421052632,4.309065904993334,19,2,17,0.10526315789473684,0.08947368421052632,1.929684
gaussian,gaussian,250,120,120,0.6,20,block_ar1,0.6,177,20,1,19,16,0,16,0.05,0.1,0.0,0.08421052631578947,26,2,24,17,0,17,0.07692307692307693,0.12631578947368421,0.0,0.08947368421052632,4.188324417027484,29,3,26,0.10344827586206896,0.1368421052631579,3.980621832597648,30,3,27,0.1,0.14210526315789473,4.147084580330041,29,3,26,0.10344827586206896,0.1368421052631579,3.9414271146184916,30,3,27,0.1,0.14210526315789473,4.388311188261592,11,1,10,0.09090909090909091,0.05263157894736842,4.095955319068922,14,2,12,0.14285714285714285,0.06315789473684211,4.188324417027484,29,3,26,0.10344827586206896,0.1368421052631579,3.980621832597648,30,3,27,0.1,0.14210526315789473,1.829034
gaussian,gaussian,250,120,120,0.6,20,block_ar1,0.6,178,19,0,19,12,0,12,0.0,0.1,0.0,0.06315789473684211,19,0,19,15,0,15,0.0,0.1,0.0,0.07894736842105263,4.26542359316345,21,0,21,0.0,0.11052631578947368,4.102358828760007,22,0,22,0.0,0.11578947368421053,4.232364559168102,21,0,21,0.0,0.11052631578947368,4.0705636231915685,22,0,22,0.0,0.11578947368421053,4.471599432302861,5,0,5,0.0,0.02631578947368421,4.283229468217048,8,0,8,0.0,0.042105263157894736,4.454853485121564,20,0,20,0.0,0.10526315789473684,4.102358828760007,22,0,22,0.0,0.11578947368421053,1.652047
gaussian,gaussian,250,120,120,0.6,20,block_ar1,0.6,179,19,1,18,15,0,15,0.05263157894736842,0.09473684210526316,0.0,0.07894736842105263,22,2,20,16,0,16,0.09090909090909091,0.10526315789473684,0.0,0.08421052631578947,4.509594865772752,23,1,22,0.043478260869565216,0.11578947368421053,4.0050440392252336,24,2,22,0.08333333333333333,0.11578947368421053,4.458550780628624,23,1,22,0.043478260869565216,0.11578947368421053,3.959710962745166,24,2,22,0.08333333333333333,0.11578947368421053,4.255464300984185,13,1,12,0.07692307692307693,0.06315789473684211,4.084751401129041,15,1,14,0.06666666666666667,0.07368421052631578,4.509594865772752,23,1,22,0.043478260869565216,0.11578947368421053,4.509594865772752,23,1,22,0.043478260869565216,0.11578947368421053,1.705389
gaussian,gaussian,250,120,120,0.6,20,block_ar1,0.6,180,22,1,21,20,0,20,0.045454545454545456,0.11052631578947368,0.0,0.10526315789473684,26,3,23,20,0,20,0.11538461538461539,0.12105263157894737,0.0,0.10526315789473684,4.119866706262834,28,1,27,0.03571428571428571,0.14210526315789473,3.9536343884581853,30,3,27,0.1,0.14210526315789473,4.099824262870896,27,1,26,0.037037037037037035,0.1368421052631579,3.9015138339554136,30,3,27,0.1,0.14210526315789473,4.3201937047024614,13,1,12,0.07692307692307693,0.06315789473684211,4.128715915142849,14,1,13,0.07142857142857142,0.06842105263157895,4.268161349563496,26,0,26,0.0,0.1368421052631579,4.062468457938663,29,2,27,0.06896551724137931,0.14210526315789473,1.927938
gaussian,gaussian,250,120,120,0.6,20,block_ar1,0.6,181,18,1,17,13,0,13,0.05555555555555555,0.08947368421052632,0.0,0.06842105263157895,19,1,18,15,0,15,0.05263157894736842,0.09473684210526316,0.0,0.07894736842105263,4.287547802458797,21,1,20,0.047619047619047616,0.10526315789473684,4.287547802458797,21,1,20,0.047619047619047616,0.10526315789473684,4.2408308526176715,21,1,20,0.047619047619047616,0.10526315789473684,4.2408308526176715,21,1,20,0.047619047619047616,0.10526315789473684,4.385850317938009,8,1,7,0.125,0.03684210526315789,4.385850317938009,8,1,7,0.125,0.03684210526315789,4.287547802458797,21,1,20,0.047619047619047616,0.10526315789473684,4.287547802458797,21,1,20,0.047619047619047616,0.10526315789473684,1.684177
gaussian,gaussian,250,120,120,0.6,20,block_ar1,0.6,182,23,2,21,16,1,15,0.08695652173913043,0.11052631578947368,0.0625,0.07894736842105263,25,4,21,18,1,17,0.16,0.11052631578947368,0.05555555555555555,0.08947368421052632,4.352845567977115,26,2,24,0.07692307692307693,0.12631578947368421,3.9464753423931787,29,4,25,0.13793103448275862,0.13157894736842105,4.333562361552717,26,2,24,0.07692307692307693,0.12631578947368421,3.928992365455972,29,4,25,0.13793103448275862,0.13157894736842105,4.3455932837486015,12,1,11,0.08333333333333333,0.05789473684210526,4.104587702672118,13,1,12,0.07692307692307693,0.06315789473684211,4.352845567977115,26,2,24,0.07692307692307693,0.12631578947368421,4.0335804315310115,28,4,24,0.14285714285714285,0.12631578947368421,1.825979
gaussian,gaussian,250,120,120,0.6,20,block_ar1,0.6,183,23,2,21,12,0,12,0.08695652173913043,0.11052631578947368,0.0,0.06315789473684211,24,2,22,14,0,14,0.08333333333333333,0.11578947368421053,0.0,0.07368421052631578,4.109440899391404,27,2,25,0.07407407407407407,0.13157894736842105,4.109440899391404,27,2,25,0.07407407407407407,0.13157894736842105,4.145296564677786,26,1,25,0.038461538461538464,0.13157894736842105,4.084058882790323,27,2,25,0.07407407407407407,0.13157894736842105,4.516918113849983,6,0,6,0.0,0.031578947368421054,4.147865435771606,14,1,13,0.07142857142857142,0.06842105263157895,4.242701133876609,24,1,23,0.041666666666666664,0.12105263157894737,4.109440899391404,27,2,25,0.07407407407407407,0.13157894736842105,1.875984
gaussian,gaussian,250,120,120,0.6,20,block_ar1,0.6,184,20,1,19,9,0,9,0.05,0.1,0.0,0.04736842105263158,27,5,22,10,0,10,0.18518518518518517,0.11578947368421053,0.0,0.05263157894736842,4.272513971049901,26,1,25,0.038461538461538464,0.13157894736842105,3.903242550464878,32,5,27,0.15625,0.14210526315789473,4.250752008183497,26,1,25,0.038461538461538464,0.13157894736842105,3.905912871083179,31,5,26,0.16129032258064516,0.1368421052631579,4.444233225902995,8,0,8,0.0,0.042105263157894736,4.444233225902995,8,0,8,0.0,0.042105263157894736,4.272513971049901,26,1,25,0.038461538461538464,0.13157894736842105,3.903242550464878,32,5,27,0.15625,0.14210526315789473,1.67247
gaussian,gaussian,250,120,120,0.6,20,block_ar1,0.6,185,19,0,19,13,0,13,0.0,0.1,0.0,0.06842105263157895,22,1,21,15,0,15,0.045454545454545456,0.11052631578947368,0.0,0.07894736842105263,4.2382503434362695,24,1,23,0.041666666666666664,0.12105263157894737,3.931014941880972,28,3,25,0.10714285714285714,0.13157894736842105,4.201444183416393,24,1,23,0.041666666666666664,0.12105263157894737,3.989427666921182,26,2,24,0.07692307692307693,0.12631578947368421,4.389500023601537,8,0,8,0.0,0.042105263157894736,4.162267706077601,10,0,10,0.0,0.05263157894736842,4.2382503434362695,24,1,23,0.041666666666666664,0.12105263157894737,4.024376486109594,26,2,24,0.07692307692307693,0.12631578947368421,1.802523
gaussian,gaussian,250,120,120,0.6,20,block_ar1,0.6,186,17,1,16,13,0,13,0.058823529411764705,0.08421052631578947,0.0,0.06842105263157895,17,1,16,13,0,13,0.058823529411764705,0.08421052631578947,0.0,0.06842105263157895,4.408800910300788,20,1,19,0.05,0.1,4.09155483497854,22,1,21,0.045454545454545456,0.11052631578947368,4.380741574777409,20,1,19,0.05,0.1,4.065514577715226,22,1,21,0.045454545454545456,0.11052631578947368,4.291343746020346,12,1,11,0.08333333333333333,0.05789473684210526,4.291343746020346,12,1,11,0.08333333333333333,0.05789473684210526,4.408800910300788,20,1,19,0.05,0.1,4.09155483497854,22,1,21,0.045454545454545456,0.11052631578947368,1.830086
gaussian,gaussian,250,120,120,0.6,20,block_ar1,0.6,187,27,5,22,22,0,22,0.18518518518518517,0.11578947368421053,0.0,0.11578947368421053,29,7,22,22,0,22,0.2413793103448276,0.11578947368421053,0.0,0.11578947368421053,4.068007060298133,31,6,25,0.1935483870967742,0.13157894736842105,3.8591829761546106,38,9,29,0.23684210526315788,0.15263157894736842,4.067805813564044,30,5,25,0.16666666666666666,0.13157894736842105,3.8744813323476044,36,8,28,0.2222222222222222,0.14736842105263157,4.202833241692465,18,4,14,0.2222222222222222,0.07368421052631578,4.051629359254391,23,4,19,0.17391304347826086,0.1,4.246928986169183,25,1,24,0.04,0.12631578947368421,3.8985558175282016,36,8,28,0.2222222222222222,0.14736842105263157,1.828564
gaussian,gaussian,250,120,120,0.6,20,block_ar1,0.6,188,18,1,17,15,0,15,0.05555555555555555,0.08947368421052632,0.0,0.07894736842105263,22,4,18,15,0,15,0.18181818181818182,0.09473684210526316,0.0,0.07894736842105263,4.198168669025435,22,1,21,0.045454545454545456,0.11052631578947368,3.9361628355800278,28,5,23,0.17857142857142858,0.12105263157894737,4.172240682096242,22,1,21,0.045454545454545456,0.11052631578947368,3.9440388211778674,27,4,23,0.14814814814814814,0.12105263157894737,4.3601657395492115,10,1,9,0.1,0.04736842105263158,4.096881441684726,15,1,14,0.06666666666666667,0.07368421052631578,4.198168669025435,22,1,21,0.045454545454545456,0.11052631578947368,3.9685486696730763,27,4,23,0.14814814814814814,0.12105263157894737,1.669252
gaussian,gaussian,250,120,120,0.6,20,block_ar1,0.6,189,24,3,21,16,1,15,0.125,0.11052631578947368,0.0625,0.07894736842105263,29,6,23,17,1,16,0.20689655172413793,0.12105263157894737,0.058823529411764705,0.08421052631578947,4.109170570337352,28,3,25,0.10714285714285714,0.13157894736842105,3.911124962057721,32,6,26,0.1875,0.1368421052631579,4.418438370301032,26,2,24,0.07692307692307693,0.12631578947368421,3.907274739777565,30,4,26,0.13333333333333333,0.1368421052631579,4.32734660610181,10,1,9,0.1,0.04736842105263158,4.039811205130507,17,2,15,0.11764705882352941,0.07894736842105263,4.463780027433788,26,2,24,0.07692307692307693,0.12631578947368421,4.109170570337352,28,3,25,0.10714285714285714,0.13157894736842105,1.805382
gaussian,gaussian,250,120,120,0.6,20,block_ar1,0.6,190,19,2,17,14,0,14,0.10526315789473684,0.08947368421052632,0.0,0.07368421052631578,21,3,18,15,0,15,0.14285714285714285,0.09473684210526316,0.0,0.07894736842105263,4.180610291994983,22,2,20,0.09090909090909091,0.10526315789473684,4.084169818381281,24,3,21,0.125,0.11052631578947368,4.146066361860149,22,2,20,0.09090909090909091,0.10526315789473684,4.050422765436618,24,3,21,0.125,0.11052631578947368,4.255057484858459,14,2,12,0.14285714285714285,0.06315789473684211,4.02183551981852,18,4,14,0.2222222222222222,0.07368421052631578,4.653550289475587,20,0,20,0.0,0.10526315789473684,4.084169818381281,24,3,21,0.125,0.11052631578947368,1.901421
gaussian,gaussian,250,120,120,0.6,20,block_ar1,0.6,191,17,0,17,14,0,14,0.0,0.08947368421052632,0.0,0.07368421052631578,20,1,19,16,0,16,0.05,0.1,0.0,0.08421052631578947,4.174257783064135,24,1,23,0.041666666666666664,0.12105263157894737,3.927113428857632,28,4,24,0.14285714285714285,0.12631578947368421,4.135555969714527,24,1,23,0.041666666666666664,0.12105263157894737,3.9365407396192595,26,2,24,0.07692307692307693,0.12631578947368421,4.772632751046443,4,0,4,0.0,0.021052631578947368,4.188694420607067,9,2,7,0.2222222222222222,0.03684210526315789,4.244027369466718,23,1,22,0.043478260869565216,0.11578947368421053,4.098658600475343,25,2,23,0.08,0.12105263157894737,2.188237
gaussian,gaussian,250,120,120,0.6,20,block_ar1,0.6,192,27,4,23,15,0,15,0.14814814814814814,0.12105263157894737,0.0,0.07894736842105263,30,6,24,18,1,17,0.2,0.12631578947368421,0.05555555555555555,0.08947368421052632,4.1290927879391495,31,4,27,0.12903225806451613,0.14210526315789473,3.8708832640781545,36,6,30,0.16666666666666666,0.15789473684210525,4.0967952196878334,31,4,27,0.12903225806451613,0.14210526315789473,3.8850690890860182,35,6,29,0.17142857142857143,0.15263157894736842,4.258147122037355,18,3,15,0.16666666666666666,0.07894736842105263,4.013468949552097,22,5,17,0.22727272727272727,0.08947368421052632,4.234790320755847,30,3,27,0.1,0.14210526315789473,3.915697489417777,35,6,29,0.17142857142857143,0.15263157894736842,2.902477
gaussian,gaussian,250,120,120,0.6,20,block_ar1,0.6,193,17,0,17,14,0,14,0.0,0.08947368421052632,0.0,0.07368421052631578,17,0,17,14,0,14,0.0,0.08947368421052632,0.0,0.07368421052631578,4.301399947487938,21,0,21,0.0,0.11052631578947368,3.9744266791318643,23,1,22,0.043478260869565216,0.11578947368421053,4.233401814043453,21,0,21,0.0,0.11052631578947368,4.014850036067727,22,0,22,0.0,0.11578947368421053,4.266124910805365,13,0,13,0.0,0.06842105263157895,4.155415358353208,14,0,14,0.0,0.07368421052631578,4.9019736427331,20,0,20,0.0,0.10526315789473684,4.079337727173848,22,0,22,0.0,0.11578947368421053,1.744087
gaussian,gaussian,250,120,120,0.6,20,block_ar1,0.6,194,25,2,23,13,0,13,0.08,0.12105263157894737,0.0,0.06842105263157895,30,7,23,15,1,14,0.23333333333333334,0.12105263157894737,0.06666666666666667,0.07368421052631578,4.1407682666328585,27,3,24,0.1111111111111111,0.12631578947368421,3.922663637111626,32,7,25,0.21875,0.13157894736842105,4.108628358641704,27,3,24,0.1111111111111111,0.12631578947368421,3.892216618525016,32,7,25,0.21875,0.13157894736842105,4.2843884133302055,12,2,10,0.16666666666666666,0.05263157894736842,4.197549259384118,13,2,11,0.15384615384615385,0.05789473684210526,4.1407682666328585,27,3,24,0.1111111111111111,0.12631578947368421,3.922663637111626,32,7,25,0.21875,0.13157894736842105,1.782348
gaussian,gaussian,250,120,120,0.6,20,block_ar1,0.6,195,20,0,20,17,0,17,0.0,0.10526315789473684,0.0,0.08947368421052632,22,0,22,18,0,18,0.0,0.11578947368421053,0.0,0.09473684210526316,4.208580903057231,23,1,22,0.043478260869565216,0.11578947368421053,4.05219746756514,26,1,25,0.038461538461538464,0.13157894736842105,4.175642034581555,23,1,22,0.043478260869565216,0.11578947368421053,4.020482549283628,26,1,25,0.038461538461538464,0.13157894736842105,4.388682823578488,9,0,9,0.0,0.04736842105263158,4.145997874942628,12,0,12,0.0,0.06315789473684211,4.208580903057231,23,1,22,0.043478260869565216,0.11578947368421053,4.05219746756514,26,1,25,0.038461538461538464,0.13157894736842105,1.752892
gaussian,gaussian,250,120,120,0.6,20,block_ar1,0.6,196,18,0,18,13,0,13,0.0,0.09473684210526316,0.0,0.06842105263157895,23,1,22,14,0,14,0.043478260869565216,0.11578947368421053,0.0,0.07368421052631578,4.14293263178503,28,2,26,0.07142857142857142,0.1368421052631579,3.9405188033155722,30,4,26,0.13333333333333333,0.1368421052631579,4.112999742982642,28,2,26,0.07142857142857142,0.1368421052631579,3.9120483642216732,30,4,26,0.13333333333333333,0.1368421052631579,4.422039593009901,8,0,8,0.0,0.042105263157894736,4.087399672633323,18,4,14,0.2222222222222222,0.07368421052631578,4.14293263178503,28,2,26,0.07142857142857142,0.1368421052631579,4.03382358654059,29,3,26,0.10344827586206896,0.1368421052631579,1.682156
gaussian,gaussian,250,120,120,0.6,20,block_ar1,0.6,197,18,0,18,14,0,14,0.0,0.09473684210526316,0.0,0.07368421052631578,21,0,21,17,0,17,0.0,0.11052631578947368,0.0,0.08947368421052632,4.399677439194147,25,0,25,0.0,0.13157894736842105,3.9255201968625446,27,2,25,0.07407407407407407,0.13157894736842105,4.368748202128605,25,0,25,0.0,0.13157894736842105,4.368748202128605,25,0,25,0.0,0.13157894736842105,4.425919789268409,11,0,11,0.0,0.05789473684210526,4.235342142540247,13,1,12,0.07692307692307693,0.06315789473684211,4.399677439194147,25,0,25,0.0,0.13157894736842105,4.399677439194147,25,0,25,0.0,0.13157894736842105,1.737366
gaussian,gaussian,250,120,120,0.6,20,block_ar1,0.6,198,15,0,15,14,0,14,0.0,0.07894736842105263,0.0,0.07368421052631578,17,0,17,14,0,14,0.0,0.08947368421052632,0.0,0.07368421052631578,4.381303218651546,20,0,20,0.0,0.10526315789473684,4.381303218651546,20,0,20,0.0,0.10526315789473684,4.349241168015767,20,0,20,0.0,0.10526315789473684,4.349241168015767,20,0,20,0.0,0.10526315789473684,4.5531128251509445,7,0,7,0.0,0.03684210526315789,4.5531128251509445,7,0,7,0.0,0.03684210526315789,4.381303218651546,20,0,20,0.0,0.10526315789473684,4.381303218651546,20,0,20,0.0,0.10526315789473684,1.953881
gaussian,gaussian,250,120,120,0.6,20,block_ar1,0.6,199,20,0,20,18,0,18,0.0,0.10526315789473684,0.0,0.09473684210526316,24,0,24,19,0,19,0.0,0.12631578947368421,0.0,0.1,4.1271944856692695,27,1,26,0.037037037037037035,0.1368421052631579,3.970973845098646,28,1,27,0.03571428571428571,0.14210526315789473,4.098692338599035,27,1,26,0.037037037037037035,0.1368421052631579,3.943550548004688,28,1,27,0.03571428571428571,0.14210526315789473,4.364861594199415,15,0,15,0.0,0.07894736842105263,4.088089222971802,17,0,17,0.0,0.08947368421052632,4.2899809106688815,26,0,26,0.0,0.1368421052631579,4.1271944856692695,27,1,26,0.037037037037037035,0.1368421052631579,1.680456
gaussian,gaussian,250,120,120,0.6,20,block_ar1,0.6,200,23,2,21,15,0,15,0.08695652173913043,0.11052631578947368,0.0,0.07894736842105263,25,4,21,17,0,17,0.16,0.11052631578947368,0.0,0.08947368421052632,4.182176085642305,24,2,22,0.08333333333333333,0.11578947368421053,3.913230049541735,30,5,25,0.16666666666666666,0.13157894736842105,4.149574286347249,24,2,22,0.08333333333333333,0.11578947368421053,3.9639335805174745,28,4,24,0.14285714285714285,0.12631578947368421,4.260409473493467,14,0,14,0.0,0.07368421052631578,3.9981251851205104,21,3,18,0.14285714285714285,0.09473684210526316,4.924429227221827,22,1,21,0.045454545454545456,0.11052631578947368,3.9950768636817626,28,4,24,0.14285714285714285,0.12631578947368421,1.768071
gaussian,gaussian,250,120,120,0.6,20,block_ar1,0.6,201,26,1,25,20,1,19,0.038461538461538464,0.13157894736842105,0.05,0.1,27,2,25,22,1,21,0.07407407407407407,0.13157894736842105,0.045454545454545456,0.11052631578947368,4.075224727948217,30,1,29,0.03333333333333333,0.15263157894736842,3.915525163967876,31,2,29,0.06451612903225806,0.15263157894736842,4.539798823270617,28,1,27,0.03571428571428571,0.14210526315789473,4.048984140593955,30,1,29,0.03333333333333333,0.15263157894736842,4.225747102367345,18,0,18,0.0,0.09473684210526316,3.984977585829364,22,2,20,0.09090909090909091,0.10526315789473684,4.569220274048474,28,1,27,0.03571428571428571,0.14210526315789473,3.915525163967876,31,2,29,0.06451612903225806,0.15263157894736842,1.788704
gaussian,gaussian,250,120,120,0.6,20,block_ar1,0.6,202,20,1,19,16,0,16,0.05,0.1,0.0,0.08421052631578947,26,4,22,17,1,16,0.15384615384615385,0.11578947368421053,0.058823529411764705,0.08421052631578947,4.166085085106369,28,1,27,0.03571428571428571,0.14210526315789473,3.933484337438152,31,4,27,0.12903225806451613,0.14210526315789473,4.166105030765955,28,1,27,0.03571428571428571,0.14210526315789473,3.933503169492222,31,4,27,0.12903225806451613,0.14210526315789473,4.259173875521382,13,1,12,0.07692307692307693,0.06315789473684211,4.026238864229533,18,2,16,0.1111111111111111,0.08421052631578947,4.166085085106369,28,1,27,0.03571428571428571,0.14210526315789473,3.933484337438152,31,4,27,0.12903225806451613,0.14210526315789473,1.676434
gaussian,gaussian,250,120,120,0.6,20,block_ar1,0.6,203,20,0,20,11,0,11,0.0,0.10526315789473684,0.0,0.05789473684210526,25,2,23,14,0,14,0.08,0.12105263157894737,0.0,0.07368421052631578,4.788924035398062,23,0,23,0.0,0.12105263157894737,3.9228432923412466,28,3,25,0.10714285714285714,0.13157894736842105,4.748304227123406,23,0,23,0.0,0.12105263157894737,4.00169240533239,26,2,24,0.07692307692307693,0.12631578947368421,4.4087225601346764,7,0,7,0.0,0.03684210526315789,4.232480208534949,11,0,11,0.0,0.05789473684210526,4.788924035398062,23,0,23,0.0,0.12105263157894737,4.035925253630154,26,2,24,0.07692307692307693,0.12631578947368421,1.718383
gaussian,gaussian,250,120,120,0.6,20,block_ar1,0.6,204,23,0,23,14,0,14,0.0,0.12105263157894737,0.0,0.07368421052631578,26,1,25,15,0,15,0.038461538461538464,0.13157894736842105,0.0,0.07894736842105263,4.336700014403426,29,0,29,0.0,0.15263157894736842,3.8852637904478717,34,3,31,0.08823529411764706,0.1631578947368421,4.289111793396554,29,0,29,0.0,0.15263157894736842,3.9146123535334305,32,1,31,0.03125,0.1631578947368421,4.274666894058674,13,1,12,0.07692307692307693,0.06315789473684211,4.066534320287133,16,1,15,0.0625,0.07894736842105263,4.336700014403426,29,0,29,0.0,0.15263157894736842,3.958045457357626,32,1,31,0.03125,0.1631578947368421,1.963875
gaussian,gaussian,250,120,120,0.6,20,block_ar1,0.6,205,23,0,23,19,0,19,0.0,0.12105263157894737,0.0,0.1,25,0,25,19,0,19,0.0,0.13157894736842105,0.0,0.1,4.099352771496891,28,1,27,0.03571428571428571,0.14210526315789473,3.958024175866888,31,1,30,0.03225806451612903,0.15789473684210525,4.192249979905367,27,0,27,0.0,0.14210526315789473,3.928238717278623,31,1,30,0.03225806451612903,0.15789473684210525,4.3183527476385715,14,0,14,0.0,0.07368421052631578,4.0106008591525795,19,2,17,0.10526315789473684,0.08947368421052632,4.224037276237153,27,0,27,0.0,0.14210526315789473,4.025107040809028,29,1,28,0.034482758620689655,0.14736842105263157,1.733031
gaussian,gaussian,250,120,120,0.6,20,block_ar1,0.6,206,15,1,14,12,0,12,0.06666666666666667,0.07368421052631578,0.0,0.06315789473684211,19,3,16,12,0,12,0.15789473684210525,0.08421052631578947,0.0,0.06315789473684211,4.210304121729902,20,1,19,0.05,0.1,3.9920046218108296,24,3,21,0.125,0.11052631578947368,4.1880361107327895,20,1,19,0.05,0.1,3.9708911819620982,24,3,21,0.125,0.11052631578947368,4.386475533692104,8,0,8,0.0,0.042105263157894736,4.204200429412267,12,2,10,0.16666666666666666,0.05263157894736842,4.499078378638626,19,0,19,0.0,0.1,3.9920046218108296,24,3,21,0.125,0.11052631578947368,1.735108
gaussian,gaussian,250,120,120,0.6,20,block_ar1,0.6,207,16,0,16,14,0,14,0.0,0.08421052631578947,0.0,0.07368421052631578,21,4,17,15,0,15,0.19047619047619047,0.08947368421052632,0.0,0.07894736842105263,4.614371109062991,20,0,20,0.0,0.10526315789473684,3.9432658636882665,26,5,21,0.19230769230769232,0.11052631578947368,4.585837867161562,20,0,20,0.0,0.10526315789473684,3.998008907916976,24,4,20,0.16666666666666666,0.10526315789473684,4.48417668553267,8,0,8,0.0,0.042105263157894736,4.05796019530653,16,4,12,0.25,0.06315789473684211,4.614371109062991,20,0,20,0.0,0.10526315789473684,4.022884657692288,24,4,20,0.16666666666666666,0.10526315789473684,1.882627
gaussian,gaussian,250,120,120,0.6,20,block_ar1,0.6,208,19,1,18,16,0,16,0.05263157894736842,0.09473684210526316,0.0,0.08421052631578947,21,1,20,16,0,16,0.047619047619047616,0.10526315789473684,0.0,0.08421052631578947,4.248617932006353,25,1,24,0.04,0.12631578947368421,4.248617932006353,25,1,24,0.04,0.12631578947368421,4.211529861458067,25,1,24,0.04,0.12631578947368421,4.211529861458067,25,1,24,0.04,0.12631578947368421,4.3452678316201485,10,0,10,0.0,0.05263157894736842,4.122891774429767,16,1,15,0.0625,0.07894736842105263,4.248617932006353,25,1,24,0.04,0.12631578947368421,4.248617932006353,25,1,24,0.04,0.12631578947368421,1.699824
gaussian,gaussian,250,120,120,0.6,20,block_ar1,0.6,209,21,2,19,15,0,15,0.09523809523809523,0.1,0.0,0.07894736842105263,29,4,25,17,0,17,0.13793103448275862,0.13157894736842105,0.0,0.08947368421052632,4.091713271339179,28,3,25,0.10714285714285714,0.13157894736842105,3.97752157026054,30,4,26,0.13333333333333333,0.1368421052631579,4.1064617954473155,27,2,25,0.07407407407407407,0.13157894736842105,3.944944220262577,30,4,26,0.13333333333333333,0.1368421052631579,4.231090687787886,16,3,13,0.1875,0.06842105263157895,4.037874530008166,19,3,16,0.15789473684210525,0.08421052631578947,4.140372957606827,27,2,25,0.07407407407407407,0.13157894736842105,3.97752157026054,30,4,26,0.13333333333333333,0.1368421052631579,1.727686
gaussian,gaussian,250,120,120,0.6,20,block_ar1,0.6,210,27,1,26,19,0,19,0.037037037037037035,0.1368421052631579,0.0,0.1,29,2,27,23,1,22,0.06896551724137931,0.14210526315789473,0.043478260869565216,0.11578947368421053,4.514366560577348,28,1,27,0.03571428571428571,0.14210526315789473,3.985414603419943,29,2,27,0.06896551724137931,0.14210526315789473,4.46804125360934,28,1,27,0.03571428571428571,0.14210526315789473,3.9445172698913606,29,2,27,0.06896551724137931,0.14210526315789473,4.195758972066348,17,1,16,0.058823529411764705,0.08421052631578947,4.003884732519487,21,1,20,0.047619047619047616,0.10526315789473684,4.514366560577348,28,1,27,0.03571428571428571,0.14210526315789473,3.985414603419943,29,2,27,0.06896551724137931,0.14210526315789473,2.075302
gaussian,gaussian,250,120,120,0.6,20,block_ar1,0.6,211,19,0,19,13,0,13,0.0,0.1,0.0,0.06842105263157895,23,2,21,17,0,17,0.08695652173913043,0.11052631578947368,0.0,0.08947368421052632,4.127775119244872,23,1,22,0.043478260869565216,0.11578947368421053,4.025219273721425,25,2,23,0.08,0.12105263157894737,4.564948894876704,21,0,21,0.0,0.11052631578947368,3.9924064911241333,25,2,23,0.08,0.12105263157894737,4.31152761527623,13,0,13,0.0,0.06842105263157895,4.072164713161512,17,1,16,0.058823529411764705,0.08421052631578947,4.602467287853056,21,0,21,0.0,0.11052631578947368,4.025219273721425,25,2,23,0.08,0.12105263157894737,1.673601
gaussian,gaussian,250,120,120,0.6,20,block_ar1,0.6,212,19,2,17,15,0,15,0.10526315789473684,0.08947368421052632,0.0,0.07894736842105263,20,3,17,15,0,15,0.15,0.08947368421052632,0.0,0.07894736842105263,4.163220733182119,26,3,23,0.11538461538461539,0.12105263157894737,3.9970040857407847,27,4,23,0.14814814814814814,0.12105263157894737,4.128821677361535,26,3,23,0.11538461538461539,0.12105263157894737,3.96397841271686,27,4,23,0.14814814814814814,0.12105263157894737,4.37718084485166,9,0,9,0.0,0.04736842105263158,4.114161490466926,13,1,12,0.07692307692307693,0.06315789473684211,4.163220733182119,26,3,23,0.11538461538461539,0.12105263157894737,3.9970040857407847,27,4,23,0.14814814814814814,0.12105263157894737,1.733669
gaussian,gaussian,250,120,120,0.6,20,block_ar1,0.6,213,23,3,20,14,1,13,0.13043478260869565,0.10526315789473684,0.07142857142857142,0.06842105263157895,23,3,20,15,1,14,0.13043478260869565,0.10526315789473684,0.06666666666666667,0.07368421052631578,4.15300752740953,25,3,22,0.12,0.11578947368421053,4.00406844311465,26,3,23,0.11538461538461539,0.12105263157894737,4.106770140935639,25,3,22,0.12,0.11578947368421053,3.9594892655306198,26,3,23,0.11538461538461539,0.12105263157894737,4.343459812875679,9,1,8,0.1111111111111111,0.042105263157894736,4.123031770916735,12,1,11,0.08333333333333333,0.05789473684210526,4.257472055475859,24,3,21,0.125,0.11052631578947368,4.00406844311465,26,3,23,0.11538461538461539,0.12105263157894737,1.820727
gaussian,gaussian,250,120,120,0.6,20,block_ar1,0.6,214,21,2,19,15,0,15,0.09523809523809523,0.1,0.0,0.07894736842105263,29,8,21,15,0,15,0.27586206896551724,0.11052631578947368,0.0,0.07894736842105263,4.127676478207606,29,3,26,0.10344827586206896,0.1368421052631579,3.873948902424498,36,8,28,0.2222222222222222,0.14736842105263157,4.113817340119012,29,3,26,0.10344827586206896,0.1368421052631579,3.8609416832128387,36,8,28,0.2222222222222222,0.14736842105263157,4.433201690206332,7,0,7,0.0,0.03684210526315789,4.111266075771315,14,4,10,0.2857142857142857,0.05263157894736842,4.292651403666577,28,3,25,0.10714285714285714,0.13157894736842105,3.933698469001951,34,7,27,0.20588235294117646,0.14210526315789473,1.691863
gaussian,gaussian,250,120,120,0.6,20,block_ar1,0.6,215,22,2,20,14,0,14,0.09090909090909091,0.10526315789473684,0.0,0.07368421052631578,27,5,22,16,0,16,0.18518518518518517,0.11578947368421053,0.0,0.08421052631578947,4.1961947825830235,25,2,23,0.08,0.12105263157894737,3.9000994310926496,30,6,24,0.2,0.12631578947368421,4.153369725644365,25,2,23,0.08,0.12105263157894737,3.985445696445471,27,3,24,0.1111111111111111,0.12631578947368421,4.301092145342492,11,0,11,0.0,0.05789473684210526,4.080199350313223,16,4,12,0.25,0.06315789473684211,4.276041784227516,23,1,22,0.043478260869565216,0.11578947368421053,4.0265393023968965,27,3,24,0.1111111111111111,0.12631578947368421,1.822135
gaussian,gaussian,250,120,120,0.6,20,block_ar1,0.6,216,16,0,16,15,0,15,0.0,0.08421052631578947,0.0,0.07894736842105263,16,0,16,15,0,15,0.0,0.08421052631578947,0.0,0.07894736842105263,4.187986085477656,20,0,20,0.0,0.10526315789473684,4.187986085477656,20,0,20,0.0,0.10526315789473684,4.581332324378501,19,0,19,0.0,0.1,4.153355481528065,20,0,20,0.0,0.10526315789473684,4.356194160294988,13,0,13,0.0,0.06842105263157895,4.137302002844036,14,0,14,0.0,0.07368421052631578,4.619531391612842,19,0,19,0.0,0.1,4.187986085477656,20,0,20,0.0,0.10526315789473684,1.782985
gaussian,gaussian,250,120,120,0.6,20,block_ar1,0.6,217,22,1,21,19,0,19,0.045454545454545456,0.11052631578947368,0.0,0.1,26,3,23,21,1,20,0.11538461538461539,0.12105263157894737,0.047619047619047616,0.10526315789473684,4.129290664805777,26,2,24,0.07692307692307693,0.12631578947368421,3.9368501664316318,29,4,25,0.13793103448275862,0.13157894736842105,4.0996410652865904,26,2,24,0.07692307692307693,0.12631578947368421,3.9085823499282784,29,4,25,0.13793103448275862,0.13157894736842105,4.22500123438646,16,1,15,0.0625,0.07894736842105263,4.048373178053002,19,2,17,0.10526315789473684,0.08947368421052632,4.569057612213771,24,1,23,0.041666666666666664,0.12105263157894737,3.9592587431883413,28,3,25,0.10714285714285714,0.13157894736842105,1.748219
gaussian,gaussian,250,120,120,0.6,20,block_ar1,0.6,218,19,0,19,14,0,14,0.0,0.1,0.0,0.07368421052631578,23,2,21,17,0,17,0.08695652173913043,0.11052631578947368,0.0,0.08947368421052632,4.726509549833028,23,0,23,0.0,0.12105263157894737,3.9531037892122365,26,2,24,0.07692307692307693,0.12631578947368421,4.677485245998569,23,0,23,0.0,0.12105263157894737,4.021414897043961,24,1,23,0.041666666666666664,0.12105263157894737,4.394086875647235,12,0,12,0.0,0.06315789473684211,4.115821196115082,13,0,13,0.0,0.06842105263157895,4.726509549833028,23,0,23,0.0,0.12105263157894737,4.063562986324575,24,1,23,0.041666666666666664,0.12105263157894737,1.624484
gaussian,gaussian,250,120,120,0.6,20,block_ar1,0.6,219,19,3,16,9,0,9,0.15789473684210525,0.08421052631578947,0.0,0.04736842105263158,23,4,19,10,0,10,0.17391304347826086,0.1,0.0,0.05263157894736842,4.162625129804366,26,3,23,0.11538461538461539,0.12105263157894737,3.9964697785661554,28,5,23,0.17857142857142858,0.12105263157894737,4.132694033860443,26,3,23,0.11538461538461539,0.12105263157894737,3.967733412295078,28,5,23,0.17857142857142858,0.12105263157894737,4.526235254463603,5,0,5,0.0,0.02631578947368421,4.323851832093239,8,1,7,0.125,0.03684210526315789,4.24741691648103,24,1,23,0.041666666666666664,0.12105263157894737,3.9964697785661554,28,5,23,0.17857142857142858,0.12105263157894737,1.760102
gaussian,gaussian,250,120,120,0.6,20,block_ar1,0.6,220,19,0,19,11,0,11,0.0,0.1,0.0,0.05789473684210526,19,0,19,17,0,17,0.0,0.1,0.0,0.08947368421052632,4.259722740140861,23,0,23,0.0,0.12105263157894737,4.105023329708088,25,1,24,0.04,0.12631578947368421,4.217900042305539,23,0,23,0.0,0.12105263157894737,4.064719497557817,25,1,24,0.04,0.12631578947368421,4.413141690794972,10,0,10,0.0,0.05263157894736842,4.1173898131439275,14,0,14,0.0,0.07368421052631578,4.259722740140861,23,0,23,0.0,0.12105263157894737,4.105023329708088,25,1,24,0.04,0.12631578947368421,1.835635
gaussian,gaussian,250,120,120,0.6,20,block_ar1,0.6,221,19,2,17,14,0,14,0.10526315789473684,0.08947368421052632,0.0,0.07368421052631578,24,3,21,14,0,14,0.125,0.11052631578947368,0.0,0.07368421052631578,4.205227847038356,25,3,22,0.12,0.11578947368421053,3.9204799691137113,30,5,25,0.16666666666666666,0.13157894736842105,4.165340811984311,25,3,22,0.12,0.11578947368421053,4.021542156132868,27,3,24,0.1111111111111111,0.12631578947368421,4.285861672807154,14,1,13,0.07142857142857142,0.06842105263157895,4.060587523243517,17,3,14,0.17647058823529413,0.07368421052631578,4.205227847038356,25,3,22,0.12,0.11578947368421053,4.060052184529938,27,3,24,0.1111111111111111,0.12631578947368421,1.762382
gaussian,gaussian,250,120,120,0.6,20,block_ar1,0.6,222,19,0,19,14,0,14,0.0,0.1,0.0,0.07368421052631578,19,0,19,15,0,15,0.0,0.1,0.0,0.07894736842105263,4.178439878512219,22,0,22,0.0,0.11578947368421053,4.111345027111031,23,0,23,0.0,0.12105263157894737,4.148534605779862,22,0,22,0.0,0.11578947368421053,4.081919955096747,23,0,23,0.0,0.12105263157894737,4.302892908773914,11,0,11,0.0,0.05789473684210526,4.0369065828915165,17,1,16,0.058823529411764705,0.08421052631578947,4.735105023318893,21,0,21,0.0,0.11052631578947368,4.111345027111031,23,0,23,0.0,0.12105263157894737,1.80564
gaussian,gaussian,250,120,120,0.6,20,block_ar1,0.6,223,19,0,19,14,0,14,0.0,0.1,0.0,0.07368421052631578,26,4,22,16,0,16,0.15384615384615385,0.11578947368421053,0.0,0.08421052631578947,4.2469663386274155,23,0,23,0.0,0.12105263157894737,3.947593367891775,27,4,23,0.14814814814814814,0.12105263157894737,4.213257795297668,23,0,23,0.0,0.12105263157894737,4.0125393420108635,25,2,23,0.08,0.12105263157894737,4.3744537443994576,10,0,10,0.0,0.05263157894736842,4.102881570859702,15,2,13,0.13333333333333333,0.06842105263157895,4.2469663386274155,23,0,23,0.0,0.12105263157894737,4.0446420195217065,25,2,23,0.08,0.12105263157894737,1.818662
gaussian,gaussian,250,120,120,0.6,20,block_ar1,0.6,224,21,1,20,13,0,13,0.047619047619047616,0.10526315789473684,0.0,0.06842105263157895,23,2,21,15,0,15,0.08695652173913043,0.11052631578947368,0.0,0.07894736842105263,4.379861846285729,23,1,22,0.043478260869565216,0.11578947368421053,3.958954004869022,25,2,23,0.08,0.12105263157894737,4.342286700707833,23,1,22,0.043478260869565216,0.11578947368421053,3.9708718008702864,24,2,22,0.08333333333333333,0.11578947368421053,4.352105158137083,9,1,8,0.1111111111111111,0.042105263157894736,4.352105158137083,9,1,8,0.1111111111111111,0.042105263157894736,4.379861846285729,23,1,22,0.043478260869565216,0.11578947368421053,4.379861846285729,23,1,22,0.043478260869565216,0.11578947368421053,1.609862
gaussian,gaussian,250,120,120,0.6,20,block_ar1,0.6,225,18,0,18,13,0,13,0.0,0.09473684210526316,0.0,0.06842105263157895,20,1,19,16,0,16,0.05,0.1,0.0,0.08421052631578947,4.150608161415909,23,1,22,0.043478260869565216,0.11578947368421053,4.0464823812188895,24,1,23,0.041666666666666664,0.12105263157894737,4.20906545011014,22,0,22,0.0,0.11578947368421053,3.9992101017284116,24,1,23,0.041666666666666664,0.12105263157894737,4.6906133552141975,7,0,7,0.0,0.03684210526315789,4.14927147241726,13,2,11,0.15384615384615385,0.05789473684210526,4.258818304621418,22,0,22,0.0,0.11578947368421053,4.0464823812188895,24,1,23,0.041666666666666664,0.12105263157894737,1.772292
gaussian,gaussian,250,120,120,0.6,20,block_ar1,0.6,226,19,2,17,16,0,16,0.10526315789473684,0.08947368421052632,0.0,0.08421052631578947,22,4,18,18,1,17,0.18181818181818182,0.09473684210526316,0.05555555555555555,0.08947368421052632,4.164344155598292,23,2,21,0.08695652173913043,0.11052631578947368,4.004187492714096,25,3,22,0.12,0.11578947368421053,4.14760932444444,23,2,21,0.08695652173913043,0.11052631578947368,3.988096267038415,25,3,22,0.12,0.11578947368421053,4.201072694908881,17,4,13,0.23529411764705882,0.06842105263157895,4.002499342374729,20,6,14,0.3,0.07368421052631578,4.370355422488668,22,1,21,0.045454545454545456,0.11052631578947368,4.004187492714096,25,3,22,0.12,0.11578947368421053,1.804656
gaussian,gaussian,250,120,120,0.6,20,block_ar1,0.6,227,24,0,24,15,0,15,0.0,0.12631578947368421,0.0,0.07894736842105263,30,4,26,19,0,19,0.13333333333333333,0.1368421052631579,0.0,0.1,4.168310879663219,28,1,27,0.03571428571428571,0.14210526315789473,3.8880370401503095,32,5,27,0.15625,0.14210526315789473,4.1464543300495365,28,1,27,0.03571428571428571,0.14210526315789473,3.9030441585226474,31,4,27,0.12903225806451613,0.14210526315789473,4.295322352536682,13,0,13,0.0,0.06842105263157895,4.124860912652804,17,1,16,0.058823529411764705,0.08421052631578947,4.293521381733443,27,0,27,0.0,0.14210526315789473,4.0664738630612645,29,2,27,0.06896551724137931,0.14210526315789473,1.784359
gaussian,gaussian,250,120,120,0.6,20,block_ar1,0.6,228,22,1,21,19,0,19,0.045454545454545456,0.11052631578947368,0.0,0.1,29,5,24,19,0,19,0.1724137931034483,0.12631578947368421,0.0,0.1,4.240047647959895,31,2,29,0.06451612903225806,0.15263157894736842,3.8687144503461424,35,6,29,0.17142857142857143,0.15263157894736842,4.195525900389819,31,2,29,0.06451612903225806,0.15263157894736842,3.886255921792016,33,4,29,0.12121212121212122,0.15263157894736842,4.393907800470346,13,0,13,0.0,0.06842105263157895,4.220149756245253,14,0,14,0.0,0.07368421052631578,4.240047647959895,31,2,29,0.06451612903225806,0.15263157894736842,3.9824903946078964,32,3,29,0.09375,0.15263157894736842,1.741057
gaussian,gaussian,250,120,120,0.6,20,block_ar1,0.6,229,26,5,21,20,1,19,0.19230769230769232,0.11052631578947368,0.05,0.1,31,9,22,20,1,19,0.2903225806451613,0.11578947368421053,0.05,0.1,4.114273695500892,32,6,26,0.1875,0.1368421052631579,3.8305058933795784,40,14,26,0.35,0.1368421052631579,4.086723995943858,31,5,26,0.16129032258064516,0.1368421052631579,3.9018575169879406,34,8,26,0.23529411764705882,0.1368421052631579,4.249726778162295,15,2,13,0.13333333333333333,0.06842105263157895,4.033753685825782,18,4,14,0.2222222222222222,0.07368421052631578,4.224504874330153,30,4,26,0.13333333333333333,0.1368421052631579,3.9281609821629955,35,9,26,0.2571428571428571,0.1368421052631579,1.793432
gaussian,gaussian,250,120,120,0.6,20,block_ar1,0.6,230,25,3,22,17,0,17,0.12,0.11578947368421053,0.0,0.08947368421052632,26,4,22,18,0,18,0.15384615384615385,0.11578947368421053,0.0,0.09473684210526316,4.097126244014438,30,5,25,0.16666666666666666,0.13157894736842105,4.01743176422312,32,5,27,0.15625,0.14210526315789473,4.113782196781541,29,4,25,0.13793103448275862,0.13157894736842105,3.9647083393175238,32,5,27,0.15625,0.14210526315789473,4.291256873815582,14,3,11,0.21428571428571427,0.05789473684210526,4.070781013975624,17,3,14,0.17647058823529413,0.07368421052631578,4.1684880334200365,29,4,25,0.13793103448275862,0.13157894736842105,4.01743176422312,32,5,27,0.15625,0.14210526315789473,1.65538
gaussian,gaussian,250,120,120,0.6,20,block_ar1,0.6,231,20,1,19,16,1,15,0.05,0.1,0.0625,0.07894736842105263,21,1,20,17,1,16,0.047619047619047616,0.10526315789473684,0.058823529411764705,0.08421052631578947,4.217005999701822,26,1,25,0.038461538461538464,0.13157894736842105,3.953695378874505,27,2,25,0.07407407407407407,0.13157894736842105,4.197689766634344,26,1,25,0.038461538461538464,0.13157894736842105,3.9355852549094092,27,2,25,0.07407407407407407,0.13157894736842105,4.286561445878762,12,1,11,0.08333333333333333,0.05789473684210526,4.106813832245278,17,2,15,0.11764705882352941,0.07894736842105263,4.217005999701822,26,1,25,0.038461538461538464,0.13157894736842105,4.217005999701822,26,1,25,0.038461538461538464,0.13157894736842105,1.763271
gaussian,gaussian,250,120,120,0.6,20,block_ar1,0.6,232,18,0,18,16,0,16,0.0,0.09473684210526316,0.0,0.08421052631578947,20,1,19,16,0,16,0.05,0.1,0.0,0.08421052631578947,4.235221072892151,23,1,22,0.043478260869565216,0.11578947368421053,4.013616653239702,26,2,24,0.07692307692307693,0.12631578947368421,4.210662267179311,23,1,22,0.043478260869565216,0.11578947368421053,3.990342866607019,26,2,24,0.07692307692307693,0.12631578947368421,4.299368807592383,11,0,11,0.0,0.05789473684210526,4.189158383920673,12,0,12,0.0,0.06315789473684211,4.235221072892151,23,1,22,0.043478260869565216,0.11578947368421053,4.013616653239702,26,2,24,0.07692307692307693,0.12631578947368421,1.785995
gaussian,gaussian,250,120,120,0.6,20,block_ar1,0.6,233,16,0,16,11,0,11,0.0,0.08421052631578947,0.0,0.05789473684210526,21,3,18,12,0,12,0.14285714285714285,0.09473684210526316,0.0,0.06315789473684211,4.162963491173177,23,2,21,0.08695652173913043,0.11052631578947368,3.948842600614791,27,5,22,0.18518518518518517,0.11578947368421053,4.1496436512239985,22,1,21,0.045454545454545456,0.11052631578947368,3.935168373592233,26,4,22,0.15384615384615385,0.11578947368421053,4.521628406498602,4,0,4,0.0,0.021052631578947368,4.23169920580018,8,1,7,0.125,0.03684210526315789,4.373853646829915,21,1,20,0.047619047619047616,0.10526315789473684,4.016018178733533,25,4,21,0.16,0.11052631578947368,1.786501
gaussian,gaussian,250,120,120,0.6,20,block_ar1,0.6,234,22,1,21,18,1,17,0.045454545454545456,0.11052631578947368,0.05555555555555555,0.08947368421052632,25,2,23,18,1,17,0.08,0.12105263157894737,0.05555555555555555,0.08947368421052632,4.149758057951761,26,2,24,0.07692307692307693,0.12631578947368421,3.9368521929937055,28,3,25,0.10714285714285714,0.13157894736842105,4.10265105262952,26,2,24,0.07692307692307693,0.12631578947368421,4.041557042730237,27,3,24,0.1111111111111111,0.12631578947368421,4.153502031614589,21,3,18,0.14285714285714285,0.09473684210526316,4.093699999517177,22,3,19,0.13636363636363635,0.1,4.319765524303074,25,1,24,0.04,0.12631578947368421,4.087962561181534,27,3,24,0.1111111111111111,0.12631578947368421,1.816405
gaussian,gaussian,250,120,120,0.6,20,block_ar1,0.6,235,18,2,16,14,0,14,0.1111111111111111,0.08421052631578947,0.0,0.07368421052631578,22,3,19,14,0,14,0.13636363636363635,0.1,0.0,0.07368421052631578,4.195566305991497,23,2,21,0.08695652173913043,0.11052631578947368,3.9630274527324407,25,4,21,0.16,0.11052631578947368,4.1975239104136675,23,2,21,0.08695652173913043,0.11052631578947368,3.9648765571204634,25,4,21,0.16,0.11052631578947368,4.472676351642827,12,1,11,0.08333333333333333,0.05789473684210526,4.144410897680917,13,1,12,0.07692307692307693,0.06315789473684211,4.195566305991497,23,2,21,0.08695652173913043,0.11052631578947368,3.9630274527324407,25,4,21,0.16,0.11052631578947368,1.820449
gaussian,gaussian,250,120,120,0.6,20,block_ar1,0.6,236,17,0,17,12,0,12,0.0,0.08947368421052632,0.0,0.06315789473684211,20,0,20,12,0,12,0.0,0.10526315789473684,0.0,0.06315789473684211,4.230825553931299,26,0,26,0.0,0.1368421052631579,4.230825553931299,26,0,26,0.0,0.1368421052631579,4.1985545740045405,26,0,26,0.0,0.1368421052631579,4.1985545740045405,26,0,26,0.0,0.1368421052631579,4.507954053471554,8,0,8,0.0,0.042105263157894736,4.293957651846132,9,0,9,0.0,0.04736842105263158,4.230825553931299,26,0,26,0.0,0.1368421052631579,4.230825553931299,26,0,26,0.0,0.1368421052631579,1.735492
gaussian,gaussian,250,120,120,0.6,20,block_ar1,0.6,237,14,0,14,10,0,10,0.0,0.07368421052631578,0.0,0.05263157894736842,15,0,15,11,0,11,0.0,0.07894736842105263,0.0,0.05789473684210526,4.214861194676208,21,1,20,0.047619047619047616,0.10526315789473684,4.051343770798835,22,1,21,0.045454545454545456,0.11052631578947368,4.176898905931562,21,1,20,0.047619047619047616,0.10526315789473684,4.014854246013261,22,1,21,0.045454545454545456,0.11052631578947368,4.417516192357448,9,0,9,0.0,0.04736842105263158,4.199690375207916,11,1,10,0.09090909090909091,0.05263157894736842,4.375261104959061,19,1,18,0.05263157894736842,0.09473684210526316,4.214861194676208,21,1,20,0.047619047619047616,0.10526315789473684,1.752953
gaussian,gaussian,250,120,120,0.6,20,block_ar1,0.6,238,21,1,20,10,0,10,0.047619047619047616,0.10526315789473684,0.0,0.05263157894736842,22,2,20,16,0,16,0.09090909090909091,0.10526315789473684,0.0,0.08421052631578947,4.492965024785671,22,1,21,0.045454545454545456,0.11052631578947368,4.076385075653731,24,2,22,0.08333333333333333,0.11578947368421053,4.449281056020007,22,1,21,0.045454545454545456,0.11052631578947368,4.036751408946039,24,2,22,0.08333333333333333,0.11578947368421053,4.357128099222651,11,0,11,0.0,0.05789473684210526,4.0984556661246305,13,1,12,0.07692307692307693,0.06315789473684211,4.492965024785671,22,1,21,0.045454545454545456,0.11052631578947368,4.076385075653731,24,2,22,0.08333333333333333,0.11578947368421053,1.7418
gaussian,gaussian,250,120,120,0.6,20,block_ar1,0.6,239,14,1,13,8,0,8,0.07142857142857142,0.06842105263157895,0.0,0.042105263157894736,18,3,15,9,0,9,0.16666666666666666,0.07894736842105263,0.0,0.04736842105263158,4.225482305735279,19,1,18,0.05263157894736842,0.09473684210526316,3.924987519377836,27,4,23,0.14814814814814814,0.12105263157894737,4.195076749529254,19,1,18,0.05263157894736842,0.09473684210526316,3.9626827217272123,25,4,21,0.16,0.11052631578947368,4.775203988068771,4,0,4,0.0,0.021052631578947368,4.249919648316267,8,0,8,0.0,0.042105263157894736,4.225482305735279,19,1,18,0.05263157894736842,0.09473684210526316,3.9914039059667235,25,4,21,0.16,0.11052631578947368,1.997105
gaussian,gaussian,250,120,120,0.6,20,block_ar1,0.6,240,22,2,20,17,0,17,0.09090909090909091,0.10526315789473684,0.0,0.08947368421052632,25,4,21,18,0,18,0.16,0.11052631578947368,0.0,0.09473684210526316,4.115988556863402,28,4,24,0.14285714285714285,0.12631578947368421,3.8963388297853125,33,8,25,0.24242424242424243,0.13157894736842105,4.0981757958049405,28,4,24,0.14285714285714285,0.12631578947368421,3.8794766467109594,33,8,25,0.24242424242424243,0.13157894736842105,4.284855834149635,13,1,12,0.07692307692307693,0.06315789473684211,4.114869799424871,16,3,13,0.1875,0.06842105263157895,4.177903572420862,26,2,24,0.07692307692307693,0.12631578947368421,3.916272517544117,32,7,25,0.21875,0.13157894736842105,1.713483
gaussian,gaussian,250,120,120,0.6,20,block_ar1,0.6,241,23,3,20,17,1,16,0.13043478260869565,0.10526315789473684,0.058823529411764705,0.08421052631578947,27,5,22,18,1,17,0.18518518518518517,0.11578947368421053,0.05555555555555555,0.08947368421052632,4.086931663808079,28,4,24,0.14285714285714285,0.12631578947368421,3.949925377193719,31,5,26,0.16129032258064516,0.1368421052631579,4.232573544155,25,1,24,0.04,0.12631578947368421,3.8970138328750235,31,5,26,0.16129032258064516,0.1368421052631579,4.209847924510385,17,2,15,0.11764705882352941,0.07894736842105263,3.960183195219761,24,3,21,0.125,0.11052631578947368,4.290041136590636,25,1,24,0.04,0.12631578947368421,4.009183491740597,29,5,24,0.1724137931034483,0.12631578947368421,1.934112
gaussian,gaussian,250,120,120,0.6,20,block_ar1,0.6,242,17,1,16,14,0,14,0.058823529411764705,0.08421052631578947,0.0,0.07368421052631578,19,1,18,15,0,15,0.05263157894736842,0.09473684210526316,0.0,0.07894736842105263,4.121498348598842,25,1,24,0.04,0.12631578947368421,4.027338937470603,26,1,25,0.038461538461538464,0.13157894736842105,4.219576998761003,22,1,21,0.045454545454545456,0.11052631578947368,3.985891093954245,25,1,24,0.04,0.12631578947368421,4.434617420591917,7,1,6,0.14285714285714285,0.031578947368421054,4.1657984831596675,12,2,10,0.16666666666666666,0.05263157894736842,4.161493573830451,23,1,22,0.043478260869565216,0.11578947368421053,4.027338937470603,26,1,25,0.038461538461538464,0.13157894736842105,1.828441
gaussian,gaussian,250,120,120,0.6,20,block_ar1,0.6,243,21,2,19,17,0,17,0.09523809523809523,0.1,0.0,0.08947368421052632,23,3,20,17,0,17,0.13043478260869565,0.10526315789473684,0.0,0.08947368421052632,4.115787779253037,25,2,23,0.08,0.12105263157894737,4.056712163509182,26,3,23,0.11538461538461539,0.12105263157894737,4.1939946986275,24,1,23,0.041666666666666664,0.12105263157894737,4.037919648785894,26,3,23,0.11538461538461539,0.12105263157894737,4.438037613489687,10,1,9,0.1,0.04736842105263158,4.0594323210045875,17,2,15,0.11764705882352941,0.07894736842105263,4.213513588050437,24,1,23,0.041666666666666664,0.12105263157894737,4.056712163509182,26,3,23,0.11538461538461539,0.12105263157894737,1.679575
gaussian,gaussian,250,120,120,0.6,20,block_ar1,0.6,244,18,1,17,14,0,14,0.05555555555555555,0.08947368421052632,0.0,0.07368421052631578,18,1,17,14,0,14,0.05555555555555555,0.08947368421052632,0.0,0.07368421052631578,4.145685878868368,24,1,23,0.041666666666666664,0.12105263157894737,3.9766790044485143,26,1,25,0.038461538461538464,0.13157894736842105,4.126291033866671,23,1,22,0.043478260869565216,0.11578947368421053,3.9414529505688014,26,1,25,0.038461538461538464,0.13157894736842105,4.612486641747355,6,0,6,0.0,0.031578947368421054,4.238719644983942,8,0,8,0.0,0.042105263157894736,4.145685878868368,24,1,23,0.041666666666666664,0.12105263157894737,3.9766790044485143,26,1,25,0.038461538461538464,0.13157894736842105,1.832953
gaussian,gaussian,250,120,120,0.6,20,block_ar1,0.6,245,19,3,16,10,0,10,0.15789473684210525,0.08421052631578947,0.0,0.05263157894736842,26,5,21,10,0,10,0.19230769230769232,0.11052631578947368,0.0,0.05263157894736842,4.163968371027595,28,4,24,0.14285714285714285,0.12631578947368421,3.9249994184368564,30,5,25,0.16666666666666666,0.13157894736842105,4.115008685998345,28,4,24,0.14285714285714285,0.12631578947368421,4.012608567622356,29,5,24,0.1724137931034483,0.12631578947368421,4.41272418517935,7,1,6,0.14285714285714285,0.031578947368421054,4.233238475643357,11,2,9,0.18181818181818182,0.04736842105263158,4.246513344644769,26,2,24,0.07692307692307693,0.12631578947368421,4.060349913171619,29,5,24,0.1724137931034483,0.12631578947368421,1.89647
gaussian,gaussian,250,120,120,0.6,20,block_ar1,0.6,246,22,1,21,14,0,14,0.045454545454545456,0.11052631578947368,0.0,0.07368421052631578,24,2,22,14,0,14,0.08333333333333333,0.11578947368421053,0.0,0.07368421052631578,4.109623986637253,28,3,25,0.10714285714285714,0.13157894736842105,4.109623986637253,28,3,25,0.10714285714285714,0.13157894736842105,4.089475879832125,27,2,25,0.07407407407407407,0.13157894736842105,4.062517464462346,28,3,25,0.10714285714285714,0.13157894736842105,4.483181701073804,12,0,12,0.0,0.06315789473684211,4.074142806457844,15,2,13,0.13333333333333333,0.06842105263157895,4.576893180699834,25,1,24,0.04,0.12631578947368421,4.109623986637253,28,3,25,0.10714285714285714,0.13157894736842105,1.665509
gaussian,gaussian,250,120,120,0.6,20,block_ar1,0.6,247,19,1,18,15,1,14,0.05263157894736842,0.09473684210526316,0.06666666666666667,0.07368421052631578,22,3,19,16,1,15,0.13636363636363635,0.1,0.0625,0.07894736842105263,4.2023277199368705,22,1,21,0.045454545454545456,0.11052631578947368,3.9819697922499726,25,3,22,0.12,0.11578947368421053,4.1563562074700275,22,1,21,0.045454545454545456,0.11052631578947368,3.992890356626756,24,3,21,0.125,0.11052631578947368,4.405438808278368,8,1,7,0.125,0.03684210526315789,4.205554500418612,13,2,11,0.15384615384615385,0.05789473684210526,4.2023277199368705,22,1,21,0.045454545454545456,0.11052631578947368,4.0370538497553055,24,3,21,0.125,0.11052631578947368,1.699503
gaussian,gaussian,250,120,120,0.6,20,block_ar1,0.6,248,21,0,21,17,0,17,0.0,0.11052631578947368,0.0,0.08947368421052632,22,0,22,18,0,18,0.0,0.11578947368421053,0.0,0.09473684210526316,4.1669405183891595,26,0,26,0.0,0.1368421052631579,4.002016812738749,27,0,27,0.0,0.14210526315789473,4.128907319516432,26,0,26,0.0,0.1368421052631579,3.965488933192791,27,0,27,0.0,0.14210526315789473,4.429143876972461,13,0,13,0.0,0.06842105263157895,4.084278175935077,15,0,15,0.0,0.07894736842105263,4.319690121545435,25,0,25,0.0,0.13157894736842105,4.002016812738749,27,0,27,0.0,0.14210526315789473,1.836139
gaussian,gaussian,250,120,120,0.6,20,block_ar1,0.6,249,20,0,20,16,0,16,0.0,0.10526315789473684,0.0,0.08421052631578947,23,2,21,16,0,16,0.08695652173913043,0.11052631578947368,0.0,0.08421052631578947,4.27667285306453,22,1,21,0.045454545454545456,0.11052631578947368,4.047224406022646,24,2,22,0.08333333333333333,0.11578947368421053,4.245193570696453,22,1,21,0.045454545454545456,0.11052631578947368,4.01743402357783,24,2,22,0.08333333333333333,0.11578947368421053,4.362776340506012,10,0,10,0.0,0.05263157894736842,4.001145982633177,20,2,18,0.1,0.09473684210526316,4.27667285306453,22,1,21,0.045454545454545456,0.11052631578947368,4.047224406022646,24,2,22,0.08333333333333333,0.11578947368421053,1.660142
gaussian,gaussian,250,120,120,0.6,20,block_ar1,0.6,250,19,1,18,10,0,10,0.05263157894736842,0.09473684210526316,0.0,0.05263157894736842,22,2,20,12,0,12,0.09090909090909091,0.10526315789473684,0.0,0.06315789473684211,4.219510142567132,23,1,22,0.043478260869565216,0.11578947368421053,4.066022439216827,25,2,23,0.08,0.12105263157894737,4.203859019886771,23,1,22,0.043478260869565216,0.11578947368421053,4.050940637332932,25,2,23,0.08,0.12105263157894737,4.507525654611915,7,0,7,0.0,0.03684210526315789,4.273687419450658,8,0,8,0.0,0.042105263157894736,4.219510142567132,23,1,22,0.043478260869565216,0.11578947368421053,4.066022439216827,25,2,23,0.08,0.12105263157894737,1.862627
gaussian,gaussian,250,120,120,0.6,20,block_ar1,0.6,251,20,0,20,14,0,14,0.0,0.10526315789473684,0.0,0.07368421052631578,25,2,23,14,0,14,0.08,0.12105263157894737,0.0,0.07368421052631578,4.579299789753879,22,0,22,0.0,0.11578947368421053,3.9525145639522083,26,2,24,0.07692307692307693,0.12631578947368421,4.538583135295553,22,0,22,0.0,0.11578947368421053,3.97989043527874,23,0,23,0.0,0.12105263157894737,4.40630711725267,9,0,9,0.0,0.04736842105263158,4.143563881016188,11,0,11,0.0,0.05789473684210526,4.579299789753879,22,0,22,0.0,0.11578947368421053,4.579299789753879,22,0,22,0.0,0.11578947368421053,1.878642
gaussian,gaussian,250,120,120,0.6,20,block_ar1,0.6,252,21,0,21,20,0,20,0.0,0.11052631578947368,0.0,0.10526315789473684,22,0,22,20,0,20,0.0,0.11578947368421053,0.0,0.10526315789473684,4.364832065067932,24,0,24,0.0,0.12631578947368421,3.9392436197080127,26,1,25,0.038461538461538464,0.13157894736842105,4.326972736607388,24,0,24,0.0,0.12631578947368421,3.9596487430248617,25,0,25,0.0,0.13157894736842105,4.244876986753253,15,0,15,0.0,0.07894736842105263,4.001590099919101,20,0,20,0.0,0.10526315789473684,4.364832065067932,24,0,24,0.0,0.12631578947368421,3.994294129412968,25,0,25,0.0,0.13157894736842105,1.66554
gaussian,gaussian,250,120,120,0.6,20,block_ar1,0.6,253,26,2,24,17,0,17,0.07692307692307693,0.12631578947368421,0.0,0.08947368421052632,28,3,25,18,0,18,0.10714285714285714,0.13157894736842105,0.0,0.09473684210526316,4.051336379957773,38,4,34,0.10526315789473684,0.17894736842105263,3.9181805885686587,39,4,35,0.10256410256410256,0.18421052631578946,4.016321296910203,37,3,34,0.08108108108108109,0.17894736842105263,3.874251085710651,39,4,35,0.10256410256410256,0.18421052631578946,4.209786244275204,17,0,17,0.0,0.08947368421052632,4.027783494160589,19,0,19,0.0,0.1,4.154043651557067,36,3,33,0.08333333333333333,0.1736842105263158,4.051336379957773,38,4,34,0.10526315789473684,0.17894736842105263,1.718633
gaussian,gaussian,250,120,120,0.6,20,block_ar1,0.6,254,16,1,15,11,0,11,0.0625,0.07894736842105263,0.0,0.05789473684210526,20,4,16,13,0,13,0.2,0.08421052631578947,0.0,0.06842105263157895,4.185963477765601,22,1,21,0.045454545454545456,0.11052631578947368,3.9566383793148265,25,4,21,0.16,0.11052631578947368,4.172330797270544,22,1,21,0.045454545454545456,0.11052631578947368,3.94375255574131,25,4,21,0.16,0.11052631578947368,4.577377316345537,10,0,10,0.0,0.05263157894736842,4.262207942125276,11,1,10,0.09090909090909091,0.05263157894736842,4.40342063558221,21,1,20,0.047619047619047616,0.10526315789473684,4.036480114170661,24,3,21,0.125,0.11052631578947368,1.842306
gaussian,gaussian,250,120,120,0.6,20,block_ar1,0.6,255,19,1,18,15,0,15,0.05263157894736842,0.09473684210526316,0.0,0.07894736842105263,20,1,19,16,0,16,0.05,0.1,0.0,0.08421052631578947,4.1917906909667275,23,1,22,0.043478260869565216,0.11578947368421053,3.9904082559576346,25,1,24,0.04,0.12631578947368421,4.17355566561971,23,1,22,0.043478260869565216,0.11578947368421053,3.973049279554269,25,1,24,0.04,0.12631578947368421,4.451534747202482,10,0,10,0.0,0.05263157894736842,4.1250346544073375,13,1,12,0.07692307692307693,0.06315789473684211,4.1917906909667275,23,1,22,0.043478260869565216,0.11578947368421053,3.9904082559576346,25,1,24,0.04,0.12631578947368421,1.707475
gaussian,gaussian,250,120,120,0.6,20,block_ar1,0.6,256,22,1,21,12,0,12,0.045454545454545456,0.11052631578947368,0.0,0.06315789473684211,24,2,22,13,0,13,0.08333333333333333,0.11578947368421053,0.0,0.06842105263157895,4.104432745861285,26,1,25,0.038461538461538464,0.13157894736842105,4.030476444128002,28,2,26,0.07142857142857142,0.1368421052631579,4.10703469123282,25,1,24,0.04,0.12631578947368421,4.009192184529378,28,2,26,0.07142857142857142,0.1368421052631579,4.539330309448486,5,0,5,0.0,0.02631578947368421,4.296206319192116,6,1,5,0.16666666666666666,0.02631578947368421,4.463782001097655,22,0,22,0.0,0.11578947368421053,4.030476444128002,28,2,26,0.07142857142857142,0.1368421052631579,1.870867
gaussian,gaussian,250,120,120,0.6,20,block_ar1,0.6,257,26,3,23,16,0,16,0.11538461538461539,0.12105263157894737,0.0,0.08421052631578947,26,3,23,18,0,18,0.11538461538461539,0.12105263157894737,0.0,0.09473684210526316,4.085073887327474,29,4,25,0.13793103448275862,0.13157894736842105,4.085073887327474,29,4,25,0.13793103448275862,0.13157894736842105,4.110692845327449,28,4,24,0.14285714285714285,0.12631578947368421,4.050017232509472,29,4,25,0.13793103448275862,0.13157894736842105,4.345548391946343,11,1,10,0.09090909090909091,0.05263157894736842,4.057254670411805,16,3,13,0.1875,0.06842105263157895,4.416406470257511,25,2,23,0.08,0.12105263157894737,4.085073887327474,29,4,25,0.13793103448275862,0.13157894736842105,1.893543
gaussian,gaussian,250,120,120,0.6,20,block_ar1,0.6,258,17,1,16,9,0,9,0.058823529411764705,0.08421052631578947,0.0,0.04736842105263158,22,2,20,11,0,11,0.09090909090909091,0.10526315789473684,0.0,0.05789473684210526,4.221534973362824,23,1,22,0.043478260869565216,0.11578947368421053,4.091673706927608,24,2,22,0.08333333333333333,0.11578947368421053,4.191112713241849,23,1,22,0.043478260869565216,0.11578947368421053,4.062187284896821,24,2,22,0.08333333333333333,0.11578947368421053,4.339434212063311,11,1,10,0.09090909090909091,0.05263157894736842,4.120919337574742,12,1,11,0.08333333333333333,0.05789473684210526,4.221534973362824,23,1,22,0.043478260869565216,0.11578947368421053,4.091673706927608,24,2,22,0.08333333333333333,0.11578947368421053,1.674848
gaussian,gaussian,250,120,120,0.6,20,block_ar1,0.6,259,24,1,23,18,0,18,0.041666666666666664,0.12105263157894737,0.0,0.09473684210526316,28,4,24,20,0,20,0.14285714285714285,0.12631578947368421,0.0,0.10526315789473684,4.125825921085394,27,2,25,0.07407407407407407,0.13157894736842105,3.90608080071998,30,5,25,0.16666666666666666,0.13157894736842105,4.634931586862926,26,1,25,0.038461538461538464,0.13157894736842105,4.002262490285575,28,3,25,0.10714285714285714,0.13157894736842105,4.248692240684616,17,0,17,0.0,0.08947368421052632,3.996928925943202,22,2,20,0.09090909090909091,0.10526315789473684,4.69647641086527,26,1,25,0.038461538461538464,0.13157894736842105,4.055406433396615,28,3,25,0.10714285714285714,0.13157894736842105,1.686592
gaussian,gaussian,250,120,120,0.6,20,block_ar1,0.6,260,18,1,17,16,0,16,0.05555555555555555,0.08947368421052632,0.0,0.08421052631578947,22,3,19,16,0,16,0.13636363636363635,0.1,0.0,0.08421052631578947,4.235501673183584,22,2,20,0.09090909090909091,0.10526315789473684,3.9344213163728994,26,5,21,0.19230769230769232,0.11052631578947368,4.1881874938914265,22,2,20,0.09090909090909091,0.10526315789473684,3.967498798178271,24,4,20,0.16666666666666666,0.10526315789473684,4.342086587387059,13,1,12,0.07692307692307693,0.06315789473684211,4.074322122577541,19,4,15,0.21052631578947367,0.07894736842105263,4.50573337186982,20,1,19,0.05,0.1,4.053387332679834,23,3,20,0.13043478260869565,0.10526315789473684,1.873995
gaussian,gaussian,250,120,120,0.6,20,block_ar1,0.6,261,29,1,28,20,0,20,0.034482758620689655,0.14736842105263157,0.0,0.10526315789473684,29,1,28,22,1,21,0.034482758620689655,0.14736842105263157,0.045454545454545456,0.11052631578947368,4.090849472086396,32,1,31,0.03125,0.1631578947368421,3.858230207225778,37,3,34,0.08108108108108109,0.17894736842105263,4.080704727490679,30,1,29,0.03333333333333333,0.15263157894736842,3.9480811789613535,33,1,32,0.030303030303030304,0.16842105263157894,4.256196042908517,15,0,15,0.0,0.07894736842105263,3.963862478292844,23,1,22,0.043478260869565216,0.11578947368421053,4.124518151075129,31,1,30,0.03225806451612903,0.15789473684210525,3.9904706593553443,34,1,33,0.029411764705882353,0.1736842105263158,1.722187
gaussian,gaussian,250,120,120,0.6,20,block_ar1,0.6,262,18,0,18,12,0,12,0.0,0.09473684210526316,0.0,0.06315789473684211,23,2,21,14,0,14,0.08695652173913043,0.11052631578947368,0.0,0.07368421052631578,4.114361160714066,25,1,24,0.04,0.12631578947368421,3.9100360502575806,29,3,26,0.10344827586206896,0.1368421052631579,4.191646539061043,23,0,23,0.0,0.12105263157894737,3.931174303385577,27,2,25,0.07407407407407407,0.13157894736842105,4.61397583429226,10,0,10,0.0,0.05263157894736842,4.131374132552643,12,1,11,0.08333333333333333,0.05789473684210526,4.264835594986495,22,0,22,0.0,0.11578947368421053,4.063892453538781,26,1,25,0.038461538461538464,0.13157894736842105,1.819406
gaussian,gaussian,250,120,120,0.6,20,block_ar1,0.6,263,13,0,13,13,0,13,0.0,0.06842105263157895,0.0,0.06842105263157895,20,2,18,13,0,13,0.1,0.09473684210526316,0.0,0.06842105263157895,4.25657330102096,21,0,21,0.0,0.11052631578947368,4.026973736503276,24,2,22,0.08333333333333333,0.11578947368421053,4.247684471057746,21,0,21,0.0,0.11052631578947368,4.018564370029659,24,2,22,0.08333333333333333,0.11578947368421053,4.396040735825449,7,0,7,0.0,0.03684210526315789,4.249017479434973,10,0,10,0.0,0.05263157894736842,4.25657330102096,21,0,21,0.0,0.11052631578947368,4.026973736503276,24,2,22,0.08333333333333333,0.11578947368421053,1.771226
gaussian,gaussian,250,120,120,0.6,20,block_ar1,0.6,264,19,0,19,15,0,15,0.0,0.1,0.0,0.07894736842105263,22,2,20,18,0,18,0.09090909090909091,0.10526315789473684,0.0,0.09473684210526316,4.195531018320366,25,1,24,0.04,0.12631578947368421,3.9279073147727033,28,4,24,0.14285714285714285,0.12631578947368421,4.164422391910158,24,1,23,0.041666666666666664,0.12105263157894737,3.9686971242312565,26,3,23,0.11538461538461539,0.12105263157894737,4.229370796653598,15,0,15,0.0,0.07894736842105263,4.229370796653598,15,0,15,0.0,0.07894736842105263,4.357922828985004,24,1,23,0.041666666666666664,0.12105263157894737,3.9983436645084414,27,3,24,0.1111111111111111,0.12631578947368421,1.730115
gaussian,gaussian,250,120,120,0.6,20,block_ar1,0.6,265,16,1,15,14,0,14,0.0625,0.07894736842105263,0.0,0.07368421052631578,18,1,17,14,0,14,0.05555555555555555,0.08947368421052632,0.0,0.07368421052631578,4.203387299724721,24,1,23,0.041666666666666664,0.12105263157894737,3.9930992972771424,27,2,25,0.07407407407407407,0.13157894736842105,4.165905178663751,24,1,23,0.041666666666666664,0.12105263157894737,3.957492340174042,27,2,25,0.07407407407407407,0.13157894736842105,4.552587890730488,7,0,7,0.0,0.03684210526315789,4.552587890730488,7,0,7,0.0,0.03684210526315789,4.203387299724721,24,1,23,0.041666666666666664,0.12105263157894737,3.9930992972771424,27,2,25,0.07407407407407407,0.13157894736842105,1.688747
gaussian,gaussian,250,120,120,0.6,20,block_ar1,0.6,266,27,2,25,20,0,20,0.07407407407407407,0.13157894736842105,0.0,0.10526315789473684,30,5,25,21,0,21,0.16666666666666666,0.13157894736842105,0.0,0.11052631578947368,4.104031129427388,30,3,27,0.1,0.14210526315789473,3.9306104872316188,32,5,27,0.15625,0.14210526315789473,4.075126851939921,29,3,26,0.10344827586206896,0.1368421052631579,3.9029275938433456,31,5,26,0.16129032258064516,0.1368421052631579,4.2737913094522355,15,1,14,0.06666666666666667,0.07368421052631578,4.006172063927941,20,2,18,0.1,0.09473684210526316,4.171310614182966,29,2,27,0.06896551724137931,0.14210526315789473,3.9306104872316188,32,5,27,0.15625,0.14210526315789473,1.734718
gaussian,gaussian,250,120,120,0.6,20,block_ar1,0.6,267,23,2,21,16,0,16,0.08695652173913043,0.11052631578947368,0.0,0.08421052631578947,27,6,21,17,0,17,0.2222222222222222,0.11052631578947368,0.0,0.08947368421052632,4.194917375640499,26,3,23,0.11538461538461539,0.12105263157894737,3.892465039381705,32,7,25,0.21875,0.13157894736842105,4.16990251386464,26,3,23,0.11538461538461539,0.12105263157894737,3.929152973730679,29,5,24,0.1724137931034483,0.12631578947368421,4.223869367456543,16,1,15,0.0625,0.07894736842105263,4.009660500256603,19,2,17,0.10526315789473684,0.08947368421052632,4.266459090020929,24,1,23,0.041666666666666664,0.12105263157894737,4.011609247967905,27,4,23,0.14814814814814814,0.12105263157894737,1.772507
gaussian,gaussian,250,120,120,0.6,20,block_ar1,0.6,268,20,2,18,13,0,13,0.1,0.09473684210526316,0.0,0.06842105263157895,25,3,22,15,0,15,0.12,0.11578947368421053,0.0,0.07894736842105263,4.1627175079231735,24,2,22,0.08333333333333333,0.11578947368421053,3.9400693322060225,26,3,23,0.11538461538461539,0.12105263157894737,4.150075983773811,24,2,22,0.08333333333333333,0.11578947368421053,3.95510600829325,25,2,23,0.08,0.12105263157894737,4.311534693317419,12,0,12,0.0,0.06315789473684211,4.037902185773327,17,2,15,0.11764705882352941,0.07894736842105263,4.1627175079231735,24,2,22,0.08333333333333333,0.11578947368421053,3.9671536354481782,25,2,23,0.08,0.12105263157894737,1.831869
gaussian,gaussian,250,120,120,0.6,20,block_ar1,0.6,269,15,0,15,13,0,13,0.0,0.07894736842105263,0.0,0.06842105263157895,17,0,17,13,0,13,0.0,0.08947368421052632,0.0,0.06842105263157895,4.3014682603606245,23,1,22,0.043478260869565216,0.11578947368421053,4.3014682603606245,23,1,22,0.043478260869565216,0.11578947368421053,4.276551331122977,23,1,22,0.043478260869565216,0.11578947368421053,4.276551331122977,23,1,22,0.043478260869565216,0.11578947368421053,4.498137464302759,8,0,8,0.0,0.042105263157894736,4.241324730673853,9,1,8,0.1111111111111111,0.042105263157894736,4.3014682603606245,23,1,22,0.043478260869565216,0.11578947368421053,4.3014682603606245,23,1,22,0.043478260869565216,0.11578947368421053,1.717676
gaussian,gaussian,250,120,120,0.6,20,block_ar1,0.6,270,23,1,22,16,0,16,0.043478260869565216,0.11578947368421053,0.0,0.08421052631578947,27,4,23,19,0,19,0.14814814814814814,0.12105263157894737,0.0,0.1,4.108900818819334,26,2,24,0.07692307692307693,0.12631578947368421,3.9603966264995414,28,4,24,0.14285714285714285,0.12631578947368421,4.132326361570005,25,2,23,0.08,0.12105263157894737,3.918972987085277,28,4,24,0.14285714285714285,0.12631578947368421,4.411632100988439,10,0,10,0.0,0.05263157894736842,4.205025772436667,11,1,10,0.09090909090909091,0.05263157894736842,4.271514902118819,24,2,22,0.08333333333333333,0.11578947368421053,4.051724139548004,27,3,24,0.1111111111111111,0.12631578947368421,1.837248
gaussian,gaussian,250,120,120,0.6,20,block_ar1,0.6,271,18,2,16,12,0,12,0.1111111111111111,0.08421052631578947,0.0,0.06315789473684211,24,3,21,16,0,16,0.125,0.11052631578947368,0.0,0.08421052631578947,4.403466592102375,22,2,20,0.09090909090909091,0.10526315789473684,4.01851911250294,23,2,21,0.08695652173913043,0.11052631578947368,4.3750203876172025,22,2,20,0.09090909090909091,0.10526315789473684,3.992559652152577,23,2,21,0.08695652173913043,0.11052631578947368,4.336512397844108,10,2,8,0.2,0.042105263157894736,4.205566529027677,12,2,10,0.16666666666666666,0.05263157894736842,4.403466592102375,22,2,20,0.09090909090909091,0.10526315789473684,4.01851911250294,23,2,21,0.08695652173913043,0.11052631578947368,1.688707
gaussian,gaussian,250,120,120,0.6,20,block_ar1,0.6,272,17,0,17,14,0,14,0.0,0.08947368421052632,0.0,0.07368421052631578,22,2,20,15,0,15,0.09090909090909091,0.10526315789473684,0.0,0.07894736842105263,4.102127060523495,27,4,23,0.14814814814814814,0.12105263157894737,3.941433992312314,30,4,26,0.13333333333333333,0.1368421052631579,4.143049729973165,24,1,23,0.041666666666666664,0.12105263157894737,4.003769265660525,28,4,24,0.14285714285714285,0.12631578947368421,4.269119475439122,13,0,13,0.0,0.06842105263157895,4.133785462596894,14,0,14,0.0,0.07368421052631578,4.327410287328124,24,1,23,0.041666666666666664,0.12105263157894737,4.071678421083981,28,4,24,0.14285714285714285,0.12631578947368421,1.761251
gaussian,gaussian,250,120,120,0.6,20,block_ar1,0.6,273,24,1,23,13,0,13,0.041666666666666664,0.12105263157894737,0.0,0.06842105263157895,25,2,23,19,0,19,0.08,0.12105263157894737,0.0,0.1,4.084705343203602,28,1,27,0.03571428571428571,0.14210526315789473,4.043985999667439,29,2,27,0.06896551724137931,0.14210526315789473,4.169541706431054,27,1,26,0.037037037037037035,0.1368421052631579,4.015876315036979,29,2,27,0.06896551724137931,0.14210526315789473,4.255133958757956,15,0,15,0.0,0.07894736842105263,4.066103816898656,18,0,18,0.0,0.09473684210526316,4.198726993334056,27,1,26,0.037037037037037035,0.1368421052631579,4.043985999667439,29,2,27,0.06896551724137931,0.14210526315789473,1.932355
gaussian,gaussian,250,120,120,0.6,20,block_ar1,0.6,274,19,1,18,13,0,13,0.05263157894736842,0.09473684210526316,0.0,0.06842105263157895,24,3,21,14,1,13,0.125,0.11052631578947368,0.07142857142857142,0.06842105263157895,4.088562647452257,29,2,27,0.06896551724137931,0.14210526315789473,3.8855193069883605,33,5,28,0.15151515151515152,0.14736842105263157,4.192778290560482,27,1,26,0.037037037037037035,0.1368421052631579,3.929335085270944,31,3,28,0.0967741935483871,0.14736842105263157,4.3432728806792085,10,1,9,0.1,0.04736842105263158,4.3432728806792085,10,1,9,0.1,0.04736842105263158,4.2505818008676615,27,1,26,0.037037037037037035,0.1368421052631579,3.983506650128827,31,3,28,0.0967741935483871,0.14736842105263157,1.709576
gaussian,gaussian,250,120,120,0.6,20,block_ar1,0.6,275,20,2,18,15,0,15,0.1,0.09473684210526316,0.0,0.07894736842105263,26,7,19,16,0,16,0.2692307692307692,0.1,0.0,0.08421052631578947,4.263084961835228,21,2,19,0.09523809523809523,0.1,3.9280118678960054,28,7,21,0.25,0.11052631578947368,4.24015929430394,21,2,19,0.09523809523809523,0.1,3.9257382721378438,27,6,21,0.2222222222222222,0.11052631578947368,4.469394597734863,6,0,6,0.0,0.031578947368421054,4.091480211669368,14,3,11,0.21428571428571427,0.05789473684210526,4.263084961835228,21,2,19,0.09523809523809523,0.1,4.063049052612375,22,2,20,0.09090909090909091,0.10526315789473684,1.90238
gaussian,gaussian,250,120,120,0.6,20,block_ar1,0.6,276,22,3,19,15,0,15,0.13636363636363635,0.1,0.0,0.07894736842105263,29,7,22,16,0,16,0.2413793103448276,0.11578947368421053,0.0,0.08421052631578947,4.099803591856576,27,4,23,0.14814814814814814,0.12105263157894737,3.8810328207433917,34,7,27,0.20588235294117646,0.14210526315789473,4.098196241865019,26,3,23,0.11538461538461539,0.12105263157894737,3.909425506486427,32,7,25,0.21875,0.13157894736842105,4.233468476369852,17,2,15,0.11764705882352941,0.07894736842105263,3.9780573335359675,22,6,16,0.2727272727272727,0.08421052631578947,4.2662470495662355,25,3,22,0.12,0.11578947368421053,3.941653299697179,32,7,25,0.21875,0.13157894736842105,1.793209
gaussian,gaussian,250,120,120,0.6,20,block_ar1,0.6,277,21,2,19,14,0,14,0.09523809523809523,0.1,0.0,0.07368421052631578,28,6,22,17,0,17,0.21428571428571427,0.11578947368421053,0.0,0.08947368421052632,4.113958388447131,28,4,24,0.14285714285714285,0.12631578947368421,3.9623143987526612,31,7,24,0.22580645161290322,0.12631578947368421,4.181988934783742,25,1,24,0.04,0.12631578947368421,3.919317528710504,31,7,24,0.22580645161290322,0.12631578947368421,4.362744528745991,10,0,10,0.0,0.05263157894736842,4.158661961058626,12,2,10,0.16666666666666666,0.05263157894736842,4.227867441291429,25,1,24,0.04,0.12631578947368421,3.9623143987526612,31,7,24,0.22580645161290322,0.12631578947368421,1.765495
gaussian,gaussian,250,120,120,0.6,20,block_ar1,0.6,278,15,0,15,14,0,14,0.0,0.07894736842105263,0.0,0.07368421052631578,22,2,20,14,0,14,0.09090909090909091,0.10526315789473684,0.0,0.07368421052631578,4.445070943698785,22,0,22,0.0,0.11578947368421053,3.936654648510522,26,3,23,0.11538461538461539,0.12105263157894737,4.420198971540765,22,0,22,0.0,0.11578947368421053,3.949375099606294,25,2,23,0.08,0.12105263157894737,4.348003407907376,11,0,11,0.0,0.05789473684210526,4.101758037995052,15,0,15,0.0,0.07894736842105263,4.445070943698785,22,0,22,0.0,0.11578947368421053,3.971597797758894,25,2,23,0.08,0.12105263157894737,1.640209
gaussian,gaussian,250,120,120,0.6,20,block_ar1,0.6,279,16,0,16,13,0,13,0.0,0.08421052631578947,0.0,0.06842105263157895,21,2,19,14,0,14,0.09523809523809523,0.1,0.0,0.07368421052631578,4.868558508322681,19,0,19,0.0,0.1,4.02097083118468,22,2,20,0.09090909090909091,0.10526315789473684,4.841476219854395,19,0,19,0.0,0.1,3.9986034113854623,22,2,20,0.09090909090909091,0.10526315789473684,4.6919976515611195,6,0,6,0.0,0.031578947368421054,4.103786213727551,14,2,12,0.14285714285714285,0.06315789473684211,4.868558508322681,19,0,19,0.0,0.1,4.02097083118468,22,2,20,0.09090909090909091,0.10526315789473684,1.901013
gaussian,gaussian,250,120,120,0.6,20,block_ar1,0.6,280,20,1,19,18,0,18,0.05,0.1,0.0,0.09473684210526316,22,2,20,18,0,18,0.09090909090909091,0.10526315789473684,0.0,0.09473684210526316,4.252270404070507,22,2,20,0.09090909090909091,0.10526315789473684,3.9570266625952266,24,4,20,0.16666666666666666,0.10526315789473684,4.216982652093008,22,2,20,0.09090909090909091,0.10526315789473684,4.216982652093008,22,2,20,0.09090909090909091,0.10526315789473684,4.25578610229188,14,0,14,0.0,0.07368421052631578,4.112262129979754,17,0,17,0.0,0.08947368421052632,4.252270404070507,22,2,20,0.09090909090909091,0.10526315789473684,4.252270404070507,22,2,20,0.09090909090909091,0.10526315789473684,2.056226
gaussian,gaussian,250,120,120,0.6,20,block_ar1,0.6,281,17,0,17,14,0,14,0.0,0.08947368421052632,0.0,0.07368421052631578,19,1,18,15,0,15,0.05263157894736842,0.09473684210526316,0.0,0.07894736842105263,4.174234090778556,21,0,21,0.0,0.11052631578947368,3.9826564951302728,23,1,22,0.043478260869565216,0.11578947368421053,4.294211097874373,20,0,20,0.0,0.10526315789473684,4.146000975357685,21,0,21,0.0,0.11052631578947368,4.325144524508641,10,0,10,0.0,0.05263157894736842,4.190797290192328,13,0,13,0.0,0.06842105263157895,4.323453483076035,20,0,20,0.0,0.10526315789473684,4.174234090778556,21,0,21,0.0,0.11052631578947368,1.6283
gaussian,gaussian,250,120,120,0.6,20,block_ar1,0.6,282,22,3,19,12,0,12,0.13636363636363635,0.1,0.0,0.06315789473684211,24,4,20,14,0,14,0.16666666666666666,0.10526315789473684,0.0,0.07368421052631578,4.207560668473785,26,3,23,0.11538461538461539,0.12105263157894737,4.0595100954449626,29,4,25,0.13793103448275862,0.13157894736842105,4.173245792327506,26,3,23,0.11538461538461539,0.12105263157894737,4.026402649797533,29,4,25,0.13793103448275862,0.13157894736842105,4.505182449390678,8,0,8,0.0,0.042105263157894736,4.197603070156472,9,0,9,0.0,0.04736842105263158,4.207560668473785,26,3,23,0.11538461538461539,0.12105263157894737,4.0595100954449626,29,4,25,0.13793103448275862,0.13157894736842105,1.808474
gaussian,gaussian,250,120,120,0.6,20,block_ar1,0.6,283,24,0,24,19,0,19,0.0,0.12631578947368421,0.0,0.1,27,1,26,19,0,19,0.037037037037037035,0.1368421052631579,0.0,0.1,4.562778933369351,27,1,26,0.037037037037037035,0.1368421052631579,4.009264517196383,28,1,27,0.03571428571428571,0.14210526315789473,4.533771248221863,27,1,26,0.037037037037037035,0.1368421052631579,3.983775777880681,28,1,27,0.03571428571428571,0.14210526315789473,4.247631593616148,16,1,15,0.0625,0.07894736842105263,4.002357643692936,20,1,19,0.05,0.1,4.562778933369351,27,1,26,0.037037037037037035,0.1368421052631579,4.009264517196383,28,1,27,0.03571428571428571,0.14210526315789473,1.755411
gaussian,gaussian,250,120,120,0.6,20,block_ar1,0.6,284,20,0,20,11,0,11,0.0,0.10526315789473684,0.0,0.05789473684210526,22,1,21,11,0,11,0.045454545454545456,0.11052631578947368,0.0,0.05789473684210526,4.112012633476882,28,0,28,0.0,0.14736842105263157,3.9684125860399693,29,1,28,0.034482758620689655,0.14736842105263157,4.098187423503193,27,0,27,0.0,0.14210526315789473,3.9550701811996802,28,1,27,0.03571428571428571,0.14210526315789473,4.370575300576428,10,0,10,0.0,0.05263157894736842,4.174401067578047,12,0,12,0.0,0.06315789473684211,4.492451101486834,25,0,25,0.0,0.13157894736842105,3.9684125860399693,29,1,28,0.034482758620689655,0.14736842105263157,1.623629
gaussian,gaussian,250,120,120,0.6,20,block_ar1,0.6,285,19,3,16,12,0,12,0.15789473684210525,0.08421052631578947,0.0,0.06315789473684211,23,5,18,14,1,13,0.21739130434782608,0.09473684210526316,0.07142857142857142,0.06842105263157895,4.123890506014078,25,3,22,0.12,0.11578947368421053,4.006134299870298,28,5,23,0.17857142857142858,0.12105263157894737,4.418820556304154,24,2,22,0.08333333333333333,0.11578947368421053,3.9852449471506532,28,5,23,0.17857142857142858,0.12105263157894737,4.277999447233467,14,4,10,0.2857142857142857,0.05263157894736842,4.277999447233467,14,4,10,0.2857142857142857,0.05263157894736842,4.441982570792486,24,2,22,0.08333333333333333,0.11578947368421053,4.006134299870298,28,5,23,0.17857142857142858,0.12105263157894737,1.997011
gaussian,gaussian,250,120,120,0.6,20,block_ar1,0.6,286,20,3,17,15,0,15,0.15,0.08947368421052632,0.0,0.07894736842105263,23,3,20,16,0,16,0.13043478260869565,0.10526315789473684,0.0,0.08421052631578947,4.281916375895528,27,3,24,0.1111111111111111,0.12631578947368421,3.9578048326001585,28,3,25,0.10714285714285714,0.13157894736842105,4.249287935092338,27,3,24,0.1111111111111111,0.12631578947368421,3.927646139773266,28,3,25,0.10714285714285714,0.13157894736842105,4.353110052996655,12,0,12,0.0,0.06315789473684211,4.0038993422122715,22,5,17,0.22727272727272727,0.08947368421052632,4.281916375895528,27,3,24,0.1111111111111111,0.12631578947368421,4.281916375895528,27,3,24,0.1111111111111111,0.12631578947368421,1.764267
gaussian,gaussian,250,120,120,0.6,20,block_ar1,0.6,287,18,0,18,14,0,14,0.0,0.09473684210526316,0.0,0.07368421052631578,24,3,21,15,0,15,0.125,0.11052631578947368,0.0,0.07894736842105263,4.592611947413933,21,0,21,0.0,0.11052631578947368,3.950984003709752,27,4,23,0.14814814814814814,0.12105263157894737,4.576754320460255,21,0,21,0.0,0.11052631578947368,3.9373418255444372,27,4,23,0.14814814814814814,0.12105263157894737,4.317504259572316,10,0,10,0.0,0.05263157894736842,4.249544701384058,12,0,12,0.0,0.06315789473684211,4.592611947413933,21,0,21,0.0,0.11052631578947368,3.9886901388183347,26,3,23,0.11538461538461539,0.12105263157894737,1.620218
gaussian,gaussian,250,120,120,0.6,20,block_ar1,0.6,288,16,1,15,13,0,13,0.0625,0.07894736842105263,0.0,0.06842105263157895,19,4,15,14,0,14,0.21052631578947367,0.07894736842105263,0.0,0.07368421052631578,4.217867095210031,23,2,21,0.08695652173913043,0.11052631578947368,3.991236501196136,29,6,23,0.20689655172413793,0.12105263157894737,4.2065455337117035,23,2,21,0.08695652173913043,0.11052631578947368,3.9805232595309397,29,6,23,0.20689655172413793,0.12105263157894737,4.29265700809716,13,2,11,0.15384615384615385,0.05789473684210526,4.29265700809716,13,2,11,0.15384615384615385,0.05789473684210526,4.217867095210031,23,2,21,0.08695652173913043,0.11052631578947368,3.991236501196136,29,6,23,0.20689655172413793,0.12105263157894737,1.726019
gaussian,gaussian,250,120,120,0.6,20,block_ar1,0.6,289,25,2,23,16,0,16,0.08,0.12105263157894737,0.0,0.08421052631578947,27,3,24,17,0,17,0.1111111111111111,0.12631578947368421,0.0,0.08947368421052632,4.114357487739947,26,2,24,0.07692307692307693,0.12631578947368421,3.9398720694498928,29,3,26,0.10344827586206896,0.1368421052631579,4.221232344001865,25,1,24,0.04,0.12631578947368421,3.97074126832296,28,2,26,0.07142857142857142,0.1368421052631579,4.504596747337455,7,0,7,0.0,0.03684210526315789,4.123818005883717,12,0,12,0.0,0.06315789473684211,4.257918985405893,25,1,24,0.04,0.12631578947368421,4.005250897063519,28,2,26,0.07142857142857142,0.1368421052631579,1.856511
gaussian,gaussian,250,120,120,0.6,20,block_ar1,0.6,290,18,0,18,12,0,12,0.0,0.09473684210526316,0.0,0.06315789473684211,21,2,19,12,0,12,0.09523809523809523,0.1,0.0,0.06315789473684211,4.2634414393764875,22,0,22,0.0,0.11578947368421053,4.024350434658341,24,2,22,0.08333333333333333,0.11578947368421053,4.242319347424797,22,0,22,0.0,0.11578947368421053,4.004412855795031,24,2,22,0.08333333333333333,0.11578947368421053,4.355657540512373,10,0,10,0.0,0.05263157894736842,4.206783012638339,11,0,11,0.0,0.05789473684210526,4.2634414393764875,22,0,22,0.0,0.11578947368421053,4.024350434658341,24,2,22,0.08333333333333333,0.11578947368421053,1.684216
gaussian,gaussian,250,120,120,0.6,20,block_ar1,0.6,291,23,2,21,16,0,16,0.08695652173913043,0.11052631578947368,0.0,0.08421052631578947,26,5,21,20,1,19,0.19230769230769232,0.11052631578947368,0.05,0.1,4.269491344420289,26,3,23,0.11538461538461539,0.12105263157894737,3.935785408213555,29,6,23,0.20689655172413793,0.12105263157894737,4.240025494190903,26,3,23,0.11538461538461539,0.12105263157894737,3.908622626041626,29,6,23,0.20689655172413793,0.12105263157894737,4.21470713195099,16,0,16,0.0,0.08421052631578947,4.033665919351019,20,1,19,0.05,0.1,4.269491344420289,26,3,23,0.11538461538461539,0.12105263157894737,4.034041024872828,28,5,23,0.17857142857142858,0.12105263157894737,1.928468
gaussian,gaussian,250,120,120,0.6,20,block_ar1,0.6,292,22,3,19,16,0,16,0.13636363636363635,0.1,0.0,0.08421052631578947,23,4,19,18,0,18,0.17391304347826086,0.1,0.0,0.09473684210526316,4.160466439229405,26,3,23,0.11538461538461539,0.12105263157894737,3.934518391491282,29,4,25,0.13793103448275862,0.13157894736842105,4.127586612457833,26,3,23,0.11538461538461539,0.12105263157894737,3.982520158315689,28,4,24,0.14285714285714285,0.12631578947368421,4.288264721984024,14,2,12,0.14285714285714285,0.06315789473684211,4.073613608012648,17,3,14,0.17647058823529413,0.07368421052631578,4.227252976173439,25,2,23,0.08,0.12105263157894737,4.014244404276877,28,4,24,0.14285714285714285,0.12631578947368421,2.374575
gaussian,gaussian,250,120,120,0.6,20,block_ar1,0.6,293,19,1,18,14,0,14,0.05263157894736842,0.09473684210526316,0.0,0.07368421052631578,24,5,19,14,0,14,0.20833333333333334,0.1,0.0,0.07368421052631578,4.166901502124995,21,1,20,0.047619047619047616,0.10526315789473684,3.9562074525506725,25,5,20,0.2,0.10526315789473684,4.163594092746574,21,1,20,0.047619047619047616,0.10526315789473684,3.9530672781009346,25,5,20,0.2,0.10526315789473684,4.444496073382002,12,1,11,0.08333333333333333,0.05789473684210526,4.0341279265113785,18,4,14,0.2222222222222222,0.07368421052631578,4.399572284059429,19,0,19,0.0,0.1,3.9936673070114193,24,4,20,0.16666666666666666,0.10526315789473684,1.700137
gaussian,gaussian,250,120,120,0.6,20,block_ar1,0.6,294,26,2,24,15,0,15,0.07692307692307693,0.12631578947368421,0.0,0.07894736842105263,29,4,25,17,0,17,0.13793103448275862,0.13157894736842105,0.0,0.08947368421052632,4.083629687781708,32,4,28,0.125,0.14736842105263157,3.870644508417829,35,7,28,0.2,0.14736842105263157,4.09004613687631,31,3,28,0.0967741935483871,0.14736842105263157,3.939282109809694,33,5,28,0.15151515151515152,0.14736842105263157,4.35152918099289,16,3,13,0.1875,0.06842105263157895,3.9796453477838263,22,3,19,0.13636363636363635,0.1,4.163551465373079,31,3,28,0.0967741935483871,0.14736842105263157,4.010077943360889,33,5,28,0.15151515151515152,0.14736842105263157,1.716397
gaussian,gaussian,250,120,120,0.6,20,block_ar1,0.6,295,20,1,19,18,0,18,0.05,0.1,0.0,0.09473684210526316,22,2,20,18,0,18,0.09090909090909091,0.10526315789473684,0.0,0.09473684210526316,4.162816813247149,22,1,21,0.045454545454545456,0.11052631578947368,3.97855215768106,23,2,21,0.08695652173913043,0.11052631578947368,4.297938618788359,21,1,20,0.047619047619047616,0.10526315789473684,4.13190581249791,22,1,21,0.045454545454545456,0.11052631578947368,4.264363845077842,15,2,13,0.13333333333333333,0.06842105263157895,4.045361336177694,19,3,16,0.15789473684210525,0.08421052631578947,4.330091719535163,21,1,20,0.047619047619047616,0.10526315789473684,4.162816813247149,22,1,21,0.045454545454545456,0.11052631578947368,1.920019
gaussian,gaussian,250,120,120,0.6,20,block_ar1,0.6,296,21,2,19,15,0,15,0.09523809523809523,0.1,0.0,0.07894736842105263,21,2,19,15,0,15,0.09523809523809523,0.1,0.0,0.07894736842105263,4.222952779269698,23,2,21,0.08695652173913043,0.11052631578947368,4.093671743379483,24,3,21,0.125,0.11052631578947368,4.2032872974675035,23,2,21,0.08695652173913043,0.11052631578947368,4.074608298585884,24,3,21,0.125,0.11052631578947368,4.40425006881992,7,1,6,0.14285714285714285,0.031578947368421054,4.109791205962453,13,1,12,0.07692307692307693,0.06315789473684211,4.406944480582275,22,1,21,0.045454545454545456,0.11052631578947368,4.093671743379483,24,3,21,0.125,0.11052631578947368,1.825095
gaussian,gaussian,250,120,120,0.6,20,block_ar1,0.6,297,23,2,21,13,0,13,0.08695652173913043,0.11052631578947368,0.0,0.06842105263157895,29,4,25,17,0,17,0.13793103448275862,0.13157894736842105,0.0,0.08947368421052632,4.2307885688540185,27,2,25,0.07407407407407407,0.13157894736842105,3.900190376876923,30,4,26,0.13333333333333333,0.1368421052631579,4.172839523927705,26,2,24,0.07692307692307693,0.12631578947368421,4.007754256689001,27,3,24,0.1111111111111111,0.12631578947368421,4.816573593877434,4,0,4,0.0,0.021052631578947368,4.212735158899061,8,1,7,0.125,0.03684210526315789,4.2307885688540185,27,2,25,0.07407407407407407,0.13157894736842105,4.063410729971226,28,3,25,0.10714285714285714,0.13157894736842105,1.765337
gaussian,gaussian,250,120,120,0.6,20,block_ar1,0.6,298,15,0,15,9,0,9,0.0,0.07894736842105263,0.0,0.04736842105263158,18,2,16,10,0,10,0.1111111111111111,0.08421052631578947,0.0,0.05263157894736842,4.186615186171065,19,1,18,0.05263157894736842,0.09473684210526316,4.0520597506759515,22,4,18,0.18181818181818182,0.09473684210526316,4.758456859324407,18,0,18,0.0,0.09473684210526316,4.011861955619328,22,4,18,0.18181818181818182,0.09473684210526316,4.70651130320427,5,0,5,0.0,0.02631578947368421,4.208571757746072,9,0,9,0.0,0.04736842105263158,4.806135337729923,18,0,18,0.0,0.09473684210526316,4.0520597506759515,22,4,18,0.18181818181818182,0.09473684210526316,1.815494
gaussian,gaussian,250,120,120,0.6,20,block_ar1,0.6,299,22,0,22,18,0,18,0.0,0.11578947368421053,0.0,0.09473684210526316,24,1,23,20,0,20,0.041666666666666664,0.12105263157894737,0.0,0.10526315789473684,4.086541365363988,28,2,26,0.07142857142857142,0.1368421052631579,3.9061379017634765,31,4,27,0.12903225806451613,0.14210526315789473,4.18724566844331,27,1,26,0.037037037037037035,0.1368421052631579,3.957499078119835,30,3,27,0.1,0.14210526315789473,4.241027013458147,15,0,15,0.0,0.07894736842105263,4.065984991066709,19,0,19,0.0,0.1,4.235495338494461,27,1,26,0.037037037037037035,0.1368421052631579,4.003101376113973,30,3,27,0.1,0.14210526315789473,1.731316
