model,x_model,p,n1,n2,rho,block,cov_kind,decay,seed,R_bh_0.05,V_bh_0.05,S_bh_0.05,R_by_0.05,V_by_0.05,S_by_0.05,fdr_bh_0.05,power_bh_0.05,fdr_by_0.05,power_by_0.05,R_bh_0.1,V_bh_0.1,S_bh_0.1,R_by_0.1,V_by_0.1,S_by_0.1,fdr_bh_0.1,power_bh_0.1,fdr_by_0.1,power_by_0.1,t_lct_cai_liu_0.05,R_lct_cai_liu_0.05,V_lct_cai_liu_0.05,S_lct_cai_liu_0.05,fdr_lct_cai_liu_0.05,power_lct_cai_liu_0.05,t_lct_cai_liu_0.1,R_lct_cai_liu_0.1,V_lct_cai_liu_0.1,S_lct_cai_liu_0.1,fdr_lct_cai_liu_0.1,power_lct_cai_liu_0.1,t_lct_gaussian_0.05,R_lct_gaussian_0.05,V_lct_gaussian_0.05,S_lct_gaussian_0.05,fdr_lct_gaussian_0.05,power_lct_gaussian_0.05,t_lct_gaussian_0.1,R_lct_gaussian_0.1,V_lct_gaussian_0.1,S_lct_gaussian_0.1,fdr_lct_gaussian_0.1,power_lct_gaussian_0.1,t_lct_jackknife_0.05,R_lct_jackknife_0.05,V_lct_jackknife_0.05,S_lct_jackknife_0.05,fdr_lct_jackknife_0.05,power_lct_jackknife_0.05,t_lct_jackknife_0.1,R_lct_jackknife_0.1,V_lct_jackknife_0.1,S_lct_jackknife_0.1,fdr_lct_jackknife_0.1,power_lct_jackknife_0.1,t_lctb_0.05_B100,R_lctb_0.05_B100,V_lctb_0.05_B100,S_lctb_0.05_B100,fdr_lctb_0.05_B100,power_lctb_0.05_B100,t_lctb_0.1_B100,R_lctb_0.1_B100,V_lctb_0.1_B100,S_lctb_0.1_B100,fdr_lctb_0.1_B100,power_lctb_0.1_B100,wall_time_s
gaussian,gaussian,250,200,120,0.6,20,block_ar1,0.6,0,21,1,20,18,0,18,0.047619047619047616,0.10526315789473684,0.0,0.09473684210526316,21,1,20,18,0,18,0.047619047619047616,0.10526315789473684,0.0,0.09473684210526316,4.118847189536838,27,1,26,0.037037037037037035,0.1368421052631579,4.118847189536838,27,1,26,0.037037037037037035,0.1368421052631579,4.0907373681458665,27,1,26,0.037037037037037035,0.1368421052631579,4.0907373681458665,27,1,26,0.037037037037037035,0.1368421052631579,4.2421176107753755,17,0,17,0.0,0.08947368421052632,4.024213614076906,19,0,19,0.0,0.1,4.272227387151158,26,1,25,0.038461538461538464,0.13157894736842105,4.118847189536838,27,1,26,0.037037037037037035,0.1368421052631579,2.47202
gaussian,gaussian,250,200,120,0.6,20,block_ar1,0.6,1,24,1,23,19,0,19,0.041666666666666664,0.12105263157894737,0.0,0.1,28,3,25,20,0,20,0.10714285714285714,0.13157894736842105,0.0,0.10526315789473684,4.212438325777253,25,2,23,0.08,0.12105263157894737,3.9844234110482013,28,3,25,0.10714285714285714,0.13157894736842105,4.20226788003733,25,2,23,0.08,0.12105263157894737,3.9748034809808646,28,3,25,0.10714285714285714,0.13157894736842105,4.27893212314422,15,0,15,0.0,0.07894736842105263,4.060249609801133,19,0,19,0.0,0.1,4.212438325777253,25,2,23,0.08,0.12105263157894737,3.9844234110482013,28,3,25,0.10714285714285714,0.13157894736842105,1.907632
gaussian,gaussian,250,200,120,0.6,20,block_ar1,0.6,2,20,1,19,17,1,16,0.05,0.1,0.058823529411764705,0.08421052631578947,20,1,19,18,1,17,0.05,0.1,0.05555555555555555,0.08947368421052632,4.3765340675517965,22,1,21,0.045454545454545456,0.11052631578947368,3.9965939410484617,23,1,22,0.043478260869565216,0.11578947368421053,4.332997342429279,22,1,21,0.045454545454545456,0.11052631578947368,4.332997342429279,22,1,21,0.045454545454545456,0.11052631578947368,4.365605806852492,14,1,13,0.07142857142857142,0.06842105263157895,4.172304669495101,15,1,14,0.06666666666666667,0.07368421052631578,4.3765340675517965,22,1,21,0.045454545454545456,0.11052631578947368,4.3765340675517965,22,1,21,0.045454545454545456,0.11052631578947368,2.027294
gaussian,gaussian,250,200,120,0.6,20,block_ar1,0.6,3,21,1,20,18,0,18,0.047619047619047616,0.10526315789473684,0.0,0.09473684210526316,22,1,21,20,1,19,0.045454545454545456,0.11052631578947368,0.05,0.1,4.156753666619422,25,1,24,0.04,0.12631578947368421,3.9338522006880656,27,3,24,0.1111111111111111,0.12631578947368421,4.133849973424106,25,1,24,0.04,0.12631578947368421,4.062837991517059,26,2,24,0.07692307692307693,0.12631578947368421,4.260611475803413,15,1,14,0.06666666666666667,0.07368421052631578,4.137415211448674,17,1,16,0.058823529411764705,0.08421052631578947,4.261245673188343,24,1,23,0.041666666666666664,0.12105263157894737,4.085348241153163,26,2,24,0.07692307692307693,0.12631578947368421,1.815681
gaussian,gaussian,250,200,120,0.6,20,block_ar1,0.6,4,21,1,20,19,1,18,0.047619047619047616,0.10526315789473684,0.05263157894736842,0.09473684210526316,24,3,21,21,1,20,0.125,0.11052631578947368,0.047619047619047616,0.10526315789473684,4.556301672353323,23,1,22,0.043478260869565216,0.11578947368421053,3.9929923270538015,26,3,23,0.11538461538461539,0.12105263157894737,4.513807946135721,23,1,22,0.043478260869565216,0.11578947368421053,3.9557522286282794,26,3,23,0.11538461538461539,0.12105263157894737,4.216763798150665,19,2,17,0.10526315789473684,0.08947368421052632,4.010912658259688,21,2,19,0.09523809523809523,0.1,4.556301672353323,23,1,22,0.043478260869565216,0.11578947368421053,3.9929923270538015,26,3,23,0.11538461538461539,0.12105263157894737,1.990895
gaussian,gaussian,250,200,120,0.6,20,block_ar1,0.6,5,29,4,25,21,0,21,0.13793103448275862,0.13157894736842105,0.0,0.11052631578947368,35,8,27,21,0,21,0.22857142857142856,0.14210526315789473,0.0,0.11052631578947368,4.095169800802248,31,4,27,0.12903225806451613,0.14210526315789473,3.9571863417586,36,8,28,0.2222222222222222,0.14736842105263157,4.060906270375437,31,4,27,0.12903225806451613,0.14210526315789473,3.9240772934844985,36,8,28,0.2222222222222222,0.14736842105263157,4.210553538572243,17,0,17,0.0,0.08947368421052632,4.033471866763432,24,4,20,0.16666666666666666,0.10526315789473684,4.165215866067146,29,2,27,0.06896551724137931,0.14210526315789473,3.9571863417586,36,8,28,0.2222222222222222,0.14736842105263157,1.973658
gaussian,gaussian,250,200,120,0.6,20,block_ar1,0.6,6,23,3,20,18,1,17,0.13043478260869565,0.10526315789473684,0.05555555555555555,0.08947368421052632,25,3,22,18,1,17,0.12,0.11578947368421053,0.05555555555555555,0.08947368421052632,4.242699179093716,28,3,25,0.10714285714285714,0.13157894736842105,4.242699179093716,28,3,25,0.10714285714285714,0.13157894736842105,4.2021727423357955,28,3,25,0.10714285714285714,0.13157894736842105,4.2021727423357955,28,3,25,0.10714285714285714,0.13157894736842105,4.300165592181852,16,1,15,0.0625,0.07894736842105263,4.034446313225542,19,2,17,0.10526315789473684,0.08947368421052632,4.242699179093716,28,3,25,0.10714285714285714,0.13157894736842105,4.242699179093716,28,3,25,0.10714285714285714,0.13157894736842105,1.845374
gaussian,gaussian,250,200,120,0.6,20,block_ar1,0.6,7,20,2,18,14,0,14,0.1,0.09473684210526316,0.0,0.07368421052631578,21,2,19,17,1,16,0.09523809523809523,0.1,0.058823529411764705,0.08421052631578947,4.174870285066192,24,2,22,0.08333333333333333,0.11578947368421053,4.174870285066192,24,2,22,0.08333333333333333,0.11578947368421053,4.159387646060977,24,2,22,0.08333333333333333,0.11578947368421053,4.159387646060977,24,2,22,0.08333333333333333,0.11578947368421053,4.218002357900093,16,1,15,0.0625,0.07894736842105263,4.218002357900093,16,1,15,0.0625,0.07894736842105263,4.496261545872222,23,1,22,0.043478260869565216,0.11578947368421053,4.174870285066192,24,2,22,0.08333333333333333,0.11578947368421053,2.030361
gaussian,gaussian,250,200,120,0.6,20,block_ar1,0.6,8,18,1,17,17,0,17,0.05555555555555555,0.08947368421052632,0.0,0.08947368421052632,22,1,21,17,0,17,0.045454545454545456,0.11052631578947368,0.0,0.08947368421052632,4.328532222568629,23,1,22,0.043478260869565216,0.11578947368421053,3.9396399098357056,26,1,25,0.038461538461538464,0.13157894736842105,4.280436528183241,22,1,21,0.045454545454545456,0.11052631578947368,3.9698047203520583,24,1,23,0.041666666666666664,0.12105263157894737,4.623395826034089,10,0,10,0.0,0.05263157894736842,4.15106472527055,12,0,12,0.0,0.06315789473684211,4.328532222568629,23,1,22,0.043478260869565216,0.11578947368421053,4.014410104252181,24,1,23,0.041666666666666664,0.12105263157894737,1.751819
gaussian,gaussian,250,200,120,0.6,20,block_ar1,0.6,9,23,2,21,16,0,16,0.08695652173913043,0.11052631578947368,0.0,0.08421052631578947,26,3,23,16,0,16,0.11538461538461539,0.12105263157894737,0.0,0.08421052631578947,4.13570642399861,25,2,23,0.08,0.12105263157894737,3.9243578622891686,28,4,24,0.14285714285714285,0.12631578947368421,4.277926924300678,24,2,22,0.08333333333333333,0.11578947368421053,4.103007935203103,25,2,23,0.08,0.12105263157894737,4.339708350312115,14,1,13,0.07142857142857142,0.06842105263157895,4.056079069722034,17,2,15,0.11764705882352941,0.07894736842105263,4.312019411522572,24,2,22,0.08333333333333333,0.11578947368421053,4.13570642399861,25,2,23,0.08,0.12105263157894737,1.82387
gaussian,gaussian,250,200,120,0.6,20,block_ar1,0.6,10,25,3,22,18,1,17,0.12,0.11578947368421053,0.05555555555555555,0.08947368421052632,26,4,22,20,2,18,0.15384615384615385,0.11578947368421053,0.1,0.09473684210526316,4.269424826720504,27,3,24,0.1111111111111111,0.12631578947368421,4.056106032200517,28,4,24,0.14285714285714285,0.12631578947368421,4.2454259631377305,27,3,24,0.1111111111111111,0.12631578947368421,4.033306254878096,28,4,24,0.14285714285714285,0.12631578947368421,4.1874819220291,19,2,17,0.10526315789473684,0.08947368421052632,3.956954169810174,25,5,20,0.2,0.10526315789473684,4.269424826720504,27,3,24,0.1111111111111111,0.12631578947368421,4.056106032200517,28,4,24,0.14285714285714285,0.12631578947368421,2.193148
gaussian,gaussian,250,200,120,0.6,20,block_ar1,0.6,11,22,0,22,21,0,21,0.0,0.11578947368421053,0.0,0.11052631578947368,24,1,23,21,0,21,0.041666666666666664,0.12105263157894737,0.0,0.11052631578947368,4.62084860167544,24,0,24,0.0,0.12631578947368421,3.919853032807577,28,2,26,0.07142857142857142,0.1368421052631579,4.591551069351145,24,0,24,0.0,0.12631578947368421,3.971263157419565,26,1,25,0.038461538461538464,0.13157894736842105,4.362935124601723,15,0,15,0.0,0.07894736842105263,4.073673602749438,18,0,18,0.0,0.09473684210526316,4.62084860167544,24,0,24,0.0,0.12631578947368421,3.9966027886172686,27,2,25,0.07407407407407407,0.13157894736842105,1.808175
gaussian,gaussian,250,200,120,0.6,20,block_ar1,0.6,12,23,2,21,16,0,16,0.08695652173913043,0.11052631578947368,0.0,0.08421052631578947,25,2,23,18,0,18,0.08,0.12105263157894737,0.0,0.09473684210526316,4.478750977463227,25,2,23,0.08,0.12105263157894737,4.085098897582349,26,3,23,0.11538461538461539,0.12105263157894737,4.436147741593494,25,2,23,0.08,0.12105263157894737,4.046240199530005,26,3,23,0.11538461538461539,0.12105263157894737,4.295129885676513,16,2,14,0.125,0.07368421052631578,4.295129885676513,16,2,14,0.125,0.07368421052631578,4.478750977463227,25,2,23,0.08,0.12105263157894737,4.085098897582349,26,3,23,0.11538461538461539,0.12105263157894737,1.814221
gaussian,gaussian,250,200,120,0.6,20,block_ar1,0.6,13,23,2,21,17,0,17,0.08695652173913043,0.11052631578947368,0.0,0.08947368421052632,25,3,22,18,0,18,0.12,0.11578947368421053,0.0,0.09473684210526316,4.180329316664239,26,2,24,0.07692307692307693,0.12631578947368421,3.9174839206063115,28,3,25,0.10714285714285714,0.13157894736842105,4.153178201729402,26,2,24,0.07692307692307693,0.12631578947368421,3.9422064452639574,27,3,24,0.1111111111111111,0.12631578947368421,4.222633292727921,16,1,15,0.0625,0.07894736842105263,4.049118450705835,18,1,17,0.05555555555555555,0.08947368421052632,4.180329316664239,26,2,24,0.07692307692307693,0.12631578947368421,4.180329316664239,26,2,24,0.07692307692307693,0.12631578947368421,1.951189
gaussian,gaussian,250,200,120,0.6,20,block_ar1,0.6,14,35,2,33,24,0,24,0.05714285714285714,0.1736842105263158,0.0,0.12631578947368421,40,5,35,26,0,26,0.125,0.18421052631578946,0.0,0.1368421052631579,4.02694475980289,39,2,37,0.05128205128205128,0.19473684210526315,3.8415090694639162,42,5,37,0.11904761904761904,0.19473684210526315,4.027837118404447,38,2,36,0.05263157894736842,0.18947368421052632,3.8249161401290865,41,4,37,0.0975609756097561,0.19473684210526315,4.15318195743279,23,1,22,0.043478260869565216,0.11578947368421053,3.8945059348273965,31,3,28,0.0967741935483871,0.14736842105263157,4.057829782282566,38,2,36,0.05263157894736842,0.18947368421052632,3.8415090694639162,42,5,37,0.11904761904761904,0.19473684210526315,1.837797
gaussian,gaussian,250,200,120,0.6,20,block_ar1,0.6,15,21,0,21,19,0,19,0.0,0.11052631578947368,0.0,0.1,25,1,24,20,0,20,0.04,0.12631578947368421,0.0,0.10526315789473684,4.429592508060127,25,0,25,0.0,0.13157894736842105,4.001488347364598,26,1,25,0.038461538461538464,0.13157894736842105,4.390713739457633,24,0,24,0.0,0.12631578947368421,3.9663670717078228,25,1,24,0.04,0.12631578947368421,4.3813037266741155,15,0,15,0.0,0.07894736842105263,4.028860150159917,18,0,18,0.0,0.09473684210526316,4.429592508060127,25,0,25,0.0,0.13157894736842105,4.001488347364598,26,1,25,0.038461538461538464,0.13157894736842105,2.015471
gaussian,gaussian,250,200,120,0.6,20,block_ar1,0.6,16,27,0,27,22,0,22,0.0,0.14210526315789473,0.0,0.11578947368421053,30,3,27,22,0,22,0.1,0.14210526315789473,0.0,0.11578947368421053,4.239935711045339,28,0,28,0.0,0.14736842105263157,3.9018343189703293,32,3,29,0.09375,0.15263157894736842,4.20632067874626,28,0,28,0.0,0.14736842105263157,3.923272591539566,30,2,28,0.06666666666666667,0.14736842105263157,4.150635150186168,21,0,21,0.0,0.11052631578947368,3.9134244511993503,29,4,25,0.13793103448275862,0.13157894736842105,4.239935711045339,28,0,28,0.0,0.14736842105263157,3.9018343189703293,32,3,29,0.09375,0.15263157894736842,1.956934
gaussian,gaussian,250,200,120,0.6,20,block_ar1,0.6,17,21,2,19,17,0,17,0.09523809523809523,0.1,0.0,0.08947368421052632,26,4,22,17,0,17,0.15384615384615385,0.11578947368421053,0.0,0.08947368421052632,4.152179389653682,28,3,25,0.10714285714285714,0.13157894736842105,3.9802931036086053,30,5,25,0.16666666666666666,0.13157894736842105,4.122128505040843,28,3,25,0.10714285714285714,0.13157894736842105,3.9514862247247433,29,4,25,0.13793103448275862,0.13157894736842105,4.298298197559878,15,0,15,0.0,0.07894736842105263,3.9989429444558855,21,3,18,0.14285714285714285,0.09473684210526316,4.152179389653682,28,3,25,0.10714285714285714,0.13157894736842105,3.9802931036086053,30,5,25,0.16666666666666666,0.13157894736842105,1.880989
gaussian,gaussian,250,200,120,0.6,20,block_ar1,0.6,18,24,2,22,20,0,20,0.08333333333333333,0.11578947368421053,0.0,0.10526315789473684,26,2,24,21,1,20,0.07692307692307693,0.12631578947368421,0.047619047619047616,0.10526315789473684,4.094758173791054,34,2,32,0.058823529411764705,0.16842105263157894,3.8547092015330184,37,4,33,0.10810810810810811,0.1736842105263158,4.059903996746199,34,2,32,0.058823529411764705,0.16842105263157894,3.91174696529919,35,2,33,0.05714285714285714,0.1736842105263158,4.240045204252131,17,1,16,0.058823529411764705,0.08421052631578947,4.051503217711512,19,1,18,0.05263157894736842,0.09473684210526316,4.094758173791054,34,2,32,0.058823529411764705,0.16842105263157894,3.945329217833359,35,2,33,0.05714285714285714,0.1736842105263158,1.884288
gaussian,gaussian,250,200,120,0.6,20,block_ar1,0.6,19,25,1,24,17,0,17,0.04,0.12631578947368421,0.0,0.08947368421052632,28,3,25,18,0,18,0.10714285714285714,0.13157894736842105,0.0,0.09473684210526316,4.189148508051098,30,2,28,0.06666666666666667,0.14736842105263157,3.93521069553699,32,4,28,0.125,0.14736842105263157,4.161532269549884,30,2,28,0.06666666666666667,0.14736842105263157,3.909268498235649,32,4,28,0.125,0.14736842105263157,4.268317181282029,19,0,19,0.0,0.1,4.029178956395921,20,0,20,0.0,0.10526315789473684,4.189148508051098,30,2,28,0.06666666666666667,0.14736842105263157,3.93521069553699,32,4,28,0.125,0.14736842105263157,1.819918
gaussian,gaussian,250,200,120,0.6,20,block_ar1,0.6,20,23,1,22,19,0,19,0.043478260869565216,0.11578947368421053,0.0,0.1,23,1,22,21,0,21,0.043478260869565216,0.11578947368421053,0.0,0.11052631578947368,4.220565155420184,25,2,23,0.08,0.12105263157894737,3.927252707808771,27,2,25,0.07407407407407407,0.13157894736842105,4.193673953399472,25,2,23,0.08,0.12105263157894737,4.193673953399472,25,2,23,0.08,0.12105263157894737,4.148925893220942,21,1,20,0.047619047619047616,0.10526315789473684,3.970219346777872,23,3,20,0.13043478260869565,0.10526315789473684,4.220565155420184,25,2,23,0.08,0.12105263157894737,4.220565155420184,25,2,23,0.08,0.12105263157894737,1.956886
gaussian,gaussian,250,200,120,0.6,20,block_ar1,0.6,21,20,0,20,17,0,17,0.0,0.10526315789473684,0.0,0.08947368421052632,22,1,21,18,0,18,0.045454545454545456,0.11052631578947368,0.0,0.09473684210526316,4.158994809314287,27,1,26,0.037037037037037035,0.1368421052631579,3.92623438148972,31,4,27,0.12903225806451613,0.14210526315789473,4.136225069369805,26,0,26,0.0,0.1368421052631579,3.928947257172328,28,2,26,0.07142857142857142,0.1368421052631579,4.313756810885574,16,0,16,0.0,0.08421052631578947,4.313756810885574,16,0,16,0.0,0.08421052631578947,4.254906309730225,25,0,25,0.0,0.13157894736842105,4.005416888890889,29,2,27,0.06896551724137931,0.14210526315789473,2.038461
gaussian,gaussian,250,200,120,0.6,20,block_ar1,0.6,22,25,0,25,21,0,21,0.0,0.13157894736842105,0.0,0.11052631578947368,29,2,27,24,0,24,0.06896551724137931,0.14210526315789473,0.0,0.12631578947368421,4.106926463735283,32,0,32,0.0,0.16842105263157894,3.8993658552629076,35,3,32,0.08571428571428572,0.16842105263157894,4.064886318293014,32,0,32,0.0,0.16842105263157894,3.9120588218762307,34,2,32,0.058823529411764705,0.16842105263157894,4.266914980174716,19,1,18,0.05263157894736842,0.09473684210526316,3.92820229550915,27,3,24,0.1111111111111111,0.12631578947368421,4.20316801790812,31,0,31,0.0,0.1631578947368421,3.9525183843270324,34,2,32,0.058823529411764705,0.16842105263157894,1.865154
gaussian,gaussian,250,200,120,0.6,20,block_ar1,0.6,23,21,1,20,19,0,19,0.047619047619047616,0.10526315789473684,0.0,0.1,24,2,22,20,0,20,0.08333333333333333,0.11578947368421053,0.0,0.10526315789473684,4.335813722513179,24,1,23,0.041666666666666664,0.12105263157894737,3.9353847642753705,27,2,25,0.07407407407407407,0.13157894736842105,4.319524717637345,24,1,23,0.041666666666666664,0.12105263157894737,3.997511801675786,26,1,25,0.038461538461538464,0.13157894736842105,4.341013185990188,14,0,14,0.0,0.07368421052631578,4.032355632117197,18,3,15,0.16666666666666666,0.07894736842105263,4.335813722513179,24,1,23,0.041666666666666664,0.12105263157894737,4.0125864900929695,26,1,25,0.038461538461538464,0.13157894736842105,1.834535
gaussian,gaussian,250,200,120,0.6,20,block_ar1,0.6,24,18,0,18,17,0,17,0.0,0.09473684210526316,0.0,0.08947368421052632,29,7,22,17,0,17,0.2413793103448276,0.11578947368421053,0.0,0.08947368421052632,4.159654073860197,24,3,21,0.125,0.11052631578947368,3.900980519764772,32,9,23,0.28125,0.12105263157894737,4.1527772248311186,24,3,21,0.125,0.11052631578947368,3.8945313166282958,32,9,23,0.28125,0.12105263157894737,4.292077862327549,16,0,16,0.0,0.08421052631578947,4.1130941551122335,19,2,17,0.10526315789473684,0.08947368421052632,4.159654073860197,24,3,21,0.125,0.11052631578947368,3.900980519764772,32,9,23,0.28125,0.12105263157894737,1.89634
gaussian,gaussian,250,200,120,0.6,20,block_ar1,0.6,25,21,2,19,14,0,14,0.09523809523809523,0.1,0.0,0.07368421052631578,25,4,21,18,1,17,0.16,0.11052631578947368,0.05555555555555555,0.08947368421052632,4.182127179148423,24,2,22,0.08333333333333333,0.11578947368421053,3.9945756957602243,28,5,23,0.17857142857142858,0.12105263157894737,4.151219684381355,24,2,22,0.08333333333333333,0.11578947368421053,3.9818189134075057,27,4,23,0.14814814814814814,0.12105263157894737,4.436897240704649,9,0,9,0.0,0.04736842105263158,4.125698765590305,13,1,12,0.07692307692307693,0.06315789473684211,4.182127179148423,24,2,22,0.08333333333333333,0.11578947368421053,3.9945756957602243,28,5,23,0.17857142857142858,0.12105263157894737,1.907601
gaussian,gaussian,250,200,120,0.6,20,block_ar1,0.6,26,21,0,21,19,0,19,0.0,0.11052631578947368,0.0,0.1,21,0,21,20,0,20,0.0,0.11052631578947368,0.0,0.10526315789473684,4.171350447996185,23,0,23,0.0,0.12105263157894737,3.964621442701802,25,1,24,0.04,0.12631578947368421,4.146330285769579,23,0,23,0.0,0.12105263157894737,4.06823620141383,24,0,24,0.0,0.12631578947368421,4.296379540367058,16,0,16,0.0,0.08421052631578947,4.049873434515937,17,0,17,0.0,0.08947368421052632,4.723638780738475,22,0,22,0.0,0.11578947368421053,4.092785121234537,24,0,24,0.0,0.12631578947368421,2.008283
gaussian,gaussian,250,200,120,0.6,20,block_ar1,0.6,27,21,0,21,18,0,18,0.0,0.11052631578947368,0.0,0.09473684210526316,24,2,22,19,0,19,0.08333333333333333,0.11578947368421053,0.0,0.1,4.193683873884038,24,1,23,0.041666666666666664,0.12105263157894737,3.9592506164662913,27,3,24,0.1111111111111111,0.12631578947368421,4.165454928415689,24,1,23,0.041666666666666664,0.12105263157894737,3.9325997116511315,27,3,24,0.1111111111111111,0.12631578947368421,4.208820120156495,16,0,16,0.0,0.08421052631578947,4.1402581759791675,18,0,18,0.0,0.09473684210526316,4.193683873884038,24,1,23,0.041666666666666664,0.12105263157894737,3.9592506164662913,27,3,24,0.1111111111111111,0.12631578947368421,1.851742
gaussian,gaussian,250,200,120,0.6,20,block_ar1,0.6,28,25,1,24,19,0,19,0.04,0.12631578947368421,0.0,0.1,29,2,27,20,0,20,0.06896551724137931,0.14210526315789473,0.0,0.10526315789473684,4.143465270596005,27,1,26,0.037037037037037035,0.1368421052631579,3.9276929967430965,31,2,29,0.06451612903225806,0.15263157894736842,4.107280893079199,27,1,26,0.037037037037037035,0.1368421052631579,3.9179162025957686,29,1,28,0.034482758620689655,0.14736842105263157,4.5841567663049725,15,0,15,0.0,0.07894736842105263,4.011187420179938,24,2,22,0.08333333333333333,0.11578947368421053,4.487493826479067,26,0,26,0.0,0.1368421052631579,4.028843877496358,28,1,27,0.03571428571428571,0.14210526315789473,1.902832
gaussian,gaussian,250,200,120,0.6,20,block_ar1,0.6,29,24,2,22,17,0,17,0.08333333333333333,0.11578947368421053,0.0,0.08947368421052632,29,6,23,20,1,19,0.20689655172413793,0.12105263157894737,0.05,0.1,4.2882079213882855,24,1,23,0.041666666666666664,0.12105263157894737,3.925435367001036,29,6,23,0.20689655172413793,0.12105263157894737,4.258747048503375,24,1,23,0.041666666666666664,0.12105263157894737,3.9214493533622417,28,5,23,0.17857142857142858,0.12105263157894737,4.222861977044451,19,1,18,0.05263157894736842,0.09473684210526316,3.927977457014883,27,8,19,0.2962962962962963,0.1,4.2882079213882855,24,1,23,0.041666666666666664,0.12105263157894737,3.925435367001036,29,6,23,0.20689655172413793,0.12105263157894737,1.821475
gaussian,gaussian,250,200,120,0.6,20,block_ar1,0.6,30,26,5,21,17,0,17,0.19230769230769232,0.11052631578947368,0.0,0.08947368421052632,26,5,21,19,1,18,0.19230769230769232,0.11052631578947368,0.05263157894736842,0.09473684210526316,4.121851822342912,26,5,21,0.19230769230769232,0.11052631578947368,3.9750455916271137,27,5,22,0.18518518518518517,0.11578947368421053,4.108734438554598,25,4,21,0.16,0.11052631578947368,3.929063686654343,27,5,22,0.18518518518518517,0.11578947368421053,4.2668857519700385,17,2,15,0.11764705882352941,0.07894736842105263,4.039234929320921,21,3,18,0.14285714285714285,0.09473684210526316,4.292122997130663,23,2,21,0.08695652173913043,0.11052631578947368,3.9750455916271137,27,5,22,0.18518518518518517,0.11578947368421053,1.920865
gaussian,gaussian,250,200,120,0.6,20,block_ar1,0.6,31,23,1,22,20,0,20,0.043478260869565216,0.11578947368421053,0.0,0.10526315789473684,32,6,26,21,0,21,0.1875,0.1368421052631579,0.0,0.11052631578947368,4.1009007865244484,31,3,28,0.0967741935483871,0.14736842105263157,3.912970587603086,35,6,29,0.17142857142857143,0.15263157894736842,4.059727308730168,31,3,28,0.0967741935483871,0.14736842105263157,3.873683948890012,35,6,29,0.17142857142857143,0.15263157894736842,4.263784964487324,18,1,17,0.05555555555555555,0.08947368421052632,4.029596648636297,19,1,18,0.05263157894736842,0.09473684210526316,4.248525308752735,30,2,28,0.06666666666666667,0.14736842105263157,3.912970587603086,35,6,29,0.17142857142857143,0.15263157894736842,1.928595
gaussian,gaussian,250,200,120,0.6,20,block_ar1,0.6,32,19,0,19,18,0,18,0.0,0.1,0.0,0.09473684210526316,24,1,23,18,0,18,0.041666666666666664,0.12105263157894737,0.0,0.09473684210526316,4.228211179800635,25,0,25,0.0,0.13157894736842105,3.9624206050234863,28,1,27,0.03571428571428571,0.14210526315789473,4.172405793330209,25,0,25,0.0,0.13157894736842105,3.9337421117902824,27,1,26,0.037037037037037035,0.1368421052631579,4.247343203245265,16,0,16,0.0,0.08421052631578947,4.074153998201251,18,0,18,0.0,0.09473684210526316,4.228211179800635,25,0,25,0.0,0.13157894736842105,3.9624206050234863,28,1,27,0.03571428571428571,0.14210526315789473,1.946161
gaussian,gaussian,250,200,120,0.6,20,block_ar1,0.6,33,21,0,21,19,0,19,0.0,0.11052631578947368,0.0,0.1,23,2,21,19,0,19,0.08695652173913043,0.11052631578947368,0.0,0.1,4.442866628224786,24,1,23,0.041666666666666664,0.12105263157894737,3.9225974547005986,28,2,26,0.07142857142857142,0.1368421052631579,4.402956458661134,24,1,23,0.041666666666666664,0.12105263157894737,3.98898967854622,26,2,24,0.07692307692307693,0.12631578947368421,4.272098356509928,14,0,14,0.0,0.07368421052631578,4.018674437125985,19,1,18,0.05263157894736842,0.09473684210526316,4.442866628224786,24,1,23,0.041666666666666664,0.12105263157894737,4.025147486590237,26,2,24,0.07692307692307693,0.12631578947368421,2.043712
gaussian,gaussian,250,200,120,0.6,20,block_ar1,0.6,34,24,0,24,19,0,19,0.0,0.12631578947368421,0.0,0.1,26,2,24,20,0,20,0.07692307692307693,0.12631578947368421,0.0,0.10526315789473684,4.268456141441128,26,0,26,0.0,0.1368421052631579,3.9520277144487315,29,2,27,0.06896551724137931,0.14210526315789473,4.559059319723389,25,0,25,0.0,0.13157894736842105,3.969505404193041,27,1,26,0.037037037037037035,0.1368421052631579,4.2211701363211285,17,1,16,0.058823529411764705,0.08421052631578947,4.065268897903268,24,3,21,0.125,0.11052631578947368,4.268456141441128,26,0,26,0.0,0.1368421052631579,4.01919070003492,28,1,27,0.03571428571428571,0.14210526315789473,1.821975
gaussian,gaussian,250,200,120,0.6,20,block_ar1,0.6,35,17,1,16,14,0,14,0.058823529411764705,0.08421052631578947,0.0,0.07368421052631578,19,1,18,14,0,14,0.05263157894736842,0.09473684210526316,0.0,0.07368421052631578,4.22126262066395,21,1,20,0.047619047619047616,0.10526315789473684,3.974490703534899,22,2,20,0.09090909090909091,0.10526315789473684,4.197368261350364,21,1,20,0.047619047619047616,0.10526315789473684,4.197368261350364,21,1,20,0.047619047619047616,0.10526315789473684,4.713109403301857,4,0,4,0.0,0.021052631578947368,4.216040291854916,12,1,11,0.08333333333333333,0.05789473684210526,4.22126262066395,21,1,20,0.047619047619047616,0.10526315789473684,4.22126262066395,21,1,20,0.047619047619047616,0.10526315789473684,1.867317
gaussian,gaussian,250,200,120,0.6,20,block_ar1,0.6,36,23,1,22,18,0,18,0.043478260869565216,0.11578947368421053,0.0,0.09473684210526316,28,4,24,21,0,21,0.14285714285714285,0.12631578947368421,0.0,0.11052631578947368,4.199754793996131,24,1,23,0.041666666666666664,0.12105263157894737,3.9365955605999012,28,4,24,0.14285714285714285,0.12631578947368421,4.162940624713118,24,1,23,0.041666666666666664,0.12105263157894737,3.932174630710512,27,4,23,0.14814814814814814,0.12105263157894737,4.125271308434554,24,5,19,0.20833333333333334,0.1,3.9587191921345366,28,6,22,0.21428571428571427,0.11578947368421053,4.199754793996131,24,1,23,0.041666666666666664,0.12105263157894737,3.9669480650578532,27,4,23,0.14814814814814814,0.12105263157894737,2.087483
gaussian,gaussian,250,200,120,0.6,20,block_ar1,0.6,37,25,1,24,20,1,19,0.04,0.12631578947368421,0.05,0.1,29,4,25,21,1,20,0.13793103448275862,0.13157894736842105,0.047619047619047616,0.10526315789473684,4.356690476203494,27,1,26,0.037037037037037035,0.1368421052631579,3.978261816896176,30,4,26,0.13333333333333333,0.1368421052631579,4.327510048214348,27,1,26,0.037037037037037035,0.1368421052631579,3.9516160445825395,30,4,26,0.13333333333333333,0.1368421052631579,4.161758119163424,20,3,17,0.15,0.08947368421052632,4.161758119163424,20,3,17,0.15,0.08947368421052632,4.356690476203494,27,1,26,0.037037037037037035,0.1368421052631579,3.978261816896176,30,4,26,0.13333333333333333,0.1368421052631579,1.927038
gaussian,gaussian,250,200,120,0.6,20,block_ar1,0.6,38,24,0,24,20,0,20,0.0,0.12631578947368421,0.0,0.10526315789473684,24,0,24,22,0,22,0.0,0.12631578947368421,0.0,0.11578947368421053,4.164568642581801,26,0,26,0.0,0.1368421052631579,4.037333119308988,27,0,27,0.0,0.14210526315789473,4.129203358213485,26,0,26,0.0,0.1368421052631579,4.003048311899628,27,0,27,0.0,0.14210526315789473,4.1941742446699095,18,0,18,0.0,0.09473684210526316,4.078331579869325,20,0,20,0.0,0.10526315789473684,4.3877215198719,25,0,25,0.0,0.13157894736842105,4.037333119308988,27,0,27,0.0,0.14210526315789473,1.74683
gaussian,gaussian,250,200,120,0.6,20,block_ar1,0.6,39,24,2,22,19,0,19,0.08333333333333333,0.11578947368421053,0.0,0.1,27,3,24,19,0,19,0.1111111111111111,0.12631578947368421,0.0,0.1,4.10377705380339,28,2,26,0.07142857142857142,0.1368421052631579,3.9691886022849037,29,3,26,0.10344827586206896,0.1368421052631579,4.260479634439202,26,2,24,0.07692307692307693,0.12631578947368421,3.946307251253809,28,3,25,0.10714285714285714,0.13157894736842105,4.195520387344122,19,1,18,0.05263157894736842,0.09473684210526316,3.9776671529458407,23,2,21,0.08695652173913043,0.11052631578947368,4.285182609618203,27,2,25,0.07407407407407407,0.13157894736842105,3.9691886022849037,29,3,26,0.10344827586206896,0.1368421052631579,1.989033
gaussian,gaussian,250,200,120,0.6,20,block_ar1,0.6,40,24,3,21,18,0,18,0.125,0.11052631578947368,0.0,0.09473684210526316,25,3,22,19,0,19,0.12,0.11578947368421053,0.0,0.1,4.114178990486928,28,3,25,0.10714285714285714,0.13157894736842105,4.052752993611364,29,3,26,0.10344827586206896,0.1368421052631579,4.092154463499121,28,3,25,0.10714285714285714,0.13157894736842105,4.0310572997951475,29,3,26,0.10344827586206896,0.1368421052631579,4.255127191948536,14,0,14,0.0,0.07368421052631578,4.00142841058679,21,1,20,0.047619047619047616,0.10526315789473684,4.258426219100352,27,2,25,0.07407407407407407,0.13157894736842105,4.052752993611364,29,3,26,0.10344827586206896,0.1368421052631579,1.832864
gaussian,gaussian,250,200,120,0.6,20,block_ar1,0.6,41,26,2,24,20,0,20,0.07692307692307693,0.12631578947368421,0.0,0.10526315789473684,29,3,26,21,1,20,0.10344827586206896,0.1368421052631579,0.047619047619047616,0.10526315789473684,4.11700269320392,29,3,26,0.10344827586206896,0.1368421052631579,4.051688480502711,30,4,26,0.13333333333333333,0.1368421052631579,4.083464572573694,29,3,26,0.10344827586206896,0.1368421052631579,4.018682425578455,30,4,26,0.13333333333333333,0.1368421052631579,4.402592812795922,16,0,16,0.0,0.08421052631578947,4.0881369352899135,19,0,19,0.0,0.1,4.198447809385762,28,2,26,0.07142857142857142,0.1368421052631579,4.051688480502711,30,4,26,0.13333333333333333,0.1368421052631579,1.821463
gaussian,gaussian,250,200,120,0.6,20,block_ar1,0.6,42,23,1,22,18,0,18,0.043478260869565216,0.11578947368421053,0.0,0.09473684210526316,23,1,22,18,0,18,0.043478260869565216,0.11578947368421053,0.0,0.09473684210526316,4.312477539674668,25,1,24,0.04,0.12631578947368421,4.030880145792785,26,1,25,0.038461538461538464,0.13157894736842105,4.289413014166281,25,1,24,0.04,0.12631578947368421,4.009321694278878,26,1,25,0.038461538461538464,0.13157894736842105,4.375231898868089,18,1,17,0.05555555555555555,0.08947368421052632,4.028533992647579,19,1,18,0.05263157894736842,0.09473684210526316,4.312477539674668,25,1,24,0.04,0.12631578947368421,4.030880145792785,26,1,25,0.038461538461538464,0.13157894736842105,1.960137
gaussian,gaussian,250,200,120,0.6,20,block_ar1,0.6,43,19,0,19,19,0,19,0.0,0.1,0.0,0.1,21,2,19,19,0,19,0.09523809523809523,0.1,0.0,0.1,4.13828027432126,22,0,22,0.0,0.11578947368421053,3.940073653509631,26,3,23,0.11538461538461539,0.12105263157894737,4.255524700935503,21,0,21,0.0,0.11052631578947368,3.9774017800377806,25,2,23,0.08,0.12105263157894737,4.215520268292121,17,1,16,0.058823529411764705,0.08421052631578947,4.021893360681519,20,3,17,0.15,0.08947368421052632,4.289978623225182,21,0,21,0.0,0.11052631578947368,4.009603941104813,25,2,23,0.08,0.12105263157894737,1.932184
gaussian,gaussian,250,200,120,0.6,20,block_ar1,0.6,44,22,2,20,17,0,17,0.09090909090909091,0.10526315789473684,0.0,0.08947368421052632,24,3,21,18,0,18,0.125,0.11052631578947368,0.0,0.09473684210526316,4.207753412057123,25,2,23,0.08,0.12105263157894737,3.9283609892911513,29,5,24,0.1724137931034483,0.12631578947368421,4.163196787340538,25,2,23,0.08,0.12105263157894737,3.9636073293118654,26,3,23,0.11538461538461539,0.12105263157894737,4.254555189289658,14,1,13,0.07142857142857142,0.06842105263157895,4.101570438554902,17,2,15,0.11764705882352941,0.07894736842105263,4.207753412057123,25,2,23,0.08,0.12105263157894737,4.006027847321746,26,3,23,0.11538461538461539,0.12105263157894737,1.800204
gaussian,gaussian,250,200,120,0.6,20,block_ar1,0.6,45,24,3,21,19,0,19,0.125,0.11052631578947368,0.0,0.1,26,3,23,20,0,20,0.11538461538461539,0.12105263157894737,0.0,0.10526315789473684,4.087560673445933,28,4,24,0.14285714285714285,0.12631578947368421,3.9177861843050255,30,5,25,0.16666666666666666,0.13157894736842105,4.107957296275859,25,2,23,0.08,0.12105263157894737,4.034143667915135,28,4,24,0.14285714285714285,0.12631578947368421,4.3538929470243035,18,0,18,0.0,0.09473684210526316,4.02748187138195,20,0,20,0.0,0.10526315789473684,4.228013347039197,25,1,24,0.04,0.12631578947368421,4.069003357071549,29,4,25,0.13793103448275862,0.13157894736842105,2.040401
gaussian,gaussian,250,200,120,0.6,20,block_ar1,0.6,46,21,0,21,17,0,17,0.0,0.11052631578947368,0.0,0.08947368421052632,23,0,23,18,0,18,0.0,0.12105263157894737,0.0,0.09473684210526316,4.283053300187095,24,0,24,0.0,0.12631578947368421,4.283053300187095,24,0,24,0.0,0.12631578947368421,4.249164045485345,24,0,24,0.0,0.12631578947368421,4.249164045485345,24,0,24,0.0,0.12631578947368421,4.192082391490147,18,1,17,0.05555555555555555,0.08947368421052632,4.022272822993102,20,1,19,0.05,0.1,4.283053300187095,24,0,24,0.0,0.12631578947368421,4.283053300187095,24,0,24,0.0,0.12631578947368421,1.828386
gaussian,gaussian,250,200,120,0.6,20,block_ar1,0.6,47,24,0,24,21,0,21,0.0,0.12631578947368421,0.0,0.11052631578947368,25,1,24,21,0,21,0.04,0.12631578947368421,0.0,0.11052631578947368,4.2143868621139555,25,0,25,0.0,0.13157894736842105,4.068751929655174,26,1,25,0.038461538461538464,0.13157894736842105,4.179078224212314,25,0,25,0.0,0.13157894736842105,4.034663438660842,26,1,25,0.038461538461538464,0.13157894736842105,4.168684100322384,20,0,20,0.0,0.10526315789473684,4.044601056330029,22,2,20,0.09090909090909091,0.10526315789473684,4.541445434205748,24,0,24,0.0,0.12631578947368421,4.068751929655174,26,1,25,0.038461538461538464,0.13157894736842105,1.916403
gaussian,gaussian,250,200,120,0.6,20,block_ar1,0.6,48,22,0,22,18,0,18,0.0,0.11578947368421053,0.0,0.09473684210526316,23,1,22,18,0,18,0.043478260869565216,0.11578947368421053,0.0,0.09473684210526316,4.3323158818067755,24,0,24,0.0,0.12631578947368421,3.996491450999235,26,2,24,0.07692307692307693,0.12631578947368421,4.280852123661877,24,0,24,0.0,0.12631578947368421,3.9490169650491,26,2,24,0.07692307692307693,0.12631578947368421,4.191689724696362,18,0,18,0.0,0.09473684210526316,4.050944152203095,21,2,19,0.09523809523809523,0.1,4.3323158818067755,24,0,24,0.0,0.12631578947368421,3.996491450999235,26,2,24,0.07692307692307693,0.12631578947368421,1.978518
gaussian,gaussian,250,200,120,0.6,20,block_ar1,0.6,49,20,0,20,18,0,18,0.0,0.10526315789473684,0.0,0.09473684210526316,20,0,20,18,0,18,0.0,0.10526315789473684,0.0,0.09473684210526316,4.15291217368119,22,0,22,0.0,0.11578947368421053,3.9805798645424675,23,0,23,0.0,0.12105263157894737,4.366133039280838,21,0,21,0.0,0.11052631578947368,4.121526224036442,22,0,22,0.0,0.11578947368421053,4.242822934832357,15,1,14,0.06666666666666667,0.07368421052631578,4.06908692778566,17,1,16,0.058823529411764705,0.08421052631578947,4.399381701127014,21,0,21,0.0,0.11052631578947368,4.15291217368119,22,0,22,0.0,0.11578947368421053,1.836769
gaussian,gaussian,250,200,120,0.6,20,block_ar1,0.6,50,24,3,21,20,1,19,0.125,0.11052631578947368,0.05,0.1,31,6,25,20,1,19,0.1935483870967742,0.13157894736842105,0.05,0.1,4.329403126462999,29,3,26,0.10344827586206896,0.1368421052631579,3.881255597379438,33,6,27,0.18181818181818182,0.14210526315789473,4.308690215742587,29,3,26,0.10344827586206896,0.1368421052631579,3.960319745096341,31,5,26,0.16129032258064516,0.1368421052631579,4.181104396529294,21,3,18,0.14285714285714285,0.09473684210526316,3.973176201933223,24,3,21,0.125,0.11052631578947368,4.329403126462999,29,3,26,0.10344827586206896,0.1368421052631579,3.9793579551316687,31,5,26,0.16129032258064516,0.1368421052631579,1.971119
gaussian,gaussian,250,200,120,0.6,20,block_ar1,0.6,51,23,1,22,19,1,18,0.043478260869565216,0.11578947368421053,0.05263157894736842,0.09473684210526316,25,1,24,20,1,19,0.04,0.12631578947368421,0.05,0.1,4.210878388739107,28,2,26,0.07142857142857142,0.1368421052631579,3.9211973054180382,29,2,27,0.06896551724137931,0.14210526315789473,4.170517759274587,28,2,26,0.07142857142857142,0.1368421052631579,4.170517759274587,28,2,26,0.07142857142857142,0.1368421052631579,4.221889498619731,17,1,16,0.058823529411764705,0.08421052631578947,4.033910898973315,19,2,17,0.10526315789473684,0.08947368421052632,4.210878388739107,28,2,26,0.07142857142857142,0.1368421052631579,4.210878388739107,28,2,26,0.07142857142857142,0.1368421052631579,2.461111
gaussian,gaussian,250,200,120,0.6,20,block_ar1,0.6,52,30,2,28,21,0,21,0.06666666666666667,0.14736842105263157,0.0,0.11052631578947368,34,3,31,22,0,22,0.08823529411764706,0.1631578947368421,0.0,0.11578947368421053,4.043625650240206,33,2,31,0.06060606060606061,0.1631578947368421,3.890764150424608,34,3,31,0.08823529411764706,0.1631578947368421,4.098592826990725,32,2,30,0.0625,0.15789473684210525,4.0167397030604715,33,2,31,0.06060606060606061,0.1631578947368421,4.159739843946878,21,0,21,0.0,0.11052631578947368,3.9148401836824394,29,3,26,0.10344827586206896,0.1368421052631579,4.126026656017222,32,2,30,0.0625,0.15789473684210525,4.043625650240206,33,2,31,0.06060606060606061,0.1631578947368421,1.847666
gaussian,gaussian,250,200,120,0.6,20,block_ar1,0.6,53,18,0,18,17,0,17,0.0,0.09473684210526316,0.0,0.08947368421052632,20,0,20,18,0,18,0.0,0.10526315789473684,0.0,0.09473684210526316,4.340692770592264,23,0,23,0.0,0.12105263157894737,4.0171288082629255,26,0,26,0.0,0.1368421052631579,4.3116906656805964,23,0,23,0.0,0.12105263157894737,3.990288578535027,26,0,26,0.0,0.1368421052631579,4.30327447889495,16,0,16,0.0,0.08421052631578947,4.045218216153952,19,0,19,0.0,0.1,4.340692770592264,23,0,23,0.0,0.12105263157894737,4.0171288082629255,26,0,26,0.0,0.1368421052631579,1.998253
gaussian,gaussian,250,200,120,0.6,20,block_ar1,0.6,54,23,1,22,18,0,18,0.043478260869565216,0.11578947368421053,0.0,0.09473684210526316,27,2,25,18,0,18,0.07407407407407407,0.13157894736842105,0.0,0.09473684210526316,4.160557129667467,29,3,26,0.10344827586206896,0.1368421052631579,3.98426069421025,33,4,29,0.12121212121212122,0.15263157894736842,4.113371799146528,28,3,25,0.10714285714285714,0.13157894736842105,3.9390747607213576,32,4,28,0.125,0.14736842105263157,4.235393584921314,18,1,17,0.05555555555555555,0.08947368421052632,4.08830405033175,20,2,18,0.1,0.09473684210526316,4.21908662401046,28,2,26,0.07142857142857142,0.1368421052631579,3.98426069421025,33,4,29,0.12121212121212122,0.15263157894736842,1.922293
gaussian,gaussian,250,200,120,0.6,20,block_ar1,0.6,55,19,2,17,16,0,16,0.10526315789473684,0.08947368421052632,0.0,0.08421052631578947,20,2,18,16,0,16,0.1,0.09473684210526316,0.0,0.08421052631578947,4.178044500290962,21,2,19,0.09523809523809523,0.1,3.9656265213434887,23,3,20,0.13043478260869565,0.10526315789473684,4.164263054607436,21,2,19,0.09523809523809523,0.1,4.1027590892096555,22,3,19,0.13636363636363635,0.1,4.247229233325179,16,1,15,0.0625,0.07894736842105263,4.154423342955615,17,2,15,0.11764705882352941,0.07894736842105263,4.356086306174124,20,2,18,0.1,0.09473684210526316,4.1163369902209705,22,3,19,0.13636363636363635,0.1,1.94664
gaussian,gaussian,250,200,120,0.6,20,block_ar1,0.6,56,24,2,22,17,0,17,0.08333333333333333,0.11578947368421053,0.0,0.08947368421052632,30,7,23,21,1,20,0.23333333333333334,0.12105263157894737,0.047619047619047616,0.10526315789473684,4.175947427010316,27,2,25,0.07407407407407407,0.13157894736842105,3.920511507817824,35,8,27,0.22857142857142856,0.14210526315789473,4.166191702770591,27,2,25,0.07407407407407407,0.13157894736842105,3.9113525253791197,35,8,27,0.22857142857142856,0.14210526315789473,4.239612003222007,16,2,14,0.125,0.07368421052631578,4.025240957427512,22,5,17,0.22727272727272727,0.08947368421052632,4.175947427010316,27,2,25,0.07407407407407407,0.13157894736842105,3.920511507817824,35,8,27,0.22857142857142856,0.14210526315789473,1.843215
gaussian,gaussian,250,200,120,0.6,20,block_ar1,0.6,57,19,1,18,16,0,16,0.05263157894736842,0.09473684210526316,0.0,0.08421052631578947,22,3,19,17,0,17,0.13636363636363635,0.1,0.0,0.08947368421052632,4.313234847040696,21,1,20,0.047619047619047616,0.10526315789473684,3.9490864454172887,25,4,21,0.16,0.11052631578947368,4.277981375709563,21,1,20,0.047619047619047616,0.10526315789473684,4.059510217070888,22,2,20,0.09090909090909091,0.10526315789473684,4.532701707957916,12,0,12,0.0,0.06315789473684211,4.116499765338583,13,0,13,0.0,0.06842105263157895,4.313234847040696,21,1,20,0.047619047619047616,0.10526315789473684,4.092963337710577,22,2,20,0.09090909090909091,0.10526315789473684,1.867686
gaussian,gaussian,250,200,120,0.6,20,block_ar1,0.6,58,28,2,26,19,0,19,0.07142857142857142,0.1368421052631579,0.0,0.1,35,7,28,20,0,20,0.2,0.14736842105263157,0.0,0.10526315789473684,4.1056852825058225,31,2,29,0.06451612903225806,0.15263157894736842,3.8647313876301674,37,6,31,0.16216216216216217,0.1631578947368421,4.080409347767306,31,2,29,0.06451612903225806,0.15263157894736842,3.869390413383274,36,5,31,0.1388888888888889,0.1631578947368421,4.381139579502139,16,0,16,0.0,0.08421052631578947,3.957611065472333,26,4,22,0.15384615384615385,0.11578947368421053,4.136745169765939,30,2,28,0.06666666666666667,0.14736842105263157,3.893359199657139,36,5,31,0.1388888888888889,0.1631578947368421,1.926629
gaussian,gaussian,250,200,120,0.6,20,block_ar1,0.6,59,27,4,23,20,1,19,0.14814814814814814,0.12105263157894737,0.05,0.1,28,5,23,20,1,19,0.17857142857142858,0.12105263157894737,0.05,0.1,4.135804556454537,28,4,24,0.14285714285714285,0.12631578947368421,3.9214429625428346,30,5,25,0.16666666666666666,0.13157894736842105,4.108794480911503,28,4,24,0.14285714285714285,0.12631578947368421,3.9625817007022026,29,4,25,0.13793103448275862,0.13157894736842105,4.410650033955326,17,1,16,0.058823529411764705,0.08421052631578947,4.041354455308637,24,4,20,0.16666666666666666,0.10526315789473684,4.200039678985311,27,3,24,0.1111111111111111,0.12631578947368421,3.9886306139731493,29,4,25,0.13793103448275862,0.13157894736842105,2.05006
gaussian,gaussian,250,200,120,0.6,20,block_ar1,0.6,60,21,1,20,17,0,17,0.047619047619047616,0.10526315789473684,0.0,0.08947368421052632,21,1,20,19,0,19,0.047619047619047616,0.10526315789473684,0.0,0.1,4.120226450168995,26,1,25,0.038461538461538464,0.13157894736842105,3.9159097913811483,29,3,26,0.10344827586206896,0.1368421052631579,4.15527026309814,25,1,24,0.04,0.12631578947368421,4.041089521023304,27,2,25,0.07407407407407407,0.13157894736842105,4.198861450350355,19,2,17,0.10526315789473684,0.08947368421052632,3.9903215553059015,21,2,19,0.09523809523809523,0.1,4.378933906253529,23,1,22,0.043478260869565216,0.11578947368421053,4.088555308149794,27,2,25,0.07407407407407407,0.13157894736842105,1.889151
gaussian,gaussian,250,200,120,0.6,20,block_ar1,0.6,61,22,1,21,18,0,18,0.045454545454545456,0.11052631578947368,0.0,0.09473684210526316,24,2,22,19,0,19,0.08333333333333333,0.11578947368421053,0.0,0.1,4.281737356012764,25,2,23,0.08,0.12105263157894737,3.9511868478315724,28,3,25,0.10714285714285714,0.13157894736842105,4.267449959726225,25,2,23,0.08,0.12105263157894737,3.9380024398206843,28,3,25,0.10714285714285714,0.13157894736842105,4.250728353925993,18,1,17,0.05555555555555555,0.08947368421052632,3.9776103949591906,22,3,19,0.13636363636363635,0.1,4.281737356012764,25,2,23,0.08,0.12105263157894737,3.9511868478315724,28,3,25,0.10714285714285714,0.13157894736842105,1.827729
gaussian,gaussian,250,200,120,0.6,20,block_ar1,0.6,62,25,3,22,20,1,19,0.12,0.11578947368421053,0.05,0.1,29,5,24,21,1,20,0.1724137931034483,0.12631578947368421,0.047619047619047616,0.10526315789473684,4.166233748848736,31,3,28,0.0967741935483871,0.14736842105263157,3.894559167467223,35,5,30,0.14285714285714285,0.15789473684210525,4.14945316467446,31,3,28,0.0967741935483871,0.14736842105263157,3.8788728229481615,35,5,30,0.14285714285714285,0.15789473684210525,4.177928100129562,20,2,18,0.1,0.09473684210526316,4.177928100129562,20,2,18,0.1,0.09473684210526316,4.166233748848736,31,3,28,0.0967741935483871,0.14736842105263157,3.894559167467223,35,5,30,0.14285714285714285,0.15789473684210525,1.941284
gaussian,gaussian,250,200,120,0.6,20,block_ar1,0.6,63,24,2,22,22,2,20,0.08333333333333333,0.11578947368421053,0.09090909090909091,0.10526315789473684,26,3,23,23,2,21,0.11538461538461539,0.12105263157894737,0.08695652173913043,0.11052631578947368,4.230966845225385,26,2,24,0.07692307692307693,0.12631578947368421,3.9460496058681493,27,3,24,0.1111111111111111,0.12631578947368421,4.221017752513211,26,2,24,0.07692307692307693,0.12631578947368421,3.936770494305286,27,3,24,0.1111111111111111,0.12631578947368421,4.215486197150552,20,2,18,0.1,0.09473684210526316,4.10027154367547,22,2,20,0.09090909090909091,0.10526315789473684,4.230966845225385,26,2,24,0.07692307692307693,0.12631578947368421,4.230966845225385,26,2,24,0.07692307692307693,0.12631578947368421,1.789979
gaussian,gaussian,250,200,120,0.6,20,block_ar1,0.6,64,22,0,22,17,0,17,0.0,0.11578947368421053,0.0,0.08947368421052632,26,3,23,17,0,17,0.11538461538461539,0.12105263157894737,0.0,0.08947368421052632,4.288929394352558,26,1,25,0.038461538461538464,0.13157894736842105,3.9301118541890476,29,4,25,0.13793103448275862,0.13157894736842105,4.2652987091702865,26,1,25,0.038461538461538464,0.13157894736842105,3.9084581435731205,29,4,25,0.13793103448275862,0.13157894736842105,4.235901940304711,16,0,16,0.0,0.08421052631578947,4.076834879218683,17,0,17,0.0,0.08947368421052632,4.288929394352558,26,1,25,0.038461538461538464,0.13157894736842105,3.9301118541890476,29,4,25,0.13793103448275862,0.13157894736842105,2.015301
gaussian,gaussian,250,200,120,0.6,20,block_ar1,0.6,65,22,2,20,17,0,17,0.09090909090909091,0.10526315789473684,0.0,0.08947368421052632,23,2,21,18,0,18,0.08695652173913043,0.11052631578947368,0.0,0.09473684210526316,4.108552986019014,25,2,23,0.08,0.12105263157894737,4.108552986019014,25,2,23,0.08,0.12105263157894737,4.350872374329081,24,1,23,0.041666666666666664,0.12105263157894737,4.065898170737382,25,2,23,0.08,0.12105263157894737,4.535361236450213,12,0,12,0.0,0.06315789473684211,4.042848942030127,17,1,16,0.058823529411764705,0.08421052631578947,4.396516817364237,24,1,23,0.041666666666666664,0.12105263157894737,4.108552986019014,25,2,23,0.08,0.12105263157894737,2.0111
gaussian,gaussian,250,200,120,0.6,20,block_ar1,0.6,66,18,0,18,14,0,14,0.0,0.09473684210526316,0.0,0.07368421052631578,20,0,20,17,0,17,0.0,0.10526315789473684,0.0,0.08947368421052632,4.164987100099259,24,0,24,0.0,0.12631578947368421,4.019996706212537,25,0,25,0.0,0.13157894736842105,4.148290137738521,24,0,24,0.0,0.12631578947368421,4.003880993947229,25,0,25,0.0,0.13157894736842105,4.295123604416237,13,0,13,0.0,0.06842105263157895,4.225789923043428,14,0,14,0.0,0.07368421052631578,4.164987100099259,24,0,24,0.0,0.12631578947368421,4.019996706212537,25,0,25,0.0,0.13157894736842105,1.881408
gaussian,gaussian,250,200,120,0.6,20,block_ar1,0.6,67,21,0,21,18,0,18,0.0,0.11052631578947368,0.0,0.09473684210526316,22,1,21,19,0,19,0.045454545454545456,0.11052631578947368,0.0,0.1,4.38601770114595,24,1,23,0.041666666666666664,0.12105263157894737,3.940129611149229,26,3,23,0.11538461538461539,0.12105263157894737,4.344148263920144,24,1,23,0.041666666666666664,0.12105263157894737,3.964154181952816,25,2,23,0.08,0.12105263157894737,4.553783786214963,15,0,15,0.0,0.07894736842105263,3.997849369263287,22,4,18,0.18181818181818182,0.09473684210526316,4.38601770114595,24,1,23,0.041666666666666664,0.12105263157894737,4.00236118930871,25,2,23,0.08,0.12105263157894737,1.763313
gaussian,gaussian,250,200,120,0.6,20,block_ar1,0.6,68,24,0,24,23,0,23,0.0,0.12631578947368421,0.0,0.12105263157894737,25,1,24,23,0,23,0.04,0.12631578947368421,0.0,0.12105263157894737,4.1266397929086045,27,1,26,0.037037037037037035,0.1368421052631579,3.916725413726135,29,3,26,0.10344827586206896,0.1368421052631579,4.094985866736588,27,1,26,0.037037037037037035,0.1368421052631579,3.930542792750967,28,2,26,0.07142857142857142,0.1368421052631579,4.192816529635387,19,0,19,0.0,0.1,3.9494025006302445,27,3,24,0.1111111111111111,0.12631578947368421,4.1266397929086045,27,1,26,0.037037037037037035,0.1368421052631579,3.9609255865936337,28,2,26,0.07142857142857142,0.1368421052631579,2.022166
gaussian,gaussian,250,200,120,0.6,20,block_ar1,0.6,69,17,0,17,15,0,15,0.0,0.08947368421052632,0.0,0.07894736842105263,19,0,19,16,0,16,0.0,0.1,0.0,0.08421052631578947,4.465794732961359,21,0,21,0.0,0.11052631578947368,4.116757560700257,22,0,22,0.0,0.11578947368421053,4.429918038988506,21,0,21,0.0,0.11052631578947368,4.083684914061226,22,0,22,0.0,0.11578947368421053,4.496612349036775,11,0,11,0.0,0.05789473684210526,4.249733355353701,12,0,12,0.0,0.06315789473684211,4.465794732961359,21,0,21,0.0,0.11052631578947368,4.116757560700257,22,0,22,0.0,0.11578947368421053,1.927972
gaussian,gaussian,250,200,120,0.6,20,block_ar1,0.6,70,21,1,20,17,0,17,0.047619047619047616,0.10526315789473684,0.0,0.08947368421052632,26,4,22,18,0,18,0.15384615384615385,0.11578947368421053,0.0,0.09473684210526316,4.176281142903754,26,2,24,0.07692307692307693,0.12631578947368421,3.8840377925301546,33,7,26,0.21212121212121213,0.1368421052631579,4.133378381285512,26,2,24,0.07692307692307693,0.12631578947368421,3.9275007485319193,30,5,25,0.16666666666666666,0.13157894736842105,4.2114821829649545,18,2,16,0.1111111111111111,0.08421052631578947,4.051571523382701,21,4,17,0.19047619047619047,0.08947368421052632,4.176281142903754,26,2,24,0.07692307692307693,0.12631578947368421,3.9682665852945647,30,5,25,0.16666666666666666,0.13157894736842105,1.896352
gaussian,gaussian,250,200,120,0.6,20,block_ar1,0.6,71,29,2,27,22,0,22,0.06896551724137931,0.14210526315789473,0.0,0.11578947368421053,33,5,28,23,0,23,0.15151515151515152,0.14736842105263157,0.0,0.12105263157894737,4.060013185196546,32,3,29,0.09375,0.15263157894736842,3.870590894119914,38,5,33,0.13157894736842105,0.1736842105263158,4.145447756628237,31,3,28,0.0967741935483871,0.14736842105263157,3.8509134271442163,38,5,33,0.13157894736842105,0.1736842105263158,4.129069798512846,26,1,25,0.038461538461538464,0.13157894736842105,3.927229242840361,30,4,26,0.13333333333333333,0.1368421052631579,4.166630240439884,31,3,28,0.0967741935483871,0.14736842105263157,3.894806883535346,37,5,32,0.13513513513513514,0.16842105263157894,1.944548
gaussian,gaussian,250,200,120,0.6,20,block_ar1,0.6,72,29,2,27,23,0,23,0.06896551724137931,0.14210526315789473,0.0,0.12105263157894737,33,3,30,23,0,23,0.09090909090909091,0.15789473684210525,0.0,0.12105263157894737,4.079753889643713,31,2,29,0.06451612903225806,0.15263157894736842,3.9466815357833953,33,3,30,0.09090909090909091,0.15789473684210525,4.061337115955128,31,2,29,0.06451612903225806,0.15263157894736842,3.928865475640664,33,3,30,0.09090909090909091,0.15789473684210525,4.203146890802203,18,0,18,0.0,0.09473684210526316,4.059881687514321,21,0,21,0.0,0.11052631578947368,4.411591884960346,30,1,29,0.03333333333333333,0.15263157894736842,3.9466815357833953,33,3,30,0.09090909090909091,0.15789473684210525,1.839231
gaussian,gaussian,250,200,120,0.6,20,block_ar1,0.6,73,21,1,20,20,0,20,0.047619047619047616,0.10526315789473684,0.0,0.10526315789473684,26,3,23,20,0,20,0.11538461538461539,0.12105263157894737,0.0,0.10526315789473684,4.404275095125543,25,1,24,0.04,0.12631578947368421,3.9395255731711614,29,3,26,0.10344827586206896,0.1368421052631579,4.380330705502049,25,1,24,0.04,0.12631578947368421,3.9181078521572923,29,3,26,0.10344827586206896,0.1368421052631579,4.347958241595319,16,1,15,0.0625,0.07894736842105263,4.076424962519824,18,1,17,0.05555555555555555,0.08947368421052632,4.404275095125543,25,1,24,0.04,0.12631578947368421,4.0363997012552195,28,2,26,0.07142857142857142,0.1368421052631579,1.853998
gaussian,gaussian,250,200,120,0.6,20,block_ar1,0.6,74,24,1,23,17,0,17,0.041666666666666664,0.12105263157894737,0.0,0.08947368421052632,24,1,23,20,0,20,0.041666666666666664,0.12105263157894737,0.0,0.10526315789473684,4.333574646504792,25,1,24,0.04,0.12631578947368421,3.9350382483330026,28,3,25,0.10714285714285714,0.13157894736842105,4.296250209467571,25,1,24,0.04,0.12631578947368421,4.032686020101917,26,1,25,0.038461538461538464,0.13157894736842105,4.246847741024691,16,0,16,0.0,0.08421052631578947,4.246847741024691,16,0,16,0.0,0.08421052631578947,4.333574646504792,25,1,24,0.04,0.12631578947368421,4.0677206964148755,26,1,25,0.038461538461538464,0.13157894736842105,1.914049
gaussian,gaussian,250,200,120,0.6,20,block_ar1,0.6,75,22,2,20,19,0,19,0.09090909090909091,0.10526315789473684,0.0,0.1,27,3,24,19,0,19,0.1111111111111111,0.12631578947368421,0.0,0.1,4.206084090740523,28,3,25,0.10714285714285714,0.13157894736842105,3.8840450835712437,32,4,28,0.125,0.14736842105263157,4.186708492088003,28,3,25,0.10714285714285714,0.13157894736842105,3.9422381454901174,30,3,27,0.1,0.14210526315789473,4.322899263026637,15,0,15,0.0,0.07894736842105263,3.9891183953552223,21,2,19,0.09523809523809523,0.1,4.206084090740523,28,3,25,0.10714285714285714,0.13157894736842105,3.8991291616069637,31,3,28,0.0967741935483871,0.14736842105263157,2.005913
gaussian,gaussian,250,200,120,0.6,20,block_ar1,0.6,76,22,2,20,18,1,17,0.09090909090909091,0.10526315789473684,0.05555555555555555,0.08947368421052632,27,6,21,18,1,17,0.2222222222222222,0.11052631578947368,0.05555555555555555,0.08947368421052632,4.103543813357656,26,2,24,0.07692307692307693,0.12631578947368421,3.92116086065699,28,4,24,0.14285714285714285,0.12631578947368421,4.154586463500891,25,2,23,0.08,0.12105263157894737,4.0873004808823215,26,2,24,0.07692307692307693,0.12631578947368421,4.263196438525005,13,1,12,0.07692307692307693,0.06315789473684211,4.035905389716936,19,2,17,0.10526315789473684,0.08947368421052632,4.3810050872594894,24,2,22,0.08333333333333333,0.11578947368421053,4.103543813357656,26,2,24,0.07692307692307693,0.12631578947368421,1.908177
gaussian,gaussian,250,200,120,0.6,20,block_ar1,0.6,77,21,2,19,19,1,18,0.09523809523809523,0.1,0.05263157894736842,0.09473684210526316,23,2,21,20,1,19,0.08695652173913043,0.11052631578947368,0.05,0.1,4.160462714846554,24,2,22,0.08333333333333333,0.11578947368421053,4.104363266721352,25,2,23,0.08,0.12105263157894737,4.135299984708898,24,2,22,0.08333333333333333,0.11578947368421053,4.079539829439033,25,2,23,0.08,0.12105263157894737,4.30664562671257,14,1,13,0.07142857142857142,0.06842105263157895,3.9870096309619507,21,4,17,0.19047619047619047,0.08947368421052632,4.436347760596152,23,1,22,0.043478260869565216,0.11578947368421053,4.104363266721352,25,2,23,0.08,0.12105263157894737,1.897343
gaussian,gaussian,250,200,120,0.6,20,block_ar1,0.6,78,25,3,22,19,0,19,0.12,0.11578947368421053,0.0,0.1,27,3,24,21,0,21,0.1111111111111111,0.12631578947368421,0.0,0.11052631578947368,4.1905460473431555,26,2,24,0.07692307692307693,0.12631578947368421,4.082932092684136,27,3,24,0.1111111111111111,0.12631578947368421,4.173149806272642,26,2,24,0.07692307692307693,0.12631578947368421,4.065982590123747,27,3,24,0.1111111111111111,0.12631578947368421,4.193317827482138,19,2,17,0.10526315789473684,0.08947368421052632,4.002390327380992,21,2,19,0.09523809523809523,0.1,4.1905460473431555,26,2,24,0.07692307692307693,0.12631578947368421,4.082932092684136,27,3,24,0.1111111111111111,0.12631578947368421,1.793664
gaussian,gaussian,250,200,120,0.6,20,block_ar1,0.6,79,26,2,24,20,0,20,0.07692307692307693,0.12631578947368421,0.0,0.10526315789473684,31,4,27,20,0,20,0.12903225806451613,0.14210526315789473,0.0,0.10526315789473684,4.046348224295771,37,3,34,0.08108108108108109,0.17894736842105263,3.8351908834622646,40,6,34,0.15,0.17894736842105263,4.10449618959721,36,2,34,0.05555555555555555,0.17894736842105263,3.8519098005426007,39,5,34,0.1282051282051282,0.17894736842105263,4.152545561866017,23,2,21,0.08695652173913043,0.11052631578947368,3.9345663306030154,27,5,22,0.18518518518518517,0.11578947368421053,4.1370819728108605,36,2,34,0.05555555555555555,0.17894736842105263,3.9710887013850376,38,4,34,0.10526315789473684,0.17894736842105263,1.859628
gaussian,gaussian,250,200,120,0.6,20,block_ar1,0.6,80,16,0,16,12,0,12,0.0,0.08421052631578947,0.0,0.06315789473684211,17,0,17,14,0,14,0.0,0.08947368421052632,0.0,0.07368421052631578,4.483759713150155,21,0,21,0.0,0.11052631578947368,4.483759713150155,21,0,21,0.0,0.11052631578947368,4.478280966846669,21,0,21,0.0,0.11052631578947368,4.478280966846669,21,0,21,0.0,0.11052631578947368,4.3529383910109125,11,0,11,0.0,0.05789473684210526,4.3529383910109125,11,0,11,0.0,0.05789473684210526,4.483759713150155,21,0,21,0.0,0.11052631578947368,4.483759713150155,21,0,21,0.0,0.11052631578947368,2.257065
gaussian,gaussian,250,200,120,0.6,20,block_ar1,0.6,81,21,1,20,19,0,19,0.047619047619047616,0.10526315789473684,0.0,0.1,27,6,21,19,0,19,0.2222222222222222,0.11052631578947368,0.0,0.1,4.168654810693112,26,4,22,0.15384615384615385,0.11578947368421053,3.9648287497126704,30,7,23,0.23333333333333334,0.12105263157894737,4.148241663931512,26,4,22,0.15384615384615385,0.11578947368421053,3.94541370221464,30,7,23,0.23333333333333334,0.12105263157894737,4.257945057225101,13,0,13,0.0,0.06842105263157895,3.9956901895801193,21,2,19,0.09523809523809523,0.1,4.168654810693112,26,4,22,0.15384615384615385,0.11578947368421053,3.9648287497126704,30,7,23,0.23333333333333334,0.12105263157894737,1.841943
gaussian,gaussian,250,200,120,0.6,20,block_ar1,0.6,82,23,1,22,19,0,19,0.043478260869565216,0.11578947368421053,0.0,0.1,28,3,25,20,0,20,0.10714285714285714,0.13157894736842105,0.0,0.10526315789473684,4.124822644310274,29,2,27,0.06896551724137931,0.14210526315789473,4.014045909421057,30,3,27,0.1,0.14210526315789473,4.12171514283191,29,2,27,0.06896551724137931,0.14210526315789473,4.011021863377538,30,3,27,0.1,0.14210526315789473,4.294984007981745,16,1,15,0.0625,0.07894736842105263,3.9813768518786867,24,4,20,0.16666666666666666,0.10526315789473684,4.124822644310274,29,2,27,0.06896551724137931,0.14210526315789473,4.014045909421057,30,3,27,0.1,0.14210526315789473,1.845004
gaussian,gaussian,250,200,120,0.6,20,block_ar1,0.6,83,25,1,24,18,0,18,0.04,0.12631578947368421,0.0,0.09473684210526316,26,2,24,22,0,22,0.07692307692307693,0.12631578947368421,0.0,0.11578947368421053,4.160750193461035,27,1,26,0.037037037037037035,0.1368421052631579,3.884665814547674,33,3,30,0.09090909090909091,0.15789473684210525,4.144985591050508,27,1,26,0.037037037037037035,0.1368421052631579,3.916955022469544,32,2,30,0.0625,0.15789473684210525,4.242193010499243,15,0,15,0.0,0.07894736842105263,3.9577126934596816,25,4,21,0.16,0.11052631578947368,4.160750193461035,27,1,26,0.037037037037037035,0.1368421052631579,3.9318523573897113,32,2,30,0.0625,0.15789473684210525,1.9338
gaussian,gaussian,250,200,120,0.6,20,block_ar1,0.6,84,27,2,25,18,0,18,0.07407407407407407,0.13157894736842105,0.0,0.09473684210526316,27,2,25,19,0,19,0.07407407407407407,0.13157894736842105,0.0,0.1,4.300083296448671,27,2,25,0.07407407407407407,0.13157894736842105,4.0756314508899685,28,2,26,0.07142857142857142,0.1368421052631579,4.272405102995356,27,2,25,0.07407407407407407,0.13157894736842105,4.049397978660417,28,2,26,0.07142857142857142,0.1368421052631579,4.253663031065785,17,1,16,0.058823529411764705,0.08421052631578947,4.065458148509872,20,2,18,0.1,0.09473684210526316,4.300083296448671,27,2,25,0.07407407407407407,0.13157894736842105,4.0756314508899685,28,2,26,0.07142857142857142,0.1368421052631579,2.080009
gaussian,gaussian,250,200,120,0.6,20,block_ar1,0.6,85,21,0,21,18,0,18,0.0,0.11052631578947368,0.0,0.09473684210526316,27,5,22,19,0,19,0.18518518518518517,0.11578947368421053,0.0,0.1,4.15658564149554,26,0,26,0.0,0.1368421052631579,3.900817259944391,31,4,27,0.12903225806451613,0.14210526315789473,4.117303336604953,26,0,26,0.0,0.1368421052631579,3.9458643272645033,29,3,26,0.10344827586206896,0.1368421052631579,4.215021230613994,16,0,16,0.0,0.08421052631578947,3.9892861893153686,22,3,19,0.13636363636363635,0.1,4.315931701036731,24,0,24,0.0,0.12631578947368421,3.983510969468986,29,3,26,0.10344827586206896,0.1368421052631579,2.108349
gaussian,gaussian,250,200,120,0.6,20,block_ar1,0.6,86,19,0,19,19,0,19,0.0,0.1,0.0,0.1,20,0,20,19,0,19,0.0,0.10526315789473684,0.0,0.1,4.340567446889666,22,0,22,0.0,0.11578947368421053,3.9534000172282973,24,1,23,0.041666666666666664,0.12105263157894737,4.2813429497249516,22,0,22,0.0,0.11578947368421053,4.2813429497249516,22,0,22,0.0,0.11578947368421053,4.249912969975445,15,0,15,0.0,0.07894736842105263,4.022566014263562,20,0,20,0.0,0.10526315789473684,4.340567446889666,22,0,22,0.0,0.11578947368421053,4.340567446889666,22,0,22,0.0,0.11578947368421053,1.871724
gaussian,gaussian,250,200,120,0.6,20,block_ar1,0.6,87,24,0,24,20,0,20,0.0,0.12631578947368421,0.0,0.10526315789473684,25,1,24,21,0,21,0.04,0.12631578947368421,0.0,0.11052631578947368,4.26912628829125,28,0,28,0.0,0.14736842105263157,3.894476999475346,33,3,30,0.09090909090909091,0.15789473684210525,4.226510435490101,28,0,28,0.0,0.14736842105263157,3.903253555709491,30,1,29,0.03333333333333333,0.15263157894736842,4.216405521392346,20,0,20,0.0,0.10526315789473684,3.950214798712835,26,2,24,0.07692307692307693,0.12631578947368421,4.26912628829125,28,0,28,0.0,0.14736842105263157,3.94261001336281,30,1,29,0.03333333333333333,0.15263157894736842,1.863548
gaussian,gaussian,250,200,120,0.6,20,block_ar1,0.6,88,22,3,19,18,0,18,0.13636363636363635,0.1,0.0,0.09473684210526316,25,5,20,18,0,18,0.2,0.10526315789473684,0.0,0.09473684210526316,4.251413798102475,23,2,21,0.08695652173913043,0.11052631578947368,3.914225817444354,29,7,22,0.2413793103448276,0.11578947368421053,4.228351709642244,23,2,21,0.08695652173913043,0.11052631578947368,3.9476838959067835,28,6,22,0.21428571428571427,0.11578947368421053,4.719075131018462,14,0,14,0.0,0.07368421052631578,3.9926587841174745,22,3,19,0.13636363636363635,0.1,4.251413798102475,23,2,21,0.08695652173913043,0.11052631578947368,3.9692151784187897,28,6,22,0.21428571428571427,0.11578947368421053,1.876976
gaussian,gaussian,250,200,120,0.6,20,block_ar1,0.6,89,27,3,24,16,0,16,0.1111111111111111,0.12631578947368421,0.0,0.08421052631578947,31,5,26,16,0,16,0.16129032258064516,0.1368421052631579,0.0,0.08421052631578947,4.115069172446179,28,3,25,0.10714285714285714,0.13157894736842105,3.877234298839932,34,6,28,0.17647058823529413,0.14736842105263157,4.08804565295255,28,3,25,0.10714285714285714,0.13157894736842105,3.9371014848024006,32,5,27,0.15625,0.14210526315789473,4.425518531424828,12,0,12,0.0,0.06315789473684211,4.002625184377004,20,2,18,0.1,0.09473684210526316,4.174434401750523,27,3,24,0.1111111111111111,0.12631578947368421,3.9631272065665666,32,5,27,0.15625,0.14210526315789473,1.764421
gaussian,gaussian,250,200,120,0.6,20,block_ar1,0.6,90,23,0,23,19,0,19,0.0,0.12105263157894737,0.0,0.1,26,2,24,20,0,20,0.07692307692307693,0.12631578947368421,0.0,0.10526315789473684,4.257748229381778,26,1,25,0.038461538461538464,0.13157894736842105,3.9775350054579346,27,2,25,0.07407407407407407,0.13157894736842105,4.222588439374273,26,1,25,0.038461538461538464,0.13157894736842105,3.944689170522385,27,2,25,0.07407407407407407,0.13157894736842105,4.159109152259179,20,0,20,0.0,0.10526315789473684,4.036124457522633,21,1,20,0.047619047619047616,0.10526315789473684,4.257748229381778,26,1,25,0.038461538461538464,0.13157894736842105,3.9775350054579346,27,2,25,0.07407407407407407,0.13157894736842105,1.904196
gaussian,gaussian,250,200,120,0.6,20,block_ar1,0.6,91,25,2,23,20,0,20,0.08,0.12105263157894737,0.0,0.10526315789473684,25,2,23,21,0,21,0.08,0.12105263157894737,0.0,0.11052631578947368,4.236112491873291,29,2,27,0.06896551724137931,0.14210526315789473,4.056971784646981,30,2,28,0.06666666666666667,0.14736842105263157,4.217559494428118,29,2,27,0.06896551724137931,0.14210526315789473,4.03920337379857,30,2,28,0.06666666666666667,0.14736842105263157,4.196948120865127,17,1,16,0.058823529411764705,0.08421052631578947,4.128430575467329,18,1,17,0.05555555555555555,0.08947368421052632,4.236112491873291,29,2,27,0.06896551724137931,0.14210526315789473,4.056971784646981,30,2,28,0.06666666666666667,0.14736842105263157,2.070497
gaussian,gaussian,250,200,120,0.6,20,block_ar1,0.6,92,27,2,25,22,2,20,0.07407407407407407,0.13157894736842105,0.09090909090909091,0.10526315789473684,31,4,27,23,2,21,0.12903225806451613,0.14210526315789473,0.08695652173913043,0.11052631578947368,4.310840598739415,30,2,28,0.06666666666666667,0.14736842105263157,3.909347483349792,35,6,29,0.17142857142857143,0.15263157894736842,4.359630459719477,29,2,27,0.06896551724137931,0.14210526315789473,3.8845427115969793,32,5,27,0.15625,0.14210526315789473,4.206484951939911,21,2,19,0.09523809523809523,0.1,4.206484951939911,21,2,19,0.09523809523809523,0.1,4.310840598739415,30,2,28,0.06666666666666667,0.14736842105263157,3.909347483349792,35,6,29,0.17142857142857143,0.15263157894736842,1.845542
gaussian,gaussian,250,200,120,0.6,20,block_ar1,0.6,93,25,2,23,17,0,17,0.08,0.12105263157894737,0.0,0.08947368421052632,26,3,23,20,1,19,0.11538461538461539,0.12105263157894737,0.05,0.1,4.158840204842495,27,2,25,0.07407407407407407,0.13157894736842105,3.917700516090057,29,3,26,0.10344827586206896,0.1368421052631579,4.140825851251307,27,2,25,0.07407407407407407,0.13157894736842105,4.014900173866919,28,3,25,0.10714285714285714,0.13157894736842105,4.56845653504021,10,0,10,0.0,0.05263157894736842,4.145684263801817,14,1,13,0.07142857142857142,0.06842105263157895,4.158840204842495,27,2,25,0.07407407407407407,0.13157894736842105,4.032366697203925,28,3,25,0.10714285714285714,0.13157894736842105,1.745026
gaussian,gaussian,250,200,120,0.6,20,block_ar1,0.6,94,19,1,18,15,0,15,0.05263157894736842,0.09473684210526316,0.0,0.07894736842105263,29,8,21,17,1,16,0.27586206896551724,0.11052631578947368,0.058823529411764705,0.08421052631578947,4.502326197002066,22,2,20,0.09090909090909091,0.10526315789473684,3.94028313730077,30,8,22,0.26666666666666666,0.11578947368421053,4.470047230680411,22,2,20,0.09090909090909091,0.10526315789473684,3.9120336811037904,30,8,22,0.26666666666666666,0.11578947368421053,4.303390681237127,14,1,13,0.07142857142857142,0.06842105263157895,3.990235888515902,21,3,18,0.14285714285714285,0.09473684210526316,4.502326197002066,22,2,20,0.09090909090909091,0.10526315789473684,3.94028313730077,30,8,22,0.26666666666666666,0.11578947368421053,1.95045
gaussian,gaussian,250,200,120,0.6,20,block_ar1,0.6,95,26,3,23,18,0,18,0.11538461538461539,0.12105263157894737,0.0,0.09473684210526316,29,5,24,20,0,20,0.1724137931034483,0.12631578947368421,0.0,0.10526315789473684,4.125380301103584,28,3,25,0.10714285714285714,0.13157894736842105,4.125380301103584,28,3,25,0.10714285714285714,0.13157894736842105,4.121893693846908,28,3,25,0.10714285714285714,0.13157894736842105,4.121893693846908,28,3,25,0.10714285714285714,0.13157894736842105,4.217701055862602,16,3,13,0.1875,0.06842105263157895,4.056293273376245,22,3,19,0.13636363636363635,0.1,4.125380301103584,28,3,25,0.10714285714285714,0.13157894736842105,4.125380301103584,28,3,25,0.10714285714285714,0.13157894736842105,1.867421
gaussian,gaussian,250,200,120,0.6,20,block_ar1,0.6,96,26,6,20,17,0,17,0.23076923076923078,0.10526315789473684,0.0,0.08947368421052632,30,10,20,17,0,17,0.3333333333333333,0.10526315789473684,0.0,0.08947368421052632,4.256321814877637,27,6,21,0.2222222222222222,0.11052631578947368,3.8804040277280887,33,11,22,0.3333333333333333,0.11578947368421053,4.222520773247482,27,6,21,0.2222222222222222,0.11052631578947368,3.9106349745192985,32,10,22,0.3125,0.11578947368421053,4.203557193392393,19,4,15,0.21052631578947367,0.07894736842105263,3.987217463793078,24,7,17,0.2916666666666667,0.08947368421052632,4.256321814877637,27,6,21,0.2222222222222222,0.11052631578947368,3.941939387847834,32,10,22,0.3125,0.11578947368421053,2.04115
gaussian,gaussian,250,200,120,0.6,20,block_ar1,0.6,97,23,2,21,18,0,18,0.08695652173913043,0.11052631578947368,0.0,0.09473684210526316,25,3,22,19,0,19,0.12,0.11578947368421053,0.0,0.1,4.100531444812781,26,3,23,0.11538461538461539,0.12105263157894737,4.100531444812781,26,3,23,0.11538461538461539,0.12105263157894737,4.634458052738583,22,0,22,0.0,0.11578947368421053,4.058044131772715,26,3,23,0.11538461538461539,0.12105263157894737,4.334447924711443,17,0,17,0.0,0.08947368421052632,4.334447924711443,17,0,17,0.0,0.08947368421052632,4.682980361433078,22,0,22,0.0,0.11578947368421053,4.100531444812781,26,3,23,0.11538461538461539,0.12105263157894737,1.959431
gaussian,gaussian,250,200,120,0.6,20,block_ar1,0.6,98,27,4,23,17,1,16,0.14814814814814814,0.12105263157894737,0.058823529411764705,0.08421052631578947,33,6,27,20,1,19,0.18181818181818182,0.14210526315789473,0.05,0.1,4.105916595105837,32,5,27,0.15625,0.14210526315789473,3.9176741536753505,35,7,28,0.2,0.14736842105263157,4.06441219870081,31,4,27,0.12903225806451613,0.14210526315789473,3.8780725940007863,34,6,28,0.17647058823529413,0.14736842105263157,4.2977862677771865,15,2,13,0.13333333333333333,0.06842105263157895,3.9688724634192556,24,6,18,0.25,0.09473684210526316,4.139119594495691,30,3,27,0.1,0.14210526315789473,3.9176741536753505,35,7,28,0.2,0.14736842105263157,1.917909
gaussian,gaussian,250,200,120,0.6,20,block_ar1,0.6,99,21,0,21,18,0,18,0.0,0.11052631578947368,0.0,0.09473684210526316,24,1,23,19,0,19,0.041666666666666664,0.12105263157894737,0.0,0.1,4.357660058236649,25,0,25,0.0,0.13157894736842105,3.992469450894293,26,1,25,0.038461538461538464,0.13157894736842105,4.312011998505783,25,0,25,0.0,0.13157894736842105,3.9506468944001014,26,1,25,0.038461538461538464,0.13157894736842105,4.170839190887338,19,1,18,0.05263157894736842,0.09473684210526316,3.970327016659035,24,1,23,0.041666666666666664,0.12105263157894737,4.357660058236649,25,0,25,0.0,0.13157894736842105,3.992469450894293,26,1,25,0.038461538461538464,0.13157894736842105,1.848794
gaussian,gaussian,250,200,120,0.6,20,block_ar1,0.6,100,23,2,21,16,0,16,0.08695652173913043,0.11052631578947368,0.0,0.08421052631578947,25,4,21,18,0,18,0.16,0.11052631578947368,0.0,0.09473684210526316,4.135956809758748,23,1,22,0.043478260869565216,0.11578947368421053,3.9955377254733,27,4,23,0.14814814814814814,0.12105263157894737,4.262793224944667,22,0,22,0.0,0.11578947368421053,3.9821443454400276,27,4,23,0.14814814814814814,0.12105263157894737,4.31277148596714,13,1,12,0.07692307692307693,0.06315789473684211,4.095323634733424,15,2,13,0.13333333333333333,0.06842105263157895,4.277130527842871,22,0,22,0.0,0.11578947368421053,3.9955377254733,27,4,23,0.14814814814814814,0.12105263157894737,1.930241
gaussian,gaussian,250,200,120,0.6,20,block_ar1,0.6,101,17,0,17,12,0,12,0.0,0.08947368421052632,0.0,0.06315789473684211,17,0,17,14,0,14,0.0,0.08947368421052632,0.0,0.07368421052631578,4.294056831389783,21,0,21,0.0,0.11052631578947368,4.294056831389783,21,0,21,0.0,0.11052631578947368,4.27612407248127,21,0,21,0.0,0.11052631578947368,4.27612407248127,21,0,21,0.0,0.11052631578947368,4.569658763808447,8,0,8,0.0,0.042105263157894736,4.272018553850281,9,0,9,0.0,0.04736842105263158,4.294056831389783,21,0,21,0.0,0.11052631578947368,4.294056831389783,21,0,21,0.0,0.11052631578947368,1.889626
gaussian,gaussian,250,200,120,0.6,20,block_ar1,0.6,102,25,3,22,22,1,21,0.12,0.11578947368421053,0.045454545454545456,0.11052631578947368,27,5,22,23,2,21,0.18518518518518517,0.11578947368421053,0.08695652173913043,0.11052631578947368,4.100716333783929,30,3,27,0.1,0.14210526315789473,3.8629868867920902,35,6,29,0.17142857142857143,0.15263157894736842,4.085087091570231,28,3,25,0.10714285714285714,0.13157894736842105,3.9648564647571036,31,5,26,0.16129032258064516,0.1368421052631579,4.189803923194517,24,4,20,0.16666666666666666,0.10526315789473684,3.9529098737541593,27,6,21,0.2222222222222222,0.11052631578947368,4.208800326791421,28,3,25,0.10714285714285714,0.13157894736842105,3.907110998276559,34,5,29,0.14705882352941177,0.15263157894736842,1.988373
gaussian,gaussian,250,200,120,0.6,20,block_ar1,0.6,103,23,0,23,21,0,21,0.0,0.12105263157894737,0.0,0.11052631578947368,24,0,24,22,0,22,0.0,0.12631578947368421,0.0,0.11578947368421053,4.212336863430823,25,0,25,0.0,0.13157894736842105,4.080805010356264,26,1,25,0.038461538461538464,0.13157894736842105,4.174157409665515,25,0,25,0.0,0.13157894736842105,4.043817724849559,26,1,25,0.038461538461538464,0.13157894736842105,4.163357861833572,20,0,20,0.0,0.10526315789473684,4.091676173955193,22,1,21,0.045454545454545456,0.11052631578947368,4.212336863430823,25,0,25,0.0,0.13157894736842105,4.080805010356264,26,1,25,0.038461538461538464,0.13157894736842105,1.987917
gaussian,gaussian,250,200,120,0.6,20,block_ar1,0.6,104,21,0,21,18,0,18,0.0,0.11052631578947368,0.0,0.09473684210526316,21,0,21,18,0,18,0.0,0.11052631578947368,0.0,0.09473684210526316,4.155395641319063,24,0,24,0.0,0.12631578947368421,4.155395641319063,24,0,24,0.0,0.12631578947368421,4.138092788624344,24,0,24,0.0,0.12631578947368421,4.138092788624344,24,0,24,0.0,0.12631578947368421,4.403184400171949,14,0,14,0.0,0.07368421052631578,4.2019880712863085,15,0,15,0.0,0.07894736842105263,4.155395641319063,24,0,24,0.0,0.12631578947368421,4.155395641319063,24,0,24,0.0,0.12631578947368421,1.772701
gaussian,gaussian,250,200,120,0.6,20,block_ar1,0.6,105,21,1,20,19,0,19,0.047619047619047616,0.10526315789473684,0.0,0.1,26,4,22,19,0,19,0.15384615384615385,0.11578947368421053,0.0,0.1,4.223323147042679,23,1,22,0.043478260869565216,0.11578947368421053,3.9622192764813895,24,2,22,0.08333333333333333,0.11578947368421053,4.194348533221244,23,1,22,0.043478260869565216,0.11578947368421053,4.194348533221244,23,1,22,0.043478260869565216,0.11578947368421053,4.380938421924418,15,1,14,0.06666666666666667,0.07368421052631578,4.066104920057978,19,3,16,0.15789473684210525,0.08421052631578947,4.223323147042679,23,1,22,0.043478260869565216,0.11578947368421053,4.223323147042679,23,1,22,0.043478260869565216,0.11578947368421053,1.866832
gaussian,gaussian,250,200,120,0.6,20,block_ar1,0.6,106,20,1,19,18,0,18,0.05,0.1,0.0,0.09473684210526316,23,2,21,18,0,18,0.08695652173913043,0.11052631578947368,0.0,0.09473684210526316,4.1865922917378615,23,1,22,0.043478260869565216,0.11578947368421053,3.97526417467966,24,2,22,0.08333333333333333,0.11578947368421053,4.1440527164724905,23,1,22,0.043478260869565216,0.11578947368421053,4.1440527164724905,23,1,22,0.043478260869565216,0.11578947368421053,4.256988206979607,17,0,17,0.0,0.08947368421052632,4.07382731558336,19,1,18,0.05263157894736842,0.09473684210526316,4.529544252356915,22,0,22,0.0,0.11578947368421053,4.1865922917378615,23,1,22,0.043478260869565216,0.11578947368421053,2.034798
gaussian,gaussian,250,200,120,0.6,20,block_ar1,0.6,107,25,3,22,19,0,19,0.12,0.11578947368421053,0.0,0.1,27,5,22,19,0,19,0.18518518518518517,0.11578947368421053,0.0,0.1,4.216714454603298,25,3,22,0.12,0.11578947368421053,3.976824388947092,28,5,23,0.17857142857142858,0.12105263157894737,4.183285765045613,25,3,22,0.12,0.11578947368421053,3.9452974668956338,28,5,23,0.17857142857142858,0.12105263157894737,4.391943868801099,18,1,17,0.05555555555555555,0.08947368421052632,4.033034643283021,20,1,19,0.05,0.1,4.216714454603298,25,3,22,0.12,0.11578947368421053,3.976824388947092,28,5,23,0.17857142857142858,0.12105263157894737,1.975493
gaussian,gaussian,250,200,120,0.6,20,block_ar1,0.6,108,28,3,25,18,0,18,0.10714285714285714,0.13157894736842105,0.0,0.09473684210526316,31,5,26,24,1,23,0.16129032258064516,0.1368421052631579,0.041666666666666664,0.12105263157894737,4.101681099820017,32,4,28,0.125,0.14736842105263157,3.9709049122436473,34,4,30,0.11764705882352941,0.15789473684210525,4.093574922432115,32,4,28,0.125,0.14736842105263157,3.9630571886333077,34,4,30,0.11764705882352941,0.15789473684210525,4.140319106892226,23,5,18,0.21739130434782608,0.09473684210526316,4.047791241250723,25,5,20,0.2,0.10526315789473684,4.101681099820017,32,4,28,0.125,0.14736842105263157,3.9709049122436473,34,4,30,0.11764705882352941,0.15789473684210525,1.807722
gaussian,gaussian,250,200,120,0.6,20,block_ar1,0.6,109,24,2,22,20,0,20,0.08333333333333333,0.11578947368421053,0.0,0.10526315789473684,28,4,24,20,0,20,0.14285714285714285,0.12631578947368421,0.0,0.10526315789473684,4.094237594537766,27,2,25,0.07407407407407407,0.13157894736842105,3.9152060972867337,31,4,27,0.12903225806451613,0.14210526315789473,4.124284350205948,26,1,25,0.038461538461538464,0.13157894736842105,3.9019951485801236,31,4,27,0.12903225806451613,0.14210526315789473,4.377087417356299,17,1,16,0.058823529411764705,0.08421052631578947,4.031640031729895,19,2,17,0.10526315789473684,0.08947368421052632,4.287223852124683,25,1,24,0.04,0.12631578947368421,3.9152060972867337,31,4,27,0.12903225806451613,0.14210526315789473,1.959619
gaussian,gaussian,250,200,120,0.6,20,block_ar1,0.6,110,20,0,20,20,0,20,0.0,0.10526315789473684,0.0,0.10526315789473684,22,1,21,20,0,20,0.045454545454545456,0.11052631578947368,0.0,0.10526315789473684,4.115181883985566,26,0,26,0.0,0.1368421052631579,3.9108357643003044,29,2,27,0.06896551724137931,0.14210526315789473,4.214943545293401,25,0,25,0.0,0.13157894736842105,3.937710429279113,28,1,27,0.03571428571428571,0.14210526315789473,4.2334275240113115,17,0,17,0.0,0.08947368421052632,4.036971027400212,19,0,19,0.0,0.1,4.256839650193754,25,0,25,0.0,0.13157894736842105,3.9768508655481845,28,1,27,0.03571428571428571,0.14210526315789473,1.906508
gaussian,gaussian,250,200,120,0.6,20,block_ar1,0.6,111,24,4,20,17,1,16,0.16666666666666666,0.10526315789473684,0.058823529411764705,0.08421052631578947,25,5,20,17,1,16,0.2,0.10526315789473684,0.058823529411764705,0.08421052631578947,4.15263643388468,27,4,23,0.14814814814814814,0.12105263157894737,3.9961062921123394,28,5,23,0.17857142857142858,0.12105263157894737,4.117387599922631,27,4,23,0.14814814814814814,0.12105263157894737,3.962186133334173,28,5,23,0.17857142857142858,0.12105263157894737,4.243170101654295,17,2,15,0.11764705882352941,0.07894736842105263,4.095904161123093,20,5,15,0.25,0.07894736842105263,4.15263643388468,27,4,23,0.14814814814814814,0.12105263157894737,3.9961062921123394,28,5,23,0.17857142857142858,0.12105263157894737,1.804133
gaussian,gaussian,250,200,120,0.6,20,block_ar1,0.6,112,17,1,16,13,0,13,0.058823529411764705,0.08421052631578947,0.0,0.06842105263157895,18,1,17,14,0,14,0.05555555555555555,0.08947368421052632,0.0,0.07368421052631578,4.165495495225809,22,1,21,0.045454545454545456,0.11052631578947368,4.165495495225809,22,1,21,0.045454545454545456,0.11052631578947368,4.168678375532799,22,1,21,0.045454545454545456,0.11052631578947368,4.168678375532799,22,1,21,0.045454545454545456,0.11052631578947368,4.497126946736558,11,1,10,0.09090909090909091,0.05263157894736842,4.246606325093682,12,1,11,0.08333333333333333,0.05789473684210526,4.339430774244098,21,0,21,0.0,0.11052631578947368,4.165495495225809,22,1,21,0.045454545454545456,0.11052631578947368,2.054454
gaussian,gaussian,250,200,120,0.6,20,block_ar1,0.6,113,23,2,21,18,0,18,0.08695652173913043,0.11052631578947368,0.0,0.09473684210526316,24,3,21,19,0,19,0.125,0.11052631578947368,0.0,0.1,4.123772657616338,26,2,24,0.07692307692307693,0.12631578947368421,3.92637488889264,28,4,24,0.14285714285714285,0.12631578947368421,4.159223918473573,24,2,22,0.08333333333333333,0.11578947368421053,3.9820547325445967,27,3,24,0.1111111111111111,0.12631578947368421,4.223683811549897,15,1,14,0.06666666666666667,0.07368421052631578,3.9874888987565593,21,4,17,0.19047619047619047,0.08947368421052632,4.214482214259635,24,2,22,0.08333333333333333,0.11578947368421053,4.034959207648691,27,3,24,0.1111111111111111,0.12631578947368421,1.860362
gaussian,gaussian,250,200,120,0.6,20,block_ar1,0.6,114,23,1,22,20,0,20,0.043478260869565216,0.11578947368421053,0.0,0.10526315789473684,25,3,22,20,0,20,0.12,0.11578947368421053,0.0,0.10526315789473684,4.206800074724522,23,1,22,0.043478260869565216,0.11578947368421053,4.012506144905184,27,3,24,0.1111111111111111,0.12631578947368421,4.161122998595495,23,1,22,0.043478260869565216,0.11578947368421053,3.968938695681673,27,3,24,0.1111111111111111,0.12631578947368421,4.252324693702937,18,0,18,0.0,0.09473684210526316,4.042451425499847,20,1,19,0.05,0.1,5.352862039077547,22,0,22,0.0,0.11578947368421053,4.012506144905184,27,3,24,0.1111111111111111,0.12631578947368421,1.890215
gaussian,gaussian,250,200,120,0.6,20,block_ar1,0.6,115,27,1,26,21,0,21,0.037037037037037035,0.1368421052631579,0.0,0.11052631578947368,31,3,28,21,0,21,0.0967741935483871,0.14736842105263157,0.0,0.11052631578947368,4.134883309417967,32,1,31,0.03125,0.1631578947368421,3.8525930425298034,37,3,34,0.08108108108108109,0.17894736842105263,4.108913487034677,32,1,31,0.03125,0.1631578947368421,3.895162271358731,35,3,32,0.08571428571428572,0.16842105263157894,4.197817953246797,19,0,19,0.0,0.1,3.9702081344141926,24,4,20,0.16666666666666666,0.10526315789473684,4.134883309417967,32,1,31,0.03125,0.1631578947368421,3.9197811085916068,35,3,32,0.08571428571428572,0.16842105263157894,1.90397
gaussian,gaussian,250,200,120,0.6,20,block_ar1,0.6,116,21,1,20,19,0,19,0.047619047619047616,0.10526315789473684,0.0,0.1,21,1,20,20,0,20,0.047619047619047616,0.10526315789473684,0.0,0.10526315789473684,4.161755695463505,24,2,22,0.08333333333333333,0.11578947368421053,4.161755695463505,24,2,22,0.08333333333333333,0.11578947368421053,4.1277069943074345,24,2,22,0.08333333333333333,0.11578947368421053,4.1277069943074345,24,2,22,0.08333333333333333,0.11578947368421053,4.156822423945865,21,1,20,0.047619047619047616,0.10526315789473684,4.156822423945865,21,1,20,0.047619047619047616,0.10526315789473684,4.248015894820982,23,1,22,0.043478260869565216,0.11578947368421053,4.161755695463505,24,2,22,0.08333333333333333,0.11578947368421053,1.845906
gaussian,gaussian,250,200,120,0.6,20,block_ar1,0.6,117,36,6,30,23,0,23,0.16666666666666666,0.15789473684210525,0.0,0.12105263157894737,40,6,34,25,1,24,0.15,0.17894736842105263,0.04,0.12631578947368421,3.997442629721753,42,6,36,0.14285714285714285,0.18947368421052632,3.997442629721753,42,6,36,0.14285714285714285,0.18947368421052632,3.99635755891364,41,5,36,0.12195121951219512,0.18947368421052632,3.976136125721075,42,6,36,0.14285714285714285,0.18947368421052632,4.1128544481001414,29,3,26,0.10344827586206896,0.1368421052631579,3.969303678914066,30,4,26,0.13333333333333333,0.1368421052631579,4.064987974101405,40,4,36,0.1,0.18947368421052632,3.997442629721753,42,6,36,0.14285714285714285,0.18947368421052632,1.950099
gaussian,gaussian,250,200,120,0.6,20,block_ar1,0.6,118,21,1,20,17,0,17,0.047619047619047616,0.10526315789473684,0.0,0.08947368421052632,22,2,20,18,0,18,0.09090909090909091,0.10526315789473684,0.0,0.09473684210526316,4.209745629994491,22,1,21,0.045454545454545456,0.11052631578947368,3.963361434218366,25,3,22,0.12,0.11578947368421053,4.182540681605383,22,1,21,0.045454545454545456,0.11052631578947368,3.9611776024443217,24,2,22,0.08333333333333333,0.11578947368421053,4.3693929611287485,9,0,9,0.0,0.04736842105263158,4.030663926422072,18,2,16,0.1111111111111111,0.08421052631578947,4.209745629994491,22,1,21,0.045454545454545456,0.11052631578947368,3.986942715192305,24,2,22,0.08333333333333333,0.11578947368421053,1.993996
gaussian,gaussian,250,200,120,0.6,20,block_ar1,0.6,119,20,0,20,19,0,19,0.0,0.10526315789473684,0.0,0.1,21,0,21,19,0,19,0.0,0.11052631578947368,0.0,0.1,4.31990726510459,23,0,23,0.0,0.12105263157894737,4.001751417974441,27,0,27,0.0,0.14210526315789473,4.2986269151798115,23,0,23,0.0,0.12105263157894737,3.9820383396001966,27,0,27,0.0,0.14210526315789473,4.224242591301962,16,0,16,0.0,0.08421052631578947,4.036047628282052,19,0,19,0.0,0.1,4.31990726510459,23,0,23,0.0,0.12105263157894737,4.001751417974441,27,0,27,0.0,0.14210526315789473,1.860108
gaussian,gaussian,250,200,120,0.6,20,block_ar1,0.6,120,28,3,25,23,1,22,0.10714285714285714,0.13157894736842105,0.043478260869565216,0.11578947368421053,29,4,25,23,1,22,0.13793103448275862,0.13157894736842105,0.043478260869565216,0.11578947368421053,4.071076343456777,31,3,28,0.0967741935483871,0.14736842105263157,3.993302128382598,33,5,28,0.15151515151515152,0.14736842105263157,4.061564207964492,31,3,28,0.0967741935483871,0.14736842105263157,3.9839717135973634,33,5,28,0.15151515151515152,0.14736842105263157,4.202480732291024,23,2,21,0.08695652173913043,0.11052631578947368,3.966458873195284,27,4,23,0.14814814814814814,0.12105263157894737,4.157222135773215,29,3,26,0.10344827586206896,0.1368421052631579,3.993302128382598,33,5,28,0.15151515151515152,0.14736842105263157,1.952694
gaussian,gaussian,250,200,120,0.6,20,block_ar1,0.6,121,22,1,21,20,0,20,0.045454545454545456,0.11052631578947368,0.0,0.10526315789473684,31,5,26,21,0,21,0.16129032258064516,0.1368421052631579,0.0,0.11052631578947368,4.08238004748327,31,2,29,0.06451612903225806,0.15263157894736842,3.906668921793722,33,4,29,0.12121212121212122,0.15263157894736842,4.123331039405223,30,1,29,0.03333333333333333,0.15263157894736842,3.9452005630652964,32,3,29,0.09375,0.15263157894736842,4.168756442405666,21,2,19,0.09523809523809523,0.1,3.9524180445067487,25,5,20,0.2,0.10526315789473684,4.1563485152747015,30,1,29,0.03333333333333333,0.15263157894736842,3.906668921793722,33,4,29,0.12121212121212122,0.15263157894736842,1.841719
gaussian,gaussian,250,200,120,0.6,20,block_ar1,0.6,122,28,0,28,24,0,24,0.0,0.14736842105263157,0.0,0.12631578947368421,28,0,28,24,0,24,0.0,0.14736842105263157,0.0,0.12631578947368421,4.11676550739418,30,0,30,0.0,0.15789473684210525,3.921921219028044,32,0,32,0.0,0.16842105263157894,4.088735112301685,30,0,30,0.0,0.15789473684210525,3.895217487398555,32,0,32,0.0,0.16842105263157894,4.140020494711858,24,1,23,0.041666666666666664,0.12105263157894737,3.9450685038871085,25,1,24,0.04,0.12631578947368421,4.11676550739418,30,0,30,0.0,0.15789473684210525,3.921921219028044,32,0,32,0.0,0.16842105263157894,1.778539
gaussian,gaussian,250,200,120,0.6,20,block_ar1,0.6,123,27,3,24,21,0,21,0.1111111111111111,0.12631578947368421,0.0,0.11052631578947368,30,6,24,21,0,21,0.2,0.12631578947368421,0.0,0.11052631578947368,4.263936148863038,27,1,26,0.037037037037037035,0.1368421052631579,3.909110903015463,32,6,26,0.1875,0.1368421052631579,4.237691880328222,27,1,26,0.037037037037037035,0.1368421052631579,3.8850505623608607,32,6,26,0.1875,0.1368421052631579,4.154901870475586,23,3,20,0.13043478260869565,0.10526315789473684,4.154901870475586,23,3,20,0.13043478260869565,0.10526315789473684,4.263936148863038,27,1,26,0.037037037037037035,0.1368421052631579,3.909110903015463,32,6,26,0.1875,0.1368421052631579,2.039517
gaussian,gaussian,250,200,120,0.6,20,block_ar1,0.6,124,23,2,21,21,1,20,0.08695652173913043,0.11052631578947368,0.047619047619047616,0.10526315789473684,24,3,21,23,2,21,0.125,0.11052631578947368,0.08695652173913043,0.11052631578947368,4.294066180783707,25,2,23,0.08,0.12105263157894737,3.921694176393961,29,3,26,0.10344827586206896,0.1368421052631579,4.2473708046974,25,2,23,0.08,0.12105263157894737,3.9977324338979496,27,2,25,0.07407407407407407,0.13157894736842105,4.24568286869731,23,2,21,0.08695652173913043,0.11052631578947368,4.011269926851302,25,4,21,0.16,0.11052631578947368,4.294066180783707,25,2,23,0.08,0.12105263157894737,4.041683298580364,27,2,25,0.07407407407407407,0.13157894736842105,1.863861
gaussian,gaussian,250,200,120,0.6,20,block_ar1,0.6,125,18,0,18,17,0,17,0.0,0.09473684210526316,0.0,0.08947368421052632,21,2,19,17,0,17,0.09523809523809523,0.1,0.0,0.08947368421052632,4.123346953991583,24,1,23,0.041666666666666664,0.12105263157894737,3.94336670906348,26,3,23,0.11538461538461539,0.12105263157894737,4.351454821544499,23,0,23,0.0,0.12105263157894737,3.9772075146374997,25,2,23,0.08,0.12105263157894737,4.787414633897465,7,0,7,0.0,0.03684210526315789,4.179081683902935,11,0,11,0.0,0.05789473684210526,4.38737337022277,23,0,23,0.0,0.12105263157894737,4.010036884946206,25,2,23,0.08,0.12105263157894737,1.896236
gaussian,gaussian,250,200,120,0.6,20,block_ar1,0.6,126,23,0,23,18,0,18,0.0,0.12105263157894737,0.0,0.09473684210526316,27,2,25,20,0,20,0.07407407407407407,0.13157894736842105,0.0,0.10526315789473684,4.182195276474711,26,0,26,0.0,0.1368421052631579,3.9371066713326184,30,2,28,0.06666666666666667,0.14736842105263157,4.163035758676622,25,0,25,0.0,0.13157894736842105,3.919069956077669,29,2,27,0.06896551724137931,0.14210526315789473,4.265606878701958,17,0,17,0.0,0.08947368421052632,4.100605097894984,19,1,18,0.05263157894736842,0.09473684210526316,4.182195276474711,26,0,26,0.0,0.1368421052631579,3.9497857672210777,29,1,28,0.034482758620689655,0.14736842105263157,1.978196
gaussian,gaussian,250,200,120,0.6,20,block_ar1,0.6,127,21,0,21,18,0,18,0.0,0.11052631578947368,0.0,0.09473684210526316,24,2,22,18,0,18,0.08333333333333333,0.11578947368421053,0.0,0.09473684210526316,4.4107843293285445,25,0,25,0.0,0.13157894736842105,3.958572700332742,29,2,27,0.06896551724137931,0.14210526315789473,4.375461181691015,25,0,25,0.0,0.13157894736842105,3.926871026098074,29,2,27,0.06896551724137931,0.14210526315789473,4.381660144861771,17,0,17,0.0,0.08947368421052632,4.079097605447137,18,0,18,0.0,0.09473684210526316,4.4107843293285445,25,0,25,0.0,0.13157894736842105,3.958572700332742,29,2,27,0.06896551724137931,0.14210526315789473,2.050795
gaussian,gaussian,250,200,120,0.6,20,block_ar1,0.6,128,25,2,23,21,1,20,0.08,0.12105263157894737,0.047619047619047616,0.10526315789473684,33,6,27,23,1,22,0.18181818181818182,0.14210526315789473,0.043478260869565216,0.11578947368421053,4.139283237552344,29,4,25,0.13793103448275862,0.13157894736842105,3.8855831356484605,35,7,28,0.2,0.14736842105263157,4.110857425569001,28,4,24,0.14285714285714285,0.12631578947368421,3.8770240382950556,34,6,28,0.17647058823529413,0.14736842105263157,4.322078489451468,16,1,15,0.0625,0.07894736842105263,3.9661188721160885,26,5,21,0.19230769230769232,0.11052631578947368,4.139283237552344,29,4,25,0.13793103448275862,0.13157894736842105,3.8855831356484605,35,7,28,0.2,0.14736842105263157,1.867352
gaussian,gaussian,250,200,120,0.6,20,block_ar1,0.6,129,24,1,23,20,0,20,0.041666666666666664,0.12105263157894737,0.0,0.10526315789473684,26,1,25,21,0,21,0.038461538461538464,0.13157894736842105,0.0,0.11052631578947368,4.154178778287531,28,1,27,0.03571428571428571,0.14210526315789473,3.9006774837440554,31,1,30,0.03225806451612903,0.15789473684210525,4.124579770501967,27,1,26,0.037037037037037035,0.1368421052631579,4.124579770501967,27,1,26,0.037037037037037035,0.1368421052631579,4.456054428577272,15,0,15,0.0,0.07894736842105263,4.067409654424379,18,2,16,0.1111111111111111,0.08421052631578947,4.222933829195996,27,1,26,0.037037037037037035,0.1368421052631579,4.154178778287531,28,1,27,0.03571428571428571,0.14210526315789473,1.99971
gaussian,gaussian,250,200,120,0.6,20,block_ar1,0.6,130,21,0,21,18,0,18,0.0,0.11052631578947368,0.0,0.09473684210526316,27,2,25,18,0,18,0.07407407407407407,0.13157894736842105,0.0,0.09473684210526316,4.6062656994715905,26,1,25,0.038461538461538464,0.13157894736842105,3.9107972593210762,29,3,26,0.10344827586206896,0.1368421052631579,4.549337137236637,26,1,25,0.038461538461538464,0.13157894736842105,4.018175853931916,28,2,26,0.07142857142857142,0.1368421052631579,4.206285546616562,19,0,19,0.0,0.1,4.071338947962278,20,0,20,0.0,0.10526315789473684,4.6062656994715905,26,1,25,0.038461538461538464,0.13157894736842105,4.068457679013471,28,2,26,0.07142857142857142,0.1368421052631579,1.899382
gaussian,gaussian,250,200,120,0.6,20,block_ar1,0.6,131,22,1,21,21,0,21,0.045454545454545456,0.11052631578947368,0.0,0.11052631578947368,25,2,23,21,0,21,0.08,0.12105263157894737,0.0,0.11052631578947368,4.1342056445733,28,1,27,0.03571428571428571,0.14210526315789473,3.9000637923880634,32,3,29,0.09375,0.15263157894736842,4.123395565575909,28,1,27,0.03571428571428571,0.14210526315789473,3.8898659451315,32,3,29,0.09375,0.15263157894736842,4.269274863536927,13,0,13,0.0,0.06842105263157895,4.04361156458245,20,1,19,0.05,0.1,4.1342056445733,28,1,27,0.03571428571428571,0.14210526315789473,3.9000637923880634,32,3,29,0.09375,0.15263157894736842,1.880477
gaussian,gaussian,250,200,120,0.6,20,block_ar1,0.6,132,23,1,22,17,0,17,0.043478260869565216,0.11578947368421053,0.0,0.08947368421052632,29,5,24,17,0,17,0.1724137931034483,0.12631578947368421,0.0,0.08947368421052632,4.2238805363209355,23,1,22,0.043478260869565216,0.11578947368421053,3.9191970797876055,28,5,23,0.17857142857142858,0.12105263157894737,4.207190449547779,23,1,22,0.043478260869565216,0.11578947368421053,3.993676286236236,25,3,22,0.12,0.11578947368421053,4.231465547793772,19,2,17,0.10526315789473684,0.08947368421052632,3.9963800047458595,22,3,19,0.13636363636363635,0.1,4.2238805363209355,23,1,22,0.043478260869565216,0.11578947368421053,4.009519354088879,25,3,22,0.12,0.11578947368421053,1.922557
gaussian,gaussian,250,200,120,0.6,20,block_ar1,0.6,133,26,2,24,19,0,19,0.07692307692307693,0.12631578947368421,0.0,0.1,31,4,27,22,0,22,0.12903225806451613,0.14210526315789473,0.0,0.11578947368421053,4.121909204311156,29,2,27,0.06896551724137931,0.14210526315789473,3.95192564811152,31,4,27,0.12903225806451613,0.14210526315789473,4.083835958014173,29,2,27,0.06896551724137931,0.14210526315789473,3.9154225057350356,31,4,27,0.12903225806451613,0.14210526315789473,4.254559984072463,16,0,16,0.0,0.08421052631578947,4.0644943382089,20,3,17,0.15,0.08947368421052632,4.171221474761655,28,1,27,0.03571428571428571,0.14210526315789473,3.95192564811152,31,4,27,0.12903225806451613,0.14210526315789473,1.784569
gaussian,gaussian,250,200,120,0.6,20,block_ar1,0.6,134,25,0,25,19,0,19,0.0,0.13157894736842105,0.0,0.1,27,0,27,21,0,21,0.0,0.14210526315789473,0.0,0.11052631578947368,4.248378595407729,29,0,29,0.0,0.15263157894736842,3.9825065187764515,30,0,30,0.0,0.15789473684210525,4.207676705778735,29,0,29,0.0,0.15263157894736842,3.9443518352580837,30,0,30,0.0,0.15789473684210525,4.173276061547843,21,1,20,0.047619047619047616,0.10526315789473684,3.9418559808111295,27,3,24,0.1111111111111111,0.12631578947368421,4.248378595407729,29,0,29,0.0,0.15263157894736842,3.9825065187764515,30,0,30,0.0,0.15789473684210525,1.995812
gaussian,gaussian,250,200,120,0.6,20,block_ar1,0.6,135,25,2,23,18,0,18,0.08,0.12105263157894737,0.0,0.09473684210526316,28,3,25,20,0,20,0.10714285714285714,0.13157894736842105,0.0,0.10526315789473684,4.082265156276207,31,2,29,0.06451612903225806,0.15263157894736842,3.8712457258332287,34,3,31,0.08823529411764706,0.1631578947368421,4.0567133039510725,31,2,29,0.06451612903225806,0.15263157894736842,3.888467274933107,33,3,30,0.09090909090909091,0.15789473684210525,4.317331250738581,16,1,15,0.0625,0.07894736842105263,4.058206154058168,21,2,19,0.09523809523809523,0.1,4.114870067309835,30,1,29,0.03333333333333333,0.15263157894736842,3.9129594029529593,33,3,30,0.09090909090909091,0.15789473684210525,1.985162
gaussian,gaussian,250,200,120,0.6,20,block_ar1,0.6,136,27,4,23,20,1,19,0.14814814814814814,0.12105263157894737,0.05,0.1,29,4,25,22,1,21,0.13793103448275862,0.13157894736842105,0.045454545454545456,0.11052631578947368,4.083304519848038,31,4,27,0.12903225806451613,0.14210526315789473,4.083304519848038,31,4,27,0.12903225806451613,0.14210526315789473,4.059040935930036,31,4,27,0.12903225806451613,0.14210526315789473,4.059040935930036,31,4,27,0.12903225806451613,0.14210526315789473,4.277925493221633,19,3,16,0.15789473684210525,0.08421052631578947,3.9437201834727604,26,6,20,0.23076923076923078,0.10526315789473684,4.124965491413913,30,3,27,0.1,0.14210526315789473,4.083304519848038,31,4,27,0.12903225806451613,0.14210526315789473,1.83058
gaussian,gaussian,250,200,120,0.6,20,block_ar1,0.6,137,24,1,23,22,1,21,0.041666666666666664,0.12105263157894737,0.045454545454545456,0.11052631578947368,28,3,25,22,1,21,0.10714285714285714,0.13157894736842105,0.045454545454545456,0.11052631578947368,4.070162643541263,30,2,28,0.06666666666666667,0.14736842105263157,3.9470524622881706,32,3,29,0.09375,0.15263157894736842,4.152998229579155,28,1,27,0.03571428571428571,0.14210526315789473,3.9065417020509603,32,3,29,0.09375,0.15263157894736842,4.199874383784021,22,1,21,0.045454545454545456,0.11052631578947368,4.041807635580628,24,2,22,0.08333333333333333,0.11578947368421053,4.196064739135603,28,1,27,0.03571428571428571,0.14210526315789473,3.9470524622881706,32,3,29,0.09375,0.15263157894736842,1.828006
gaussian,gaussian,250,200,120,0.6,20,block_ar1,0.6,138,23,1,22,18,0,18,0.043478260869565216,0.11578947368421053,0.0,0.09473684210526316,30,7,23,19,0,19,0.23333333333333334,0.12105263157894737,0.0,0.1,4.085164509919213,29,6,23,0.20689655172413793,0.12105263157894737,3.9112042148139494,34,10,24,0.29411764705882354,0.12631578947368421,4.117411174418506,26,3,23,0.11538461538461539,0.12105263157894737,3.899779168337673,31,8,23,0.25806451612903225,0.12105263157894737,4.228068671541343,18,2,16,0.1111111111111111,0.08421052631578947,3.9665004513270663,24,4,20,0.16666666666666666,0.10526315789473684,4.285015748466762,25,2,23,0.08,0.12105263157894737,3.9112042148139494,34,10,24,0.29411764705882354,0.12631578947368421,2.000778
gaussian,gaussian,250,200,120,0.6,20,block_ar1,0.6,139,19,1,18,15,0,15,0.05263157894736842,0.09473684210526316,0.0,0.07894736842105263,27,6,21,18,0,18,0.2222222222222222,0.11052631578947368,0.0,0.09473684210526316,4.311867434996582,22,1,21,0.045454545454545456,0.11052631578947368,3.939057681415867,27,6,21,0.2222222222222222,0.11052631578947368,4.283731666422427,22,1,21,0.045454545454545456,0.11052631578947368,3.938468330456603,26,5,21,0.19230769230769232,0.11052631578947368,4.4001594278484095,12,0,12,0.0,0.06315789473684211,4.0258426160592125,18,4,14,0.2222222222222222,0.07368421052631578,4.311867434996582,22,1,21,0.045454545454545456,0.11052631578947368,3.964336391789891,26,5,21,0.19230769230769232,0.11052631578947368,1.989783
gaussian,gaussian,250,200,120,0.6,20,block_ar1,0.6,140,22,1,21,18,0,18,0.045454545454545456,0.11052631578947368,0.0,0.09473684210526316,25,3,22,19,0,19,0.12,0.11578947368421053,0.0,0.1,4.096923962061249,27,2,25,0.07407407407407407,0.13157894736842105,3.9735970414775164,28,3,25,0.10714285714285714,0.13157894736842105,4.221382571170184,26,2,24,0.07692307692307693,0.12631578947368421,3.9608219268914073,28,3,25,0.10714285714285714,0.13157894736842105,4.2978728866732085,16,0,16,0.0,0.08421052631578947,3.993995324926053,22,3,19,0.13636363636363635,0.1,4.234998090134155,26,2,24,0.07692307692307693,0.12631578947368421,3.9735970414775164,28,3,25,0.10714285714285714,0.13157894736842105,1.811356
gaussian,gaussian,250,200,120,0.6,20,block_ar1,0.6,141,22,0,22,19,0,19,0.0,0.11578947368421053,0.0,0.1,30,5,25,21,0,21,0.16666666666666666,0.13157894736842105,0.0,0.11052631578947368,4.284248650741717,27,1,26,0.037037037037037035,0.1368421052631579,3.881251111678451,33,6,27,0.18181818181818182,0.14210526315789473,4.259244978939397,27,1,26,0.037037037037037035,0.1368421052631579,3.92621033160848,30,3,27,0.1,0.14210526315789473,4.28208789665966,18,0,18,0.0,0.09473684210526316,3.9702052218401613,23,3,20,0.13043478260869565,0.10526315789473684,4.284248650741717,27,1,26,0.037037037037037035,0.1368421052631579,3.899004303268577,32,5,27,0.15625,0.14210526315789473,1.987506
gaussian,gaussian,250,200,120,0.6,20,block_ar1,0.6,142,26,2,24,19,0,19,0.07692307692307693,0.12631578947368421,0.0,0.1,30,5,25,19,0,19,0.16666666666666666,0.13157894736842105,0.0,0.1,4.203976873499457,28,2,26,0.07142857142857142,0.1368421052631579,3.8837338349846697,33,5,28,0.15151515151515152,0.14736842105263157,4.165511996716884,28,2,26,0.07142857142857142,0.1368421052631579,3.8979240529717214,32,5,27,0.15625,0.14210526315789473,4.299563717237223,17,2,15,0.11764705882352941,0.07894736842105263,4.180076150899252,18,2,16,0.1111111111111111,0.08421052631578947,4.203976873499457,28,2,26,0.07142857142857142,0.1368421052631579,3.933917988056666,32,5,27,0.15625,0.14210526315789473,1.870422
gaussian,gaussian,250,200,120,0.6,20,block_ar1,0.6,143,26,5,21,20,1,19,0.19230769230769232,0.11052631578947368,0.05,0.1,29,6,23,21,2,19,0.20689655172413793,0.12105263157894737,0.09523809523809523,0.1,4.104212153109678,29,6,23,0.20689655172413793,0.12105263157894737,3.9205373587942174,31,7,24,0.22580645161290322,0.12631578947368421,4.0974221622880265,29,6,23,0.20689655172413793,0.12105263157894737,3.914051238757273,31,7,24,0.22580645161290322,0.12631578947368421,4.214476139867703,18,2,16,0.1111111111111111,0.08421052631578947,3.994800594236374,23,6,17,0.2608695652173913,0.08947368421052632,4.221710404269356,26,3,23,0.11538461538461539,0.12105263157894737,3.9205373587942174,31,7,24,0.22580645161290322,0.12631578947368421,1.858081
gaussian,gaussian,250,200,120,0.6,20,block_ar1,0.6,144,22,1,21,19,0,19,0.045454545454545456,0.11052631578947368,0.0,0.1,25,2,23,19,0,19,0.08,0.12105263157894737,0.0,0.1,4.317467662946936,23,1,22,0.043478260869565216,0.11578947368421053,4.013951279259208,25,2,23,0.08,0.12105263157894737,4.170574357328727,23,1,22,0.043478260869565216,0.11578947368421053,3.9662571545712986,25,2,23,0.08,0.12105263157894737,4.296099572656319,17,0,17,0.0,0.08947368421052632,4.047069383001331,18,0,18,0.0,0.09473684210526316,4.317467662946936,23,1,22,0.043478260869565216,0.11578947368421053,4.013951279259208,25,2,23,0.08,0.12105263157894737,1.846765
gaussian,gaussian,250,200,120,0.6,20,block_ar1,0.6,145,26,4,22,18,0,18,0.15384615384615385,0.11578947368421053,0.0,0.09473684210526316,29,5,24,18,0,18,0.1724137931034483,0.12631578947368421,0.0,0.09473684210526316,4.109541900952696,30,4,26,0.13333333333333333,0.1368421052631579,3.9412046609639613,32,5,27,0.15625,0.14210526315789473,4.094386575115203,30,4,26,0.13333333333333333,0.1368421052631579,3.92667013564003,32,5,27,0.15625,0.14210526315789473,4.308808128716955,15,1,14,0.06666666666666667,0.07368421052631578,4.009730347726199,21,3,18,0.14285714285714285,0.09473684210526316,4.109541900952696,30,4,26,0.13333333333333333,0.1368421052631579,3.9412046609639613,32,5,27,0.15625,0.14210526315789473,2.564863
gaussian,gaussian,250,200,120,0.6,20,block_ar1,0.6,146,24,1,23,17,0,17,0.041666666666666664,0.12105263157894737,0.0,0.08947368421052632,28,4,24,19,0,19,0.14285714285714285,0.12631578947368421,0.0,0.1,4.085062872234713,30,2,28,0.06666666666666667,0.14736842105263157,3.8475888737830783,38,9,29,0.23684210526315788,0.15263157894736842,4.331779994011137,29,2,27,0.06896551724137931,0.14210526315789473,3.886043175190079,34,6,28,0.17647058823529413,0.14736842105263157,4.273550704464949,17,2,15,0.11764705882352941,0.07894736842105263,4.025923703456142,21,3,18,0.14285714285714285,0.09473684210526316,4.085062872234713,30,2,28,0.06666666666666667,0.14736842105263157,3.8475888737830783,38,9,29,0.23684210526315788,0.15263157894736842,2.353429
gaussian,gaussian,250,200,120,0.6,20,block_ar1,0.6,147,30,0,30,22,0,22,0.0,0.15789473684210525,0.0,0.11578947368421053,33,0,33,25,0,25,0.0,0.1736842105263158,0.0,0.13157894736842105,4.302401458505065,33,0,33,0.0,0.1736842105263158,3.9640672517969033,34,0,34,0.0,0.17894736842105263,4.280176736726377,33,0,33,0.0,0.1736842105263158,3.943590247818338,34,0,34,0.0,0.17894736842105263,4.202968477956584,23,0,23,0.0,0.12105263157894737,3.9830109457099954,26,0,26,0.0,0.1368421052631579,4.302401458505065,33,0,33,0.0,0.1736842105263158,3.9640672517969033,34,0,34,0.0,0.17894736842105263,1.861052
gaussian,gaussian,250,200,120,0.6,20,block_ar1,0.6,148,25,2,23,18,0,18,0.08,0.12105263157894737,0.0,0.09473684210526316,26,3,23,21,1,20,0.11538461538461539,0.12105263157894737,0.047619047619047616,0.10526315789473684,4.355883026517284,27,2,25,0.07407407407407407,0.13157894736842105,3.9113283051028187,30,4,26,0.13333333333333333,0.1368421052631579,4.324228037397349,27,2,25,0.07407407407407407,0.13157894736842105,3.9499918619154983,28,2,26,0.07142857142857142,0.1368421052631579,4.374958495337545,12,1,11,0.08333333333333333,0.05789473684210526,4.017631182925702,19,4,15,0.21052631578947367,0.07894736842105263,4.355883026517284,27,2,25,0.07407407407407407,0.13157894736842105,3.978907300308527,28,2,26,0.07142857142857142,0.1368421052631579,1.849774
gaussian,gaussian,250,200,120,0.6,20,block_ar1,0.6,149,19,0,19,17,0,17,0.0,0.1,0.0,0.08947368421052632,21,0,21,17,0,17,0.0,0.11052631578947368,0.0,0.08947368421052632,4.213478798893694,24,0,24,0.0,0.12631578947368421,3.9510975613612844,25,0,25,0.0,0.13157894736842105,4.169766230289939,24,0,24,0.0,0.12631578947368421,4.169766230289939,24,0,24,0.0,0.12631578947368421,4.258203520773949,17,0,17,0.0,0.08947368421052632,4.258203520773949,17,0,17,0.0,0.08947368421052632,4.426030347467075,23,0,23,0.0,0.12105263157894737,4.213478798893694,24,0,24,0.0,0.12631578947368421,1.861938
gaussian,gaussian,250,200,120,0.6,20,block_ar1,0.6,150,23,2,21,18,0,18,0.08695652173913043,0.11052631578947368,0.0,0.09473684210526316,25,4,21,18,0,18,0.16,0.11052631578947368,0.0,0.09473684210526316,4.178512809394799,26,4,22,0.15384615384615385,0.11578947368421053,4.087142990471844,27,5,22,0.18518518518518517,0.11578947368421053,4.160025321558524,26,4,22,0.15384615384615385,0.11578947368421053,4.069059760919076,27,5,22,0.18518518518518517,0.11578947368421053,4.242829147496617,18,1,17,0.05555555555555555,0.08947368421052632,3.9736301150897733,23,4,19,0.17391304347826086,0.1,4.178512809394799,26,4,22,0.15384615384615385,0.11578947368421053,4.087142990471844,27,5,22,0.18518518518518517,0.11578947368421053,2.008765
gaussian,gaussian,250,200,120,0.6,20,block_ar1,0.6,151,22,0,22,19,0,19,0.0,0.11578947368421053,0.0,0.1,28,5,23,19,0,19,0.17857142857142858,0.12105263157894737,0.0,0.1,4.47650513863724,25,2,23,0.08,0.12105263157894737,4.037169951554838,29,5,24,0.1724137931034483,0.12631578947368421,4.461278052648025,25,2,23,0.08,0.12105263157894737,4.0234372891091255,29,5,24,0.1724137931034483,0.12631578947368421,4.2075061570285195,19,1,18,0.05263157894736842,0.09473684210526316,4.2075061570285195,19,1,18,0.05263157894736842,0.09473684210526316,4.47650513863724,25,2,23,0.08,0.12105263157894737,4.037169951554838,29,5,24,0.1724137931034483,0.12631578947368421,1.919648
gaussian,gaussian,250,200,120,0.6,20,block_ar1,0.6,152,24,2,22,21,0,21,0.08333333333333333,0.11578947368421053,0.0,0.11052631578947368,28,6,22,22,0,22,0.21428571428571427,0.11578947368421053,0.0,0.11578947368421053,4.175260319021443,24,2,22,0.08333333333333333,0.11578947368421053,3.94683689954579,26,4,22,0.15384615384615385,0.11578947368421053,4.165579679400556,24,2,22,0.08333333333333333,0.11578947368421053,3.9376858759574285,26,4,22,0.15384615384615385,0.11578947368421053,4.201736746360306,19,1,18,0.05263157894736842,0.09473684210526316,3.9698053845340615,23,3,20,0.13043478260869565,0.10526315789473684,4.2570590594395545,23,1,22,0.043478260869565216,0.11578947368421053,4.034733907707272,25,3,22,0.12,0.11578947368421053,1.866308
gaussian,gaussian,250,200,120,0.6,20,block_ar1,0.6,153,21,1,20,16,0,16,0.047619047619047616,0.10526315789473684,0.0,0.08421052631578947,24,2,22,17,0,17,0.08333333333333333,0.11578947368421053,0.0,0.08947368421052632,4.436747872805904,24,1,23,0.041666666666666664,0.12105263157894737,3.927453738195638,28,4,24,0.14285714285714285,0.12631578947368421,4.342462554632498,24,1,23,0.041666666666666664,0.12105263157894737,4.043347110312854,26,2,24,0.07692307692307693,0.12631578947368421,4.308180474256031,18,0,18,0.0,0.09473684210526316,4.135391759460506,19,1,18,0.05263157894736842,0.09473684210526316,4.436747872805904,24,1,23,0.041666666666666664,0.12105263157894737,4.087897166777758,26,2,24,0.07692307692307693,0.12631578947368421,1.798641
gaussian,gaussian,250,200,120,0.6,20,block_ar1,0.6,154,19,0,19,19,0,19,0.0,0.1,0.0,0.1,21,0,21,19,0,19,0.0,0.11052631578947368,0.0,0.1,4.283866346727133,26,0,26,0.0,0.1368421052631579,3.9436970750776026,27,1,26,0.037037037037037035,0.1368421052631579,4.262549876215021,26,0,26,0.0,0.1368421052631579,4.262549876215021,26,0,26,0.0,0.1368421052631579,4.2407597721765224,19,1,18,0.05263157894736842,0.09473684210526316,4.2407597721765224,19,1,18,0.05263157894736842,0.09473684210526316,4.283866346727133,26,0,26,0.0,0.1368421052631579,4.283866346727133,26,0,26,0.0,0.1368421052631579,1.911597
gaussian,gaussian,250,200,120,0.6,20,block_ar1,0.6,155,25,3,22,18,0,18,0.12,0.11578947368421053,0.0,0.09473684210526316,27,5,22,18,0,18,0.18518518518518517,0.11578947368421053,0.0,0.09473684210526316,4.13962720819785,25,2,23,0.08,0.12105263157894737,3.9083509910165737,31,7,24,0.22580645161290322,0.12631578947368421,4.331609792046473,24,1,23,0.041666666666666664,0.12105263157894737,3.924126944613253,30,6,24,0.2,0.12631578947368421,4.268765966640707,18,2,16,0.1111111111111111,0.08421052631578947,4.035655850902583,21,3,18,0.14285714285714285,0.09473684210526316,4.37212938168061,24,1,23,0.041666666666666664,0.12105263157894737,3.9608347786753018,30,6,24,0.2,0.12631578947368421,2.177473
gaussian,gaussian,250,200,120,0.6,20,block_ar1,0.6,156,23,1,22,18,0,18,0.043478260869565216,0.11578947368421053,0.0,0.09473684210526316,24,1,23,21,0,21,0.041666666666666664,0.12105263157894737,0.0,0.11052631578947368,4.159596475900144,26,2,24,0.07692307692307693,0.12631578947368421,4.015842118196488,27,2,25,0.07407407407407407,0.13157894736842105,4.130441388441382,26,2,24,0.07692307692307693,0.12631578947368421,3.9876946214729605,27,2,25,0.07407407407407407,0.13157894736842105,4.1833387337392125,18,1,17,0.05555555555555555,0.08947368421052632,4.035765930641019,20,1,19,0.05,0.1,4.159596475900144,26,2,24,0.07692307692307693,0.12631578947368421,4.015842118196488,27,2,25,0.07407407407407407,0.13157894736842105,1.818105
gaussian,gaussian,250,200,120,0.6,20,block_ar1,0.6,157,25,2,23,22,1,21,0.08,0.12105263157894737,0.045454545454545456,0.11052631578947368,27,3,24,22,1,21,0.1111111111111111,0.12631578947368421,0.045454545454545456,0.11052631578947368,4.153855171627153,29,2,27,0.06896551724137931,0.14210526315789473,3.9426790672631986,31,3,28,0.0967741935483871,0.14736842105263157,4.119875138376156,29,2,27,0.06896551724137931,0.14210526315789473,3.910426530699404,31,3,28,0.0967741935483871,0.14736842105263157,4.15545362888486,21,2,19,0.09523809523809523,0.1,3.9259362662557273,28,7,21,0.25,0.11052631578947368,4.153855171627153,29,2,27,0.06896551724137931,0.14210526315789473,3.9426790672631986,31,3,28,0.0967741935483871,0.14736842105263157,1.854425
gaussian,gaussian,250,200,120,0.6,20,block_ar1,0.6,158,20,1,19,15,0,15,0.05,0.1,0.0,0.07894736842105263,24,3,21,15,0,15,0.125,0.11052631578947368,0.0,0.07894736842105263,4.274776777921647,25,2,23,0.08,0.12105263157894737,3.980840210059433,26,3,23,0.11538461538461539,0.12105263157894737,4.245807708921513,24,2,22,0.08333333333333333,0.11578947368421053,3.953863074008883,26,3,23,0.11538461538461539,0.12105263157894737,4.349942076808478,11,0,11,0.0,0.05789473684210526,4.071415741675265,16,1,15,0.0625,0.07894736842105263,4.274776777921647,25,2,23,0.08,0.12105263157894737,3.980840210059433,26,3,23,0.11538461538461539,0.12105263157894737,2.022655
gaussian,gaussian,250,200,120,0.6,20,block_ar1,0.6,159,23,3,20,18,0,18,0.13043478260869565,0.10526315789473684,0.0,0.09473684210526316,27,6,21,19,0,19,0.2222222222222222,0.11052631578947368,0.0,0.1,4.143057769903268,23,3,20,0.13043478260869565,0.10526315789473684,3.9309885097023702,27,6,21,0.2222222222222222,0.11052631578947368,4.176325126871038,22,2,20,0.09090909090909091,0.10526315789473684,3.94851717112023,26,6,20,0.23076923076923078,0.10526315789473684,4.158001501566223,20,4,16,0.2,0.08421052631578947,4.089403542644626,22,4,18,0.18181818181818182,0.09473684210526316,4.3726254784854035,21,1,20,0.047619047619047616,0.10526315789473684,4.0055082322580216,25,5,20,0.2,0.10526315789473684,1.864178
gaussian,gaussian,250,200,120,0.6,20,block_ar1,0.6,160,19,0,19,18,0,18,0.0,0.1,0.0,0.09473684210526316,20,0,20,18,0,18,0.0,0.10526315789473684,0.0,0.09473684210526316,4.211693004460072,25,0,25,0.0,0.13157894736842105,4.211693004460072,25,0,25,0.0,0.13157894736842105,4.178268505614703,24,0,24,0.0,0.12631578947368421,4.178268505614703,24,0,24,0.0,0.12631578947368421,4.237853149179092,17,0,17,0.0,0.08947368421052632,4.237853149179092,17,0,17,0.0,0.08947368421052632,4.211693004460072,25,0,25,0.0,0.13157894736842105,4.211693004460072,25,0,25,0.0,0.13157894736842105,1.978803
gaussian,gaussian,250,200,120,0.6,20,block_ar1,0.6,161,25,2,23,17,0,17,0.08,0.12105263157894737,0.0,0.08947368421052632,28,4,24,18,0,18,0.14285714285714285,0.12631578947368421,0.0,0.09473684210526316,4.127464326288961,26,2,24,0.07692307692307693,0.12631578947368421,3.9307017303310956,29,4,25,0.13793103448275862,0.13157894736842105,4.12441481314732,25,1,24,0.04,0.12631578947368421,4.049010916368312,27,2,25,0.07407407407407407,0.13157894736842105,4.2696558695706095,17,0,17,0.0,0.08947368421052632,4.022219772518547,19,0,19,0.0,0.1,4.785649457402186,24,0,24,0.0,0.12631578947368421,4.086393227130478,27,2,25,0.07407407407407407,0.13157894736842105,1.995579
gaussian,gaussian,250,200,120,0.6,20,block_ar1,0.6,162,26,0,26,20,0,20,0.0,0.1368421052631579,0.0,0.10526315789473684,29,2,27,21,0,21,0.06896551724137931,0.14210526315789473,0.0,0.11052631578947368,4.119509433401799,28,0,28,0.0,0.14736842105263157,3.955160595509076,31,2,29,0.06451612903225806,0.15263157894736842,4.3892122822831166,27,0,27,0.0,0.14210526315789473,3.9017747191316885,31,2,29,0.06451612903225806,0.15263157894736842,4.135770066123839,23,1,22,0.043478260869565216,0.11578947368421053,4.135770066123839,23,1,22,0.043478260869565216,0.11578947368421053,4.449267503602563,27,0,27,0.0,0.14210526315789473,3.955160595509076,31,2,29,0.06451612903225806,0.15263157894736842,1.900601
gaussian,gaussian,250,200,120,0.6,20,block_ar1,0.6,163,25,2,23,18,0,18,0.08,0.12105263157894737,0.0,0.09473684210526316,30,6,24,19,0,19,0.2,0.12631578947368421,0.0,0.1,4.098364884747408,28,3,25,0.10714285714285714,0.13157894736842105,3.894402940561979,31,5,26,0.16129032258064516,0.1368421052631579,4.225998910537506,27,3,24,0.1111111111111111,0.12631578947368421,3.9415238138990163,30,4,26,0.13333333333333333,0.1368421052631579,4.359066800629093,18,0,18,0.0,0.09473684210526316,3.998131861490556,22,2,20,0.09090909090909091,0.10526315789473684,4.245550629355738,27,3,24,0.1111111111111111,0.12631578947368421,3.9597593996045783,30,4,26,0.13333333333333333,0.1368421052631579,1.804651
gaussian,gaussian,250,200,120,0.6,20,block_ar1,0.6,164,19,0,19,17,0,17,0.0,0.1,0.0,0.08947368421052632,25,1,24,17,0,17,0.04,0.12631578947368421,0.0,0.08947368421052632,4.717508339703675,22,1,21,0.045454545454545456,0.11052631578947368,4.003479428496637,26,1,25,0.038461538461538464,0.13157894736842105,4.665564874478144,22,1,21,0.045454545454545456,0.11052631578947368,3.9593979813638267,26,1,25,0.038461538461538464,0.13157894736842105,4.2451504407587946,17,0,17,0.0,0.08947368421052632,4.2451504407587946,17,0,17,0.0,0.08947368421052632,4.717508339703675,22,1,21,0.045454545454545456,0.11052631578947368,4.003479428496637,26,1,25,0.038461538461538464,0.13157894736842105,1.987223
gaussian,gaussian,250,200,120,0.6,20,block_ar1,0.6,165,23,1,22,19,0,19,0.043478260869565216,0.11578947368421053,0.0,0.1,28,2,26,20,0,20,0.07142857142857142,0.1368421052631579,0.0,0.10526315789473684,4.1370885959620285,28,1,27,0.03571428571428571,0.14210526315789473,3.966134882790047,30,2,28,0.06666666666666667,0.14736842105263157,4.123619800969259,28,1,27,0.03571428571428571,0.14210526315789473,3.953222648398424,30,2,28,0.06666666666666667,0.14736842105263157,4.323581123419145,17,1,16,0.058823529411764705,0.08421052631578947,4.070973965616692,20,2,18,0.1,0.09473684210526316,4.1370885959620285,28,1,27,0.03571428571428571,0.14210526315789473,3.966134882790047,30,2,28,0.06666666666666667,0.14736842105263157,1.885681
gaussian,gaussian,250,200,120,0.6,20,block_ar1,0.6,166,21,0,21,20,0,20,0.0,0.11052631578947368,0.0,0.10526315789473684,22,1,21,20,0,20,0.045454545454545456,0.11052631578947368,0.0,0.10526315789473684,4.277241265898751,22,0,22,0.0,0.11578947368421053,3.9542027158144664,25,3,22,0.12,0.11578947368421053,4.2364046749581465,22,0,22,0.0,0.11578947368421053,3.967437484996064,23,1,22,0.043478260869565216,0.11578947368421053,4.299106060392002,18,0,18,0.0,0.09473684210526316,4.100029927801116,19,0,19,0.0,0.1,4.277241265898751,22,0,22,0.0,0.11578947368421053,4.277241265898751,22,0,22,0.0,0.11578947368421053,1.996284
gaussian,gaussian,250,200,120,0.6,20,block_ar1,0.6,167,20,0,20,19,0,19,0.0,0.10526315789473684,0.0,0.1,22,1,21,19,0,19,0.045454545454545456,0.11052631578947368,0.0,0.1,4.189162049939899,26,0,26,0.0,0.1368421052631579,3.9319642813536375,29,2,27,0.06896551724137931,0.14210526315789473,4.173004817705263,26,0,26,0.0,0.1368421052631579,3.916799038454277,29,2,27,0.06896551724137931,0.14210526315789473,4.205680085543544,18,0,18,0.0,0.09473684210526316,4.205680085543544,18,0,18,0.0,0.09473684210526316,4.189162049939899,26,0,26,0.0,0.1368421052631579,3.9319642813536375,29,2,27,0.06896551724137931,0.14210526315789473,1.903655
gaussian,gaussian,250,200,120,0.6,20,block_ar1,0.6,168,18,0,18,17,0,17,0.0,0.09473684210526316,0.0,0.08947368421052632,24,3,21,17,0,17,0.125,0.11052631578947368,0.0,0.08947368421052632,4.477528515325926,22,1,21,0.045454545454545456,0.11052631578947368,3.977899289759267,26,5,21,0.19230769230769232,0.11052631578947368,4.443107482900223,22,1,21,0.045454545454545456,0.11052631578947368,3.9473191605718556,25,4,21,0.16,0.11052631578947368,4.267313857853713,16,1,15,0.0625,0.07894736842105263,4.071280861617245,17,1,16,0.058823529411764705,0.08421052631578947,4.477528515325926,22,1,21,0.045454545454545456,0.11052631578947368,4.002701922639898,25,4,21,0.16,0.11052631578947368,1.858874
gaussian,gaussian,250,200,120,0.6,20,block_ar1,0.6,169,28,2,26,20,0,20,0.07142857142857142,0.1368421052631579,0.0,0.10526315789473684,36,7,29,24,0,24,0.19444444444444445,0.15263157894736842,0.0,0.12631578947368421,4.248128479730397,31,2,29,0.06451612903225806,0.15263157894736842,3.867630892010546,39,7,32,0.1794871794871795,0.16842105263157894,4.215268939664232,31,2,29,0.06451612903225806,0.15263157894736842,3.8377145246352287,39,7,32,0.1794871794871795,0.16842105263157894,4.195383277789421,18,0,18,0.0,0.09473684210526316,3.982475666646031,22,2,20,0.09090909090909091,0.10526315789473684,4.248128479730397,31,2,29,0.06451612903225806,0.15263157894736842,3.867630892010546,39,7,32,0.1794871794871795,0.16842105263157894,1.868082
gaussian,gaussian,250,200,120,0.6,20,block_ar1,0.6,170,22,0,22,19,0,19,0.0,0.11578947368421053,0.0,0.1,25,2,23,20,0,20,0.08,0.12105263157894737,0.0,0.10526315789473684,4.083997658622468,29,1,28,0.034482758620689655,0.14736842105263157,3.902502227438531,32,3,29,0.09375,0.15263157894736842,4.106769096042177,27,0,27,0.0,0.14210526315789473,3.9000643365473926,30,2,28,0.06666666666666667,0.14736842105263157,4.203240351654183,18,1,17,0.05555555555555555,0.08947368421052632,4.048125548773193,20,1,19,0.05,0.1,4.083997658622468,29,1,28,0.034482758620689655,0.14736842105263157,3.902502227438531,32,3,29,0.09375,0.15263157894736842,1.951118
gaussian,gaussian,250,200,120,0.6,20,block_ar1,0.6,171,25,2,23,21,0,21,0.08,0.12105263157894737,0.0,0.11052631578947368,33,7,26,24,1,23,0.21212121212121213,0.1368421052631579,0.041666666666666664,0.12105263157894737,4.161324059597726,28,1,27,0.03571428571428571,0.14210526315789473,3.881298623526467,33,6,27,0.18181818181818182,0.14210526315789473,4.150553590580145,28,1,27,0.03571428571428571,0.14210526315789473,3.94069027785103,32,5,27,0.15625,0.14210526315789473,4.154794122960303,24,2,22,0.08333333333333333,0.11578947368421053,3.9373984186864535,27,5,22,0.18518518518518517,0.11578947368421053,4.161324059597726,28,1,27,0.03571428571428571,0.14210526315789473,3.9509161625719993,32,5,27,0.15625,0.14210526315789473,1.874524
gaussian,gaussian,250,200,120,0.6,20,block_ar1,0.6,172,27,2,25,21,0,21,0.07407407407407407,0.13157894736842105,0.0,0.11052631578947368,28,2,26,21,0,21,0.07142857142857142,0.1368421052631579,0.0,0.11052631578947368,4.133338955486512,32,2,30,0.0625,0.15789473684210525,3.8960370598797156,34,3,31,0.08823529411764706,0.1631578947368421,4.09809235127701,32,2,30,0.0625,0.15789473684210525,3.9268354835890578,33,2,31,0.06060606060606061,0.1631578947368421,4.272513589909878,22,1,21,0.045454545454545456,0.11052631578947368,4.016152786353995,25,3,22,0.12,0.11578947368421053,4.133338955486512,32,2,30,0.0625,0.15789473684210525,3.960609152950794,33,2,31,0.06060606060606061,0.1631578947368421,1.929415
gaussian,gaussian,250,200,120,0.6,20,block_ar1,0.6,173,26,1,25,20,0,20,0.038461538461538464,0.13157894736842105,0.0,0.10526315789473684,27,1,26,20,0,20,0.037037037037037035,0.1368421052631579,0.0,0.10526315789473684,4.093653522455133,31,1,30,0.03225806451612903,0.15789473684210525,3.8691448299341333,34,3,31,0.08823529411764706,0.1631578947368421,4.2585553593706935,29,0,29,0.0,0.15263157894736842,4.050216181612298,31,1,30,0.03225806451612903,0.15789473684210525,4.207689040066575,22,1,21,0.045454545454545456,0.11052631578947368,3.9645665015738154,25,2,23,0.08,0.12105263157894737,4.30422707474304,29,0,29,0.0,0.15263157894736842,4.093653522455133,31,1,30,0.03225806451612903,0.15789473684210525,1.873573
gaussian,gaussian,250,200,120,0.6,20,block_ar1,0.6,174,25,0,25,21,0,21,0.0,0.13157894736842105,0.0,0.11052631578947368,25,0,25,22,0,22,0.0,0.13157894736842105,0.0,0.11578947368421053,4.146964114660361,30,0,30,0.0,0.15789473684210525,3.900963446517458,31,1,30,0.03225806451612903,0.15789473684210525,4.112045697616873,30,0,30,0.0,0.15789473684210525,4.112045697616873,30,0,30,0.0,0.15789473684210525,4.262223089594673,19,0,19,0.0,0.1,3.994766949088131,21,1,20,0.047619047619047616,0.10526315789473684,4.194068927620276,28,0,28,0.0,0.14736842105263157,4.146964114660361,30,0,30,0.0,0.15789473684210525,1.742506
gaussian,gaussian,250,200,120,0.6,20,block_ar1,0.6,175,21,2,19,14,0,14,0.09523809523809523,0.1,0.0,0.07368421052631578,23,3,20,16,0,16,0.13043478260869565,0.10526315789473684,0.0,0.08421052631578947,4.3123186061461976,25,2,23,0.08,0.12105263157894737,3.9475421873766745,26,3,23,0.11538461538461539,0.12105263157894737,4.2846839205306875,25,2,23,0.08,0.12105263157894737,4.2846839205306875,25,2,23,0.08,0.12105263157894737,4.238966665376288,16,2,14,0.125,0.07368421052631578,3.992128031832381,21,5,16,0.23809523809523808,0.08421052631578947,4.3123186061461976,25,2,23,0.08,0.12105263157894737,4.3123186061461976,25,2,23,0.08,0.12105263157894737,2.017674
gaussian,gaussian,250,200,120,0.6,20,block_ar1,0.6,176,20,1,19,14,0,14,0.05,0.1,0.0,0.07368421052631578,25,5,20,15,0,15,0.2,0.10526315789473684,0.0,0.07894736842105263,4.41503551006786,21,0,21,0.0,0.11052631578947368,3.958396364666315,26,5,21,0.19230769230769232,0.11052631578947368,4.389589492613196,21,0,21,0.0,0.11052631578947368,3.935582182819286,26,5,21,0.19230769230769232,0.11052631578947368,4.430950351890845,13,0,13,0.0,0.06842105263157895,4.142620194816089,14,1,13,0.07142857142857142,0.06842105263157895,4.41503551006786,21,0,21,0.0,0.11052631578947368,4.082002417136051,24,3,21,0.125,0.11052631578947368,1.882627
gaussian,gaussian,250,200,120,0.6,20,block_ar1,0.6,177,28,3,25,17,0,17,0.10714285714285714,0.13157894736842105,0.0,0.08947368421052632,32,5,27,18,0,18,0.15625,0.14210526315789473,0.0,0.09473684210526316,4.110656549266239,32,3,29,0.09375,0.15263157894736842,3.942422910656703,35,6,29,0.17142857142857143,0.15263157894736842,4.072205216207206,31,3,28,0.0967741935483871,0.14736842105263157,3.9055452453542383,34,6,28,0.17647058823529413,0.14736842105263157,4.212816511088939,18,2,16,0.1111111111111111,0.08421052631578947,3.988685652408051,22,2,20,0.09090909090909091,0.10526315789473684,4.245099050604888,31,3,28,0.0967741935483871,0.14736842105263157,3.942422910656703,35,6,29,0.17142857142857143,0.15263157894736842,1.945096
gaussian,gaussian,250,200,120,0.6,20,block_ar1,0.6,178,20,1,19,18,0,18,0.05,0.1,0.0,0.09473684210526316,21,1,20,18,0,18,0.047619047619047616,0.10526315789473684,0.0,0.09473684210526316,4.176793425788222,23,1,22,0.043478260869565216,0.11578947368421053,4.0354926508159314,24,1,23,0.041666666666666664,0.12105263157894737,4.150480299327412,23,1,22,0.043478260869565216,0.11578947368421053,4.010069696499594,24,1,23,0.041666666666666664,0.12105263157894737,4.282860662134303,14,0,14,0.0,0.07368421052631578,4.007416595477589,20,3,17,0.15,0.08947368421052632,4.176793425788222,23,1,22,0.043478260869565216,0.11578947368421053,4.0354926508159314,24,1,23,0.041666666666666664,0.12105263157894737,1.88467
gaussian,gaussian,250,200,120,0.6,20,block_ar1,0.6,179,20,0,20,17,0,17,0.0,0.10526315789473684,0.0,0.08947368421052632,23,2,21,18,0,18,0.08695652173913043,0.11052631578947368,0.0,0.09473684210526316,4.177682109423951,24,0,24,0.0,0.12631578947368421,3.990983561404575,27,2,25,0.07407407407407407,0.13157894736842105,4.13044526877803,24,0,24,0.0,0.12631578947368421,3.945857711813173,27,2,25,0.07407407407407407,0.13157894736842105,4.336619619501599,15,0,15,0.0,0.07894736842105263,4.043538435862628,18,0,18,0.0,0.09473684210526316,4.177682109423951,24,0,24,0.0,0.12631578947368421,3.990983561404575,27,2,25,0.07407407407407407,0.13157894736842105,1.896597
gaussian,gaussian,250,200,120,0.6,20,block_ar1,0.6,180,23,1,22,20,0,20,0.043478260869565216,0.11578947368421053,0.0,0.10526315789473684,29,4,25,20,0,20,0.13793103448275862,0.13157894736842105,0.0,0.10526315789473684,4.11903082498279,31,1,30,0.03225806451612903,0.15789473684210525,3.9064804483619096,35,4,31,0.11428571428571428,0.1631578947368421,4.078302528600417,31,1,30,0.03225806451612903,0.15789473684210525,3.8678538149927606,35,4,31,0.11428571428571428,0.1631578947368421,4.18857929097703,18,0,18,0.0,0.09473684210526316,4.073059227868484,19,0,19,0.0,0.1,4.11903082498279,31,1,30,0.03225806451612903,0.15789473684210525,3.9064804483619096,35,4,31,0.11428571428571428,0.1631578947368421,1.906792
gaussian,gaussian,250,200,120,0.6,20,block_ar1,0.6,181,21,1,20,19,0,19,0.047619047619047616,0.10526315789473684,0.0,0.1,22,2,20,19,0,19,0.09090909090909091,0.10526315789473684,0.0,0.1,4.139025570005293,24,1,23,0.041666666666666664,0.12105263157894737,4.057701343703547,25,2,23,0.08,0.12105263157894737,4.202058486247019,23,1,22,0.043478260869565216,0.11578947368421053,4.016225422177702,25,2,23,0.08,0.12105263157894737,4.331817218636524,13,0,13,0.0,0.06842105263157895,4.095251410418368,16,0,16,0.0,0.08421052631578947,4.139025570005293,24,1,23,0.041666666666666664,0.12105263157894737,4.057701343703547,25,2,23,0.08,0.12105263157894737,1.880059
gaussian,gaussian,250,200,120,0.6,20,block_ar1,0.6,182,27,2,25,19,1,18,0.07407407407407407,0.13157894736842105,0.05263157894736842,0.09473684210526316,28,3,25,19,1,18,0.10714285714285714,0.13157894736842105,0.05263157894736842,0.09473684210526316,4.277117917989548,28,2,26,0.07142857142857142,0.1368421052631579,3.929275517864943,29,3,26,0.10344827586206896,0.1368421052631579,4.260820738104063,28,2,26,0.07142857142857142,0.1368421052631579,3.914303728178028,29,3,26,0.10344827586206896,0.1368421052631579,4.246998523992521,17,2,15,0.11764705882352941,0.07894736842105263,4.127564903793121,18,2,16,0.1111111111111111,0.08421052631578947,4.277117917989548,28,2,26,0.07142857142857142,0.1368421052631579,3.929275517864943,29,3,26,0.10344827586206896,0.1368421052631579,2.008962
gaussian,gaussian,250,200,120,0.6,20,block_ar1,0.6,183,25,1,24,17,0,17,0.04,0.12631578947368421,0.0,0.08947368421052632,29,2,27,18,0,18,0.06896551724137931,0.14210526315789473,0.0,0.09473684210526316,4.1979405248101695,29,2,27,0.06896551724137931,0.14210526315789473,3.9657752295109554,30,2,28,0.06666666666666667,0.14736842105263157,4.176377366703091,29,2,27,0.06896551724137931,0.14210526315789473,3.945404612589233,30,2,28,0.06666666666666667,0.14736842105263157,4.359675301232314,17,0,17,0.0,0.08947368421052632,3.957147913875545,24,5,19,0.20833333333333334,0.1,4.1979405248101695,29,2,27,0.06896551724137931,0.14210526315789473,3.9657752295109554,30,2,28,0.06666666666666667,0.14736842105263157,1.852127
gaussian,gaussian,250,200,120,0.6,20,block_ar1,0.6,184,24,1,23,18,0,18,0.041666666666666664,0.12105263157894737,0.0,0.09473684210526316,29,3,26,19,0,19,0.10344827586206896,0.1368421052631579,0.0,0.1,4.117492340122633,29,2,27,0.06896551724137931,0.14210526315789473,3.9403636354817744,30,3,27,0.1,0.14210526315789473,4.096427991695365,29,2,27,0.06896551724137931,0.14210526315789473,3.9202054455711046,30,3,27,0.1,0.14210526315789473,4.198478735070817,17,0,17,0.0,0.08947368421052632,4.0535241355025216,20,2,18,0.1,0.09473684210526316,4.117492340122633,29,2,27,0.06896551724137931,0.14210526315789473,3.9403636354817744,30,3,27,0.1,0.14210526315789473,2.172738
gaussian,gaussian,250,200,120,0.6,20,block_ar1,0.6,185,25,1,24,19,0,19,0.04,0.12631578947368421,0.0,0.1,34,6,28,21,0,21,0.17647058823529413,0.14736842105263157,0.0,0.11052631578947368,4.2050460373341085,29,2,27,0.06896551724137931,0.14210526315789473,3.8772140318091086,33,6,27,0.18181818181818182,0.14210526315789473,4.1704849008386216,29,2,27,0.06896551724137931,0.14210526315789473,3.911090879525881,30,3,27,0.1,0.14210526315789473,4.208594925869221,18,1,17,0.05555555555555555,0.08947368421052632,3.9982710437191757,20,2,18,0.1,0.09473684210526316,4.2050460373341085,29,2,27,0.06896551724137931,0.14210526315789473,3.9435023973583436,30,3,27,0.1,0.14210526315789473,1.779271
gaussian,gaussian,250,200,120,0.6,20,block_ar1,0.6,186,20,1,19,18,0,18,0.05,0.1,0.0,0.09473684210526316,20,1,19,18,0,18,0.05,0.1,0.0,0.09473684210526316,4.129305555321426,25,2,23,0.08,0.12105263157894737,4.060576878990501,27,2,25,0.07407407407407407,0.13157894736842105,4.337101020707959,23,2,21,0.08695652173913043,0.11052631578947368,4.032625261378475,26,2,24,0.07692307692307693,0.12631578947368421,4.401927919054876,14,1,13,0.07142857142857142,0.06842105263157895,4.204698708441418,15,1,14,0.06666666666666667,0.07368421052631578,4.36716307245291,23,2,21,0.08695652173913043,0.11052631578947368,4.060576878990501,27,2,25,0.07407407407407407,0.13157894736842105,1.927413
gaussian,gaussian,250,200,120,0.6,20,block_ar1,0.6,187,27,3,24,20,0,20,0.1111111111111111,0.12631578947368421,0.0,0.10526315789473684,30,5,25,22,1,21,0.16666666666666666,0.13157894736842105,0.045454545454545456,0.11052631578947368,4.052392063628214,34,4,30,0.11764705882352941,0.15789473684210525,3.910550767694593,35,5,30,0.14285714285714285,0.15789473684210525,4.089781941687627,33,4,29,0.12121212121212122,0.15263157894736842,3.8880773079297786,35,5,30,0.14285714285714285,0.15789473684210525,4.389683689662223,19,2,17,0.10526315789473684,0.08947368421052632,3.8977446416910917,31,7,24,0.22580645161290322,0.12631578947368421,4.113421273582064,33,4,29,0.12121212121212122,0.15263157894736842,3.910550767694593,35,5,30,0.14285714285714285,0.15789473684210525,2.034092
gaussian,gaussian,250,200,120,0.6,20,block_ar1,0.6,188,22,2,20,17,0,17,0.09090909090909091,0.10526315789473684,0.0,0.08947368421052632,26,4,22,18,0,18,0.15384615384615385,0.11578947368421053,0.0,0.09473684210526316,4.101865955322097,27,2,25,0.07407407407407407,0.13157894736842105,3.9619468597433287,29,4,25,0.13793103448275862,0.13157894736842105,4.128180429411744,26,2,24,0.07692307692307693,0.12631578947368421,3.9337352254678764,28,4,24,0.14285714285714285,0.12631578947368421,4.274478515758927,15,1,14,0.06666666666666667,0.07368421052631578,4.059234041925752,16,1,15,0.0625,0.07894736842105263,4.238926430842433,25,1,24,0.04,0.12631578947368421,3.9619468597433287,29,4,25,0.13793103448275862,0.13157894736842105,1.842898
gaussian,gaussian,250,200,120,0.6,20,block_ar1,0.6,189,23,2,21,20,0,20,0.08695652173913043,0.11052631578947368,0.0,0.10526315789473684,28,5,23,21,1,20,0.17857142857142858,0.12105263157894737,0.047619047619047616,0.10526315789473684,4.081558474418238,28,2,26,0.07142857142857142,0.1368421052631579,3.932909008984575,31,5,26,0.16129032258064516,0.1368421052631579,4.116397223412468,27,2,25,0.07407407407407407,0.13157894736842105,3.9090357880237434,30,4,26,0.13333333333333333,0.1368421052631579,4.264608941600138,18,0,18,0.0,0.09473684210526316,4.11805387278744,20,1,19,0.05,0.1,4.165143332928103,27,2,25,0.07407407407407407,0.13157894736842105,3.932909008984575,31,5,26,0.16129032258064516,0.1368421052631579,1.862952
gaussian,gaussian,250,200,120,0.6,20,block_ar1,0.6,190,21,0,21,19,0,19,0.0,0.11052631578947368,0.0,0.1,25,2,23,20,0,20,0.08,0.12105263157894737,0.0,0.10526315789473684,4.350723856652854,24,1,23,0.041666666666666664,0.12105263157894737,3.923608783018261,28,4,24,0.14285714285714285,0.12631578947368421,4.324421468618393,24,1,23,0.041666666666666664,0.12105263157894737,3.9480639483214937,26,2,24,0.07692307692307693,0.12631578947368421,4.359933005862549,14,0,14,0.0,0.07368421052631578,4.000851477894477,21,3,18,0.14285714285714285,0.09473684210526316,4.350723856652854,24,1,23,0.041666666666666664,0.12105263157894737,3.9720772205492794,26,2,24,0.07692307692307693,0.12631578947368421,1.927223
gaussian,gaussian,250,200,120,0.6,20,block_ar1,0.6,191,25,1,24,18,0,18,0.04,0.12631578947368421,0.0,0.09473684210526316,30,6,24,19,1,18,0.2,0.12631578947368421,0.05263157894736842,0.09473684210526316,4.104848551201042,27,1,26,0.037037037037037035,0.1368421052631579,3.9139242297293197,31,5,26,0.16129032258064516,0.1368421052631579,4.1364310142073855,26,1,25,0.038461538461538464,0.13157894736842105,3.9256472350528897,30,4,26,0.13333333333333333,0.1368421052631579,4.239360440150771,16,1,15,0.0625,0.07894736842105263,4.04097878656481,23,4,19,0.17391304347826086,0.1,4.3342313371903805,25,1,24,0.04,0.12631578947368421,3.962777514591538,30,4,26,0.13333333333333333,0.1368421052631579,1.84336
gaussian,gaussian,250,200,120,0.6,20,block_ar1,0.6,192,28,1,27,21,0,21,0.03571428571428571,0.14210526315789473,0.0,0.11052631578947368,31,3,28,23,0,23,0.0967741935483871,0.14736842105263157,0.0,0.12105263157894737,4.147946596646454,31,1,30,0.03225806451612903,0.15789473684210525,3.9046958705242245,33,3,30,0.09090909090909091,0.15789473684210525,4.12463689248198,31,1,30,0.03225806451612903,0.15789473684210525,3.8827531324793925,33,3,30,0.09090909090909091,0.15789473684210525,4.178262364714997,24,2,22,0.08333333333333333,0.11578947368421053,4.074180217399836,25,2,23,0.08,0.12105263157894737,4.147946596646454,31,1,30,0.03225806451612903,0.15789473684210525,3.9046958705242245,33,3,30,0.09090909090909091,0.15789473684210525,1.833548
gaussian,gaussian,250,200,120,0.6,20,block_ar1,0.6,193,21,2,19,16,0,16,0.09523809523809523,0.1,0.0,0.08421052631578947,21,2,19,17,0,17,0.09523809523809523,0.1,0.0,0.08947368421052632,4.13401893736883,29,3,26,0.10344827586206896,0.1368421052631579,3.940783813589466,30,4,26,0.13333333333333333,0.1368421052631579,4.076887441790136,29,3,26,0.10344827586206896,0.1368421052631579,4.076887441790136,29,3,26,0.10344827586206896,0.1368421052631579,4.3484769377775585,11,0,11,0.0,0.05789473684210526,4.084672559650247,14,1,13,0.07142857142857142,0.06842105263157895,4.287901574897453,28,2,26,0.07142857142857142,0.1368421052631579,4.13401893736883,29,3,26,0.10344827586206896,0.1368421052631579,2.07268
gaussian,gaussian,250,200,120,0.6,20,block_ar1,0.6,194,27,4,23,22,2,20,0.14814814814814814,0.12105263157894737,0.09090909090909091,0.10526315789473684,35,10,25,23,2,21,0.2857142857142857,0.13157894736842105,0.08695652173913043,0.11052631578947368,4.201784512922936,30,4,26,0.13333333333333333,0.1368421052631579,3.8950963353425974,35,8,27,0.22857142857142856,0.14210526315789473,4.189049500305443,30,4,26,0.13333333333333333,0.1368421052631579,3.883290851071717,35,8,27,0.22857142857142856,0.14210526315789473,4.168328540446827,20,4,16,0.2,0.08421052631578947,3.979711189623508,23,4,19,0.17391304347826086,0.1,4.201784512922936,30,4,26,0.13333333333333333,0.1368421052631579,3.8950963353425974,35,8,27,0.22857142857142856,0.14210526315789473,1.835311
gaussian,gaussian,250,200,120,0.6,20,block_ar1,0.6,195,23,0,23,22,0,22,0.0,0.12105263157894737,0.0,0.11578947368421053,26,2,24,22,0,22,0.07692307692307693,0.12631578947368421,0.0,0.11578947368421053,4.368884873025965,25,2,23,0.08,0.12105263157894737,3.988859081472965,26,2,24,0.07692307692307693,0.12631578947368421,4.443675539889165,24,1,23,0.041666666666666664,0.12105263157894737,3.949100300746182,26,2,24,0.07692307692307693,0.12631578947368421,4.2318859266857105,19,1,18,0.05263157894736842,0.09473684210526316,4.051780438502488,21,1,20,0.047619047619047616,0.10526315789473684,4.368884873025965,25,2,23,0.08,0.12105263157894737,3.988859081472965,26,2,24,0.07692307692307693,0.12631578947368421,1.818438
gaussian,gaussian,250,200,120,0.6,20,block_ar1,0.6,196,20,0,20,16,0,16,0.0,0.10526315789473684,0.0,0.08421052631578947,23,0,23,19,0,19,0.0,0.12105263157894737,0.0,0.1,4.2162655486058975,25,1,24,0.04,0.12631578947368421,3.9704923609848692,27,1,26,0.037037037037037035,0.1368421052631579,4.189234204502394,25,1,24,0.04,0.12631578947368421,3.945036719248639,27,1,26,0.037037037037037035,0.1368421052631579,4.236621605553129,15,0,15,0.0,0.07894736842105263,4.0723599111261315,18,1,17,0.05555555555555555,0.08947368421052632,4.2162655486058975,25,1,24,0.04,0.12631578947368421,3.9704923609848692,27,1,26,0.037037037037037035,0.1368421052631579,1.868209
gaussian,gaussian,250,200,120,0.6,20,block_ar1,0.6,197,24,1,23,22,0,22,0.041666666666666664,0.12105263157894737,0.0,0.11578947368421053,25,1,24,23,0,23,0.04,0.12631578947368421,0.0,0.12105263157894737,4.127943837959862,28,1,27,0.03571428571428571,0.14210526315789473,4.127943837959862,28,1,27,0.03571428571428571,0.14210526315789473,4.10782713981899,28,1,27,0.03571428571428571,0.14210526315789473,4.10782713981899,28,1,27,0.03571428571428571,0.14210526315789473,4.211194518010699,20,0,20,0.0,0.10526315789473684,4.062896633145256,21,1,20,0.047619047619047616,0.10526315789473684,4.2501829185558355,26,1,25,0.038461538461538464,0.13157894736842105,4.127943837959862,28,1,27,0.03571428571428571,0.14210526315789473,1.842875
gaussian,gaussian,250,200,120,0.6,20,block_ar1,0.6,198,20,0,20,16,0,16,0.0,0.10526315789473684,0.0,0.08421052631578947,26,3,23,17,0,17,0.11538461538461539,0.12105263157894737,0.0,0.08947368421052632,4.165994785716288,23,0,23,0.0,0.12105263157894737,3.937717378210583,27,2,25,0.07407407407407407,0.13157894736842105,4.146085745857459,23,0,23,0.0,0.12105263157894737,4.025495367867438,26,1,25,0.038461538461538464,0.13157894736842105,4.442395931514444,12,0,12,0.0,0.06315789473684211,4.096808188297475,15,1,14,0.06666666666666667,0.07368421052631578,4.5392739279283525,22,0,22,0.0,0.11578947368421053,4.0448253462236465,26,1,25,0.038461538461538464,0.13157894736842105,1.918487
gaussian,gaussian,250,200,120,0.6,20,block_ar1,0.6,199,23,0,23,20,0,20,0.0,0.12105263157894737,0.0,0.10526315789473684,23,0,23,21,0,21,0.0,0.12105263157894737,0.0,0.11052631578947368,4.130929313979381,25,0,25,0.0,0.13157894736842105,4.094855221467231,26,0,26,0.0,0.1368421052631579,4.601095510632897,24,0,24,0.0,0.12631578947368421,4.068023657464848,26,0,26,0.0,0.1368421052631579,4.1898286395243,19,0,19,0.0,0.1,4.011955804207876,20,0,20,0.0,0.10526315789473684,4.631443069808982,24,0,24,0.0,0.12631578947368421,4.094855221467231,26,0,26,0.0,0.1368421052631579,1.868598
gaussian,gaussian,250,200,120,0.6,20,block_ar1,0.6,200,25,3,22,20,0,20,0.12,0.11578947368421053,0.0,0.10526315789473684,26,3,23,20,0,20,0.11538461538461539,0.12105263157894737,0.0,0.10526315789473684,4.139520784906104,27,3,24,0.1111111111111111,0.12631578947368421,3.907743404818507,29,4,25,0.13793103448275862,0.13157894736842105,4.114962158504269,27,3,24,0.1111111111111111,0.12631578947368421,3.9743549199149553,28,3,25,0.10714285714285714,0.13157894736842105,4.252128360230272,19,3,16,0.15789473684210525,0.08421052631578947,4.056707233715398,20,4,16,0.2,0.08421052631578947,4.347992524802516,26,2,24,0.07692307692307693,0.12631578947368421,3.998074384130384,28,3,25,0.10714285714285714,0.13157894736842105,1.86102
gaussian,gaussian,250,200,120,0.6,20,block_ar1,0.6,201,31,2,29,24,0,24,0.06451612903225806,0.15263157894736842,0.0,0.12631578947368421,32,3,29,25,0,25,0.09375,0.15263157894736842,0.0,0.13157894736842105,4.1373187643792715,32,3,29,0.09375,0.15263157894736842,3.8764172886065618,34,4,30,0.11764705882352941,0.15789473684210525,4.111284669446379,32,3,29,0.09375,0.15263157894736842,3.9611000371868985,33,3,30,0.09090909090909091,0.15789473684210525,4.1594344405373125,23,0,23,0.0,0.12105263157894737,4.007525905862334,25,1,24,0.04,0.12631578947368421,4.1373187643792715,32,3,29,0.09375,0.15263157894736842,3.9861831104105034,33,3,30,0.09090909090909091,0.15789473684210525,1.774338
gaussian,gaussian,250,200,120,0.6,20,block_ar1,0.6,202,27,1,26,16,0,16,0.037037037037037035,0.1368421052631579,0.0,0.08421052631578947,30,3,27,17,0,17,0.1,0.14210526315789473,0.0,0.08947368421052632,4.155421182022207,30,1,29,0.03333333333333333,0.15263157894736842,3.9483035152956085,32,3,29,0.09375,0.15263157894736842,4.1762642174164615,30,1,29,0.03333333333333333,0.15263157894736842,3.96810767624868,32,3,29,0.09375,0.15263157894736842,4.452100397220411,13,1,12,0.07692307692307693,0.06315789473684211,3.977633953786952,23,3,20,0.13043478260869565,0.10526315789473684,4.155421182022207,30,1,29,0.03333333333333333,0.15263157894736842,3.9483035152956085,32,3,29,0.09375,0.15263157894736842,1.906551
gaussian,gaussian,250,200,120,0.6,20,block_ar1,0.6,203,21,0,21,20,0,20,0.0,0.11052631578947368,0.0,0.10526315789473684,26,1,25,20,0,20,0.038461538461538464,0.13157894736842105,0.0,0.10526315789473684,4.374332751927471,27,0,27,0.0,0.14210526315789473,3.9107672470480295,30,2,28,0.06666666666666667,0.14736842105263157,4.338123345403084,27,0,27,0.0,0.14210526315789473,3.9376231780774504,28,1,27,0.03571428571428571,0.14210526315789473,4.1975750093523265,17,0,17,0.0,0.08947368421052632,4.062595528883786,19,1,18,0.05263157894736842,0.09473684210526316,4.374332751927471,27,0,27,0.0,0.14210526315789473,3.970489693628682,28,1,27,0.03571428571428571,0.14210526315789473,1.768283
gaussian,gaussian,250,200,120,0.6,20,block_ar1,0.6,204,27,1,26,20,0,20,0.037037037037037035,0.1368421052631579,0.0,0.10526315789473684,29,1,28,21,0,21,0.034482758620689655,0.14736842105263157,0.0,0.11052631578947368,4.061702209158587,32,2,30,0.0625,0.15789473684210525,3.8862576035495016,35,3,32,0.08571428571428572,0.16842105263157894,4.212047099981385,31,1,30,0.03225806451612903,0.15789473684210525,3.923293405257364,34,2,32,0.058823529411764705,0.16842105263157894,4.2321776606819,18,0,18,0.0,0.09473684210526316,3.9923093494631843,23,1,22,0.043478260869565216,0.11578947368421053,4.249862527797944,31,1,30,0.03225806451612903,0.15789473684210525,3.8862576035495016,35,3,32,0.08571428571428572,0.16842105263157894,1.999646
gaussian,gaussian,250,200,120,0.6,20,block_ar1,0.6,205,29,2,27,22,0,22,0.06896551724137931,0.14210526315789473,0.0,0.11578947368421053,32,3,29,22,0,22,0.09375,0.15263157894736842,0.0,0.11578947368421053,4.064572232372986,32,2,30,0.0625,0.15789473684210525,3.8981903900048245,36,3,33,0.08333333333333333,0.1736842105263158,4.143291207040534,31,1,30,0.03225806451612903,0.15789473684210525,3.883324244588259,36,3,33,0.08333333333333333,0.1736842105263158,4.162665390647413,20,1,19,0.05,0.1,4.045663621473244,25,1,24,0.04,0.12631578947368421,4.159152558219972,31,1,30,0.03225806451612903,0.15789473684210525,3.8981903900048245,36,3,33,0.08333333333333333,0.1736842105263158,2.027292
gaussian,gaussian,250,200,120,0.6,20,block_ar1,0.6,206,20,1,19,17,0,17,0.05,0.1,0.0,0.08947368421052632,20,1,19,17,0,17,0.05,0.1,0.0,0.08947368421052632,4.153171988560889,23,1,22,0.043478260869565216,0.11578947368421053,3.956531424598804,25,1,24,0.04,0.12631578947368421,4.325150433480467,21,0,21,0.0,0.11052631578947368,4.075931573411382,24,1,23,0.041666666666666664,0.12105263157894737,4.217426086651463,17,2,15,0.11764705882352941,0.07894736842105263,4.0308765558767625,19,2,17,0.10526315789473684,0.08947368421052632,4.36057437052538,21,0,21,0.0,0.11052631578947368,4.109314352964718,24,1,23,0.041666666666666664,0.12105263157894737,1.762185
gaussian,gaussian,250,200,120,0.6,20,block_ar1,0.6,207,24,3,21,19,1,18,0.125,0.11052631578947368,0.05263157894736842,0.09473684210526316,25,3,22,21,2,19,0.12,0.11578947368421053,0.09523809523809523,0.1,4.128815104429022,26,3,23,0.11538461538461539,0.12105263157894737,4.022683893903389,27,3,24,0.1111111111111111,0.12631578947368421,4.097899848121052,26,3,23,0.11538461538461539,0.12105263157894737,3.9925633143955874,27,3,24,0.1111111111111111,0.12631578947368421,4.206952322322253,19,3,16,0.15789473684210525,0.08421052631578947,4.1529526966422425,20,3,17,0.15,0.08947368421052632,4.3052035759960345,25,3,22,0.12,0.11578947368421053,4.022683893903389,27,3,24,0.1111111111111111,0.12631578947368421,1.834252
gaussian,gaussian,250,200,120,0.6,20,block_ar1,0.6,208,25,2,23,20,0,20,0.08,0.12105263157894737,0.0,0.10526315789473684,30,4,26,20,0,20,0.13333333333333333,0.1368421052631579,0.0,0.10526315789473684,4.156994834595515,27,2,25,0.07407407407407407,0.13157894736842105,3.925667750979377,30,4,26,0.13333333333333333,0.1368421052631579,4.130860295196828,27,2,25,0.07407407407407407,0.13157894736842105,3.900987537847933,30,4,26,0.13333333333333333,0.1368421052631579,4.188370541233506,21,1,20,0.047619047619047616,0.10526315789473684,4.006307258537626,24,2,22,0.08333333333333333,0.11578947368421053,4.156994834595515,27,2,25,0.07407407407407407,0.13157894736842105,3.9634257509561253,29,4,25,0.13793103448275862,0.13157894736842105,1.976376
gaussian,gaussian,250,200,120,0.6,20,block_ar1,0.6,209,26,1,25,18,0,18,0.038461538461538464,0.13157894736842105,0.0,0.09473684210526316,31,3,28,20,1,19,0.0967741935483871,0.14736842105263157,0.05,0.1,4.178526591814289,31,1,30,0.03225806451612903,0.15789473684210525,3.895765946454497,33,3,30,0.09090909090909091,0.15789473684210525,4.1546736893756115,31,1,30,0.03225806451612903,0.15789473684210525,3.9611572869272065,32,2,30,0.0625,0.15789473684210525,4.252432582212608,21,2,19,0.09523809523809523,0.1,3.9855013767354377,25,3,22,0.12,0.11578947368421053,4.178526591814289,31,1,30,0.03225806451612903,0.15789473684210525,3.9838991688109635,32,2,30,0.0625,0.15789473684210525,1.923489
gaussian,gaussian,250,200,120,0.6,20,block_ar1,0.6,210,28,0,28,21,0,21,0.0,0.14736842105263157,0.0,0.11052631578947368,31,2,29,22,0,22,0.06451612903225806,0.15263157894736842,0.0,0.11578947368421053,4.229310976755755,30,0,30,0.0,0.15789473684210525,3.8951887665495075,32,2,30,0.0625,0.15789473684210525,4.1985052455668175,30,0,30,0.0,0.15789473684210525,3.9251578148380664,31,1,30,0.03225806451612903,0.15789473684210525,4.186994185721894,20,0,20,0.0,0.10526315789473684,3.949351967516521,27,1,26,0.037037037037037035,0.1368421052631579,4.229310976755755,30,0,30,0.0,0.15789473684210525,3.9539579114071333,31,1,30,0.03225806451612903,0.15789473684210525,1.563945
gaussian,gaussian,250,200,120,0.6,20,block_ar1,0.6,211,20,0,20,18,0,18,0.0,0.10526315789473684,0.0,0.09473684210526316,23,0,23,19,0,19,0.0,0.12105263157894737,0.0,0.1,4.218816465274701,23,0,23,0.0,0.12105263157894737,3.9967961588172685,25,0,25,0.0,0.13157894736842105,4.194989255442386,23,0,23,0.0,0.12105263157894737,3.974222884649739,25,0,25,0.0,0.13157894736842105,4.243196306068842,15,0,15,0.0,0.07894736842105263,4.1150089472281834,18,0,18,0.0,0.09473684210526316,4.218816465274701,23,0,23,0.0,0.12105263157894737,3.9967961588172685,25,0,25,0.0,0.13157894736842105,1.989116
gaussian,gaussian,250,200,120,0.6,20,block_ar1,0.6,212,25,5,20,16,0,16,0.2,0.10526315789473684,0.0,0.08421052631578947,28,7,21,16,0,16,0.25,0.11052631578947368,0.0,0.08421052631578947,4.104142690087211,28,5,23,0.17857142857142858,0.12105263157894737,3.8927728757862554,33,7,26,0.21212121212121213,0.1368421052631579,4.100412020144911,27,4,23,0.14814814814814814,0.12105263157894737,3.9021556302244953,32,6,26,0.1875,0.1368421052631579,4.357649060687675,12,0,12,0.0,0.06315789473684211,4.0539511385133915,19,4,15,0.21052631578947367,0.07894736842105263,4.1316667903920115,27,4,23,0.14814814814814814,0.12105263157894737,3.8927728757862554,33,7,26,0.21212121212121213,0.1368421052631579,1.805564
gaussian,gaussian,250,200,120,0.6,20,block_ar1,0.6,213,23,2,21,17,0,17,0.08695652173913043,0.11052631578947368,0.0,0.08947368421052632,27,5,22,20,1,19,0.18518518518518517,0.11578947368421053,0.05,0.1,4.098497058405947,26,3,23,0.11538461538461539,0.12105263157894737,3.922683091387576,31,7,24,0.22580645161290322,0.12631578947368421,4.1331038788481065,25,3,22,0.12,0.11578947368421053,3.9183391372258605,30,6,24,0.2,0.12631578947368421,4.519550432280588,10,0,10,0.0,0.05263157894736842,4.02474830457511,18,4,14,0.2222222222222222,0.07368421052631578,4.2286927603545434,24,2,22,0.08333333333333333,0.11578947368421053,3.9543198989577695,30,6,24,0.2,0.12631578947368421,1.809459
gaussian,gaussian,250,200,120,0.6,20,block_ar1,0.6,214,27,3,24,20,0,20,0.1111111111111111,0.12631578947368421,0.0,0.10526315789473684,34,6,28,21,0,21,0.17647058823529413,0.14736842105263157,0.0,0.11052631578947368,4.0633075465602815,35,5,30,0.14285714285714285,0.15789473684210525,3.863269469992177,39,8,31,0.20512820512820512,0.1631578947368421,4.045448021107528,35,5,30,0.14285714285714285,0.15789473684210525,3.8462891753333155,39,8,31,0.20512820512820512,0.1631578947368421,4.221760986021212,18,1,17,0.05555555555555555,0.08947368421052632,4.001570879711125,21,4,17,0.19047619047619047,0.08947368421052632,4.107294071613754,34,4,30,0.11764705882352941,0.15789473684210525,3.863269469992177,39,8,31,0.20512820512820512,0.1631578947368421,1.942637
gaussian,gaussian,250,200,120,0.6,20,block_ar1,0.6,215,26,1,25,18,0,18,0.038461538461538464,0.13157894736842105,0.0,0.09473684210526316,30,4,26,21,0,21,0.13333333333333333,0.1368421052631579,0.0,0.11052631578947368,4.102131188259754,28,1,27,0.03571428571428571,0.14210526315789473,3.9229444601976162,30,3,27,0.1,0.14210526315789473,4.323074606416591,27,0,27,0.0,0.14210526315789473,3.943206259288146,29,2,27,0.06896551724137931,0.14210526315789473,4.284129187179191,16,0,16,0.0,0.08421052631578947,4.009268619520662,22,2,20,0.09090909090909091,0.10526315789473684,4.102131188259754,28,1,27,0.03571428571428571,0.14210526315789473,3.9229444601976162,30,3,27,0.1,0.14210526315789473,2.113388
gaussian,gaussian,250,200,120,0.6,20,block_ar1,0.6,216,20,0,20,16,0,16,0.0,0.10526315789473684,0.0,0.08421052631578947,20,0,20,17,0,17,0.0,0.10526315789473684,0.0,0.08947368421052632,4.14235023718267,23,0,23,0.0,0.12105263157894737,4.14235023718267,23,0,23,0.0,0.12105263157894737,4.307754294798474,21,0,21,0.0,0.11052631578947368,4.116737473865591,23,0,23,0.0,0.12105263157894737,4.385574916618862,13,0,13,0.0,0.06842105263157895,4.044063616504934,19,1,18,0.05263157894736842,0.09473684210526316,4.334555491591138,21,0,21,0.0,0.11052631578947368,4.14235023718267,23,0,23,0.0,0.12105263157894737,1.936609
gaussian,gaussian,250,200,120,0.6,20,block_ar1,0.6,217,24,2,22,19,0,19,0.08333333333333333,0.11578947368421053,0.0,0.1,27,3,24,20,0,20,0.1111111111111111,0.12631578947368421,0.0,0.10526315789473684,4.09595536649142,27,3,24,0.1111111111111111,0.12631578947368421,3.961956420790331,30,5,25,0.16666666666666666,0.13157894736842105,4.198449266985127,26,2,24,0.07692307692307693,0.12631578947368421,3.9348823039163365,30,5,25,0.16666666666666666,0.13157894736842105,4.185996219688829,22,1,21,0.045454545454545456,0.11052631578947368,4.000266676881837,27,5,22,0.18518518518518517,0.11578947368421053,4.227336867010866,26,2,24,0.07692307692307693,0.12631578947368421,3.961956420790331,30,5,25,0.16666666666666666,0.13157894736842105,1.876767
gaussian,gaussian,250,200,120,0.6,20,block_ar1,0.6,218,25,1,24,19,0,19,0.04,0.12631578947368421,0.0,0.1,27,2,25,20,0,20,0.07407407407407407,0.13157894736842105,0.0,0.10526315789473684,4.221564865080291,28,2,26,0.07142857142857142,0.1368421052631579,4.038033653645804,29,3,26,0.10344827586206896,0.1368421052631579,4.20161696426106,28,2,26,0.07142857142857142,0.1368421052631579,4.018952981572295,29,3,26,0.10344827586206896,0.1368421052631579,4.281981675146983,14,1,13,0.07142857142857142,0.06842105263157895,4.075141837699091,17,2,15,0.11764705882352941,0.07894736842105263,4.221564865080291,28,2,26,0.07142857142857142,0.1368421052631579,4.038033653645804,29,3,26,0.10344827586206896,0.1368421052631579,1.856183
gaussian,gaussian,250,200,120,0.6,20,block_ar1,0.6,219,23,1,22,17,0,17,0.043478260869565216,0.11578947368421053,0.0,0.08947368421052632,24,2,22,20,0,20,0.08333333333333333,0.11578947368421053,0.0,0.10526315789473684,4.2728337045459295,27,1,26,0.037037037037037035,0.1368421052631579,3.898364865454654,31,3,28,0.0967741935483871,0.14736842105263157,4.240005931435903,27,1,26,0.037037037037037035,0.1368421052631579,3.9813042743434743,29,2,27,0.06896551724137931,0.14210526315789473,4.252712853660911,14,0,14,0.0,0.07368421052631578,4.063010902852312,17,0,17,0.0,0.08947368421052632,4.2728337045459295,27,1,26,0.037037037037037035,0.1368421052631579,4.0121290787219595,29,2,27,0.06896551724137931,0.14210526315789473,1.832468
gaussian,gaussian,250,200,120,0.6,20,block_ar1,0.6,220,23,0,23,18,0,18,0.0,0.12105263157894737,0.0,0.09473684210526316,27,1,26,20,0,20,0.037037037037037035,0.1368421052631579,0.0,0.10526315789473684,4.217959324207419,25,0,25,0.0,0.13157894736842105,3.912607971373825,29,2,27,0.06896551724137931,0.14210526315789473,4.1852219992996185,25,0,25,0.0,0.13157894736842105,3.937199140718535,28,1,27,0.03571428571428571,0.14210526315789473,4.322264346870006,14,0,14,0.0,0.07368421052631578,4.036525283213134,18,1,17,0.05555555555555555,0.08947368421052632,4.217959324207419,25,0,25,0.0,0.13157894736842105,3.967996400103577,28,1,27,0.03571428571428571,0.14210526315789473,2.096415
gaussian,gaussian,250,200,120,0.6,20,block_ar1,0.6,221,26,3,23,21,2,19,0.11538461538461539,0.12105263157894737,0.09523809523809523,0.1,29,4,25,23,2,21,0.13793103448275862,0.13157894736842105,0.08695652173913043,0.11052631578947368,4.205367340174786,27,3,24,0.1111111111111111,0.12631578947368421,3.9279829188745032,30,4,26,0.13333333333333333,0.1368421052631579,4.171817955315255,27,3,24,0.1111111111111111,0.12631578947368421,3.943219796959489,29,4,25,0.13793103448275862,0.13157894736842105,4.241694296238892,18,3,15,0.16666666666666666,0.07894736842105263,4.1119423086883735,21,4,17,0.19047619047619047,0.08947368421052632,4.205367340174786,27,3,24,0.1111111111111111,0.12631578947368421,3.9279829188745032,30,4,26,0.13333333333333333,0.1368421052631579,2.034462
gaussian,gaussian,250,200,120,0.6,20,block_ar1,0.6,222,22,0,22,18,0,18,0.0,0.11578947368421053,0.0,0.09473684210526316,28,3,25,20,0,20,0.10714285714285714,0.13157894736842105,0.0,0.10526315789473684,4.225483832088203,26,0,26,0.0,0.1368421052631579,3.9354578424177125,29,3,26,0.10344827586206896,0.1368421052631579,4.199762559922146,26,0,26,0.0,0.1368421052631579,3.9115020100715623,29,3,26,0.10344827586206896,0.1368421052631579,4.395624065258257,18,0,18,0.0,0.09473684210526316,4.101965142129703,19,0,19,0.0,0.1,4.225483832088203,26,0,26,0.0,0.1368421052631579,4.0753390136537275,27,1,26,0.037037037037037035,0.1368421052631579,1.853913
gaussian,gaussian,250,200,120,0.6,20,block_ar1,0.6,223,22,1,21,18,0,18,0.045454545454545456,0.11052631578947368,0.0,0.09473684210526316,24,1,23,18,0,18,0.041666666666666664,0.12105263157894737,0.0,0.09473684210526316,4.1899615272921515,24,1,23,0.041666666666666664,0.12105263157894737,3.9807896596604304,27,1,26,0.037037037037037035,0.1368421052631579,4.157460072671792,24,1,23,0.041666666666666664,0.12105263157894737,3.9499107473759385,27,1,26,0.037037037037037035,0.1368421052631579,4.45969767700686,11,0,11,0.0,0.05789473684210526,4.049375234783731,16,1,15,0.0625,0.07894736842105263,4.1899615272921515,24,1,23,0.041666666666666664,0.12105263157894737,3.9807896596604304,27,1,26,0.037037037037037035,0.1368421052631579,1.851997
gaussian,gaussian,250,200,120,0.6,20,block_ar1,0.6,224,21,0,21,20,0,20,0.0,0.11052631578947368,0.0,0.10526315789473684,23,1,22,20,0,20,0.043478260869565216,0.11578947368421053,0.0,0.10526315789473684,4.196291994507584,24,0,24,0.0,0.12631578947368421,3.936954909198654,26,1,25,0.038461538461538464,0.13157894736842105,4.174413688165236,24,0,24,0.0,0.12631578947368421,3.992230033363543,25,1,24,0.04,0.12631578947368421,4.231871357857905,17,0,17,0.0,0.08947368421052632,4.054003742250218,18,0,18,0.0,0.09473684210526316,4.196291994507584,24,0,24,0.0,0.12631578947368421,4.013153506259072,25,1,24,0.04,0.12631578947368421,1.896657
gaussian,gaussian,250,200,120,0.6,20,block_ar1,0.6,225,21,0,21,18,0,18,0.0,0.11052631578947368,0.0,0.09473684210526316,24,2,22,18,0,18,0.08333333333333333,0.11578947368421053,0.0,0.09473684210526316,4.126936213618549,26,2,24,0.07692307692307693,0.12631578947368421,4.007664775623806,28,2,26,0.07142857142857142,0.1368421052631579,4.345171834997865,25,1,24,0.04,0.12631578947368421,3.9759002638899656,28,2,26,0.07142857142857142,0.1368421052631579,4.294565331913414,14,0,14,0.0,0.07368421052631578,4.07748164856731,19,0,19,0.0,0.1,4.3798865543261885,25,1,24,0.04,0.12631578947368421,4.007664775623806,28,2,26,0.07142857142857142,0.1368421052631579,2.104143
gaussian,gaussian,250,200,120,0.6,20,block_ar1,0.6,226,22,2,20,17,0,17,0.09090909090909091,0.10526315789473684,0.0,0.08947368421052632,24,4,20,18,1,17,0.16666666666666666,0.10526315789473684,0.05555555555555555,0.08947368421052632,4.115610239668291,25,2,23,0.08,0.12105263157894737,3.9490324511331076,28,5,23,0.17857142857142858,0.12105263157894737,4.189829048202058,24,1,23,0.041666666666666664,0.12105263157894737,3.939227187865983,28,5,23,0.17857142857142858,0.12105263157894737,4.492572949299446,16,1,15,0.0625,0.07894736842105263,4.030311589858236,18,2,16,0.1111111111111111,0.08421052631578947,4.2002580930127795,24,1,23,0.041666666666666664,0.12105263157894737,3.9490324511331076,28,5,23,0.17857142857142858,0.12105263157894737,1.911212
gaussian,gaussian,250,200,120,0.6,20,block_ar1,0.6,227,27,0,27,25,0,25,0.0,0.14210526315789473,0.0,0.13157894736842105,32,3,29,25,0,25,0.09375,0.15263157894736842,0.0,0.13157894736842105,4.076776209320789,32,2,30,0.0625,0.15789473684210525,3.9029532993474523,33,2,31,0.06060606060606061,0.1631578947368421,4.05558661856248,32,2,30,0.0625,0.15789473684210525,3.882667176461217,33,2,31,0.06060606060606061,0.1631578947368421,4.151041120391257,23,1,22,0.043478260869565216,0.11578947368421053,3.9510940052938492,27,1,26,0.037037037037037035,0.1368421052631579,4.4347093760546095,31,2,29,0.06451612903225806,0.15263157894736842,4.076776209320789,32,2,30,0.0625,0.15789473684210525,1.824642
gaussian,gaussian,250,200,120,0.6,20,block_ar1,0.6,228,24,0,24,21,0,21,0.0,0.12631578947368421,0.0,0.11052631578947368,30,4,26,22,0,22,0.13333333333333333,0.1368421052631579,0.0,0.11578947368421053,4.129251378375427,30,1,29,0.03333333333333333,0.15263157894736842,3.8641771646694894,36,6,30,0.16666666666666666,0.15789473684210525,4.092014023895836,30,1,29,0.03333333333333333,0.15263157894736842,3.9241380211958914,35,5,30,0.14285714285714285,0.15789473684210525,4.271518517153878,19,1,18,0.05263157894736842,0.09473684210526316,4.041201753651664,21,1,20,0.047619047619047616,0.10526315789473684,4.274505686360163,28,0,28,0.0,0.14736842105263157,3.959847702948886,35,5,30,0.14285714285714285,0.15789473684210525,1.782018
gaussian,gaussian,250,200,120,0.6,20,block_ar1,0.6,229,30,6,24,22,1,21,0.2,0.12631578947368421,0.045454545454545456,0.11052631578947368,33,8,25,22,1,21,0.24242424242424243,0.13157894736842105,0.045454545454545456,0.11052631578947368,4.089710564236227,30,4,26,0.13333333333333333,0.1368421052631579,3.8688113416670658,35,8,27,0.22857142857142856,0.14210526315789473,4.202455842721956,29,3,26,0.10344827586206896,0.1368421052631579,3.9625292355692423,34,7,27,0.20588235294117646,0.14210526315789473,4.164181291834651,21,2,19,0.09523809523809523,0.1,3.940544822469556,27,6,21,0.2222222222222222,0.11052631578947368,4.229170024604983,29,3,26,0.10344827586206896,0.1368421052631579,3.9877182513917724,34,7,27,0.20588235294117646,0.14210526315789473,1.914476
gaussian,gaussian,250,200,120,0.6,20,block_ar1,0.6,230,27,1,26,21,0,21,0.037037037037037035,0.1368421052631579,0.0,0.11052631578947368,31,4,27,23,0,23,0.12903225806451613,0.14210526315789473,0.0,0.12105263157894737,4.3784102222270915,29,2,27,0.06896551724137931,0.14210526315789473,3.9057032244356473,30,3,27,0.1,0.14210526315789473,4.327347216859299,29,2,27,0.06896551724137931,0.14210526315789473,4.327347216859299,29,2,27,0.06896551724137931,0.14210526315789473,4.354840959318148,19,1,18,0.05263157894736842,0.09473684210526316,3.9341970844266805,28,5,23,0.17857142857142858,0.12105263157894737,4.3784102222270915,29,2,27,0.06896551724137931,0.14210526315789473,4.3784102222270915,29,2,27,0.06896551724137931,0.14210526315789473,1.872736
gaussian,gaussian,250,200,120,0.6,20,block_ar1,0.6,231,27,3,24,23,0,23,0.1111111111111111,0.12631578947368421,0.0,0.12105263157894737,28,3,25,25,1,24,0.10714285714285714,0.13157894736842105,0.04,0.12631578947368421,4.145463894195679,28,3,25,0.10714285714285714,0.13157894736842105,4.05906739795732,29,3,26,0.10344827586206896,0.1368421052631579,4.124782123853099,28,3,25,0.10714285714285714,0.13157894736842105,4.038816660796843,29,3,26,0.10344827586206896,0.1368421052631579,4.205567578180286,25,2,23,0.08,0.12105263157894737,3.9718545653584902,26,2,24,0.07692307692307693,0.12631578947368421,4.145463894195679,28,3,25,0.10714285714285714,0.13157894736842105,4.05906739795732,29,3,26,0.10344827586206896,0.1368421052631579,1.675975
gaussian,gaussian,250,200,120,0.6,20,block_ar1,0.6,232,20,0,20,19,0,19,0.0,0.10526315789473684,0.0,0.1,25,2,23,19,0,19,0.08,0.12105263157894737,0.0,0.1,4.111513214635471,25,2,23,0.08,0.12105263157894737,4.111513214635471,25,2,23,0.08,0.12105263157894737,4.256710156652781,24,1,23,0.041666666666666664,0.12105263157894737,4.092232552005359,25,2,23,0.08,0.12105263157894737,4.196371111167509,19,2,17,0.10526315789473684,0.08947368421052632,4.067080447667947,21,2,19,0.09523809523809523,0.1,4.276765759896633,24,1,23,0.041666666666666664,0.12105263157894737,4.111513214635471,25,2,23,0.08,0.12105263157894737,1.683883
gaussian,gaussian,250,200,120,0.6,20,block_ar1,0.6,233,23,1,22,16,0,16,0.043478260869565216,0.11578947368421053,0.0,0.08421052631578947,27,4,23,18,0,18,0.14814814814814814,0.12105263157894737,0.0,0.09473684210526316,4.142904707537854,25,1,24,0.04,0.12631578947368421,3.9209603462706557,28,4,24,0.14285714285714285,0.12631578947368421,4.112497217859031,25,1,24,0.04,0.12631578947368421,3.982159721164259,26,2,24,0.07692307692307693,0.12631578947368421,4.40264007556826,9,0,9,0.0,0.04736842105263158,4.011573416184995,21,4,17,0.19047619047619047,0.08947368421052632,4.87950742378546,23,0,23,0.0,0.12105263157894737,4.011603505367903,26,2,24,0.07692307692307693,0.12631578947368421,1.540819
gaussian,gaussian,250,200,120,0.6,20,block_ar1,0.6,234,24,1,23,18,1,17,0.041666666666666664,0.12105263157894737,0.05555555555555555,0.08947368421052632,33,6,27,21,1,20,0.18181818181818182,0.14210526315789473,0.047619047619047616,0.10526315789473684,4.415235178976862,27,1,26,0.037037037037037035,0.1368421052631579,3.8810657151512773,35,6,29,0.17142857142857143,0.15263157894736842,4.3654158567504435,27,1,26,0.037037037037037035,0.1368421052631579,3.8984580124757438,32,5,27,0.15625,0.14210526315789473,4.199111830697111,17,2,15,0.11764705882352941,0.07894736842105263,4.024488534535792,19,3,16,0.15789473684210525,0.08421052631578947,4.415235178976862,27,1,26,0.037037037037037035,0.1368421052631579,3.8810657151512773,35,6,29,0.17142857142857143,0.15263157894736842,1.484237
gaussian,gaussian,250,200,120,0.6,20,block_ar1,0.6,235,22,2,20,14,0,14,0.09090909090909091,0.10526315789473684,0.0,0.07368421052631578,22,2,20,16,0,16,0.09090909090909091,0.10526315789473684,0.0,0.08421052631578947,4.154048467365704,24,2,22,0.08333333333333333,0.11578947368421053,4.154048467365704,24,2,22,0.08333333333333333,0.11578947368421053,4.16225720569917,24,2,22,0.08333333333333333,0.11578947368421053,4.16225720569917,24,2,22,0.08333333333333333,0.11578947368421053,4.243932838964813,14,1,13,0.07142857142857142,0.06842105263157895,4.19802975783126,15,1,14,0.06666666666666667,0.07368421052631578,4.154048467365704,24,2,22,0.08333333333333333,0.11578947368421053,4.154048467365704,24,2,22,0.08333333333333333,0.11578947368421053,1.746192
gaussian,gaussian,250,200,120,0.6,20,block_ar1,0.6,236,24,0,24,19,0,19,0.0,0.12631578947368421,0.0,0.1,24,0,24,19,0,19,0.0,0.12631578947368421,0.0,0.1,4.095744901757669,30,1,29,0.03333333333333333,0.15263157894736842,3.918350227839823,31,2,29,0.06451612903225806,0.15263157894736842,4.082262737101414,29,1,28,0.034482758620689655,0.14736842105263157,4.05752612067705,30,1,29,0.03333333333333333,0.15263157894736842,4.245544634052389,16,0,16,0.0,0.08421052631578947,4.022115873045468,19,0,19,0.0,0.1,4.239462976822648,28,1,27,0.03571428571428571,0.14210526315789473,3.918350227839823,31,2,29,0.06451612903225806,0.15263157894736842,1.51204
gaussian,gaussian,250,200,120,0.6,20,block_ar1,0.6,237,18,0,18,16,0,16,0.0,0.09473684210526316,0.0,0.08421052631578947,20,1,19,16,0,16,0.05,0.1,0.0,0.08421052631578947,4.1721580217231935,23,1,22,0.043478260869565216,0.11578947368421053,4.079373739840956,25,2,23,0.08,0.12105263157894737,4.13398032504944,23,1,22,0.043478260869565216,0.11578947368421053,4.042045073849011,25,2,23,0.08,0.12105263157894737,4.2351477215803905,15,0,15,0.0,0.07894736842105263,4.120307965462372,16,0,16,0.0,0.08421052631578947,4.1721580217231935,23,1,22,0.043478260869565216,0.11578947368421053,4.079373739840956,25,2,23,0.08,0.12105263157894737,1.701499
gaussian,gaussian,250,200,120,0.6,20,block_ar1,0.6,238,23,1,22,18,0,18,0.043478260869565216,0.11578947368421053,0.0,0.09473684210526316,26,1,25,21,0,21,0.038461538461538464,0.13157894736842105,0.0,0.11052631578947368,4.5698680440427,26,1,25,0.038461538461538464,0.13157894736842105,4.060768818733187,29,1,28,0.034482758620689655,0.14736842105263157,4.527004910952845,26,1,25,0.038461538461538464,0.13157894736842105,4.02268078804018,29,1,28,0.034482758620689655,0.14736842105263157,4.229497793927593,15,0,15,0.0,0.07894736842105263,4.016919665895379,19,0,19,0.0,0.1,4.5698680440427,26,1,25,0.038461538461538464,0.13157894736842105,4.060768818733187,29,1,28,0.034482758620689655,0.14736842105263157,1.825592
gaussian,gaussian,250,200,120,0.6,20,block_ar1,0.6,239,19,0,19,12,0,12,0.0,0.1,0.0,0.06315789473684211,21,1,20,13,0,13,0.047619047619047616,0.10526315789473684,0.0,0.06842105263157895,4.21825085063311,22,0,22,0.0,0.11578947368421053,4.016655106374293,25,1,24,0.04,0.12631578947368421,4.194232768013915,22,0,22,0.0,0.11578947368421053,3.9937848794452258,25,1,24,0.04,0.12631578947368421,4.522073738518686,5,0,5,0.0,0.02631578947368421,4.2527469483323515,8,0,8,0.0,0.042105263157894736,4.973915258693478,19,0,19,0.0,0.1,4.016655106374293,25,1,24,0.04,0.12631578947368421,1.470583
gaussian,gaussian,250,200,120,0.6,20,block_ar1,0.6,240,25,2,23,19,0,19,0.08,0.12105263157894737,0.0,0.1,29,3,26,22,1,21,0.10344827586206896,0.1368421052631579,0.045454545454545456,0.11052631578947368,4.120492232703424,32,4,28,0.125,0.14736842105263157,3.8855935441133,34,6,28,0.17647058823529413,0.14736842105263157,4.092809695879238,32,4,28,0.125,0.14736842105263157,3.8941693709703573,33,5,28,0.15151515151515152,0.14736842105263157,4.240828970406732,17,0,17,0.0,0.08947368421052632,4.073830207511467,21,1,20,0.047619047619047616,0.10526315789473684,4.120492232703424,32,4,28,0.125,0.14736842105263157,3.8855935441133,34,6,28,0.17647058823529413,0.14736842105263157,1.601755
gaussian,gaussian,250,200,120,0.6,20,block_ar1,0.6,241,25,4,21,18,1,17,0.16,0.11052631578947368,0.05555555555555555,0.08947368421052632,34,8,26,20,1,19,0.23529411764705882,0.1368421052631579,0.05,0.1,4.09509712014687,31,7,24,0.22580645161290322,0.12631578947368421,3.975188553987669,36,10,26,0.2777777777777778,0.1368421052631579,4.0722300220601575,29,5,24,0.1724137931034483,0.12631578947368421,3.921208688977582,36,10,26,0.2777777777777778,0.1368421052631579,4.1797755018219265,22,2,20,0.09090909090909091,0.10526315789473684,3.972218869395943,27,5,22,0.18518518518518517,0.11578947368421053,4.221623986302512,28,4,24,0.14285714285714285,0.12631578947368421,3.975188553987669,36,10,26,0.2777777777777778,0.1368421052631579,2.240585
gaussian,gaussian,250,200,120,0.6,20,block_ar1,0.6,242,23,0,23,17,0,17,0.0,0.12105263157894737,0.0,0.08947368421052632,25,1,24,19,0,19,0.04,0.12631578947368421,0.0,0.1,4.220168460959722,28,0,28,0.0,0.14736842105263157,4.01446821682168,29,1,28,0.034482758620689655,0.14736842105263157,4.191206966969623,27,0,27,0.0,0.14210526315789473,3.9869183694138153,29,1,28,0.034482758620689655,0.14736842105263157,4.28088172212506,14,0,14,0.0,0.07368421052631578,4.046662156699032,17,0,17,0.0,0.08947368421052632,4.220168460959722,28,0,28,0.0,0.14736842105263157,4.01446821682168,29,1,28,0.034482758620689655,0.14736842105263157,1.531203
gaussian,gaussian,250,200,120,0.6,20,block_ar1,0.6,243,24,0,24,20,0,20,0.0,0.12631578947368421,0.0,0.10526315789473684,27,3,24,22,0,22,0.1111111111111111,0.12631578947368421,0.0,0.11578947368421053,4.307156358447281,27,1,26,0.037037037037037035,0.1368421052631579,3.950721542183718,32,4,28,0.125,0.14736842105263157,4.290941523176246,27,1,26,0.037037037037037035,0.1368421052631579,3.9358485508927012,32,4,28,0.125,0.14736842105263157,4.1965747715857,20,0,20,0.0,0.10526315789473684,3.9854142410613775,21,1,20,0.047619047619047616,0.10526315789473684,4.307156358447281,27,1,26,0.037037037037037035,0.1368421052631579,3.950721542183718,32,4,28,0.125,0.14736842105263157,1.972973
gaussian,gaussian,250,200,120,0.6,20,block_ar1,0.6,244,23,0,23,19,0,19,0.0,0.12105263157894737,0.0,0.1,25,1,24,19,0,19,0.04,0.12631578947368421,0.0,0.1,4.231172769147286,26,1,25,0.038461538461538464,0.13157894736842105,3.972318235276197,28,2,26,0.07142857142857142,0.1368421052631579,4.197061187185407,26,1,25,0.038461538461538464,0.13157894736842105,3.9402935304356532,28,2,26,0.07142857142857142,0.1368421052631579,4.2730458993882525,17,0,17,0.0,0.08947368421052632,4.074447273536651,20,0,20,0.0,0.10526315789473684,4.231172769147286,26,1,25,0.038461538461538464,0.13157894736842105,3.972318235276197,28,2,26,0.07142857142857142,0.1368421052631579,1.625398
gaussian,gaussian,250,200,120,0.6,20,block_ar1,0.6,245,22,1,21,18,0,18,0.045454545454545456,0.11052631578947368,0.0,0.09473684210526316,24,2,22,18,0,18,0.08333333333333333,0.11578947368421053,0.0,0.09473684210526316,4.116694522139516,28,2,26,0.07142857142857142,0.1368421052631579,4.067975610636416,29,3,26,0.10344827586206896,0.1368421052631579,4.201424271888146,26,1,25,0.038461538461538464,0.13157894736842105,4.027546127205204,29,3,26,0.10344827586206896,0.1368421052631579,4.301164763740085,13,0,13,0.0,0.06842105263157895,4.1171461867753045,17,1,16,0.058823529411764705,0.08421052631578947,4.243599186246151,26,1,25,0.038461538461538464,0.13157894736842105,4.067975610636416,29,3,26,0.10344827586206896,0.1368421052631579,1.762048
gaussian,gaussian,250,200,120,0.6,20,block_ar1,0.6,246,26,0,26,19,0,19,0.0,0.1368421052631579,0.0,0.1,29,0,29,21,0,21,0.0,0.15263157894736842,0.0,0.11052631578947368,4.1152322473528375,29,0,29,0.0,0.15263157894736842,3.9697069629544113,31,0,31,0.0,0.1631578947368421,4.120653752075944,28,0,28,0.0,0.14736842105263157,3.933083317644681,30,0,30,0.0,0.15789473684210525,4.399521128661787,14,0,14,0.0,0.07368421052631578,4.0441826520341335,17,1,16,0.058823529411764705,0.08421052631578947,4.1152322473528375,29,0,29,0.0,0.15263157894736842,3.9697069629544113,31,0,31,0.0,0.1631578947368421,1.54162
gaussian,gaussian,250,200,120,0.6,20,block_ar1,0.6,247,21,1,20,19,0,19,0.047619047619047616,0.10526315789473684,0.0,0.1,24,3,21,20,0,20,0.125,0.11052631578947368,0.0,0.10526315789473684,4.303141919297871,25,1,24,0.04,0.12631578947368421,3.9149049216553564,30,4,26,0.13333333333333333,0.1368421052631579,4.255121363895019,25,1,24,0.04,0.12631578947368421,3.9427558960556097,28,3,25,0.10714285714285714,0.13157894736842105,4.248909190994492,17,1,16,0.058823529411764705,0.08421052631578947,3.9970994721448307,20,2,18,0.1,0.09473684210526316,4.303141919297871,25,1,24,0.04,0.12631578947368421,3.9872512962462983,28,3,25,0.10714285714285714,0.13157894736842105,1.610384
gaussian,gaussian,250,200,120,0.6,20,block_ar1,0.6,248,23,1,22,21,0,21,0.043478260869565216,0.11578947368421053,0.0,0.11052631578947368,29,2,27,21,0,21,0.06896551724137931,0.14210526315789473,0.0,0.11052631578947368,4.101025508702617,28,2,26,0.07142857142857142,0.1368421052631579,3.9253243111651543,29,2,27,0.06896551724137931,0.14210526315789473,4.648851457833517,26,0,26,0.0,0.1368421052631579,4.065502318328978,28,2,26,0.07142857142857142,0.1368421052631579,4.394512438706979,18,1,17,0.05555555555555555,0.08947368421052632,3.999173240149911,21,2,19,0.09523809523809523,0.1,4.689471785267807,26,0,26,0.0,0.1368421052631579,4.101025508702617,28,2,26,0.07142857142857142,0.1368421052631579,1.590558
gaussian,gaussian,250,200,120,0.6,20,block_ar1,0.6,249,22,0,22,19,0,19,0.0,0.11578947368421053,0.0,0.1,25,1,24,21,0,21,0.04,0.12631578947368421,0.0,0.11052631578947368,4.311933933925887,26,0,26,0.0,0.1368421052631579,3.963899952767067,28,2,26,0.07142857142857142,0.1368421052631579,4.28859330734685,26,0,26,0.0,0.1368421052631579,3.9424432444751663,28,2,26,0.07142857142857142,0.1368421052631579,4.2705931331897595,21,1,20,0.047619047619047616,0.10526315789473684,4.111208293015335,22,1,21,0.045454545454545456,0.11052631578947368,4.311933933925887,26,0,26,0.0,0.1368421052631579,3.963899952767067,28,2,26,0.07142857142857142,0.1368421052631579,1.549374
gaussian,gaussian,250,200,120,0.6,20,block_ar1,0.6,250,25,3,22,19,0,19,0.12,0.11578947368421053,0.0,0.1,26,4,22,19,0,19,0.15384615384615385,0.11578947368421053,0.0,0.1,4.1412556367863536,23,1,22,0.043478260869565216,0.11578947368421053,3.91867143552299,28,4,24,0.14285714285714285,0.12631578947368421,4.1283649406748,23,1,22,0.043478260869565216,0.11578947368421053,3.966378198505839,27,3,24,0.1111111111111111,0.12631578947368421,4.266596127079241,19,1,18,0.05263157894736842,0.09473684210526316,3.995074881676492,22,2,20,0.09090909090909091,0.10526315789473684,4.951107703643597,22,0,22,0.0,0.11578947368421053,3.978763095857495,27,3,24,0.1111111111111111,0.12631578947368421,1.675074
gaussian,gaussian,250,200,120,0.6,20,block_ar1,0.6,251,21,0,21,19,0,19,0.0,0.11052631578947368,0.0,0.1,23,1,22,19,0,19,0.043478260869565216,0.11578947368421053,0.0,0.1,4.206037743834523,24,1,23,0.041666666666666664,0.12105263157894737,4.0475041659763535,25,2,23,0.08,0.12105263157894737,4.170145055552703,24,1,23,0.041666666666666664,0.12105263157894737,4.012964341515265,25,2,23,0.08,0.12105263157894737,4.208982170968858,16,0,16,0.0,0.08421052631578947,4.108347070809223,17,1,16,0.058823529411764705,0.08421052631578947,4.206037743834523,24,1,23,0.041666666666666664,0.12105263157894737,4.0475041659763535,25,2,23,0.08,0.12105263157894737,1.62073
gaussian,gaussian,250,200,120,0.6,20,block_ar1,0.6,252,22,0,22,21,0,21,0.0,0.11578947368421053,0.0,0.11052631578947368,24,1,23,22,0,22,0.041666666666666664,0.12105263157894737,0.0,0.11578947368421053,4.162939500605351,26,0,26,0.0,0.1368421052631579,4.01324264827721,28,1,27,0.03571428571428571,0.14210526315789473,4.132254509160935,26,0,26,0.0,0.1368421052631579,3.983661071050628,28,1,27,0.03571428571428571,0.14210526315789473,4.156319397664677,21,0,21,0.0,0.11052631578947368,3.9623337753431764,25,1,24,0.04,0.12631578947368421,4.162939500605351,26,0,26,0.0,0.1368421052631579,4.01324264827721,28,1,27,0.03571428571428571,0.14210526315789473,1.607419
gaussian,gaussian,250,200,120,0.6,20,block_ar1,0.6,253,37,4,33,24,0,24,0.10810810810810811,0.1736842105263158,0.0,0.12631578947368421,43,7,36,25,0,25,0.16279069767441862,0.18947368421052632,0.0,0.13157894736842105,4.016882389354143,42,6,36,0.14285714285714285,0.18947368421052632,3.8299010859902496,45,7,38,0.15555555555555556,0.2,4.089472143512034,41,5,36,0.12195121951219512,0.18947368421052632,3.8342202671774657,44,7,37,0.1590909090909091,0.19473684210526315,4.209862029432977,22,0,22,0.0,0.11578947368421053,4.004887286698575,27,1,26,0.037037037037037035,0.1368421052631579,4.016882389354143,42,6,36,0.14285714285714285,0.18947368421052632,3.8299010859902496,45,7,38,0.15555555555555556,0.2,1.497362
gaussian,gaussian,250,200,120,0.6,20,block_ar1,0.6,254,24,3,21,18,1,17,0.125,0.11052631578947368,0.05555555555555555,0.08947368421052632,26,4,22,23,2,21,0.15384615384615385,0.11578947368421053,0.08695652173913043,0.11052631578947368,4.459807330272297,25,2,23,0.08,0.12105263157894737,3.969025122085217,30,5,25,0.16666666666666666,0.13157894736842105,4.449857643023955,25,2,23,0.08,0.12105263157894737,3.960170354217217,30,5,25,0.16666666666666666,0.13157894736842105,4.249344029761455,16,2,14,0.125,0.07368421052631578,4.024078056920896,19,2,17,0.10526315789473684,0.08947368421052632,4.459807330272297,25,2,23,0.08,0.12105263157894737,3.969025122085217,30,5,25,0.16666666666666666,0.13157894736842105,1.685706
gaussian,gaussian,250,200,120,0.6,20,block_ar1,0.6,255,27,2,25,19,1,18,0.07407407407407407,0.13157894736842105,0.05263157894736842,0.09473684210526316,30,4,26,20,1,19,0.13333333333333333,0.1368421052631579,0.05,0.1,4.230217121549434,29,2,27,0.06896551724137931,0.14210526315789473,3.8995722083917714,32,4,28,0.125,0.14736842105263157,4.204200759816488,29,2,27,0.06896551724137931,0.14210526315789473,3.939460094628705,31,4,27,0.12903225806451613,0.14210526315789473,4.1579751465769,20,2,18,0.1,0.09473684210526316,4.04386314193385,24,4,20,0.16666666666666666,0.10526315789473684,4.230217121549434,29,2,27,0.06896551724137931,0.14210526315789473,3.963838192799935,31,4,27,0.12903225806451613,0.14210526315789473,1.579693
gaussian,gaussian,250,200,120,0.6,20,block_ar1,0.6,256,24,0,24,18,0,18,0.0,0.12631578947368421,0.0,0.09473684210526316,27,0,27,19,0,19,0.0,0.14210526315789473,0.0,0.1,4.1390459796825025,28,1,27,0.03571428571428571,0.14210526315789473,3.941817428145039,29,1,28,0.034482758620689655,0.14736842105263157,4.1184916790967705,28,1,27,0.03571428571428571,0.14210526315789473,3.9222425549327387,29,1,28,0.034482758620689655,0.14736842105263157,4.38873458668772,12,0,12,0.0,0.06315789473684211,4.142498845196227,15,0,15,0.0,0.07894736842105263,4.409221440486902,27,1,26,0.037037037037037035,0.1368421052631579,3.941817428145039,29,1,28,0.034482758620689655,0.14736842105263157,1.846229
gaussian,gaussian,250,200,120,0.6,20,block_ar1,0.6,257,24,1,23,18,0,18,0.041666666666666664,0.12105263157894737,0.0,0.09473684210526316,26,1,25,19,0,19,0.038461538461538464,0.13157894736842105,0.0,0.1,4.149539628209439,29,2,27,0.06896551724137931,0.14210526315789473,3.9146113954879596,31,3,28,0.0967741935483871,0.14736842105263157,4.124874428434502,29,2,27,0.06896551724137931,0.14210526315789473,3.9039894473360093,30,2,28,0.06666666666666667,0.14736842105263157,4.27454055303545,14,0,14,0.0,0.07368421052631578,4.12600024208485,15,0,15,0.0,0.07894736842105263,4.149539628209439,29,2,27,0.06896551724137931,0.14210526315789473,3.9146113954879596,31,3,28,0.0967741935483871,0.14736842105263157,1.622846
gaussian,gaussian,250,200,120,0.6,20,block_ar1,0.6,258,22,1,21,17,0,17,0.045454545454545456,0.11052631578947368,0.0,0.08947368421052632,23,2,21,17,0,17,0.08695652173913043,0.11052631578947368,0.0,0.08947368421052632,4.265480218097211,23,1,22,0.043478260869565216,0.11578947368421053,3.954545880187183,27,3,24,0.1111111111111111,0.12631578947368421,4.252425343304401,23,1,22,0.043478260869565216,0.11578947368421053,3.9424426470953424,27,3,24,0.1111111111111111,0.12631578947368421,4.2162962376228235,18,1,17,0.05555555555555555,0.08947368421052632,4.2162962376228235,18,1,17,0.05555555555555555,0.08947368421052632,4.265480218097211,23,1,22,0.043478260869565216,0.11578947368421053,3.9909160168226827,26,2,24,0.07692307692307693,0.12631578947368421,1.530943
gaussian,gaussian,250,200,120,0.6,20,block_ar1,0.6,259,25,0,25,23,0,23,0.0,0.13157894736842105,0.0,0.12105263157894737,29,4,25,24,0,24,0.13793103448275862,0.13157894736842105,0.0,0.12631578947368421,4.3354444042771085,27,0,27,0.0,0.14210526315789473,3.8734812816040045,34,5,29,0.14705882352941177,0.15263157894736842,4.287364211996286,27,0,27,0.0,0.14210526315789473,3.8914345274552398,32,3,29,0.09375,0.15263157894736842,4.2741517675554235,21,0,21,0.0,0.11052631578947368,4.011666861409475,24,3,21,0.125,0.11052631578947368,4.3354444042771085,27,0,27,0.0,0.14210526315789473,3.915583828404941,33,4,29,0.12121212121212122,0.15263157894736842,1.623828
gaussian,gaussian,250,200,120,0.6,20,block_ar1,0.6,260,22,2,20,19,0,19,0.09090909090909091,0.10526315789473684,0.0,0.1,25,5,20,19,0,19,0.2,0.10526315789473684,0.0,0.1,4.128728521311062,24,2,22,0.08333333333333333,0.11578947368421053,3.9562606732358896,28,5,23,0.17857142857142858,0.12105263157894737,4.156248680471646,23,2,21,0.08695652173913043,0.11052631578947368,3.9285053807213024,28,5,23,0.17857142857142858,0.12105263157894737,4.289495172218534,22,3,19,0.13636363636363635,0.1,3.978268555291005,27,7,20,0.25925925925925924,0.10526315789473684,4.24342238320514,22,1,21,0.045454545454545456,0.11052631578947368,3.9562606732358896,28,5,23,0.17857142857142858,0.12105263157894737,1.576439
gaussian,gaussian,250,200,120,0.6,20,block_ar1,0.6,261,37,4,33,29,1,28,0.10810810810810811,0.1736842105263158,0.034482758620689655,0.14736842105263157,40,7,33,29,1,28,0.175,0.1736842105263158,0.034482758620689655,0.14736842105263157,4.000445759031411,41,5,36,0.12195121951219512,0.18947368421052632,3.7954679492233097,46,8,38,0.17391304347826086,0.2,4.0865482534819275,40,5,35,0.125,0.18421052631578946,3.871416627658913,45,7,38,0.15555555555555556,0.2,4.171799721983044,29,2,27,0.06896551724137931,0.14210526315789473,3.894114319592236,35,4,31,0.11428571428571428,0.1631578947368421,4.1201252112166085,40,5,35,0.125,0.18421052631578946,3.9032259651283745,45,7,38,0.15555555555555556,0.2,1.605861
gaussian,gaussian,250,200,120,0.6,20,block_ar1,0.6,262,24,0,24,19,0,19,0.0,0.12631578947368421,0.0,0.1,26,1,25,19,0,19,0.038461538461538464,0.13157894736842105,0.0,0.1,4.0909358214494524,27,0,27,0.0,0.14210526315789473,3.9526254658242816,30,1,29,0.03333333333333333,0.15263157894736842,4.241638935575093,26,0,26,0.0,0.1368421052631579,3.932908107212687,30,1,29,0.03333333333333333,0.15263157894736842,4.188616477448741,21,0,21,0.0,0.11052631578947368,3.9779747919770143,23,0,23,0.0,0.12105263157894737,4.262904094514417,26,0,26,0.0,0.1368421052631579,3.9526254658242816,30,1,29,0.03333333333333333,0.15263157894736842,1.78701
gaussian,gaussian,250,200,120,0.6,20,block_ar1,0.6,263,22,2,20,17,0,17,0.09090909090909091,0.10526315789473684,0.0,0.08947368421052632,29,7,22,17,0,17,0.2413793103448276,0.11578947368421053,0.0,0.08947368421052632,4.2670150269493785,27,2,25,0.07407407407407407,0.13157894736842105,3.895015196952895,32,7,25,0.21875,0.13157894736842105,4.2630120269307765,27,2,25,0.07407407407407407,0.13157894736842105,3.8913611798455303,32,7,25,0.21875,0.13157894736842105,4.324276194877366,13,1,12,0.07692307692307693,0.06315789473684211,4.004565344533273,22,5,17,0.22727272727272727,0.08947368421052632,4.2670150269493785,27,2,25,0.07407407407407407,0.13157894736842105,3.895015196952895,32,7,25,0.21875,0.13157894736842105,1.556054
gaussian,gaussian,250,200,120,0.6,20,block_ar1,0.6,264,22,0,22,18,0,18,0.0,0.11578947368421053,0.0,0.09473684210526316,25,0,25,18,0,18,0.0,0.13157894736842105,0.0,0.09473684210526316,4.229838436663204,26,0,26,0.0,0.1368421052631579,3.951297917254184,28,0,28,0.0,0.14736842105263157,4.20159586918994,25,0,25,0.0,0.13157894736842105,3.9366109719399853,26,0,26,0.0,0.1368421052631579,4.40008172319354,17,0,17,0.0,0.08947368421052632,4.026008262566089,19,0,19,0.0,0.1,4.229838436663204,26,0,26,0.0,0.1368421052631579,4.229838436663204,26,0,26,0.0,0.1368421052631579,1.537724
gaussian,gaussian,250,200,120,0.6,20,block_ar1,0.6,265,22,2,20,17,0,17,0.09090909090909091,0.10526315789473684,0.0,0.08947368421052632,25,2,23,17,0,17,0.08,0.12105263157894737,0.0,0.08947368421052632,4.09897592841338,26,3,23,0.11538461538461539,0.12105263157894737,3.969356661269242,27,3,24,0.1111111111111111,0.12631578947368421,4.505072211226392,25,2,23,0.08,0.12105263157894737,3.9343307542697326,27,3,24,0.1111111111111111,0.12631578947368421,4.379279327735415,11,0,11,0.0,0.05789473684210526,4.121737447161202,14,0,14,0.0,0.07368421052631578,4.54517922056343,25,2,23,0.08,0.12105263157894737,4.09897592841338,26,3,23,0.11538461538461539,0.12105263157894737,1.651835
gaussian,gaussian,250,200,120,0.6,20,block_ar1,0.6,266,28,2,26,22,0,22,0.07142857142857142,0.1368421052631579,0.0,0.11578947368421053,31,4,27,24,0,24,0.12903225806451613,0.14210526315789473,0.0,0.12631578947368421,4.138663087183991,27,0,27,0.0,0.14210526315789473,3.908168213221218,31,4,27,0.12903225806451613,0.14210526315789473,4.473405682556503,26,0,26,0.0,0.1368421052631579,3.914355247774569,29,3,26,0.10344827586206896,0.1368421052631579,4.150818542863701,22,0,22,0.0,0.11578947368421053,3.9186683103044437,28,2,26,0.07142857142857142,0.1368421052631579,4.138663087183991,27,0,27,0.0,0.14210526315789473,3.937854697896735,30,3,27,0.1,0.14210526315789473,1.573612
gaussian,gaussian,250,200,120,0.6,20,block_ar1,0.6,267,22,1,21,18,0,18,0.045454545454545456,0.11052631578947368,0.0,0.09473684210526316,24,2,22,20,0,20,0.08333333333333333,0.11578947368421053,0.0,0.10526315789473684,4.27943398008794,25,1,24,0.04,0.12631578947368421,3.9417187611720226,29,3,26,0.10344827586206896,0.1368421052631579,4.248954621648537,25,1,24,0.04,0.12631578947368421,3.9136447075593033,29,3,26,0.10344827586206896,0.1368421052631579,4.173174532069316,19,1,18,0.05263157894736842,0.09473684210526316,4.173174532069316,19,1,18,0.05263157894736842,0.09473684210526316,4.27943398008794,25,1,24,0.04,0.12631578947368421,3.9417187611720226,29,3,26,0.10344827586206896,0.1368421052631579,1.583216
gaussian,gaussian,250,200,120,0.6,20,block_ar1,0.6,268,23,2,21,16,0,16,0.08695652173913043,0.11052631578947368,0.0,0.08421052631578947,26,4,22,17,0,17,0.15384615384615385,0.11578947368421053,0.0,0.08947368421052632,4.117500186455997,27,3,24,0.1111111111111111,0.12631578947368421,4.031167077790283,28,4,24,0.14285714285714285,0.12631578947368421,4.114002298692987,27,3,24,0.1111111111111111,0.12631578947368421,4.027742531499203,28,4,24,0.14285714285714285,0.12631578947368421,4.2106360473898725,16,0,16,0.0,0.08421052631578947,3.9744673032677507,24,4,20,0.16666666666666666,0.10526315789473684,4.1985935366782945,25,2,23,0.08,0.12105263157894737,4.031167077790283,28,4,24,0.14285714285714285,0.12631578947368421,1.496185
gaussian,gaussian,250,200,120,0.6,20,block_ar1,0.6,269,20,1,19,19,0,19,0.05,0.1,0.0,0.1,23,1,22,19,0,19,0.043478260869565216,0.11578947368421053,0.0,0.1,4.212655569720514,27,1,26,0.037037037037037035,0.1368421052631579,4.212655569720514,27,1,26,0.037037037037037035,0.1368421052631579,4.188318550404795,27,1,26,0.037037037037037035,0.1368421052631579,4.188318550404795,27,1,26,0.037037037037037035,0.1368421052631579,4.259517326790158,17,1,16,0.058823529411764705,0.08421052631578947,4.008774120914887,20,3,17,0.15,0.08947368421052632,4.212655569720514,27,1,26,0.037037037037037035,0.1368421052631579,4.212655569720514,27,1,26,0.037037037037037035,0.1368421052631579,1.893543
gaussian,gaussian,250,200,120,0.6,20,block_ar1,0.6,270,23,0,23,19,0,19,0.0,0.12105263157894737,0.0,0.1,27,4,23,20,0,20,0.14814814814814814,0.12105263157894737,0.0,0.10526315789473684,4.15803714992897,25,1,24,0.04,0.12631578947368421,3.90461763130721,30,5,25,0.16666666666666666,0.13157894736842105,4.135314679462772,25,1,24,0.04,0.12631578947368421,4.0562121027843485,27,3,24,0.1111111111111111,0.12631578947368421,4.2119212508649655,16,1,15,0.0625,0.07894736842105263,3.991200264239648,22,1,21,0.045454545454545456,0.11052631578947368,4.485217580189724,24,1,23,0.041666666666666664,0.12105263157894737,4.0784999253212595,27,3,24,0.1111111111111111,0.12631578947368421,1.641907
gaussian,gaussian,250,200,120,0.6,20,block_ar1,0.6,271,25,2,23,16,0,16,0.08,0.12105263157894737,0.0,0.08421052631578947,29,5,24,21,1,20,0.1724137931034483,0.12631578947368421,0.047619047619047616,0.10526315789473684,4.138461150418504,25,2,23,0.08,0.12105263157894737,3.933765364296107,28,5,23,0.17857142857142858,0.12105263157894737,4.116410526394495,25,2,23,0.08,0.12105263157894737,3.9355850130111443,27,4,23,0.14814814814814814,0.12105263157894737,4.239085383102508,15,1,14,0.06666666666666667,0.07368421052631578,4.023175564499768,19,4,15,0.21052631578947367,0.07894736842105263,4.356985510713803,24,1,23,0.041666666666666664,0.12105263157894737,3.956666998124141,27,4,23,0.14814814814814814,0.12105263157894737,1.498836
gaussian,gaussian,250,200,120,0.6,20,block_ar1,0.6,272,23,1,22,18,0,18,0.043478260869565216,0.11578947368421053,0.0,0.09473684210526316,25,3,22,19,0,19,0.12,0.11578947368421053,0.0,0.1,4.11288988630463,30,3,27,0.1,0.14210526315789473,3.9031331457107106,35,7,28,0.2,0.14736842105263157,4.07835918259903,29,2,27,0.06896551724137931,0.14210526315789473,3.9551424163866007,31,4,27,0.12903225806451613,0.14210526315789473,4.242167087853222,17,0,17,0.0,0.08947368421052632,4.017651962215031,20,0,20,0.0,0.10526315789473684,4.278657172850288,28,1,27,0.03571428571428571,0.14210526315789473,4.014986037681008,31,4,27,0.12903225806451613,0.14210526315789473,1.65298
gaussian,gaussian,250,200,120,0.6,20,block_ar1,0.6,273,27,2,25,18,0,18,0.07407407407407407,0.13157894736842105,0.0,0.09473684210526316,35,8,27,22,1,21,0.22857142857142856,0.14210526315789473,0.045454545454545456,0.11052631578947368,4.088999323804999,32,2,30,0.0625,0.15789473684210525,3.8878832032804826,37,7,30,0.1891891891891892,0.15789473684210525,4.06204288170954,32,2,30,0.0625,0.15789473684210525,3.8622526051453834,37,7,30,0.1891891891891892,0.15789473684210525,4.15111451285192,21,1,20,0.047619047619047616,0.10526315789473684,3.957583059124655,24,2,22,0.08333333333333333,0.11578947368421053,4.280478089663196,31,1,30,0.03225806451612903,0.15789473684210525,3.908946882336926,36,6,30,0.16666666666666666,0.15789473684210525,1.623532
gaussian,gaussian,250,200,120,0.6,20,block_ar1,0.6,274,23,2,21,16,1,15,0.08695652173913043,0.11052631578947368,0.0625,0.07894736842105263,27,2,25,17,1,16,0.07407407407407407,0.13157894736842105,0.058823529411764705,0.08421052631578947,4.119157001484441,32,2,30,0.0625,0.15789473684210525,3.8859202807236217,34,4,30,0.11764705882352941,0.15789473684210525,4.072267331811175,32,2,30,0.0625,0.15789473684210525,4.072267331811175,32,2,30,0.0625,0.15789473684210525,4.5382348960130034,14,1,13,0.07142857142857142,0.06842105263157895,4.1099815870742225,17,2,15,0.11764705882352941,0.07894736842105263,4.119157001484441,32,2,30,0.0625,0.15789473684210525,3.9181731574915615,33,3,30,0.09090909090909091,0.15789473684210525,1.566353
gaussian,gaussian,250,200,120,0.6,20,block_ar1,0.6,275,24,2,22,16,0,16,0.08333333333333333,0.11578947368421053,0.0,0.08421052631578947,29,5,24,17,0,17,0.1724137931034483,0.12631578947368421,0.0,0.08947368421052632,4.0805547608696795,29,3,26,0.10344827586206896,0.1368421052631579,3.8776181162098746,33,6,27,0.18181818181818182,0.14210526315789473,4.122057448948989,28,3,25,0.10714285714285714,0.13157894736842105,3.9052809509969126,32,5,27,0.15625,0.14210526315789473,4.274296980254209,14,1,13,0.07142857142857142,0.06842105263157895,4.091915017964697,15,1,14,0.06666666666666667,0.07368421052631578,4.562479311801373,23,0,23,0.0,0.12105263157894737,3.917548028092606,32,5,27,0.15625,0.14210526315789473,1.740751
gaussian,gaussian,250,200,120,0.6,20,block_ar1,0.6,276,25,2,23,18,0,18,0.08,0.12105263157894737,0.0,0.09473684210526316,31,5,26,20,0,20,0.16129032258064516,0.1368421052631579,0.0,0.10526315789473684,4.069919186435155,33,3,30,0.09090909090909091,0.15789473684210525,3.9277361224143266,35,5,30,0.14285714285714285,0.15789473684210525,4.042457356643993,33,3,30,0.09090909090909091,0.15789473684210525,3.9012336745972194,35,5,30,0.14285714285714285,0.15789473684210525,4.18128272183522,20,2,18,0.1,0.09473684210526316,3.954969862941922,24,4,20,0.16666666666666666,0.10526315789473684,4.1561701910039766,31,3,28,0.0967741935483871,0.14736842105263157,3.9277361224143266,35,5,30,0.14285714285714285,0.15789473684210525,1.652542
gaussian,gaussian,250,200,120,0.6,20,block_ar1,0.6,277,25,1,24,20,0,20,0.04,0.12631578947368421,0.0,0.10526315789473684,29,3,26,21,0,21,0.10344827586206896,0.1368421052631579,0.0,0.11052631578947368,4.129502285284326,26,1,25,0.038461538461538464,0.13157894736842105,3.8927286530652303,31,3,28,0.0967741935483871,0.14736842105263157,4.221412277023889,25,1,24,0.04,0.12631578947368421,3.9239875386967884,29,3,26,0.10344827586206896,0.1368421052631579,4.1981781011700985,18,1,17,0.05555555555555555,0.08947368421052632,3.9124473308642322,29,5,24,0.1724137931034483,0.12631578947368421,4.129502285284326,26,1,25,0.038461538461538464,0.13157894736842105,3.91009541385065,30,3,27,0.1,0.14210526315789473,1.557929
gaussian,gaussian,250,200,120,0.6,20,block_ar1,0.6,278,24,1,23,20,0,20,0.041666666666666664,0.12105263157894737,0.0,0.10526315789473684,27,2,25,21,0,21,0.07407407407407407,0.13157894736842105,0.0,0.11052631578947368,4.105443269624338,29,1,28,0.034482758620689655,0.14736842105263157,3.917014312662367,31,2,29,0.06451612903225806,0.15263157894736842,4.079258670427919,29,1,28,0.034482758620689655,0.14736842105263157,3.892031517118079,31,2,29,0.06451612903225806,0.15263157894736842,4.390653873687289,15,0,15,0.0,0.07894736842105263,4.079313683956314,18,0,18,0.0,0.09473684210526316,4.149860470787721,28,1,27,0.03571428571428571,0.14210526315789473,3.917014312662367,31,2,29,0.06451612903225806,0.15263157894736842,1.530074
gaussian,gaussian,250,200,120,0.6,20,block_ar1,0.6,279,18,0,18,17,0,17,0.0,0.09473684210526316,0.0,0.08947368421052632,22,2,20,18,0,18,0.09090909090909091,0.10526315789473684,0.0,0.09473684210526316,4.5763750666084935,21,0,21,0.0,0.11052631578947368,3.9711704907353593,24,2,22,0.08333333333333333,0.11578947368421053,4.549853973444216,21,0,21,0.0,0.11052631578947368,3.976817428554925,23,2,21,0.08695652173913043,0.11052631578947368,4.394464716509867,13,0,13,0.0,0.06842105263157895,4.054648003723285,17,1,16,0.058823529411764705,0.08421052631578947,4.5763750666084935,21,0,21,0.0,0.11052631578947368,3.9711704907353593,24,2,22,0.08333333333333333,0.11578947368421053,1.691078
gaussian,gaussian,250,200,120,0.6,20,block_ar1,0.6,280,21,1,20,21,1,20,0.047619047619047616,0.10526315789473684,0.047619047619047616,0.10526315789473684,23,2,21,21,1,20,0.08695652173913043,0.11052631578947368,0.047619047619047616,0.10526315789473684,4.173468565025959,24,1,23,0.041666666666666664,0.12105263157894737,3.95529350165544,26,2,24,0.07692307692307693,0.12631578947368421,4.136244437585329,24,1,23,0.041666666666666664,0.12105263157894737,3.977166394037196,25,2,23,0.08,0.12105263157894737,4.235794469901849,15,0,15,0.0,0.07894736842105263,4.04414727583635,18,1,17,0.05555555555555555,0.08947368421052632,4.173468565025959,24,1,23,0.041666666666666664,0.12105263157894737,4.012958898793191,25,2,23,0.08,0.12105263157894737,1.568744
gaussian,gaussian,250,200,120,0.6,20,block_ar1,0.6,281,22,1,21,18,0,18,0.045454545454545456,0.11052631578947368,0.0,0.09473684210526316,26,4,22,19,0,19,0.15384615384615385,0.11578947368421053,0.0,0.1,4.248420003091356,22,0,22,0.0,0.11578947368421053,3.9070204381637166,30,3,27,0.1,0.14210526315789473,4.236957450240725,22,0,22,0.0,0.11578947368421053,3.9576094844813783,26,3,23,0.11538461538461539,0.12105263157894737,4.19894275498446,18,1,17,0.05555555555555555,0.08947368421052632,4.010119340609982,22,3,19,0.13636363636363635,0.1,4.248420003091356,22,0,22,0.0,0.11578947368421053,3.9070204381637166,30,3,27,0.1,0.14210526315789473,1.61641
gaussian,gaussian,250,200,120,0.6,20,block_ar1,0.6,282,23,1,22,19,0,19,0.043478260869565216,0.11578947368421053,0.0,0.1,30,5,25,21,1,20,0.16666666666666666,0.13157894736842105,0.047619047619047616,0.10526315789473684,4.488373004440328,26,1,25,0.038461538461538464,0.13157894736842105,3.9136144610038452,31,6,25,0.1935483870967742,0.13157894736842105,4.459794877348823,26,1,25,0.038461538461538464,0.13157894736842105,3.9219726045930177,28,3,25,0.10714285714285714,0.13157894736842105,4.200528760749778,20,1,19,0.05,0.1,3.9817807272341588,23,3,20,0.13043478260869565,0.10526315789473684,4.488373004440328,26,1,25,0.038461538461538464,0.13157894736842105,4.0050157990559265,27,2,25,0.07407407407407407,0.13157894736842105,1.689093
gaussian,gaussian,250,200,120,0.6,20,block_ar1,0.6,283,25,1,24,23,0,23,0.04,0.12631578947368421,0.0,0.12105263157894737,27,2,25,23,0,23,0.07407407407407407,0.13157894736842105,0.0,0.12105263157894737,4.090729230011271,28,1,27,0.03571428571428571,0.14210526315789473,3.9921719382730667,29,1,28,0.034482758620689655,0.14736842105263157,4.140080412972452,27,1,26,0.037037037037037035,0.1368421052631579,3.977631024287002,29,1,28,0.034482758620689655,0.14736842105263157,4.183903949571692,20,0,20,0.0,0.10526315789473684,3.9578403971024585,25,3,22,0.12,0.11578947368421053,4.1552151886248065,27,1,26,0.037037037037037035,0.1368421052631579,3.9921719382730667,29,1,28,0.034482758620689655,0.14736842105263157,1.560376
gaussian,gaussian,250,200,120,0.6,20,block_ar1,0.6,284,28,2,26,21,0,21,0.07142857142857142,0.1368421052631579,0.0,0.11052631578947368,34,6,28,22,0,22,0.17647058823529413,0.14736842105263157,0.0,0.11578947368421053,4.2431793334700645,30,2,28,0.06666666666666667,0.14736842105263157,3.893623034159904,34,6,28,0.17647058823529413,0.14736842105263157,4.230657422548183,29,2,27,0.06896551724137931,0.14210526315789473,3.882132687661335,33,6,27,0.18181818181818182,0.14210526315789473,4.29866008650033,15,1,14,0.06666666666666667,0.07368421052631578,3.9558658676210467,25,3,22,0.12,0.11578947368421053,4.2431793334700645,30,2,28,0.06666666666666667,0.14736842105263157,3.893623034159904,34,6,28,0.17647058823529413,0.14736842105263157,1.497379
gaussian,gaussian,250,200,120,0.6,20,block_ar1,0.6,285,28,3,25,19,0,19,0.10714285714285714,0.13157894736842105,0.0,0.1,28,3,25,20,0,20,0.10714285714285714,0.13157894736842105,0.0,0.10526315789473684,4.099264301171259,30,3,27,0.1,0.14210526315789473,4.099264301171259,30,3,27,0.1,0.14210526315789473,4.065022561177135,30,3,27,0.1,0.14210526315789473,4.065022561177135,30,3,27,0.1,0.14210526315789473,4.652078922111722,14,1,13,0.07142857142857142,0.06842105263157895,3.9895533695325334,21,2,19,0.09523809523809523,0.1,4.223500995488761,28,3,25,0.10714285714285714,0.13157894736842105,4.099264301171259,30,3,27,0.1,0.14210526315789473,1.691032
gaussian,gaussian,250,200,120,0.6,20,block_ar1,0.6,286,24,2,22,19,0,19,0.08333333333333333,0.11578947368421053,0.0,0.1,27,3,24,19,0,19,0.1111111111111111,0.12631578947368421,0.0,0.1,4.059779344199084,31,3,28,0.0967741935483871,0.14736842105263157,4.059779344199084,31,3,28,0.0967741935483871,0.14736842105263157,4.088886891122418,30,2,28,0.06666666666666667,0.14736842105263157,4.034536528606598,31,3,28,0.0967741935483871,0.14736842105263157,4.215677352162476,19,2,17,0.10526315789473684,0.08947368421052632,3.9639947770010417,25,4,21,0.16,0.11052631578947368,4.11446975969711,30,2,28,0.06666666666666667,0.14736842105263157,4.059779344199084,31,3,28,0.0967741935483871,0.14736842105263157,1.5656
gaussian,gaussian,250,200,120,0.6,20,block_ar1,0.6,287,20,0,20,19,0,19,0.0,0.10526315789473684,0.0,0.1,23,1,22,19,0,19,0.043478260869565216,0.11578947368421053,0.0,0.1,4.133487012209145,23,0,23,0.0,0.12105263157894737,4.00416677288181,24,1,23,0.041666666666666664,0.12105263157894737,4.5647297068126695,22,0,22,0.0,0.11578947368421053,3.9914638405666962,24,1,23,0.041666666666666664,0.12105263157894737,4.254491791591667,14,0,14,0.0,0.07368421052631578,4.212962073530099,15,0,15,0.0,0.07894736842105263,4.579257071914442,22,0,22,0.0,0.11578947368421053,4.00416677288181,24,1,23,0.041666666666666664,0.12105263157894737,1.54496
gaussian,gaussian,250,200,120,0.6,20,block_ar1,0.6,288,20,1,19,18,1,17,0.05,0.1,0.05555555555555555,0.08947368421052632,23,2,21,19,1,18,0.08695652173913043,0.11052631578947368,0.05263157894736842,0.09473684210526316,4.167261955839359,24,1,23,0.041666666666666664,0.12105263157894737,3.9447795097533764,27,2,25,0.07407407407407407,0.13157894736842105,4.15836196337115,24,1,23,0.041666666666666664,0.12105263157894737,3.9363546715028432,27,2,25,0.07407407407407407,0.13157894736842105,4.442434800161969,15,1,14,0.06666666666666667,0.07368421052631578,4.0137975102849,20,2,18,0.1,0.09473684210526316,4.167261955839359,24,1,23,0.041666666666666664,0.12105263157894737,3.9447795097533764,27,2,25,0.07407407407407407,0.13157894736842105,2.05494
gaussian,gaussian,250,200,120,0.6,20,block_ar1,0.6,289,27,2,25,22,1,21,0.07407407407407407,0.13157894736842105,0.045454545454545456,0.11052631578947368,28,2,26,23,1,22,0.07142857142857142,0.1368421052631579,0.043478260869565216,0.11578947368421053,4.0875381855573885,32,2,30,0.0625,0.15789473684210525,4.0875381855573885,32,2,30,0.0625,0.15789473684210525,4.049437680855961,32,2,30,0.0625,0.15789473684210525,4.049437680855961,32,2,30,0.0625,0.15789473684210525,4.263489559911058,15,0,15,0.0,0.07894736842105263,4.011836582256563,25,1,24,0.04,0.12631578947368421,4.258168759860548,30,1,29,0.03333333333333333,0.15263157894736842,4.0875381855573885,32,2,30,0.0625,0.15789473684210525,1.865486
gaussian,gaussian,250,200,120,0.6,20,block_ar1,0.6,290,26,5,21,18,0,18,0.19230769230769232,0.11052631578947368,0.0,0.09473684210526316,27,6,21,19,0,19,0.2222222222222222,0.11052631578947368,0.0,0.1,4.214425628372922,23,1,22,0.043478260869565216,0.11578947368421053,4.054594997371368,27,5,22,0.18518518518518517,0.11578947368421053,4.192157908286432,23,1,22,0.043478260869565216,0.11578947368421053,4.0331717728499275,27,5,22,0.18518518518518517,0.11578947368421053,4.213740021667845,17,1,16,0.058823529411764705,0.08421052631578947,4.0142560193048915,22,4,18,0.18181818181818182,0.09473684210526316,4.214425628372922,23,1,22,0.043478260869565216,0.11578947368421053,4.054594997371368,27,5,22,0.18518518518518517,0.11578947368421053,1.882611
gaussian,gaussian,250,200,120,0.6,20,block_ar1,0.6,291,24,4,20,20,1,19,0.16666666666666666,0.10526315789473684,0.05,0.1,27,5,22,20,1,19,0.18518518518518517,0.11578947368421053,0.05,0.1,4.112840069350005,26,4,22,0.15384615384615385,0.11578947368421053,3.931513068858097,28,5,23,0.17857142857142858,0.12105263157894737,4.1746341694115,25,3,22,0.12,0.11578947368421053,3.9544175277663265,27,4,23,0.14814814814814814,0.12105263157894737,4.365537613350291,19,1,18,0.05263157894736842,0.09473684210526316,4.113241701755072,21,2,19,0.09523809523809523,0.1,4.198033860916286,25,3,22,0.12,0.11578947368421053,3.9765828592602466,27,4,23,0.14814814814814814,0.12105263157894737,1.950226
gaussian,gaussian,250,200,120,0.6,20,block_ar1,0.6,292,21,1,20,17,0,17,0.047619047619047616,0.10526315789473684,0.0,0.08947368421052632,22,1,21,17,0,17,0.045454545454545456,0.11052631578947368,0.0,0.08947368421052632,4.159492949466221,24,1,23,0.041666666666666664,0.12105263157894737,3.954623391193902,27,2,25,0.07407407407407407,0.13157894736842105,4.12477578287014,24,1,23,0.041666666666666664,0.12105263157894737,3.9694720911903714,26,1,25,0.038461538461538464,0.13157894736842105,4.240207340088054,18,1,17,0.05555555555555555,0.08947368421052632,4.00858460546394,21,2,19,0.09523809523809523,0.1,4.214196025158205,23,0,23,0.0,0.12105263157894737,3.954623391193902,27,2,25,0.07407407407407407,0.13157894736842105,2.004614
gaussian,gaussian,250,200,120,0.6,20,block_ar1,0.6,293,19,0,19,17,0,17,0.0,0.1,0.0,0.08947368421052632,21,1,20,17,0,17,0.047619047619047616,0.10526315789473684,0.0,0.08947368421052632,4.440198360928732,20,0,20,0.0,0.10526315789473684,4.001521310719151,21,1,20,0.047619047619047616,0.10526315789473684,4.441742779923783,20,0,20,0.0,0.10526315789473684,4.002913146177621,21,1,20,0.047619047619047616,0.10526315789473684,4.317809126339806,15,0,15,0.0,0.07894736842105263,4.0488575707289485,18,2,16,0.1111111111111111,0.08421052631578947,4.440198360928732,20,0,20,0.0,0.10526315789473684,4.001521310719151,21,1,20,0.047619047619047616,0.10526315789473684,1.937783
gaussian,gaussian,250,200,120,0.6,20,block_ar1,0.6,294,29,2,27,21,0,21,0.06896551724137931,0.14210526315789473,0.0,0.11052631578947368,29,2,27,23,0,23,0.06896551724137931,0.14210526315789473,0.0,0.12105263157894737,4.103235125011034,29,2,27,0.06896551724137931,0.14210526315789473,4.103235125011034,29,2,27,0.06896551724137931,0.14210526315789473,4.20273829072517,28,1,27,0.03571428571428571,0.14210526315789473,4.0395875823068605,29,2,27,0.06896551724137931,0.14210526315789473,4.1300353906053475,25,3,22,0.12,0.11578947368421053,3.8862504817764263,32,6,26,0.1875,0.1368421052631579,4.268956427944178,28,1,27,0.03571428571428571,0.14210526315789473,4.103235125011034,29,2,27,0.06896551724137931,0.14210526315789473,1.873409
gaussian,gaussian,250,200,120,0.6,20,block_ar1,0.6,295,22,1,21,18,0,18,0.045454545454545456,0.11052631578947368,0.0,0.09473684210526316,22,1,21,19,0,19,0.045454545454545456,0.11052631578947368,0.0,0.1,4.187250425001315,26,1,25,0.038461538461538464,0.13157894736842105,4.051496365023292,28,1,27,0.03571428571428571,0.14210526315789473,4.16677230333967,26,1,25,0.038461538461538464,0.13157894736842105,4.031682160699787,28,1,27,0.03571428571428571,0.14210526315789473,4.408308292596165,15,1,14,0.06666666666666667,0.07368421052631578,4.408308292596165,15,1,14,0.06666666666666667,0.07368421052631578,4.187250425001315,26,1,25,0.038461538461538464,0.13157894736842105,4.051496365023292,28,1,27,0.03571428571428571,0.14210526315789473,1.975087
gaussian,gaussian,250,200,120,0.6,20,block_ar1,0.6,296,24,3,21,18,0,18,0.125,0.11052631578947368,0.0,0.09473684210526316,25,4,21,19,0,19,0.16,0.11052631578947368,0.0,0.1,4.136560633865403,24,3,21,0.125,0.11052631578947368,3.9541144561659465,26,5,21,0.19230769230769232,0.11052631578947368,4.125511995153163,24,3,21,0.125,0.11052631578947368,3.9435531261336103,26,5,21,0.19230769230769232,0.11052631578947368,4.391395422217273,12,0,12,0.0,0.06315789473684211,3.9754016413940025,24,4,20,0.16666666666666666,0.10526315789473684,4.263902651526613,23,2,21,0.08695652173913043,0.11052631578947368,3.9541144561659465,26,5,21,0.19230769230769232,0.11052631578947368,1.92024
gaussian,gaussian,250,200,120,0.6,20,block_ar1,0.6,297,26,3,23,18,0,18,0.11538461538461539,0.12105263157894737,0.0,0.09473684210526316,27,4,23,19,0,19,0.14814814814814814,0.12105263157894737,0.0,0.1,4.0927224806732925,30,3,27,0.1,0.14210526315789473,3.9540413467491025,33,4,29,0.12121212121212122,0.15263157894736842,4.1315342770895445,28,3,25,0.10714285714285714,0.13157894736842105,3.9166591155636428,31,4,27,0.12903225806451613,0.14210526315789473,4.241636895682836,14,2,12,0.14285714285714285,0.06315789473684211,4.222069268036394,15,2,13,0.13333333333333333,0.06842105263157895,4.170967366602771,29,3,26,0.10344827586206896,0.1368421052631579,3.9540413467491025,33,4,29,0.12121212121212122,0.15263157894736842,1.760363
gaussian,gaussian,250,200,120,0.6,20,block_ar1,0.6,298,23,2,21,18,1,17,0.08695652173913043,0.11052631578947368,0.05555555555555555,0.08947368421052632,23,2,21,19,1,18,0.08695652173913043,0.11052631578947368,0.05263157894736842,0.09473684210526316,4.125973294115659,24,3,21,0.125,0.11052631578947368,4.086503330957509,25,3,22,0.12,0.11578947368421053,4.197301627458373,22,2,20,0.09090909090909091,0.10526315789473684,4.058309945034403,24,3,21,0.125,0.11052631578947368,4.283705805660591,15,1,14,0.06666666666666667,0.07368421052631578,4.131331368530562,19,3,16,0.15789473684210525,0.08421052631578947,4.22646059910454,22,2,20,0.09090909090909091,0.10526315789473684,4.086503330957509,25,3,22,0.12,0.11578947368421053,1.991387
gaussian,gaussian,250,200,120,0.6,20,block_ar1,0.6,299,27,1,26,20,0,20,0.037037037037037035,0.1368421052631579,0.0,0.10526315789473684,30,2,28,20,0,20,0.06666666666666667,0.14736842105263157,0.0,0.10526315789473684,4.120470531336553,32,1,31,0.03125,0.1631578947368421,3.9113475386998515,36,2,34,0.05555555555555555,0.17894736842105263,4.078280092196686,32,1,31,0.03125,0.1631578947368421,3.871298357658177,36,2,34,0.05555555555555555,0.17894736842105263,4.183700179145567,24,1,23,0.041666666666666664,0.12105263157894737,4.005995808340152,26,2,24,0.07692307692307693,0.12631578947368421,4.120470531336553,32,1,31,0.03125,0.1631578947368421,3.9113475386998515,36,2,34,0.05555555555555555,0.17894736842105263,2.010156
