model,x_model,p,n1,n2,rho,block,cov_kind,decay,seed,R_bh_0.05,V_bh_0.05,S_bh_0.05,R_by_0.05,V_by_0.05,S_by_0.05,fdr_bh_0.05,power_bh_0.05,fdr_by_0.05,power_by_0.05,R_bh_0.1,V_bh_0.1,S_bh_0.1,R_by_0.1,V_by_0.1,S_by_0.1,fdr_bh_0.1,power_bh_0.1,fdr_by_0.1,power_by_0.1,t_lct_cai_liu_0.05,R_lct_cai_liu_0.05,V_lct_cai_liu_0.05,S_lct_cai_liu_0.05,fdr_lct_cai_liu_0.05,power_lct_cai_liu_0.05,t_lct_cai_liu_0.1,R_lct_cai_liu_0.1,V_lct_cai_liu_0.1,S_lct_cai_liu_0.1,fdr_lct_cai_liu_0.1,power_lct_cai_liu_0.1,t_lct_gaussian_0.05,R_lct_gaussian_0.05,V_lct_gaussian_0.05,S_lct_gaussian_0.05,fdr_lct_gaussian_0.05,power_lct_gaussian_0.05,t_lct_gaussian_0.1,R_lct_gaussian_0.1,V_lct_gaussian_0.1,S_lct_gaussian_0.1,fdr_lct_gaussian_0.1,power_lct_gaussian_0.1,t_lct_jackknife_0.05,R_lct_jackknife_0.05,V_lct_jackknife_0.05,S_lct_jackknife_0.05,fdr_lct_jackknife_0.05,power_lct_jackknife_0.05,t_lct_jackknife_0.1,R_lct_jackknife_0.1,V_lct_jackknife_0.1,S_lct_jackknife_0.1,fdr_lct_jackknife_0.1,power_lct_jackknife_0.1,t_lctb_0.05_B100,R_lctb_0.05_B100,V_lctb_0.05_B100,S_lctb_0.05_B100,fdr_lctb_0.05_B100,power_lctb_0.05_B100,t_lctb_0.1_B100,R_lctb_0.1_B100,V_lctb_0.1_B100,S_lctb_0.1_B100,fdr_lctb_0.1_B100,power_lctb_0.1_B100,wall_time_s
gaussian,gaussian,250,80,200,0.6,20,block_ar1,0.6,0,19,2,17,11,0,11,0.10526315789473684,0.08947368421052632,0.0,0.05789473684210526,20,3,17,13,0,13,0.15,0.08947368421052632,0.0,0.06842105263157895,4.154102597022993,21,2,19,0.09523809523809523,0.1,4.017007050157108,23,3,20,0.13043478260869565,0.10526315789473684,4.290403573291196,20,1,19,0.05,0.1,3.981955944397509,23,3,20,0.13043478260869565,0.10526315789473684,4.353311283672825,10,0,10,0.0,0.05263157894736842,4.02333371151667,18,5,13,0.2777777777777778,0.06842105263157895,4.645326089015648,20,1,19,0.05,0.1,4.154102597022993,21,2,19,0.09523809523809523,0.1,2.331547
gaussian,gaussian,250,80,200,0.6,20,block_ar1,0.6,1,19,0,19,11,0,11,0.0,0.1,0.0,0.05789473684210526,27,4,23,12,0,12,0.14814814814814814,0.12105263157894737,0.0,0.06315789473684211,4.087304258107997,29,2,27,0.06896551724137931,0.14210526315789473,3.9002765816102163,35,5,30,0.14285714285714285,0.15789473684210525,4.2398861087415805,27,1,26,0.037037037037037035,0.1368421052631579,3.8684955868610493,35,5,30,0.14285714285714285,0.15789473684210525,4.353620297092098,10,0,10,0.0,0.05263157894736842,4.186639486966526,13,1,12,0.07692307692307693,0.06315789473684211,4.435310869496508,25,1,24,0.04,0.12631578947368421,4.029831958282202,30,2,28,0.06666666666666667,0.14736842105263157,2.100638
gaussian,gaussian,250,80,200,0.6,20,block_ar1,0.6,2,17,0,17,12,0,12,0.0,0.08947368421052632,0.0,0.06315789473684211,18,1,17,15,0,15,0.05555555555555555,0.08947368421052632,0.0,0.07894736842105263,4.2037264899806095,20,0,20,0.0,0.10526315789473684,4.070425787477141,21,1,20,0.047619047619047616,0.10526315789473684,4.490308604816872,19,0,19,0.0,0.1,4.020537667744034,21,1,20,0.047619047619047616,0.10526315789473684,4.786781846527555,7,0,7,0.0,0.03684210526315789,4.142933160872595,11,1,10,0.09090909090909091,0.05263157894736842,5.224787864506257,18,0,18,0.0,0.09473684210526316,4.546025792871822,19,0,19,0.0,0.1,1.800427
gaussian,gaussian,250,80,200,0.6,20,block_ar1,0.6,3,20,1,19,12,0,12,0.05,0.1,0.0,0.06315789473684211,23,2,21,14,0,14,0.08695652173913043,0.11052631578947368,0.0,0.07368421052631578,4.111766793617404,25,2,23,0.08,0.12105263157894737,3.9312116441280773,27,4,23,0.14814814814814814,0.12105263157894737,4.133973549631729,24,1,23,0.041666666666666664,0.12105263157894737,4.060787026565126,25,2,23,0.08,0.12105263157894737,4.309805252995114,12,1,11,0.08333333333333333,0.05789473684210526,4.174976254376292,13,1,12,0.07692307692307693,0.06315789473684211,4.6920609971110325,23,1,22,0.043478260869565216,0.11578947368421053,4.111766793617404,25,2,23,0.08,0.12105263157894737,1.765491
gaussian,gaussian,250,80,200,0.6,20,block_ar1,0.6,4,16,0,16,13,0,13,0.0,0.08421052631578947,0.0,0.06842105263157895,18,1,17,14,0,14,0.05555555555555555,0.08947368421052632,0.0,0.07368421052631578,4.222222966443352,22,1,21,0.045454545454545456,0.11052631578947368,3.961410032230458,26,3,23,0.11538461538461539,0.12105263157894737,4.182536213668449,21,0,21,0.0,0.11052631578947368,4.035766183191895,22,0,22,0.0,0.11578947368421053,4.3939018450966385,11,1,10,0.09090909090909091,0.05263157894736842,4.090256897630186,14,2,12,0.14285714285714285,0.06315789473684211,4.641836553148871,21,1,20,0.047619047619047616,0.10526315789473684,4.222222966443352,22,1,21,0.045454545454545456,0.11052631578947368,1.936078
gaussian,gaussian,250,80,200,0.6,20,block_ar1,0.6,5,23,3,20,16,0,16,0.13043478260869565,0.10526315789473684,0.0,0.08421052631578947,26,5,21,17,0,17,0.19230769230769232,0.11052631578947368,0.0,0.08947368421052632,4.300108627378401,27,4,23,0.14814814814814814,0.12105263157894737,3.9928769524913634,29,6,23,0.20689655172413793,0.12105263157894737,4.256160485390023,27,4,23,0.14814814814814814,0.12105263157894737,3.9520687919409627,29,6,23,0.20689655172413793,0.12105263157894737,4.315890591310282,13,3,10,0.23076923076923078,0.05263157894736842,4.02263475323362,19,4,15,0.21052631578947367,0.07894736842105263,4.438914811657355,23,1,22,0.043478260869565216,0.11578947368421053,4.300108627378401,27,4,23,0.14814814814814814,0.12105263157894737,1.829114
gaussian,gaussian,250,80,200,0.6,20,block_ar1,0.6,6,20,0,20,10,0,10,0.0,0.10526315789473684,0.0,0.05263157894736842,23,0,23,13,0,13,0.0,0.12105263157894737,0.0,0.06842105263157895,4.201746792895517,26,0,26,0.0,0.1368421052631579,4.087753997320315,27,0,27,0.0,0.14210526315789473,4.156049327580159,26,0,26,0.0,0.1368421052631579,4.043296297768759,27,0,27,0.0,0.14210526315789473,4.397478581471947,8,0,8,0.0,0.042105263157894736,4.071920999845493,15,0,15,0.0,0.07894736842105263,4.614503648854446,24,0,24,0.0,0.12631578947368421,4.201746792895517,26,0,26,0.0,0.1368421052631579,1.971063
gaussian,gaussian,250,80,200,0.6,20,block_ar1,0.6,7,18,2,16,15,0,15,0.1111111111111111,0.08421052631578947,0.0,0.07894736842105263,20,2,18,15,0,15,0.1,0.09473684210526316,0.0,0.07894736842105263,4.137467327889273,24,2,22,0.08333333333333333,0.11578947368421053,3.951202300259151,25,2,23,0.08,0.12105263157894737,4.149281384057873,23,2,21,0.08695652173913043,0.11052631578947368,4.101273875099066,24,2,22,0.08333333333333333,0.11578947368421053,4.2951278187779085,13,0,13,0.0,0.06842105263157895,4.163679407337537,14,0,14,0.0,0.07368421052631578,4.58470650305506,20,1,19,0.05,0.1,4.137467327889273,24,2,22,0.08333333333333333,0.11578947368421053,1.92529
gaussian,gaussian,250,80,200,0.6,20,block_ar1,0.6,8,19,1,18,10,0,10,0.05263157894736842,0.09473684210526316,0.0,0.05263157894736842,20,2,18,12,0,12,0.1,0.09473684210526316,0.0,0.06315789473684211,4.860025685250379,20,2,18,0.1,0.09473684210526316,4.042491893329517,22,2,20,0.09090909090909091,0.10526315789473684,4.809509482517763,20,2,18,0.1,0.09473684210526316,4.0004733211544465,22,2,20,0.09090909090909091,0.10526315789473684,4.4364706661184306,7,0,7,0.0,0.03684210526315789,4.341269492619366,8,0,8,0.0,0.042105263157894736,4.860025685250379,20,2,18,0.1,0.09473684210526316,4.860025685250379,20,2,18,0.1,0.09473684210526316,1.767452
gaussian,gaussian,250,80,200,0.6,20,block_ar1,0.6,9,15,1,14,12,0,12,0.06666666666666667,0.07368421052631578,0.0,0.06315789473684211,15,1,14,14,1,13,0.06666666666666667,0.07368421052631578,0.07142857142857142,0.06842105263157895,4.544090833279543,20,1,19,0.05,0.1,3.978147451062026,24,2,22,0.08333333333333333,0.11578947368421053,4.461593611724751,20,1,19,0.05,0.1,4.034578616840082,21,1,20,0.047619047619047616,0.10526315789473684,4.414250806557197,7,1,6,0.14285714285714285,0.031578947368421054,4.20446834024236,10,1,9,0.1,0.04736842105263158,4.544090833279543,20,1,19,0.05,0.1,4.544090833279543,20,1,19,0.05,0.1,1.86327
gaussian,gaussian,250,80,200,0.6,20,block_ar1,0.6,10,21,2,19,9,0,9,0.09523809523809523,0.1,0.0,0.04736842105263158,24,5,19,9,0,9,0.20833333333333334,0.1,0.0,0.04736842105263158,4.1412687610402905,24,1,23,0.041666666666666664,0.12105263157894737,3.982371050706455,28,5,23,0.17857142857142858,0.12105263157894737,4.256935557934069,23,0,23,0.0,0.12105263157894737,3.952748416695041,28,5,23,0.17857142857142858,0.12105263157894737,4.537081989332809,7,0,7,0.0,0.03684210526315789,4.156388861741378,11,1,10,0.09090909090909091,0.05263157894736842,4.589372563307647,22,0,22,0.0,0.11578947368421053,4.072497759928583,27,4,23,0.14814814814814814,0.12105263157894737,1.860317
gaussian,gaussian,250,80,200,0.6,20,block_ar1,0.6,11,14,1,13,9,0,9,0.07142857142857142,0.06842105263157895,0.0,0.04736842105263158,20,4,16,12,0,12,0.2,0.08421052631578947,0.0,0.06315789473684211,4.246884755841374,24,3,21,0.125,0.11052631578947368,3.9615465918598134,27,6,21,0.2222222222222222,0.11052631578947368,4.207302972891115,24,3,21,0.125,0.11052631578947368,3.9359509899815364,26,5,21,0.19230769230769232,0.11052631578947368,4.389301683605467,9,1,8,0.1111111111111111,0.042105263157894736,4.077788880587103,15,2,13,0.13333333333333333,0.06842105263157895,4.493642188647519,21,1,20,0.047619047619047616,0.10526315789473684,4.246884755841374,24,3,21,0.125,0.11052631578947368,1.795157
gaussian,gaussian,250,80,200,0.6,20,block_ar1,0.6,12,20,1,19,13,0,13,0.05,0.1,0.0,0.06842105263157895,22,3,19,15,0,15,0.13636363636363635,0.1,0.0,0.07894736842105263,4.230598600856192,23,2,21,0.08695652173913043,0.11052631578947368,3.956347849322451,26,5,21,0.19230769230769232,0.11052631578947368,4.1753251809349425,22,1,21,0.045454545454545456,0.11052631578947368,4.1753251809349425,22,1,21,0.045454545454545456,0.11052631578947368,4.5480096844985365,11,0,11,0.0,0.05789473684210526,4.09066266006469,14,1,13,0.07142857142857142,0.06842105263157895,4.7045829359994595,20,0,20,0.0,0.10526315789473684,4.230598600856192,23,2,21,0.08695652173913043,0.11052631578947368,2.045851
gaussian,gaussian,250,80,200,0.6,20,block_ar1,0.6,13,22,0,22,11,0,11,0.0,0.11578947368421053,0.0,0.05789473684210526,22,0,22,12,0,12,0.0,0.11578947368421053,0.0,0.06315789473684211,4.209866915370551,26,1,25,0.038461538461538464,0.13157894736842105,3.9208832666434197,28,1,27,0.03571428571428571,0.14210526315789473,4.1662453246471385,26,1,25,0.038461538461538464,0.13157894736842105,4.02978101539345,27,1,26,0.037037037037037035,0.1368421052631579,4.441228467376842,11,0,11,0.0,0.05789473684210526,4.034584347405657,19,1,18,0.05263157894736842,0.09473684210526316,4.560736331990789,25,1,24,0.04,0.12631578947368421,4.209866915370551,26,1,25,0.038461538461538464,0.13157894736842105,1.787141
gaussian,gaussian,250,80,200,0.6,20,block_ar1,0.6,14,21,0,21,19,0,19,0.0,0.11052631578947368,0.0,0.1,24,3,21,20,0,20,0.125,0.11052631578947368,0.0,0.10526315789473684,4.126166926822824,27,1,26,0.037037037037037035,0.1368421052631579,3.909521217426603,31,4,27,0.12903225806451613,0.14210526315789473,4.175924677015985,25,0,25,0.0,0.13157894736842105,3.9162186144569917,28,1,27,0.03571428571428571,0.14210526315789473,4.298063061007854,14,1,13,0.07142857142857142,0.06842105263157895,4.000964026423458,20,3,17,0.15,0.08947368421052632,4.590521181079331,23,0,23,0.0,0.12105263157894737,4.126166926822824,27,1,26,0.037037037037037035,0.1368421052631579,1.794327
gaussian,gaussian,250,80,200,0.6,20,block_ar1,0.6,15,19,1,18,12,0,12,0.05263157894736842,0.09473684210526316,0.0,0.06315789473684211,22,3,19,13,0,13,0.13636363636363635,0.1,0.0,0.06842105263157895,4.359961236398917,26,2,24,0.07692307692307693,0.12631578947368421,4.0194367010359136,28,3,25,0.10714285714285714,0.13157894736842105,4.300808127541606,26,2,24,0.07692307692307693,0.12631578947368421,3.9649036068568875,28,3,25,0.10714285714285714,0.13157894736842105,4.216955226526898,16,2,14,0.125,0.07368421052631578,4.095572333163934,17,2,15,0.11764705882352941,0.07894736842105263,4.469138950475758,24,2,22,0.08333333333333333,0.11578947368421053,4.078999300523404,27,2,25,0.07407407407407407,0.13157894736842105,1.867972
gaussian,gaussian,250,80,200,0.6,20,block_ar1,0.6,16,21,2,19,15,0,15,0.09523809523809523,0.1,0.0,0.07894736842105263,26,5,21,17,0,17,0.19230769230769232,0.11052631578947368,0.0,0.08947368421052632,4.1422708597593605,27,4,23,0.14814814814814814,0.12105263157894737,3.910413299913847,29,5,24,0.1724137931034483,0.12631578947368421,4.211449338492217,25,3,22,0.12,0.11578947368421053,3.9553723335389837,28,5,23,0.17857142857142858,0.12105263157894737,4.214717470248758,16,3,13,0.1875,0.06842105263157895,4.0126283085683605,19,4,15,0.21052631578947367,0.07894736842105263,4.786778620428977,24,2,22,0.08333333333333333,0.11578947368421053,4.1422708597593605,27,4,23,0.14814814814814814,0.12105263157894737,1.871553
gaussian,gaussian,250,80,200,0.6,20,block_ar1,0.6,17,16,1,15,14,1,13,0.0625,0.07894736842105263,0.07142857142857142,0.06842105263157895,21,3,18,15,1,14,0.14285714285714285,0.09473684210526316,0.06666666666666667,0.07368421052631578,4.240202267737034,21,2,19,0.09523809523809523,0.1,3.997376365311827,24,3,21,0.125,0.11052631578947368,4.189855759569597,21,2,19,0.09523809523809523,0.1,4.022412345844042,23,2,21,0.08695652173913043,0.11052631578947368,4.388680228272969,15,1,14,0.06666666666666667,0.07368421052631578,4.1423334782136445,16,1,15,0.0625,0.07894736842105263,4.573881865940335,20,2,18,0.1,0.09473684210526316,4.240202267737034,21,2,19,0.09523809523809523,0.1,1.755108
gaussian,gaussian,250,80,200,0.6,20,block_ar1,0.6,18,22,3,19,16,0,16,0.13636363636363635,0.1,0.0,0.08421052631578947,26,6,20,17,1,16,0.23076923076923078,0.10526315789473684,0.058823529411764705,0.08421052631578947,4.085601386660786,32,4,28,0.125,0.14736842105263157,3.8996803756897336,35,7,28,0.2,0.14736842105263157,4.053040051089113,32,4,28,0.125,0.14736842105263157,3.8686007892793515,35,7,28,0.2,0.14736842105263157,4.257081848084079,14,2,12,0.14285714285714285,0.06315789473684211,4.100252117396304,16,2,14,0.125,0.07368421052631578,4.402307260811747,26,3,23,0.11538461538461539,0.12105263157894737,3.9794680878436,33,5,28,0.15151515151515152,0.14736842105263157,1.912072
gaussian,gaussian,250,80,200,0.6,20,block_ar1,0.6,19,23,2,21,11,0,11,0.08695652173913043,0.11052631578947368,0.0,0.05789473684210526,25,3,22,12,0,12,0.12,0.11578947368421053,0.0,0.06315789473684211,4.091402805839216,28,4,24,0.14285714285714285,0.12631578947368421,3.939376076969795,31,6,25,0.1935483870967742,0.13157894736842105,4.141833094420488,26,3,23,0.11538461538461539,0.12105263157894737,3.905336941890731,31,6,25,0.1935483870967742,0.13157894736842105,4.36647261641761,11,0,11,0.0,0.05789473684210526,4.082812578203057,17,1,16,0.058823529411764705,0.08421052631578947,4.876681388949552,22,1,21,0.045454545454545456,0.11052631578947368,4.091402805839216,28,4,24,0.14285714285714285,0.12631578947368421,1.8246
gaussian,gaussian,250,80,200,0.6,20,block_ar1,0.6,20,16,0,16,13,0,13,0.0,0.08421052631578947,0.0,0.06842105263157895,21,0,21,13,0,13,0.0,0.11052631578947368,0.0,0.06842105263157895,4.1960778504538885,25,0,25,0.0,0.13157894736842105,3.982699989464706,28,0,28,0.0,0.14736842105263157,4.169430684809475,25,0,25,0.0,0.13157894736842105,3.9574078785664804,28,0,28,0.0,0.14736842105263157,4.445650206128347,15,0,15,0.0,0.07894736842105263,4.1197171189659825,16,1,15,0.0625,0.07894736842105263,4.566260163571231,22,0,22,0.0,0.11578947368421053,4.1960778504538885,25,0,25,0.0,0.13157894736842105,1.871776
gaussian,gaussian,250,80,200,0.6,20,block_ar1,0.6,21,20,2,18,12,0,12,0.1,0.09473684210526316,0.0,0.06315789473684211,21,2,19,14,0,14,0.09523809523809523,0.1,0.0,0.07368421052631578,4.267330923406477,25,3,22,0.12,0.11578947368421053,3.9118930317024994,29,5,24,0.1724137931034483,0.12631578947368421,4.205311357187731,25,3,22,0.12,0.11578947368421053,3.9851723291549184,27,3,24,0.1111111111111111,0.12631578947368421,4.371377077192082,9,1,8,0.1111111111111111,0.042105263157894736,4.15257111500821,14,1,13,0.07142857142857142,0.06842105263157895,4.5615902041745295,22,1,21,0.045454545454545456,0.11052631578947368,4.043945304130646,27,3,24,0.1111111111111111,0.12631578947368421,1.787564
gaussian,gaussian,250,80,200,0.6,20,block_ar1,0.6,22,20,3,17,10,0,10,0.15,0.08947368421052632,0.0,0.05263157894736842,23,6,17,12,0,12,0.2608695652173913,0.08947368421052632,0.0,0.06315789473684211,4.1090343349846234,27,3,24,0.1111111111111111,0.12631578947368421,3.912795655624114,31,7,24,0.22580645161290322,0.12631578947368421,4.17042859399267,26,3,23,0.11538461538461539,0.12105263157894737,3.917332976510835,30,6,24,0.2,0.12631578947368421,4.365922039489812,11,0,11,0.0,0.05789473684210526,4.100356067642464,13,1,12,0.07692307692307693,0.06315789473684211,4.5299051836879665,22,1,21,0.045454545454545456,0.11052631578947368,4.1090343349846234,27,3,24,0.1111111111111111,0.12631578947368421,1.847282
gaussian,gaussian,250,80,200,0.6,20,block_ar1,0.6,23,19,2,17,12,0,12,0.10526315789473684,0.08947368421052632,0.0,0.06315789473684211,21,3,18,15,1,14,0.14285714285714285,0.09473684210526316,0.06666666666666667,0.07368421052631578,4.173272196383559,25,3,22,0.12,0.11578947368421053,3.9250045911012874,28,4,24,0.14285714285714285,0.12631578947368421,4.147309310805417,25,3,22,0.12,0.11578947368421053,3.9594307210393653,27,4,23,0.14814814814814814,0.12105263157894737,4.257763856784343,13,1,12,0.07692307692307693,0.06315789473684211,4.090510213339434,17,2,15,0.11764705882352941,0.07894736842105263,4.625486897318865,20,1,19,0.05,0.1,4.173272196383559,25,3,22,0.12,0.11578947368421053,1.971208
gaussian,gaussian,250,80,200,0.6,20,block_ar1,0.6,24,17,1,16,14,0,14,0.058823529411764705,0.08421052631578947,0.0,0.07368421052631578,17,1,16,14,0,14,0.058823529411764705,0.08421052631578947,0.0,0.07368421052631578,4.341020040166569,20,1,19,0.05,0.1,4.341020040166569,20,1,19,0.05,0.1,4.305176297116409,20,1,19,0.05,0.1,4.305176297116409,20,1,19,0.05,0.1,4.397455302763088,12,1,11,0.08333333333333333,0.05789473684210526,4.241418441597704,13,1,12,0.07692307692307693,0.06315789473684211,4.7918108102836445,18,1,17,0.05555555555555555,0.08947368421052632,4.341020040166569,20,1,19,0.05,0.1,1.728843
gaussian,gaussian,250,80,200,0.6,20,block_ar1,0.6,25,21,3,18,13,1,12,0.14285714285714285,0.09473684210526316,0.07692307692307693,0.06315789473684211,22,3,19,15,1,14,0.13636363636363635,0.1,0.06666666666666667,0.07368421052631578,4.182243880753016,20,1,19,0.05,0.1,3.99008045639532,26,3,23,0.11538461538461539,0.12105263157894737,4.162035985199018,20,1,19,0.05,0.1,3.9708010620285887,26,3,23,0.11538461538461539,0.12105263157894737,4.256691045378067,13,2,11,0.15384615384615385,0.05789473684210526,4.0817199741716355,17,2,15,0.11764705882352941,0.07894736842105263,5.248755107668403,19,1,18,0.05263157894736842,0.09473684210526316,5.248755107668403,19,1,18,0.05263157894736842,0.09473684210526316,1.957437
gaussian,gaussian,250,80,200,0.6,20,block_ar1,0.6,26,18,0,18,13,0,13,0.0,0.09473684210526316,0.0,0.06842105263157895,20,1,19,14,0,14,0.05,0.1,0.0,0.07368421052631578,4.150459328550937,25,1,24,0.04,0.12631578947368421,3.9282304512467094,29,2,27,0.06896551724137931,0.14210526315789473,4.298788185805507,24,1,23,0.041666666666666664,0.12105263157894737,3.9351327485340972,27,2,25,0.07407407407407407,0.13157894736842105,4.59660796923846,9,0,9,0.0,0.04736842105263158,4.250096365671407,11,0,11,0.0,0.05789473684210526,4.545698469671176,21,0,21,0.0,0.11052631578947368,4.150459328550937,25,1,24,0.04,0.12631578947368421,1.807665
gaussian,gaussian,250,80,200,0.6,20,block_ar1,0.6,27,20,0,20,17,0,17,0.0,0.10526315789473684,0.0,0.08947368421052632,23,2,21,19,0,19,0.08695652173913043,0.11052631578947368,0.0,0.1,4.1325779039284605,27,3,24,0.1111111111111111,0.12631578947368421,3.9628647779482584,29,5,24,0.1724137931034483,0.12631578947368421,4.100871580636533,27,3,24,0.1111111111111111,0.12631578947368421,3.9324605424485775,29,5,24,0.1724137931034483,0.12631578947368421,4.196037572229067,19,1,18,0.05263157894736842,0.09473684210526316,4.022062371579807,21,1,20,0.047619047619047616,0.10526315789473684,4.535525598792608,24,2,22,0.08333333333333333,0.11578947368421053,4.1325779039284605,27,3,24,0.1111111111111111,0.12631578947368421,1.790144
gaussian,gaussian,250,80,200,0.6,20,block_ar1,0.6,28,23,2,21,17,0,17,0.08695652173913043,0.11052631578947368,0.0,0.08947368421052632,27,4,23,17,0,17,0.14814814814814814,0.12105263157894737,0.0,0.08947368421052632,4.157121622682597,28,3,25,0.10714285714285714,0.13157894736842105,3.8972624932017266,31,6,25,0.1935483870967742,0.13157894736842105,4.095115329322955,27,2,25,0.07407407407407407,0.13157894736842105,3.9328689568702013,28,3,25,0.10714285714285714,0.13157894736842105,4.338934267664407,14,0,14,0.0,0.07368421052631578,4.13608376520772,17,0,17,0.0,0.08947368421052632,4.505187443714331,26,1,25,0.038461538461538464,0.13157894736842105,4.157121622682597,28,3,25,0.10714285714285714,0.13157894736842105,1.894874
gaussian,gaussian,250,80,200,0.6,20,block_ar1,0.6,29,21,3,18,14,0,14,0.14285714285714285,0.09473684210526316,0.0,0.07368421052631578,22,4,18,14,0,14,0.18181818181818182,0.09473684210526316,0.0,0.07368421052631578,4.159408632121548,22,2,20,0.09090909090909091,0.10526315789473684,4.017954462073482,25,5,20,0.2,0.10526315789473684,4.234916873876166,21,2,19,0.09523809523809523,0.1,3.98459188544192,25,5,20,0.2,0.10526315789473684,4.257688797466727,15,1,14,0.06666666666666667,0.07368421052631578,4.045604772978535,18,3,15,0.16666666666666666,0.07894736842105263,5.476127116863557,18,0,18,0.0,0.09473684210526316,4.089864630327571,24,4,20,0.16666666666666666,0.10526315789473684,2.047695
gaussian,gaussian,250,80,200,0.6,20,block_ar1,0.6,30,17,2,15,10,0,10,0.11764705882352941,0.07894736842105263,0.0,0.05263157894736842,19,3,16,10,0,10,0.15789473684210525,0.08421052631578947,0.0,0.05263157894736842,4.184730908630296,25,6,19,0.24,0.1,3.912640885794652,29,7,22,0.2413793103448276,0.11578947368421053,4.154372598128685,25,6,19,0.24,0.1,3.9477930214248396,28,7,21,0.25,0.11052631578947368,4.303665232490088,11,0,11,0.0,0.05789473684210526,4.174699730134959,13,2,11,0.15384615384615385,0.05789473684210526,4.910239286300229,18,0,18,0.0,0.09473684210526316,4.184730908630296,25,6,19,0.24,0.1,1.807037
gaussian,gaussian,250,80,200,0.6,20,block_ar1,0.6,31,18,0,18,12,0,12,0.0,0.09473684210526316,0.0,0.06315789473684211,23,3,20,13,0,13,0.13043478260869565,0.10526315789473684,0.0,0.06842105263157895,4.208556178053756,24,2,22,0.08333333333333333,0.11578947368421053,3.9693607198917014,31,6,25,0.1935483870967742,0.13157894736842105,4.160321784901677,24,2,22,0.08333333333333333,0.11578947368421053,3.923867753319441,31,6,25,0.1935483870967742,0.13157894736842105,4.662909311783767,8,0,8,0.0,0.042105263157894736,4.107001721584475,14,0,14,0.0,0.07368421052631578,4.635244554005823,22,1,21,0.045454545454545456,0.11052631578947368,4.208556178053756,24,2,22,0.08333333333333333,0.11578947368421053,1.902126
gaussian,gaussian,250,80,200,0.6,20,block_ar1,0.6,32,14,0,14,10,0,10,0.0,0.07368421052631578,0.0,0.05263157894736842,18,1,17,13,0,13,0.05555555555555555,0.08947368421052632,0.0,0.06842105263157895,4.233035042298444,21,2,19,0.09523809523809523,0.1,3.9564229833166875,25,5,20,0.2,0.10526315789473684,4.240675103306572,19,0,19,0.0,0.1,4.017199163439863,22,2,20,0.09090909090909091,0.10526315789473684,4.390481984242786,8,1,7,0.125,0.03684210526315789,4.177760829634547,11,2,9,0.18181818181818182,0.04736842105263158,4.935094141378633,18,0,18,0.0,0.09473684210526316,4.320699705981536,20,1,19,0.05,0.1,1.749179
gaussian,gaussian,250,80,200,0.6,20,block_ar1,0.6,33,19,2,17,13,0,13,0.10526315789473684,0.08947368421052632,0.0,0.06842105263157895,21,3,18,15,0,15,0.14285714285714285,0.09473684210526316,0.0,0.07894736842105263,4.100538838991942,30,4,26,0.13333333333333333,0.1368421052631579,3.901669124320539,31,4,27,0.12903225806451613,0.14210526315789473,4.233113293192682,29,4,25,0.13793103448275862,0.13157894736842105,4.041710504491804,30,4,26,0.13333333333333333,0.1368421052631579,4.455514982475231,8,0,8,0.0,0.042105263157894736,4.081354156307355,14,2,12,0.14285714285714285,0.06315789473684211,4.4877702285920185,24,4,20,0.16666666666666666,0.10526315789473684,4.100538838991942,30,4,26,0.13333333333333333,0.1368421052631579,1.793364
gaussian,gaussian,250,80,200,0.6,20,block_ar1,0.6,34,22,2,20,17,0,17,0.09090909090909091,0.10526315789473684,0.0,0.08947368421052632,22,2,20,17,0,17,0.09090909090909091,0.10526315789473684,0.0,0.08947368421052632,4.132689165827063,25,3,22,0.12,0.11578947368421053,4.010294873089382,26,4,22,0.15384615384615385,0.11578947368421053,4.117941975779441,24,2,22,0.08333333333333333,0.11578947368421053,3.9471487309372075,26,4,22,0.15384615384615385,0.11578947368421053,4.350878301011482,17,0,17,0.0,0.08947368421052632,4.176239757351017,18,0,18,0.0,0.09473684210526316,5.356853976293157,21,1,20,0.047619047619047616,0.10526315789473684,4.394527049615746,23,1,22,0.043478260869565216,0.11578947368421053,2.05133
gaussian,gaussian,250,80,200,0.6,20,block_ar1,0.6,35,14,0,14,9,0,9,0.0,0.07368421052631578,0.0,0.04736842105263158,16,1,15,11,0,11,0.0625,0.07894736842105263,0.0,0.05789473684210526,4.1872323224855315,19,2,17,0.10526315789473684,0.08947368421052632,4.1872323224855315,19,2,17,0.10526315789473684,0.08947368421052632,4.328068589639805,18,1,17,0.05555555555555555,0.08947368421052632,4.328068589639805,18,1,17,0.05555555555555555,0.08947368421052632,4.624802638417296,5,0,5,0.0,0.02631578947368421,4.327672031405028,7,0,7,0.0,0.03684210526315789,4.895163996602849,17,1,16,0.058823529411764705,0.08421052631578947,4.365064950212045,18,1,17,0.05555555555555555,0.08947368421052632,1.833502
gaussian,gaussian,250,80,200,0.6,20,block_ar1,0.6,36,23,0,23,11,0,11,0.0,0.12105263157894737,0.0,0.05789473684210526,26,2,24,18,0,18,0.07692307692307693,0.12631578947368421,0.0,0.09473684210526316,4.238454415074142,25,0,25,0.0,0.13157894736842105,3.9542609831948186,28,2,26,0.07142857142857142,0.1368421052631579,4.172349342147755,25,0,25,0.0,0.13157894736842105,3.9838852471669752,26,0,26,0.0,0.1368421052631579,4.29718640401131,13,1,12,0.07692307692307693,0.06315789473684211,4.124276676747269,16,1,15,0.0625,0.07894736842105263,4.570098363321565,23,0,23,0.0,0.12105263157894737,4.238454415074142,25,0,25,0.0,0.13157894736842105,1.828697
gaussian,gaussian,250,80,200,0.6,20,block_ar1,0.6,37,20,1,19,13,0,13,0.05,0.1,0.0,0.06842105263157895,20,1,19,15,0,15,0.05,0.1,0.0,0.07894736842105263,4.114415834064812,30,5,25,0.16666666666666666,0.13157894736842105,3.908373097191357,32,6,26,0.1875,0.1368421052631579,4.073039389440274,30,5,25,0.16666666666666666,0.13157894736842105,3.914384833260632,31,5,26,0.16129032258064516,0.1368421052631579,4.298884828745875,12,2,10,0.16666666666666666,0.05263157894736842,4.067071966607332,17,2,15,0.11764705882352941,0.07894736842105263,5.103827157363699,20,0,20,0.0,0.10526315789473684,4.114415834064812,30,5,25,0.16666666666666666,0.13157894736842105,1.912069
gaussian,gaussian,250,80,200,0.6,20,block_ar1,0.6,38,21,0,21,16,0,16,0.0,0.11052631578947368,0.0,0.08421052631578947,22,1,21,17,0,17,0.045454545454545456,0.11052631578947368,0.0,0.08947368421052632,4.401228327892572,23,1,22,0.043478260869565216,0.11578947368421053,3.956713075038923,25,3,22,0.12,0.11578947368421053,4.354723093289385,23,1,22,0.043478260869565216,0.11578947368421053,4.050524169733227,24,2,22,0.08333333333333333,0.11578947368421053,4.508225594007982,10,0,10,0.0,0.05263157894736842,4.125140865025188,14,1,13,0.07142857142857142,0.06842105263157895,5.131489011610449,21,0,21,0.0,0.11052631578947368,4.401228327892572,23,1,22,0.043478260869565216,0.11578947368421053,1.820956
gaussian,gaussian,250,80,200,0.6,20,block_ar1,0.6,39,21,2,19,13,0,13,0.09523809523809523,0.1,0.0,0.06842105263157895,24,3,21,15,1,14,0.125,0.11052631578947368,0.06666666666666667,0.07368421052631578,4.109103630322725,25,3,22,0.12,0.11578947368421053,3.9288007321475855,28,4,24,0.14285714285714285,0.12631578947368421,4.364616988346875,24,3,21,0.125,0.11052631578947368,3.9963410798071224,26,3,23,0.11538461538461539,0.12105263157894737,4.199748937281814,17,3,14,0.17647058823529413,0.07368421052631578,4.036612322747791,20,5,15,0.25,0.07894736842105263,4.631051936601248,23,2,21,0.08695652173913043,0.11052631578947368,4.407048026342913,24,3,21,0.125,0.11052631578947368,1.975445
gaussian,gaussian,250,80,200,0.6,20,block_ar1,0.6,40,16,1,15,13,0,13,0.0625,0.07894736842105263,0.0,0.06842105263157895,20,3,17,14,0,14,0.15,0.08947368421052632,0.0,0.07368421052631578,4.245638938002359,21,2,19,0.09523809523809523,0.1,3.962631287292109,25,4,21,0.16,0.11052631578947368,4.198277218647199,21,2,19,0.09523809523809523,0.1,4.008296245807573,24,4,20,0.16666666666666666,0.10526315789473684,4.435785682541693,9,0,9,0.0,0.04736842105263158,4.240024229795861,12,1,11,0.08333333333333333,0.05789473684210526,4.8192568760208285,18,1,17,0.05555555555555555,0.08947368421052632,4.245638938002359,21,2,19,0.09523809523809523,0.1,2.066472
gaussian,gaussian,250,80,200,0.6,20,block_ar1,0.6,41,21,0,21,18,0,18,0.0,0.11052631578947368,0.0,0.09473684210526316,26,2,24,18,0,18,0.07692307692307693,0.12631578947368421,0.0,0.09473684210526316,4.1515597243079965,26,0,26,0.0,0.1368421052631579,3.9261070585913598,31,2,29,0.06451612903225806,0.15263157894736842,4.345092440554312,25,0,25,0.0,0.13157894736842105,3.90846661883457,30,2,28,0.06666666666666667,0.14736842105263157,4.288009188439528,15,0,15,0.0,0.07894736842105263,4.143450163245511,19,1,18,0.05263157894736842,0.09473684210526316,4.5382427851533205,24,0,24,0.0,0.12631578947368421,4.1515597243079965,26,0,26,0.0,0.1368421052631579,1.778307
gaussian,gaussian,250,80,200,0.6,20,block_ar1,0.6,42,17,0,17,10,0,10,0.0,0.08947368421052632,0.0,0.05263157894736842,23,5,18,11,0,11,0.21739130434782608,0.09473684210526316,0.0,0.05789473684210526,4.1644183286031575,25,3,22,0.12,0.11578947368421053,3.9159320982448187,29,6,23,0.20689655172413793,0.12105263157894737,4.129244344438226,25,3,22,0.12,0.11578947368421053,4.129244344438226,25,3,22,0.12,0.11578947368421053,4.431843125315145,7,0,7,0.0,0.03684210526315789,4.167668472809262,11,0,11,0.0,0.05789473684210526,4.7893624501070935,21,2,19,0.09523809523809523,0.1,4.1644183286031575,25,3,22,0.12,0.11578947368421053,1.848908
gaussian,gaussian,250,80,200,0.6,20,block_ar1,0.6,43,20,2,18,13,0,13,0.1,0.09473684210526316,0.0,0.06842105263157895,20,2,18,16,0,16,0.1,0.09473684210526316,0.0,0.08421052631578947,4.13063087100856,25,5,20,0.2,0.10526315789473684,3.9638416674733286,29,7,22,0.2413793103448276,0.11578947368421053,4.276679225828049,23,4,19,0.17391304347826086,0.1,3.921184165476471,28,6,22,0.21428571428571427,0.11578947368421053,4.319291805524701,12,0,12,0.0,0.06315789473684211,4.188195078970408,13,1,12,0.07692307692307693,0.06315789473684211,4.612874826384978,22,4,18,0.18181818181818182,0.09473684210526316,4.088515226488096,26,5,21,0.19230769230769232,0.11052631578947368,1.87192
gaussian,gaussian,250,80,200,0.6,20,block_ar1,0.6,44,19,4,15,14,0,14,0.21052631578947367,0.07894736842105263,0.0,0.07368421052631578,23,5,18,14,0,14,0.21739130434782608,0.09473684210526316,0.0,0.07368421052631578,4.132296319046174,25,5,20,0.2,0.10526315789473684,3.9294807268146683,27,7,20,0.25925925925925924,0.10526315789473684,4.144009987310395,22,3,19,0.13636363636363635,0.1,4.013586973206243,26,6,20,0.23076923076923078,0.10526315789473684,4.290214590541895,13,4,9,0.3076923076923077,0.04736842105263158,4.1022466172912475,15,5,10,0.3333333333333333,0.05263157894736842,4.889025402807236,20,1,19,0.05,0.1,4.065649911009367,26,6,20,0.23076923076923078,0.10526315789473684,1.894561
gaussian,gaussian,250,80,200,0.6,20,block_ar1,0.6,45,25,2,23,14,0,14,0.08,0.12105263157894737,0.0,0.07368421052631578,27,3,24,18,0,18,0.1111111111111111,0.12631578947368421,0.0,0.09473684210526316,4.130482390546009,28,3,25,0.10714285714285714,0.13157894736842105,4.038612255926071,30,4,26,0.13333333333333333,0.1368421052631579,4.2403001310435755,27,2,25,0.07407407407407407,0.13157894736842105,3.9891778173370427,30,4,26,0.13333333333333333,0.1368421052631579,4.265296349025512,15,1,14,0.06666666666666667,0.07368421052631578,3.9932399713252926,21,3,18,0.14285714285714285,0.09473684210526316,4.673508932963119,26,1,25,0.038461538461538464,0.13157894736842105,4.038612255926071,30,4,26,0.13333333333333333,0.1368421052631579,2.03478
gaussian,gaussian,250,80,200,0.6,20,block_ar1,0.6,46,20,2,18,8,0,8,0.1,0.09473684210526316,0.0,0.042105263157894736,23,3,20,12,1,11,0.13043478260869565,0.10526315789473684,0.08333333333333333,0.05789473684210526,4.1741150402749545,26,3,23,0.11538461538461539,0.12105263157894737,3.9378724328337933,29,5,24,0.1724137931034483,0.12631578947368421,4.130777906317935,26,3,23,0.11538461538461539,0.12105263157894737,3.9189104733099027,28,5,23,0.17857142857142858,0.12105263157894737,4.334356578899199,10,1,9,0.1,0.04736842105263158,4.334356578899199,10,1,9,0.1,0.04736842105263158,4.631858262842448,22,1,21,0.045454545454545456,0.11052631578947368,4.1741150402749545,26,3,23,0.11538461538461539,0.12105263157894737,1.823599
gaussian,gaussian,250,80,200,0.6,20,block_ar1,0.6,47,21,1,20,16,0,16,0.047619047619047616,0.10526315789473684,0.0,0.08421052631578947,29,5,24,17,0,17,0.1724137931034483,0.12631578947368421,0.0,0.08947368421052632,4.091855754884915,32,5,27,0.15625,0.14210526315789473,3.9440724901244506,34,7,27,0.20588235294117646,0.14210526315789473,4.184513812523805,31,4,27,0.12903225806451613,0.14210526315789473,3.8852729134038215,34,7,27,0.20588235294117646,0.14210526315789473,4.209710723445725,16,0,16,0.0,0.08421052631578947,3.974271139595778,25,3,22,0.12,0.11578947368421053,4.417013567612278,29,3,26,0.10344827586206896,0.1368421052631579,3.963396256991278,33,6,27,0.18181818181818182,0.14210526315789473,1.899598
gaussian,gaussian,250,80,200,0.6,20,block_ar1,0.6,48,12,1,11,9,0,9,0.08333333333333333,0.05789473684210526,0.0,0.04736842105263158,19,4,15,9,0,9,0.21052631578947367,0.07894736842105263,0.0,0.04736842105263158,4.588345487950848,19,1,18,0.05263157894736842,0.09473684210526316,3.9120927063560242,29,6,23,0.20689655172413793,0.12105263157894737,4.51722841019251,19,1,18,0.05263157894736842,0.09473684210526316,3.996684549830921,23,3,20,0.13043478260869565,0.10526315789473684,4.359233968359941,10,1,9,0.1,0.04736842105263158,4.359233968359941,10,1,9,0.1,0.04736842105263158,4.77871483074326,17,1,16,0.058823529411764705,0.08421052631578947,4.588345487950848,19,1,18,0.05263157894736842,0.09473684210526316,1.797737
gaussian,gaussian,250,80,200,0.6,20,block_ar1,0.6,49,17,0,17,16,0,16,0.0,0.08947368421052632,0.0,0.08421052631578947,20,2,18,16,0,16,0.1,0.09473684210526316,0.0,0.08421052631578947,4.154803455686211,24,1,23,0.041666666666666664,0.12105263157894737,3.957138299788062,28,3,25,0.10714285714285714,0.13157894736842105,4.1512059336326494,23,0,23,0.0,0.12105263157894737,3.9395074866177886,27,2,25,0.07407407407407407,0.13157894736842105,4.333815923266466,17,1,16,0.058823529411764705,0.08421052631578947,4.333815923266466,17,1,16,0.058823529411764705,0.08421052631578947,4.63193444735331,20,0,20,0.0,0.10526315789473684,4.154803455686211,24,1,23,0.041666666666666664,0.12105263157894737,1.82762
gaussian,gaussian,250,80,200,0.6,20,block_ar1,0.6,50,20,1,19,11,0,11,0.05,0.1,0.0,0.05789473684210526,23,4,19,14,0,14,0.17391304347826086,0.1,0.0,0.07368421052631578,4.174357503422628,21,2,19,0.09523809523809523,0.1,4.029160435419077,25,5,20,0.2,0.10526315789473684,4.383985341255758,20,1,19,0.05,0.1,3.9845575054720657,25,5,20,0.2,0.10526315789473684,4.291476161279653,13,0,13,0.0,0.06842105263157895,4.011917726778832,19,3,16,0.15789473684210525,0.08421052631578947,4.820737586498718,19,0,19,0.0,0.1,4.433059445669163,20,1,19,0.05,0.1,1.83406
gaussian,gaussian,250,80,200,0.6,20,block_ar1,0.6,51,19,2,17,9,0,9,0.10526315789473684,0.08947368421052632,0.0,0.04736842105263158,24,3,21,10,0,10,0.125,0.11052631578947368,0.0,0.05263157894736842,4.135794380625684,26,3,23,0.11538461538461539,0.12105263157894737,3.965689191996311,28,3,25,0.10714285714285714,0.13157894736842105,4.21084244452064,25,2,23,0.08,0.12105263157894737,3.9611289714762914,27,3,24,0.1111111111111111,0.12631578947368421,4.224215336953953,15,3,12,0.2,0.06315789473684211,4.087682834348513,16,3,13,0.1875,0.06842105263157895,4.620230654538024,23,0,23,0.0,0.12105263157894737,4.135794380625684,26,3,23,0.11538461538461539,0.12105263157894737,1.95627
gaussian,gaussian,250,80,200,0.6,20,block_ar1,0.6,52,21,1,20,15,0,15,0.047619047619047616,0.10526315789473684,0.0,0.07894736842105263,23,2,21,15,0,15,0.08695652173913043,0.11052631578947368,0.0,0.07894736842105263,4.268850638977691,26,3,23,0.11538461538461539,0.12105263157894737,3.877638832314672,34,6,28,0.17647058823529413,0.14736842105263157,4.219089209634888,25,2,23,0.08,0.12105263157894737,3.977304887685464,26,2,24,0.07692307692307693,0.12631578947368421,4.291125509618973,15,0,15,0.0,0.07894736842105263,4.161542278016366,17,0,17,0.0,0.08947368421052632,4.569365305456684,23,2,21,0.08695652173913043,0.11052631578947368,4.268850638977691,26,3,23,0.11538461538461539,0.12105263157894737,1.856598
gaussian,gaussian,250,80,200,0.6,20,block_ar1,0.6,53,17,1,16,11,0,11,0.058823529411764705,0.08421052631578947,0.0,0.05789473684210526,19,3,16,12,0,12,0.15789473684210525,0.08421052631578947,0.0,0.06315789473684211,4.45393373565532,19,2,17,0.10526315789473684,0.08947368421052632,3.965654782806117,24,4,20,0.16666666666666666,0.10526315789473684,4.407263135791486,19,2,17,0.10526315789473684,0.08947368421052632,3.9687077634485046,23,3,20,0.13043478260869565,0.10526315789473684,4.284465498549124,12,0,12,0.0,0.06315789473684211,4.07975383885384,16,1,15,0.0625,0.07894736842105263,4.928592280218156,18,1,17,0.05555555555555555,0.08947368421052632,4.45393373565532,19,2,17,0.10526315789473684,0.08947368421052632,1.840954
gaussian,gaussian,250,80,200,0.6,20,block_ar1,0.6,54,19,1,18,16,0,16,0.05263157894736842,0.09473684210526316,0.0,0.08421052631578947,21,3,18,16,0,16,0.14285714285714285,0.09473684210526316,0.0,0.08421052631578947,4.086550672243918,29,5,24,0.1724137931034483,0.12631578947368421,3.9622076319682726,32,6,26,0.1875,0.1368421052631579,4.081666550405718,28,5,23,0.17857142857142858,0.12105263157894737,3.9318065551744956,32,6,26,0.1875,0.1368421052631579,4.203953796381497,17,1,16,0.058823529411764705,0.08421052631578947,4.036716389456239,19,2,17,0.10526315789473684,0.08947368421052632,4.5740340785319455,22,1,21,0.045454545454545456,0.11052631578947368,4.03496960405826,31,6,25,0.1935483870967742,0.13157894736842105,1.773482
gaussian,gaussian,250,80,200,0.6,20,block_ar1,0.6,55,16,1,15,10,0,10,0.0625,0.07894736842105263,0.0,0.05263157894736842,20,2,18,16,1,15,0.1,0.09473684210526316,0.0625,0.07894736842105263,4.734115171932987,20,1,19,0.05,0.1,4.026059646548958,21,2,19,0.09523809523809523,0.1,4.655841439515805,20,1,19,0.05,0.1,4.655841439515805,20,1,19,0.05,0.1,4.459507976725379,12,0,12,0.0,0.06315789473684211,4.099974667317943,14,1,13,0.07142857142857142,0.06842105263157895,4.734115171932987,20,1,19,0.05,0.1,4.734115171932987,20,1,19,0.05,0.1,1.980388
gaussian,gaussian,250,80,200,0.6,20,block_ar1,0.6,56,18,1,17,14,0,14,0.05555555555555555,0.08947368421052632,0.0,0.07368421052631578,19,1,18,14,0,14,0.05263157894736842,0.09473684210526316,0.0,0.07368421052631578,4.238430042677162,21,1,20,0.047619047619047616,0.10526315789473684,4.038021111955691,24,1,23,0.041666666666666664,0.12105263157894737,4.1945043807732825,21,1,20,0.047619047619047616,0.10526315789473684,3.996172420733112,24,1,23,0.041666666666666664,0.12105263157894737,4.409527295792851,9,0,9,0.0,0.04736842105263158,4.177573159767225,10,0,10,0.0,0.05263157894736842,4.810261221031612,20,1,19,0.05,0.1,4.238430042677162,21,1,20,0.047619047619047616,0.10526315789473684,1.948823
gaussian,gaussian,250,80,200,0.6,20,block_ar1,0.6,57,15,2,13,12,0,12,0.13333333333333333,0.06842105263157895,0.0,0.06315789473684211,19,4,15,12,0,12,0.21052631578947367,0.07894736842105263,0.0,0.06315789473684211,4.153412736734238,21,4,17,0.19047619047619047,0.08947368421052632,4.114281864570675,23,5,18,0.21739130434782608,0.09473684210526316,4.248229505034449,19,2,17,0.10526315789473684,0.08947368421052632,4.06355509844725,21,3,18,0.14285714285714285,0.09473684210526316,4.527674781571314,9,1,8,0.1111111111111111,0.042105263157894736,4.050787839253601,16,4,12,0.25,0.06315789473684211,4.7010974472579,18,2,16,0.1111111111111111,0.08421052631578947,4.114281864570675,23,5,18,0.21739130434782608,0.09473684210526316,1.727975
gaussian,gaussian,250,80,200,0.6,20,block_ar1,0.6,58,19,1,18,15,0,15,0.05263157894736842,0.09473684210526316,0.0,0.07894736842105263,21,2,19,15,0,15,0.09523809523809523,0.1,0.0,0.07894736842105263,4.238134828247146,26,4,22,0.15384615384615385,0.11578947368421053,3.943878965083724,29,5,24,0.1724137931034483,0.12631578947368421,4.211721477216405,26,4,22,0.15384615384615385,0.11578947368421053,3.919299506489529,29,5,24,0.1724137931034483,0.12631578947368421,4.517315789790417,14,1,13,0.07142857142857142,0.06842105263157895,4.155190700502013,16,1,15,0.0625,0.07894736842105263,4.532153149449321,23,2,21,0.08695652173913043,0.11052631578947368,4.238134828247146,26,4,22,0.15384615384615385,0.11578947368421053,1.970096
gaussian,gaussian,250,80,200,0.6,20,block_ar1,0.6,59,18,1,17,13,0,13,0.05555555555555555,0.08947368421052632,0.0,0.06842105263157895,20,2,18,16,0,16,0.1,0.09473684210526316,0.0,0.08421052631578947,4.211365891167051,22,1,21,0.045454545454545456,0.11052631578947368,4.007503641239838,24,2,22,0.08333333333333333,0.11578947368421053,4.16809638965548,22,1,21,0.045454545454545456,0.11052631578947368,3.966328713830668,24,2,22,0.08333333333333333,0.11578947368421053,4.319646150922022,11,0,11,0.0,0.05789473684210526,4.319646150922022,11,0,11,0.0,0.05789473684210526,4.700662354755398,20,0,20,0.0,0.10526315789473684,4.211365891167051,22,1,21,0.045454545454545456,0.11052631578947368,1.801618
gaussian,gaussian,250,80,200,0.6,20,block_ar1,0.6,60,23,5,18,16,0,16,0.21739130434782608,0.09473684210526316,0.0,0.08421052631578947,24,6,18,16,0,16,0.25,0.09473684210526316,0.0,0.08421052631578947,4.109675128480381,29,6,23,0.20689655172413793,0.12105263157894737,3.9532282856338883,30,7,23,0.23333333333333334,0.12105263157894737,4.124285425839282,26,3,23,0.11538461538461539,0.12105263157894737,4.038192560512784,29,6,23,0.20689655172413793,0.12105263157894737,4.37719051444784,15,1,14,0.06666666666666667,0.07368421052631578,4.151546123608235,16,2,14,0.125,0.07368421052631578,4.585207366302722,21,1,20,0.047619047619047616,0.10526315789473684,4.109675128480381,29,6,23,0.20689655172413793,0.12105263157894737,1.815038
gaussian,gaussian,250,80,200,0.6,20,block_ar1,0.6,61,19,0,19,13,0,13,0.0,0.1,0.0,0.06842105263157895,23,0,23,13,0,13,0.0,0.12105263157894737,0.0,0.06842105263157895,4.389239680122378,25,0,25,0.0,0.13157894736842105,4.389239680122378,25,0,25,0.0,0.13157894736842105,4.386994814872656,25,0,25,0.0,0.13157894736842105,4.386994814872656,25,0,25,0.0,0.13157894736842105,4.287544311181337,13,0,13,0.0,0.06842105263157895,4.0964291499229875,15,1,14,0.06666666666666667,0.07368421052631578,4.389239680122378,25,0,25,0.0,0.13157894736842105,4.389239680122378,25,0,25,0.0,0.13157894736842105,1.997145
gaussian,gaussian,250,80,200,0.6,20,block_ar1,0.6,62,19,1,18,14,0,14,0.05263157894736842,0.09473684210526316,0.0,0.07368421052631578,23,3,20,15,0,15,0.13043478260869565,0.10526315789473684,0.0,0.07894736842105263,4.097866255110773,27,2,25,0.07407407407407407,0.13157894736842105,3.923319953184105,30,3,27,0.1,0.14210526315789473,4.155063792100765,24,0,24,0.0,0.12631578947368421,3.9790571013706204,28,2,26,0.07142857142857142,0.1368421052631579,4.364228155059006,13,0,13,0.0,0.06842105263157895,4.087931368120314,14,0,14,0.0,0.07368421052631578,4.603340583691107,22,0,22,0.0,0.11578947368421053,4.1358218168717125,26,2,24,0.07692307692307693,0.12631578947368421,1.931239
gaussian,gaussian,250,80,200,0.6,20,block_ar1,0.6,63,19,1,18,13,1,12,0.05263157894736842,0.09473684210526316,0.07692307692307693,0.06315789473684211,22,3,19,17,1,16,0.13636363636363635,0.1,0.058823529411764705,0.08421052631578947,4.15829099539448,23,1,22,0.043478260869565216,0.11578947368421053,3.945501278191386,25,3,22,0.12,0.11578947368421053,4.682694558170862,21,1,20,0.047619047619047616,0.10526315789473684,4.005082602431482,24,2,22,0.08333333333333333,0.11578947368421053,4.459941272480228,14,1,13,0.07142857142857142,0.06842105263157895,4.049914080529156,17,2,15,0.11764705882352941,0.07894736842105263,4.742631800994022,21,1,20,0.047619047619047616,0.10526315789473684,4.15829099539448,23,1,22,0.043478260869565216,0.11578947368421053,1.826178
gaussian,gaussian,250,80,200,0.6,20,block_ar1,0.6,64,14,0,14,11,0,11,0.0,0.07368421052631578,0.0,0.05789473684210526,17,2,15,12,0,12,0.11764705882352941,0.07894736842105263,0.0,0.06315789473684211,4.102383655283864,26,4,22,0.15384615384615385,0.11578947368421053,3.9259505860075032,28,6,22,0.21428571428571427,0.11578947368421053,4.518870770696754,18,1,17,0.05555555555555555,0.08947368421052632,4.03317348779803,25,3,22,0.12,0.11578947368421053,4.29896817183086,11,1,10,0.09090909090909091,0.05263157894736842,4.126303168258272,14,2,12,0.14285714285714285,0.06315789473684211,4.861438733767406,17,0,17,0.0,0.08947368421052632,4.0749153607973865,27,5,22,0.18518518518518517,0.11578947368421053,1.937347
gaussian,gaussian,250,80,200,0.6,20,block_ar1,0.6,65,19,1,18,11,0,11,0.05263157894736842,0.09473684210526316,0.0,0.05789473684210526,20,1,19,14,0,14,0.05,0.1,0.0,0.07368421052631578,4.37455215703124,22,2,20,0.09090909090909091,0.10526315789473684,3.9862927517141094,24,2,22,0.08333333333333333,0.11578947368421053,4.311366460152933,21,1,20,0.047619047619047616,0.10526315789473684,4.018424081764115,22,1,21,0.045454545454545456,0.11052631578947368,4.341521177682257,11,0,11,0.0,0.05789473684210526,4.252256986678933,12,0,12,0.0,0.06315789473684211,4.722858161695769,20,1,19,0.05,0.1,4.37455215703124,22,2,20,0.09090909090909091,0.10526315789473684,1.834822
gaussian,gaussian,250,80,200,0.6,20,block_ar1,0.6,66,16,0,16,11,0,11,0.0,0.08421052631578947,0.0,0.05789473684210526,20,2,18,11,0,11,0.1,0.09473684210526316,0.0,0.05789473684210526,4.713551306380297,19,0,19,0.0,0.1,4.042019688810217,20,0,20,0.0,0.10526315789473684,4.67990101820818,19,0,19,0.0,0.1,4.013163499817064,20,0,20,0.0,0.10526315789473684,4.35800592885205,9,0,9,0.0,0.04736842105263158,4.146692880351174,11,1,10,0.09090909090909091,0.05263157894736842,4.713551306380297,19,0,19,0.0,0.1,4.713551306380297,19,0,19,0.0,0.1,1.854751
gaussian,gaussian,250,80,200,0.6,20,block_ar1,0.6,67,23,3,20,15,0,15,0.13043478260869565,0.10526315789473684,0.0,0.07894736842105263,27,5,22,15,0,15,0.18518518518518517,0.11578947368421053,0.0,0.07894736842105263,4.163215644871622,30,4,26,0.13333333333333333,0.1368421052631579,3.9140098619882937,33,6,27,0.18181818181818182,0.14210526315789473,4.111715133189895,30,4,26,0.13333333333333333,0.1368421052631579,3.896618711278749,32,6,26,0.1875,0.1368421052631579,4.197105636485808,17,3,14,0.17647058823529413,0.07368421052631578,3.9412874736814465,27,8,19,0.2962962962962963,0.1,4.595769863590559,23,0,23,0.0,0.12105263157894737,4.163215644871622,30,4,26,0.13333333333333333,0.1368421052631579,1.997557
gaussian,gaussian,250,80,200,0.6,20,block_ar1,0.6,68,21,0,21,14,0,14,0.0,0.11052631578947368,0.0,0.07368421052631578,21,0,21,15,0,15,0.0,0.11052631578947368,0.0,0.07894736842105263,4.5022908715238295,22,0,22,0.0,0.11578947368421053,3.9683210897589523,25,1,24,0.04,0.12631578947368421,4.451114921929473,22,0,22,0.0,0.11578947368421053,4.451114921929473,22,0,22,0.0,0.11578947368421053,4.2773677181286685,13,0,13,0.0,0.06842105263157895,4.2773677181286685,13,0,13,0.0,0.06842105263157895,4.5022908715238295,22,0,22,0.0,0.11578947368421053,4.5022908715238295,22,0,22,0.0,0.11578947368421053,1.692532
gaussian,gaussian,250,80,200,0.6,20,block_ar1,0.6,69,14,0,14,10,0,10,0.0,0.07368421052631578,0.0,0.05263157894736842,16,0,16,11,0,11,0.0,0.08421052631578947,0.0,0.05789473684210526,4.207577855683657,20,1,19,0.05,0.1,4.0405533998739145,22,1,21,0.045454545454545456,0.11052631578947368,4.385503177746862,19,0,19,0.0,0.1,3.988235594826423,22,1,21,0.045454545454545456,0.11052631578947368,4.606188673945484,6,0,6,0.0,0.031578947368421054,4.328458194962856,8,0,8,0.0,0.042105263157894736,4.6898124916687625,18,0,18,0.0,0.09473684210526316,4.207577855683657,20,1,19,0.05,0.1,1.831095
gaussian,gaussian,250,80,200,0.6,20,block_ar1,0.6,70,19,3,16,15,1,14,0.15789473684210525,0.08421052631578947,0.06666666666666667,0.07368421052631578,23,4,19,16,1,15,0.17391304347826086,0.1,0.0625,0.07894736842105263,4.236495545806356,25,4,21,0.16,0.11052631578947368,3.9541118536076225,29,5,24,0.1724137931034483,0.12631578947368421,4.1744342656689915,25,4,21,0.16,0.11052631578947368,4.1744342656689915,25,4,21,0.16,0.11052631578947368,4.252257354349351,15,2,13,0.13333333333333333,0.06842105263157895,4.10962474024303,16,2,14,0.125,0.07368421052631578,4.696624957657237,24,3,21,0.125,0.11052631578947368,4.236495545806356,25,4,21,0.16,0.11052631578947368,1.917798
gaussian,gaussian,250,80,200,0.6,20,block_ar1,0.6,71,22,1,21,15,0,15,0.045454545454545456,0.11052631578947368,0.0,0.07894736842105263,25,3,22,17,0,17,0.12,0.11578947368421053,0.0,0.08947368421052632,4.197445084863081,26,2,24,0.07692307692307693,0.12631578947368421,3.8955642609689582,33,5,28,0.15151515151515152,0.14736842105263157,4.145671829068929,25,1,24,0.04,0.12631578947368421,3.892817954183626,31,4,27,0.12903225806451613,0.14210526315789473,4.285443367291016,13,0,13,0.0,0.06842105263157895,3.9453546257421825,25,4,21,0.16,0.11052631578947368,4.439459934670388,24,1,23,0.041666666666666664,0.12105263157894737,4.030148586630456,28,4,24,0.14285714285714285,0.12631578947368421,1.768654
gaussian,gaussian,250,80,200,0.6,20,block_ar1,0.6,72,18,1,17,14,0,14,0.05555555555555555,0.08947368421052632,0.0,0.07368421052631578,24,4,20,16,0,16,0.16666666666666666,0.10526315789473684,0.0,0.08421052631578947,4.064996172834565,32,1,31,0.03125,0.1631578947368421,3.8933106269704534,36,5,31,0.1388888888888889,0.1631578947368421,4.130289797294626,31,1,30,0.03225806451612903,0.15789473684210525,3.8667345634461934,36,5,31,0.1388888888888889,0.1631578947368421,4.221087904714605,16,3,13,0.1875,0.06842105263157895,4.012150250990779,22,5,17,0.22727272727272727,0.08947368421052632,4.376877559804331,29,0,29,0.0,0.15263157894736842,3.930638932095805,35,4,31,0.11428571428571428,0.1631578947368421,1.860159
gaussian,gaussian,250,80,200,0.6,20,block_ar1,0.6,73,21,3,18,13,0,13,0.14285714285714285,0.09473684210526316,0.0,0.06842105263157895,26,6,20,16,1,15,0.23076923076923078,0.10526315789473684,0.0625,0.07894736842105263,4.105034760762775,28,4,24,0.14285714285714285,0.12631578947368421,3.9624704508725133,31,7,24,0.22580645161290322,0.12631578947368421,4.096219860779995,28,4,24,0.14285714285714285,0.12631578947368421,3.953961684748771,31,7,24,0.22580645161290322,0.12631578947368421,4.382039153756176,9,1,8,0.1111111111111111,0.042105263157894736,4.021610918051999,18,5,13,0.2777777777777778,0.06842105263157895,4.398807175455146,25,3,22,0.12,0.11578947368421053,4.042579847800408,29,5,24,0.1724137931034483,0.12631578947368421,2.008807
gaussian,gaussian,250,80,200,0.6,20,block_ar1,0.6,74,20,3,17,10,0,10,0.15,0.08947368421052632,0.0,0.05263157894736842,25,7,18,10,0,10,0.28,0.09473684210526316,0.0,0.05263157894736842,4.095172000962232,28,7,21,0.25,0.11052631578947368,3.9608161449387906,30,9,21,0.3,0.11052631578947368,4.113249829229579,27,6,21,0.2222222222222222,0.11052631578947368,3.9334581088419864,30,9,21,0.3,0.11052631578947368,4.266519410408604,14,3,11,0.21428571428571427,0.05789473684210526,4.0221149817890005,19,6,13,0.3157894736842105,0.06842105263157895,4.564225375959689,23,2,21,0.08695652173913043,0.11052631578947368,4.054732206976837,29,8,21,0.27586206896551724,0.11052631578947368,2.756895
gaussian,gaussian,250,80,200,0.6,20,block_ar1,0.6,75,17,0,17,13,0,13,0.0,0.08947368421052632,0.0,0.06842105263157895,20,0,20,14,0,14,0.0,0.10526315789473684,0.0,0.07368421052631578,4.450891225530496,23,1,22,0.043478260869565216,0.11578947368421053,4.078860347929553,24,1,23,0.041666666666666664,0.12105263157894737,4.413574645219018,23,1,22,0.043478260869565216,0.11578947368421053,4.0446629002634005,24,1,23,0.041666666666666664,0.12105263157894737,4.252796842885581,14,1,13,0.07142857142857142,0.06842105263157895,4.0741552817293645,17,3,14,0.17647058823529413,0.07368421052631578,4.619076850730839,22,1,21,0.045454545454545456,0.11052631578947368,4.450891225530496,23,1,22,0.043478260869565216,0.11578947368421053,1.874295
gaussian,gaussian,250,80,200,0.6,20,block_ar1,0.6,76,16,0,16,10,0,10,0.0,0.08421052631578947,0.0,0.05263157894736842,16,0,16,11,0,11,0.0,0.08421052631578947,0.0,0.05789473684210526,4.703837313901732,19,0,19,0.0,0.1,4.01885383943639,20,1,19,0.05,0.1,4.6496275072901225,19,0,19,0.0,0.1,4.6496275072901225,19,0,19,0.0,0.1,4.3369100160839436,11,0,11,0.0,0.05789473684210526,4.201391326968819,12,1,11,0.08333333333333333,0.05789473684210526,4.703837313901732,19,0,19,0.0,0.1,4.703837313901732,19,0,19,0.0,0.1,1.759822
gaussian,gaussian,250,80,200,0.6,20,block_ar1,0.6,77,21,3,18,11,0,11,0.14285714285714285,0.09473684210526316,0.0,0.05789473684210526,23,4,19,11,0,11,0.17391304347826086,0.1,0.0,0.05789473684210526,4.131927561899667,24,3,21,0.125,0.11052631578947368,3.939960764221104,26,4,22,0.15384615384615385,0.11578947368421053,4.159957467484885,23,2,21,0.08695652173913043,0.11052631578947368,4.012873676617639,25,3,22,0.12,0.11578947368421053,4.343193123122949,11,3,8,0.2727272727272727,0.042105263157894736,4.086203089292048,14,4,10,0.2857142857142857,0.05263157894736842,4.641105854175697,20,1,19,0.05,0.1,4.131927561899667,24,3,21,0.125,0.11052631578947368,1.832156
gaussian,gaussian,250,80,200,0.6,20,block_ar1,0.6,78,22,1,21,10,0,10,0.045454545454545456,0.11052631578947368,0.0,0.05263157894736842,24,2,22,12,0,12,0.08333333333333333,0.11578947368421053,0.0,0.06315789473684211,4.156613721943278,28,2,26,0.07142857142857142,0.1368421052631579,4.156613721943278,28,2,26,0.07142857142857142,0.1368421052631579,4.124112500342635,28,2,26,0.07142857142857142,0.1368421052631579,4.124112500342635,28,2,26,0.07142857142857142,0.1368421052631579,4.235788577110581,16,1,15,0.0625,0.07894736842105263,4.235788577110581,16,1,15,0.0625,0.07894736842105263,4.375450043363674,26,2,24,0.07692307692307693,0.12631578947368421,4.156613721943278,28,2,26,0.07142857142857142,0.1368421052631579,1.931683
gaussian,gaussian,250,80,200,0.6,20,block_ar1,0.6,79,19,0,19,12,0,12,0.0,0.1,0.0,0.06315789473684211,22,1,21,13,0,13,0.045454545454545456,0.11052631578947368,0.0,0.06842105263157895,4.173755030855223,29,4,25,0.13793103448275862,0.13157894736842105,3.8917737121320655,31,6,25,0.1935483870967742,0.13157894736842105,4.129829079022432,29,4,25,0.13793103448275862,0.13157894736842105,4.129829079022432,29,4,25,0.13793103448275862,0.13157894736842105,4.363727565882568,10,0,10,0.0,0.05263157894736842,4.177687288599543,14,1,13,0.07142857142857142,0.06842105263157895,4.497333303443152,25,2,23,0.08,0.12105263157894737,4.173755030855223,29,4,25,0.13793103448275862,0.13157894736842105,1.803078
gaussian,gaussian,250,80,200,0.6,20,block_ar1,0.6,80,19,0,19,9,0,9,0.0,0.1,0.0,0.04736842105263158,20,0,20,12,0,12,0.0,0.10526315789473684,0.0,0.06315789473684211,4.299920349399094,23,1,22,0.043478260869565216,0.11578947368421053,4.299920349399094,23,1,22,0.043478260869565216,0.11578947368421053,4.291154302611667,23,1,22,0.043478260869565216,0.11578947368421053,4.291154302611667,23,1,22,0.043478260869565216,0.11578947368421053,4.256307780527023,13,0,13,0.0,0.06842105263157895,4.158995868277984,14,0,14,0.0,0.07368421052631578,4.682353117768179,20,0,20,0.0,0.10526315789473684,4.299920349399094,23,1,22,0.043478260869565216,0.11578947368421053,1.797882
gaussian,gaussian,250,80,200,0.6,20,block_ar1,0.6,81,17,2,15,12,1,11,0.11764705882352941,0.07894736842105263,0.08333333333333333,0.05789473684210526,17,2,15,14,1,13,0.11764705882352941,0.07894736842105263,0.07142857142857142,0.06842105263157895,4.174737082537,21,4,17,0.19047619047619047,0.08947368421052632,4.174737082537,21,4,17,0.19047619047619047,0.08947368421052632,4.243224522437778,19,2,17,0.10526315789473684,0.08947368421052632,4.121360972967442,20,3,17,0.15,0.08947368421052632,4.369983416506179,9,2,7,0.2222222222222222,0.03684210526315789,4.087031932353975,14,2,12,0.14285714285714285,0.06315789473684211,5.038585725652684,16,0,16,0.0,0.08421052631578947,4.298178897587984,20,3,17,0.15,0.08947368421052632,1.832481
gaussian,gaussian,250,80,200,0.6,20,block_ar1,0.6,82,13,1,12,7,0,7,0.07692307692307693,0.06315789473684211,0.0,0.03684210526315789,19,3,16,7,0,7,0.15789473684210525,0.08421052631578947,0.0,0.03684210526315789,4.198144505618456,25,2,23,0.08,0.12105263157894737,3.940091939187658,28,5,23,0.17857142857142858,0.12105263157894737,4.157856902329387,25,2,23,0.08,0.12105263157894737,4.006645099588881,27,4,23,0.14814814814814814,0.12105263157894737,4.479415316009833,6,1,5,0.16666666666666666,0.02631578947368421,4.1655582697447375,10,2,8,0.2,0.042105263157894736,4.512147085871419,23,1,22,0.043478260869565216,0.11578947368421053,4.083734622790744,26,3,23,0.11538461538461539,0.12105263157894737,1.937189
gaussian,gaussian,250,80,200,0.6,20,block_ar1,0.6,83,17,0,17,12,0,12,0.0,0.08947368421052632,0.0,0.06315789473684211,21,3,18,13,0,13,0.14285714285714285,0.09473684210526316,0.0,0.06842105263157895,4.206334741304354,23,2,21,0.08695652173913043,0.11052631578947368,4.001337048349341,25,4,21,0.16,0.11052631578947368,4.183248219827575,23,2,21,0.08695652173913043,0.11052631578947368,3.979375659305467,25,4,21,0.16,0.11052631578947368,4.400941733317876,9,0,9,0.0,0.04736842105263158,4.271379608806979,10,0,10,0.0,0.05263157894736842,4.506817522188553,21,0,21,0.0,0.11052631578947368,4.206334741304354,23,2,21,0.08695652173913043,0.11052631578947368,1.842394
gaussian,gaussian,250,80,200,0.6,20,block_ar1,0.6,84,18,0,18,13,0,13,0.0,0.09473684210526316,0.0,0.06842105263157895,21,2,19,14,0,14,0.09523809523809523,0.1,0.0,0.07368421052631578,4.20904313012129,21,0,21,0.0,0.11052631578947368,3.9880404646704393,22,1,21,0.045454545454545456,0.11052631578947368,4.177207939937156,21,0,21,0.0,0.11052631578947368,4.177207939937156,21,0,21,0.0,0.11052631578947368,4.337853978490645,10,0,10,0.0,0.05263157894736842,4.18930394397243,13,1,12,0.07692307692307693,0.06315789473684211,4.616277300770397,19,0,19,0.0,0.1,4.20904313012129,21,0,21,0.0,0.11052631578947368,1.90585
gaussian,gaussian,250,80,200,0.6,20,block_ar1,0.6,85,17,1,16,14,0,14,0.058823529411764705,0.08421052631578947,0.0,0.07368421052631578,20,3,17,14,0,14,0.15,0.08947368421052632,0.0,0.07368421052631578,4.14119976865219,25,2,23,0.08,0.12105263157894737,3.9453267169021826,29,5,24,0.1724137931034483,0.12631578947368421,4.130894923649694,23,0,23,0.0,0.12105263157894737,3.9750411648336508,27,3,24,0.1111111111111111,0.12631578947368421,4.3175569797056434,11,2,9,0.18181818181818182,0.04736842105263158,4.199358944802656,14,3,11,0.21428571428571427,0.05789473684210526,4.646507381440263,19,0,19,0.0,0.1,4.14119976865219,25,2,23,0.08,0.12105263157894737,2.011818
gaussian,gaussian,250,80,200,0.6,20,block_ar1,0.6,86,18,2,16,11,1,10,0.1111111111111111,0.08421052631578947,0.09090909090909091,0.05263157894736842,25,7,18,15,1,14,0.28,0.09473684210526316,0.06666666666666667,0.07368421052631578,4.106485356021343,26,3,23,0.11538461538461539,0.12105263157894737,3.89454213679435,31,8,23,0.25806451612903225,0.12105263157894737,4.200794871888426,25,2,23,0.08,0.12105263157894737,3.945398017673618,29,6,23,0.20689655172413793,0.12105263157894737,4.499737506344033,8,1,7,0.125,0.03684210526315789,4.252198505474599,10,2,8,0.2,0.042105263157894736,4.810913116207286,21,2,19,0.09523809523809523,0.1,4.106485356021343,26,3,23,0.11538461538461539,0.12105263157894737,1.793419
gaussian,gaussian,250,80,200,0.6,20,block_ar1,0.6,87,23,0,23,18,0,18,0.0,0.12105263157894737,0.0,0.09473684210526316,25,2,23,18,0,18,0.08,0.12105263157894737,0.0,0.09473684210526316,4.14470349367064,27,4,23,0.14814814814814814,0.12105263157894737,4.14470349367064,27,4,23,0.14814814814814814,0.12105263157894737,4.137753170950968,24,1,23,0.041666666666666664,0.12105263157894737,4.09326665579853,25,2,23,0.08,0.12105263157894737,4.282825543516806,14,0,14,0.0,0.07368421052631578,4.073525887483157,18,0,18,0.0,0.09473684210526316,4.6976124941950435,24,2,22,0.08333333333333333,0.11578947368421053,4.14470349367064,27,4,23,0.14814814814814814,0.12105263157894737,1.826698
gaussian,gaussian,250,80,200,0.6,20,block_ar1,0.6,88,17,2,15,12,0,12,0.11764705882352941,0.07894736842105263,0.0,0.06315789473684211,18,3,15,13,0,13,0.16666666666666666,0.07894736842105263,0.0,0.06842105263157895,4.125816251000139,23,2,21,0.08695652173913043,0.11052631578947368,3.9925133039184746,25,4,21,0.16,0.11052631578947368,4.16320903149201,22,2,20,0.09090909090909091,0.10526315789473684,3.9446310910609457,25,4,21,0.16,0.11052631578947368,4.454867597791349,11,1,10,0.09090909090909091,0.05263157894736842,4.106179566853665,13,1,12,0.07692307692307693,0.06315789473684211,4.911264885484761,18,1,17,0.05555555555555555,0.08947368421052632,4.2137444697660795,22,2,20,0.09090909090909091,0.10526315789473684,1.933632
gaussian,gaussian,250,80,200,0.6,20,block_ar1,0.6,89,23,4,19,14,0,14,0.17391304347826086,0.1,0.0,0.07368421052631578,27,6,21,14,0,14,0.2222222222222222,0.11052631578947368,0.0,0.07368421052631578,4.260938673239589,29,6,23,0.20689655172413793,0.12105263157894737,4.0125871863528815,30,7,23,0.23333333333333334,0.12105263157894737,4.230102165164123,29,6,23,0.20689655172413793,0.12105263157894737,3.98354800351916,30,7,23,0.23333333333333334,0.12105263157894737,4.317966340529234,15,3,12,0.2,0.06315789473684211,3.978834338294337,22,3,19,0.13636363636363635,0.1,4.459857320303398,26,3,23,0.11538461538461539,0.12105263157894737,4.260938673239589,29,6,23,0.20689655172413793,0.12105263157894737,1.896497
gaussian,gaussian,250,80,200,0.6,20,block_ar1,0.6,90,18,0,18,13,0,13,0.0,0.09473684210526316,0.0,0.06842105263157895,22,2,20,15,0,15,0.09090909090909091,0.10526315789473684,0.0,0.07894736842105263,4.386635424011118,22,0,22,0.0,0.11578947368421053,4.386635424011118,22,0,22,0.0,0.11578947368421053,4.343395610976913,22,0,22,0.0,0.11578947368421053,4.343395610976913,22,0,22,0.0,0.11578947368421053,4.285231940465742,14,2,12,0.14285714285714285,0.06315789473684211,4.049456675436755,18,4,14,0.2222222222222222,0.07368421052631578,5.130246649402457,20,0,20,0.0,0.10526315789473684,4.386635424011118,22,0,22,0.0,0.11578947368421053,1.902931
gaussian,gaussian,250,80,200,0.6,20,block_ar1,0.6,91,20,0,20,15,0,15,0.0,0.10526315789473684,0.0,0.07894736842105263,22,2,20,16,0,16,0.09090909090909091,0.10526315789473684,0.0,0.08421052631578947,4.139037417164506,26,2,24,0.07692307692307693,0.12631578947368421,3.9134937010491884,30,6,24,0.2,0.12631578947368421,4.107350659944667,26,2,24,0.07692307692307693,0.12631578947368421,3.9396966299325187,29,5,24,0.1724137931034483,0.12631578947368421,4.255920717083151,16,1,15,0.0625,0.07894736842105263,4.040751723219574,20,5,15,0.25,0.07894736842105263,4.5727471836308,22,0,22,0.0,0.11578947368421053,4.139037417164506,26,2,24,0.07692307692307693,0.12631578947368421,1.761767
gaussian,gaussian,250,80,200,0.6,20,block_ar1,0.6,92,20,3,17,15,0,15,0.15,0.08947368421052632,0.0,0.07894736842105263,20,3,17,15,0,15,0.15,0.08947368421052632,0.0,0.07894736842105263,4.1059736953530175,30,6,24,0.2,0.12631578947368421,3.8644831428400894,36,8,28,0.2222222222222222,0.14736842105263157,4.12268852018891,29,5,24,0.1724137931034483,0.12631578947368421,3.9025048799171085,31,6,25,0.1935483870967742,0.13157894736842105,4.2227686791391585,16,2,14,0.125,0.07368421052631578,4.1548985380376475,17,3,14,0.17647058823529413,0.07368421052631578,4.476378789312016,23,2,21,0.08695652173913043,0.11052631578947368,4.1059736953530175,30,6,24,0.2,0.12631578947368421,1.830406
gaussian,gaussian,250,80,200,0.6,20,block_ar1,0.6,93,20,1,19,8,1,7,0.05,0.1,0.125,0.03684210526315789,26,4,22,9,1,8,0.15384615384615385,0.11578947368421053,0.1111111111111111,0.042105263157894736,4.092850461142725,27,1,26,0.037037037037037035,0.1368421052631579,3.9174182299612674,32,4,28,0.125,0.14736842105263157,4.406885110445091,26,1,25,0.038461538461538464,0.13157894736842105,3.885681776545079,32,4,28,0.125,0.14736842105263157,4.51683828094858,7,1,6,0.14285714285714285,0.031578947368421054,4.077438304425346,17,1,16,0.058823529411764705,0.08421052631578947,4.442878511876562,26,1,25,0.038461538461538464,0.13157894736842105,4.02226069348606,29,2,27,0.06896551724137931,0.14210526315789473,1.875763
gaussian,gaussian,250,80,200,0.6,20,block_ar1,0.6,94,18,2,16,12,1,11,0.1111111111111111,0.08421052631578947,0.08333333333333333,0.05789473684210526,23,4,19,13,2,11,0.17391304347826086,0.1,0.15384615384615385,0.05789473684210526,4.497850232874298,23,3,20,0.13043478260869565,0.10526315789473684,4.0020469597715795,24,4,20,0.16666666666666666,0.10526315789473684,4.45292034996475,23,3,20,0.13043478260869565,0.10526315789473684,3.962069750217818,24,4,20,0.16666666666666666,0.10526315789473684,4.3782815740995025,8,1,7,0.125,0.03684210526315789,4.115747403278111,13,2,11,0.15384615384615385,0.05789473684210526,4.853750832425819,22,3,19,0.13636363636363635,0.1,4.497850232874298,23,3,20,0.13043478260869565,0.10526315789473684,1.836969
gaussian,gaussian,250,80,200,0.6,20,block_ar1,0.6,95,16,0,16,9,0,9,0.0,0.08421052631578947,0.0,0.04736842105263158,19,0,19,10,0,10,0.0,0.1,0.0,0.05263157894736842,4.2656452094935435,22,0,22,0.0,0.11578947368421053,3.9722357468918483,23,1,22,0.043478260869565216,0.11578947368421053,4.2150234288939865,22,0,22,0.0,0.11578947368421053,4.2150234288939865,22,0,22,0.0,0.11578947368421053,4.458369975123375,8,0,8,0.0,0.042105263157894736,4.158268200845038,12,0,12,0.0,0.06315789473684211,5.0910666874475785,19,0,19,0.0,0.1,4.2656452094935435,22,0,22,0.0,0.11578947368421053,1.80809
gaussian,gaussian,250,80,200,0.6,20,block_ar1,0.6,96,18,1,17,10,0,10,0.05555555555555555,0.08947368421052632,0.0,0.05263157894736842,20,3,17,11,0,11,0.15,0.08947368421052632,0.0,0.05789473684210526,4.206049852613841,23,1,22,0.043478260869565216,0.11578947368421053,3.911968112354204,29,6,23,0.20689655172413793,0.12105263157894737,4.146677246072273,23,1,22,0.043478260869565216,0.11578947368421053,3.989290659100852,24,2,22,0.08333333333333333,0.11578947368421053,4.436504635133919,6,1,5,0.16666666666666666,0.02631578947368421,4.168612585288128,10,1,9,0.1,0.04736842105263158,4.818885114437815,18,0,18,0.0,0.09473684210526316,4.206049852613841,23,1,22,0.043478260869565216,0.11578947368421053,1.927163
gaussian,gaussian,250,80,200,0.6,20,block_ar1,0.6,97,18,1,17,13,0,13,0.05555555555555555,0.08947368421052632,0.0,0.06842105263157895,20,1,19,14,0,14,0.05,0.1,0.0,0.07368421052631578,4.176026497060549,28,5,23,0.17857142857142858,0.12105263157894737,3.9335250408464306,30,7,23,0.23333333333333334,0.12105263157894737,4.1191673705417715,28,5,23,0.17857142857142858,0.12105263157894737,4.1191673705417715,28,5,23,0.17857142857142858,0.12105263157894737,4.545867632010213,8,0,8,0.0,0.042105263157894736,4.1798035653721195,12,0,12,0.0,0.06315789473684211,4.656477520653076,23,2,21,0.08695652173913043,0.11052631578947368,4.176026497060549,28,5,23,0.17857142857142858,0.12105263157894737,1.79569
gaussian,gaussian,250,80,200,0.6,20,block_ar1,0.6,98,19,0,19,13,0,13,0.0,0.1,0.0,0.06842105263157895,21,2,19,13,0,13,0.09523809523809523,0.1,0.0,0.06842105263157895,4.102392614769431,29,4,25,0.13793103448275862,0.13157894736842105,4.102392614769431,29,4,25,0.13793103448275862,0.13157894736842105,4.1306956665729935,25,2,23,0.08,0.12105263157894737,4.0539893230126465,28,3,25,0.10714285714285714,0.13157894736842105,4.606665589332565,7,0,7,0.0,0.03684210526315789,4.187096174724649,9,1,8,0.1111111111111111,0.042105263157894736,4.588244227585939,23,3,20,0.13043478260869565,0.10526315789473684,4.102392614769431,29,4,25,0.13793103448275862,0.13157894736842105,1.724395
gaussian,gaussian,250,80,200,0.6,20,block_ar1,0.6,99,20,2,18,17,0,17,0.1,0.09473684210526316,0.0,0.08947368421052632,29,8,21,18,1,17,0.27586206896551724,0.11052631578947368,0.05555555555555555,0.08947368421052632,4.289297032691131,27,3,24,0.1111111111111111,0.12631578947368421,3.9162714389089497,32,8,24,0.25,0.12631578947368421,4.228077523744721,27,3,24,0.1111111111111111,0.12631578947368421,3.9293875503999756,30,6,24,0.2,0.12631578947368421,4.247163547041907,16,1,15,0.0625,0.07894736842105263,4.034801778487433,19,2,17,0.10526315789473684,0.08947368421052632,4.499071710284731,25,2,23,0.08,0.12105263157894737,4.065789435936072,28,4,24,0.14285714285714285,0.12631578947368421,1.879453
gaussian,gaussian,250,80,200,0.6,20,block_ar1,0.6,100,22,4,18,12,0,12,0.18181818181818182,0.09473684210526316,0.0,0.06315789473684211,25,6,19,14,2,12,0.24,0.1,0.14285714285714285,0.06315789473684211,4.098639436093352,29,6,23,0.20689655172413793,0.12105263157894737,3.9408666598293394,33,8,25,0.24242424242424243,0.13157894736842105,4.0830074535502066,29,6,23,0.20689655172413793,0.12105263157894737,3.9258364138680033,33,8,25,0.24242424242424243,0.13157894736842105,4.226150629761624,15,3,12,0.2,0.06315789473684211,3.967478626926685,23,6,17,0.2608695652173913,0.08947368421052632,4.538198739409616,25,5,20,0.2,0.10526315789473684,4.014100703967061,31,7,24,0.22580645161290322,0.12631578947368421,1.971513
gaussian,gaussian,250,80,200,0.6,20,block_ar1,0.6,101,15,0,15,9,0,9,0.0,0.07894736842105263,0.0,0.04736842105263158,16,1,15,11,0,11,0.0625,0.07894736842105263,0.0,0.05789473684210526,4.27784618740994,21,2,19,0.09523809523809523,0.1,4.120727987966932,22,2,20,0.09090909090909091,0.10526315789473684,4.212853345086614,21,2,19,0.09523809523809523,0.1,4.058122225009053,22,2,20,0.09090909090909091,0.10526315789473684,4.915456374449835,8,0,8,0.0,0.042105263157894736,4.119012306020118,12,1,11,0.08333333333333333,0.05789473684210526,4.987857750275815,18,1,17,0.05555555555555555,0.08947368421052632,4.27784618740994,21,2,19,0.09523809523809523,0.1,1.703216
gaussian,gaussian,250,80,200,0.6,20,block_ar1,0.6,102,22,1,21,15,1,14,0.045454545454545456,0.11052631578947368,0.06666666666666667,0.07368421052631578,23,2,21,17,1,16,0.08695652173913043,0.11052631578947368,0.058823529411764705,0.08421052631578947,4.60939649886042,24,1,23,0.041666666666666664,0.12105263157894737,4.000021852585324,25,1,24,0.04,0.12631578947368421,4.560406104859169,24,1,23,0.041666666666666664,0.12105263157894737,3.957508120772447,25,1,24,0.04,0.12631578947368421,4.470256402439964,16,1,15,0.0625,0.07894736842105263,4.037452831849289,19,2,17,0.10526315789473684,0.08947368421052632,4.60939649886042,24,1,23,0.041666666666666664,0.12105263157894737,4.60939649886042,24,1,23,0.041666666666666664,0.12105263157894737,1.901827
gaussian,gaussian,250,80,200,0.6,20,block_ar1,0.6,103,17,1,16,10,0,10,0.058823529411764705,0.08421052631578947,0.0,0.05263157894736842,23,3,20,13,0,13,0.13043478260869565,0.10526315789473684,0.0,0.06842105263157895,4.144782550108195,28,6,22,0.21428571428571427,0.11578947368421053,3.9716706174162524,30,8,22,0.26666666666666666,0.11578947368421053,4.111555425921305,26,4,22,0.15384615384615385,0.11578947368421053,3.916309697644149,29,7,22,0.2413793103448276,0.11578947368421053,4.383206317767723,10,0,10,0.0,0.05263157894736842,4.104841037996068,13,0,13,0.0,0.06842105263157895,4.649967580104839,24,3,21,0.125,0.11052631578947368,4.048032261315541,29,7,22,0.2413793103448276,0.11578947368421053,1.842831
gaussian,gaussian,250,80,200,0.6,20,block_ar1,0.6,104,18,2,16,16,1,15,0.1111111111111111,0.08421052631578947,0.0625,0.07894736842105263,23,5,18,16,1,15,0.21739130434782608,0.09473684210526316,0.0625,0.07894736842105263,4.1921590017287285,25,3,22,0.12,0.11578947368421053,3.986978578785799,29,5,24,0.1724137931034483,0.12631578947368421,4.149453195470344,25,3,22,0.12,0.11578947368421053,3.946362959322954,29,5,24,0.1724137931034483,0.12631578947368421,4.229067353529181,19,3,16,0.15789473684210525,0.08421052631578947,3.988376410335733,22,4,18,0.18181818181818182,0.09473684210526316,4.672252723142709,21,2,19,0.09523809523809523,0.1,4.1921590017287285,25,3,22,0.12,0.11578947368421053,1.753491
gaussian,gaussian,250,80,200,0.6,20,block_ar1,0.6,105,16,0,16,11,0,11,0.0,0.08421052631578947,0.0,0.05789473684210526,18,1,17,11,0,11,0.05555555555555555,0.08947368421052632,0.0,0.05789473684210526,4.4098086663680185,22,3,19,0.13636363636363635,0.1,3.9522272753306944,25,5,20,0.2,0.10526315789473684,4.362946981881657,21,2,19,0.09523809523809523,0.1,4.045290694474499,23,4,19,0.17391304347826086,0.1,4.407368937916749,7,0,7,0.0,0.03684210526315789,4.248812451128675,10,0,10,0.0,0.05263157894736842,4.5253888189861735,21,3,18,0.14285714285714285,0.09473684210526316,4.4098086663680185,22,3,19,0.13636363636363635,0.1,1.870924
gaussian,gaussian,250,80,200,0.6,20,block_ar1,0.6,106,20,3,17,16,0,16,0.15,0.08947368421052632,0.0,0.08421052631578947,28,9,19,16,0,16,0.32142857142857145,0.1,0.0,0.08421052631578947,4.099125851000166,26,4,22,0.15384615384615385,0.11578947368421053,3.8905848011028406,33,10,23,0.30303030303030304,0.12105263157894737,4.1500925432707705,24,3,21,0.125,0.11052631578947368,3.8929513618844918,31,8,23,0.25806451612903225,0.12105263157894737,4.393082164178727,16,0,16,0.0,0.08421052631578947,4.044084080941516,19,3,16,0.15789473684210525,0.08421052631578947,4.859824306232772,20,2,18,0.1,0.09473684210526316,4.099125851000166,26,4,22,0.15384615384615385,0.11578947368421053,2.094435
gaussian,gaussian,250,80,200,0.6,20,block_ar1,0.6,107,21,2,19,13,0,13,0.09523809523809523,0.1,0.0,0.06842105263157895,22,2,20,14,0,14,0.09090909090909091,0.10526315789473684,0.0,0.07368421052631578,4.1495849717828355,27,3,24,0.1111111111111111,0.12631578947368421,4.1495849717828355,27,3,24,0.1111111111111111,0.12631578947368421,4.103406541999181,27,3,24,0.1111111111111111,0.12631578947368421,4.103406541999181,27,3,24,0.1111111111111111,0.12631578947368421,4.31966617444908,12,0,12,0.0,0.06315789473684211,4.10714210181692,13,0,13,0.0,0.06842105263157895,4.460799978597748,25,2,23,0.08,0.12105263157894737,4.1495849717828355,27,3,24,0.1111111111111111,0.12631578947368421,2.227799
gaussian,gaussian,250,80,200,0.6,20,block_ar1,0.6,108,20,2,18,15,0,15,0.1,0.09473684210526316,0.0,0.07894736842105263,27,7,20,18,0,18,0.25925925925925924,0.10526315789473684,0.0,0.09473684210526316,4.128358130441111,28,4,24,0.14285714285714285,0.12631578947368421,3.9056898621744,32,7,25,0.21875,0.13157894736842105,4.097427269086207,28,4,24,0.14285714285714285,0.12631578947368421,3.9237431588149865,31,6,25,0.1935483870967742,0.13157894736842105,4.452865974432187,11,1,10,0.09090909090909091,0.05263157894736842,4.146968543425437,12,1,11,0.08333333333333333,0.05789473684210526,4.512715098352513,26,3,23,0.11538461538461539,0.12105263157894737,4.128358130441111,28,4,24,0.14285714285714285,0.12631578947368421,1.946019
gaussian,gaussian,250,80,200,0.6,20,block_ar1,0.6,109,18,0,18,12,0,12,0.0,0.09473684210526316,0.0,0.06315789473684211,22,1,21,14,0,14,0.045454545454545456,0.11052631578947368,0.0,0.07368421052631578,4.197433851275072,25,1,24,0.04,0.12631578947368421,4.066941945610142,26,1,25,0.038461538461538464,0.13157894736842105,4.157406257483034,25,1,24,0.04,0.12631578947368421,4.028158749509211,26,1,25,0.038461538461538464,0.13157894736842105,4.351952769605583,11,0,11,0.0,0.05789473684210526,4.351952769605583,11,0,11,0.0,0.05789473684210526,4.461250472875525,23,0,23,0.0,0.12105263157894737,4.066941945610142,26,1,25,0.038461538461538464,0.13157894736842105,1.699897
gaussian,gaussian,250,80,200,0.6,20,block_ar1,0.6,110,15,0,15,12,0,12,0.0,0.07894736842105263,0.0,0.06315789473684211,17,0,17,12,0,12,0.0,0.08947368421052632,0.0,0.06315789473684211,4.209133406911861,26,3,23,0.11538461538461539,0.12105263157894737,4.0280447137348565,27,3,24,0.1111111111111111,0.12631578947368421,4.1667089059595295,26,3,23,0.11538461538461539,0.12105263157894737,3.987445433485563,27,3,24,0.1111111111111111,0.12631578947368421,4.392616056970762,12,0,12,0.0,0.06315789473684211,4.08440279064581,16,1,15,0.0625,0.07894736842105263,4.5500768190449845,20,1,19,0.05,0.1,4.209133406911861,26,3,23,0.11538461538461539,0.12105263157894737,1.940617
gaussian,gaussian,250,80,200,0.6,20,block_ar1,0.6,111,25,5,20,17,1,16,0.2,0.10526315789473684,0.058823529411764705,0.08421052631578947,29,7,22,17,1,16,0.2413793103448276,0.11578947368421053,0.058823529411764705,0.08421052631578947,4.096238149742556,29,6,23,0.20689655172413793,0.12105263157894737,3.8651914550879534,37,11,26,0.2972972972972973,0.1368421052631579,4.13564932427072,27,4,23,0.14814814814814814,0.12105263157894737,3.8961086643411735,31,6,25,0.1935483870967742,0.13157894736842105,4.197823355539679,20,4,16,0.2,0.08421052631578947,3.960667514658445,26,6,20,0.23076923076923078,0.10526315789473684,4.722215077306808,23,1,22,0.043478260869565216,0.11578947368421053,4.050779738728318,30,7,23,0.23333333333333334,0.12105263157894737,2.016321
gaussian,gaussian,250,80,200,0.6,20,block_ar1,0.6,112,14,1,13,13,0,13,0.07142857142857142,0.06842105263157895,0.0,0.06842105263157895,16,2,14,13,0,13,0.125,0.07368421052631578,0.0,0.06842105263157895,4.181239863300508,24,3,21,0.125,0.11052631578947368,4.036722152226047,25,3,22,0.12,0.11578947368421053,4.149394895623653,24,3,21,0.125,0.11052631578947368,4.005977853725886,25,3,22,0.12,0.11578947368421053,4.436410022018249,7,0,7,0.0,0.03684210526315789,4.3055585585402545,8,0,8,0.0,0.042105263157894736,4.578089452497519,19,2,17,0.10526315789473684,0.08947368421052632,4.181239863300508,24,3,21,0.125,0.11052631578947368,1.735488
gaussian,gaussian,250,80,200,0.6,20,block_ar1,0.6,113,19,0,19,12,0,12,0.0,0.1,0.0,0.06315789473684211,20,1,19,12,0,12,0.05,0.1,0.0,0.06315789473684211,4.143401156271143,23,3,20,0.13043478260869565,0.10526315789473684,3.9974009043756364,25,4,21,0.16,0.11052631578947368,4.4132374507427645,21,1,20,0.047619047619047616,0.10526315789473684,3.9786837638311883,22,2,20,0.09090909090909091,0.10526315789473684,4.379739240088533,12,0,12,0.0,0.06315789473684211,4.163527895502137,13,1,12,0.07692307692307693,0.06315789473684211,4.590836671532756,21,2,19,0.09523809523809523,0.1,4.476272214142785,22,2,20,0.09090909090909091,0.10526315789473684,1.822379
gaussian,gaussian,250,80,200,0.6,20,block_ar1,0.6,114,23,4,19,10,1,9,0.17391304347826086,0.1,0.1,0.04736842105263158,24,4,20,16,2,14,0.16666666666666666,0.10526315789473684,0.125,0.07368421052631578,4.200787874893018,29,5,24,0.1724137931034483,0.12631578947368421,3.8864981454659375,32,8,24,0.25,0.12631578947368421,4.145062533971005,29,5,24,0.1724137931034483,0.12631578947368421,3.947178523473503,30,6,24,0.2,0.12631578947368421,4.387042138770837,8,1,7,0.125,0.03684210526315789,4.156637204245157,11,2,9,0.18181818181818182,0.04736842105263158,4.452001459710945,26,4,22,0.15384615384615385,0.11578947368421053,4.200787874893018,29,5,24,0.1724137931034483,0.12631578947368421,1.825903
gaussian,gaussian,250,80,200,0.6,20,block_ar1,0.6,115,22,1,21,17,0,17,0.045454545454545456,0.11052631578947368,0.0,0.08947368421052632,27,4,23,18,0,18,0.14814814814814814,0.12105263157894737,0.0,0.09473684210526316,4.067188707361717,30,2,28,0.06666666666666667,0.14736842105263157,3.9351149259254012,32,4,28,0.125,0.14736842105263157,4.089773097558161,29,1,28,0.034482758620689655,0.14736842105263157,3.8886277306073915,32,4,28,0.125,0.14736842105263157,4.2309391386262005,17,1,16,0.058823529411764705,0.08421052631578947,4.003330211541605,22,1,21,0.045454545454545456,0.11052631578947368,4.466227530505386,25,1,24,0.04,0.12631578947368421,4.067188707361717,30,2,28,0.06666666666666667,0.14736842105263157,1.857906
gaussian,gaussian,250,80,200,0.6,20,block_ar1,0.6,116,21,1,20,16,0,16,0.047619047619047616,0.10526315789473684,0.0,0.08421052631578947,22,1,21,17,0,17,0.045454545454545456,0.11052631578947368,0.0,0.08947368421052632,4.22516789696301,23,2,21,0.08695652173913043,0.11052631578947368,4.22516789696301,23,2,21,0.08695652173913043,0.11052631578947368,4.152757994391245,23,2,21,0.08695652173913043,0.11052631578947368,4.152757994391245,23,2,21,0.08695652173913043,0.11052631578947368,4.303816820714019,17,0,17,0.0,0.08947368421052632,4.047433091690628,20,2,18,0.1,0.09473684210526316,4.52158087350421,22,1,21,0.045454545454545456,0.11052631578947368,4.22516789696301,23,2,21,0.08695652173913043,0.11052631578947368,1.741566
gaussian,gaussian,250,80,200,0.6,20,block_ar1,0.6,117,18,0,18,13,0,13,0.0,0.09473684210526316,0.0,0.06842105263157895,21,0,21,15,0,15,0.0,0.11052631578947368,0.0,0.07894736842105263,4.160061260787878,28,2,26,0.07142857142857142,0.1368421052631579,3.9334983126802294,31,2,29,0.06451612903225806,0.15263157894736842,4.1017160249175815,28,2,26,0.07142857142857142,0.1368421052631579,3.9486946153734506,29,2,27,0.06896551724137931,0.14210526315789473,4.374091536212795,9,0,9,0.0,0.04736842105263158,4.1744107489341316,13,1,12,0.07692307692307693,0.06315789473684211,4.588190761027949,23,1,22,0.043478260869565216,0.11578947368421053,4.004863184166159,29,2,27,0.06896551724137931,0.14210526315789473,1.989504
gaussian,gaussian,250,80,200,0.6,20,block_ar1,0.6,118,17,0,17,9,0,9,0.0,0.08947368421052632,0.0,0.04736842105263158,19,1,18,11,0,11,0.05263157894736842,0.09473684210526316,0.0,0.05789473684210526,4.25916810257608,20,0,20,0.0,0.10526315789473684,4.006162405199492,23,2,21,0.08695652173913043,0.11052631578947368,4.201799621532272,20,0,20,0.0,0.10526315789473684,4.044458491061326,22,2,20,0.09090909090909091,0.10526315789473684,4.821339702551097,3,0,3,0.0,0.015789473684210527,4.460882621315956,4,0,4,0.0,0.021052631578947368,4.90949518226469,19,0,19,0.0,0.1,4.25916810257608,20,0,20,0.0,0.10526315789473684,1.865904
gaussian,gaussian,250,80,200,0.6,20,block_ar1,0.6,119,18,2,16,11,0,11,0.1111111111111111,0.08421052631578947,0.0,0.05789473684210526,21,3,18,14,0,14,0.14285714285714285,0.09473684210526316,0.0,0.07368421052631578,4.126369571607163,23,3,20,0.13043478260869565,0.10526315789473684,3.9466913798202548,25,5,20,0.2,0.10526315789473684,4.414580253130682,22,3,19,0.13636363636363635,0.1,4.042999999191265,24,4,20,0.16666666666666666,0.10526315789473684,4.555750056558828,9,1,8,0.1111111111111111,0.042105263157894736,4.050711398714786,16,2,14,0.125,0.07368421052631578,4.80452539875469,21,2,19,0.09523809523809523,0.1,4.07929426870761,24,4,20,0.16666666666666666,0.10526315789473684,1.707564
gaussian,gaussian,250,80,200,0.6,20,block_ar1,0.6,120,20,2,18,13,0,13,0.1,0.09473684210526316,0.0,0.06842105263157895,22,4,18,17,0,17,0.18181818181818182,0.09473684210526316,0.0,0.08947368421052632,4.121427709582356,24,3,21,0.125,0.11052631578947368,3.9261533303260188,28,4,24,0.14285714285714285,0.12631578947368421,4.126825072850233,23,3,20,0.13043478260869565,0.10526315789473684,3.934186596728687,27,4,23,0.14814814814814814,0.12105263157894737,4.636526577840305,8,0,8,0.0,0.042105263157894736,4.230478686428308,11,0,11,0.0,0.05789473684210526,4.748678480605897,19,1,18,0.05263157894736842,0.09473684210526316,4.101164685301886,25,3,22,0.12,0.11578947368421053,1.931313
gaussian,gaussian,250,80,200,0.6,20,block_ar1,0.6,121,23,2,21,15,0,15,0.08695652173913043,0.11052631578947368,0.0,0.07894736842105263,25,3,22,18,0,18,0.12,0.11578947368421053,0.0,0.09473684210526316,4.1882804800031375,25,3,22,0.12,0.11578947368421053,4.071269845965841,26,4,22,0.15384615384615385,0.11578947368421053,4.119155629398713,25,3,22,0.12,0.11578947368421053,4.004076179921662,26,4,22,0.15384615384615385,0.11578947368421053,4.324152651269439,11,0,11,0.0,0.05789473684210526,4.14149745463545,13,1,12,0.07692307692307693,0.06315789473684211,4.572675841951171,24,2,22,0.08333333333333333,0.11578947368421053,4.1882804800031375,25,3,22,0.12,0.11578947368421053,1.855086
gaussian,gaussian,250,80,200,0.6,20,block_ar1,0.6,122,24,0,24,15,0,15,0.0,0.12631578947368421,0.0,0.07894736842105263,27,0,27,16,0,16,0.0,0.14210526315789473,0.0,0.08421052631578947,4.370315739192399,30,2,28,0.06666666666666667,0.14736842105263157,3.900703605934101,32,2,30,0.0625,0.15789473684210525,4.31878945266357,30,2,28,0.06666666666666667,0.14736842105263157,3.958015121392994,31,2,29,0.06451612903225806,0.15263157894736842,4.325464183504041,14,0,14,0.0,0.07368421052631578,4.108215517195817,17,0,17,0.0,0.08947368421052632,4.413667094975582,29,1,28,0.034482758620689655,0.14736842105263157,4.370315739192399,30,2,28,0.06666666666666667,0.14736842105263157,1.888669
gaussian,gaussian,250,80,200,0.6,20,block_ar1,0.6,123,20,2,18,16,0,16,0.1,0.09473684210526316,0.0,0.08421052631578947,23,3,20,17,0,17,0.13043478260869565,0.10526315789473684,0.0,0.08947368421052632,4.142556896883933,26,3,23,0.11538461538461539,0.12105263157894737,4.027135549598652,27,4,23,0.14814814814814814,0.12105263157894737,4.106692211419305,26,3,23,0.11538461538461539,0.12105263157894737,3.9922701383550736,27,4,23,0.14814814814814814,0.12105263157894737,4.29998755595899,15,1,14,0.06666666666666667,0.07368421052631578,4.112630538886964,16,1,15,0.0625,0.07894736842105263,4.679157336492843,20,0,20,0.0,0.10526315789473684,4.142556896883933,26,3,23,0.11538461538461539,0.12105263157894737,1.816661
gaussian,gaussian,250,80,200,0.6,20,block_ar1,0.6,124,18,0,18,16,0,16,0.0,0.09473684210526316,0.0,0.08421052631578947,21,2,19,18,0,18,0.09523809523809523,0.1,0.0,0.09473684210526316,4.154757934116972,26,4,22,0.15384615384615385,0.11578947368421053,3.9575330862904097,29,5,24,0.1724137931034483,0.12631578947368421,4.149920703420051,25,3,22,0.12,0.11578947368421053,3.9792211632074017,28,5,23,0.17857142857142858,0.12105263157894737,4.262703281787184,16,1,15,0.0625,0.07894736842105263,3.9871681829299144,21,3,18,0.14285714285714285,0.09473684210526316,4.496559933228608,23,2,21,0.08695652173913043,0.11052631578947368,4.154757934116972,26,4,22,0.15384615384615385,0.11578947368421053,1.899587
gaussian,gaussian,250,80,200,0.6,20,block_ar1,0.6,125,23,4,19,13,0,13,0.17391304347826086,0.1,0.0,0.06842105263157895,24,5,19,16,0,16,0.20833333333333334,0.1,0.0,0.08421052631578947,4.116572697020852,25,4,21,0.16,0.11052631578947368,3.9876829661135904,27,5,22,0.18518518518518517,0.11578947368421053,4.25065588172142,23,2,21,0.08695652173913043,0.11052631578947368,3.934567446945472,27,5,22,0.18518518518518517,0.11578947368421053,4.534618936157662,6,1,5,0.16666666666666666,0.02631578947368421,4.153532613985541,12,3,9,0.25,0.04736842105263158,5.046114821845231,20,1,19,0.05,0.1,4.116572697020852,25,4,21,0.16,0.11052631578947368,2.040455
gaussian,gaussian,250,80,200,0.6,20,block_ar1,0.6,126,19,0,19,15,0,15,0.0,0.1,0.0,0.07894736842105263,20,0,20,17,0,17,0.0,0.10526315789473684,0.0,0.08947368421052632,4.242485078463573,23,0,23,0.0,0.12105263157894737,3.9214969915611695,28,2,26,0.07142857142857142,0.1368421052631579,4.17656296791178,23,0,23,0.0,0.12105263157894737,4.17656296791178,23,0,23,0.0,0.12105263157894737,4.278087979988443,14,0,14,0.0,0.07368421052631578,4.044193526613346,17,0,17,0.0,0.08947368421052632,4.4753368136098794,22,0,22,0.0,0.11578947368421053,4.242485078463573,23,0,23,0.0,0.12105263157894737,1.880495
gaussian,gaussian,250,80,200,0.6,20,block_ar1,0.6,127,18,1,17,14,0,14,0.05555555555555555,0.08947368421052632,0.0,0.07368421052631578,22,4,18,14,0,14,0.18181818181818182,0.09473684210526316,0.0,0.07368421052631578,4.131763223982602,25,3,22,0.12,0.11578947368421053,4.025694889700651,30,6,24,0.2,0.12631578947368421,4.168181458224029,24,2,22,0.08333333333333333,0.11578947368421053,3.9662984375089745,30,6,24,0.2,0.12631578947368421,4.605456224223865,14,0,14,0.0,0.07368421052631578,4.0124958901439145,20,5,15,0.25,0.07894736842105263,4.89041309852703,18,0,18,0.0,0.09473684210526316,4.131763223982602,25,3,22,0.12,0.11578947368421053,1.880601
gaussian,gaussian,250,80,200,0.6,20,block_ar1,0.6,128,19,1,18,14,0,14,0.05263157894736842,0.09473684210526316,0.0,0.07368421052631578,20,2,18,14,0,14,0.1,0.09473684210526316,0.0,0.07368421052631578,4.068966544361823,32,6,26,0.1875,0.1368421052631579,3.894247452465143,34,8,26,0.23529411764705882,0.1368421052631579,4.0975045159001535,30,5,25,0.16666666666666666,0.13157894736842105,3.9748889858012992,33,7,26,0.21212121212121213,0.1368421052631579,4.282339282096184,12,0,12,0.0,0.06315789473684211,4.196188403218793,14,0,14,0.0,0.07368421052631578,4.562373347399122,22,1,21,0.045454545454545456,0.11052631578947368,4.034242350006695,33,7,26,0.21212121212121213,0.1368421052631579,1.750824
gaussian,gaussian,250,80,200,0.6,20,block_ar1,0.6,129,17,0,17,14,0,14,0.0,0.08947368421052632,0.0,0.07368421052631578,21,3,18,14,0,14,0.14285714285714285,0.09473684210526316,0.0,0.07368421052631578,4.123121666374553,26,1,25,0.038461538461538464,0.13157894736842105,3.9607895293140967,28,3,25,0.10714285714285714,0.13157894736842105,4.097521471597819,26,1,25,0.038461538461538464,0.13157894736842105,3.936197244238685,28,3,25,0.10714285714285714,0.13157894736842105,4.3375016900660235,10,0,10,0.0,0.05263157894736842,4.0902702177350605,14,1,13,0.07142857142857142,0.06842105263157895,4.933997032462794,20,1,19,0.05,0.1,4.123121666374553,26,1,25,0.038461538461538464,0.13157894736842105,1.896
gaussian,gaussian,250,80,200,0.6,20,block_ar1,0.6,130,20,1,19,10,0,10,0.05,0.1,0.0,0.05263157894736842,23,3,20,11,0,11,0.13043478260869565,0.10526315789473684,0.0,0.05789473684210526,4.21524052376753,24,1,23,0.041666666666666664,0.12105263157894737,3.9286058692731887,27,3,24,0.1111111111111111,0.12631578947368421,4.163394768507641,24,1,23,0.041666666666666664,0.12105263157894737,3.944292556368826,25,2,23,0.08,0.12105263157894737,4.395125634555774,10,1,9,0.1,0.04736842105263158,4.214522392990309,13,1,12,0.07692307692307693,0.06315789473684211,4.598033114271291,21,0,21,0.0,0.11052631578947368,4.21524052376753,24,1,23,0.041666666666666664,0.12105263157894737,1.738331
gaussian,gaussian,250,80,200,0.6,20,block_ar1,0.6,131,18,0,18,14,0,14,0.0,0.09473684210526316,0.0,0.07368421052631578,22,1,21,16,0,16,0.045454545454545456,0.11052631578947368,0.0,0.08421052631578947,4.171324323155694,28,3,25,0.10714285714285714,0.13157894736842105,3.913564290746637,30,4,26,0.13333333333333333,0.1368421052631579,4.155584038087936,28,3,25,0.10714285714285714,0.13157894736842105,4.155584038087936,28,3,25,0.10714285714285714,0.13157894736842105,4.295338363927658,13,0,13,0.0,0.06842105263157895,4.060984037802469,16,1,15,0.0625,0.07894736842105263,4.556403048847611,22,1,21,0.045454545454545456,0.11052631578947368,4.171324323155694,28,3,25,0.10714285714285714,0.13157894736842105,1.771899
gaussian,gaussian,250,80,200,0.6,20,block_ar1,0.6,132,20,1,19,14,0,14,0.05,0.1,0.0,0.07368421052631578,22,2,20,17,0,17,0.09090909090909091,0.10526315789473684,0.0,0.08947368421052632,4.12060072017527,27,4,23,0.14814814814814814,0.12105263157894737,3.914268747224606,30,5,25,0.16666666666666666,0.13157894736842105,4.100041990319466,26,3,23,0.11538461538461539,0.12105263157894737,3.9598850970490007,27,3,24,0.1111111111111111,0.12631578947368421,4.390840497885655,12,1,11,0.08333333333333333,0.05789473684210526,4.080724237576766,15,1,14,0.06666666666666667,0.07368421052631578,4.604412602781529,22,1,21,0.045454545454545456,0.11052631578947368,4.12060072017527,27,4,23,0.14814814814814814,0.12105263157894737,1.887152
gaussian,gaussian,250,80,200,0.6,20,block_ar1,0.6,133,18,0,18,11,0,11,0.0,0.09473684210526316,0.0,0.05789473684210526,22,2,20,11,0,11,0.09090909090909091,0.10526315789473684,0.0,0.05789473684210526,4.15279213549504,26,1,25,0.038461538461538464,0.13157894736842105,3.9204162857566183,28,3,25,0.10714285714285714,0.13157894736842105,4.158641894804405,25,0,25,0.0,0.13157894736842105,3.964267656535947,27,2,25,0.07407407407407407,0.13157894736842105,4.625006607196981,6,0,6,0.0,0.031578947368421054,4.14291181118036,11,0,11,0.0,0.05789473684210526,4.500961505219311,24,0,24,0.0,0.12631578947368421,4.15279213549504,26,1,25,0.038461538461538464,0.13157894736842105,1.828121
gaussian,gaussian,250,80,200,0.6,20,block_ar1,0.6,134,19,0,19,17,0,17,0.0,0.1,0.0,0.08947368421052632,19,0,19,17,0,17,0.0,0.1,0.0,0.08947368421052632,4.139770648919024,24,0,24,0.0,0.12631578947368421,4.032692211974134,25,0,25,0.0,0.13157894736842105,4.3058985106334395,23,0,23,0.0,0.12105263157894737,3.983842485699744,25,0,25,0.0,0.13157894736842105,4.252593405553412,14,0,14,0.0,0.07368421052631578,4.021851504842675,18,0,18,0.0,0.09473684210526316,4.844039839162588,21,0,21,0.0,0.11052631578947368,4.358697275736424,23,0,23,0.0,0.12105263157894737,1.775493
gaussian,gaussian,250,80,200,0.6,20,block_ar1,0.6,135,19,1,18,13,0,13,0.05263157894736842,0.09473684210526316,0.0,0.06842105263157895,21,2,19,15,0,15,0.09523809523809523,0.1,0.0,0.07894736842105263,4.146761236571715,23,2,21,0.08695652173913043,0.11052631578947368,3.981965760056674,24,2,22,0.08333333333333333,0.11578947368421053,4.544404603413404,22,2,20,0.09090909090909091,0.10526315789473684,3.9538583741945423,24,2,22,0.08333333333333333,0.11578947368421053,4.485895796056758,11,0,11,0.0,0.05789473684210526,4.194586388466191,12,0,12,0.0,0.06315789473684211,4.576710093801084,22,2,20,0.09090909090909091,0.10526315789473684,4.576710093801084,22,2,20,0.09090909090909091,0.10526315789473684,1.911277
gaussian,gaussian,250,80,200,0.6,20,block_ar1,0.6,136,14,0,14,11,0,11,0.0,0.07368421052631578,0.0,0.05789473684210526,17,1,16,11,0,11,0.058823529411764705,0.08421052631578947,0.0,0.05789473684210526,4.171317803495795,24,1,23,0.041666666666666664,0.12105263157894737,3.9425072164271087,28,4,24,0.14285714285714285,0.12631578947368421,4.159854065051573,24,1,23,0.041666666666666664,0.12105263157894737,3.9316723019773616,28,4,24,0.14285714285714285,0.12631578947368421,4.373683114359358,9,0,9,0.0,0.04736842105263158,4.241431264760162,10,0,10,0.0,0.05263157894736842,4.611499869757788,21,1,20,0.047619047619047616,0.10526315789473684,4.171317803495795,24,1,23,0.041666666666666664,0.12105263157894737,1.77297
gaussian,gaussian,250,80,200,0.6,20,block_ar1,0.6,137,21,1,20,10,0,10,0.047619047619047616,0.10526315789473684,0.0,0.05263157894736842,24,4,20,12,0,12,0.16666666666666666,0.10526315789473684,0.0,0.06315789473684211,4.194103395130454,27,3,24,0.1111111111111111,0.12631578947368421,4.042373994101899,29,5,24,0.1724137931034483,0.12631578947368421,4.140709711651149,27,3,24,0.1111111111111111,0.12631578947368421,3.9909119252848435,29,5,24,0.1724137931034483,0.12631578947368421,4.2444899652263715,14,3,11,0.21428571428571427,0.05789473684210526,4.077787782857826,16,4,12,0.25,0.06315789473684211,4.573841432577316,23,2,21,0.08695652173913043,0.11052631578947368,4.194103395130454,27,3,24,0.1111111111111111,0.12631578947368421,1.794474
gaussian,gaussian,250,80,200,0.6,20,block_ar1,0.6,138,17,0,17,12,0,12,0.0,0.08947368421052632,0.0,0.06315789473684211,21,3,18,14,0,14,0.14285714285714285,0.09473684210526316,0.0,0.07368421052631578,4.152612547124523,22,3,19,0.13636363636363635,0.1,3.959441947240667,25,6,19,0.24,0.1,4.60635508739928,20,1,19,0.05,0.1,4.0033528248642885,23,4,19,0.17391304347826086,0.1,4.424072513085854,10,1,9,0.1,0.04736842105263158,4.166275448009049,11,1,10,0.09090909090909091,0.05263157894736842,4.679633015254665,20,1,19,0.05,0.1,4.190315095028355,21,2,19,0.09523809523809523,0.1,1.876449
gaussian,gaussian,250,80,200,0.6,20,block_ar1,0.6,139,15,1,14,8,0,8,0.06666666666666667,0.07368421052631578,0.0,0.042105263157894736,19,3,16,8,0,8,0.15789473684210525,0.08421052631578947,0.0,0.042105263157894736,4.172219225370883,23,3,20,0.13043478260869565,0.10526315789473684,4.054788942035007,24,4,20,0.16666666666666666,0.10526315789473684,4.224181379942006,21,2,19,0.09523809523809523,0.1,4.000725095987574,24,4,20,0.16666666666666666,0.10526315789473684,4.446556254258429,7,0,7,0.0,0.03684210526315789,4.196681559110468,10,2,8,0.2,0.042105263157894736,5.36245598988631,16,0,16,0.0,0.08421052631578947,4.172219225370883,23,3,20,0.13043478260869565,0.10526315789473684,1.93038
gaussian,gaussian,250,80,200,0.6,20,block_ar1,0.6,140,17,1,16,14,1,13,0.058823529411764705,0.08421052631578947,0.07142857142857142,0.06842105263157895,17,1,16,15,1,14,0.058823529411764705,0.08421052631578947,0.06666666666666667,0.07368421052631578,4.234777170727078,25,1,24,0.04,0.12631578947368421,4.234777170727078,25,1,24,0.04,0.12631578947368421,4.165073837756567,25,1,24,0.04,0.12631578947368421,4.165073837756567,25,1,24,0.04,0.12631578947368421,4.319522258201632,12,1,11,0.08333333333333333,0.05789473684210526,4.115298194802717,13,1,12,0.07692307692307693,0.06315789473684211,4.528097728392966,22,1,21,0.045454545454545456,0.11052631578947368,4.234777170727078,25,1,24,0.04,0.12631578947368421,1.854093
gaussian,gaussian,250,80,200,0.6,20,block_ar1,0.6,141,21,1,20,12,0,12,0.047619047619047616,0.10526315789473684,0.0,0.06315789473684211,25,3,22,16,0,16,0.12,0.11578947368421053,0.0,0.08421052631578947,4.206117001326208,24,2,22,0.08333333333333333,0.11578947368421053,4.064148950016332,25,2,23,0.08,0.12105263157894737,4.166680293606151,24,2,22,0.08333333333333333,0.11578947368421053,4.026043339967435,25,2,23,0.08,0.12105263157894737,4.500235779061914,11,0,11,0.0,0.05789473684210526,4.026951447173537,18,4,14,0.2222222222222222,0.07368421052631578,4.826042079306644,23,1,22,0.043478260869565216,0.11578947368421053,4.206117001326208,24,2,22,0.08333333333333333,0.11578947368421053,1.835405
gaussian,gaussian,250,80,200,0.6,20,block_ar1,0.6,142,22,3,19,11,0,11,0.13636363636363635,0.1,0.0,0.05789473684210526,25,4,21,14,0,14,0.16,0.11052631578947368,0.0,0.07368421052631578,4.138581756249696,26,5,21,0.19230769230769232,0.11052631578947368,4.027756636421795,29,6,23,0.20689655172413793,0.12105263157894737,4.626568354173442,23,2,21,0.08695652173913043,0.11052631578947368,3.9719273873283556,28,5,23,0.17857142857142858,0.12105263157894737,4.447967444011489,12,0,12,0.0,0.06315789473684211,4.124385210152159,13,1,12,0.07692307692307693,0.06315789473684211,4.474575571072663,24,3,21,0.125,0.11052631578947368,4.052413908629563,28,6,22,0.21428571428571427,0.11578947368421053,1.833176
gaussian,gaussian,250,80,200,0.6,20,block_ar1,0.6,143,18,1,17,9,0,9,0.05555555555555555,0.08947368421052632,0.0,0.04736842105263158,19,2,17,9,0,9,0.10526315789473684,0.08947368421052632,0.0,0.04736842105263158,4.177159032822011,22,2,20,0.09090909090909091,0.10526315789473684,4.0448137884040305,23,3,20,0.13043478260869565,0.10526315789473684,4.1423166765224755,22,2,20,0.09090909090909091,0.10526315789473684,4.011075345104772,23,3,20,0.13043478260869565,0.10526315789473684,4.475071468471915,8,0,8,0.0,0.042105263157894736,4.170719571022471,11,0,11,0.0,0.05789473684210526,4.680431567227359,18,0,18,0.0,0.09473684210526316,4.177159032822011,22,2,20,0.09090909090909091,0.10526315789473684,1.739315
gaussian,gaussian,250,80,200,0.6,20,block_ar1,0.6,144,20,0,20,15,0,15,0.0,0.10526315789473684,0.0,0.07894736842105263,23,2,21,17,0,17,0.08695652173913043,0.11052631578947368,0.0,0.08947368421052632,4.172717154516751,26,3,23,0.11538461538461539,0.12105263157894737,4.018815683716874,28,5,23,0.17857142857142858,0.12105263157894737,4.279245697759819,24,1,23,0.041666666666666664,0.12105263157894737,3.9661574933851362,26,3,23,0.11538461538461539,0.12105263157894737,4.2981162238800685,14,0,14,0.0,0.07368421052631578,3.9974681797187666,20,2,18,0.1,0.09473684210526316,4.91048370249206,20,0,20,0.0,0.10526315789473684,4.172717154516751,26,3,23,0.11538461538461539,0.12105263157894737,1.920348
gaussian,gaussian,250,80,200,0.6,20,block_ar1,0.6,145,16,2,14,12,0,12,0.125,0.07368421052631578,0.0,0.06315789473684211,17,2,15,14,0,14,0.11764705882352941,0.07894736842105263,0.0,0.07368421052631578,4.1945426964067885,25,3,22,0.12,0.11578947368421053,4.01329667052288,27,4,23,0.14814814814814814,0.12105263157894737,4.174555798648475,24,2,22,0.08333333333333333,0.11578947368421053,3.994173405835115,26,3,23,0.11538461538461539,0.12105263157894737,4.296692347382108,11,1,10,0.09090909090909091,0.05263157894736842,4.172149389496962,12,1,11,0.08333333333333333,0.05789473684210526,4.92457600308727,16,0,16,0.0,0.08421052631578947,4.1945426964067885,25,3,22,0.12,0.11578947368421053,1.88745
gaussian,gaussian,250,80,200,0.6,20,block_ar1,0.6,146,17,0,17,11,0,11,0.0,0.08947368421052632,0.0,0.05789473684210526,18,0,18,14,0,14,0.0,0.09473684210526316,0.0,0.07368421052631578,4.395937858048523,22,1,21,0.045454545454545456,0.11052631578947368,3.9930486992495084,23,1,22,0.043478260869565216,0.11578947368421053,4.353588757388828,22,1,21,0.045454545454545456,0.11052631578947368,4.353588757388828,22,1,21,0.045454545454545456,0.11052631578947368,4.473251219124588,7,0,7,0.0,0.03684210526315789,4.153992638893079,13,0,13,0.0,0.06842105263157895,4.701900996244461,19,0,19,0.0,0.1,4.395937858048523,22,1,21,0.045454545454545456,0.11052631578947368,1.821859
gaussian,gaussian,250,80,200,0.6,20,block_ar1,0.6,147,16,0,16,14,0,14,0.0,0.08421052631578947,0.0,0.07368421052631578,28,5,23,14,0,14,0.17857142857142858,0.12105263157894737,0.0,0.07368421052631578,4.105644472885345,28,0,28,0.0,0.14736842105263157,3.9095985250340197,33,4,29,0.12121212121212122,0.15263157894736842,4.388788012782091,27,0,27,0.0,0.14210526315789473,3.9003101660309496,31,2,29,0.06451612903225806,0.15263157894736842,4.3105111901411375,15,2,13,0.13333333333333333,0.06842105263157895,4.073591941616151,17,2,15,0.11764705882352941,0.07894736842105263,4.429281814755457,27,0,27,0.0,0.14210526315789473,4.060120333664551,29,1,28,0.034482758620689655,0.14736842105263157,1.731924
gaussian,gaussian,250,80,200,0.6,20,block_ar1,0.6,148,20,1,19,7,0,7,0.05,0.1,0.0,0.03684210526315789,21,1,20,12,0,12,0.047619047619047616,0.10526315789473684,0.0,0.06315789473684211,4.130094261902466,25,3,22,0.12,0.11578947368421053,4.130094261902466,25,3,22,0.12,0.11578947368421053,4.1093517254473815,25,3,22,0.12,0.11578947368421053,4.1093517254473815,25,3,22,0.12,0.11578947368421053,4.439129034976534,7,1,6,0.14285714285714285,0.031578947368421054,4.16282148823228,10,2,8,0.2,0.042105263157894736,4.636421734799376,21,1,20,0.047619047619047616,0.10526315789473684,4.130094261902466,25,3,22,0.12,0.11578947368421053,1.900605
gaussian,gaussian,250,80,200,0.6,20,block_ar1,0.6,149,19,0,19,17,0,17,0.0,0.1,0.0,0.08947368421052632,20,1,19,17,0,17,0.05,0.1,0.0,0.08947368421052632,4.14764150368497,24,2,22,0.08333333333333333,0.11578947368421053,4.14764150368497,24,2,22,0.08333333333333333,0.11578947368421053,4.283339168003954,23,2,21,0.08695652173913043,0.11052631578947368,4.058372008945516,24,2,22,0.08333333333333333,0.11578947368421053,4.480282935529889,12,0,12,0.0,0.06315789473684211,4.480282935529889,12,0,12,0.0,0.06315789473684211,4.836934991300175,21,1,20,0.047619047619047616,0.10526315789473684,4.14764150368497,24,2,22,0.08333333333333333,0.11578947368421053,1.837194
gaussian,gaussian,250,80,200,0.6,20,block_ar1,0.6,150,19,3,16,14,0,14,0.15789473684210525,0.08421052631578947,0.0,0.07368421052631578,20,3,17,14,0,14,0.15,0.08947368421052632,0.0,0.07368421052631578,4.096571303463863,30,5,25,0.16666666666666666,0.13157894736842105,4.0340091442237425,31,5,26,0.16129032258064516,0.1368421052631579,4.166941410107542,29,5,24,0.1724137931034483,0.12631578947368421,3.987467281005116,31,5,26,0.16129032258064516,0.1368421052631579,4.308915788709892,13,1,12,0.07692307692307693,0.06315789473684211,4.226447580331985,14,2,12,0.14285714285714285,0.06315789473684211,4.547336240836682,25,2,23,0.08,0.12105263157894737,4.0340091442237425,31,5,26,0.16129032258064516,0.1368421052631579,1.946285
gaussian,gaussian,250,80,200,0.6,20,block_ar1,0.6,151,24,1,23,16,0,16,0.041666666666666664,0.12105263157894737,0.0,0.08421052631578947,25,2,23,16,0,16,0.08,0.12105263157894737,0.0,0.08421052631578947,4.231532669677284,26,1,25,0.038461538461538464,0.13157894736842105,4.231532669677284,26,1,25,0.038461538461538464,0.13157894736842105,4.19226499736196,26,1,25,0.038461538461538464,0.13157894736842105,4.19226499736196,26,1,25,0.038461538461538464,0.13157894736842105,4.280213561488702,17,0,17,0.0,0.08947368421052632,3.994153438806994,21,3,18,0.14285714285714285,0.09473684210526316,4.631851068843624,23,0,23,0.0,0.12105263157894737,4.231532669677284,26,1,25,0.038461538461538464,0.13157894736842105,1.918469
gaussian,gaussian,250,80,200,0.6,20,block_ar1,0.6,152,24,3,21,16,0,16,0.125,0.11052631578947368,0.0,0.08421052631578947,26,5,21,16,0,16,0.19230769230769232,0.11052631578947368,0.0,0.08421052631578947,4.136584071215315,29,5,24,0.1724137931034483,0.12631578947368421,3.9512654787986263,31,6,25,0.1935483870967742,0.13157894736842105,4.111468521526727,27,3,24,0.1111111111111111,0.12631578947368421,3.927275103465481,29,4,25,0.13793103448275862,0.13157894736842105,4.213168896009213,18,2,16,0.1111111111111111,0.08421052631578947,4.006735754493739,21,4,17,0.19047619047619047,0.08947368421052632,4.427447142636819,25,1,24,0.04,0.12631578947368421,4.04090771106325,30,5,25,0.16666666666666666,0.13157894736842105,1.753677
gaussian,gaussian,250,80,200,0.6,20,block_ar1,0.6,153,19,1,18,14,0,14,0.05263157894736842,0.09473684210526316,0.0,0.07368421052631578,28,5,23,15,0,15,0.17857142857142858,0.12105263157894737,0.0,0.07894736842105263,4.180682542867993,27,1,26,0.037037037037037035,0.1368421052631579,3.958557183623798,30,3,27,0.1,0.14210526315789473,4.137291019508314,27,1,26,0.037037037037037035,0.1368421052631579,3.91747111101662,29,3,26,0.10344827586206896,0.1368421052631579,4.202120252910506,17,0,17,0.0,0.08947368421052632,3.962204618952553,25,2,23,0.08,0.12105263157894737,4.682618014580601,21,0,21,0.0,0.11052631578947368,4.063511516136711,28,2,26,0.07142857142857142,0.1368421052631579,1.742505
gaussian,gaussian,250,80,200,0.6,20,block_ar1,0.6,154,19,1,18,14,0,14,0.05263157894736842,0.09473684210526316,0.0,0.07368421052631578,22,2,20,14,0,14,0.09090909090909091,0.10526315789473684,0.0,0.07368421052631578,4.213594713990671,27,4,23,0.14814814814814814,0.12105263157894737,3.9652088920271873,28,5,23,0.17857142857142858,0.12105263157894737,4.165623852302094,27,4,23,0.14814814814814814,0.12105263157894737,3.9200658490349007,28,5,23,0.17857142857142858,0.12105263157894737,4.213702851921396,16,1,15,0.0625,0.07894736842105263,4.07200571681135,17,2,15,0.11764705882352941,0.07894736842105263,4.406730905414147,26,4,22,0.15384615384615385,0.11578947368421053,4.213594713990671,27,4,23,0.14814814814814814,0.12105263157894737,1.900879
gaussian,gaussian,250,80,200,0.6,20,block_ar1,0.6,155,18,2,16,15,0,15,0.1111111111111111,0.08421052631578947,0.0,0.07894736842105263,18,2,16,17,1,16,0.1111111111111111,0.08421052631578947,0.058823529411764705,0.08421052631578947,4.116000325877887,26,4,22,0.15384615384615385,0.11578947368421053,4.0483167449147786,27,4,23,0.14814814814814814,0.12105263157894737,4.251891305742725,24,3,21,0.125,0.11052631578947368,3.982469176488832,26,3,23,0.11538461538461539,0.12105263157894737,4.452618745892813,9,0,9,0.0,0.04736842105263158,4.144496958422439,11,0,11,0.0,0.05789473684210526,4.514565076348541,23,2,21,0.08695652173913043,0.11052631578947368,4.116000325877887,26,4,22,0.15384615384615385,0.11578947368421053,1.795683
gaussian,gaussian,250,80,200,0.6,20,block_ar1,0.6,156,13,0,13,10,0,10,0.0,0.06842105263157895,0.0,0.05263157894736842,15,0,15,11,0,11,0.0,0.07894736842105263,0.0,0.05789473684210526,4.231696893142228,22,1,21,0.045454545454545456,0.11052631578947368,4.086886070139524,23,1,22,0.043478260869565216,0.11578947368421053,4.179758051553379,22,1,21,0.045454545454545456,0.11052631578947368,4.036724602163724,23,1,22,0.043478260869565216,0.11578947368421053,4.727244280641222,6,0,6,0.0,0.031578947368421054,4.284642310482869,9,0,9,0.0,0.04736842105263158,4.56587266322092,19,1,18,0.05263157894736842,0.09473684210526316,4.231696893142228,22,1,21,0.045454545454545456,0.11052631578947368,2.01695
gaussian,gaussian,250,80,200,0.6,20,block_ar1,0.6,157,18,0,18,16,0,16,0.0,0.09473684210526316,0.0,0.08421052631578947,19,1,18,17,0,17,0.05263157894736842,0.09473684210526316,0.0,0.08947368421052632,4.292476654253836,25,2,23,0.08,0.12105263157894737,3.946698068466118,27,3,24,0.1111111111111111,0.12631578947368421,4.2637884981132705,25,2,23,0.08,0.12105263157894737,3.9722407968679194,26,2,24,0.07692307692307693,0.12631578947368421,4.306953954367115,12,0,12,0.0,0.06315789473684211,4.08632905640547,15,0,15,0.0,0.07894736842105263,4.753718968289827,22,1,21,0.045454545454545456,0.11052631578947368,4.292476654253836,25,2,23,0.08,0.12105263157894737,1.85882
gaussian,gaussian,250,80,200,0.6,20,block_ar1,0.6,158,20,2,18,15,0,15,0.1,0.09473684210526316,0.0,0.07894736842105263,20,2,18,17,0,17,0.1,0.09473684210526316,0.0,0.08947368421052632,4.294449699497947,23,3,20,0.13043478260869565,0.10526315789473684,4.013291429144585,27,5,22,0.18518518518518517,0.11578947368421053,4.262346798473101,23,3,20,0.13043478260869565,0.10526315789473684,3.9832903098978614,27,5,22,0.18518518518518517,0.11578947368421053,4.294205149522206,12,2,10,0.16666666666666666,0.05263157894736842,4.038384053221996,17,4,13,0.23529411764705882,0.06842105263157895,4.676980803063618,21,2,19,0.09523809523809523,0.1,4.100021740160869,24,3,21,0.125,0.11052631578947368,1.760822
gaussian,gaussian,250,80,200,0.6,20,block_ar1,0.6,159,18,1,17,14,0,14,0.05555555555555555,0.08947368421052632,0.0,0.07368421052631578,20,2,18,17,1,16,0.1,0.09473684210526316,0.058823529411764705,0.08421052631578947,4.131875339864541,23,4,19,0.17391304347826086,0.1,4.066329866814425,24,4,20,0.16666666666666666,0.10526315789473684,4.151461489938412,22,3,19,0.13636363636363635,0.1,4.023834654816,24,4,20,0.16666666666666666,0.10526315789473684,4.261186416904137,15,2,13,0.13333333333333333,0.06842105263157895,4.169905124844272,16,2,14,0.125,0.07368421052631578,4.982995901535732,20,1,19,0.05,0.1,4.131875339864541,23,4,19,0.17391304347826086,0.1,1.821986
gaussian,gaussian,250,80,200,0.6,20,block_ar1,0.6,160,19,0,19,13,0,13,0.0,0.1,0.0,0.06842105263157895,20,1,19,13,0,13,0.05,0.1,0.0,0.06842105263157895,4.14984993583065,22,0,22,0.0,0.11578947368421053,3.982867003715716,23,1,22,0.043478260869565216,0.11578947368421053,4.699771013790758,19,0,19,0.0,0.1,4.106281594745162,22,0,22,0.0,0.11578947368421053,4.348956947220544,11,0,11,0.0,0.05789473684210526,4.348956947220544,11,0,11,0.0,0.05789473684210526,4.749636377825841,19,0,19,0.0,0.1,4.14984993583065,22,0,22,0.0,0.11578947368421053,1.955018
gaussian,gaussian,250,80,200,0.6,20,block_ar1,0.6,161,19,3,16,12,1,11,0.15789473684210525,0.08421052631578947,0.08333333333333333,0.05789473684210526,26,7,19,17,2,15,0.2692307692307692,0.1,0.11764705882352941,0.07894736842105263,4.103938614414963,26,3,23,0.11538461538461539,0.12105263157894737,3.9339225509159452,32,8,24,0.25,0.12631578947368421,4.205237352546233,25,3,22,0.12,0.11578947368421053,3.8963555925677427,32,8,24,0.25,0.12631578947368421,4.274715980995842,15,4,11,0.26666666666666666,0.05789473684210526,3.974860947051861,22,6,16,0.2727272727272727,0.08421052631578947,4.562666605864923,24,2,22,0.08333333333333333,0.11578947368421053,4.245782413877071,25,3,22,0.12,0.11578947368421053,1.905585
gaussian,gaussian,250,80,200,0.6,20,block_ar1,0.6,162,20,2,18,13,1,12,0.1,0.09473684210526316,0.07692307692307693,0.06315789473684211,23,3,20,13,1,12,0.13043478260869565,0.10526315789473684,0.07692307692307693,0.06315789473684211,4.226179514947597,28,3,25,0.10714285714285714,0.13157894736842105,3.9151505020339425,30,3,27,0.1,0.14210526315789473,4.185761766349336,28,3,25,0.10714285714285714,0.13157894736842105,3.990028541609,29,3,26,0.10344827586206896,0.1368421052631579,4.2966741268172965,12,3,9,0.25,0.04736842105263158,4.2966741268172965,12,3,9,0.25,0.04736842105263158,4.540228766334792,25,2,23,0.08,0.12105263157894737,4.226179514947597,28,3,25,0.10714285714285714,0.13157894736842105,1.926202
gaussian,gaussian,250,80,200,0.6,20,block_ar1,0.6,163,15,1,14,12,0,12,0.06666666666666667,0.07368421052631578,0.0,0.06315789473684211,16,1,15,12,0,12,0.0625,0.07894736842105263,0.0,0.06315789473684211,4.259913491645468,20,1,19,0.05,0.1,4.259913491645468,20,1,19,0.05,0.1,4.233465524421673,20,1,19,0.05,0.1,4.233465524421673,20,1,19,0.05,0.1,4.315960175265337,11,1,10,0.09090909090909091,0.05263157894736842,4.130546782815627,14,1,13,0.07142857142857142,0.06842105263157895,4.592356158456723,18,1,17,0.05555555555555555,0.08947368421052632,4.259913491645468,20,1,19,0.05,0.1,1.838466
gaussian,gaussian,250,80,200,0.6,20,block_ar1,0.6,164,20,2,18,11,0,11,0.1,0.09473684210526316,0.0,0.05789473684210526,22,2,20,15,1,14,0.09090909090909091,0.10526315789473684,0.06666666666666667,0.07368421052631578,4.1656442958558655,29,4,25,0.13793103448275862,0.13157894736842105,3.9338011014484437,30,4,26,0.13333333333333333,0.1368421052631579,4.125785174460613,29,4,25,0.13793103448275862,0.13157894736842105,4.125785174460613,29,4,25,0.13793103448275862,0.13157894736842105,4.229435527505516,16,1,15,0.0625,0.07894736842105263,4.131542126327516,17,1,16,0.058823529411764705,0.08421052631578947,4.490618988650206,23,3,20,0.13043478260869565,0.10526315789473684,4.1656442958558655,29,4,25,0.13793103448275862,0.13157894736842105,1.741854
gaussian,gaussian,250,80,200,0.6,20,block_ar1,0.6,165,25,5,20,16,0,16,0.2,0.10526315789473684,0.0,0.08421052631578947,27,7,20,16,0,16,0.25925925925925924,0.10526315789473684,0.0,0.08421052631578947,4.05273966430106,32,8,24,0.25,0.12631578947368421,3.8544155825214776,37,10,27,0.2702702702702703,0.14210526315789473,4.0925189916868066,27,4,23,0.14814814814814814,0.12105263157894737,3.8860582494044005,35,9,26,0.2571428571428571,0.1368421052631579,4.286926097928343,18,2,16,0.1111111111111111,0.08421052631578947,4.0237709498064,23,4,19,0.17391304347826086,0.1,4.825136332274085,21,0,21,0.0,0.11052631578947368,3.962894179687142,35,9,26,0.2571428571428571,0.1368421052631579,1.919621
gaussian,gaussian,250,80,200,0.6,20,block_ar1,0.6,166,20,1,19,15,1,14,0.05,0.1,0.06666666666666667,0.07368421052631578,21,2,19,15,1,14,0.09523809523809523,0.1,0.06666666666666667,0.07368421052631578,4.163538734097115,24,2,22,0.08333333333333333,0.11578947368421053,4.080515366191948,25,3,22,0.12,0.11578947368421053,4.499038137794695,22,1,21,0.045454545454545456,0.11052631578947368,4.02572149207624,25,3,22,0.12,0.11578947368421053,4.325843449187833,14,1,13,0.07142857142857142,0.06842105263157895,4.159694797381133,15,1,14,0.06666666666666667,0.07368421052631578,4.6336770572992965,21,1,20,0.047619047619047616,0.10526315789473684,4.163538734097115,24,2,22,0.08333333333333333,0.11578947368421053,1.826438
gaussian,gaussian,250,80,200,0.6,20,block_ar1,0.6,167,20,0,20,16,0,16,0.0,0.10526315789473684,0.0,0.08421052631578947,21,1,20,18,0,18,0.047619047619047616,0.10526315789473684,0.0,0.09473684210526316,4.137558626238106,24,0,24,0.0,0.12631578947368421,4.049273536288397,25,1,24,0.04,0.12631578947368421,4.241273241454873,23,0,23,0.0,0.12105263157894737,4.016796773734834,25,1,24,0.04,0.12631578947368421,4.263526724455544,15,0,15,0.0,0.07894736842105263,4.0377431835343724,19,0,19,0.0,0.1,4.699419817651603,21,0,21,0.0,0.11052631578947368,4.275564949934671,23,0,23,0.0,0.12105263157894737,1.970093
gaussian,gaussian,250,80,200,0.6,20,block_ar1,0.6,168,16,0,16,15,0,15,0.0,0.08421052631578947,0.0,0.07894736842105263,19,1,18,15,0,15,0.05263157894736842,0.09473684210526316,0.0,0.07894736842105263,4.157551705467259,22,2,20,0.09090909090909091,0.10526315789473684,4.012918492415308,24,3,21,0.125,0.11052631578947368,4.164996991900358,20,1,19,0.05,0.1,3.975423854601618,23,2,21,0.08695652173913043,0.11052631578947368,4.301060149318813,12,1,11,0.08333333333333333,0.05789473684210526,4.110709708867658,15,1,14,0.06666666666666667,0.07368421052631578,4.583797382746534,18,1,17,0.05555555555555555,0.08947368421052632,4.401146125512373,20,1,19,0.05,0.1,1.825161
gaussian,gaussian,250,80,200,0.6,20,block_ar1,0.6,169,24,2,22,17,0,17,0.08333333333333333,0.11578947368421053,0.0,0.08947368421052632,28,4,24,18,1,17,0.14285714285714285,0.12631578947368421,0.05555555555555555,0.08947368421052632,4.036810568908889,35,5,30,0.14285714285714285,0.15789473684210525,3.8496239601216606,38,7,31,0.18421052631578946,0.1631578947368421,4.070462148610546,31,2,29,0.06451612903225806,0.15263157894736842,3.8600882932742624,37,6,31,0.16216216216216217,0.1631578947368421,4.176164566683416,20,5,15,0.25,0.07894736842105263,3.9264573026633234,27,5,22,0.18518518518518517,0.11578947368421053,4.548110966844096,27,1,26,0.037037037037037035,0.1368421052631579,4.036810568908889,35,5,30,0.14285714285714285,0.15789473684210525,1.820826
gaussian,gaussian,250,80,200,0.6,20,block_ar1,0.6,170,21,1,20,14,0,14,0.047619047619047616,0.10526315789473684,0.0,0.07368421052631578,23,1,22,17,0,17,0.043478260869565216,0.11578947368421053,0.0,0.08947368421052632,4.184812390687146,25,1,24,0.04,0.12631578947368421,4.184812390687146,25,1,24,0.04,0.12631578947368421,4.149101498821355,25,1,24,0.04,0.12631578947368421,4.149101498821355,25,1,24,0.04,0.12631578947368421,4.300138428778204,12,0,12,0.0,0.06315789473684211,4.126454636062243,14,0,14,0.0,0.07368421052631578,4.641435467138992,23,0,23,0.0,0.12105263157894737,4.184812390687146,25,1,24,0.04,0.12631578947368421,2.090932
gaussian,gaussian,250,80,200,0.6,20,block_ar1,0.6,171,22,1,21,19,0,19,0.045454545454545456,0.11052631578947368,0.0,0.1,27,4,23,19,0,19,0.14814814814814814,0.12105263157894737,0.0,0.1,4.113724287444739,29,3,26,0.10344827586206896,0.1368421052631579,3.8936104351728544,32,5,27,0.15625,0.14210526315789473,4.084298089078484,29,3,26,0.10344827586206896,0.1368421052631579,3.905962306195236,31,4,27,0.12903225806451613,0.14210526315789473,4.211751362084209,19,0,19,0.0,0.1,4.025523508784828,21,2,19,0.09523809523809523,0.1,4.500506917952411,27,2,25,0.07407407407407407,0.13157894736842105,4.0260273802621285,30,4,26,0.13333333333333333,0.1368421052631579,2.262961
gaussian,gaussian,250,80,200,0.6,20,block_ar1,0.6,172,21,2,19,14,0,14,0.09523809523809523,0.1,0.0,0.07368421052631578,28,6,22,16,0,16,0.21428571428571427,0.11578947368421053,0.0,0.08421052631578947,4.155151892201372,26,3,23,0.11538461538461539,0.12105263157894737,3.912680009609883,31,6,25,0.1935483870967742,0.13157894736842105,4.422450091440754,24,1,23,0.041666666666666664,0.12105263157894737,3.9166972935777005,28,4,24,0.14285714285714285,0.12631578947368421,4.239969203543459,15,1,14,0.06666666666666667,0.07368421052631578,4.026355532471962,20,5,15,0.25,0.07894736842105263,4.609658434551132,22,1,21,0.045454545454545456,0.11052631578947368,4.155151892201372,26,3,23,0.11538461538461539,0.12105263157894737,1.920482
gaussian,gaussian,250,80,200,0.6,20,block_ar1,0.6,173,19,0,19,16,0,16,0.0,0.1,0.0,0.08421052631578947,21,1,20,17,0,17,0.047619047619047616,0.10526315789473684,0.0,0.08947368421052632,4.462393871854893,25,2,23,0.08,0.12105263157894737,4.070709591596402,27,3,24,0.1111111111111111,0.12631578947368421,4.404550195096623,25,2,23,0.08,0.12105263157894737,4.017943113209495,27,3,24,0.1111111111111111,0.12631578947368421,4.316825714239958,14,0,14,0.0,0.07368421052631578,4.066944087590176,16,1,15,0.0625,0.07894736842105263,5.1144984959318975,19,0,19,0.0,0.1,4.462393871854893,25,2,23,0.08,0.12105263157894737,1.881951
gaussian,gaussian,250,80,200,0.6,20,block_ar1,0.6,174,21,1,20,17,0,17,0.047619047619047616,0.10526315789473684,0.0,0.08947368421052632,23,2,21,17,0,17,0.08695652173913043,0.11052631578947368,0.0,0.08947368421052632,4.1730476387605595,25,1,24,0.04,0.12631578947368421,3.9457658476073125,32,2,30,0.0625,0.15789473684210525,4.125014509368561,25,1,24,0.04,0.12631578947368421,3.900348805216456,32,2,30,0.0625,0.15789473684210525,4.28416560124839,15,0,15,0.0,0.07894736842105263,4.28416560124839,15,0,15,0.0,0.07894736842105263,4.773398501892077,23,0,23,0.0,0.12105263157894737,4.1730476387605595,25,1,24,0.04,0.12631578947368421,1.874957
gaussian,gaussian,250,80,200,0.6,20,block_ar1,0.6,175,17,0,17,15,0,15,0.0,0.08947368421052632,0.0,0.07894736842105263,20,1,19,15,0,15,0.05,0.1,0.0,0.07894736842105263,4.390425678020544,24,2,22,0.08333333333333333,0.11578947368421053,3.991955219023043,26,2,24,0.07692307692307693,0.12631578947368421,4.374766173938235,24,2,22,0.08333333333333333,0.11578947368421053,3.977716955211487,26,2,24,0.07692307692307693,0.12631578947368421,4.293152112083147,13,0,13,0.0,0.06842105263157895,4.0716555590695,16,0,16,0.0,0.08421052631578947,4.531205447404921,22,1,21,0.045454545454545456,0.11052631578947368,4.390425678020544,24,2,22,0.08333333333333333,0.11578947368421053,1.839096
gaussian,gaussian,250,80,200,0.6,20,block_ar1,0.6,176,11,0,11,11,0,11,0.0,0.05789473684210526,0.0,0.05789473684210526,14,1,13,11,0,11,0.07142857142857142,0.06842105263157895,0.0,0.05789473684210526,4.333755098036002,18,1,17,0.05555555555555555,0.08947368421052632,4.055778702703275,20,2,18,0.1,0.09473684210526316,4.295133795040109,18,1,17,0.05555555555555555,0.08947368421052632,4.019634653347007,20,2,18,0.1,0.09473684210526316,4.837349512499752,6,0,6,0.0,0.031578947368421054,4.2547848903578815,10,1,9,0.1,0.04736842105263158,5.1770262605780655,15,0,15,0.0,0.07894736842105263,4.333755098036002,18,1,17,0.05555555555555555,0.08947368421052632,1.83263
gaussian,gaussian,250,80,200,0.6,20,block_ar1,0.6,177,19,1,18,14,0,14,0.05263157894736842,0.09473684210526316,0.0,0.07368421052631578,22,2,20,14,0,14,0.09090909090909091,0.10526315789473684,0.0,0.07368421052631578,4.234563401303998,30,5,25,0.16666666666666666,0.13157894736842105,3.9386765805170874,31,6,25,0.1935483870967742,0.13157894736842105,4.161643020336589,30,5,25,0.16666666666666666,0.13157894736842105,4.161643020336589,30,5,25,0.16666666666666666,0.13157894736842105,4.4456775724672655,12,1,11,0.08333333333333333,0.05789473684210526,4.078122973557515,15,1,14,0.06666666666666667,0.07368421052631578,5.239331214703744,21,1,20,0.047619047619047616,0.10526315789473684,4.234563401303998,30,5,25,0.16666666666666666,0.13157894736842105,2.013985
gaussian,gaussian,250,80,200,0.6,20,block_ar1,0.6,178,21,2,19,15,0,15,0.09523809523809523,0.1,0.0,0.07894736842105263,22,3,19,16,0,16,0.13636363636363635,0.1,0.0,0.08421052631578947,4.41054692169725,22,1,21,0.045454545454545456,0.11052631578947368,3.970174380057495,24,3,21,0.125,0.11052631578947368,4.37664381717107,22,1,21,0.045454545454545456,0.11052631578947368,4.080901531356794,23,2,21,0.08695652173913043,0.11052631578947368,4.307706153509524,12,1,11,0.08333333333333333,0.05789473684210526,4.108848822998189,16,1,15,0.0625,0.07894736842105263,5.235580159758223,20,1,19,0.05,0.1,4.41054692169725,22,1,21,0.045454545454545456,0.11052631578947368,1.823272
gaussian,gaussian,250,80,200,0.6,20,block_ar1,0.6,179,19,1,18,17,0,17,0.05263157894736842,0.09473684210526316,0.0,0.08947368421052632,25,6,19,17,0,17,0.24,0.1,0.0,0.08947368421052632,4.152816224272264,23,1,22,0.043478260869565216,0.11578947368421053,3.9192125470254404,28,6,22,0.21428571428571427,0.11578947368421053,4.15217782541476,22,1,21,0.045454545454545456,0.11052631578947368,3.93998949591753,27,5,22,0.18518518518518517,0.11578947368421053,4.430464207031965,12,1,11,0.08333333333333333,0.05789473684210526,4.430464207031965,12,1,11,0.08333333333333333,0.05789473684210526,4.790717184308536,21,0,21,0.0,0.11052631578947368,4.790717184308536,21,0,21,0.0,0.11052631578947368,1.794273
gaussian,gaussian,250,80,200,0.6,20,block_ar1,0.6,180,18,0,18,17,0,17,0.0,0.09473684210526316,0.0,0.08947368421052632,22,3,19,18,0,18,0.13636363636363635,0.1,0.0,0.09473684210526316,4.09356153750498,27,3,24,0.1111111111111111,0.12631578947368421,4.037183419073658,29,4,25,0.13793103448275862,0.13157894736842105,4.217257155633301,24,1,23,0.041666666666666664,0.12105263157894737,3.970443613303218,29,4,25,0.13793103448275862,0.13157894736842105,4.325308999141867,16,1,15,0.0625,0.07894736842105263,4.325308999141867,16,1,15,0.0625,0.07894736842105263,5.058120581261909,20,0,20,0.0,0.10526315789473684,4.1469931822609105,26,2,24,0.07692307692307693,0.12631578947368421,1.926733
gaussian,gaussian,250,80,200,0.6,20,block_ar1,0.6,181,19,1,18,10,0,10,0.05263157894736842,0.09473684210526316,0.0,0.05263157894736842,20,1,19,12,0,12,0.05,0.1,0.0,0.06315789473684211,4.4155272432966655,20,1,19,0.05,0.1,4.4155272432966655,20,1,19,0.05,0.1,4.3554234469691675,20,1,19,0.05,0.1,4.3554234469691675,20,1,19,0.05,0.1,4.440965130665693,9,0,9,0.0,0.04736842105263158,4.284206782629086,10,0,10,0.0,0.05263157894736842,5.476027213672425,19,0,19,0.0,0.1,4.4155272432966655,20,1,19,0.05,0.1,1.815039
gaussian,gaussian,250,80,200,0.6,20,block_ar1,0.6,182,21,2,19,14,1,13,0.09523809523809523,0.1,0.07142857142857142,0.06842105263157895,24,5,19,18,2,16,0.20833333333333334,0.1,0.1111111111111111,0.08421052631578947,4.36136508754825,28,4,24,0.14285714285714285,0.12631578947368421,3.928641969514067,35,11,24,0.3142857142857143,0.12631578947368421,4.29930499660325,28,4,24,0.14285714285714285,0.12631578947368421,3.8727393167839685,34,10,24,0.29411764705882354,0.12631578947368421,4.298987079460586,11,1,10,0.09090909090909091,0.05263157894736842,4.253468234060486,12,1,11,0.08333333333333333,0.05789473684210526,4.703470594646189,25,3,22,0.12,0.11578947368421053,4.36136508754825,28,4,24,0.14285714285714285,0.12631578947368421,1.759379
gaussian,gaussian,250,80,200,0.6,20,block_ar1,0.6,183,15,0,15,10,0,10,0.0,0.07894736842105263,0.0,0.05263157894736842,18,0,18,11,0,11,0.0,0.09473684210526316,0.0,0.05789473684210526,4.156071663371802,25,1,24,0.04,0.12631578947368421,4.156071663371802,25,1,24,0.04,0.12631578947368421,4.2918654486820795,24,1,23,0.041666666666666664,0.12105263157894737,4.10104355816488,25,1,24,0.04,0.12631578947368421,4.395391438364406,10,0,10,0.0,0.05263157894736842,4.131877349691661,13,1,12,0.07692307692307693,0.06315789473684211,4.699005663921091,20,1,19,0.05,0.1,4.156071663371802,25,1,24,0.04,0.12631578947368421,2.01252
gaussian,gaussian,250,80,200,0.6,20,block_ar1,0.6,184,17,1,16,10,0,10,0.058823529411764705,0.08421052631578947,0.0,0.05263157894736842,22,4,18,12,0,12,0.18181818181818182,0.09473684210526316,0.0,0.06315789473684211,4.212349775258849,24,2,22,0.08333333333333333,0.11578947368421053,4.062706168328251,25,3,22,0.12,0.11578947368421053,4.184604586762539,24,2,22,0.08333333333333333,0.11578947368421053,4.0359466268705475,25,3,22,0.12,0.11578947368421053,4.3790798345809,8,0,8,0.0,0.042105263157894736,4.227922461694529,11,0,11,0.0,0.05789473684210526,4.59086703318783,21,1,20,0.047619047619047616,0.10526315789473684,4.212349775258849,24,2,22,0.08333333333333333,0.11578947368421053,1.818402
gaussian,gaussian,250,80,200,0.6,20,block_ar1,0.6,185,22,3,19,12,1,11,0.13636363636363635,0.1,0.08333333333333333,0.05789473684210526,26,6,20,18,2,16,0.23076923076923078,0.10526315789473684,0.1111111111111111,0.08421052631578947,4.142597791176129,27,5,22,0.18518518518518517,0.11578947368421053,3.9313938836818343,29,6,23,0.20689655172413793,0.12105263157894737,4.097735447662681,26,4,22,0.15384615384615385,0.11578947368421053,4.097735447662681,26,4,22,0.15384615384615385,0.11578947368421053,4.2637336015456215,14,3,11,0.21428571428571427,0.05789473684210526,4.091572135232977,16,4,12,0.25,0.06315789473684211,4.526693354555953,24,4,20,0.16666666666666666,0.10526315789473684,4.142597791176129,27,5,22,0.18518518518518517,0.11578947368421053,1.810247
gaussian,gaussian,250,80,200,0.6,20,block_ar1,0.6,186,18,0,18,15,0,15,0.0,0.09473684210526316,0.0,0.07894736842105263,18,0,18,16,0,16,0.0,0.09473684210526316,0.0,0.08421052631578947,4.796995383144379,19,0,19,0.0,0.1,4.0345417496929,21,0,21,0.0,0.11052631578947368,4.783987644543344,19,0,19,0.0,0.1,4.023601513094097,21,0,21,0.0,0.11052631578947368,4.489654703303075,10,1,9,0.1,0.04736842105263158,4.149231294582827,14,2,12,0.14285714285714285,0.06315789473684211,4.796995383144379,19,0,19,0.0,0.1,4.796995383144379,19,0,19,0.0,0.1,1.888428
gaussian,gaussian,250,80,200,0.6,20,block_ar1,0.6,187,26,4,22,19,1,18,0.15384615384615385,0.11578947368421053,0.05263157894736842,0.09473684210526316,28,5,23,19,1,18,0.17857142857142858,0.12105263157894737,0.05263157894736842,0.09473684210526316,4.070410055121959,31,5,26,0.16129032258064516,0.1368421052631579,3.870665508746386,34,5,29,0.14705882352941177,0.15263157894736842,4.079330965705733,30,4,26,0.13333333333333333,0.1368421052631579,3.9484919029096326,33,5,28,0.15151515151515152,0.14736842105263157,4.2078805815656946,21,4,17,0.19047619047619047,0.08947368421052632,3.95792096018167,25,6,19,0.24,0.1,4.7664466914972,25,2,23,0.08,0.12105263157894737,4.021256720134812,32,5,27,0.15625,0.14210526315789473,1.806235
gaussian,gaussian,250,80,200,0.6,20,block_ar1,0.6,188,15,0,15,12,0,12,0.0,0.07894736842105263,0.0,0.06315789473684211,17,0,17,12,0,12,0.0,0.08947368421052632,0.0,0.06315789473684211,4.332350493045055,22,3,19,0.13636363636363635,0.1,3.9654773166572865,23,3,20,0.13043478260869565,0.10526315789473684,4.316506829692393,22,3,19,0.13636363636363635,0.1,4.316506829692393,22,3,19,0.13636363636363635,0.1,4.481347299175457,10,0,10,0.0,0.05263157894736842,4.269893294642431,11,0,11,0.0,0.05789473684210526,4.6006017625473765,21,2,19,0.09523809523809523,0.1,4.332350493045055,22,3,19,0.13636363636363635,0.1,1.903376
gaussian,gaussian,250,80,200,0.6,20,block_ar1,0.6,189,20,0,20,15,0,15,0.0,0.10526315789473684,0.0,0.07894736842105263,23,0,23,15,0,15,0.0,0.12105263157894737,0.0,0.07894736842105263,4.357969779333079,25,0,25,0.0,0.13157894736842105,4.357969779333079,25,0,25,0.0,0.13157894736842105,4.310470366271918,25,0,25,0.0,0.13157894736842105,4.310470366271918,25,0,25,0.0,0.13157894736842105,4.360266964628902,11,0,11,0.0,0.05789473684210526,4.049405473456547,16,0,16,0.0,0.08421052631578947,4.650320588537312,24,0,24,0.0,0.12631578947368421,4.357969779333079,25,0,25,0.0,0.13157894736842105,1.978933
gaussian,gaussian,250,80,200,0.6,20,block_ar1,0.6,190,19,3,16,12,1,11,0.15789473684210525,0.08421052631578947,0.08333333333333333,0.05789473684210526,24,7,17,13,1,12,0.2916666666666667,0.08947368421052632,0.07692307692307693,0.06315789473684211,4.11004462866428,26,5,21,0.19230769230769232,0.11052631578947368,3.941647241454461,30,8,22,0.26666666666666666,0.11578947368421053,4.128069758224821,24,3,21,0.125,0.11052631578947368,3.961336163417631,29,7,22,0.2413793103448276,0.11578947368421053,4.326251056268255,13,2,11,0.15384615384615385,0.05789473684210526,4.097992168239258,16,3,13,0.1875,0.06842105263157895,5.523450108554031,17,1,16,0.058823529411764705,0.08421052631578947,4.084435565459096,27,5,22,0.18518518518518517,0.11578947368421053,1.809438
gaussian,gaussian,250,80,200,0.6,20,block_ar1,0.6,191,17,1,16,12,0,12,0.058823529411764705,0.08421052631578947,0.0,0.06315789473684211,20,2,18,12,0,12,0.1,0.09473684210526316,0.0,0.06315789473684211,4.106374827996536,27,5,22,0.18518518518518517,0.11578947368421053,3.9387595231717487,34,10,24,0.29411764705882354,0.12631578947368421,4.153385526584704,25,4,21,0.16,0.11052631578947368,3.8960873879797746,33,9,24,0.2727272727272727,0.12631578947368421,4.437969249627181,9,0,9,0.0,0.04736842105263158,4.169804260228638,13,1,12,0.07692307692307693,0.06315789473684211,4.558768657861443,23,4,19,0.17391304347826086,0.1,4.106374827996536,27,5,22,0.18518518518518517,0.11578947368421053,1.8153
gaussian,gaussian,250,80,200,0.6,20,block_ar1,0.6,192,19,2,17,15,0,15,0.10526315789473684,0.08947368421052632,0.0,0.07894736842105263,20,3,17,17,0,17,0.15,0.08947368421052632,0.0,0.08947368421052632,4.102957547875421,28,6,22,0.21428571428571427,0.11578947368421053,4.102957547875421,28,6,22,0.21428571428571427,0.11578947368421053,4.115301925327306,25,5,20,0.2,0.10526315789473684,4.05474408852025,28,6,22,0.21428571428571427,0.11578947368421053,4.431936461691904,11,0,11,0.0,0.05789473684210526,4.049526794344912,16,2,14,0.125,0.07368421052631578,6.244004120627399,17,0,17,0.0,0.08947368421052632,4.102957547875421,28,6,22,0.21428571428571427,0.11578947368421053,1.893945
gaussian,gaussian,250,80,200,0.6,20,block_ar1,0.6,193,17,1,16,13,0,13,0.058823529411764705,0.08421052631578947,0.0,0.06842105263157895,18,1,17,15,0,15,0.05555555555555555,0.08947368421052632,0.0,0.07894736842105263,4.11291565743386,28,4,24,0.14285714285714285,0.12631578947368421,3.9111390122540537,29,5,24,0.1724137931034483,0.12631578947368421,4.174655000237049,24,3,21,0.125,0.11052631578947368,4.047398415730618,26,3,23,0.11538461538461539,0.12105263157894737,4.467546888411022,6,0,6,0.0,0.031578947368421054,4.201553568492657,11,0,11,0.0,0.05789473684210526,5.2364345481204335,19,1,18,0.05263157894736842,0.09473684210526316,4.11291565743386,28,4,24,0.14285714285714285,0.12631578947368421,1.761979
gaussian,gaussian,250,80,200,0.6,20,block_ar1,0.6,194,17,0,17,12,0,12,0.0,0.08947368421052632,0.0,0.06315789473684211,20,2,18,13,0,13,0.1,0.09473684210526316,0.0,0.06842105263157895,4.082497188145982,28,7,21,0.25,0.11052631578947368,3.9166954382211654,32,9,23,0.28125,0.12105263157894737,4.097284806346183,27,6,21,0.2222222222222222,0.11052631578947368,3.920984336665131,31,8,23,0.25806451612903225,0.12105263157894737,4.510235773449493,10,0,10,0.0,0.05263157894736842,4.1629890389364546,12,0,12,0.0,0.06315789473684211,4.392230342677431,22,4,18,0.18181818181818182,0.09473684210526316,4.035480829881164,29,7,22,0.2413793103448276,0.11578947368421053,1.899217
gaussian,gaussian,250,80,200,0.6,20,block_ar1,0.6,195,19,0,19,16,0,16,0.0,0.1,0.0,0.08421052631578947,24,4,20,18,0,18,0.16666666666666666,0.10526315789473684,0.0,0.09473684210526316,4.17305526005871,24,1,23,0.041666666666666664,0.12105263157894737,3.9089775809209732,30,6,24,0.2,0.12631578947368421,4.128605734620041,24,1,23,0.041666666666666664,0.12105263157894737,3.9325815481017927,29,5,24,0.1724137931034483,0.12631578947368421,4.37087089433518,14,1,13,0.07142857142857142,0.06842105263157895,4.163923856246901,16,2,14,0.125,0.07368421052631578,5.013325856274646,20,0,20,0.0,0.10526315789473684,4.093725202602216,25,2,23,0.08,0.12105263157894737,1.987424
gaussian,gaussian,250,80,200,0.6,20,block_ar1,0.6,196,18,0,18,9,0,9,0.0,0.09473684210526316,0.0,0.04736842105263158,24,3,21,10,0,10,0.125,0.11052631578947368,0.0,0.05263157894736842,4.198559451150294,26,0,26,0.0,0.1368421052631579,3.9058838000025697,32,5,27,0.15625,0.14210526315789473,4.164187165162954,26,0,26,0.0,0.1368421052631579,3.9034433048441883,31,4,27,0.12903225806451613,0.14210526315789473,4.371170729938777,10,0,10,0.0,0.05263157894736842,4.134715553891552,12,0,12,0.0,0.06315789473684211,4.406658517172607,25,0,25,0.0,0.13157894736842105,3.9986213554400614,28,2,26,0.07142857142857142,0.1368421052631579,1.795982
gaussian,gaussian,250,80,200,0.6,20,block_ar1,0.6,197,17,0,17,14,0,14,0.0,0.08947368421052632,0.0,0.07368421052631578,19,1,18,14,0,14,0.05263157894736842,0.09473684210526316,0.0,0.07368421052631578,4.128445788780667,24,1,23,0.041666666666666664,0.12105263157894737,4.038960874098801,25,2,23,0.08,0.12105263157894737,4.1386268928083965,22,0,22,0.0,0.11578947368421053,3.9893356406039446,24,1,23,0.041666666666666664,0.12105263157894737,4.410199442406592,11,0,11,0.0,0.05789473684210526,4.410199442406592,11,0,11,0.0,0.05789473684210526,4.805970870229285,18,0,18,0.0,0.09473684210526316,4.190109230823108,23,1,22,0.043478260869565216,0.11578947368421053,1.72326
gaussian,gaussian,250,80,200,0.6,20,block_ar1,0.6,198,18,3,15,13,0,13,0.16666666666666666,0.07894736842105263,0.0,0.06842105263157895,18,3,15,14,1,13,0.16666666666666666,0.07894736842105263,0.07142857142857142,0.06842105263157895,4.152940706360833,24,4,20,0.16666666666666666,0.10526315789473684,3.95183079907052,26,4,22,0.15384615384615385,0.11578947368421053,4.116286238440934,24,4,20,0.16666666666666666,0.10526315789473684,4.116286238440934,24,4,20,0.16666666666666666,0.10526315789473684,4.428483161807087,11,1,10,0.09090909090909091,0.05263157894736842,4.268811420921539,12,1,11,0.08333333333333333,0.05789473684210526,4.641879384720057,18,1,17,0.05555555555555555,0.08947368421052632,4.152940706360833,24,4,20,0.16666666666666666,0.10526315789473684,1.898555
gaussian,gaussian,250,80,200,0.6,20,block_ar1,0.6,199,19,0,19,18,0,18,0.0,0.1,0.0,0.09473684210526316,20,0,20,19,0,19,0.0,0.10526315789473684,0.0,0.1,4.144187451076247,23,0,23,0.0,0.12105263157894737,4.144187451076247,23,0,23,0.0,0.12105263157894737,4.196183931770288,22,0,22,0.0,0.11578947368421053,4.119914120153206,23,0,23,0.0,0.12105263157894737,4.23832509285246,17,0,17,0.0,0.08947368421052632,3.987136299710092,21,2,19,0.09523809523809523,0.1,4.782067322341379,21,0,21,0.0,0.11052631578947368,4.144187451076247,23,0,23,0.0,0.12105263157894737,1.929815
gaussian,gaussian,250,80,200,0.6,20,block_ar1,0.6,200,21,1,20,16,0,16,0.047619047619047616,0.10526315789473684,0.0,0.08421052631578947,21,1,20,17,0,17,0.047619047619047616,0.10526315789473684,0.0,0.08947368421052632,4.406397958406815,23,0,23,0.0,0.12105263157894737,3.9379174062459827,27,2,25,0.07407407407407407,0.13157894736842105,4.343657146088211,23,0,23,0.0,0.12105263157894737,3.9803098385321483,26,2,24,0.07692307692307693,0.12631578947368421,4.22628395663661,17,1,16,0.058823529411764705,0.08421052631578947,4.065229400585451,19,2,17,0.10526315789473684,0.08947368421052632,4.749089622349839,21,0,21,0.0,0.11052631578947368,4.406397958406815,23,0,23,0.0,0.12105263157894737,1.880426
gaussian,gaussian,250,80,200,0.6,20,block_ar1,0.6,201,24,1,23,16,0,16,0.041666666666666664,0.12105263157894737,0.0,0.08421052631578947,25,2,23,16,0,16,0.08,0.12105263157894737,0.0,0.08421052631578947,4.249265318725262,30,2,28,0.06666666666666667,0.14736842105263157,3.957603367131756,33,4,29,0.12121212121212122,0.15263157894736842,4.206294114592895,30,2,28,0.06666666666666667,0.14736842105263157,3.9175816293940477,33,4,29,0.12121212121212122,0.15263157894736842,4.233012219875892,15,1,14,0.06666666666666667,0.07368421052631578,4.031518493259959,19,1,18,0.05263157894736842,0.09473684210526316,4.44954131072139,28,2,26,0.07142857142857142,0.1368421052631579,4.249265318725262,30,2,28,0.06666666666666667,0.14736842105263157,1.561186
gaussian,gaussian,250,80,200,0.6,20,block_ar1,0.6,202,20,1,19,13,0,13,0.05,0.1,0.0,0.06842105263157895,21,2,19,14,0,14,0.09523809523809523,0.1,0.0,0.07368421052631578,4.066259723119985,30,4,26,0.13333333333333333,0.1368421052631579,3.8852277523244036,32,6,26,0.1875,0.1368421052631579,4.126462746755055,28,3,25,0.10714285714285714,0.13157894736842105,4.024611927737146,30,4,26,0.13333333333333333,0.1368421052631579,4.3476863386791615,10,0,10,0.0,0.05263157894736842,4.1812898887141055,15,1,14,0.06666666666666667,0.07368421052631578,4.922933708665126,20,0,20,0.0,0.10526315789473684,4.066259723119985,30,4,26,0.13333333333333333,0.1368421052631579,1.516261
gaussian,gaussian,250,80,200,0.6,20,block_ar1,0.6,203,15,0,15,15,0,15,0.0,0.07894736842105263,0.0,0.07894736842105263,18,1,17,15,0,15,0.05555555555555555,0.08947368421052632,0.0,0.07894736842105263,4.155019883672583,25,1,24,0.04,0.12631578947368421,3.912718887922997,29,4,25,0.13793103448275862,0.13157894736842105,4.110166737717012,25,1,24,0.04,0.12631578947368421,3.9608506509403965,27,3,24,0.1111111111111111,0.12631578947368421,4.338376339214527,11,2,9,0.18181818181818182,0.04736842105263158,4.082976106420097,15,3,12,0.2,0.06315789473684211,4.752863018889652,17,0,17,0.0,0.08947368421052632,4.155019883672583,25,1,24,0.04,0.12631578947368421,1.490414
gaussian,gaussian,250,80,200,0.6,20,block_ar1,0.6,204,22,1,21,11,0,11,0.045454545454545456,0.11052631578947368,0.0,0.05789473684210526,29,4,25,11,0,11,0.13793103448275862,0.13157894736842105,0.0,0.05789473684210526,4.131710005977458,30,3,27,0.1,0.14210526315789473,3.875743689746871,34,6,28,0.17647058823529413,0.14736842105263157,4.086147993790337,30,3,27,0.1,0.14210526315789473,3.897148295496091,32,4,28,0.125,0.14736842105263157,4.549595457922035,11,1,10,0.09090909090909091,0.05263157894736842,4.016672892249593,20,2,18,0.1,0.09473684210526316,4.632689537928319,25,1,24,0.04,0.12631578947368421,4.131710005977458,30,3,27,0.1,0.14210526315789473,1.577904
gaussian,gaussian,250,80,200,0.6,20,block_ar1,0.6,205,24,3,21,17,0,17,0.125,0.11052631578947368,0.0,0.08947368421052632,27,4,23,21,2,19,0.14814814814814814,0.12105263157894737,0.09523809523809523,0.1,4.304002312355914,28,3,25,0.10714285714285714,0.13157894736842105,3.894436096905167,31,5,26,0.16129032258064516,0.1368421052631579,4.262365043111449,28,3,25,0.10714285714285714,0.13157894736842105,3.9149916267264926,30,4,26,0.13333333333333333,0.1368421052631579,4.196048407663872,18,3,15,0.16666666666666666,0.07894736842105263,3.9439079789115556,25,4,21,0.16,0.11052631578947368,4.583125830152238,26,3,23,0.11538461538461539,0.12105263157894737,4.304002312355914,28,3,25,0.10714285714285714,0.13157894736842105,1.662587
gaussian,gaussian,250,80,200,0.6,20,block_ar1,0.6,206,17,2,15,12,0,12,0.11764705882352941,0.07894736842105263,0.0,0.06315789473684211,21,3,18,12,0,12,0.14285714285714285,0.09473684210526316,0.0,0.06315789473684211,4.137716591546676,24,1,23,0.041666666666666664,0.12105263157894737,3.9297160787644403,27,3,24,0.1111111111111111,0.12631578947368421,4.141806257293581,24,1,23,0.041666666666666664,0.12105263157894737,3.933600159485488,27,3,24,0.1111111111111111,0.12631578947368421,4.358326503177919,12,1,11,0.08333333333333333,0.05789473684210526,4.035944442772112,17,4,13,0.23529411764705882,0.06842105263157895,4.6295801255769655,20,0,20,0.0,0.10526315789473684,4.092829745564629,25,2,23,0.08,0.12105263157894737,1.634411
gaussian,gaussian,250,80,200,0.6,20,block_ar1,0.6,207,16,1,15,13,0,13,0.0625,0.07894736842105263,0.0,0.06842105263157895,18,2,16,14,1,13,0.1111111111111111,0.08421052631578947,0.07142857142857142,0.06842105263157895,4.5968835986579215,20,1,19,0.05,0.1,4.0726785582236396,21,2,19,0.09523809523809523,0.1,4.5833599306708805,20,1,19,0.05,0.1,4.060697060007013,21,2,19,0.09523809523809523,0.1,4.247558221006064,14,2,12,0.14285714285714285,0.06315789473684211,4.055435212812629,19,5,14,0.2631578947368421,0.07368421052631578,4.5968835986579215,20,1,19,0.05,0.1,4.5968835986579215,20,1,19,0.05,0.1,1.57124
gaussian,gaussian,250,80,200,0.6,20,block_ar1,0.6,208,17,1,16,16,0,16,0.058823529411764705,0.08421052631578947,0.0,0.08421052631578947,19,1,18,17,1,16,0.05263157894736842,0.09473684210526316,0.058823529411764705,0.08421052631578947,4.329145337393746,23,1,22,0.043478260869565216,0.11578947368421053,4.053959159811068,25,1,24,0.04,0.12631578947368421,4.290834900654378,23,1,22,0.043478260869565216,0.11578947368421053,4.018083961860468,25,1,24,0.04,0.12631578947368421,4.374267283910229,11,0,11,0.0,0.05789473684210526,4.102828625290898,13,0,13,0.0,0.06842105263157895,5.118253146630867,19,1,18,0.05263157894736842,0.09473684210526316,4.329145337393746,23,1,22,0.043478260869565216,0.11578947368421053,1.52657
gaussian,gaussian,250,80,200,0.6,20,block_ar1,0.6,209,23,2,21,12,0,12,0.08695652173913043,0.11052631578947368,0.0,0.06315789473684211,28,6,22,17,2,15,0.21428571428571427,0.11578947368421053,0.11764705882352941,0.07894736842105263,4.101069757022036,29,3,26,0.10344827586206896,0.1368421052631579,3.857909495681017,36,9,27,0.25,0.14210526315789473,4.106456570740566,27,2,25,0.07407407407407407,0.13157894736842105,3.9708276860042635,30,4,26,0.13333333333333333,0.1368421052631579,4.286666870496718,12,2,10,0.16666666666666666,0.05263157894736842,3.9790853806336193,22,6,16,0.2727272727272727,0.08421052631578947,4.713024355026444,26,3,23,0.11538461538461539,0.12105263157894737,4.013943251303196,31,5,26,0.16129032258064516,0.1368421052631579,1.592692
gaussian,gaussian,250,80,200,0.6,20,block_ar1,0.6,210,21,0,21,14,0,14,0.0,0.11052631578947368,0.0,0.07368421052631578,24,1,23,15,0,15,0.041666666666666664,0.12105263157894737,0.0,0.07894736842105263,4.116443487024589,27,0,27,0.0,0.14210526315789473,3.9342955265919417,30,2,28,0.06666666666666667,0.14736842105263157,4.201474477664004,26,0,26,0.0,0.1368421052631579,4.067588476798727,27,0,27,0.0,0.14210526315789473,4.407222630259098,9,0,9,0.0,0.04736842105263158,4.156315300134297,14,1,13,0.07142857142857142,0.06842105263157895,4.563947572539673,25,0,25,0.0,0.13157894736842105,4.116443487024589,27,0,27,0.0,0.14210526315789473,1.566991
gaussian,gaussian,250,80,200,0.6,20,block_ar1,0.6,211,23,1,22,16,0,16,0.043478260869565216,0.11578947368421053,0.0,0.08421052631578947,25,1,24,19,0,19,0.04,0.12631578947368421,0.0,0.1,4.309601216415083,27,3,24,0.1111111111111111,0.12631578947368421,3.9354208393782733,29,5,24,0.1724137931034483,0.12631578947368421,4.257287599738693,27,3,24,0.1111111111111111,0.12631578947368421,4.257287599738693,27,3,24,0.1111111111111111,0.12631578947368421,4.320645438601206,12,1,11,0.08333333333333333,0.05789473684210526,4.098579334603764,19,1,18,0.05263157894736842,0.09473684210526316,4.538739462267766,24,1,23,0.041666666666666664,0.12105263157894737,4.309601216415083,27,3,24,0.1111111111111111,0.12631578947368421,1.454265
gaussian,gaussian,250,80,200,0.6,20,block_ar1,0.6,212,19,2,17,14,2,12,0.10526315789473684,0.08947368421052632,0.14285714285714285,0.06315789473684211,22,3,19,18,2,16,0.13636363636363635,0.1,0.1111111111111111,0.08421052631578947,4.099232934322241,27,2,25,0.07407407407407407,0.13157894736842105,4.074401682367404,28,3,25,0.10714285714285714,0.13157894736842105,4.218663715757502,25,2,23,0.08,0.12105263157894737,4.031609052909705,28,3,25,0.10714285714285714,0.13157894736842105,4.25435040457766,17,4,13,0.23529411764705882,0.06842105263157895,4.0432842086356455,19,5,14,0.2631578947368421,0.07368421052631578,4.571790372361487,23,2,21,0.08695652173913043,0.11052631578947368,4.074401682367404,28,3,25,0.10714285714285714,0.13157894736842105,1.754815
gaussian,gaussian,250,80,200,0.6,20,block_ar1,0.6,213,16,0,16,11,0,11,0.0,0.08421052631578947,0.0,0.05789473684210526,20,4,16,13,0,13,0.2,0.08421052631578947,0.0,0.06842105263157895,4.121076084378746,25,4,21,0.16,0.11052631578947368,3.9211948288213367,31,8,23,0.25806451612903225,0.12105263157894737,4.289503140141083,22,1,21,0.045454545454545456,0.11052631578947368,3.9483380230022553,26,4,22,0.15384615384615385,0.11578947368421053,4.366214570041719,10,0,10,0.0,0.05263157894736842,4.171499720184974,12,1,11,0.08333333333333333,0.05789473684210526,4.665119389206389,19,2,17,0.10526315789473684,0.08947368421052632,4.121076084378746,25,4,21,0.16,0.11052631578947368,1.468971
gaussian,gaussian,250,80,200,0.6,20,block_ar1,0.6,214,19,2,17,11,0,11,0.10526315789473684,0.08947368421052632,0.0,0.05789473684210526,22,3,19,13,1,12,0.13636363636363635,0.1,0.07692307692307693,0.06315789473684211,4.12081629510449,28,3,25,0.10714285714285714,0.13157894736842105,3.896914890179172,33,6,27,0.18181818181818182,0.14210526315789473,4.103880809712801,28,3,25,0.10714285714285714,0.13157894736842105,3.8927176047483076,32,5,27,0.15625,0.14210526315789473,4.394041755427639,11,0,11,0.0,0.05789473684210526,4.123802383744207,13,1,12,0.07692307692307693,0.06315789473684211,4.620598885307537,21,1,20,0.047619047619047616,0.10526315789473684,4.039265670704474,30,3,27,0.1,0.14210526315789473,1.541553
gaussian,gaussian,250,80,200,0.6,20,block_ar1,0.6,215,23,1,22,13,0,13,0.043478260869565216,0.11578947368421053,0.0,0.06842105263157895,27,4,23,19,0,19,0.14814814814814814,0.12105263157894737,0.0,0.1,4.13498777770129,30,4,26,0.13333333333333333,0.1368421052631579,3.9329943216654355,33,7,26,0.21212121212121213,0.1368421052631579,4.192613386358472,29,3,26,0.10344827586206896,0.1368421052631579,3.8964769751588015,32,6,26,0.1875,0.1368421052631579,4.3407999970817555,12,0,12,0.0,0.06315789473684211,4.1354416708918285,14,0,14,0.0,0.07368421052631578,4.3876337740224995,28,3,25,0.10714285714285714,0.13157894736842105,3.967365973840778,32,6,26,0.1875,0.1368421052631579,1.546984
gaussian,gaussian,250,80,200,0.6,20,block_ar1,0.6,216,16,1,15,11,0,11,0.0625,0.07894736842105263,0.0,0.05789473684210526,18,3,15,11,0,11,0.16666666666666666,0.07894736842105263,0.0,0.05789473684210526,4.235067014576713,21,2,19,0.09523809523809523,0.1,3.9919206903605673,26,6,20,0.23076923076923078,0.10526315789473684,4.166393229743402,21,2,19,0.09523809523809523,0.1,3.9545991123335416,25,5,20,0.2,0.10526315789473684,4.303822688212173,11,1,10,0.09090909090909091,0.05263157894736842,4.142005549069242,12,2,10,0.16666666666666666,0.05263157894736842,4.684501087641808,17,1,16,0.058823529411764705,0.08421052631578947,4.235067014576713,21,2,19,0.09523809523809523,0.1,1.514008
gaussian,gaussian,250,80,200,0.6,20,block_ar1,0.6,217,22,0,22,15,0,15,0.0,0.11578947368421053,0.0,0.07894736842105263,24,2,22,19,0,19,0.08333333333333333,0.11578947368421053,0.0,0.1,4.10988067224699,25,2,23,0.08,0.12105263157894737,3.93022347493076,29,3,26,0.10344827586206896,0.1368421052631579,4.191404157308782,24,1,23,0.041666666666666664,0.12105263157894737,3.9450716612803753,28,3,25,0.10714285714285714,0.13157894736842105,4.426775620257317,14,1,13,0.07142857142857142,0.06842105263157895,4.095756606111621,16,2,14,0.125,0.07368421052631578,4.577119242401005,23,1,22,0.043478260869565216,0.11578947368421053,4.092723835139168,26,2,24,0.07692307692307693,0.12631578947368421,1.547177
gaussian,gaussian,250,80,200,0.6,20,block_ar1,0.6,218,15,0,15,12,0,12,0.0,0.07894736842105263,0.0,0.06315789473684211,19,2,17,14,0,14,0.10526315789473684,0.08947368421052632,0.0,0.07368421052631578,4.2024860659894125,23,0,23,0.0,0.12105263157894737,4.021874297015942,26,3,23,0.11538461538461539,0.12105263157894737,4.144004457171392,23,0,23,0.0,0.12105263157894737,3.965906073526315,26,3,23,0.11538461538461539,0.12105263157894737,4.3467295540335416,10,0,10,0.0,0.05263157894736842,4.163935090019412,12,1,11,0.08333333333333333,0.05789473684210526,4.540931284828839,21,0,21,0.0,0.11052631578947368,4.078067260286697,25,2,23,0.08,0.12105263157894737,1.433552
gaussian,gaussian,250,80,200,0.6,20,block_ar1,0.6,219,11,0,11,5,0,5,0.0,0.05789473684210526,0.0,0.02631578947368421,13,1,12,9,0,9,0.07692307692307693,0.06315789473684211,0.0,0.04736842105263158,4.207953562460544,20,2,18,0.1,0.09473684210526316,4.022096646939787,21,2,19,0.09523809523809523,0.1,4.749401931118552,19,1,18,0.05263157894736842,0.09473684210526316,4.749401931118552,19,1,18,0.05263157894736842,0.09473684210526316,4.485893433761466,5,0,5,0.0,0.02631578947368421,4.2664805455438986,7,0,7,0.0,0.03684210526315789,4.782698754224768,19,1,18,0.05263157894736842,0.09473684210526316,4.782698754224768,19,1,18,0.05263157894736842,0.09473684210526316,1.777736
gaussian,gaussian,250,80,200,0.6,20,block_ar1,0.6,220,21,3,18,12,0,12,0.14285714285714285,0.09473684210526316,0.0,0.06315789473684211,23,4,19,18,2,16,0.17391304347826086,0.1,0.1111111111111111,0.08421052631578947,4.090579888299091,29,4,25,0.13793103448275862,0.13157894736842105,4.090579888299091,29,4,25,0.13793103448275862,0.13157894736842105,4.116353344309647,28,4,24,0.14285714285714285,0.12631578947368421,4.053721207457352,29,4,25,0.13793103448275862,0.13157894736842105,4.420809291899789,8,2,6,0.25,0.031578947368421054,4.071586116353414,16,2,14,0.125,0.07368421052631578,4.650209916373166,23,2,21,0.08695652173913043,0.11052631578947368,4.090579888299091,29,4,25,0.13793103448275862,0.13157894736842105,1.554268
gaussian,gaussian,250,80,200,0.6,20,block_ar1,0.6,221,17,0,17,11,0,11,0.0,0.08947368421052632,0.0,0.05789473684210526,19,0,19,11,0,11,0.0,0.1,0.0,0.05789473684210526,4.120027442502801,25,2,23,0.08,0.12105263157894737,3.9402978096457133,28,3,25,0.10714285714285714,0.13157894736842105,4.127806051269979,23,0,23,0.0,0.12105263157894737,3.955880377172279,26,1,25,0.038461538461538464,0.13157894736842105,4.342353257804118,9,1,8,0.1111111111111111,0.042105263157894736,4.238221479245449,12,1,11,0.08333333333333333,0.05789473684210526,4.491368594599129,20,0,20,0.0,0.10526315789473684,4.120027442502801,25,2,23,0.08,0.12105263157894737,1.473557
gaussian,gaussian,250,80,200,0.6,20,block_ar1,0.6,222,15,1,14,9,0,9,0.06666666666666667,0.07368421052631578,0.0,0.04736842105263158,20,3,17,10,0,10,0.15,0.08947368421052632,0.0,0.05263157894736842,4.4097208128608365,23,2,21,0.08695652173913043,0.11052631578947368,3.95845909442636,25,4,21,0.16,0.11052631578947368,4.356921130780325,23,2,21,0.08695652173913043,0.11052631578947368,3.9902523750536827,24,3,21,0.125,0.11052631578947368,4.583983333397832,7,0,7,0.0,0.03684210526315789,4.302698353412407,9,1,8,0.1111111111111111,0.042105263157894736,4.708755949449051,21,2,19,0.09523809523809523,0.1,4.4097208128608365,23,2,21,0.08695652173913043,0.11052631578947368,1.854936
gaussian,gaussian,250,80,200,0.6,20,block_ar1,0.6,223,21,0,21,15,0,15,0.0,0.11052631578947368,0.0,0.07894736842105263,22,1,21,19,0,19,0.045454545454545456,0.11052631578947368,0.0,0.1,4.11688011393652,25,1,24,0.04,0.12631578947368421,3.9346327860292614,28,2,26,0.07142857142857142,0.1368421052631579,4.22083185395805,24,1,23,0.041666666666666664,0.12105263157894737,4.050030910206415,26,2,24,0.07692307692307693,0.12631578947368421,4.274812714869569,14,0,14,0.0,0.07368421052631578,4.0487054737699735,18,2,16,0.1111111111111111,0.08421052631578947,4.870216968698253,22,0,22,0.0,0.11578947368421053,4.079000462977607,26,2,24,0.07692307692307693,0.12631578947368421,1.860641
gaussian,gaussian,250,80,200,0.6,20,block_ar1,0.6,224,18,1,17,14,0,14,0.05555555555555555,0.08947368421052632,0.0,0.07368421052631578,23,2,21,16,1,15,0.08695652173913043,0.11052631578947368,0.0625,0.07894736842105263,4.08136498772375,30,2,28,0.06666666666666667,0.14736842105263157,4.001536653560848,31,3,28,0.0967741935483871,0.14736842105263157,4.347579843295283,26,1,25,0.038461538461538464,0.13157894736842105,3.9411396833840633,31,3,28,0.0967741935483871,0.14736842105263157,4.3462799410951645,12,1,11,0.08333333333333333,0.05789473684210526,4.037353601473869,17,3,14,0.17647058823529413,0.07368421052631578,4.620384493798567,24,1,23,0.041666666666666664,0.12105263157894737,4.001536653560848,31,3,28,0.0967741935483871,0.14736842105263157,1.800677
gaussian,gaussian,250,80,200,0.6,20,block_ar1,0.6,225,13,1,12,10,0,10,0.07692307692307693,0.06315789473684211,0.0,0.05263157894736842,18,1,17,11,0,11,0.05555555555555555,0.08947368421052632,0.0,0.05789473684210526,4.219544582434227,24,3,21,0.125,0.11052631578947368,3.965638940312619,26,4,22,0.15384615384615385,0.11578947368421053,4.148666236885556,23,2,21,0.08695652173913043,0.11052631578947368,4.148666236885556,23,2,21,0.08695652173913043,0.11052631578947368,4.355552238448812,9,0,9,0.0,0.04736842105263158,4.127486960444451,13,2,11,0.15384615384615385,0.05789473684210526,4.391687413907201,23,3,20,0.13043478260869565,0.10526315789473684,4.022023346673761,25,4,21,0.16,0.11052631578947368,1.78959
gaussian,gaussian,250,80,200,0.6,20,block_ar1,0.6,226,17,0,17,13,0,13,0.0,0.08947368421052632,0.0,0.06842105263157895,24,5,19,15,0,15,0.20833333333333334,0.1,0.0,0.07894736842105263,4.107404182411475,25,3,22,0.12,0.11578947368421053,3.9391118419307083,31,8,23,0.25806451612903225,0.12105263157894737,4.3134891294813595,24,3,21,0.125,0.11052631578947368,3.9191631749715077,31,8,23,0.25806451612903225,0.12105263157894737,4.443501038592837,10,0,10,0.0,0.05263157894736842,4.053571624407799,16,2,14,0.125,0.07368421052631578,4.449192687892311,23,2,21,0.08695652173913043,0.11052631578947368,4.08603184871467,26,4,22,0.15384615384615385,0.11578947368421053,1.690794
gaussian,gaussian,250,80,200,0.6,20,block_ar1,0.6,227,21,1,20,14,0,14,0.047619047619047616,0.10526315789473684,0.0,0.07368421052631578,24,1,23,16,0,16,0.041666666666666664,0.12105263157894737,0.0,0.08421052631578947,4.133140053237202,26,2,24,0.07692307692307693,0.12631578947368421,4.133140053237202,26,2,24,0.07692307692307693,0.12631578947368421,4.114264010886666,26,2,24,0.07692307692307693,0.12631578947368421,4.114264010886666,26,2,24,0.07692307692307693,0.12631578947368421,4.480828326046901,9,0,9,0.0,0.04736842105263158,4.051464134851079,16,2,14,0.125,0.07368421052631578,4.898861917425414,24,1,23,0.041666666666666664,0.12105263157894737,4.133140053237202,26,2,24,0.07692307692307693,0.12631578947368421,1.483942
gaussian,gaussian,250,80,200,0.6,20,block_ar1,0.6,228,21,1,20,13,0,13,0.047619047619047616,0.10526315789473684,0.0,0.06842105263157895,21,1,20,16,0,16,0.047619047619047616,0.10526315789473684,0.0,0.08421052631578947,4.122922795298359,26,2,24,0.07692307692307693,0.12631578947368421,3.9382201884748023,28,4,24,0.14285714285714285,0.12631578947368421,4.167237386701568,25,2,23,0.08,0.12105263157894737,4.023499949709569,27,3,24,0.1111111111111111,0.12631578947368421,4.267105448954803,15,1,14,0.06666666666666667,0.07368421052631578,4.085447365923477,17,2,15,0.11764705882352941,0.07894736842105263,4.840672052251057,21,1,20,0.047619047619047616,0.10526315789473684,4.122922795298359,26,2,24,0.07692307692307693,0.12631578947368421,1.56222
gaussian,gaussian,250,80,200,0.6,20,block_ar1,0.6,229,19,1,18,16,0,16,0.05263157894736842,0.09473684210526316,0.0,0.08421052631578947,26,4,22,17,0,17,0.15384615384615385,0.11578947368421053,0.0,0.08947368421052632,4.20330017384833,26,1,25,0.038461538461538464,0.13157894736842105,3.9453194149242807,28,3,25,0.10714285714285714,0.13157894736842105,4.170178643265395,26,1,25,0.038461538461538464,0.13157894736842105,3.9427144303995094,27,2,25,0.07407407407407407,0.13157894736842105,4.374338758697291,11,0,11,0.0,0.05789473684210526,4.251551425458919,13,0,13,0.0,0.06842105263157895,4.6318414247139605,22,0,22,0.0,0.11578947368421053,4.20330017384833,26,1,25,0.038461538461538464,0.13157894736842105,1.618277
gaussian,gaussian,250,80,200,0.6,20,block_ar1,0.6,230,20,0,20,15,0,15,0.0,0.10526315789473684,0.0,0.07894736842105263,21,0,21,17,0,17,0.0,0.11052631578947368,0.0,0.08947368421052632,4.3354569614968,26,2,24,0.07692307692307693,0.12631578947368421,4.3354569614968,26,2,24,0.07692307692307693,0.12631578947368421,4.279087574800764,26,2,24,0.07692307692307693,0.12631578947368421,4.279087574800764,26,2,24,0.07692307692307693,0.12631578947368421,4.229247350823028,15,0,15,0.0,0.07894736842105263,4.049855936090042,17,0,17,0.0,0.08947368421052632,4.3354569614968,26,2,24,0.07692307692307693,0.12631578947368421,4.3354569614968,26,2,24,0.07692307692307693,0.12631578947368421,1.494249
gaussian,gaussian,250,80,200,0.6,20,block_ar1,0.6,231,19,2,17,13,0,13,0.10526315789473684,0.08947368421052632,0.0,0.06842105263157895,25,3,22,14,0,14,0.12,0.11578947368421053,0.0,0.07368421052631578,4.108971258759374,27,3,24,0.1111111111111111,0.12631578947368421,4.0330867733494635,28,4,24,0.14285714285714285,0.12631578947368421,4.470316500130084,25,1,24,0.04,0.12631578947368421,3.990945781265603,27,3,24,0.1111111111111111,0.12631578947368421,4.434642127299371,11,1,10,0.09090909090909091,0.05263157894736842,4.082459423440325,15,2,13,0.13333333333333333,0.06842105263157895,4.517519239172205,25,1,24,0.04,0.12631578947368421,4.108971258759374,27,3,24,0.1111111111111111,0.12631578947368421,1.569232
gaussian,gaussian,250,80,200,0.6,20,block_ar1,0.6,232,19,1,18,13,0,13,0.05263157894736842,0.09473684210526316,0.0,0.06842105263157895,21,3,18,14,0,14,0.14285714285714285,0.09473684210526316,0.0,0.07368421052631578,4.190645163025429,22,2,20,0.09090909090909091,0.10526315789473684,3.975841029211487,25,4,21,0.16,0.11052631578947368,4.1517204180259135,22,2,20,0.09090909090909091,0.10526315789473684,4.006837813046931,24,3,21,0.125,0.11052631578947368,4.412291341097684,14,2,12,0.14285714285714285,0.06315789473684211,4.412291341097684,14,2,12,0.14285714285714285,0.06315789473684211,4.875529418666605,19,0,19,0.0,0.1,4.434226618408167,20,1,19,0.05,0.1,1.572283
gaussian,gaussian,250,80,200,0.6,20,block_ar1,0.6,233,17,1,16,8,0,8,0.058823529411764705,0.08421052631578947,0.0,0.042105263157894736,20,3,17,9,0,9,0.15,0.08947368421052632,0.0,0.04736842105263158,4.3368017443704305,23,3,20,0.13043478260869565,0.10526315789473684,3.920508641901753,30,7,23,0.23333333333333334,0.12105263157894737,4.303179275949946,23,3,20,0.13043478260869565,0.10526315789473684,3.9562427164768166,29,6,23,0.20689655172413793,0.12105263157894737,4.413157633821003,7,0,7,0.0,0.03684210526315789,4.251715027794074,9,1,8,0.1111111111111111,0.042105263157894736,4.558660639963663,21,1,20,0.047619047619047616,0.10526315789473684,3.9871544301815987,29,6,23,0.20689655172413793,0.12105263157894737,1.678319
gaussian,gaussian,250,80,200,0.6,20,block_ar1,0.6,234,18,0,18,15,0,15,0.0,0.09473684210526316,0.0,0.07894736842105263,19,1,18,15,0,15,0.05263157894736842,0.09473684210526316,0.0,0.07894736842105263,4.228804517952887,23,1,22,0.043478260869565216,0.11578947368421053,3.9679903134993846,27,2,25,0.07407407407407407,0.13157894736842105,4.178484016484327,22,0,22,0.0,0.11578947368421053,4.013268125736646,23,1,22,0.043478260869565216,0.11578947368421053,4.248152986370639,15,0,15,0.0,0.07894736842105263,4.02390323359966,18,1,17,0.05555555555555555,0.08947368421052632,5.328374582280368,18,0,18,0.0,0.09473684210526316,4.228804517952887,23,1,22,0.043478260869565216,0.11578947368421053,1.521835
gaussian,gaussian,250,80,200,0.6,20,block_ar1,0.6,235,17,0,17,9,0,9,0.0,0.08947368421052632,0.0,0.04736842105263158,18,0,18,14,0,14,0.0,0.09473684210526316,0.0,0.07368421052631578,4.1542643879845835,23,1,22,0.043478260869565216,0.11578947368421053,3.970351076658624,25,1,24,0.04,0.12631578947368421,4.150266651940429,23,1,22,0.043478260869565216,0.11578947368421053,3.9665303242642853,25,1,24,0.04,0.12631578947368421,4.329138141161316,11,0,11,0.0,0.05789473684210526,4.222465943209335,13,0,13,0.0,0.06842105263157895,4.635697013297429,19,0,19,0.0,0.1,4.1542643879845835,23,1,22,0.043478260869565216,0.11578947368421053,1.500371
gaussian,gaussian,250,80,200,0.6,20,block_ar1,0.6,236,20,3,17,14,1,13,0.15,0.08947368421052632,0.07142857142857142,0.06842105263157895,25,6,19,15,2,13,0.24,0.1,0.13333333333333333,0.06842105263157895,4.101479602293096,30,3,27,0.1,0.14210526315789473,3.8845028563581847,35,5,30,0.14285714285714285,0.15789473684210525,4.084270218876062,30,3,27,0.1,0.14210526315789473,3.868203884884023,35,5,30,0.14285714285714285,0.15789473684210525,4.319084810632669,11,2,9,0.18181818181818182,0.04736842105263158,3.983289928440401,22,7,15,0.3181818181818182,0.07894736842105263,4.435639068196226,27,2,25,0.07407407407407407,0.13157894736842105,4.013027327799543,33,3,30,0.09090909090909091,0.15789473684210525,1.63585
gaussian,gaussian,250,80,200,0.6,20,block_ar1,0.6,237,15,0,15,11,0,11,0.0,0.07894736842105263,0.0,0.05789473684210526,18,2,16,13,0,13,0.1111111111111111,0.08421052631578947,0.0,0.06842105263157895,4.4031565912481545,20,0,20,0.0,0.10526315789473684,3.948752537203625,25,2,23,0.08,0.12105263157894737,4.3798527473919995,20,0,20,0.0,0.10526315789473684,3.9687207244663654,24,2,22,0.08333333333333333,0.11578947368421053,4.627160146069421,8,0,8,0.0,0.042105263157894736,4.116364475049291,14,0,14,0.0,0.07368421052631578,4.6879041373364405,19,0,19,0.0,0.1,4.4031565912481545,20,0,20,0.0,0.10526315789473684,1.469042
gaussian,gaussian,250,80,200,0.6,20,block_ar1,0.6,238,16,1,15,14,0,14,0.0625,0.07894736842105263,0.0,0.07368421052631578,21,2,19,15,0,15,0.09523809523809523,0.1,0.0,0.07894736842105263,4.136309686892406,23,3,20,0.13043478260869565,0.10526315789473684,3.9471105400693123,26,3,23,0.11538461538461539,0.12105263157894737,4.495430837558777,22,2,20,0.09090909090909091,0.10526315789473684,4.022754931797054,25,3,22,0.12,0.11578947368421053,4.401701382624531,10,1,9,0.1,0.04736842105263158,4.07976409462631,16,2,14,0.125,0.07368421052631578,4.537017115644738,22,2,20,0.09090909090909091,0.10526315789473684,4.136309686892406,23,3,20,0.13043478260869565,0.10526315789473684,1.674221
gaussian,gaussian,250,80,200,0.6,20,block_ar1,0.6,239,14,0,14,8,0,8,0.0,0.07368421052631578,0.0,0.042105263157894736,19,2,17,13,0,13,0.10526315789473684,0.08947368421052632,0.0,0.06842105263157895,4.1863055269936735,21,1,20,0.047619047619047616,0.10526315789473684,4.0063808374066365,23,2,21,0.08695652173913043,0.11052631578947368,4.150288862527697,21,1,20,0.047619047619047616,0.10526315789473684,3.9719121457611384,23,2,21,0.08695652173913043,0.11052631578947368,4.415086270443683,7,0,7,0.0,0.03684210526315789,4.110439063216576,13,2,11,0.15384615384615385,0.05789473684210526,4.721623113039797,18,0,18,0.0,0.09473684210526316,4.24740887103893,20,1,19,0.05,0.1,1.528554
gaussian,gaussian,250,80,200,0.6,20,block_ar1,0.6,240,19,1,18,14,0,14,0.05263157894736842,0.09473684210526316,0.0,0.07368421052631578,22,3,19,14,0,14,0.13636363636363635,0.1,0.0,0.07368421052631578,4.216437768629379,24,4,20,0.16666666666666666,0.10526315789473684,3.970166608676487,26,5,21,0.19230769230769232,0.11052631578947368,4.210554853306762,24,4,20,0.16666666666666666,0.10526315789473684,3.9646272991319953,26,5,21,0.19230769230769232,0.11052631578947368,4.228789419370516,16,1,15,0.0625,0.07894736842105263,4.075430900951145,18,3,15,0.16666666666666666,0.07894736842105263,4.883009267515265,20,1,19,0.05,0.1,4.216437768629379,24,4,20,0.16666666666666666,0.10526315789473684,1.546666
gaussian,gaussian,250,80,200,0.6,20,block_ar1,0.6,241,22,3,19,14,1,13,0.13636363636363635,0.1,0.07142857142857142,0.06842105263157895,26,7,19,15,1,14,0.2692307692307692,0.1,0.06666666666666667,0.07368421052631578,4.104911316210209,29,4,25,0.13793103448275862,0.13157894736842105,3.8841599538494274,35,9,26,0.2571428571428571,0.1368421052631579,4.1353707337794985,26,2,24,0.07692307692307693,0.12631578947368421,3.9108369401827514,34,8,26,0.23529411764705882,0.1368421052631579,4.263789726777073,15,1,14,0.06666666666666667,0.07368421052631578,4.047401295795656,17,2,15,0.11764705882352941,0.07894736842105263,4.568175010299362,23,2,21,0.08695652173913043,0.11052631578947368,4.062749416337889,30,5,25,0.16666666666666666,0.13157894736842105,1.625678
gaussian,gaussian,250,80,200,0.6,20,block_ar1,0.6,242,17,0,17,8,0,8,0.0,0.08947368421052632,0.0,0.042105263157894736,20,2,18,14,0,14,0.1,0.09473684210526316,0.0,0.07368421052631578,4.188929016866527,25,2,23,0.08,0.12105263157894737,3.9110341697205917,29,4,25,0.13793103448275862,0.13157894736842105,4.136392773155291,24,1,23,0.041666666666666664,0.12105263157894737,3.930237888645878,27,3,24,0.1111111111111111,0.12631578947368421,4.326939850651451,10,1,9,0.1,0.04736842105263158,4.1165898657769375,12,1,11,0.08333333333333333,0.05789473684210526,4.6267983826565215,20,1,19,0.05,0.1,4.188929016866527,25,2,23,0.08,0.12105263157894737,1.489989
gaussian,gaussian,250,80,200,0.6,20,block_ar1,0.6,243,21,1,20,13,0,13,0.047619047619047616,0.10526315789473684,0.0,0.06842105263157895,23,2,21,17,1,16,0.08695652173913043,0.11052631578947368,0.058823529411764705,0.08421052631578947,4.463355065033386,25,2,23,0.08,0.12105263157894737,4.032038708125874,26,3,23,0.11538461538461539,0.12105263157894737,4.417229934510233,25,2,23,0.08,0.12105263157894737,3.990370880006239,26,3,23,0.11538461538461539,0.12105263157894737,4.29612970992545,11,1,10,0.09090909090909091,0.05263157894736842,4.035981558018889,17,2,15,0.11764705882352941,0.07894736842105263,4.920699207632601,21,0,21,0.0,0.11052631578947368,4.463355065033386,25,2,23,0.08,0.12105263157894737,1.667331
gaussian,gaussian,250,80,200,0.6,20,block_ar1,0.6,244,16,1,15,10,0,10,0.0625,0.07894736842105263,0.0,0.05263157894736842,21,3,18,15,0,15,0.14285714285714285,0.09473684210526316,0.0,0.07894736842105263,4.4264699656873745,23,2,21,0.08695652173913043,0.11052631578947368,4.019796912586387,25,4,21,0.16,0.11052631578947368,4.366487898760575,23,2,21,0.08695652173913043,0.11052631578947368,3.9653255777954697,25,4,21,0.16,0.11052631578947368,4.411757993320397,9,0,9,0.0,0.04736842105263158,4.078471100204858,15,1,14,0.06666666666666667,0.07368421052631578,4.498175789635818,22,2,20,0.09090909090909091,0.10526315789473684,4.4264699656873745,23,2,21,0.08695652173913043,0.11052631578947368,1.647603
gaussian,gaussian,250,80,200,0.6,20,block_ar1,0.6,245,20,0,20,16,0,16,0.0,0.10526315789473684,0.0,0.08421052631578947,21,0,21,16,0,16,0.0,0.11052631578947368,0.0,0.08421052631578947,4.130123974018608,25,1,24,0.04,0.12631578947368421,3.942970363794384,27,2,25,0.07407407407407407,0.13157894736842105,4.1925064949775015,24,1,23,0.041666666666666664,0.12105263157894737,3.9426426546580617,26,1,25,0.038461538461538464,0.13157894736842105,4.264418836132451,14,0,14,0.0,0.07368421052631578,4.1583999327331345,16,0,16,0.0,0.08421052631578947,4.61194270688404,22,1,21,0.045454545454545456,0.11052631578947368,4.130123974018608,25,1,24,0.04,0.12631578947368421,1.872804
gaussian,gaussian,250,80,200,0.6,20,block_ar1,0.6,246,20,1,19,16,0,16,0.05,0.1,0.0,0.08421052631578947,23,1,22,17,0,17,0.043478260869565216,0.11578947368421053,0.0,0.08947368421052632,4.344648952762825,27,1,26,0.037037037037037035,0.1368421052631579,4.039529297055609,28,2,26,0.07142857142857142,0.1368421052631579,4.292367286325714,27,1,26,0.037037037037037035,0.1368421052631579,3.9909193114001984,28,2,26,0.07142857142857142,0.1368421052631579,4.256072838995455,16,1,15,0.0625,0.07894736842105263,4.026584804755571,20,2,18,0.1,0.09473684210526316,4.664966283435431,23,0,23,0.0,0.12105263157894737,4.344648952762825,27,1,26,0.037037037037037035,0.1368421052631579,1.854766
gaussian,gaussian,250,80,200,0.6,20,block_ar1,0.6,247,16,0,16,12,0,12,0.0,0.08421052631578947,0.0,0.06315789473684211,18,0,18,12,0,12,0.0,0.09473684210526316,0.0,0.06315789473684211,4.174993418300223,22,0,22,0.0,0.11578947368421053,3.9670827659524286,23,0,23,0.0,0.12105263157894737,4.388635397929832,21,0,21,0.0,0.11052631578947368,4.135397244491775,22,0,22,0.0,0.11578947368421053,4.351516196520404,9,0,9,0.0,0.04736842105263158,4.299759816877048,10,0,10,0.0,0.05263157894736842,4.646926167376073,20,0,20,0.0,0.10526315789473684,4.174993418300223,22,0,22,0.0,0.11578947368421053,1.849528
gaussian,gaussian,250,80,200,0.6,20,block_ar1,0.6,248,16,0,16,12,0,12,0.0,0.08421052631578947,0.0,0.06315789473684211,20,1,19,13,0,13,0.05,0.1,0.0,0.06842105263157895,4.324940468625952,24,1,23,0.041666666666666664,0.12105263157894737,3.961860748597837,25,1,24,0.04,0.12631578947368421,4.291478499016861,24,1,23,0.041666666666666664,0.12105263157894737,4.291478499016861,24,1,23,0.041666666666666664,0.12105263157894737,4.769048254359528,9,0,9,0.0,0.04736842105263158,4.162069693500414,11,0,11,0.0,0.05789473684210526,4.5734376363756954,23,1,22,0.043478260869565216,0.11578947368421053,4.324940468625952,24,1,23,0.041666666666666664,0.12105263157894737,1.785383
gaussian,gaussian,250,80,200,0.6,20,block_ar1,0.6,249,16,1,15,15,0,15,0.0625,0.07894736842105263,0.0,0.07894736842105263,17,1,16,15,0,15,0.058823529411764705,0.08421052631578947,0.0,0.07894736842105263,4.149017974772669,22,2,20,0.09090909090909091,0.10526315789473684,4.059886680859139,24,2,22,0.08333333333333333,0.11578947368421053,4.244055626512059,21,1,20,0.047619047619047616,0.10526315789473684,4.0238416009805675,24,2,22,0.08333333333333333,0.11578947368421053,4.3822693162178865,9,0,9,0.0,0.04736842105263158,4.201794145842138,10,0,10,0.0,0.05263157894736842,5.514249119272367,16,0,16,0.0,0.08421052631578947,4.282073356640763,21,1,20,0.047619047619047616,0.10526315789473684,1.682776
gaussian,gaussian,250,80,200,0.6,20,block_ar1,0.6,250,20,1,19,11,0,11,0.05,0.1,0.0,0.05789473684210526,25,3,22,15,1,14,0.12,0.11578947368421053,0.06666666666666667,0.07368421052631578,4.364174241359827,25,2,23,0.08,0.12105263157894737,4.008299353399597,26,3,23,0.11538461538461539,0.12105263157894737,4.335382802646962,25,2,23,0.08,0.12105263157894737,3.9818557013376523,26,3,23,0.11538461538461539,0.12105263157894737,4.4259433578159175,11,1,10,0.09090909090909091,0.05263157894736842,4.058803672717442,16,3,13,0.1875,0.06842105263157895,4.364174241359827,25,2,23,0.08,0.12105263157894737,4.364174241359827,25,2,23,0.08,0.12105263157894737,2.058361
gaussian,gaussian,250,80,200,0.6,20,block_ar1,0.6,251,25,4,21,16,0,16,0.16,0.11052631578947368,0.0,0.08421052631578947,26,4,22,17,0,17,0.15384615384615385,0.11578947368421053,0.0,0.08947368421052632,4.123002572180008,28,4,24,0.14285714285714285,0.12631578947368421,3.8988861150490393,32,5,27,0.15625,0.14210526315789473,4.1055996789425455,26,2,24,0.07692307692307693,0.12631578947368421,4.008803137771898,29,4,25,0.13793103448275862,0.13157894736842105,4.229315577806643,16,2,14,0.125,0.07368421052631578,4.13472755944229,17,2,15,0.11764705882352941,0.07894736842105263,4.674760766015866,23,1,22,0.043478260869565216,0.11578947368421053,4.065573021458383,29,4,25,0.13793103448275862,0.13157894736842105,1.852363
gaussian,gaussian,250,80,200,0.6,20,block_ar1,0.6,252,20,0,20,15,0,15,0.0,0.10526315789473684,0.0,0.07894736842105263,21,0,21,17,0,17,0.0,0.11052631578947368,0.0,0.08947368421052632,4.59595394411117,23,0,23,0.0,0.12105263157894737,4.59595394411117,23,0,23,0.0,0.12105263157894737,4.548263496062864,23,0,23,0.0,0.12105263157894737,4.548263496062864,23,0,23,0.0,0.12105263157894737,4.299752781934252,13,0,13,0.0,0.06842105263157895,4.029277638119245,18,1,17,0.05555555555555555,0.08947368421052632,4.59595394411117,23,0,23,0.0,0.12105263157894737,4.59595394411117,23,0,23,0.0,0.12105263157894737,1.72972
gaussian,gaussian,250,80,200,0.6,20,block_ar1,0.6,253,22,1,21,19,0,19,0.045454545454545456,0.11052631578947368,0.0,0.1,28,3,25,19,0,19,0.10714285714285714,0.13157894736842105,0.0,0.1,4.161048291547409,29,2,27,0.06896551724137931,0.14210526315789473,3.9000487979696836,33,5,28,0.15151515151515152,0.14736842105263157,4.114644565798917,29,2,27,0.06896551724137931,0.14210526315789473,3.8901919445536586,32,4,28,0.125,0.14736842105263157,4.25828951491321,18,1,17,0.05555555555555555,0.08947368421052632,4.071380243892739,21,2,19,0.09523809523809523,0.1,4.483009480205974,26,0,26,0.0,0.1368421052631579,4.045789548287219,30,3,27,0.1,0.14210526315789473,1.848938
gaussian,gaussian,250,80,200,0.6,20,block_ar1,0.6,254,16,1,15,13,0,13,0.0625,0.07894736842105263,0.0,0.06842105263157895,18,1,17,14,0,14,0.05555555555555555,0.08947368421052632,0.0,0.07368421052631578,4.387076298348279,22,2,20,0.09090909090909091,0.10526315789473684,3.981341568204564,23,3,20,0.13043478260869565,0.10526315789473684,4.352680411994854,22,2,20,0.09090909090909091,0.10526315789473684,4.352680411994854,22,2,20,0.09090909090909091,0.10526315789473684,4.542823108759816,12,0,12,0.0,0.06315789473684211,4.246791485207077,13,0,13,0.0,0.06842105263157895,4.598749788159877,20,0,20,0.0,0.10526315789473684,4.387076298348279,22,2,20,0.09090909090909091,0.10526315789473684,1.840248
gaussian,gaussian,250,80,200,0.6,20,block_ar1,0.6,255,17,0,17,16,0,16,0.0,0.08947368421052632,0.0,0.08421052631578947,17,0,17,16,0,16,0.0,0.08947368421052632,0.0,0.08421052631578947,4.255595108307193,21,2,19,0.09523809523809523,0.1,4.111825338351986,22,2,20,0.09090909090909091,0.10526315789473684,4.207274361335061,21,2,19,0.09523809523809523,0.1,4.065137045243402,22,2,20,0.09090909090909091,0.10526315789473684,4.325447974267285,11,0,11,0.0,0.05789473684210526,4.139402863875924,14,1,13,0.07142857142857142,0.06842105263157895,4.795531023185235,19,1,18,0.05263157894736842,0.09473684210526316,4.255595108307193,21,2,19,0.09523809523809523,0.1,1.755171
gaussian,gaussian,250,80,200,0.6,20,block_ar1,0.6,256,21,2,19,11,0,11,0.09523809523809523,0.1,0.0,0.05789473684210526,26,6,20,12,0,12,0.23076923076923078,0.10526315789473684,0.0,0.06315789473684211,4.109391853569362,26,5,21,0.19230769230769232,0.11052631578947368,3.91227661648732,29,7,22,0.2413793103448276,0.11578947368421053,4.245923665878471,23,2,21,0.08695652173913043,0.11052631578947368,4.072527511778817,26,5,21,0.19230769230769232,0.11052631578947368,4.375560761036398,10,1,9,0.1,0.04736842105263158,4.167274849456155,13,2,11,0.15384615384615385,0.05789473684210526,4.948165069348273,21,1,20,0.047619047619047616,0.10526315789473684,4.109391853569362,26,5,21,0.19230769230769232,0.11052631578947368,2.037379
gaussian,gaussian,250,80,200,0.6,20,block_ar1,0.6,257,20,0,20,16,0,16,0.0,0.10526315789473684,0.0,0.08421052631578947,24,3,21,18,0,18,0.125,0.11052631578947368,0.0,0.09473684210526316,4.104509288368902,27,2,25,0.07407407407407407,0.13157894736842105,4.022938417908525,28,3,25,0.10714285714285714,0.13157894736842105,4.167346102451066,26,1,25,0.038461538461538464,0.13157894736842105,3.9776111276176005,28,3,25,0.10714285714285714,0.13157894736842105,4.358602984257837,12,0,12,0.0,0.06315789473684211,4.107172707621547,16,1,15,0.0625,0.07894736842105263,4.6143152365209845,22,1,21,0.045454545454545456,0.11052631578947368,4.104509288368902,27,2,25,0.07407407407407407,0.13157894736842105,1.8503
gaussian,gaussian,250,80,200,0.6,20,block_ar1,0.6,258,13,0,13,10,0,10,0.0,0.06842105263157895,0.0,0.05263157894736842,19,2,17,11,0,11,0.10526315789473684,0.08947368421052632,0.0,0.05789473684210526,4.195644752866315,25,4,21,0.16,0.11052631578947368,3.947024057984843,27,4,23,0.14814814814814814,0.12105263157894737,4.158512334801842,24,3,21,0.125,0.11052631578947368,3.9808988929701776,25,3,22,0.12,0.11578947368421053,4.404600977397408,7,0,7,0.0,0.03684210526315789,4.146129865539817,11,0,11,0.0,0.05789473684210526,4.551494110383241,22,4,18,0.18181818181818182,0.09473684210526316,4.195644752866315,25,4,21,0.16,0.11052631578947368,1.763576
gaussian,gaussian,250,80,200,0.6,20,block_ar1,0.6,259,20,0,20,15,0,15,0.0,0.10526315789473684,0.0,0.07894736842105263,23,2,21,16,0,16,0.08695652173913043,0.11052631578947368,0.0,0.08421052631578947,4.934662480058104,23,1,22,0.043478260869565216,0.11578947368421053,3.9896663967605375,24,1,23,0.041666666666666664,0.12105263157894737,4.875848683330208,23,1,22,0.043478260869565216,0.11578947368421053,4.875848683330208,23,1,22,0.043478260869565216,0.11578947368421053,4.287370988401056,15,0,15,0.0,0.07894736842105263,4.085972016672031,17,0,17,0.0,0.08947368421052632,4.934662480058104,23,1,22,0.043478260869565216,0.11578947368421053,4.934662480058104,23,1,22,0.043478260869565216,0.11578947368421053,1.916954
gaussian,gaussian,250,80,200,0.6,20,block_ar1,0.6,260,20,0,20,16,0,16,0.0,0.10526315789473684,0.0,0.08421052631578947,22,1,21,16,0,16,0.045454545454545456,0.11052631578947368,0.0,0.08421052631578947,4.359296601758557,25,1,24,0.04,0.12631578947368421,3.94499547995194,28,3,25,0.10714285714285714,0.13157894736842105,4.300196848207729,24,0,24,0.0,0.12631578947368421,4.029878738435158,25,1,24,0.04,0.12631578947368421,4.328146552088917,14,0,14,0.0,0.07368421052631578,4.328146552088917,14,0,14,0.0,0.07368421052631578,4.576544571103296,23,0,23,0.0,0.12105263157894737,4.085263375159523,26,2,24,0.07692307692307693,0.12631578947368421,1.894928
gaussian,gaussian,250,80,200,0.6,20,block_ar1,0.6,261,24,0,24,16,0,16,0.0,0.12631578947368421,0.0,0.08421052631578947,26,2,24,19,0,19,0.07692307692307693,0.12631578947368421,0.0,0.1,4.067133838262411,30,3,27,0.1,0.14210526315789473,3.8868032344879206,33,5,28,0.15151515151515152,0.14736842105263157,4.107261295118497,29,2,27,0.06896551724137931,0.14210526315789473,3.886859638246432,32,4,28,0.125,0.14736842105263157,4.173573479450037,19,1,18,0.05263157894736842,0.09473684210526316,3.9978440941693427,24,5,19,0.20833333333333334,0.1,4.926768254415601,24,0,24,0.0,0.12631578947368421,4.047924149322159,31,4,27,0.12903225806451613,0.14210526315789473,1.958073
gaussian,gaussian,250,80,200,0.6,20,block_ar1,0.6,262,21,2,19,14,0,14,0.09523809523809523,0.1,0.0,0.07368421052631578,25,6,19,17,0,17,0.24,0.1,0.0,0.08947368421052632,4.084761324709699,29,6,23,0.20689655172413793,0.12105263157894737,3.9478381735668324,31,8,23,0.25806451612903225,0.12105263157894737,4.143578117394392,27,5,22,0.18518518518518517,0.11578947368421053,3.913046157135797,31,8,23,0.25806451612903225,0.12105263157894737,4.261362757464163,14,1,13,0.07142857142857142,0.06842105263157895,4.012871669837728,19,1,18,0.05263157894736842,0.09473684210526316,4.531714787056823,24,3,21,0.125,0.11052631578947368,4.084761324709699,29,6,23,0.20689655172413793,0.12105263157894737,1.884407
gaussian,gaussian,250,80,200,0.6,20,block_ar1,0.6,263,17,0,17,12,0,12,0.0,0.08947368421052632,0.0,0.06315789473684211,19,1,18,13,0,13,0.05263157894736842,0.09473684210526316,0.0,0.06842105263157895,4.226304039711203,21,0,21,0.0,0.11052631578947368,3.975547426959035,22,1,21,0.045454545454545456,0.11052631578947368,4.199415306526032,21,0,21,0.0,0.11052631578947368,4.199415306526032,21,0,21,0.0,0.11052631578947368,4.315549231634419,12,1,11,0.08333333333333333,0.05789473684210526,4.1696464262809405,15,2,13,0.13333333333333333,0.06842105263157895,4.760706835851737,19,0,19,0.0,0.1,4.226304039711203,21,0,21,0.0,0.11052631578947368,1.73669
gaussian,gaussian,250,80,200,0.6,20,block_ar1,0.6,264,20,0,20,13,0,13,0.0,0.10526315789473684,0.0,0.06842105263157895,23,1,22,13,0,13,0.043478260869565216,0.11578947368421053,0.0,0.06842105263157895,4.261828108907142,26,0,26,0.0,0.1368421052631579,3.9581702351613353,28,2,26,0.07142857142857142,0.1368421052631579,4.211071824196139,26,0,26,0.0,0.1368421052631579,4.211071824196139,26,0,26,0.0,0.1368421052631579,4.274504936976709,12,0,12,0.0,0.06315789473684211,4.184230984189214,13,0,13,0.0,0.06842105263157895,4.990515020965633,21,0,21,0.0,0.11052631578947368,4.261828108907142,26,0,26,0.0,0.1368421052631579,1.744601
gaussian,gaussian,250,80,200,0.6,20,block_ar1,0.6,265,15,1,14,11,0,11,0.06666666666666667,0.07368421052631578,0.0,0.05789473684210526,19,3,16,11,0,11,0.15789473684210525,0.08421052631578947,0.0,0.05789473684210526,4.099973504498172,27,5,22,0.18518518518518517,0.11578947368421053,3.881556909293976,33,8,25,0.24242424242424243,0.13157894736842105,4.107547717533312,26,4,22,0.15384615384615385,0.11578947368421053,3.9131379015124526,29,5,24,0.1724137931034483,0.12631578947368421,4.276835216765813,13,3,10,0.23076923076923078,0.05263157894736842,4.085338570047613,14,3,11,0.21428571428571427,0.05789473684210526,4.720496681209819,19,0,19,0.0,0.1,4.04285848267737,29,6,23,0.20689655172413793,0.12105263157894737,2.004364
gaussian,gaussian,250,80,200,0.6,20,block_ar1,0.6,266,25,5,20,14,1,13,0.2,0.10526315789473684,0.07142857142857142,0.06842105263157895,28,6,22,17,1,16,0.21428571428571427,0.11578947368421053,0.058823529411764705,0.08421052631578947,4.122395815849192,31,6,25,0.1935483870967742,0.13157894736842105,3.878150286721778,34,7,27,0.20588235294117646,0.14210526315789473,4.085894938821416,31,6,25,0.1935483870967742,0.13157894736842105,3.8817092407320977,33,7,26,0.21212121212121213,0.1368421052631579,4.350927821606335,12,2,10,0.16666666666666666,0.05263157894736842,4.099445635933161,15,3,12,0.2,0.06315789473684211,4.717723396116601,24,1,23,0.041666666666666664,0.12105263157894737,4.122395815849192,31,6,25,0.1935483870967742,0.13157894736842105,1.762563
gaussian,gaussian,250,80,200,0.6,20,block_ar1,0.6,267,18,0,18,17,0,17,0.0,0.09473684210526316,0.0,0.08947368421052632,20,1,19,17,0,17,0.05,0.1,0.0,0.08947368421052632,4.176622844509983,22,0,22,0.0,0.11578947368421053,3.9561715010593144,27,3,24,0.1111111111111111,0.12631578947368421,4.1497782690695475,22,0,22,0.0,0.11578947368421053,3.9307438413760636,27,3,24,0.1111111111111111,0.12631578947368421,4.250702016769652,15,0,15,0.0,0.07894736842105263,4.124366796415494,18,1,17,0.05555555555555555,0.08947368421052632,4.599861800737369,20,0,20,0.0,0.10526315789473684,4.318345602799395,21,0,21,0.0,0.11052631578947368,1.908196
gaussian,gaussian,250,80,200,0.6,20,block_ar1,0.6,268,19,1,18,15,0,15,0.05263157894736842,0.09473684210526316,0.0,0.07894736842105263,23,2,21,15,0,15,0.08695652173913043,0.11052631578947368,0.0,0.07894736842105263,4.135570110360971,26,1,25,0.038461538461538464,0.13157894736842105,3.9821478381501287,27,2,25,0.07407407407407407,0.13157894736842105,4.110540806397283,26,1,25,0.038461538461538464,0.13157894736842105,3.958047076705001,27,2,25,0.07407407407407407,0.13157894736842105,4.305837764329905,12,0,12,0.0,0.06315789473684211,4.078351143164177,16,2,14,0.125,0.07368421052631578,4.627577353554593,21,0,21,0.0,0.11052631578947368,4.135570110360971,26,1,25,0.038461538461538464,0.13157894736842105,1.905702
gaussian,gaussian,250,80,200,0.6,20,block_ar1,0.6,269,18,1,17,15,0,15,0.05555555555555555,0.08947368421052632,0.0,0.07894736842105263,22,3,19,15,0,15,0.13636363636363635,0.1,0.0,0.07894736842105263,4.9568698677918865,19,0,19,0.0,0.1,4.155088167536721,20,1,19,0.05,0.1,4.939535808369653,19,0,19,0.0,0.1,4.140557920198841,20,1,19,0.05,0.1,4.332813873507801,11,0,11,0.0,0.05789473684210526,4.160375621285893,12,0,12,0.0,0.06315789473684211,4.9568698677918865,19,0,19,0.0,0.1,4.9568698677918865,19,0,19,0.0,0.1,1.778114
gaussian,gaussian,250,80,200,0.6,20,block_ar1,0.6,270,23,6,17,15,1,14,0.2608695652173913,0.08947368421052632,0.06666666666666667,0.07368421052631578,24,6,18,15,1,14,0.25,0.09473684210526316,0.06666666666666667,0.07368421052631578,4.076180290038518,29,8,21,0.27586206896551724,0.11052631578947368,4.0365919074737935,31,8,23,0.25806451612903225,0.12105263157894737,4.094983474226833,27,7,20,0.25925925925925924,0.10526315789473684,3.9665762922957066,30,7,23,0.23333333333333334,0.12105263157894737,4.5403587225863715,9,1,8,0.1111111111111111,0.042105263157894736,4.098875047152193,13,3,10,0.23076923076923078,0.05263157894736842,4.620636182107577,22,4,18,0.18181818181818182,0.09473684210526316,4.0365919074737935,31,8,23,0.25806451612903225,0.12105263157894737,1.750645
gaussian,gaussian,250,80,200,0.6,20,block_ar1,0.6,271,21,0,21,13,0,13,0.0,0.11052631578947368,0.0,0.06842105263157895,22,1,21,14,0,14,0.045454545454545456,0.11052631578947368,0.0,0.07368421052631578,4.492189302711349,22,1,21,0.045454545454545456,0.11052631578947368,3.9726330820468916,23,2,21,0.08695652173913043,0.11052631578947368,4.443680712419307,22,1,21,0.045454545454545456,0.11052631578947368,4.443680712419307,22,1,21,0.045454545454545456,0.11052631578947368,4.465977803640552,10,0,10,0.0,0.05263157894736842,4.217699910605913,11,0,11,0.0,0.05789473684210526,5.013038278677898,21,0,21,0.0,0.11052631578947368,4.492189302711349,22,1,21,0.045454545454545456,0.11052631578947368,1.940991
gaussian,gaussian,250,80,200,0.6,20,block_ar1,0.6,272,19,0,19,13,0,13,0.0,0.1,0.0,0.06842105263157895,20,1,19,14,0,14,0.05,0.1,0.0,0.07368421052631578,4.276591990876473,26,2,24,0.07692307692307693,0.12631578947368421,3.9564432163701464,30,5,25,0.16666666666666666,0.13157894736842105,4.215607518357445,26,2,24,0.07692307692307693,0.12631578947368421,3.9000240856425563,30,5,25,0.16666666666666666,0.13157894736842105,4.237979885843506,17,1,16,0.058823529411764705,0.08421052631578947,4.048979872989405,19,2,17,0.10526315789473684,0.08947368421052632,4.513915242586041,24,2,22,0.08333333333333333,0.11578947368421053,4.276591990876473,26,2,24,0.07692307692307693,0.12631578947368421,1.87969
gaussian,gaussian,250,80,200,0.6,20,block_ar1,0.6,273,18,0,18,15,0,15,0.0,0.09473684210526316,0.0,0.07894736842105263,19,0,19,15,0,15,0.0,0.1,0.0,0.07894736842105263,4.130682957413681,25,0,25,0.0,0.13157894736842105,4.130682957413681,25,0,25,0.0,0.13157894736842105,4.214879431200501,24,0,24,0.0,0.12631578947368421,4.092943308757736,25,0,25,0.0,0.13157894736842105,4.4682124116350606,14,0,14,0.0,0.07368421052631578,4.4682124116350606,14,0,14,0.0,0.07368421052631578,4.516693244424694,23,0,23,0.0,0.12105263157894737,4.130682957413681,25,0,25,0.0,0.13157894736842105,2.008066
gaussian,gaussian,250,80,200,0.6,20,block_ar1,0.6,274,20,1,19,10,0,10,0.05,0.1,0.0,0.05263157894736842,23,1,22,11,0,11,0.043478260869565216,0.11578947368421053,0.0,0.05789473684210526,4.161553170454445,23,1,22,0.043478260869565216,0.11578947368421053,4.093335685128369,24,1,23,0.041666666666666664,0.12105263157894737,4.757888138967691,22,0,22,0.0,0.11578947368421053,4.039986038867215,24,1,23,0.041666666666666664,0.12105263157894737,4.256698508242593,13,1,12,0.07692307692307693,0.06315789473684211,4.124668752802876,15,1,14,0.06666666666666667,0.07368421052631578,4.820717972220094,22,0,22,0.0,0.11578947368421053,4.093335685128369,24,1,23,0.041666666666666664,0.12105263157894737,2.458637
gaussian,gaussian,250,80,200,0.6,20,block_ar1,0.6,275,16,0,16,11,0,11,0.0,0.08421052631578947,0.0,0.05789473684210526,18,1,17,11,0,11,0.05555555555555555,0.08947368421052632,0.0,0.05789473684210526,4.167282944997969,27,5,22,0.18518518518518517,0.11578947368421053,4.167282944997969,27,5,22,0.18518518518518517,0.11578947368421053,4.11779313956607,27,5,22,0.18518518518518517,0.11578947368421053,4.11779313956607,27,5,22,0.18518518518518517,0.11578947368421053,4.395549013325322,7,0,7,0.0,0.03684210526315789,4.395549013325322,7,0,7,0.0,0.03684210526315789,4.674015821271639,19,0,19,0.0,0.1,4.167282944997969,27,5,22,0.18518518518518517,0.11578947368421053,2.256122
gaussian,gaussian,250,80,200,0.6,20,block_ar1,0.6,276,16,0,16,11,0,11,0.0,0.08421052631578947,0.0,0.05789473684210526,20,1,19,13,0,13,0.05,0.1,0.0,0.06842105263157895,4.14671919374946,25,2,23,0.08,0.12105263157894737,3.938058006136927,29,4,25,0.13793103448275862,0.13157894736842105,4.113211893154259,25,2,23,0.08,0.12105263157894737,3.9436383699932644,28,4,24,0.14285714285714285,0.12631578947368421,4.256016801644079,13,1,12,0.07692307692307693,0.06315789473684211,4.051725205301102,17,4,13,0.23529411764705882,0.06842105263157895,4.67071381236898,21,0,21,0.0,0.11052631578947368,4.14671919374946,25,2,23,0.08,0.12105263157894737,2.00226
gaussian,gaussian,250,80,200,0.6,20,block_ar1,0.6,277,20,2,18,13,0,13,0.1,0.09473684210526316,0.0,0.06842105263157895,21,2,19,15,0,15,0.09523809523809523,0.1,0.0,0.07894736842105263,4.176749122337471,27,5,22,0.18518518518518517,0.11578947368421053,4.176749122337471,27,5,22,0.18518518518518517,0.11578947368421053,4.132000281157716,27,5,22,0.18518518518518517,0.11578947368421053,4.132000281157716,27,5,22,0.18518518518518517,0.11578947368421053,4.349604405537623,13,1,12,0.07692307692307693,0.06315789473684211,4.106906929925087,18,3,15,0.16666666666666666,0.07894736842105263,5.183706352931632,21,2,19,0.09523809523809523,0.1,4.176749122337471,27,5,22,0.18518518518518517,0.11578947368421053,1.905278
gaussian,gaussian,250,80,200,0.6,20,block_ar1,0.6,278,19,1,18,13,0,13,0.05263157894736842,0.09473684210526316,0.0,0.06842105263157895,20,2,18,13,0,13,0.1,0.09473684210526316,0.0,0.06842105263157895,4.262437841457318,24,3,21,0.125,0.11052631578947368,3.899342351520184,31,6,25,0.1935483870967742,0.13157894736842105,4.224038761536144,24,3,21,0.125,0.11052631578947368,3.950303605077864,28,4,24,0.14285714285714285,0.12631578947368421,4.4069081322304395,10,0,10,0.0,0.05263157894736842,4.207058603034679,13,0,13,0.0,0.06842105263157895,4.460719937260121,23,2,21,0.08695652173913043,0.11052631578947368,4.089536253510325,25,4,21,0.16,0.11052631578947368,1.834488
gaussian,gaussian,250,80,200,0.6,20,block_ar1,0.6,279,19,1,18,12,0,12,0.05263157894736842,0.09473684210526316,0.0,0.06315789473684211,22,2,20,13,0,13,0.09090909090909091,0.10526315789473684,0.0,0.06842105263157895,4.268853425524464,25,3,22,0.12,0.11578947368421053,4.268853425524464,25,3,22,0.12,0.11578947368421053,4.2369295710630634,25,3,22,0.12,0.11578947368421053,4.2369295710630634,25,3,22,0.12,0.11578947368421053,4.308564489738889,12,1,11,0.08333333333333333,0.05789473684210526,4.056781744346887,16,1,15,0.0625,0.07894736842105263,4.503304078585653,24,3,21,0.125,0.11052631578947368,4.268853425524464,25,3,22,0.12,0.11578947368421053,1.822575
gaussian,gaussian,250,80,200,0.6,20,block_ar1,0.6,280,18,0,18,14,0,14,0.0,0.09473684210526316,0.0,0.07368421052631578,19,0,19,15,0,15,0.0,0.1,0.0,0.07894736842105263,4.251261916945039,21,1,20,0.047619047619047616,0.10526315789473684,4.023096159888344,23,2,21,0.08695652173913043,0.11052631578947368,4.193364483839635,21,1,20,0.047619047619047616,0.10526315789473684,3.9683060892353637,23,2,21,0.08695652173913043,0.11052631578947368,4.641097580183471,11,0,11,0.0,0.05789473684210526,4.086377256260901,15,1,14,0.06666666666666667,0.07368421052631578,5.324515010935573,19,0,19,0.0,0.1,4.251261916945039,21,1,20,0.047619047619047616,0.10526315789473684,1.801251
gaussian,gaussian,250,80,200,0.6,20,block_ar1,0.6,281,15,0,15,12,0,12,0.0,0.07894736842105263,0.0,0.06315789473684211,17,0,17,14,0,14,0.0,0.08947368421052632,0.0,0.07368421052631578,4.135776690854274,23,0,23,0.0,0.12105263157894737,4.135776690854274,23,0,23,0.0,0.12105263157894737,4.18988555931216,22,0,22,0.0,0.11578947368421053,4.084697633536101,23,0,23,0.0,0.12105263157894737,4.306599695204734,11,0,11,0.0,0.05789473684210526,4.306599695204734,11,0,11,0.0,0.05789473684210526,4.728253867829544,20,0,20,0.0,0.10526315789473684,4.242279989412341,22,0,22,0.0,0.11578947368421053,1.757769
gaussian,gaussian,250,80,200,0.6,20,block_ar1,0.6,282,17,2,15,7,0,7,0.11764705882352941,0.07894736842105263,0.0,0.03684210526315789,18,3,15,9,0,9,0.16666666666666666,0.07894736842105263,0.0,0.04736842105263158,4.096851801906576,28,4,24,0.14285714285714285,0.12631578947368421,3.941659773907386,30,5,25,0.16666666666666666,0.13157894736842105,4.105209798756307,26,3,23,0.11538461538461539,0.12105263157894737,3.9116927284624725,29,4,25,0.13793103448275862,0.13157894736842105,4.318354346159393,10,0,10,0.0,0.05263157894736842,4.318354346159393,10,0,10,0.0,0.05263157894736842,4.736489226069255,19,0,19,0.0,0.1,4.0698721853987285,29,5,24,0.1724137931034483,0.12631578947368421,1.813283
gaussian,gaussian,250,80,200,0.6,20,block_ar1,0.6,283,21,1,20,17,0,17,0.047619047619047616,0.10526315789473684,0.0,0.08947368421052632,23,2,21,17,0,17,0.08695652173913043,0.11052631578947368,0.0,0.08947368421052632,4.123608454486552,29,2,27,0.06896551724137931,0.14210526315789473,3.9159159901824774,32,4,28,0.125,0.14736842105263157,4.21367809315089,28,2,26,0.07142857142857142,0.1368421052631579,3.911040865670109,30,3,27,0.1,0.14210526315789473,4.238484022068161,17,1,16,0.058823529411764705,0.08421052631578947,4.1474469818606625,18,2,16,0.1111111111111111,0.08421052631578947,4.655014825591071,24,1,23,0.041666666666666664,0.12105263157894737,4.123608454486552,29,2,27,0.06896551724137931,0.14210526315789473,1.908828
gaussian,gaussian,250,80,200,0.6,20,block_ar1,0.6,284,22,2,20,14,0,14,0.09090909090909091,0.10526315789473684,0.0,0.07368421052631578,25,3,22,17,0,17,0.12,0.11578947368421053,0.0,0.08947368421052632,4.181761106786373,29,2,27,0.06896551724137931,0.14210526315789473,3.9300673360642513,30,3,27,0.1,0.14210526315789473,4.168039522663747,29,2,27,0.06896551724137931,0.14210526315789473,3.9171716329902813,30,3,27,0.1,0.14210526315789473,4.260647558947851,14,1,13,0.07142857142857142,0.06842105263157895,4.064019382699577,18,3,15,0.16666666666666666,0.07894736842105263,4.485304012624513,24,0,24,0.0,0.12631578947368421,4.181761106786373,29,2,27,0.06896551724137931,0.14210526315789473,1.846865
gaussian,gaussian,250,80,200,0.6,20,block_ar1,0.6,285,15,0,15,8,0,8,0.0,0.07894736842105263,0.0,0.042105263157894736,18,2,16,9,0,9,0.1111111111111111,0.08421052631578947,0.0,0.04736842105263158,4.214570664819101,21,0,21,0.0,0.11052631578947368,3.9927557569508614,24,2,22,0.08333333333333333,0.11578947368421053,4.201783802024041,21,0,21,0.0,0.11052631578947368,3.9806418729757986,24,2,22,0.08333333333333333,0.11578947368421053,4.580824686377438,5,0,5,0.0,0.02631578947368421,4.226232010583454,8,0,8,0.0,0.042105263157894736,5.202986080232069,16,0,16,0.0,0.08421052631578947,4.214570664819101,21,0,21,0.0,0.11052631578947368,1.928768
gaussian,gaussian,250,80,200,0.6,20,block_ar1,0.6,286,15,0,15,14,0,14,0.0,0.07894736842105263,0.0,0.07368421052631578,19,2,17,14,0,14,0.10526315789473684,0.08947368421052632,0.0,0.07368421052631578,4.128375408546858,24,1,23,0.041666666666666664,0.12105263157894737,3.9146368109505527,29,4,25,0.13793103448275862,0.13157894736842105,4.138784222996902,22,1,21,0.045454545454545456,0.11052631578947368,3.9730590533276526,26,2,24,0.07692307692307693,0.12631578947368421,4.263595316403987,13,0,13,0.0,0.06842105263157895,4.121664864093487,15,0,15,0.0,0.07894736842105263,4.645050134105619,18,1,17,0.05555555555555555,0.08947368421052632,4.299354689154636,21,1,20,0.047619047619047616,0.10526315789473684,1.75401
gaussian,gaussian,250,80,200,0.6,20,block_ar1,0.6,287,17,0,17,12,0,12,0.0,0.08947368421052632,0.0,0.06315789473684211,26,5,21,15,0,15,0.19230769230769232,0.11052631578947368,0.0,0.07894736842105263,4.110551660247777,27,3,24,0.1111111111111111,0.12631578947368421,3.9450446334487466,30,6,24,0.2,0.12631578947368421,4.095703285823332,27,3,24,0.1111111111111111,0.12631578947368421,3.930794113158469,30,6,24,0.2,0.12631578947368421,4.314567809700047,11,0,11,0.0,0.05789473684210526,4.020771365222834,20,2,18,0.1,0.09473684210526316,4.5438076842423865,21,0,21,0.0,0.11052631578947368,4.110551660247777,27,3,24,0.1111111111111111,0.12631578947368421,1.833032
gaussian,gaussian,250,80,200,0.6,20,block_ar1,0.6,288,17,0,17,14,0,14,0.0,0.08947368421052632,0.0,0.07368421052631578,19,1,18,15,0,15,0.05263157894736842,0.09473684210526316,0.0,0.07894736842105263,4.558926257653636,20,1,19,0.05,0.1,3.969944663764973,23,2,21,0.08695652173913043,0.11052631578947368,4.552543919418099,20,1,19,0.05,0.1,3.964386879280529,23,2,21,0.08695652173913043,0.11052631578947368,4.2910914410989145,12,0,12,0.0,0.06315789473684211,4.1684629452503605,13,0,13,0.0,0.06842105263157895,4.558926257653636,20,1,19,0.05,0.1,4.558926257653636,20,1,19,0.05,0.1,1.99846
gaussian,gaussian,250,80,200,0.6,20,block_ar1,0.6,289,19,1,18,16,0,16,0.05263157894736842,0.09473684210526316,0.0,0.08421052631578947,22,3,19,17,0,17,0.13636363636363635,0.1,0.0,0.08947368421052632,4.454362468571013,23,1,22,0.043478260869565216,0.11578947368421053,3.928427410518113,28,3,25,0.10714285714285714,0.13157894736842105,4.172407315158664,23,1,22,0.043478260869565216,0.11578947368421053,3.9478586689230335,27,3,24,0.1111111111111111,0.12631578947368421,4.273605874340202,12,0,12,0.0,0.06315789473684211,4.126978955559083,14,0,14,0.0,0.07368421052631578,4.697085399132027,22,1,21,0.045454545454545456,0.11052631578947368,4.454362468571013,23,1,22,0.043478260869565216,0.11578947368421053,1.766098
gaussian,gaussian,250,80,200,0.6,20,block_ar1,0.6,290,15,0,15,9,0,9,0.0,0.07894736842105263,0.0,0.04736842105263158,24,4,20,11,0,11,0.16666666666666666,0.10526315789473684,0.0,0.05789473684210526,4.594613298129359,22,2,20,0.09090909090909091,0.10526315789473684,4.0119401477509555,23,3,20,0.13043478260869565,0.10526315789473684,4.557197121474492,22,2,20,0.09090909090909091,0.10526315789473684,3.979268962700818,23,3,20,0.13043478260869565,0.10526315789473684,4.440178865090054,7,0,7,0.0,0.03684210526315789,4.301929472988868,8,0,8,0.0,0.042105263157894736,4.594613298129359,22,2,20,0.09090909090909091,0.10526315789473684,4.594613298129359,22,2,20,0.09090909090909091,0.10526315789473684,1.85987
gaussian,gaussian,250,80,200,0.6,20,block_ar1,0.6,291,18,0,18,15,0,15,0.0,0.09473684210526316,0.0,0.07894736842105263,23,3,20,16,0,16,0.13043478260869565,0.10526315789473684,0.0,0.08421052631578947,4.2775638733344765,22,0,22,0.0,0.11578947368421053,3.9434415806763896,28,3,25,0.10714285714285714,0.13157894736842105,4.251572540552371,22,0,22,0.0,0.11578947368421053,3.9194804417044877,28,3,25,0.10714285714285714,0.13157894736842105,4.346855535613996,16,1,15,0.0625,0.07894736842105263,4.040618740667003,18,2,16,0.1111111111111111,0.08421052631578947,4.593138292722968,20,0,20,0.0,0.10526315789473684,4.2775638733344765,22,0,22,0.0,0.11578947368421053,2.065886
gaussian,gaussian,250,80,200,0.6,20,block_ar1,0.6,292,18,0,18,11,0,11,0.0,0.09473684210526316,0.0,0.05789473684210526,22,1,21,16,0,16,0.045454545454545456,0.11052631578947368,0.0,0.08421052631578947,4.423312136725738,23,0,23,0.0,0.12105263157894737,4.000608229858972,24,1,23,0.041666666666666664,0.12105263157894737,4.383324067674873,23,0,23,0.0,0.12105263157894737,3.9644415309699617,24,1,23,0.041666666666666664,0.12105263157894737,4.318920637617047,11,0,11,0.0,0.05789473684210526,4.114012111233106,13,0,13,0.0,0.06842105263157895,4.61849809716584,22,0,22,0.0,0.11578947368421053,4.423312136725738,23,0,23,0.0,0.12105263157894737,1.807574
gaussian,gaussian,250,80,200,0.6,20,block_ar1,0.6,293,21,1,20,14,0,14,0.047619047619047616,0.10526315789473684,0.0,0.07368421052631578,27,7,20,16,0,16,0.25925925925925924,0.10526315789473684,0.0,0.08421052631578947,4.111549105230158,25,2,23,0.08,0.12105263157894737,3.8915973692516785,32,7,25,0.21875,0.13157894736842105,4.131821264530387,23,2,21,0.08695652173913043,0.11052631578947368,3.899601336656639,31,6,25,0.1935483870967742,0.13157894736842105,4.277087685363119,15,0,15,0.0,0.07894736842105263,4.014075376183625,20,3,17,0.15,0.08947368421052632,5.128000543298369,21,1,20,0.047619047619047616,0.10526315789473684,4.059989328930153,26,3,23,0.11538461538461539,0.12105263157894737,1.731258
gaussian,gaussian,250,80,200,0.6,20,block_ar1,0.6,294,25,2,23,16,0,16,0.08,0.12105263157894737,0.0,0.08421052631578947,27,3,24,19,0,19,0.1111111111111111,0.12631578947368421,0.0,0.1,4.098393763751164,29,2,27,0.06896551724137931,0.14210526315789473,3.8756291742603097,34,6,28,0.17647058823529413,0.14736842105263157,4.196958911829215,28,1,27,0.03571428571428571,0.14210526315789473,3.9404981485461983,32,5,27,0.15625,0.14210526315789473,4.42891580706105,13,0,13,0.0,0.06842105263157895,4.115048548582765,16,1,15,0.0625,0.07894736842105263,4.571389111458147,25,0,25,0.0,0.13157894736842105,4.098393763751164,29,2,27,0.06896551724137931,0.14210526315789473,2.091287
gaussian,gaussian,250,80,200,0.6,20,block_ar1,0.6,295,21,1,20,15,0,15,0.047619047619047616,0.10526315789473684,0.0,0.07894736842105263,21,1,20,19,1,18,0.047619047619047616,0.10526315789473684,0.05263157894736842,0.09473684210526316,4.290048670233349,25,3,22,0.12,0.11578947368421053,4.028515323635887,27,4,23,0.14814814814814814,0.12105263157894737,4.2521668637032,25,3,22,0.12,0.11578947368421053,3.9929428978141033,27,4,23,0.14814814814814814,0.12105263157894737,4.260407485923672,13,1,12,0.07692307692307693,0.06315789473684211,4.064765824647155,15,1,14,0.06666666666666667,0.07368421052631578,4.445916069902932,24,2,22,0.08333333333333333,0.11578947368421053,4.083363285420496,26,3,23,0.11538461538461539,0.12105263157894737,1.910259
gaussian,gaussian,250,80,200,0.6,20,block_ar1,0.6,296,19,0,19,11,0,11,0.0,0.1,0.0,0.05789473684210526,22,1,21,15,0,15,0.045454545454545456,0.11052631578947368,0.0,0.07894736842105263,4.22885406666586,22,1,21,0.045454545454545456,0.11052631578947368,4.0286139501313905,23,2,21,0.08695652173913043,0.11052631578947368,4.1922255325504105,22,1,21,0.045454545454545456,0.11052631578947368,3.993719810682708,23,2,21,0.08695652173913043,0.11052631578947368,4.363344474094811,8,0,8,0.0,0.042105263157894736,4.124792371477014,12,1,11,0.08333333333333333,0.05789473684210526,4.615797474729099,21,0,21,0.0,0.11052631578947368,4.22885406666586,22,1,21,0.045454545454545456,0.11052631578947368,1.741935
gaussian,gaussian,250,80,200,0.6,20,block_ar1,0.6,297,19,0,19,13,0,13,0.0,0.1,0.0,0.06842105263157895,26,5,21,17,0,17,0.19230769230769232,0.11052631578947368,0.0,0.08947368421052632,4.333600204530706,25,0,25,0.0,0.13157894736842105,3.924012652457077,32,6,26,0.1875,0.1368421052631579,4.272736428319165,25,0,25,0.0,0.13157894736842105,3.9187541661364897,30,4,26,0.13333333333333333,0.1368421052631579,4.419355879870935,11,0,11,0.0,0.05789473684210526,4.100647933630957,15,2,13,0.13333333333333333,0.06842105263157895,4.617158120351665,23,0,23,0.0,0.12105263157894737,4.333600204530706,25,0,25,0.0,0.13157894736842105,1.930574
gaussian,gaussian,250,80,200,0.6,20,block_ar1,0.6,298,14,1,13,8,0,8,0.07142857142857142,0.06842105263157895,0.0,0.042105263157894736,22,5,17,8,0,8,0.22727272727272727,0.08947368421052632,0.0,0.042105263157894736,4.120334814513711,26,5,21,0.19230769230769232,0.11052631578947368,3.917560870833157,29,7,22,0.2413793103448276,0.11578947368421053,4.125712562177384,24,4,20,0.16666666666666666,0.10526315789473684,3.9798152187850167,26,5,21,0.19230769230769232,0.11052631578947368,5.0966805308624945,2,0,2,0.0,0.010526315789473684,4.233704455210442,8,0,8,0.0,0.042105263157894736,4.519035702305056,21,2,19,0.09523809523809523,0.1,4.0329722823188,27,6,21,0.2222222222222222,0.11052631578947368,1.799084
gaussian,gaussian,250,80,200,0.6,20,block_ar1,0.6,299,19,3,16,12,0,12,0.15789473684210525,0.08421052631578947,0.0,0.06315789473684211,25,8,17,12,0,12,0.32,0.08947368421052632,0.0,0.06315789473684211,4.082081729850151,30,6,24,0.2,0.12631578947368421,3.9003860733512394,37,10,27,0.2702702702702703,0.14210526315789473,4.291305175284693,27,4,23,0.14814814814814814,0.12105263157894737,3.852460662339278,37,10,27,0.2702702702702703,0.14210526315789473,4.449866212617949,9,0,9,0.0,0.04736842105263158,4.449866212617949,9,0,9,0.0,0.04736842105263158,4.578390618779002,25,4,21,0.16,0.11052631578947368,4.045353108915829,31,6,25,0.1935483870967742,0.13157894736842105,1.844984
