model,x_model,p,n1,n2,rho,block,seed,k_df,R_bh_0.05,V_bh_0.05,S_bh_0.05,R_by_0.05,V_by_0.05,S_by_0.05,fdr_bh_0.05,power_bh_0.05,fdr_by_0.05,power_by_0.05,R_bh_0.1,V_bh_0.1,S_bh_0.1,R_by_0.1,V_by_0.1,S_by_0.1,fdr_bh_0.1,power_bh_0.1,fdr_by_0.1,power_by_0.1,t_lct_0.05,R_lct_0.05,V_lct_0.05,S_lct_0.05,fdr_lct_0.05,power_lct_0.05,t_lct_0.1,R_lct_0.1,V_lct_0.1,S_lct_0.1,fdr_lct_0.1,power_lct_0.1,t_lctb_0.05_B100,R_lctb_0.05_B100,V_lctb_0.05_B100,S_lctb_0.05_B100,fdr_lctb_0.05_B100,power_lctb_0.05_B100,t_lctb_0.1_B100,R_lctb_0.1_B100,V_lctb_0.1_B100,S_lctb_0.1_B100,fdr_lctb_0.1_B100,power_lctb_0.1_B100,wall_time_s
t,t,250,80,80,0.7,20,0,6,626,477,149,179,70,109,0.7619808306709265,0.7842105263157895,0.39106145251396646,0.5736842105263158,1137,975,162,254,138,116,0.8575197889182058,0.8526315789473684,0.5433070866141733,0.6105263157894737,3.66475538647835,171,33,138,0.19298245614035087,0.7263157894736842,3.419914468214445,195,53,142,0.2717948717948718,0.7473684210526316,4.670946519523584,115,8,107,0.06956521739130435,0.5631578947368421,3.900476734132701,150,20,130,0.13333333333333333,0.6842105263157895,1.616793
t,t,250,80,80,0.7,20,1,6,1035,851,184,313,156,157,0.8222222222222222,0.968421052631579,0.4984025559105431,0.8263157894736842,1780,1593,187,394,228,166,0.8949438202247191,0.9842105263157894,0.5786802030456852,0.8736842105263158,3.585848097110523,211,33,178,0.15639810426540285,0.9368421052631579,3.3551959426013456,247,64,183,0.2591093117408907,0.9631578947368421,5.005026057058995,150,8,142,0.05333333333333334,0.7473684210526316,4.132517535787116,180,17,163,0.09444444444444444,0.8578947368421053,1.348499
t,t,250,80,80,0.7,20,2,6,279,101,178,160,12,148,0.36200716845878134,0.9368421052631579,0.075,0.7789473684210526,374,192,182,177,25,152,0.5133689839572193,0.9578947368421052,0.14124293785310735,0.8,3.6082746730026836,200,16,184,0.08,0.968421052631579,3.404403354316139,217,32,185,0.14746543778801843,0.9736842105263158,3.955171408641543,187,7,180,0.0374331550802139,0.9473684210526315,3.637240760311986,198,14,184,0.0707070707070707,0.968421052631579,1.318245
t,t,250,80,80,0.7,20,3,6,369,183,186,195,23,172,0.4959349593495935,0.9789473684210527,0.11794871794871795,0.9052631578947369,512,325,187,215,38,177,0.634765625,0.9842105263157894,0.17674418604651163,0.9315789473684211,3.5976489411824257,215,27,188,0.12558139534883722,0.9894736842105263,3.3800403085321946,231,43,188,0.18614718614718614,0.9894736842105263,4.041946385917923,197,11,186,0.05583756345177665,0.9789473684210527,3.6513165379843273,212,24,188,0.11320754716981132,0.9894736842105263,1.289424
t,t,250,80,80,0.7,20,4,6,222,56,166,130,4,126,0.25225225225225223,0.8736842105263158,0.03076923076923077,0.6631578947368421,284,111,173,142,11,131,0.3908450704225352,0.9105263157894737,0.07746478873239436,0.6894736842105263,3.6345296338959754,191,13,178,0.06806282722513089,0.9368421052631579,3.4010714734922014,213,32,181,0.15023474178403756,0.9526315789473684,3.9389726287314915,180,6,174,0.03333333333333333,0.9157894736842105,3.598623697892404,195,17,178,0.08717948717948718,0.9368421052631579,1.181502
t,t,250,80,80,0.7,20,5,6,556,375,181,224,56,168,0.6744604316546763,0.9526315789473684,0.25,0.8842105263157894,1033,847,186,257,83,174,0.8199419167473379,0.9789473684210527,0.3229571984435798,0.9157894736842105,3.5934117896261095,210,28,182,0.13333333333333333,0.9578947368421052,3.4028103773112215,227,42,185,0.18502202643171806,0.9736842105263158,4.400975075695699,182,6,176,0.03296703296703297,0.9263157894736842,3.937506696507208,195,15,180,0.07692307692307693,0.9473684210526315,1.238676
t,t,250,80,80,0.7,20,6,6,420,235,185,203,30,173,0.5595238095238095,0.9736842105263158,0.1477832512315271,0.9105263157894737,690,501,189,233,52,181,0.7260869565217392,0.9947368421052631,0.22317596566523606,0.9526315789473684,3.592955654108511,207,20,187,0.0966183574879227,0.9842105263157894,3.3842873179031847,223,35,188,0.15695067264573992,0.9894736842105263,4.215719424470258,189,4,185,0.021164021164021163,0.9736842105263158,3.787375623333533,198,12,186,0.06060606060606061,0.9789473684210527,1.216863
t,t,250,80,80,0.7,20,7,6,349,159,190,206,26,180,0.45558739255014324,1.0,0.1262135922330097,0.9473684210526315,533,343,190,226,42,184,0.6435272045028143,1.0,0.18584070796460178,0.968421052631579,3.605170777654974,207,17,190,0.0821256038647343,1.0,3.3893336206279656,223,33,190,0.14798206278026907,1.0,4.064811224626974,194,5,189,0.02577319587628866,0.9947368421052631,3.741695617800144,197,7,190,0.03553299492385787,1.0,1.195289
t,t,250,80,80,0.7,20,8,6,465,299,166,168,43,125,0.6430107526881721,0.8736842105263158,0.25595238095238093,0.6578947368421053,864,686,178,204,69,135,0.7939814814814815,0.9368421052631579,0.3382352941176471,0.7105263157894737,3.6305407764637883,181,15,166,0.08287292817679558,0.8736842105263158,3.4143744638865465,204,33,171,0.16176470588235295,0.9,4.238854845485437,153,7,146,0.0457516339869281,0.7684210526315789,3.7787746020594555,172,14,158,0.08139534883720931,0.8315789473684211,1.284199
t,t,250,80,80,0.7,20,9,6,1420,1236,184,422,265,157,0.8704225352112676,0.968421052631579,0.6279620853080569,0.8263157894736842,2427,2240,187,559,394,165,0.92295014421096,0.9842105263157894,0.7048300536672629,0.868421052631579,3.532161367633882,262,88,174,0.33587786259541985,0.9157894736842105,3.286920417933813,318,139,179,0.4371069182389937,0.9421052631578948,5.122645696665837,153,24,129,0.1568627450980392,0.6789473684210526,4.267607110830947,201,45,156,0.22388059701492538,0.8210526315789474,1.333252
t,t,250,80,80,0.7,20,10,6,1303,1124,179,406,245,161,0.8626247122026094,0.9421052631578948,0.603448275862069,0.8473684210526315,2163,1978,185,540,369,171,0.9144706426259824,0.9736842105263158,0.6833333333333333,0.9,3.511349552327988,292,116,176,0.3972602739726027,0.9263157894736842,3.2879723975438107,327,150,177,0.45871559633027525,0.9315789473684211,4.933302671277703,185,41,144,0.22162162162162163,0.7578947368421053,4.124664069434393,240,73,167,0.30416666666666664,0.8789473684210526,1.319078
t,t,250,80,80,0.7,20,11,6,398,211,187,211,32,179,0.5301507537688442,0.9842105263157894,0.15165876777251186,0.9421052631578948,702,513,189,233,52,181,0.7307692307692307,0.9947368421052631,0.22317596566523606,0.9526315789473684,3.6241883178033993,207,19,188,0.09178743961352658,0.9894736842105263,3.3945156548704136,224,35,189,0.15625,0.9947368421052631,4.003659616413506,195,8,187,0.041025641025641026,0.9842105263157894,3.718072540267465,205,17,188,0.08292682926829269,0.9894736842105263,1.20619
t,t,250,80,80,0.7,20,12,6,1020,850,170,265,133,132,0.8333333333333334,0.8947368421052632,0.5018867924528302,0.6947368421052632,1790,1612,178,361,220,141,0.9005586592178771,0.9368421052631579,0.6094182825484764,0.7421052631578947,3.584733154796703,217,67,150,0.3087557603686636,0.7894736842105263,3.3437807163195794,258,102,156,0.3953488372093023,0.8210526315789474,4.854408059848188,134,15,119,0.11194029850746269,0.6263157894736842,4.098982803203222,174,32,142,0.1839080459770115,0.7473684210526316,1.260722
t,t,250,80,80,0.7,20,13,6,1017,833,184,321,156,165,0.8190757128810227,0.968421052631579,0.48598130841121495,0.868421052631579,1680,1492,188,404,235,169,0.888095238095238,0.9894736842105263,0.5816831683168316,0.8894736842105263,3.5531709534083116,242,63,179,0.2603305785123967,0.9421052631578948,3.3362041511408274,266,86,180,0.3233082706766917,0.9473684210526315,4.911071501055368,172,18,154,0.10465116279069768,0.8105263157894737,4.198779181511199,197,28,169,0.14213197969543148,0.8894736842105263,1.277279
t,t,250,80,80,0.7,20,14,6,365,188,177,175,27,148,0.5150684931506849,0.9315789473684211,0.15428571428571428,0.7789473684210526,630,447,183,205,47,158,0.7095238095238096,0.9631578947368421,0.22926829268292684,0.8315789473684211,3.599917077072842,206,25,181,0.12135922330097088,0.9526315789473684,3.3871917794201574,222,40,182,0.18018018018018017,0.9578947368421052,4.066064328980475,182,10,172,0.054945054945054944,0.9052631578947369,3.6827178451049716,199,21,178,0.10552763819095477,0.9368421052631579,1.172226
t,t,250,80,80,0.7,20,15,6,321,140,181,185,21,164,0.43613707165109034,0.9526315789473684,0.11351351351351352,0.8631578947368421,481,298,183,211,38,173,0.6195426195426196,0.9631578947368421,0.18009478672985782,0.9105263157894737,3.59837635790959,208,24,184,0.11538461538461539,0.968421052631579,3.3841987903348736,223,38,185,0.17040358744394618,0.9736842105263158,4.037939640763557,189,8,181,0.042328042328042326,0.9526315789473684,3.6629969987612516,200,17,183,0.085,0.9631578947368421,1.230219
t,t,250,80,80,0.7,20,16,6,1015,827,188,300,121,179,0.8147783251231527,0.9894736842105263,0.4033333333333333,0.9421052631578948,1823,1634,189,371,189,182,0.8963247394404827,0.9947368421052631,0.5094339622641509,0.9578947368421052,3.5970641553793676,216,30,186,0.1388888888888889,0.9789473684210527,3.3667675590695354,238,52,186,0.2184873949579832,0.9789473684210527,4.556557154972994,186,8,178,0.043010752688172046,0.9368421052631579,4.099573526208294,194,11,183,0.05670103092783505,0.9631578947368421,1.187605
t,t,250,80,80,0.7,20,17,6,324,145,179,191,26,165,0.44753086419753085,0.9421052631578948,0.13612565445026178,0.868421052631579,498,317,181,212,44,168,0.6365461847389559,0.9526315789473684,0.20754716981132076,0.8842105263157894,3.602098257720067,201,19,182,0.0945273631840796,0.9578947368421052,3.4170121172246795,220,37,183,0.16818181818181818,0.9631578947368421,3.9940369672503597,189,9,180,0.047619047619047616,0.9473684210526315,3.6436337177872584,200,19,181,0.095,0.9526315789473684,1.350121
t,t,250,80,80,0.7,20,18,6,490,302,188,205,37,168,0.6163265306122448,0.9894736842105263,0.18048780487804877,0.8842105263157894,890,701,189,244,70,174,0.7876404494382022,0.9947368421052631,0.28688524590163933,0.9157894736842105,3.5945658918988386,206,18,188,0.08737864077669903,0.9894736842105263,3.4034020441814556,217,29,188,0.1336405529953917,0.9894736842105263,4.172058696410765,187,5,182,0.026737967914438502,0.9578947368421052,3.8059190882213096,196,8,188,0.04081632653061224,0.9894736842105263,1.291225
t,t,250,80,80,0.7,20,19,6,346,162,184,194,21,173,0.4682080924855491,0.968421052631579,0.10824742268041238,0.9105263157894737,520,333,187,208,33,175,0.6403846153846153,0.9842105263157894,0.15865384615384615,0.9210526315789473,3.6049955542439007,199,12,187,0.06030150753768844,0.9842105263157894,3.4019357638869576,214,26,188,0.12149532710280374,0.9894736842105263,4.305878746528081,186,2,184,0.010752688172043012,0.968421052631579,3.7536466024547197,193,7,186,0.03626943005181347,0.9789473684210527,1.19958
t,t,250,80,80,0.7,20,20,6,367,179,188,211,30,181,0.4877384196185286,0.9894736842105263,0.14218009478672985,0.9526315789473684,565,376,189,232,50,182,0.6654867256637168,0.9947368421052631,0.21551724137931033,0.9578947368421052,3.593395505981539,204,15,189,0.07352941176470588,0.9947368421052631,3.4235864601391337,218,29,189,0.13302752293577982,0.9947368421052631,4.149536425882084,189,2,187,0.010582010582010581,0.9842105263157894,3.687488222892032,202,13,189,0.06435643564356436,0.9947368421052631,1.157671
t,t,250,80,80,0.7,20,21,6,231,46,185,174,9,165,0.19913419913419914,0.9736842105263158,0.05172413793103448,0.868421052631579,295,107,188,190,16,174,0.36271186440677966,0.9894736842105263,0.08421052631578947,0.9157894736842105,3.640417342248147,205,16,189,0.07804878048780488,0.9947368421052631,3.3999978608784334,212,23,189,0.10849056603773585,0.9947368421052631,3.8346175452069438,198,9,189,0.045454545454545456,0.9947368421052631,3.5619967194152076,206,17,189,0.0825242718446602,0.9947368421052631,1.352048
t,t,250,80,80,0.7,20,22,6,390,201,189,209,29,180,0.5153846153846153,0.9947368421052631,0.13875598086124402,0.9473684210526315,607,417,190,235,52,183,0.6869851729818781,1.0,0.22127659574468084,0.9631578947368421,3.6315586980177588,204,14,190,0.06862745098039216,1.0,3.3786948878398233,227,37,190,0.16299559471365638,1.0,4.290950199505094,193,5,188,0.025906735751295335,0.9894736842105263,3.7858354028280967,199,9,190,0.04522613065326633,1.0,1.192573
t,t,250,80,80,0.7,20,23,6,311,131,180,170,16,154,0.4212218649517685,0.9473684210526315,0.09411764705882353,0.8105263157894737,461,274,187,190,26,164,0.5943600867678959,0.9842105263157894,0.1368421052631579,0.8631578947368421,3.619261686771068,203,16,187,0.07881773399014778,0.9842105263157894,3.388742379704421,221,33,188,0.1493212669683258,0.9894736842105263,3.9947621884146782,187,5,182,0.026737967914438502,0.9578947368421052,3.619261686771068,203,16,187,0.07881773399014778,0.9842105263157894,1.183842
t,t,250,80,80,0.7,20,24,6,398,250,148,135,34,101,0.628140703517588,0.7789473684210526,0.2518518518518518,0.531578947368421,744,576,168,169,58,111,0.7741935483870968,0.8842105263157894,0.3431952662721893,0.5842105263157895,3.640130287368151,177,36,141,0.2033898305084746,0.7421052631578947,3.4256077675363983,205,56,149,0.2731707317073171,0.7842105263157895,4.589058217524765,120,10,110,0.08333333333333333,0.5789473684210527,3.989748149727096,148,19,129,0.12837837837837837,0.6789473684210526,1.223999
t,t,250,80,80,0.7,20,25,6,329,140,189,209,20,189,0.425531914893617,0.9947368421052631,0.09569377990430622,0.9947368421052631,438,249,189,223,34,189,0.5684931506849316,0.9947368421052631,0.15246636771300448,0.9947368421052631,3.602687085084601,207,18,189,0.08695652173913043,0.9947368421052631,3.3923260263437487,220,30,190,0.13636363636363635,1.0,4.248018266768672,196,7,189,0.03571428571428571,0.9947368421052631,3.8146486218286566,204,15,189,0.07352941176470588,0.9947368421052631,1.202016
t,t,250,80,80,0.7,20,26,6,388,222,166,144,21,123,0.5721649484536082,0.8736842105263158,0.14583333333333334,0.6473684210526316,629,459,170,177,37,140,0.7297297297297297,0.8947368421052632,0.20903954802259886,0.7368421052631579,3.648898461315804,187,21,166,0.11229946524064172,0.8736842105263158,3.416871293505952,204,35,169,0.1715686274509804,0.8894736842105263,4.118244593591312,164,6,158,0.036585365853658534,0.8315789473684211,3.717509149757042,182,18,164,0.0989010989010989,0.8631578947368421,1.41469
t,t,250,80,80,0.7,20,27,6,365,181,184,193,19,174,0.4958904109589041,0.968421052631579,0.09844559585492228,0.9157894736842105,571,382,189,203,28,175,0.6690017513134852,0.9947368421052631,0.13793103448275862,0.9210526315789473,3.6298664812241648,199,12,187,0.06030150753768844,0.9842105263157894,3.4038758716922657,214,25,189,0.11682242990654206,0.9947368421052631,4.10191536165345,189,7,182,0.037037037037037035,0.9578947368421052,3.667113846492366,198,12,186,0.06060606060606061,0.9789473684210527,1.197014
t,t,250,80,80,0.7,20,28,6,457,286,171,183,38,145,0.6258205689277899,0.9,0.20765027322404372,0.7631578947368421,827,648,179,222,69,153,0.7835550181378477,0.9421052631578948,0.3108108108108108,0.8052631578947368,3.614884990871006,198,30,168,0.15151515151515152,0.8842105263157894,3.40690249471709,216,46,170,0.21296296296296297,0.8947368421052632,4.402311922715033,158,3,155,0.0189873417721519,0.8157894736842105,3.85714155104871,185,21,164,0.11351351351351352,0.8631578947368421,1.225274
t,t,250,80,80,0.7,20,29,6,452,271,181,196,34,162,0.5995575221238938,0.9526315789473684,0.17346938775510204,0.8526315789473684,711,526,185,217,51,166,0.739803094233474,0.9736842105263158,0.2350230414746544,0.8736842105263158,3.6163547263120366,201,18,183,0.08955223880597014,0.9631578947368421,3.401529739275391,218,34,184,0.1559633027522936,0.968421052631579,4.289166518546698,184,8,176,0.043478260869565216,0.9263157894736842,3.7667461159692683,198,15,183,0.07575757575757576,0.9631578947368421,1.191778
t,t,250,80,80,0.7,20,30,6,397,210,187,191,19,172,0.5289672544080605,0.9842105263157894,0.09947643979057591,0.9052631578947369,598,411,187,219,41,178,0.6872909698996655,0.9842105263157894,0.1872146118721461,0.9368421052631579,3.592193109315186,206,19,187,0.09223300970873786,0.9842105263157894,3.3855799917060554,223,34,189,0.15246636771300448,0.9947368421052631,4.054871340382139,193,6,187,0.031088082901554404,0.9842105263157894,3.7056278633001587,199,12,187,0.06030150753768844,0.9842105263157894,1.274341
t,t,250,80,80,0.7,20,31,6,716,546,170,219,80,139,0.7625698324022346,0.8947368421052632,0.365296803652968,0.7315789473684211,1454,1274,180,267,120,147,0.8762035763411279,0.9473684210526315,0.449438202247191,0.7736842105263158,3.5976808365574064,205,45,160,0.21951219512195122,0.8421052631578947,3.377508623070606,232,68,164,0.29310344827586204,0.8631578947368421,4.509967209636397,153,15,138,0.09803921568627451,0.7263157894736842,3.8870702842310854,185,32,153,0.17297297297297298,0.8052631578947368,1.242445
t,t,250,80,80,0.7,20,32,6,606,420,186,226,53,173,0.693069306930693,0.9789473684210527,0.2345132743362832,0.9105263157894737,1105,915,190,266,88,178,0.8280542986425339,1.0,0.3308270676691729,0.9368421052631579,3.5795799915015674,218,32,186,0.14678899082568808,0.9789473684210527,3.3666385883874255,238,50,188,0.21008403361344538,0.9894736842105263,4.533445089296981,188,10,178,0.05319148936170213,0.9368421052631579,3.927789796232018,208,23,185,0.11057692307692307,0.9736842105263158,1.204642
t,t,250,80,80,0.7,20,33,6,321,131,190,202,17,185,0.40809968847352024,1.0,0.08415841584158416,0.9736842105263158,424,234,190,216,28,188,0.5518867924528302,1.0,0.12962962962962962,0.9894736842105263,3.7257021216764135,210,20,190,0.09523809523809523,1.0,3.3887921545448467,228,38,190,0.16666666666666666,1.0,4.018964709635726,201,11,190,0.05472636815920398,1.0,3.7257021216764135,210,20,190,0.09523809523809523,1.0,1.188536
t,t,250,80,80,0.7,20,34,6,304,116,188,199,13,186,0.3815789473684211,0.9894736842105263,0.06532663316582915,0.9789473684210527,380,191,189,212,26,186,0.5026315789473684,0.9947368421052631,0.12264150943396226,0.9789473684210527,3.589932955696971,213,23,190,0.107981220657277,1.0,3.3819099239266404,229,39,190,0.1703056768558952,1.0,3.9248330634705146,202,12,190,0.0594059405940594,1.0,3.6550098990247037,210,20,190,0.09523809523809523,1.0,1.256451
t,t,250,80,80,0.7,20,35,6,674,496,178,241,87,154,0.7359050445103857,0.9368421052631579,0.36099585062240663,0.8105263157894737,1126,944,182,313,148,165,0.8383658969804618,0.9578947368421052,0.4728434504792332,0.868421052631579,3.5869642771897388,222,47,175,0.21171171171171171,0.9210526315789473,3.3592838591146155,247,68,179,0.27530364372469635,0.9421052631578948,4.796296243759412,165,9,156,0.05454545454545454,0.8210526315789474,4.050834022393821,195,24,171,0.12307692307692308,0.9,1.38101
t,t,250,80,80,0.7,20,36,6,781,600,181,278,127,151,0.7682458386683739,0.9526315789473684,0.4568345323741007,0.7947368421052632,1285,1100,185,347,189,158,0.8560311284046692,0.9736842105263158,0.5446685878962536,0.8315789473684211,3.562931598820346,231,56,175,0.24242424242424243,0.9210526315789473,3.323922953423888,277,96,181,0.34657039711191334,0.9526315789473684,4.82587310792886,158,13,145,0.08227848101265822,0.7631578947368421,4.031646460995715,198,33,165,0.16666666666666666,0.868421052631579,1.235165
t,t,250,80,80,0.7,20,37,6,739,554,185,241,68,173,0.7496617050067659,0.9736842105263158,0.2821576763485477,0.9105263157894737,1257,1069,188,310,133,177,0.8504375497215593,0.9894736842105263,0.4290322580645161,0.9315789473684211,3.5870138381396948,215,31,184,0.14418604651162792,0.968421052631579,3.3699698044883966,242,58,184,0.2396694214876033,0.968421052631579,4.409826907113282,187,10,177,0.053475935828877004,0.9315789473684211,3.902286974361213,200,20,180,0.1,0.9473684210526315,1.135356
t,t,250,80,80,0.7,20,38,6,505,319,186,225,42,183,0.6316831683168317,0.9789473684210527,0.18666666666666668,0.9631578947368421,927,739,188,259,76,183,0.7971952535059331,0.9894736842105263,0.29343629343629346,0.9631578947368421,3.7111504722004924,203,15,188,0.07389162561576355,0.9894736842105263,3.3997057298693005,217,29,188,0.1336405529953917,0.9894736842105263,4.375945503582176,188,2,186,0.010638297872340425,0.9789473684210527,3.846869114373204,201,13,188,0.06467661691542288,0.9894736842105263,1.26763
t,t,250,80,80,0.7,20,39,6,625,443,182,235,81,154,0.7088,0.9578947368421052,0.3446808510638298,0.8105263157894737,1111,927,184,299,132,167,0.8343834383438344,0.968421052631579,0.4414715719063545,0.8789473684210526,3.59668685723957,201,25,176,0.12437810945273632,0.9263157894736842,3.3890322670888477,224,47,177,0.20982142857142858,0.9315789473684211,4.435917456909324,170,7,163,0.041176470588235294,0.8578947368421053,3.8737072381074618,188,16,172,0.0851063829787234,0.9052631578947369,1.247797
t,t,250,80,80,0.7,20,40,6,318,134,184,180,17,163,0.42138364779874216,0.968421052631579,0.09444444444444444,0.8578947368421053,476,288,188,198,31,167,0.6050420168067226,0.9894736842105263,0.15656565656565657,0.8789473684210526,3.604531604408279,204,16,188,0.0784313725490196,0.9894736842105263,3.393686934138832,217,29,188,0.1336405529953917,0.9894736842105263,3.9949398402785485,190,5,185,0.02631578947368421,0.9736842105263158,3.6489554586151267,201,13,188,0.06467661691542288,0.9894736842105263,1.248107
t,t,250,80,80,0.7,20,41,6,299,133,166,144,12,132,0.44481605351170567,0.8736842105263158,0.08333333333333333,0.6947368421052632,461,288,173,165,25,140,0.6247288503253796,0.9105263157894737,0.15151515151515152,0.7368421052631579,3.622095901369655,184,12,172,0.06521739130434782,0.9052631578947369,3.436162553621682,200,26,174,0.13,0.9157894736842105,4.0012866594430605,170,6,164,0.03529411764705882,0.8631578947368421,3.6969130139078343,180,10,170,0.05555555555555555,0.8947368421052632,1.722177
t,t,250,80,80,0.7,20,42,6,586,413,173,211,58,153,0.7047781569965871,0.9105263157894737,0.27488151658767773,0.8052631578947368,1031,853,178,259,98,161,0.8273520853540253,0.9368421052631579,0.3783783783783784,0.8473684210526315,3.6051012359588146,201,33,168,0.16417910447761194,0.8842105263157894,3.3859636020242148,226,56,170,0.24778761061946902,0.8947368421052632,4.377221202428679,168,9,159,0.05357142857142857,0.8368421052631579,3.84996429254769,187,22,165,0.11764705882352941,0.868421052631579,1.690261
t,t,250,80,80,0.7,20,43,6,304,116,188,196,16,180,0.3815789473684211,0.9894736842105263,0.08163265306122448,0.9473684210526315,447,257,190,209,27,182,0.5749440715883669,1.0,0.1291866028708134,0.9578947368421052,3.6013172685611803,203,13,190,0.06403940886699508,1.0,3.3918409217678063,221,31,190,0.14027149321266968,1.0,3.985499281547646,198,9,189,0.045454545454545456,0.9947368421052631,3.66372234079367,202,12,190,0.0594059405940594,1.0,1.366658
t,t,250,80,80,0.7,20,44,6,326,145,181,166,16,150,0.4447852760736196,0.9526315789473684,0.0963855421686747,0.7894736842105263,506,321,185,187,27,160,0.6343873517786561,0.9736842105263158,0.1443850267379679,0.8421052631578947,3.5955981821840712,210,25,185,0.11904761904761904,0.9736842105263158,3.391774566409987,225,36,189,0.16,0.9947368421052631,3.9518638092371705,193,9,184,0.046632124352331605,0.968421052631579,3.635731365618795,205,21,184,0.1024390243902439,0.968421052631579,1.139679
t,t,250,80,80,0.7,20,45,6,445,257,188,210,35,175,0.5775280898876405,0.9894736842105263,0.16666666666666666,0.9210526315789473,690,501,189,244,61,183,0.7260869565217392,0.9947368421052631,0.25,0.9631578947368421,3.5953579902734987,205,18,187,0.08780487804878048,0.9842105263157894,3.3871608858834668,224,36,188,0.16071428571428573,0.9894736842105263,4.331764034908391,191,5,186,0.02617801047120419,0.9789473684210527,3.8643882188575707,198,11,187,0.05555555555555555,0.9842105263157894,1.28009
t,t,250,80,80,0.7,20,46,6,1322,1144,178,338,195,143,0.8653555219364599,0.9368421052631579,0.5769230769230769,0.7526315789473684,2255,2072,183,485,329,156,0.9188470066518847,0.9631578947368421,0.6783505154639176,0.8210526315789474,3.6054446381906566,215,52,163,0.24186046511627907,0.8578947368421053,3.361372770624412,247,82,165,0.3319838056680162,0.868421052631579,5.165060082474664,104,6,98,0.057692307692307696,0.5157894736842106,4.230584909544169,164,20,144,0.12195121951219512,0.7578947368421053,1.155872
t,t,250,80,80,0.7,20,47,6,305,131,174,165,19,146,0.42950819672131146,0.9157894736842105,0.11515151515151516,0.7684210526315789,436,256,180,188,32,156,0.5871559633027523,0.9473684210526315,0.1702127659574468,0.8210526315789474,3.6064383365865225,204,24,180,0.11764705882352941,0.9473684210526315,3.3811378805326444,228,46,182,0.20175438596491227,0.9578947368421052,3.9956911834227005,188,14,174,0.07446808510638298,0.9157894736842105,3.6961251149421455,200,22,178,0.11,0.9368421052631579,1.293393
t,t,250,80,80,0.7,20,48,6,699,539,160,198,89,109,0.771101573676681,0.8421052631578947,0.4494949494949495,0.5736842105263158,1232,1061,171,256,137,119,0.8612012987012987,0.9,0.53515625,0.6263157894736842,3.59948884236212,199,46,153,0.23115577889447236,0.8052631578947368,3.3798360709537167,228,68,160,0.2982456140350877,0.8421052631578947,5.2854950472594515,97,8,89,0.08247422680412371,0.46842105263157896,4.327730521370634,149,23,126,0.15436241610738255,0.6631578947368421,1.178655
t,t,250,80,80,0.7,20,49,6,2552,2373,179,798,634,164,0.929858934169279,0.9421052631578948,0.7944862155388471,0.8631578947368421,3911,3728,183,1037,868,169,0.9532088979800563,0.9631578947368421,0.837029893924783,0.8894736842105263,3.5064901490374045,283,124,159,0.4381625441696113,0.8368421052631579,3.2671953805580483,340,178,162,0.5235294117647059,0.8526315789473684,5.730067306587794,132,21,111,0.1590909090909091,0.5842105263157895,4.995271539117857,171,40,131,0.23391812865497075,0.6894736842105263,1.253253
t,t,250,80,80,0.7,20,50,6,293,110,183,171,13,158,0.37542662116040953,0.9631578947368421,0.07602339181286549,0.8315789473684211,455,268,187,192,24,168,0.589010989010989,0.9842105263157894,0.125,0.8842105263157894,3.660173075096685,197,11,186,0.05583756345177665,0.9789473684210527,3.415526835871904,211,23,188,0.10900473933649289,0.9894736842105263,4.094460690879515,186,5,181,0.026881720430107527,0.9526315789473684,3.7224598103356645,194,8,186,0.041237113402061855,0.9789473684210527,1.13002
t,t,250,80,80,0.7,20,51,6,1033,849,184,297,144,153,0.8218780251694094,0.968421052631579,0.48484848484848486,0.8052631578947368,1862,1674,188,403,236,167,0.8990332975295381,0.9894736842105263,0.5856079404466501,0.8789473684210526,3.6505474553780175,204,28,176,0.13725490196078433,0.9263157894736842,3.3727604497063863,232,54,178,0.23275862068965517,0.9368421052631579,4.838200450804102,138,5,133,0.036231884057971016,0.7,4.033959607312371,185,19,166,0.10270270270270271,0.8736842105263158,1.402329
t,t,250,80,80,0.7,20,52,6,524,336,188,229,50,179,0.6412213740458015,0.9894736842105263,0.2183406113537118,0.9421052631578948,907,718,189,269,85,184,0.7916207276736494,0.9947368421052631,0.3159851301115242,0.968421052631579,3.581299028711408,215,27,188,0.12558139534883722,0.9894736842105263,3.363002180551684,245,56,189,0.22857142857142856,0.9947368421052631,4.265890375196096,196,9,187,0.04591836734693878,0.9842105263157894,3.865480115051884,202,14,188,0.06930693069306931,0.9894736842105263,1.217443
t,t,250,80,80,0.7,20,53,6,1047,861,186,306,134,172,0.8223495702005731,0.9789473684210527,0.43790849673202614,0.9052631578947369,1842,1653,189,389,212,177,0.8973941368078175,0.9947368421052631,0.5449871465295629,0.9315789473684211,3.5708901826848813,224,40,184,0.17857142857142858,0.968421052631579,3.351178107452494,253,68,185,0.26877470355731226,0.9736842105263158,4.667850642304049,177,8,169,0.04519774011299435,0.8894736842105263,4.012180932064919,197,17,180,0.08629441624365482,0.9473684210526315,1.25257
t,t,250,80,80,0.7,20,54,6,383,196,187,215,31,184,0.5117493472584856,0.9842105263157894,0.14418604651162792,0.968421052631579,598,409,189,227,42,185,0.6839464882943144,0.9947368421052631,0.18502202643171806,0.9736842105263158,3.5939018666918807,209,20,189,0.09569377990430622,0.9947368421052631,3.3822607307539636,226,37,189,0.16371681415929204,0.9947368421052631,4.125721330118304,192,5,187,0.026041666666666668,0.9842105263157894,3.773906800426375,198,10,188,0.050505050505050504,0.9894736842105263,1.144988
t,t,250,80,80,0.7,20,55,6,241,75,166,143,9,134,0.3112033195020747,0.8736842105263158,0.06293706293706294,0.7052631578947368,322,148,174,153,14,139,0.45962732919254656,0.9157894736842105,0.0915032679738562,0.7315789473684211,3.6236739316769473,192,16,176,0.08333333333333333,0.9263157894736842,3.408772056444254,207,28,179,0.13526570048309178,0.9421052631578948,3.938424148355597,182,9,173,0.04945054945054945,0.9105263157894737,3.6588546204802914,191,15,176,0.07853403141361257,0.9263157894736842,1.219308
t,t,250,80,80,0.7,20,56,6,598,432,166,229,82,147,0.7224080267558528,0.8736842105263158,0.35807860262008734,0.7736842105263158,1119,946,173,305,149,156,0.8453976764968723,0.9105263157894737,0.4885245901639344,0.8210526315789474,3.6040525483839785,197,31,166,0.15736040609137056,0.8736842105263158,3.38381802066432,225,55,170,0.24444444444444444,0.8947368421052632,4.498714664980409,162,8,154,0.04938271604938271,0.8105263157894737,3.9009761472446094,183,22,161,0.12021857923497267,0.8473684210526315,1.246799
t,t,250,80,80,0.7,20,57,6,327,138,189,193,16,177,0.42201834862385323,0.9947368421052631,0.08290155440414508,0.9315789473684211,431,242,189,212,31,181,0.5614849187935035,0.9947368421052631,0.14622641509433962,0.9526315789473684,3.6039543892107124,206,17,189,0.0825242718446602,0.9947368421052631,3.383784818200413,227,38,189,0.16740088105726872,0.9947368421052631,4.126609167077969,195,6,189,0.03076923076923077,0.9947368421052631,3.7058357874459027,202,13,189,0.06435643564356436,0.9947368421052631,1.502486
t,t,250,80,80,0.7,20,58,6,579,405,174,195,53,142,0.6994818652849741,0.9157894736842105,0.2717948717948718,0.7473684210526316,1018,836,182,240,90,150,0.8212180746561886,0.9578947368421052,0.375,0.7894736842105263,3.6145575188730654,203,31,172,0.15270935960591134,0.9052631578947369,3.390533091011852,224,45,179,0.20089285714285715,0.9421052631578948,4.3367015550501,158,7,151,0.04430379746835443,0.7947368421052632,3.794645162033415,186,23,163,0.12365591397849462,0.8578947368421053,1.339217
t,t,250,80,80,0.7,20,59,6,286,113,173,147,12,135,0.3951048951048951,0.9105263157894737,0.08163265306122448,0.7105263157894737,414,233,181,166,23,143,0.5628019323671497,0.9526315789473684,0.13855421686746988,0.7526315789473684,3.637619647887815,195,16,179,0.08205128205128205,0.9421052631578948,3.403215038188382,215,34,181,0.15813953488372093,0.9526315789473684,3.938699797340478,184,10,174,0.05434782608695652,0.9157894736842105,3.637619647887815,195,16,179,0.08205128205128205,0.9421052631578948,1.404165
t,t,250,80,80,0.7,20,60,6,451,269,182,188,38,150,0.5964523281596452,0.9578947368421052,0.20212765957446807,0.7894736842105263,787,600,187,229,67,162,0.7623888182973316,0.9842105263157894,0.2925764192139738,0.8526315789473684,3.576624128735809,217,34,183,0.15668202764976957,0.9631578947368421,3.354581914760997,248,61,187,0.24596774193548387,0.9842105263157894,4.182620936279075,189,13,176,0.06878306878306878,0.9263157894736842,3.7859978118792847,204,22,182,0.10784313725490197,0.9578947368421052,1.263396
t,t,250,80,80,0.7,20,61,6,1547,1360,187,432,255,177,0.8791208791208791,0.9842105263157894,0.5902777777777778,0.9315789473684211,2642,2455,187,567,387,180,0.929220287660863,0.9842105263157894,0.6825396825396826,0.9473684210526315,3.5381103988057587,251,69,182,0.2749003984063745,0.9578947368421052,3.301681735956532,303,118,185,0.38943894389438943,0.9736842105263158,5.169101334508135,172,12,160,0.06976744186046512,0.8421052631578947,4.405162501056776,203,25,178,0.12315270935960591,0.9368421052631579,1.223871
t,t,250,80,80,0.7,20,62,6,348,173,175,174,28,146,0.49712643678160917,0.9210526315789473,0.16091954022988506,0.7684210526315789,617,431,186,188,40,148,0.6985413290113452,0.9789473684210527,0.2127659574468085,0.7789473684210526,3.590835020007128,208,25,183,0.1201923076923077,0.9631578947368421,3.384874912838284,223,37,186,0.16591928251121077,0.9789473684210527,4.13425861076748,174,5,169,0.028735632183908046,0.8894736842105263,3.7218052792762717,197,18,179,0.09137055837563451,0.9421052631578948,1.215989
t,t,250,80,80,0.7,20,63,6,2414,2228,186,701,525,176,0.9229494614747308,0.9789473684210527,0.7489300998573466,0.9263157894736842,3843,3656,187,953,773,180,0.9513400988810825,0.9842105263157894,0.8111227701993704,0.9473684210526315,3.5148160171068485,280,100,180,0.35714285714285715,0.9473684210526315,3.279609415397671,326,145,181,0.4447852760736196,0.9526315789473684,5.584068409258793,128,3,125,0.0234375,0.6578947368421053,4.824615492042723,170,19,151,0.11176470588235295,0.7947368421052632,1.178658
t,t,250,80,80,0.7,20,64,6,380,200,180,192,37,155,0.5263157894736842,0.9473684210526315,0.19270833333333334,0.8157894736842105,637,450,187,236,68,168,0.706436420722135,0.9842105263157894,0.288135593220339,0.8842105263157894,3.6422462567887885,201,19,182,0.0945273631840796,0.9578947368421052,3.3745276376685363,231,45,186,0.19480519480519481,0.9789473684210527,4.165548440170986,184,9,175,0.04891304347826087,0.9210526315789473,3.7773325448856414,193,12,181,0.06217616580310881,0.9526315789473684,1.197222
t,t,250,80,80,0.7,20,65,6,431,269,162,162,40,122,0.6241299303944315,0.8526315789473684,0.24691358024691357,0.6421052631578947,798,621,177,190,60,130,0.7781954887218046,0.9315789473684211,0.3157894736842105,0.6842105263157895,3.6000996577826063,204,38,166,0.18627450980392157,0.8736842105263158,3.3858311924740483,228,55,173,0.2412280701754386,0.9105263157894737,4.391854233508933,151,12,139,0.07947019867549669,0.7315789473684211,3.816918806116445,184,26,158,0.14130434782608695,0.8315789473684211,1.269654
t,t,250,80,80,0.7,20,66,6,292,136,156,149,22,127,0.4657534246575342,0.8210526315789474,0.1476510067114094,0.6684210526315789,428,260,168,171,38,133,0.6074766355140186,0.8842105263157894,0.2222222222222222,0.7,3.6122635454185996,190,25,165,0.13157894736842105,0.868421052631579,3.3896244559410773,221,46,175,0.2081447963800905,0.9210526315789473,4.135462190325561,162,8,154,0.04938271604938271,0.8105263157894737,3.702280642985433,185,22,163,0.11891891891891893,0.8578947368421053,1.203283
t,t,250,80,80,0.7,20,67,6,319,148,171,174,30,144,0.46394984326018807,0.9,0.1724137931034483,0.7578947368421053,529,352,177,197,45,152,0.665406427221172,0.9315789473684211,0.22842639593908629,0.8,3.6088866772290675,196,20,176,0.10204081632653061,0.9263157894736842,3.386066743025818,225,47,178,0.2088888888888889,0.9368421052631579,4.249269569604484,172,6,166,0.03488372093023256,0.8736842105263158,3.79481265547075,188,15,173,0.0797872340425532,0.9105263157894737,1.316198
t,t,250,80,80,0.7,20,68,6,432,247,185,194,32,162,0.5717592592592593,0.9736842105263158,0.16494845360824742,0.8526315789473684,698,510,188,227,56,171,0.7306590257879656,0.9894736842105263,0.24669603524229075,0.9,3.6014370029297798,204,19,185,0.09313725490196079,0.9736842105263158,3.390936507512003,221,34,187,0.15384615384615385,0.9842105263157894,4.200854806724413,183,5,178,0.0273224043715847,0.9368421052631579,3.7501349430653965,196,11,185,0.05612244897959184,0.9736842105263158,1.201202
t,t,250,80,80,0.7,20,69,6,342,152,190,213,26,187,0.4444444444444444,1.0,0.12206572769953052,0.9842105263157894,513,323,190,228,38,190,0.6296296296296297,1.0,0.16666666666666666,1.0,3.5708830987037508,222,32,190,0.14414414414414414,1.0,3.3745935915198384,235,45,190,0.19148936170212766,1.0,4.056762475720038,200,10,190,0.05,1.0,3.6883564226780328,212,22,190,0.10377358490566038,1.0,1.191171
t,t,250,80,80,0.7,20,70,6,290,110,180,176,11,165,0.3793103448275862,0.9473684210526315,0.0625,0.868421052631579,454,267,187,200,28,172,0.5881057268722467,0.9842105263157894,0.14,0.9052631578947369,3.614542205218428,198,10,188,0.050505050505050504,0.9894736842105263,3.3874869307438003,222,32,190,0.14414414414414414,1.0,3.9312564567961465,184,3,181,0.016304347826086956,0.9526315789473684,3.614542205218428,198,10,188,0.050505050505050504,0.9894736842105263,1.344431
t,t,250,80,80,0.7,20,71,6,454,266,188,230,46,184,0.5859030837004405,0.9894736842105263,0.2,0.968421052631579,740,550,190,263,77,186,0.7432432432432432,1.0,0.29277566539923955,0.9789473684210527,3.5889941687329987,229,39,190,0.1703056768558952,1.0,3.362839883637088,255,65,190,0.2549019607843137,1.0,4.236181861166125,198,10,188,0.050505050505050504,0.9894736842105263,3.7845383688628433,214,25,189,0.11682242990654206,0.9947368421052631,1.255981
t,t,250,80,80,0.7,20,72,6,329,164,165,157,20,137,0.49848024316109424,0.868421052631579,0.12738853503184713,0.7210526315789474,543,368,175,172,31,141,0.6777163904235728,0.9210526315789473,0.18023255813953487,0.7421052631578947,3.6520443736331796,178,11,167,0.06179775280898876,0.8789473684210526,3.4331274777306198,199,26,173,0.1306532663316583,0.9105263157894737,4.14587601794019,162,4,158,0.024691358024691357,0.8315789473684211,3.731929788043037,175,10,165,0.05714285714285714,0.868421052631579,1.215911
t,t,250,80,80,0.7,20,73,6,467,279,188,214,44,170,0.5974304068522484,0.9894736842105263,0.205607476635514,0.8947368421052632,824,635,189,257,78,179,0.7706310679611651,0.9947368421052631,0.3035019455252918,0.9421052631578948,3.6006939284082766,211,23,188,0.10900473933649289,0.9894736842105263,3.404783923432713,231,42,189,0.18181818181818182,0.9947368421052631,4.1697939047397865,194,11,183,0.05670103092783505,0.9631578947368421,3.7474689186807497,206,18,188,0.08737864077669903,0.9894736842105263,1.153527
t,t,250,80,80,0.7,20,74,6,2238,2065,173,591,449,142,0.9226988382484361,0.9105263157894737,0.7597292724196277,0.7473684210526316,3578,3397,181,829,674,155,0.9494130799329235,0.9526315789473684,0.8130277442702051,0.8157894736842105,3.471831658080877,322,176,146,0.546583850931677,0.7684210526315789,3.2506032206746363,361,212,149,0.5872576177285319,0.7842105263157895,5.861604247483373,92,32,60,0.34782608695652173,0.3157894736842105,5.0913431749832325,144,58,86,0.4027777777777778,0.45263157894736844,1.350063
t,t,250,80,80,0.7,20,75,6,345,161,184,195,25,170,0.4666666666666667,0.968421052631579,0.1282051282051282,0.8947368421052632,525,338,187,228,50,178,0.6438095238095238,0.9842105263157894,0.21929824561403508,0.9368421052631579,3.5888797581071707,207,22,185,0.10628019323671498,0.9736842105263158,3.3655969978238183,238,50,188,0.21008403361344538,0.9894736842105263,3.9983825233479044,194,9,185,0.04639175257731959,0.9736842105263158,3.656983707351096,205,20,185,0.0975609756097561,0.9736842105263158,1.326566
t,t,250,80,80,0.7,20,76,6,580,398,182,216,53,163,0.6862068965517242,0.9578947368421052,0.24537037037037038,0.8578947368421053,941,756,185,251,81,170,0.8034006376195537,0.9736842105263158,0.32270916334661354,0.8947368421052632,3.632469904299085,197,17,180,0.08629441624365482,0.9473684210526315,3.4008224063580768,219,37,182,0.1689497716894977,0.9578947368421052,4.359541825252118,178,8,170,0.0449438202247191,0.8947368421052632,3.873254118375348,188,12,176,0.06382978723404255,0.9263157894736842,1.237528
t,t,250,80,80,0.7,20,77,6,464,278,186,218,46,172,0.5991379310344828,0.9789473684210527,0.21100917431192662,0.9052631578947369,741,552,189,234,62,172,0.7449392712550608,0.9947368421052631,0.26495726495726496,0.9052631578947369,3.626871433629899,204,18,186,0.08823529411764706,0.9789473684210527,3.3905404391268363,227,38,189,0.16740088105726872,0.9947368421052631,4.120988810508515,192,7,185,0.036458333333333336,0.9736842105263158,3.693839658735964,200,14,186,0.07,0.9789473684210527,1.150704
t,t,250,80,80,0.7,20,78,6,232,59,173,145,10,135,0.2543103448275862,0.9105263157894737,0.06896551724137931,0.7105263157894737,308,122,186,157,10,147,0.3961038961038961,0.9789473684210527,0.06369426751592357,0.7736842105263158,3.70035185759107,199,13,186,0.06532663316582915,0.9789473684210527,3.4035648309449495,216,28,188,0.12962962962962962,0.9894736842105263,3.880176859065422,191,8,183,0.041884816753926704,0.9631578947368421,3.594483572633539,202,15,187,0.07425742574257425,0.9842105263157894,1.335369
t,t,250,80,80,0.7,20,79,6,477,288,189,217,38,179,0.6037735849056604,0.9947368421052631,0.17511520737327188,0.9421052631578948,775,586,189,256,75,181,0.7561290322580645,0.9947368421052631,0.29296875,0.9526315789473684,3.622865045321108,213,24,189,0.11267605633802817,0.9947368421052631,3.387211030811802,224,35,189,0.15625,0.9947368421052631,4.526681916302498,193,7,186,0.03626943005181347,0.9789473684210527,3.8707116208073122,206,17,189,0.0825242718446602,0.9947368421052631,1.413237
t,t,250,80,80,0.7,20,80,6,1400,1219,181,369,206,163,0.8707142857142857,0.9526315789473684,0.5582655826558266,0.8578947368421053,2379,2196,183,514,344,170,0.9230769230769231,0.9631578947368421,0.669260700389105,0.8947368421052632,3.5743967511151773,219,48,171,0.2191780821917808,0.9,3.3526532069503996,253,78,175,0.308300395256917,0.9210526315789473,5.022476796843803,145,11,134,0.07586206896551724,0.7052631578947368,4.210212209286181,186,25,161,0.13440860215053763,0.8473684210526315,1.149458
t,t,250,80,80,0.7,20,81,6,340,150,190,205,22,183,0.4411764705882353,1.0,0.1073170731707317,0.9631578947368421,450,260,190,222,35,187,0.5777777777777777,1.0,0.15765765765765766,0.9842105263157894,3.60392451598664,210,20,190,0.09523809523809523,1.0,3.378056068636289,228,38,190,0.16666666666666666,1.0,4.016783957174992,195,5,190,0.02564102564102564,1.0,3.6758739763444526,208,18,190,0.08653846153846154,1.0,1.219762
t,t,250,80,80,0.7,20,82,6,426,249,177,182,25,157,0.5845070422535211,0.9315789473684211,0.13736263736263737,0.8263157894736842,744,559,185,201,42,159,0.7513440860215054,0.9736842105263158,0.208955223880597,0.8368421052631579,3.6294747649556047,195,17,178,0.08717948717948718,0.9368421052631579,3.4049730952488817,207,27,180,0.13043478260869565,0.9473684210526315,4.07475240623295,177,7,170,0.03954802259887006,0.8947368421052632,3.7107993083299053,191,15,176,0.07853403141361257,0.9263157894736842,1.176643
t,t,250,80,80,0.7,20,83,6,2187,2035,152,597,487,110,0.9304983996342021,0.8,0.8157453936348409,0.5789473684210527,3515,3347,168,848,725,123,0.9522048364153627,0.8842105263157894,0.8549528301886793,0.6473684210526316,3.5171958429154593,272,147,125,0.5404411764705882,0.6578947368421053,3.2782942847505088,329,195,134,0.5927051671732523,0.7052631578947368,6.444708078653689,67,15,52,0.22388059701492538,0.2736842105263158,5.429901881723317,123,40,83,0.3252032520325203,0.4368421052631579,1.482694
t,t,250,80,80,0.7,20,84,6,560,380,180,214,53,161,0.6785714285714286,0.9473684210526315,0.24766355140186916,0.8473684210526315,1000,817,183,257,91,166,0.817,0.9631578947368421,0.3540856031128405,0.8736842105263158,3.6082592297220475,204,24,180,0.11764705882352941,0.9473684210526315,3.386625771830882,224,42,182,0.1875,0.9578947368421052,4.160240762383936,187,14,173,0.0748663101604278,0.9105263157894737,3.7611194047910357,202,22,180,0.10891089108910891,0.9473684210526315,1.14858
t,t,250,80,80,0.7,20,85,6,349,159,190,203,24,179,0.45558739255014324,1.0,0.11822660098522167,0.9421052631578948,486,296,190,232,49,183,0.6090534979423868,1.0,0.21120689655172414,0.9631578947368421,3.591303137672011,213,23,190,0.107981220657277,1.0,3.3846641590080586,229,39,190,0.1703056768558952,1.0,3.98267102008012,196,6,190,0.030612244897959183,1.0,3.642727225317525,210,20,190,0.09523809523809523,1.0,1.193754
t,t,250,80,80,0.7,20,86,6,256,110,146,98,10,88,0.4296875,0.7684210526315789,0.10204081632653061,0.4631578947368421,405,239,166,124,19,105,0.5901234567901235,0.8736842105263158,0.1532258064516129,0.5526315789473685,3.6260479369382934,180,14,166,0.07777777777777778,0.8736842105263158,3.422687164996212,199,30,169,0.1507537688442211,0.8894736842105263,4.004104448443177,151,5,146,0.033112582781456956,0.7684210526315789,3.656418240710915,174,11,163,0.06321839080459771,0.8578947368421053,1.172652
t,t,250,80,80,0.7,20,87,6,557,374,183,210,40,170,0.6714542190305206,0.9631578947368421,0.19047619047619047,0.8947368421052632,915,726,189,246,73,173,0.7934426229508197,0.9947368421052631,0.2967479674796748,0.9105263157894737,3.6908801862133203,206,23,183,0.11165048543689321,0.9631578947368421,3.380712425674008,227,43,184,0.1894273127753304,0.968421052631579,4.197352837453701,183,9,174,0.04918032786885246,0.9157894736842105,3.7718621446736385,204,22,182,0.10784313725490197,0.9578947368421052,1.314903
t,t,250,80,80,0.7,20,88,6,339,151,188,208,25,183,0.44542772861356933,0.9894736842105263,0.1201923076923077,0.9631578947368421,500,310,190,229,41,188,0.62,1.0,0.17903930131004367,0.9894736842105263,3.5846351957639615,216,26,190,0.12037037037037036,1.0,3.3917183483641593,233,43,190,0.18454935622317598,1.0,3.9787586543640927,197,9,188,0.04568527918781726,0.9894736842105263,3.6866972714253476,208,19,189,0.09134615384615384,0.9947368421052631,1.219978
t,t,250,80,80,0.7,20,89,6,325,136,189,205,17,188,0.41846153846153844,0.9947368421052631,0.08292682926829269,0.9894736842105263,513,323,190,223,35,188,0.6296296296296297,1.0,0.15695067264573992,0.9894736842105263,3.633072059152048,202,12,190,0.0594059405940594,1.0,3.3857249177131736,223,33,190,0.14798206278026907,1.0,4.248806589333304,196,7,189,0.03571428571428571,0.9947368421052631,3.746236768483594,201,12,189,0.05970149253731343,0.9947368421052631,1.226759
t,t,250,80,80,0.7,20,90,6,401,232,169,189,41,148,0.5785536159600998,0.8894736842105263,0.21693121693121692,0.7789473684210526,671,495,176,206,54,152,0.7377049180327869,0.9263157894736842,0.2621359223300971,0.8,3.6212374334632362,196,26,170,0.1326530612244898,0.8947368421052632,3.3985346466418505,214,40,174,0.18691588785046728,0.9157894736842105,4.278340252652377,166,8,158,0.04819277108433735,0.8315789473684211,3.7681525004388945,184,18,166,0.09782608695652174,0.8736842105263158,1.174067
t,t,250,80,80,0.7,20,91,6,621,434,187,224,56,168,0.6988727858293076,0.9842105263157894,0.25,0.8842105263157894,1090,901,189,264,90,174,0.826605504587156,0.9947368421052631,0.3409090909090909,0.9157894736842105,3.5852602240700846,225,40,185,0.17777777777777778,0.9736842105263158,3.3789537374928815,241,55,186,0.22821576763485477,0.9789473684210527,4.376139937295228,191,16,175,0.08376963350785341,0.9210526315789473,3.8969587355276976,204,23,181,0.11274509803921569,0.9526315789473684,1.244971
t,t,250,80,80,0.7,20,92,6,376,206,170,153,25,128,0.5478723404255319,0.8947368421052632,0.16339869281045752,0.6736842105263158,555,375,180,172,37,135,0.6756756756756757,0.9473684210526315,0.21511627906976744,0.7105263157894737,3.6269351927538365,193,22,171,0.11398963730569948,0.9,3.4048238391994468,214,37,177,0.17289719626168223,0.9315789473684211,4.115934272373285,167,8,159,0.04790419161676647,0.8368421052631579,3.755896603711781,181,15,166,0.08287292817679558,0.8736842105263158,1.427035
t,t,250,80,80,0.7,20,93,6,578,391,187,224,54,170,0.6764705882352942,0.9842105263157894,0.24107142857142858,0.8947368421052632,974,785,189,274,97,177,0.8059548254620124,0.9947368421052631,0.354014598540146,0.9315789473684211,3.596936638289031,226,39,187,0.17256637168141592,0.9842105263157894,3.3770379064554032,243,54,189,0.2222222222222222,0.9947368421052631,4.344632976150976,192,11,181,0.057291666666666664,0.9526315789473684,3.8387033286152765,210,24,186,0.11428571428571428,0.9789473684210527,1.237352
t,t,250,80,80,0.7,20,94,6,314,143,171,165,19,146,0.4554140127388535,0.9,0.11515151515151516,0.7684210526315789,509,330,179,181,29,152,0.6483300589390962,0.9421052631578948,0.16022099447513813,0.8,3.6084487808799914,197,19,178,0.09644670050761421,0.9368421052631579,3.4181905477482695,206,26,180,0.1262135922330097,0.9473684210526315,3.9915531015320265,181,6,175,0.03314917127071823,0.9210526315789473,3.6613458725347168,193,16,177,0.08290155440414508,0.9315789473684211,1.186714
t,t,250,80,80,0.7,20,95,6,422,235,187,209,32,177,0.556872037914692,0.9842105263157894,0.15311004784688995,0.9315789473684211,703,514,189,240,59,181,0.7311522048364154,0.9947368421052631,0.24583333333333332,0.9526315789473684,3.594019604114351,216,27,189,0.125,0.9947368421052631,3.3925364919045258,226,36,190,0.1592920353982301,1.0,4.087338418535827,200,13,187,0.065,0.9842105263157894,3.6968433318369245,210,22,188,0.10476190476190476,0.9894736842105263,1.25547
t,t,250,80,80,0.7,20,96,6,571,385,186,236,61,175,0.6742556917688266,0.9789473684210527,0.2584745762711864,0.9210526315789473,1063,876,187,284,103,181,0.8240827845719662,0.9842105263157894,0.3626760563380282,0.9526315789473684,3.6055037491269197,209,22,187,0.10526315789473684,0.9842105263157894,3.3883831155913042,225,38,187,0.1688888888888889,0.9842105263157894,4.439682262996733,186,5,181,0.026881720430107527,0.9526315789473684,3.902155505627262,202,16,186,0.07920792079207921,0.9789473684210527,1.22253
t,t,250,80,80,0.7,20,97,6,290,123,167,154,15,139,0.4241379310344828,0.8789473684210526,0.09740259740259741,0.7315789473684211,436,255,181,183,34,149,0.5848623853211009,0.9526315789473684,0.18579234972677597,0.7842105263157895,3.6064436392791874,195,16,179,0.08205128205128205,0.9421052631578948,3.389765729901524,219,36,183,0.1643835616438356,0.9631578947368421,3.9434300278762953,175,5,170,0.02857142857142857,0.8947368421052632,3.6192807674462926,194,16,178,0.08247422680412371,0.9368421052631579,1.270043
t,t,250,80,80,0.7,20,98,6,455,278,177,199,46,153,0.610989010989011,0.9315789473684211,0.23115577889447236,0.8052631578947368,811,629,182,229,65,164,0.7755856966707768,0.9578947368421052,0.2838427947598253,0.8631578947368421,3.588598419223885,209,30,179,0.14354066985645933,0.9421052631578948,3.3820843320259257,234,52,182,0.2222222222222222,0.9578947368421052,4.084610980105352,184,10,174,0.05434782608695652,0.9157894736842105,3.740497173229745,196,20,176,0.10204081632653061,0.9263157894736842,1.197018
t,t,250,80,80,0.7,20,99,6,296,115,181,180,16,164,0.3885135135135135,0.9526315789473684,0.08888888888888889,0.8631578947368421,394,213,181,198,25,173,0.5406091370558376,0.9526315789473684,0.12626262626262627,0.9105263157894737,3.6100353823745888,203,19,184,0.09359605911330049,0.968421052631579,3.3970250806543008,222,36,186,0.16216216216216217,0.9789473684210527,3.954202838278435,186,5,181,0.026881720430107527,0.9526315789473684,3.66741668952486,196,14,182,0.07142857142857142,0.9578947368421052,1.561895
t,t,250,80,80,0.7,20,100,6,344,157,187,195,17,178,0.4563953488372093,0.9842105263157894,0.08717948717948718,0.9368421052631579,520,331,189,211,28,183,0.6365384615384615,0.9947368421052631,0.13270142180094788,0.9631578947368421,3.603084756300068,209,20,189,0.09569377990430622,0.9947368421052631,3.389155342466439,223,34,189,0.15246636771300448,0.9947368421052631,3.961358282862256,196,7,189,0.03571428571428571,0.9947368421052631,3.6161226764962096,208,19,189,0.09134615384615384,0.9947368421052631,1.352026
t,t,250,80,80,0.7,20,101,6,997,807,190,331,150,181,0.8094282848545636,1.0,0.45317220543806647,0.9526315789473684,1672,1482,190,388,206,182,0.8863636363636364,1.0,0.5309278350515464,0.9578947368421052,3.5780692185003207,221,33,188,0.1493212669683258,0.9894736842105263,3.354361229922229,251,61,190,0.24302788844621515,1.0,4.603196864066124,189,8,181,0.042328042328042326,0.9526315789473684,3.9095440108197748,204,18,186,0.08823529411764706,0.9789473684210527,1.289129
t,t,250,80,80,0.7,20,102,6,323,134,189,204,21,183,0.4148606811145511,0.9947368421052631,0.10294117647058823,0.9631578947368421,447,257,190,213,28,185,0.5749440715883669,1.0,0.13145539906103287,0.9736842105263158,3.605438168651562,215,25,190,0.11627906976744186,1.0,3.376457123447145,231,41,190,0.1774891774891775,1.0,3.992334597381794,199,9,190,0.04522613065326633,1.0,3.6681971224350183,207,17,190,0.0821256038647343,1.0,1.170303
t,t,250,80,80,0.7,20,103,6,314,124,190,199,13,186,0.39490445859872614,1.0,0.06532663316582915,0.9789473684210527,499,309,190,215,26,189,0.6192384769539078,1.0,0.12093023255813953,0.9947368421052631,3.590355542136947,208,18,190,0.08653846153846154,1.0,3.3907856608307423,219,29,190,0.1324200913242009,1.0,3.9786607452947558,196,6,190,0.030612244897959183,1.0,3.646960150545508,205,15,190,0.07317073170731707,1.0,1.297681
t,t,250,80,80,0.7,20,104,6,513,326,187,230,49,181,0.6354775828460039,0.9842105263157894,0.21304347826086956,0.9526315789473684,792,604,188,281,98,183,0.7626262626262627,0.9894736842105263,0.3487544483985765,0.9631578947368421,3.589784680361643,230,42,188,0.1826086956521739,0.9894736842105263,3.368250196342215,250,62,188,0.248,0.9894736842105263,4.788688874755433,193,8,185,0.04145077720207254,0.9736842105263158,4.135741043304328,204,18,186,0.08823529411764706,0.9789473684210527,1.147615
t,t,250,80,80,0.7,20,105,6,313,127,186,181,17,164,0.4057507987220447,0.9789473684210527,0.09392265193370165,0.8631578947368421,475,286,189,203,31,172,0.6021052631578947,0.9947368421052631,0.15270935960591134,0.9052631578947369,3.5962607345336517,206,17,189,0.0825242718446602,0.9947368421052631,3.377765821564395,229,40,189,0.17467248908296942,0.9947368421052631,3.9342511817043477,197,9,188,0.04568527918781726,0.9894736842105263,3.643278829058048,204,15,189,0.07352941176470588,0.9947368421052631,1.339112
t,t,250,80,80,0.7,20,106,6,263,90,173,164,12,152,0.34220532319391633,0.9105263157894737,0.07317073170731707,0.8,378,197,181,175,20,155,0.5211640211640212,0.9526315789473684,0.11428571428571428,0.8157894736842105,3.597539883493044,202,19,183,0.09405940594059406,0.9631578947368421,3.431218067609419,218,34,184,0.1559633027522936,0.968421052631579,3.9878370477795446,186,9,177,0.04838709677419355,0.9315789473684211,3.6381985979381217,201,18,183,0.08955223880597014,0.9631578947368421,1.190145
t,t,250,80,80,0.7,20,107,6,386,196,190,212,27,185,0.5077720207253886,1.0,0.12735849056603774,0.9736842105263158,636,446,190,230,42,188,0.7012578616352201,1.0,0.1826086956521739,0.9894736842105263,3.6037777058566354,218,28,190,0.12844036697247707,1.0,3.3786945224385603,231,41,190,0.1774891774891775,1.0,4.231088420066325,198,8,190,0.04040404040404041,1.0,3.763611272794082,210,20,190,0.09523809523809523,1.0,1.23194
t,t,250,80,80,0.7,20,108,6,746,563,183,283,110,173,0.7546916890080428,0.9631578947368421,0.38869257950530034,0.9105263157894737,1261,1075,186,344,165,179,0.852498017446471,0.9789473684210527,0.4796511627906977,0.9421052631578948,3.5668607957971887,230,48,182,0.20869565217391303,0.9578947368421052,3.3445721239824127,258,76,182,0.29457364341085274,0.9578947368421052,4.373629905559176,195,20,175,0.10256410256410256,0.9210526315789473,3.813472069720132,215,34,181,0.15813953488372093,0.9526315789473684,1.239076
t,t,250,80,80,0.7,20,109,6,408,229,179,176,34,142,0.5612745098039216,0.9421052631578948,0.19318181818181818,0.7473684210526316,790,604,186,206,49,157,0.7645569620253164,0.9789473684210527,0.23786407766990292,0.8263157894736842,3.6062874036056836,196,15,181,0.07653061224489796,0.9526315789473684,3.3993042878814954,214,30,184,0.14018691588785046,0.968421052631579,4.157507855561722,178,4,174,0.02247191011235955,0.9157894736842105,3.758531046533574,188,10,178,0.05319148936170213,0.9368421052631579,1.253701
t,t,250,80,80,0.7,20,110,6,342,155,187,200,19,181,0.45321637426900585,0.9842105263157894,0.095,0.9526315789473684,548,360,188,217,35,182,0.656934306569343,0.9894736842105263,0.16129032258064516,0.9578947368421052,3.6651600799263115,197,10,187,0.050761421319796954,0.9842105263157894,3.4039541770836683,210,22,188,0.10476190476190476,0.9894736842105263,4.384437659388945,188,3,185,0.015957446808510637,0.9736842105263158,3.8414013718580406,195,8,187,0.041025641025641026,0.9842105263157894,1.205483
t,t,250,80,80,0.7,20,111,6,328,163,165,157,27,130,0.4969512195121951,0.868421052631579,0.17197452229299362,0.6842105263157895,481,308,173,175,39,136,0.6403326403326404,0.9105263157894737,0.22285714285714286,0.7157894736842105,3.618840759267242,188,23,165,0.12234042553191489,0.868421052631579,3.4096105461142194,211,40,171,0.1895734597156398,0.9,4.1341771169196,162,6,156,0.037037037037037035,0.8210526315789474,3.764918993895628,178,15,163,0.08426966292134831,0.8578947368421053,1.298067
t,t,250,80,80,0.7,20,112,6,1906,1734,172,555,405,150,0.9097586568730325,0.9052631578947369,0.7297297297297297,0.7894736842105263,3134,2955,179,794,637,157,0.9428844926611359,0.9421052631578948,0.8022670025188917,0.8263157894736842,3.5199385334305178,276,117,159,0.42391304347826086,0.8368421052631579,3.2813537784416367,325,164,161,0.5046153846153846,0.8473684210526315,6.042782558188522,99,14,85,0.1414141414141414,0.4473684210526316,5.219830942946085,146,35,111,0.23972602739726026,0.5842105263157895,1.139048
t,t,250,80,80,0.7,20,113,6,281,96,185,185,14,171,0.3416370106761566,0.9736842105263158,0.07567567567567568,0.9,396,209,187,203,24,179,0.5277777777777778,0.9842105263157894,0.11822660098522167,0.9421052631578948,3.6264706866490797,199,12,187,0.06030150753768844,0.9842105263157894,3.394927833336742,219,31,188,0.1415525114155251,0.9894736842105263,4.038067814420409,190,5,185,0.02631578947368421,0.9736842105263158,3.6818739948171193,198,11,187,0.05555555555555555,0.9842105263157894,1.204656
t,t,250,80,80,0.7,20,114,6,571,399,172,208,74,134,0.6987740805604203,0.9052631578947369,0.3557692307692308,0.7052631578947368,1031,851,180,248,103,145,0.8254122211445198,0.9473684210526315,0.4153225806451613,0.7631578947368421,3.609809065821371,201,33,168,0.16417910447761194,0.8842105263157894,3.3692225399997184,241,67,174,0.27800829875518673,0.9157894736842105,4.387282318848588,161,14,147,0.08695652173913043,0.7736842105263158,3.86611642809048,190,26,164,0.1368421052631579,0.8631578947368421,1.240568
t,t,250,80,80,0.7,20,115,6,278,104,174,167,18,149,0.37410071942446044,0.9157894736842105,0.10778443113772455,0.7842105263157895,429,250,179,182,27,155,0.5827505827505828,0.9421052631578948,0.14835164835164835,0.8157894736842105,3.593087527126588,209,29,180,0.13875598086124402,0.9473684210526315,3.4167563728322787,223,41,182,0.18385650224215247,0.9578947368421052,3.936826812018198,185,11,174,0.05945945945945946,0.9157894736842105,3.638616419660114,208,28,180,0.1346153846153846,0.9473684210526315,1.328377
t,t,250,80,80,0.7,20,116,6,551,372,179,219,69,150,0.6751361161524501,0.9421052631578948,0.3150684931506849,0.7894736842105263,1005,824,181,258,100,158,0.8199004975124378,0.9526315789473684,0.3875968992248062,0.8315789473684211,3.6013538078070186,205,33,172,0.16097560975609757,0.9052631578947369,3.3793647248921745,227,53,174,0.23348017621145375,0.9157894736842105,4.233776557519034,175,16,159,0.09142857142857143,0.8368421052631579,3.786674063674094,192,22,170,0.11458333333333333,0.8947368421052632,1.322349
t,t,250,80,80,0.7,20,117,6,581,397,184,242,70,172,0.6833046471600689,0.968421052631579,0.2892561983471074,0.9052631578947369,1069,882,187,290,111,179,0.8250701590271281,0.9842105263157894,0.38275862068965516,0.9421052631578948,3.579246837466888,222,36,186,0.16216216216216217,0.9789473684210527,3.3758654726709603,242,55,187,0.22727272727272727,0.9842105263157894,4.3119316311281075,189,7,182,0.037037037037037035,0.9578947368421052,3.8605532150036854,198,16,182,0.08080808080808081,0.9578947368421052,1.114061
t,t,250,80,80,0.7,20,118,6,6712,6530,182,2853,2683,170,0.9728843861740167,0.9578947368421052,0.9404135997195934,0.8947368421052632,8838,8653,185,3600,3427,173,0.9790676623670513,0.9736842105263158,0.9519444444444445,0.9105263157894737,3.337841711952738,529,360,169,0.6805293005671077,0.8894736842105263,3.079436412936426,646,475,171,0.7352941176470589,0.9,8.058497347363495,91,12,79,0.13186813186813187,0.41578947368421054,6.967720952092078,128,25,103,0.1953125,0.5421052631578948,1.155012
t,t,250,80,80,0.7,20,119,6,286,99,187,197,22,175,0.34615384615384615,0.9842105263157894,0.1116751269035533,0.9210526315789473,378,190,188,209,30,179,0.5026455026455027,0.9894736842105263,0.14354066985645933,0.9421052631578948,3.5845327163387197,216,27,189,0.125,0.9947368421052631,3.3761944784245794,231,42,189,0.18181818181818182,0.9947368421052631,3.923898731171881,201,13,188,0.06467661691542288,0.9894736842105263,3.6124282966273205,213,24,189,0.11267605633802817,0.9947368421052631,1.362644
t,t,250,80,80,0.7,20,120,6,834,673,161,191,87,104,0.8069544364508393,0.8473684210526315,0.45549738219895286,0.5473684210526316,1463,1296,167,263,141,122,0.885850991114149,0.8789473684210526,0.5361216730038023,0.6421052631578947,3.615390682741415,191,44,147,0.23036649214659685,0.7736842105263158,3.3872754571696295,220,70,150,0.3181818181818182,0.7894736842105263,5.444939205686821,68,6,62,0.08823529411764706,0.3263157894736842,4.469085393153219,124,16,108,0.12903225806451613,0.5684210526315789,1.208816
t,t,250,80,80,0.7,20,121,6,472,291,181,198,38,160,0.6165254237288136,0.9526315789473684,0.1919191919191919,0.8421052631578947,772,586,186,236,71,165,0.7590673575129534,0.9789473684210527,0.3008474576271186,0.868421052631579,3.6069050788650943,210,26,184,0.12380952380952381,0.968421052631579,3.3826243397259006,230,46,184,0.2,0.968421052631579,4.208808964549823,186,10,176,0.053763440860215055,0.9263157894736842,3.8402233891491013,196,15,181,0.07653061224489796,0.9526315789473684,1.157333
t,t,250,80,80,0.7,20,122,6,456,287,169,177,45,132,0.6293859649122807,0.8894736842105263,0.2542372881355932,0.6947368421052632,807,629,178,209,65,144,0.7794299876084263,0.9368421052631579,0.31100478468899523,0.7578947368421053,3.621121087409464,195,28,167,0.14358974358974358,0.8789473684210526,3.411863636784559,220,46,174,0.20909090909090908,0.9157894736842105,4.209993575877856,157,10,147,0.06369426751592357,0.7736842105263158,3.742580275575403,180,19,161,0.10555555555555556,0.8473684210526315,1.125056
t,t,250,80,80,0.7,20,123,6,682,496,186,243,68,175,0.7272727272727273,0.9789473684210527,0.27983539094650206,0.9210526315789473,1195,1007,188,293,112,181,0.8426778242677824,0.9894736842105263,0.3822525597269625,0.9526315789473684,3.5880585099530173,208,22,186,0.10576923076923077,0.9789473684210527,3.384123320670608,223,37,186,0.16591928251121077,0.9789473684210527,4.363817085403148,190,9,181,0.04736842105263158,0.9526315789473684,3.862309293589666,199,14,185,0.07035175879396985,0.9736842105263158,1.325014
t,t,250,80,80,0.7,20,124,6,272,123,149,99,11,88,0.4522058823529412,0.7842105263157895,0.1111111111111111,0.4631578947368421,419,259,160,126,26,100,0.6181384248210023,0.8421052631578947,0.20634920634920634,0.5263157894736842,3.638539736238084,171,15,156,0.08771929824561403,0.8210526315789474,3.4334237311723683,192,33,159,0.171875,0.8368421052631579,4.1705417955893695,142,4,138,0.028169014084507043,0.7263157894736842,3.7882879051275467,157,8,149,0.050955414012738856,0.7842105263157895,1.212931
t,t,250,80,80,0.7,20,125,6,263,78,185,184,13,171,0.2965779467680608,0.9736842105263158,0.07065217391304347,0.9,367,182,185,205,24,181,0.49591280653950953,0.9736842105263158,0.11707317073170732,0.9526315789473684,3.6076834105371787,199,14,185,0.07035175879396985,0.9736842105263158,3.402194112322149,218,31,187,0.14220183486238533,0.9842105263157894,3.971600559130923,190,5,185,0.02631578947368421,0.9736842105263158,3.617299479392729,198,13,185,0.06565656565656566,0.9736842105263158,1.273187
t,t,250,80,80,0.7,20,126,6,1420,1237,183,325,178,147,0.8711267605633802,0.9631578947368421,0.5476923076923077,0.7736842105263158,2574,2386,188,441,284,157,0.9269619269619269,0.9894736842105263,0.6439909297052154,0.8263157894736842,3.600689940143494,207,39,168,0.18840579710144928,0.8842105263157894,3.3739176791336267,236,64,172,0.2711864406779661,0.9052631578947369,5.013872483381945,120,6,114,0.05,0.6,4.226590783026199,163,18,145,0.11042944785276074,0.7631578947368421,1.200903
t,t,250,80,80,0.7,20,127,6,381,200,181,167,26,141,0.5249343832020997,0.9526315789473684,0.15568862275449102,0.7421052631578947,587,401,186,201,47,154,0.6831345826235093,0.9789473684210527,0.23383084577114427,0.8105263157894737,3.59065245187856,206,24,182,0.11650485436893204,0.9578947368421052,3.383278519325884,225,39,186,0.17333333333333334,0.9789473684210527,4.016295274750173,186,8,178,0.043010752688172046,0.9368421052631579,3.693260706463208,202,20,182,0.09900990099009901,0.9578947368421052,1.42467
t,t,250,80,80,0.7,20,128,6,410,222,188,219,38,181,0.5414634146341464,0.9894736842105263,0.1735159817351598,0.9526315789473684,627,439,188,240,58,182,0.7001594896331739,0.9894736842105263,0.24166666666666667,0.9578947368421052,3.5822647331448843,213,25,188,0.11737089201877934,0.9894736842105263,3.402756732205897,230,41,189,0.1782608695652174,0.9947368421052631,4.289769428551753,196,8,188,0.04081632653061224,0.9894736842105263,3.7601788098302977,204,16,188,0.0784313725490196,0.9894736842105263,1.248953
t,t,250,80,80,0.7,20,129,6,424,243,181,190,31,159,0.5731132075471698,0.9526315789473684,0.1631578947368421,0.8368421052631579,724,541,183,227,64,163,0.7472375690607734,0.9631578947368421,0.28193832599118945,0.8578947368421053,3.6141417958157604,196,15,181,0.07653061224489796,0.9526315789473684,3.4004236969796517,214,32,182,0.14953271028037382,0.9578947368421052,4.118618342060469,177,7,170,0.03954802259887006,0.8947368421052632,3.7582570449633486,192,11,181,0.057291666666666664,0.9526315789473684,1.123644
t,t,250,80,80,0.7,20,130,6,339,161,178,180,23,157,0.4749262536873156,0.9368421052631579,0.12777777777777777,0.8263157894736842,515,335,180,199,36,163,0.6504854368932039,0.9473684210526315,0.18090452261306533,0.8578947368421053,3.6468848683910915,193,13,180,0.06735751295336788,0.9473684210526315,3.4049810850508635,209,28,181,0.1339712918660287,0.9526315789473684,4.028613517377627,179,4,175,0.0223463687150838,0.9210526315789473,3.6468848683910915,193,13,180,0.06735751295336788,0.9473684210526315,1.182576
t,t,250,80,80,0.7,20,131,6,1497,1316,181,434,289,145,0.8790915163660654,0.9526315789473684,0.6658986175115207,0.7631578947368421,2504,2319,185,596,439,157,0.9261182108626198,0.9736842105263158,0.7365771812080537,0.8263157894736842,3.535203747119354,277,110,167,0.3971119133574007,0.8789473684210526,3.276192784848514,328,156,172,0.47560975609756095,0.9052631578947369,5.230624101720452,136,20,116,0.14705882352941177,0.6105263157894737,4.421855887364674,191,51,140,0.2670157068062827,0.7368421052631579,1.276145
t,t,250,80,80,0.7,20,132,6,335,152,183,187,22,165,0.4537313432835821,0.9631578947368421,0.11764705882352941,0.868421052631579,501,315,186,212,38,174,0.6287425149700598,0.9789473684210527,0.1792452830188679,0.9157894736842105,3.6223650454583525,204,18,186,0.08823529411764706,0.9789473684210527,3.3936157759688528,221,33,188,0.1493212669683258,0.9894736842105263,4.095805562340926,189,7,182,0.037037037037037035,0.9578947368421052,3.7257694835094584,198,13,185,0.06565656565656566,0.9736842105263158,1.31685
t,t,250,80,80,0.7,20,133,6,356,172,184,185,17,168,0.48314606741573035,0.968421052631579,0.0918918918918919,0.8842105263157894,567,381,186,209,35,174,0.671957671957672,0.9789473684210527,0.1674641148325359,0.9157894736842105,3.605539704786462,200,14,186,0.07,0.9789473684210527,3.400293781871274,212,26,186,0.12264150943396226,0.9789473684210527,4.133417576587943,186,3,183,0.016129032258064516,0.9631578947368421,3.7383152326117264,195,10,185,0.05128205128205128,0.9736842105263158,1.283327
t,t,250,80,80,0.7,20,134,6,512,323,189,239,57,182,0.630859375,0.9947368421052631,0.2384937238493724,0.9578947368421052,851,661,190,269,83,186,0.7767332549941246,1.0,0.30855018587360594,0.9789473684210527,3.5836203648558786,215,26,189,0.12093023255813953,0.9947368421052631,3.373476510098421,233,43,190,0.18454935622317598,1.0,4.1996109628548774,194,7,187,0.03608247422680412,0.9842105263157894,3.709026049945038,209,20,189,0.09569377990430622,0.9947368421052631,1.175223
t,t,250,80,80,0.7,20,135,6,376,197,179,172,22,150,0.523936170212766,0.9421052631578948,0.12790697674418605,0.7894736842105263,599,414,185,204,41,163,0.6911519198664441,0.9736842105263158,0.20098039215686275,0.8578947368421053,3.6634657226400513,193,12,181,0.06217616580310881,0.9526315789473684,3.4003918212489306,213,28,185,0.13145539906103287,0.9736842105263158,4.01299080174274,181,3,178,0.016574585635359115,0.9368421052631579,3.6634657226400513,193,12,181,0.06217616580310881,0.9526315789473684,1.211428
t,t,250,80,80,0.7,20,136,6,268,93,175,150,9,141,0.34701492537313433,0.9210526315789473,0.06,0.7421052631578947,385,206,179,166,17,149,0.535064935064935,0.9421052631578948,0.10240963855421686,0.7842105263157895,3.6134654937243034,192,12,180,0.0625,0.9473684210526315,3.4004428219156377,213,31,182,0.14553990610328638,0.9578947368421052,3.9446190129767524,181,5,176,0.027624309392265192,0.9263157894736842,3.681662822134542,190,10,180,0.05263157894736842,0.9473684210526315,1.277996
t,t,250,80,80,0.7,20,137,6,315,132,183,176,18,158,0.41904761904761906,0.9631578947368421,0.10227272727272728,0.8315789473684211,469,282,187,198,30,168,0.6012793176972282,0.9842105263157894,0.15151515151515152,0.8842105263157894,3.597551152809271,202,16,186,0.07920792079207921,0.9789473684210527,3.394613698340923,221,34,187,0.15384615384615385,0.9842105263157894,3.9353282879282894,188,5,183,0.026595744680851064,0.9631578947368421,3.6313765961272804,201,15,186,0.07462686567164178,0.9789473684210527,1.22839
t,t,250,80,80,0.7,20,138,6,295,132,163,127,9,118,0.44745762711864406,0.8578947368421053,0.07086614173228346,0.6210526315789474,433,260,173,158,22,136,0.6004618937644342,0.9105263157894737,0.13924050632911392,0.7157894736842105,3.6462284864670504,186,18,168,0.0967741935483871,0.8842105263157894,3.406324240699077,212,39,173,0.18396226415094338,0.9105263157894737,4.064193704857051,169,6,163,0.03550295857988166,0.8578947368421053,3.6800916576896627,185,17,168,0.0918918918918919,0.8842105263157894,1.181557
t,t,250,80,80,0.7,20,139,6,347,178,169,156,21,135,0.5129682997118156,0.8894736842105263,0.1346153846153846,0.7105263157894737,510,332,178,184,35,149,0.6509803921568628,0.9368421052631579,0.19021739130434784,0.7842105263157895,3.6157344602932486,194,22,172,0.1134020618556701,0.9052631578947369,3.404805778038296,216,39,177,0.18055555555555555,0.9315789473684211,4.019459594258668,173,8,165,0.046242774566473986,0.868421052631579,3.6906259280716838,189,18,171,0.09523809523809523,0.9,1.138922
t,t,250,80,80,0.7,20,140,6,348,181,167,174,32,142,0.5201149425287356,0.8789473684210526,0.1839080459770115,0.7473684210526316,560,382,178,204,54,150,0.6821428571428572,0.9368421052631579,0.2647058823529412,0.7894736842105263,3.6410026228854218,192,18,174,0.09375,0.9157894736842105,3.401928458740898,215,38,177,0.17674418604651163,0.9315789473684211,4.158539541371296,165,3,162,0.01818181818181818,0.8526315789473684,3.7235462944699913,182,11,171,0.06043956043956044,0.9,1.290038
t,t,250,80,80,0.7,20,141,6,1235,1058,177,307,161,146,0.8566801619433199,0.9315789473684211,0.5244299674267101,0.7684210526315789,2006,1822,184,482,324,158,0.9082751744765702,0.968421052631579,0.6721991701244814,0.8315789473684211,3.5554927300226637,235,68,167,0.28936170212765955,0.8789473684210526,3.330836977756045,274,102,172,0.3722627737226277,0.9052631578947369,5.372906831396423,109,8,101,0.07339449541284404,0.531578947368421,4.559782076275844,151,17,134,0.11258278145695365,0.7052631578947368,1.309424
t,t,250,80,80,0.7,20,142,6,297,117,180,169,11,158,0.3939393939393939,0.9473684210526315,0.0650887573964497,0.8315789473684211,437,253,184,194,29,165,0.5789473684210527,0.968421052631579,0.14948453608247422,0.868421052631579,3.6436479882991017,194,9,185,0.04639175257731959,0.9736842105263158,3.4078677473222574,210,25,185,0.11904761904761904,0.9736842105263158,3.9789096641377015,185,3,182,0.016216216216216217,0.9578947368421052,3.659469690568678,193,8,185,0.04145077720207254,0.9736842105263158,1.220363
t,t,250,80,80,0.7,20,143,6,297,121,176,178,15,163,0.4074074074074074,0.9263157894736842,0.08426966292134831,0.8578947368421053,443,261,182,195,28,167,0.5891647855530474,0.9578947368421052,0.14358974358974358,0.8789473684210526,3.608306158847855,197,16,181,0.08121827411167512,0.9526315789473684,3.398934470718892,216,30,186,0.1388888888888889,0.9789473684210527,4.025090962561524,185,8,177,0.043243243243243246,0.9315789473684211,3.671881773539636,194,14,180,0.07216494845360824,0.9473684210526315,1.105775
t,t,250,80,80,0.7,20,144,6,323,147,176,169,20,149,0.4551083591331269,0.9263157894736842,0.11834319526627218,0.7842105263157895,517,337,180,207,48,159,0.6518375241779497,0.9473684210526315,0.2318840579710145,0.8368421052631579,3.611140783030095,196,19,177,0.09693877551020408,0.9315789473684211,3.3825518297247443,229,46,183,0.20087336244541484,0.9631578947368421,3.997307620905559,182,6,176,0.03296703296703297,0.9263157894736842,3.6895343966943988,192,15,177,0.078125,0.9315789473684211,1.333313
t,t,250,80,80,0.7,20,145,6,433,245,188,201,27,174,0.5658198614318707,0.9894736842105263,0.13432835820895522,0.9157894736842105,743,553,190,231,55,176,0.7442799461641992,1.0,0.23809523809523808,0.9263157894736842,3.604970910041802,210,22,188,0.10476190476190476,0.9894736842105263,3.382382346136056,228,39,189,0.17105263157894737,0.9947368421052631,4.129124297719418,195,9,186,0.046153846153846156,0.9789473684210527,3.7250528353194863,208,20,188,0.09615384615384616,0.9894736842105263,1.150178
t,t,250,80,80,0.7,20,146,6,783,620,163,214,93,121,0.7918263090676884,0.8578947368421053,0.43457943925233644,0.6368421052631579,1361,1188,173,273,140,133,0.8728875826598089,0.9105263157894737,0.5128205128205128,0.7,3.6230051211828376,190,46,144,0.24210526315789474,0.7578947368421053,3.393389354315333,218,68,150,0.3119266055045872,0.7894736842105263,4.971554998011925,110,8,102,0.07272727272727272,0.5368421052631579,4.152584253730616,153,20,133,0.13071895424836602,0.7,1.304134
t,t,250,80,80,0.7,20,147,6,526,349,177,204,45,159,0.6634980988593155,0.9315789473684211,0.22058823529411764,0.8368421052631579,873,688,185,239,70,169,0.7880870561282932,0.9736842105263158,0.2928870292887029,0.8894736842105263,3.602023229044949,199,20,179,0.10050251256281408,0.9421052631578948,3.4029808591892663,214,34,180,0.1588785046728972,0.9473684210526315,4.201429749322703,178,4,174,0.02247191011235955,0.9157894736842105,3.7708813319761205,191,14,177,0.07329842931937172,0.9315789473684211,1.138175
t,t,250,80,80,0.7,20,148,6,2589,2415,174,626,479,147,0.93279258400927,0.9157894736842105,0.7651757188498403,0.7736842105263158,4172,3991,181,921,765,156,0.9566155321188878,0.9526315789473684,0.8306188925081434,0.8210526315789474,3.6021914211375154,199,58,141,0.2914572864321608,0.7421052631578947,3.3637154412101897,240,92,148,0.38333333333333336,0.7789473684210526,6.0198054543996795,59,3,56,0.05084745762711865,0.29473684210526313,5.204131795533051,90,10,80,0.1111111111111111,0.42105263157894735,1.302616
t,t,250,80,80,0.7,20,149,6,356,166,190,210,21,189,0.46629213483146065,1.0,0.1,0.9947368421052631,539,349,190,235,46,189,0.647495361781076,1.0,0.19574468085106383,0.9947368421052631,3.5865618855834747,212,22,190,0.10377358490566038,1.0,3.3756990990832483,230,40,190,0.17391304347826086,1.0,4.217244359250507,196,6,190,0.030612244897959183,1.0,3.8284977091815717,206,16,190,0.07766990291262135,1.0,1.158134
t,t,250,80,80,0.7,20,150,6,289,101,188,198,13,185,0.3494809688581315,0.9894736842105263,0.06565656565656566,0.9736842105263158,397,208,189,204,18,186,0.5239294710327456,0.9947368421052631,0.08823529411764706,0.9789473684210527,3.685050542724487,202,13,189,0.06435643564356436,0.9947368421052631,3.3975995250010844,213,23,190,0.107981220657277,1.0,4.148250485810059,193,4,189,0.02072538860103627,0.9947368421052631,3.685050542724487,202,13,189,0.06435643564356436,0.9947368421052631,1.452503
t,t,250,80,80,0.7,20,151,6,384,203,181,185,27,158,0.5286458333333334,0.9526315789473684,0.14594594594594595,0.8315789473684211,621,438,183,217,52,165,0.7053140096618358,0.9631578947368421,0.23963133640552994,0.868421052631579,3.5999209309856015,200,17,183,0.085,0.9631578947368421,3.417076941534534,216,33,183,0.1527777777777778,0.9631578947368421,4.132613007303619,182,8,174,0.04395604395604396,0.9157894736842105,3.7216389746046934,194,12,182,0.061855670103092786,0.9578947368421052,1.115259
t,t,250,80,80,0.7,20,152,6,637,467,170,211,79,132,0.7331240188383046,0.8947368421052632,0.3744075829383886,0.6947368421052632,1061,880,181,245,103,142,0.8294062205466541,0.9526315789473684,0.4204081632653061,0.7473684210526316,3.5886213600658365,209,47,162,0.22488038277511962,0.8526315789473684,3.3743597561597016,239,73,166,0.3054393305439331,0.8736842105263158,4.45212353483969,154,16,138,0.1038961038961039,0.7263157894736842,3.851097820735048,188,31,157,0.16489361702127658,0.8263157894736842,1.300844
t,t,250,80,80,0.7,20,153,6,288,113,175,165,16,149,0.3923611111111111,0.9210526315789473,0.09696969696969697,0.7842105263157895,388,203,185,176,19,157,0.5231958762886598,0.9736842105263158,0.10795454545454546,0.8263157894736842,3.603549521767264,201,15,186,0.07462686567164178,0.9789473684210527,3.4105838697178967,208,22,186,0.10576923076923077,0.9789473684210527,3.9780960201238282,185,7,178,0.03783783783783784,0.9368421052631579,3.6493190879233706,198,12,186,0.06060606060606061,0.9789473684210527,1.12312
t,t,250,80,80,0.7,20,154,6,486,296,190,233,49,184,0.6090534979423868,1.0,0.21030042918454936,0.968421052631579,835,645,190,271,83,188,0.7724550898203593,1.0,0.3062730627306273,0.9894736842105263,3.5819767355106213,215,25,190,0.11627906976744186,1.0,3.3940608589716943,229,39,190,0.1703056768558952,1.0,4.257692110926949,195,6,189,0.03076923076923077,0.9947368421052631,3.752437745834306,206,16,190,0.07766990291262135,1.0,1.189675
t,t,250,80,80,0.7,20,155,6,346,165,181,192,24,168,0.476878612716763,0.9526315789473684,0.125,0.8842105263157894,485,299,186,205,36,169,0.6164948453608248,0.9789473684210527,0.17560975609756097,0.8894736842105263,3.6381940455016113,211,23,188,0.10900473933649289,0.9894736842105263,3.391447578465274,228,40,188,0.17543859649122806,0.9894736842105263,4.007991678065886,191,9,182,0.04712041884816754,0.9578947368421052,3.6381940455016113,211,23,188,0.10900473933649289,0.9894736842105263,1.219126
t,t,250,80,80,0.7,20,156,6,523,342,181,220,54,166,0.6539196940726577,0.9526315789473684,0.24545454545454545,0.8736842105263158,955,766,189,256,87,169,0.8020942408376963,0.9947368421052631,0.33984375,0.8894736842105263,3.6228144174824113,205,24,181,0.11707317073170732,0.9526315789473684,3.404059986141593,222,40,182,0.18018018018018017,0.9578947368421052,4.415407340063813,181,10,171,0.055248618784530384,0.9,3.8449606543278483,199,19,180,0.09547738693467336,0.9473684210526315,1.278045
t,t,250,80,80,0.7,20,157,6,571,388,183,205,49,156,0.6795096322241682,0.9631578947368421,0.23902439024390243,0.8210526315789474,936,749,187,262,96,166,0.8002136752136753,0.9842105263157894,0.366412213740458,0.8736842105263158,3.5771034771542363,218,33,185,0.15137614678899083,0.9736842105263158,3.3631393230497233,243,56,187,0.23045267489711935,0.9842105263157894,4.185726390250729,186,11,175,0.05913978494623656,0.9210526315789473,3.786650697139124,202,20,182,0.09900990099009901,0.9578947368421052,1.160778
t,t,250,80,80,0.7,20,158,6,238,70,168,142,9,133,0.29411764705882354,0.8842105263157894,0.06338028169014084,0.7,361,180,181,164,17,147,0.4986149584487535,0.9526315789473684,0.10365853658536585,0.7736842105263158,3.613687864309948,194,13,181,0.06701030927835051,0.9526315789473684,3.4370306460335356,207,26,181,0.12560386473429952,0.9526315789473684,4.02411707538367,176,3,173,0.017045454545454544,0.9105263157894737,3.6444699718114926,191,11,180,0.05759162303664921,0.9473684210526315,1.292551
t,t,250,80,80,0.7,20,159,6,275,86,189,196,8,188,0.31272727272727274,0.9947368421052631,0.04081632653061224,0.9894736842105263,368,178,190,210,22,188,0.483695652173913,1.0,0.10476190476190476,0.9894736842105263,3.6540666868000096,202,12,190,0.0594059405940594,1.0,3.4003942979995343,217,27,190,0.12442396313364056,1.0,4.158290555156828,195,5,190,0.02564102564102564,1.0,3.6741344859286027,201,11,190,0.05472636815920398,1.0,1.191658
t,t,250,80,80,0.7,20,160,6,350,181,169,175,30,145,0.5171428571428571,0.8894736842105263,0.17142857142857143,0.7631578947368421,588,413,175,205,51,154,0.7023809523809523,0.9210526315789473,0.24878048780487805,0.8105263157894737,3.6237917774428983,191,21,170,0.1099476439790576,0.8947368421052632,3.4021965556285503,209,37,172,0.17703349282296652,0.9052631578947369,4.011628019258001,176,13,163,0.07386363636363637,0.8578947368421053,3.686916226170098,187,18,169,0.0962566844919786,0.8894736842105263,1.257573
t,t,250,80,80,0.7,20,161,6,1245,1076,169,350,200,150,0.8642570281124498,0.8894736842105263,0.5714285714285714,0.7894736842105263,2066,1888,178,482,328,154,0.9138431752178122,0.9368421052631579,0.6804979253112033,0.8105263157894737,3.569175976346859,225,66,159,0.29333333333333333,0.8368421052631579,3.3437467982219613,263,103,160,0.3916349809885932,0.8421052631578947,5.3133250395684515,134,17,117,0.12686567164179105,0.6157894736842106,4.567534676457974,167,29,138,0.17365269461077845,0.7263157894736842,1.261662
t,t,250,80,80,0.7,20,162,6,354,176,178,162,24,138,0.4971751412429379,0.9368421052631579,0.14814814814814814,0.7263157894736842,566,383,183,192,39,153,0.676678445229682,0.9631578947368421,0.203125,0.8052631578947368,3.618064748347641,199,17,182,0.08542713567839195,0.9578947368421052,3.4017656067544557,217,34,183,0.15668202764976957,0.9631578947368421,4.225555084290801,175,5,170,0.02857142857142857,0.8947368421052632,3.755613524157731,195,14,181,0.07179487179487179,0.9526315789473684,1.203216
t,t,250,80,80,0.7,20,163,6,270,89,181,169,8,161,0.3296296296296296,0.9526315789473684,0.047337278106508875,0.8473684210526315,388,205,183,184,17,167,0.5283505154639175,0.9631578947368421,0.09239130434782608,0.8789473684210526,3.6927440676992846,190,7,183,0.03684210526315789,0.9631578947368421,3.4155533256517137,204,19,185,0.09313725490196079,0.9736842105263158,3.838557394236435,187,4,183,0.0213903743315508,0.9631578947368421,3.606391720911375,191,8,183,0.041884816753926704,0.9631578947368421,1.111608
t,t,250,80,80,0.7,20,164,6,575,385,190,252,63,189,0.6695652173913044,1.0,0.25,0.9947368421052631,975,785,190,286,97,189,0.8051282051282052,1.0,0.33916083916083917,0.9947368421052631,3.591073032212856,218,28,190,0.12844036697247707,1.0,3.366633640638201,239,49,190,0.20502092050209206,1.0,4.380837004987739,199,10,189,0.05025125628140704,0.9947368421052631,3.8498422556874443,208,19,189,0.09134615384615384,0.9947368421052631,1.318733
t,t,250,80,80,0.7,20,165,6,419,237,182,195,35,160,0.5656324582338902,0.9578947368421052,0.1794871794871795,0.8421052631578947,670,483,187,229,58,171,0.7208955223880597,0.9842105263157894,0.25327510917030566,0.9,3.5950720660048017,207,22,185,0.10628019323671498,0.9736842105263158,3.396222158036356,236,49,187,0.2076271186440678,0.9842105263157894,4.213160819509239,184,9,175,0.04891304347826087,0.9210526315789473,3.768231356048778,198,14,184,0.0707070707070707,0.968421052631579,1.222848
t,t,250,80,80,0.7,20,166,6,235,111,124,82,10,72,0.4723404255319149,0.6526315789473685,0.12195121951219512,0.37894736842105264,395,254,141,105,19,86,0.6430379746835443,0.7421052631578947,0.18095238095238095,0.45263157894736844,3.676389163435179,149,16,133,0.10738255033557047,0.7,3.4653626490319493,169,30,139,0.17751479289940827,0.7315789473684211,4.189461965571487,121,2,119,0.01652892561983471,0.6263157894736842,3.766558603919376,145,13,132,0.0896551724137931,0.6947368421052632,1.191249
t,t,250,80,80,0.7,20,167,6,311,127,184,185,15,170,0.40836012861736337,0.968421052631579,0.08108108108108109,0.8947368421052632,469,282,187,209,31,178,0.6012793176972282,0.9842105263157894,0.14832535885167464,0.9368421052631579,3.627280737720939,198,12,186,0.06060606060606061,0.9789473684210527,3.417463064117272,209,22,187,0.10526315789473684,0.9842105263157894,3.9879478167035667,187,3,184,0.016042780748663103,0.968421052631579,3.627280737720939,198,12,186,0.06060606060606061,0.9789473684210527,1.280566
t,t,250,80,80,0.7,20,168,6,390,203,187,210,33,177,0.5205128205128206,0.9842105263157894,0.15714285714285714,0.9315789473684211,595,407,188,232,47,185,0.6840336134453782,0.9894736842105263,0.2025862068965517,0.9736842105263158,3.575037162407372,218,30,188,0.13761467889908258,0.9894736842105263,3.3870600756908127,231,42,189,0.18181818181818182,0.9947368421052631,4.040799933687326,196,9,187,0.04591836734693878,0.9842105263157894,3.6230828435238376,214,26,188,0.12149532710280374,0.9894736842105263,1.259814
t,t,250,80,80,0.7,20,169,6,1012,825,187,320,145,175,0.8152173913043478,0.9842105263157894,0.453125,0.9210526315789473,1899,1711,188,405,224,181,0.9010005265929436,0.9894736842105263,0.5530864197530864,0.9526315789473684,3.571303015128071,229,44,185,0.19213973799126638,0.9736842105263158,3.3434504208026663,261,74,187,0.2835249042145594,0.9842105263157894,4.908291697254417,172,8,164,0.046511627906976744,0.8631578947368421,4.245525598136301,195,16,179,0.08205128205128205,0.9421052631578948,1.298877
t,t,250,80,80,0.7,20,170,6,465,282,183,198,38,160,0.6064516129032258,0.9631578947368421,0.1919191919191919,0.8421052631578947,811,623,188,238,69,169,0.7681874229346486,0.9894736842105263,0.28991596638655465,0.8894736842105263,3.5978465640662365,210,26,184,0.12380952380952381,0.968421052631579,3.3975401474892757,223,39,184,0.17488789237668162,0.968421052631579,4.171460778180508,188,9,179,0.047872340425531915,0.9421052631578948,3.7328463598916604,203,20,183,0.09852216748768473,0.9631578947368421,1.18595
t,t,250,80,80,0.7,20,171,6,356,173,183,195,26,169,0.4859550561797753,0.9631578947368421,0.13333333333333333,0.8894736842105263,502,315,187,219,47,172,0.6274900398406374,0.9842105263157894,0.2146118721461187,0.9052631578947369,3.59922284971044,205,17,188,0.08292682926829269,0.9894736842105263,3.389444518947444,223,34,189,0.15246636771300448,0.9947368421052631,4.119131965966933,186,5,181,0.026881720430107527,0.9526315789473684,3.689096367525612,198,12,186,0.06060606060606061,0.9789473684210527,1.109391
t,t,250,80,80,0.7,20,172,6,383,197,186,198,31,167,0.5143603133159269,0.9789473684210527,0.15656565656565657,0.8789473684210526,600,412,188,222,48,174,0.6866666666666666,0.9894736842105263,0.21621621621621623,0.9157894736842105,3.587624728563367,217,29,188,0.1336405529953917,0.9894736842105263,3.40488815950721,232,44,188,0.1896551724137931,0.9894736842105263,4.2456249921087235,197,12,185,0.06091370558375635,0.9736842105263158,3.7071375926821544,211,23,188,0.10900473933649289,0.9894736842105263,1.25084
t,t,250,80,80,0.7,20,173,6,320,142,178,162,22,140,0.44375,0.9368421052631579,0.13580246913580246,0.7368421052631579,452,269,183,189,36,153,0.5951327433628318,0.9631578947368421,0.19047619047619047,0.8052631578947368,3.600922650333359,209,25,184,0.11961722488038277,0.968421052631579,3.4134913940462734,226,40,186,0.17699115044247787,0.9789473684210527,4.034680188642863,189,13,176,0.06878306878306878,0.9263157894736842,3.728008600603224,203,22,181,0.10837438423645321,0.9526315789473684,1.275438
t,t,250,80,80,0.7,20,174,6,380,199,181,192,31,161,0.5236842105263158,0.9526315789473684,0.16145833333333334,0.8473684210526315,640,453,187,206,42,164,0.7078125,0.9842105263157894,0.20388349514563106,0.8631578947368421,3.6267316331899795,212,27,185,0.12735849056603774,0.9736842105263158,3.37781139785397,229,44,185,0.19213973799126638,0.9736842105263158,4.137164412939988,182,7,175,0.038461538461538464,0.9210526315789473,3.7367623041566262,198,15,183,0.07575757575757576,0.9631578947368421,1.308414
t,t,250,80,80,0.7,20,175,6,393,216,177,177,36,141,0.549618320610687,0.9315789473684211,0.2033898305084746,0.7421052631578947,604,419,185,204,55,149,0.6937086092715232,0.9736842105263158,0.2696078431372549,0.7842105263157895,3.588293021996045,215,34,181,0.15813953488372093,0.9526315789473684,3.3608354469697237,244,60,184,0.2459016393442623,0.968421052631579,3.9988101608714604,183,14,169,0.07650273224043716,0.8894736842105263,3.63485312174638,210,29,181,0.1380952380952381,0.9526315789473684,1.307634
t,t,250,80,80,0.7,20,176,6,1276,1102,174,343,208,135,0.8636363636363636,0.9157894736842105,0.6064139941690962,0.7105263157894737,2181,2002,179,457,312,145,0.9179275561668959,0.9421052631578948,0.6827133479212254,0.7631578947368421,3.5806840990404147,216,68,148,0.3148148148148148,0.7789473684210526,3.358051464498587,248,95,153,0.38306451612903225,0.8052631578947368,5.392347699205045,101,10,91,0.09900990099009901,0.4789473684210526,4.615032933286586,134,21,113,0.15671641791044777,0.5947368421052631,1.238748
t,t,250,80,80,0.7,20,177,6,357,175,182,183,20,163,0.49019607843137253,0.9578947368421052,0.1092896174863388,0.8578947368421053,549,363,186,213,43,170,0.6612021857923497,0.9789473684210527,0.20187793427230047,0.8947368421052632,3.6038587897628567,203,18,185,0.08866995073891626,0.9736842105263158,3.380114803376419,232,45,187,0.1939655172413793,0.9842105263157894,4.221934523147377,187,6,181,0.03208556149732621,0.9526315789473684,3.7472144605087605,200,15,185,0.075,0.9736842105263158,1.285666
t,t,250,80,80,0.7,20,178,6,314,132,182,191,20,171,0.42038216560509556,0.9578947368421052,0.10471204188481675,0.9,448,262,186,217,40,177,0.5848214285714286,0.9789473684210527,0.18433179723502305,0.9315789473684211,3.5966714918391816,205,18,187,0.08780487804878048,0.9842105263157894,3.380523162679311,230,43,187,0.18695652173913044,0.9842105263157894,4.146288081793568,186,3,183,0.016129032258064516,0.9631578947368421,3.69494441193519,199,12,187,0.06030150753768844,0.9842105263157894,1.25084
t,t,250,80,80,0.7,20,179,6,396,213,183,176,21,155,0.5378787878787878,0.9631578947368421,0.11931818181818182,0.8157894736842105,677,491,186,197,33,164,0.725258493353028,0.9789473684210527,0.16751269035532995,0.8631578947368421,3.6053072167739995,202,19,183,0.09405940594059406,0.9631578947368421,3.3934769385321686,220,35,185,0.1590909090909091,0.9736842105263158,4.321392553026504,177,3,174,0.01694915254237288,0.9157894736842105,3.946689810002978,185,5,180,0.02702702702702703,0.9473684210526315,1.12971
t,t,250,80,80,0.7,20,180,6,400,214,186,199,36,163,0.535,0.9789473684210527,0.18090452261306533,0.8578947368421053,638,449,189,221,50,171,0.7037617554858934,0.9947368421052631,0.22624434389140272,0.9,3.5763311312239994,218,31,187,0.14220183486238533,0.9842105263157894,3.372206158838181,241,52,189,0.2157676348547718,0.9947368421052631,4.089527882946494,186,6,180,0.03225806451612903,0.9473684210526315,3.701143511304163,210,23,187,0.10952380952380952,0.9842105263157894,1.209969
t,t,250,80,80,0.7,20,181,6,334,155,179,177,16,161,0.46407185628742514,0.9421052631578948,0.0903954802259887,0.8473684210526315,502,319,183,206,35,171,0.6354581673306773,0.9631578947368421,0.16990291262135923,0.9,3.5926818497328608,205,22,183,0.1073170731707317,0.9631578947368421,3.3928193612203716,223,40,183,0.17937219730941703,0.9631578947368421,4.1061818504420415,188,10,178,0.05319148936170213,0.9368421052631579,3.680567370098467,202,19,183,0.09405940594059406,0.9631578947368421,1.18782
t,t,250,80,80,0.7,20,182,6,435,261,174,191,40,151,0.6,0.9157894736842105,0.2094240837696335,0.7947368421052632,682,499,183,219,63,156,0.7316715542521994,0.9631578947368421,0.2876712328767123,0.8210526315789474,3.6025413446800587,208,30,178,0.14423076923076922,0.9368421052631579,3.374543363966875,232,51,181,0.21982758620689655,0.9526315789473684,4.117141833936915,178,11,167,0.06179775280898876,0.8789473684210526,3.73658656627024,190,16,174,0.08421052631578947,0.9157894736842105,1.296478
t,t,250,80,80,0.7,20,183,6,727,541,186,246,81,165,0.7441540577716643,0.9789473684210527,0.32926829268292684,0.868421052631579,1149,962,187,305,133,172,0.8372497824194952,0.9842105263157894,0.4360655737704918,0.9052631578947369,3.5774160759218967,221,37,184,0.167420814479638,0.968421052631579,3.356852379362839,248,63,185,0.2540322580645161,0.9736842105263158,4.496777071765127,179,12,167,0.0670391061452514,0.8789473684210526,3.9654808692940544,195,20,175,0.10256410256410256,0.9210526315789473,1.238116
t,t,250,80,80,0.7,20,184,6,403,215,188,200,34,166,0.533498759305211,0.9894736842105263,0.17,0.8736842105263158,668,479,189,227,53,174,0.7170658682634731,0.9947368421052631,0.23348017621145375,0.9157894736842105,3.5932951580206987,214,25,189,0.11682242990654206,0.9947368421052631,3.3770121265806927,230,41,189,0.1782608695652174,0.9947368421052631,4.099418631671984,193,7,186,0.03626943005181347,0.9789473684210527,3.7223167234773564,207,18,189,0.08695652173913043,0.9947368421052631,1.25763
t,t,250,80,80,0.7,20,185,6,328,141,187,190,19,171,0.4298780487804878,0.9842105263157894,0.1,0.9,490,303,187,206,29,177,0.6183673469387755,0.9842105263157894,0.1407766990291262,0.9315789473684211,3.6097857777263798,205,17,188,0.08292682926829269,0.9894736842105263,3.3879163252096127,221,33,188,0.1493212669683258,0.9894736842105263,4.025022106916853,192,5,187,0.026041666666666668,0.9842105263157894,3.6808426190919974,201,14,187,0.06965174129353234,0.9842105263157894,1.691775
t,t,250,80,80,0.7,20,186,6,919,737,182,270,108,162,0.8019586507072906,0.9578947368421052,0.4,0.8526315789473684,1603,1416,187,325,160,165,0.8833437305053026,0.9842105263157894,0.49230769230769234,0.868421052631579,3.593774209933114,210,30,180,0.14285714285714285,0.9473684210526315,3.378843825310783,239,59,180,0.24686192468619247,0.9473684210526315,4.690705999751499,162,3,159,0.018518518518518517,0.8368421052631579,4.010819017039343,188,18,170,0.09574468085106383,0.8947368421052632,1.341548
t,t,250,80,80,0.7,20,187,6,1445,1256,189,412,232,180,0.8692041522491349,0.9947368421052631,0.5631067961165048,0.9473684210526315,2450,2260,190,532,350,182,0.9224489795918367,1.0,0.6578947368421053,0.9578947368421052,3.559252555704418,234,48,186,0.20512820512820512,0.9789473684210527,3.3517031781851823,252,64,188,0.25396825396825395,0.9894736842105263,5.0911900628351985,185,7,178,0.03783783783783784,0.9368421052631579,4.156137355231888,203,21,182,0.10344827586206896,0.9578947368421052,1.16436
t,t,250,80,80,0.7,20,188,6,466,280,186,207,38,169,0.6008583690987125,0.9789473684210527,0.18357487922705315,0.8894736842105263,757,570,187,240,66,174,0.7529722589167768,0.9842105263157894,0.275,0.9157894736842105,3.5942765693850465,203,17,186,0.08374384236453201,0.9789473684210527,3.387083140332903,223,37,186,0.16591928251121077,0.9789473684210527,4.10562524323647,191,8,183,0.041884816753926704,0.9631578947368421,3.6819292148433385,202,16,186,0.07920792079207921,0.9789473684210527,1.179606
t,t,250,80,80,0.7,20,189,6,495,327,168,163,32,131,0.6606060606060606,0.8842105263157894,0.19631901840490798,0.6894736842105263,902,722,180,211,65,146,0.8004434589800443,0.9473684210526315,0.3080568720379147,0.7684210526315789,3.62074081406706,193,23,170,0.11917098445595854,0.8947368421052632,3.4093050672292415,214,38,176,0.17757009345794392,0.9263157894736842,4.349749943384395,158,9,149,0.056962025316455694,0.7842105263157895,3.853274262955341,175,14,161,0.08,0.8473684210526315,1.270848
t,t,250,80,80,0.7,20,190,6,490,310,180,200,39,161,0.6326530612244898,0.9473684210526315,0.195,0.8473684210526315,814,630,184,239,68,171,0.773955773955774,0.968421052631579,0.28451882845188287,0.9,3.5877001075214947,208,26,182,0.125,0.9578947368421052,3.3771241236178495,230,47,183,0.20434782608695654,0.9631578947368421,4.268874629494521,180,6,174,0.03333333333333333,0.9157894736842105,3.8110983773114344,192,14,178,0.07291666666666667,0.9368421052631579,1.151964
t,t,250,80,80,0.7,20,191,6,399,212,187,212,38,174,0.531328320802005,0.9842105263157894,0.1792452830188679,0.9157894736842105,686,499,187,237,59,178,0.7274052478134111,0.9842105263157894,0.2489451476793249,0.9368421052631579,3.5881435001514843,211,24,187,0.11374407582938388,0.9842105263157894,3.380214226517507,237,50,187,0.2109704641350211,0.9842105263157894,4.172160685743143,195,9,186,0.046153846153846156,0.9789473684210527,3.760646204054271,204,17,187,0.08333333333333333,0.9842105263157894,1.392812
t,t,250,80,80,0.7,20,192,6,454,269,185,208,40,168,0.5925110132158591,0.9736842105263158,0.19230769230769232,0.8842105263157894,717,529,188,231,57,174,0.7377963737796374,0.9894736842105263,0.24675324675324675,0.9157894736842105,3.5991553277387833,204,18,186,0.08823529411764706,0.9789473684210527,3.391071305781272,227,40,187,0.1762114537444934,0.9842105263157894,4.25715541943781,183,3,180,0.01639344262295082,0.9473684210526315,3.858603704393186,195,11,184,0.05641025641025641,0.968421052631579,1.195655
t,t,250,80,80,0.7,20,193,6,1546,1367,179,343,202,141,0.8842173350582148,0.9421052631578948,0.5889212827988338,0.7421052631578947,2587,2402,185,484,333,151,0.9284885968303054,0.9736842105263158,0.6880165289256198,0.7947368421052632,3.5800349033731544,215,54,161,0.25116279069767444,0.8473684210526315,3.3713877051682455,238,74,164,0.31092436974789917,0.8631578947368421,5.306941392095165,109,10,99,0.09174311926605505,0.5210526315789473,4.5153459877466675,144,17,127,0.11805555555555555,0.6684210526315789,1.299454
t,t,250,80,80,0.7,20,194,6,382,199,183,203,25,178,0.5209424083769634,0.9631578947368421,0.12315270935960591,0.9368421052631579,614,428,186,216,37,179,0.6970684039087948,0.9789473684210527,0.1712962962962963,0.9421052631578948,3.638549130726376,209,24,185,0.11483253588516747,0.9736842105263158,3.3952334159934767,222,35,187,0.15765765765765766,0.9842105263157894,4.048312853693799,197,15,182,0.07614213197969544,0.9578947368421052,3.6956771741229812,207,22,185,0.10628019323671498,0.9736842105263158,1.146126
t,t,250,80,80,0.7,20,195,6,274,137,137,116,13,103,0.5,0.7210526315789474,0.11206896551724138,0.5421052631578948,485,324,161,140,23,117,0.668041237113402,0.8473684210526315,0.16428571428571428,0.6157894736842106,3.6571185024476542,159,16,143,0.10062893081761007,0.7526315789473684,3.4597372631004943,176,24,152,0.13636363636363635,0.8,4.125544706008776,135,6,129,0.044444444444444446,0.6789473684210526,3.7162799629656074,154,13,141,0.08441558441558442,0.7421052631578947,1.252165
t,t,250,80,80,0.7,20,196,6,334,148,186,185,16,169,0.4431137724550898,0.9789473684210527,0.08648648648648649,0.8894736842105263,525,337,188,206,29,177,0.6419047619047619,0.9894736842105263,0.1407766990291262,0.9315789473684211,3.5976340560693454,205,17,188,0.08292682926829269,0.9894736842105263,3.402451502398692,213,25,188,0.11737089201877934,0.9894736842105263,4.056278345659271,194,8,186,0.041237113402061855,0.9789473684210527,3.7215691816231558,201,13,188,0.06467661691542288,0.9894736842105263,1.149359
t,t,250,80,80,0.7,20,197,6,327,145,182,169,18,151,0.4434250764525994,0.9578947368421052,0.10650887573964497,0.7947368421052632,494,306,188,198,37,161,0.6194331983805668,0.9894736842105263,0.18686868686868688,0.8473684210526315,3.61750823562269,201,13,188,0.06467661691542288,0.9894736842105263,3.385328472606138,223,35,188,0.15695067264573992,0.9894736842105263,3.9891802360267805,186,4,182,0.021505376344086023,0.9578947368421052,3.68259706634657,197,11,186,0.05583756345177665,0.9789473684210527,1.215479
t,t,250,80,80,0.7,20,198,6,333,148,185,205,29,176,0.4444444444444444,0.9736842105263158,0.14146341463414633,0.9263157894736842,483,297,186,225,44,181,0.6149068322981367,0.9789473684210527,0.19555555555555557,0.9526315789473684,3.587749287934952,214,28,186,0.1308411214953271,0.9789473684210527,3.390932700880101,229,43,186,0.18777292576419213,0.9789473684210527,3.9921754002184002,195,10,185,0.05128205128205128,0.9736842105263158,3.6523110641605143,207,21,186,0.10144927536231885,0.9789473684210527,1.200688
t,t,250,80,80,0.7,20,199,6,362,172,190,210,28,182,0.47513812154696133,1.0,0.13333333333333333,0.9578947368421052,557,367,190,230,41,189,0.6588868940754039,1.0,0.1782608695652174,0.9947368421052631,3.6019079290816114,212,22,190,0.10377358490566038,1.0,3.3844897698654695,224,34,190,0.15178571428571427,1.0,4.0917642887065435,199,10,189,0.05025125628140704,0.9947368421052631,3.7055603904697416,209,19,190,0.09090909090909091,1.0,1.168433
t,t,250,80,80,0.7,20,200,6,389,204,185,186,26,160,0.5244215938303342,0.9736842105263158,0.13978494623655913,0.8421052631578947,637,450,187,221,48,173,0.706436420722135,0.9842105263157894,0.2171945701357466,0.9105263157894737,3.6355811856961204,202,15,187,0.07425742574257425,0.9842105263157894,3.3942786003606864,219,32,187,0.1461187214611872,0.9842105263157894,4.07498871912502,189,5,184,0.026455026455026454,0.968421052631579,3.699789665913382,199,14,185,0.07035175879396985,0.9736842105263158,1.409488
t,t,250,80,80,0.7,20,201,6,301,113,188,183,14,169,0.3754152823920266,0.9894736842105263,0.07650273224043716,0.8894736842105263,438,249,189,193,17,176,0.5684931506849316,0.9947368421052631,0.08808290155440414,0.9263157894736842,3.6390361570263043,201,12,189,0.05970149253731343,0.9947368421052631,3.4358561247127386,212,22,190,0.10377358490566038,1.0,3.889857971482066,194,6,188,0.030927835051546393,0.9894736842105263,3.6390361570263043,201,12,189,0.05970149253731343,0.9947368421052631,1.199397
t,t,250,80,80,0.7,20,202,6,335,154,181,175,22,153,0.4597014925373134,0.9526315789473684,0.12571428571428572,0.8052631578947368,550,364,186,190,30,160,0.6618181818181819,0.9789473684210527,0.15789473684210525,0.8421052631578947,3.5960107240091412,203,20,183,0.09852216748768473,0.9631578947368421,3.3957005394973785,220,34,186,0.15454545454545454,0.9789473684210527,4.049395417903565,185,5,180,0.02702702702702703,0.9473684210526315,3.731118829227094,194,12,182,0.061855670103092786,0.9578947368421052,1.201935
t,t,250,80,80,0.7,20,203,6,306,134,172,152,12,140,0.43790849673202614,0.9052631578947369,0.07894736842105263,0.7368421052631579,457,276,181,175,27,148,0.6039387308533917,0.9526315789473684,0.15428571428571428,0.7789473684210526,3.603438685475623,198,17,181,0.08585858585858586,0.9526315789473684,3.3924098808990477,222,39,183,0.17567567567567569,0.9631578947368421,3.9700503621905647,177,3,174,0.01694915254237288,0.9157894736842105,3.655959474129033,193,13,180,0.06735751295336788,0.9473684210526315,1.191338
t,t,250,80,80,0.7,20,204,6,350,217,133,108,20,88,0.62,0.7,0.18518518518518517,0.4631578947368421,607,450,157,140,42,98,0.7413509060955519,0.8263157894736842,0.3,0.5157894736842106,3.6987175652275885,137,11,126,0.08029197080291971,0.6631578947368421,3.4806401516491734,157,26,131,0.16560509554140126,0.6894736842105263,4.468676295895943,102,5,97,0.049019607843137254,0.5105263157894737,3.9082248848500662,126,9,117,0.07142857142857142,0.6157894736842106,1.223632
t,t,250,80,80,0.7,20,205,6,385,222,163,165,33,132,0.5766233766233766,0.8578947368421053,0.2,0.6947368421052632,624,454,170,200,57,143,0.7275641025641025,0.8947368421052632,0.285,0.7526315789473684,3.666529861197288,180,19,161,0.10555555555555556,0.8473684210526315,3.412493692065925,208,41,167,0.1971153846153846,0.8789473684210526,4.117943355929667,159,6,153,0.03773584905660377,0.8052631578947368,3.705786304811173,176,17,159,0.09659090909090909,0.8368421052631579,1.229708
t,t,250,80,80,0.7,20,206,6,646,459,187,255,78,177,0.7105263157894737,0.9842105263157894,0.3058823529411765,0.9315789473684211,1147,958,189,297,117,180,0.8352223190932868,0.9947368421052631,0.3939393939393939,0.9473684210526315,3.598115575257665,212,26,186,0.12264150943396226,0.9789473684210527,3.393234601644729,227,41,186,0.18061674008810572,0.9789473684210527,4.311496911441108,188,7,181,0.03723404255319149,0.9526315789473684,3.853247356236155,200,14,186,0.07,0.9789473684210527,1.177536
t,t,250,80,80,0.7,20,207,6,712,524,188,257,82,175,0.7359550561797753,0.9894736842105263,0.31906614785992216,0.9210526315789473,1284,1095,189,307,129,178,0.852803738317757,0.9947368421052631,0.4201954397394137,0.9368421052631579,3.581568888381939,219,31,188,0.1415525114155251,0.9894736842105263,3.378114164782031,233,45,188,0.19313304721030042,0.9894736842105263,4.4153370527471685,192,13,179,0.06770833333333333,0.9421052631578948,3.895611018070455,210,23,187,0.10952380952380952,0.9842105263157894,1.187574
t,t,250,80,80,0.7,20,208,6,283,102,181,177,16,161,0.36042402826855124,0.9526315789473684,0.0903954802259887,0.8473684210526315,389,204,185,195,25,170,0.5244215938303342,0.9736842105263158,0.1282051282051282,0.8947368421052632,3.6062002104026782,211,24,187,0.11374407582938388,0.9842105263157894,3.3877956101808797,230,43,187,0.18695652173913044,0.9842105263157894,3.947299350083383,201,16,185,0.07960199004975124,0.9736842105263158,3.7272188310286607,209,23,186,0.11004784688995216,0.9789473684210527,1.278831
t,t,250,80,80,0.7,20,209,6,239,74,165,141,3,138,0.30962343096234307,0.868421052631579,0.02127659574468085,0.7263157894736842,362,186,176,153,8,145,0.5138121546961326,0.9263157894736842,0.05228758169934641,0.7631578947368421,3.641695073065669,183,6,177,0.03278688524590164,0.9315789473684211,3.4187238314115667,200,20,180,0.1,0.9473684210526315,3.9658623560037465,173,2,171,0.011560693641618497,0.9,3.641695073065669,183,6,177,0.03278688524590164,0.9315789473684211,1.284714
t,t,250,80,80,0.7,20,210,6,311,125,186,189,21,168,0.40192926045016075,0.9789473684210527,0.1111111111111111,0.8842105263157894,438,251,187,208,37,171,0.5730593607305936,0.9842105263157894,0.1778846153846154,0.9,3.5899576055896207,214,27,187,0.1261682242990654,0.9842105263157894,3.3857473496213837,234,47,187,0.20085470085470086,0.9842105263157894,4.0308059545415915,193,6,187,0.031088082901554404,0.9842105263157894,3.674179033003343,209,22,187,0.10526315789473684,0.9842105263157894,1.170851
t,t,250,80,80,0.7,20,211,6,337,149,188,201,22,179,0.4421364985163205,0.9894736842105263,0.10945273631840796,0.9421052631578948,554,365,189,229,45,184,0.6588447653429603,0.9947368421052631,0.1965065502183406,0.968421052631579,3.6191923851110985,204,15,189,0.07352941176470588,0.9947368421052631,3.3918623622467914,230,40,190,0.17391304347826086,1.0,4.030291490096605,194,5,189,0.02577319587628866,0.9947368421052631,3.7719773015580675,202,13,189,0.06435643564356436,0.9947368421052631,1.186797
t,t,250,80,80,0.7,20,212,6,261,81,180,183,12,171,0.3103448275862069,0.9473684210526315,0.06557377049180328,0.9,369,184,185,191,19,172,0.4986449864498645,0.9736842105263158,0.09947643979057591,0.9052631578947369,3.5947567758985044,206,19,187,0.09223300970873786,0.9842105263157894,3.382873290498965,224,37,187,0.16517857142857142,0.9842105263157894,3.9060784205888184,193,8,185,0.04145077720207254,0.9736842105263158,3.6245940978741547,205,18,187,0.08780487804878048,0.9842105263157894,1.161076
t,t,250,80,80,0.7,20,213,6,770,588,182,261,92,169,0.7636363636363637,0.9578947368421052,0.3524904214559387,0.8894736842105263,1377,1191,186,322,149,173,0.8649237472766884,0.9789473684210527,0.46273291925465837,0.9105263157894737,3.5755797918944388,219,43,176,0.1963470319634703,0.9263157894736842,3.3702185025361446,246,63,183,0.25609756097560976,0.9631578947368421,4.58919682788554,178,9,169,0.05056179775280899,0.8894736842105263,3.9958754377910406,192,18,174,0.09375,0.9157894736842105,1.237659
t,t,250,80,80,0.7,20,214,6,262,75,187,185,6,179,0.2862595419847328,0.9842105263157894,0.032432432432432434,0.9421052631578948,371,183,188,197,15,182,0.49326145552560646,0.9894736842105263,0.07614213197969544,0.9578947368421052,3.6311714457963262,199,11,188,0.05527638190954774,0.9894736842105263,3.4026098191829437,208,20,188,0.09615384615384616,0.9894736842105263,3.9718353841794127,193,5,188,0.025906735751295335,0.9894736842105263,3.676117123833442,198,10,188,0.050505050505050504,0.9894736842105263,1.179008
t,t,250,80,80,0.7,20,215,6,339,155,184,194,17,177,0.45722713864306785,0.968421052631579,0.08762886597938144,0.9315789473684211,502,314,188,206,28,178,0.6254980079681275,0.9894736842105263,0.13592233009708737,0.9368421052631579,3.609209441814713,202,15,187,0.07425742574257425,0.9842105263157894,3.403250796178509,216,27,189,0.125,0.9947368421052631,4.134789267741155,188,3,185,0.015957446808510637,0.9736842105263158,3.7446013445201918,199,12,187,0.06030150753768844,0.9842105263157894,1.257305
t,t,250,80,80,0.7,20,216,6,1048,877,171,264,127,137,0.8368320610687023,0.9,0.4810606060606061,0.7210526315789474,1834,1654,180,387,243,144,0.9018538713195202,0.9473684210526315,0.627906976744186,0.7578947368421053,3.6328841586544987,198,43,155,0.21717171717171718,0.8157894736842105,3.3653897036868674,239,79,160,0.3305439330543933,0.8421052631578947,4.9469494202091555,128,9,119,0.0703125,0.6263157894736842,4.238856928558812,154,17,137,0.11038961038961038,0.7210526315789474,1.206076
t,t,250,80,80,0.7,20,217,6,385,199,186,210,35,175,0.5168831168831168,0.9789473684210527,0.16666666666666666,0.9210526315789473,600,411,189,231,53,178,0.685,0.9947368421052631,0.22943722943722944,0.9368421052631579,3.616092747683263,207,19,188,0.09178743961352658,0.9894736842105263,3.370851046268372,234,45,189,0.19230769230769232,0.9947368421052631,3.9853851012797405,199,13,186,0.06532663316582915,0.9789473684210527,3.616092747683263,207,19,188,0.09178743961352658,0.9894736842105263,1.296668
t,t,250,80,80,0.7,20,218,6,430,250,180,177,29,148,0.5813953488372093,0.9473684210526315,0.1638418079096045,0.7789473684210526,749,563,186,206,50,156,0.7516688918558078,0.9789473684210527,0.24271844660194175,0.8210526315789474,3.5969384875184565,204,22,182,0.10784313725490197,0.9578947368421052,3.3999749218315736,219,35,184,0.1598173515981735,0.968421052631579,4.10324455803751,178,7,171,0.03932584269662921,0.9,3.7003817090003324,196,16,180,0.08163265306122448,0.9473684210526315,1.226315
t,t,250,80,80,0.7,20,219,6,942,777,165,258,134,124,0.8248407643312102,0.868421052631579,0.5193798449612403,0.6526315789473685,1627,1455,172,340,203,137,0.8942839582052858,0.9052631578947369,0.5970588235294118,0.7210526315789474,3.5883082262940675,208,54,154,0.25961538461538464,0.8105263157894737,3.3618799871645235,242,83,159,0.34297520661157027,0.8368421052631579,5.084015751120461,121,9,112,0.0743801652892562,0.5894736842105263,4.313894376046113,154,26,128,0.16883116883116883,0.6736842105263158,1.254875
t,t,250,80,80,0.7,20,220,6,382,201,181,195,35,160,0.5261780104712042,0.9526315789473684,0.1794871794871795,0.8421052631578947,654,467,187,215,50,165,0.7140672782874617,0.9842105263157894,0.23255813953488372,0.868421052631579,3.6024053392695183,208,22,186,0.10576923076923077,0.9789473684210527,3.404765873082769,222,35,187,0.15765765765765766,0.9842105263157894,4.023704274124794,196,16,180,0.08163265306122448,0.9473684210526315,3.658073967236947,205,20,185,0.0975609756097561,0.9736842105263158,1.148361
t,t,250,80,80,0.7,20,221,6,350,204,146,125,31,94,0.5828571428571429,0.7684210526315789,0.248,0.49473684210526314,588,429,159,159,51,108,0.7295918367346939,0.8368421052631579,0.32075471698113206,0.5684210526315789,3.632596592925155,183,35,148,0.1912568306010929,0.7789473684210526,3.4392267233586855,199,47,152,0.23618090452261306,0.8,4.401766258526741,129,10,119,0.07751937984496124,0.6263157894736842,3.8448913261448125,161,21,140,0.13043478260869565,0.7368421052631579,1.172942
t,t,250,80,80,0.7,20,222,6,3199,3012,187,991,819,172,0.9415442325726789,0.9842105263157894,0.8264379414732593,0.9052631578947369,4770,4581,189,1333,1158,175,0.960377358490566,0.9947368421052631,0.8687171792948237,0.9210526315789473,3.4670689642915096,347,172,175,0.4956772334293948,0.9210526315789473,3.201014102603852,427,247,180,0.5784543325526932,0.9473684210526315,6.302503198917919,145,27,118,0.18620689655172415,0.6210526315789474,5.545067904795035,176,42,134,0.23863636363636365,0.7052631578947368,1.139994
t,t,250,80,80,0.7,20,223,6,376,191,185,200,27,173,0.5079787234042553,0.9736842105263158,0.135,0.9105263157894737,583,397,186,223,44,179,0.6809605488850772,0.9789473684210527,0.19730941704035873,0.9421052631578948,3.6090616898581387,208,22,186,0.10576923076923077,0.9789473684210527,3.391234690914795,232,44,188,0.1896551724137931,0.9894736842105263,4.069665661970368,194,8,186,0.041237113402061855,0.9789473684210527,3.6970526087313105,206,20,186,0.0970873786407767,0.9789473684210527,1.31721
t,t,250,80,80,0.7,20,224,6,572,391,181,203,47,156,0.6835664335664335,0.9526315789473684,0.2315270935960591,0.8210526315789474,993,808,185,241,80,161,0.8136958710976838,0.9736842105263158,0.33195020746887965,0.8473684210526315,3.6022808824583534,201,23,178,0.11442786069651742,0.9368421052631579,3.394251154468577,216,34,182,0.1574074074074074,0.9578947368421052,4.317650131347162,164,2,162,0.012195121951219513,0.8526315789473684,3.779561398344621,192,17,175,0.08854166666666667,0.9210526315789473,1.32047
t,t,250,80,80,0.7,20,225,6,1277,1089,188,330,150,180,0.8527799530148786,0.9894736842105263,0.45454545454545453,0.9473684210526315,2190,2001,189,441,258,183,0.9136986301369863,0.9947368421052631,0.5850340136054422,0.9631578947368421,3.665317906331601,222,34,188,0.15315315315315314,0.9894736842105263,3.368523518654294,243,55,188,0.22633744855967078,0.9894736842105263,4.805315125137669,186,11,175,0.05913978494623656,0.9210526315789473,4.20264362380087,198,15,183,0.07575757575757576,0.9631578947368421,1.338824
t,t,250,80,80,0.7,20,226,6,785,597,188,284,105,179,0.7605095541401274,0.9894736842105263,0.36971830985915494,0.9421052631578948,1412,1222,190,341,157,184,0.8654390934844193,1.0,0.4604105571847507,0.968421052631579,3.6231280851275014,238,50,188,0.21008403361344538,0.9894736842105263,3.3431318836318678,260,72,188,0.27692307692307694,0.9894736842105263,4.62527409199537,198,15,183,0.07575757575757576,0.9631578947368421,3.9450173706863536,225,37,188,0.16444444444444445,0.9894736842105263,1.165789
t,t,250,80,80,0.7,20,227,6,389,199,190,212,39,173,0.5115681233933161,1.0,0.18396226415094338,0.9105263157894737,633,443,190,234,53,181,0.6998420221169036,1.0,0.2264957264957265,0.9526315789473684,3.577554454979226,221,31,190,0.14027149321266968,1.0,3.3633609335057946,240,50,190,0.20833333333333334,1.0,4.034839957723315,199,10,189,0.05025125628140704,0.9947368421052631,3.6619439589073566,214,24,190,0.11214953271028037,1.0,1.307778
t,t,250,80,80,0.7,20,228,6,322,139,183,177,8,169,0.43167701863354035,0.9631578947368421,0.04519774011299435,0.8894736842105263,464,277,187,197,21,176,0.5969827586206896,0.9842105263157894,0.1065989847715736,0.9263157894736842,3.633964079245231,195,7,188,0.035897435897435895,0.9894736842105263,3.412841112055152,209,20,189,0.09569377990430622,0.9947368421052631,4.038776918562763,189,3,186,0.015873015873015872,0.9789473684210527,3.7818067211625244,192,5,187,0.026041666666666668,0.9842105263157894,1.155394
t,t,250,80,80,0.7,20,229,6,321,167,154,148,29,119,0.5202492211838006,0.8105263157894737,0.19594594594594594,0.6263157894736842,512,345,167,170,42,128,0.673828125,0.8789473684210526,0.24705882352941178,0.6736842105263158,3.6046306630557257,195,33,162,0.16923076923076924,0.8526315789473684,3.387603378516004,222,55,167,0.24774774774774774,0.8789473684210526,4.201220915026182,159,13,146,0.08176100628930817,0.7684210526315789,3.7848533921425997,181,22,159,0.12154696132596685,0.8368421052631579,1.176204
t,t,250,80,80,0.7,20,230,6,1074,894,180,277,118,159,0.8324022346368715,0.9473684210526315,0.4259927797833935,0.8368421052631579,1832,1645,187,368,202,166,0.8979257641921398,0.9842105263157894,0.5489130434782609,0.8736842105263158,3.588415785117895,209,38,171,0.18181818181818182,0.9,3.3727578211919074,232,59,173,0.2543103448275862,0.9105263157894737,4.622522358034352,160,7,153,0.04375,0.8052631578947368,4.036427576201388,182,15,167,0.08241758241758242,0.8789473684210526,1.13643
t,t,250,80,80,0.7,20,231,6,426,242,184,192,34,158,0.568075117370892,0.968421052631579,0.17708333333333334,0.8315789473684211,769,582,187,217,54,163,0.7568270481144344,0.9842105263157894,0.2488479262672811,0.8578947368421053,3.588065040902668,209,25,184,0.11961722488038277,0.968421052631579,3.38132708535432,225,40,185,0.17777777777777778,0.9736842105263158,4.101270671661667,189,13,176,0.06878306878306878,0.9263157894736842,3.6979981769007795,204,20,184,0.09803921568627451,0.968421052631579,1.253459
t,t,250,80,80,0.7,20,232,6,569,406,163,152,34,118,0.7135325131810193,0.8578947368421053,0.2236842105263158,0.6210526315789474,1008,834,174,202,69,133,0.8273809523809523,0.9157894736842105,0.3415841584158416,0.7,3.617996969791433,188,29,159,0.15425531914893617,0.8368421052631579,3.4552399246810324,200,37,163,0.185,0.8578947368421053,4.354623281522229,143,10,133,0.06993006993006994,0.7,3.8630167653906553,166,21,145,0.12650602409638553,0.7631578947368421,1.203701
t,t,250,80,80,0.7,20,233,6,493,320,173,182,46,136,0.6490872210953347,0.9105263157894737,0.25274725274725274,0.7157894736842105,890,708,182,225,81,144,0.7955056179775281,0.9578947368421052,0.36,0.7578947368421053,3.59775855352537,202,31,171,0.15346534653465346,0.9,3.4104726182737335,216,41,175,0.18981481481481483,0.9210526315789473,4.262547952688224,161,10,151,0.062111801242236024,0.7947368421052632,3.7752857795784602,183,20,163,0.1092896174863388,0.8578947368421053,1.330026
t,t,250,80,80,0.7,20,234,6,365,183,182,198,30,168,0.5013698630136987,0.9578947368421052,0.15151515151515152,0.8842105263157894,548,360,188,214,43,171,0.656934306569343,0.9894736842105263,0.20093457943925233,0.9,3.5810110023310897,215,26,189,0.12093023255813953,0.9947368421052631,3.3691681462643497,235,45,190,0.19148936170212766,1.0,4.163739554029134,188,8,180,0.0425531914893617,0.9473684210526315,3.730672256605878,205,18,187,0.08780487804878048,0.9842105263157894,1.13601
t,t,250,80,80,0.7,20,235,6,299,116,183,186,16,170,0.3879598662207358,0.9631578947368421,0.08602150537634409,0.8947368421052632,445,258,187,209,32,177,0.5797752808988764,0.9842105263157894,0.15311004784688995,0.9315789473684211,3.6009746107560345,205,18,187,0.08780487804878048,0.9842105263157894,3.3840134191445546,223,35,188,0.15695067264573992,0.9894736842105263,4.043160502620042,193,8,185,0.04145077720207254,0.9736842105263158,3.615044191630085,204,17,187,0.08333333333333333,0.9842105263157894,1.271187
t,t,250,80,80,0.7,20,236,6,360,203,157,153,31,122,0.5638888888888889,0.8263157894736842,0.20261437908496732,0.6421052631578947,606,433,173,179,50,129,0.7145214521452146,0.9105263157894737,0.27932960893854747,0.6789473684210526,3.6103133871330084,191,31,160,0.16230366492146597,0.8421052631578947,3.403110052696583,222,55,167,0.24774774774774774,0.8789473684210526,4.243060537332841,156,11,145,0.07051282051282051,0.7631578947368421,3.8156241575036276,178,20,158,0.11235955056179775,0.8315789473684211,1.195258
t,t,250,80,80,0.7,20,237,6,374,193,181,191,27,164,0.516042780748663,0.9526315789473684,0.14136125654450263,0.8631578947368421,588,405,183,219,50,169,0.6887755102040817,0.9631578947368421,0.228310502283105,0.8894736842105263,3.6069340467480804,210,26,184,0.12380952380952381,0.968421052631579,3.375737123834469,234,48,186,0.20512820512820512,0.9789473684210527,4.319413844660242,188,8,180,0.0425531914893617,0.9473684210526315,3.842735375076553,198,15,183,0.07575757575757576,0.9631578947368421,1.276886
t,t,250,80,80,0.7,20,238,6,533,349,184,200,40,160,0.6547842401500938,0.968421052631579,0.2,0.8421052631578947,946,759,187,233,69,164,0.8023255813953488,0.9842105263157894,0.296137339055794,0.8631578947368421,3.5947682137644534,211,27,184,0.12796208530805686,0.968421052631579,3.389902205960973,221,34,187,0.15384615384615385,0.9842105263157894,4.439998123757696,173,8,165,0.046242774566473986,0.868421052631579,3.8804003855989015,197,15,182,0.07614213197969544,0.9578947368421052,1.126965
t,t,250,80,80,0.7,20,239,6,743,555,188,281,104,177,0.746971736204576,0.9894736842105263,0.3701067615658363,0.9315789473684211,1302,1112,190,345,163,182,0.8540706605222734,1.0,0.47246376811594204,0.9578947368421052,3.5598453627871756,235,48,187,0.20425531914893616,0.9842105263157894,3.342701952396871,261,71,190,0.2720306513409962,1.0,4.613236463121676,194,12,182,0.061855670103092786,0.9578947368421052,4.009806036188027,207,22,185,0.10628019323671498,0.9736842105263158,1.208657
t,t,250,80,80,0.7,20,240,6,1506,1335,171,377,227,150,0.8864541832669323,0.9,0.6021220159151194,0.7894736842105263,2593,2413,180,545,392,153,0.930582337061319,0.9473684210526315,0.7192660550458716,0.8052631578947368,3.5939412588228286,216,53,163,0.24537037037037038,0.8578947368421053,3.3622019586636993,248,83,165,0.3346774193548387,0.868421052631579,4.976542325962203,146,13,133,0.08904109589041095,0.7,4.260544076240476,173,23,150,0.1329479768786127,0.7894736842105263,1.173814
t,t,250,80,80,0.7,20,241,6,419,246,173,194,50,144,0.5871121718377088,0.9105263157894737,0.25773195876288657,0.7578947368421053,768,585,183,233,80,153,0.76171875,0.9631578947368421,0.34334763948497854,0.8052631578947368,3.5852418403291546,214,40,174,0.18691588785046728,0.9157894736842105,3.360697266206596,244,67,177,0.27459016393442626,0.9315789473684211,4.241123963975875,175,12,163,0.06857142857142857,0.8578947368421053,3.817009898903169,192,22,170,0.11458333333333333,0.8947368421052632,1.327071
t,t,250,80,80,0.7,20,242,6,841,696,145,217,117,100,0.8275862068965517,0.7631578947368421,0.5391705069124424,0.5263157894736842,1509,1349,160,290,181,109,0.8939695162359178,0.8421052631578947,0.6241379310344828,0.5736842105263158,3.6996918138641,163,50,113,0.3067484662576687,0.5947368421052631,3.439207746147124,184,68,116,0.3695652173913043,0.6105263157894737,5.03319890303755,89,18,71,0.20224719101123595,0.3736842105263158,4.166300358442398,135,34,101,0.2518518518518518,0.531578947368421,1.277327
t,t,250,80,80,0.7,20,243,6,317,157,160,133,18,115,0.4952681388012618,0.8421052631578947,0.13533834586466165,0.6052631578947368,499,325,174,165,38,127,0.6513026052104208,0.9157894736842105,0.23030303030303031,0.6684210526315789,3.618788588162608,186,21,165,0.11290322580645161,0.868421052631579,3.395130308775781,214,42,172,0.19626168224299065,0.9052631578947369,4.075950962616522,161,6,155,0.037267080745341616,0.8157894736842105,3.690010947212321,184,19,165,0.10326086956521739,0.868421052631579,1.238647
t,t,250,80,80,0.7,20,244,6,585,405,180,200,49,151,0.6923076923076923,0.9473684210526315,0.245,0.7947368421052632,980,795,185,253,91,162,0.8112244897959183,0.9736842105263158,0.35968379446640314,0.8526315789473684,3.5969253718931595,205,26,179,0.12682926829268293,0.9421052631578948,3.392618405560513,222,41,181,0.18468468468468469,0.9526315789473684,4.3030572506538025,175,12,163,0.06857142857142857,0.8578947368421053,3.805295101424333,192,18,174,0.09375,0.9157894736842105,1.170021
t,t,250,80,80,0.7,20,245,6,259,88,171,164,18,146,0.33976833976833976,0.9,0.10975609756097561,0.7684210526315789,372,197,175,182,23,159,0.5295698924731183,0.9210526315789473,0.12637362637362637,0.8368421052631579,3.6137329630961825,193,16,177,0.08290155440414508,0.9315789473684211,3.4240479863549313,202,23,179,0.11386138613861387,0.9421052631578948,3.962354148351011,176,6,170,0.03409090909090909,0.8947368421052632,3.6356620635706873,192,16,176,0.08333333333333333,0.9263157894736842,1.301601
t,t,250,80,80,0.7,20,246,6,403,223,180,190,35,155,0.5533498759305211,0.9473684210526315,0.18421052631578946,0.8157894736842105,649,464,185,220,55,165,0.7149460708782742,0.9736842105263158,0.25,0.868421052631579,3.6190609057532854,209,25,184,0.11961722488038277,0.968421052631579,3.3799904198136272,226,41,185,0.18141592920353983,0.9736842105263158,4.169575850629785,187,9,178,0.0481283422459893,0.9368421052631579,3.7937339320749635,196,14,182,0.07142857142857142,0.9578947368421052,1.177644
t,t,250,80,80,0.7,20,247,6,324,142,182,186,26,160,0.4382716049382716,0.9578947368421052,0.13978494623655913,0.8421052631578947,531,346,185,207,43,164,0.6516007532956686,0.9736842105263158,0.20772946859903382,0.8631578947368421,3.59695675687271,206,21,185,0.10194174757281553,0.9736842105263158,3.3979304126236136,224,38,186,0.16964285714285715,0.9789473684210527,4.14443748022829,186,6,180,0.03225806451612903,0.9473684210526315,3.732039120071235,198,14,184,0.0707070707070707,0.968421052631579,1.212687
t,t,250,80,80,0.7,20,248,6,402,232,170,164,29,135,0.5771144278606966,0.8947368421052632,0.17682926829268292,0.7105263157894737,630,456,174,192,50,142,0.7238095238095238,0.9157894736842105,0.2604166666666667,0.7473684210526316,3.626700968815504,190,19,171,0.1,0.9,3.401308026895465,209,35,174,0.1674641148325359,0.9157894736842105,4.254650356369803,159,5,154,0.031446540880503145,0.8105263157894737,3.814981477615009,180,14,166,0.07777777777777778,0.8736842105263158,1.177686
t,t,250,80,80,0.7,20,249,6,488,317,171,186,44,142,0.6495901639344263,0.9,0.23655913978494625,0.7473684210526316,904,722,182,244,84,160,0.7986725663716814,0.9578947368421052,0.3442622950819672,0.8421052631578947,3.6541534420523565,195,25,170,0.1282051282051282,0.8947368421052632,3.3993630927292937,217,44,173,0.20276497695852536,0.9105263157894737,4.288889327334333,170,10,160,0.058823529411764705,0.8421052631578947,3.799085435514385,185,18,167,0.0972972972972973,0.8789473684210526,1.193533
t,t,250,80,80,0.7,20,250,6,517,329,188,227,49,178,0.6363636363636364,0.9894736842105263,0.21585903083700442,0.9368421052631579,865,676,189,262,82,180,0.7815028901734105,0.9947368421052631,0.31297709923664124,0.9473684210526315,3.602416897745991,208,20,188,0.09615384615384616,0.9894736842105263,3.384659540231973,223,35,188,0.15695067264573992,0.9894736842105263,4.366033006514015,189,6,183,0.031746031746031744,0.9631578947368421,3.8600159583713793,199,12,187,0.06030150753768844,0.9842105263157894,1.395964
t,t,250,80,80,0.7,20,251,6,601,451,150,135,39,96,0.7504159733777038,0.7894736842105263,0.28888888888888886,0.5052631578947369,1134,965,169,181,76,105,0.8509700176366843,0.8894736842105263,0.4198895027624309,0.5526315789473685,3.6794065027600893,167,27,140,0.16167664670658682,0.7368421052631579,3.4214085899611386,194,45,149,0.23195876288659795,0.7842105263157895,4.97976834852727,92,8,84,0.08695652173913043,0.4421052631578947,4.161179228028445,129,14,115,0.10852713178294573,0.6052631578947368,1.234559
t,t,250,80,80,0.7,20,252,6,519,354,165,192,62,130,0.6820809248554913,0.868421052631579,0.3229166666666667,0.6842105263157895,1000,821,179,244,100,144,0.821,0.9421052631578948,0.4098360655737705,0.7578947368421053,3.6302685134201487,177,20,157,0.11299435028248588,0.8263157894736842,3.4135484994255405,202,40,162,0.19801980198019803,0.8526315789473684,4.529614116322207,143,4,139,0.027972027972027972,0.7315789473684211,4.021558310052875,158,7,151,0.04430379746835443,0.7947368421052632,1.181494
t,t,250,80,80,0.7,20,253,6,234,112,122,70,8,62,0.47863247863247865,0.6421052631578947,0.11428571428571428,0.3263157894736842,397,255,142,93,14,79,0.6423173803526449,0.7473684210526316,0.15053763440860216,0.41578947368421054,3.726674951239902,132,12,120,0.09090909090909091,0.631578947368421,3.481389640797782,162,27,135,0.16666666666666666,0.7105263157894737,4.319146826881265,103,3,100,0.02912621359223301,0.5263157894736842,3.825046059192379,127,9,118,0.07086614173228346,0.6210526315789474,1.200098
t,t,250,80,80,0.7,20,254,6,1514,1339,175,367,220,147,0.8844121532364597,0.9210526315789473,0.5994550408719346,0.7736842105263158,2534,2352,182,519,362,157,0.9281767955801105,0.9578947368421052,0.697495183044316,0.8263157894736842,3.5521735455665175,243,76,167,0.31275720164609055,0.8789473684210526,3.3171992339882768,284,112,172,0.39436619718309857,0.9052631578947369,5.26495576617418,129,15,114,0.11627906976744186,0.6,4.536506435075262,166,29,137,0.1746987951807229,0.7210526315789474,1.168548
t,t,250,80,80,0.7,20,255,6,778,601,177,242,93,149,0.7724935732647815,0.9315789473684211,0.384297520661157,0.7842105263157895,1285,1101,184,304,145,159,0.8568093385214007,0.968421052631579,0.4769736842105263,0.8368421052631579,3.5569075291205627,238,66,172,0.2773109243697479,0.9052631578947369,3.327449324729943,273,98,175,0.358974358974359,0.9210526315789473,4.612018233345156,162,13,149,0.08024691358024691,0.7842105263157895,3.883309088653139,209,40,169,0.19138755980861244,0.8894736842105263,1.237115
t,t,250,80,80,0.7,20,256,6,399,212,187,206,31,175,0.531328320802005,0.9842105263157894,0.15048543689320387,0.9210526315789473,631,444,187,229,49,180,0.7036450079239303,0.9842105263157894,0.21397379912663755,0.9473684210526315,3.605880532632634,209,22,187,0.10526315789473684,0.9842105263157894,3.3821562709236415,225,37,188,0.16444444444444445,0.9894736842105263,4.117853436527896,197,11,186,0.05583756345177665,0.9789473684210527,3.7335517815215082,202,15,187,0.07425742574257425,0.9842105263157894,1.222318
t,t,250,80,80,0.7,20,257,6,423,235,188,218,37,181,0.5555555555555556,0.9894736842105263,0.16972477064220184,0.9526315789473684,633,444,189,241,57,184,0.7014218009478673,0.9947368421052631,0.23651452282157676,0.968421052631579,3.5973417055021017,207,19,188,0.09178743961352658,0.9894736842105263,3.379239612233157,227,38,189,0.16740088105726872,0.9947368421052631,4.107617636034765,197,10,187,0.050761421319796954,0.9842105263157894,3.7241258580389247,203,15,188,0.07389162561576355,0.9894736842105263,1.181659
t,t,250,80,80,0.7,20,258,6,474,293,181,212,45,167,0.6181434599156118,0.9526315789473684,0.21226415094339623,0.8789473684210526,753,567,186,226,57,169,0.7529880478087649,0.9789473684210527,0.252212389380531,0.8894736842105263,3.596781120202031,201,20,181,0.09950248756218906,0.9526315789473684,3.3808761296552143,225,41,184,0.18222222222222223,0.968421052631579,4.303178476223639,185,9,176,0.04864864864864865,0.9263157894736842,3.821389798432344,197,17,180,0.08629441624365482,0.9473684210526315,1.162625
t,t,250,80,80,0.7,20,259,6,318,140,178,167,19,148,0.44025157232704404,0.9368421052631579,0.11377245508982035,0.7789473684210526,524,339,185,188,31,157,0.6469465648854962,0.9736842105263158,0.16489361702127658,0.8263157894736842,3.6074569384834048,201,19,182,0.0945273631840796,0.9578947368421052,3.3899567495845,219,35,184,0.1598173515981735,0.968421052631579,4.0550789224769845,185,9,176,0.04864864864864865,0.9263157894736842,3.729902628660956,194,13,181,0.06701030927835051,0.9526315789473684,1.441301
t,t,250,80,80,0.7,20,260,6,396,222,174,172,36,136,0.5606060606060606,0.9157894736842105,0.20930232558139536,0.7157894736842105,692,507,185,212,61,151,0.7326589595375722,0.9736842105263158,0.28773584905660377,0.7947368421052632,3.6210332419088807,200,26,174,0.13,0.9157894736842105,3.395037756975997,230,46,184,0.2,0.968421052631579,4.306926863008445,171,8,163,0.04678362573099415,0.8578947368421053,3.800854319582052,191,20,171,0.10471204188481675,0.9,1.218333
t,t,250,80,80,0.7,20,261,6,561,372,189,235,49,186,0.6631016042780749,0.9947368421052631,0.20851063829787234,0.9789473684210527,973,783,190,277,91,186,0.8047276464542652,1.0,0.3285198555956679,0.9789473684210527,3.5972271847264383,209,20,189,0.09569377990430622,0.9947368421052631,3.3808198552393876,229,39,190,0.1703056768558952,1.0,4.910347361444354,186,0,186,0.0,0.9789473684210527,4.248185685578252,194,6,188,0.030927835051546393,0.9894736842105263,1.278741
t,t,250,80,80,0.7,20,262,6,532,348,184,233,64,169,0.6541353383458647,0.968421052631579,0.27467811158798283,0.8894736842105263,897,708,189,281,104,177,0.7892976588628763,0.9947368421052631,0.3701067615658363,0.9315789473684211,3.5923055754336475,208,23,185,0.11057692307692307,0.9736842105263158,3.3512217873141323,251,62,189,0.24701195219123506,0.9947368421052631,4.403020821347107,185,7,178,0.03783783783783784,0.9368421052631579,3.8862799252426807,201,18,183,0.08955223880597014,0.9631578947368421,1.136748
t,t,250,80,80,0.7,20,263,6,553,368,185,235,58,177,0.6654611211573237,0.9736842105263158,0.24680851063829787,0.9315789473684211,961,774,187,265,88,177,0.8054110301768991,0.9842105263157894,0.3320754716981132,0.9315789473684211,3.5787737149458443,215,29,186,0.13488372093023257,0.9789473684210527,3.3767722399683584,230,44,186,0.19130434782608696,0.9789473684210527,4.272059521742377,193,14,179,0.07253886010362694,0.9421052631578948,3.8219360113422622,200,16,184,0.08,0.968421052631579,1.234017
t,t,250,80,80,0.7,20,264,6,584,424,160,163,48,115,0.726027397260274,0.8421052631578947,0.294478527607362,0.6052631578947368,986,817,169,231,102,129,0.8286004056795132,0.8894736842105263,0.44155844155844154,0.6789473684210526,3.6363865015297194,178,28,150,0.15730337078651685,0.7894736842105263,3.40498176708318,207,47,160,0.22705314009661837,0.8421052631578947,4.411620696396554,135,12,123,0.08888888888888889,0.6473684210526316,3.8644431040815013,161,18,143,0.11180124223602485,0.7526315789473684,1.227573
t,t,250,80,80,0.7,20,265,6,827,648,179,307,143,164,0.7835550181378477,0.9421052631578948,0.46579804560260585,0.8631578947368421,1432,1248,184,387,215,172,0.8715083798882681,0.968421052631579,0.5555555555555556,0.9052631578947369,3.5643146874998366,229,51,178,0.22270742358078602,0.9368421052631579,3.349423915503513,254,75,179,0.2952755905511811,0.9421052631578948,4.532544133979443,176,11,165,0.0625,0.868421052631579,3.8634118158768085,207,32,175,0.15458937198067632,0.9210526315789473,1.285483
t,t,250,80,80,0.7,20,266,6,256,84,172,144,5,139,0.328125,0.9052631578947369,0.034722222222222224,0.7315789473684211,366,187,179,162,10,152,0.5109289617486339,0.9421052631578948,0.06172839506172839,0.8,3.630907032504579,191,13,178,0.06806282722513089,0.9368421052631579,3.3970600860593185,213,32,181,0.15023474178403756,0.9526315789473684,3.966435249842835,181,8,173,0.04419889502762431,0.9105263157894737,3.5943331116249766,193,14,179,0.07253886010362694,0.9421052631578948,1.131811
t,t,250,80,80,0.7,20,267,6,791,603,188,258,88,170,0.7623261694058154,0.9894736842105263,0.34108527131782945,0.8947368421052632,1411,1221,190,310,136,174,0.8653437278525868,1.0,0.43870967741935485,0.9157894736842105,3.5963522863876243,209,28,181,0.1339712918660287,0.9526315789473684,3.3818331673155657,228,45,183,0.19736842105263158,0.9631578947368421,4.471052830732852,180,10,170,0.05555555555555555,0.8947368421052632,3.9268635566742764,191,14,177,0.07329842931937172,0.9315789473684211,1.327641
t,t,250,80,80,0.7,20,268,6,315,141,174,184,34,150,0.44761904761904764,0.9157894736842105,0.18478260869565216,0.7894736842105263,513,332,181,203,47,156,0.6471734892787524,0.9526315789473684,0.2315270935960591,0.8210526315789474,3.607626134911318,206,26,180,0.1262135922330097,0.9473684210526315,3.3765352085627445,229,45,184,0.1965065502183406,0.968421052631579,4.0867310287494085,178,8,170,0.0449438202247191,0.8947368421052632,3.7015708492780406,196,19,177,0.09693877551020408,0.9315789473684211,1.236775
t,t,250,80,80,0.7,20,269,6,299,117,182,183,22,161,0.391304347826087,0.9578947368421052,0.12021857923497267,0.8473684210526315,402,216,186,204,32,172,0.5373134328358209,0.9789473684210527,0.1568627450980392,0.9052631578947369,3.5983412517761013,204,18,186,0.08823529411764706,0.9789473684210527,3.390649248994329,218,30,188,0.13761467889908258,0.9894736842105263,3.9114250748773083,187,5,182,0.026737967914438502,0.9578947368421052,3.564105098744493,207,21,186,0.10144927536231885,0.9789473684210527,1.273129
t,t,250,80,80,0.7,20,270,6,399,214,185,205,34,171,0.5363408521303258,0.9736842105263158,0.16585365853658537,0.9,603,418,185,224,49,175,0.693200663349917,0.9736842105263158,0.21875,0.9210526315789473,3.596966583156745,214,29,185,0.13551401869158877,0.9736842105263158,3.3682472777056063,237,52,185,0.21940928270042195,0.9736842105263158,4.176646211676828,192,8,184,0.041666666666666664,0.968421052631579,3.753286478831189,203,18,185,0.08866995073891626,0.9736842105263158,1.128637
t,t,250,80,80,0.7,20,271,6,444,257,187,227,51,176,0.5788288288288288,0.9842105263157894,0.22466960352422907,0.9263157894736842,712,524,188,255,75,180,0.7359550561797753,0.9894736842105263,0.29411764705882354,0.9473684210526315,3.5943729384791876,216,28,188,0.12962962962962962,0.9894736842105263,3.359730900317846,247,59,188,0.2388663967611336,0.9894736842105263,4.254428120202993,191,5,186,0.02617801047120419,0.9789473684210527,3.732511401483404,204,16,188,0.0784313725490196,0.9894736842105263,1.171943
t,t,250,80,80,0.7,20,272,6,811,627,184,277,114,163,0.7731196054254007,0.968421052631579,0.41155234657039713,0.8578947368421053,1444,1258,186,339,169,170,0.871191135734072,0.9789473684210527,0.49852507374631266,0.8947368421052632,3.584054997335699,214,32,182,0.14953271028037382,0.9578947368421052,3.351433431979669,251,67,184,0.26693227091633465,0.968421052631579,4.465948180101948,177,9,168,0.05084745762711865,0.8842105263157894,3.9339331031593217,191,15,176,0.07853403141361257,0.9263157894736842,1.140394
t,t,250,80,80,0.7,20,273,6,538,358,180,205,45,160,0.6654275092936803,0.9473684210526315,0.21951219512195122,0.8421052631578947,913,729,184,235,68,167,0.7984665936473165,0.968421052631579,0.28936170212765955,0.8789473684210526,3.6028210711176025,205,27,178,0.13170731707317074,0.9368421052631579,3.4077605108396267,221,39,182,0.17647058823529413,0.9578947368421052,4.225722342808585,179,8,171,0.0446927374301676,0.9,3.7435601429828695,197,19,178,0.09644670050761421,0.9368421052631579,1.553407
t,t,250,80,80,0.7,20,274,6,397,212,185,210,32,178,0.5340050377833753,0.9736842105263158,0.1523809523809524,0.9368421052631579,651,465,186,232,52,180,0.7142857142857143,0.9789473684210527,0.22413793103448276,0.9473684210526315,3.639004671690101,212,26,186,0.12264150943396226,0.9789473684210527,3.373754058392315,231,44,187,0.19047619047619047,0.9842105263157894,4.111196738199018,191,7,184,0.03664921465968586,0.968421052631579,3.710100331817946,205,19,186,0.09268292682926829,0.9789473684210527,1.126092
t,t,250,80,80,0.7,20,275,6,495,307,188,223,47,176,0.6202020202020202,0.9894736842105263,0.21076233183856502,0.9263157894736842,858,669,189,254,74,180,0.7797202797202797,0.9947368421052631,0.29133858267716534,0.9473684210526315,3.604046712079585,206,18,188,0.08737864077669903,0.9894736842105263,3.3842906043024255,224,36,188,0.16071428571428573,0.9894736842105263,4.148171040283686,193,9,184,0.046632124352331605,0.968421052631579,3.7494951088841786,202,14,188,0.06930693069306931,0.9894736842105263,1.301689
t,t,250,80,80,0.7,20,276,6,278,88,190,202,15,187,0.31654676258992803,1.0,0.07425742574257425,0.9842105263157894,391,201,190,208,21,187,0.5140664961636828,1.0,0.10096153846153846,0.9842105263157894,3.617923486010429,205,15,190,0.07317073170731707,1.0,3.393568354940849,215,25,190,0.11627906976744186,1.0,4.12413474878376,195,5,190,0.02564102564102564,1.0,3.6770782510581737,203,13,190,0.06403940886699508,1.0,1.162539
t,t,250,80,80,0.7,20,277,6,2949,2768,181,913,744,169,0.9386232621227535,0.9526315789473684,0.8148959474260679,0.8894736842105263,4457,4272,185,1237,1062,175,0.9584922593672874,0.9736842105263158,0.8585286984640259,0.9210526315789473,3.5320758339669793,258,86,172,0.3333333333333333,0.9052631578947369,3.292829151757982,310,133,177,0.4290322580645161,0.9315789473684211,5.804954671214587,127,7,120,0.05511811023622047,0.631578947368421,5.066381797221856,157,18,139,0.11464968152866242,0.7315789473684211,1.362526
t,t,250,80,80,0.7,20,278,6,387,201,186,208,37,171,0.5193798449612403,0.9789473684210527,0.1778846153846154,0.9,590,401,189,232,55,177,0.6796610169491526,0.9947368421052631,0.23706896551724138,0.9315789473684211,3.588215285644133,219,30,189,0.136986301369863,0.9947368421052631,3.376490852958912,241,51,190,0.21161825726141079,1.0,4.076315953548345,195,9,186,0.046153846153846156,0.9789473684210527,3.6738812599156314,212,23,189,0.10849056603773585,0.9947368421052631,1.115169
t,t,250,80,80,0.7,20,279,6,962,772,190,313,131,182,0.8024948024948025,1.0,0.4185303514376997,0.9578947368421052,1745,1555,190,410,225,185,0.8911174785100286,1.0,0.5487804878048781,0.9736842105263158,3.5812435113226364,231,42,189,0.18181818181818182,0.9947368421052631,3.342092711279514,261,71,190,0.2720306513409962,1.0,4.7378300028055875,192,10,182,0.052083333333333336,0.9578947368421052,4.0543136048343165,208,22,186,0.10576923076923077,0.9789473684210527,1.197977
t,t,250,80,80,0.7,20,280,6,311,130,181,171,18,153,0.4180064308681672,0.9526315789473684,0.10526315789473684,0.8052631578947368,474,284,190,190,26,164,0.5991561181434599,1.0,0.1368421052631579,0.8631578947368421,3.612418370029541,207,18,189,0.08695652173913043,0.9947368421052631,3.4108548602423174,219,29,190,0.1324200913242009,1.0,4.06198741415241,185,5,180,0.02702702702702703,0.9473684210526315,3.7028024059215934,198,11,187,0.05555555555555555,0.9842105263157894,1.146212
t,t,250,80,80,0.7,20,281,6,412,224,188,206,33,173,0.5436893203883495,0.9894736842105263,0.16019417475728157,0.9105263157894737,689,500,189,223,45,178,0.7256894049346879,0.9947368421052631,0.20179372197309417,0.9368421052631579,3.5901363243613624,208,20,188,0.09615384615384616,0.9894736842105263,3.393739980354654,223,35,188,0.15695067264573992,0.9894736842105263,4.267304853738489,187,2,185,0.0106951871657754,0.9736842105263158,3.7837610941635167,197,9,188,0.04568527918781726,0.9894736842105263,1.255122
t,t,250,80,80,0.7,20,282,6,849,666,183,311,143,168,0.784452296819788,0.9631578947368421,0.45980707395498394,0.8842105263157894,1422,1237,185,397,225,172,0.869901547116737,0.9736842105263158,0.5667506297229219,0.9052631578947369,3.561468476886262,230,49,181,0.21304347826086956,0.9526315789473684,3.353201269625769,250,68,182,0.272,0.9578947368421052,4.712482324164398,177,18,159,0.1016949152542373,0.8368421052631579,4.058334270771855,205,31,174,0.15121951219512195,0.9157894736842105,1.22485
t,t,250,80,80,0.7,20,283,6,404,231,173,182,36,146,0.5717821782178217,0.9105263157894737,0.1978021978021978,0.7684210526315789,703,520,183,208,55,153,0.7396870554765291,0.9631578947368421,0.2644230769230769,0.8052631578947368,3.5928900492032745,204,29,175,0.14215686274509803,0.9210526315789473,3.388993206473913,227,48,179,0.21145374449339208,0.9421052631578948,4.3947467205822885,161,4,157,0.024844720496894408,0.8263157894736842,3.792199779265817,192,18,174,0.09375,0.9157894736842105,1.155045
t,t,250,80,80,0.7,20,284,6,452,281,171,176,38,138,0.6216814159292036,0.9,0.2159090909090909,0.7263157894736842,737,558,179,222,66,156,0.757123473541384,0.9421052631578948,0.2972972972972973,0.8210526315789474,3.638442937736364,193,24,169,0.12435233160621761,0.8894736842105263,3.404833578996867,210,39,171,0.18571428571428572,0.9,4.22614788163127,171,9,162,0.05263157894736842,0.8526315789473684,3.750051259306327,189,22,167,0.1164021164021164,0.8789473684210526,1.32102
t,t,250,80,80,0.7,20,285,6,2028,1838,190,551,370,181,0.9063116370808678,1.0,0.6715063520871143,0.9526315789473684,3216,3026,190,740,557,183,0.9409203980099502,1.0,0.7527027027027027,0.9631578947368421,3.539463925474292,252,66,186,0.2619047619047619,0.9789473684210527,3.3217436040999986,279,92,187,0.32974910394265233,0.9842105263157894,5.211438740715751,182,16,166,0.08791208791208792,0.8736842105263158,4.443046637823619,210,35,175,0.16666666666666666,0.9210526315789473,1.197614
t,t,250,80,80,0.7,20,286,6,360,198,162,139,24,115,0.55,0.8526315789473684,0.17266187050359713,0.6052631578947368,692,516,176,169,41,128,0.7456647398843931,0.9263157894736842,0.24260355029585798,0.6736842105263158,3.662013184837468,176,16,160,0.09090909090909091,0.8421052631578947,3.41458623284112,202,34,168,0.16831683168316833,0.8842105263157894,4.193822519825308,153,7,146,0.0457516339869281,0.7684210526315789,3.769353923611435,171,13,158,0.07602339181286549,0.8315789473684211,1.307531
t,t,250,80,80,0.7,20,287,6,280,95,185,176,12,164,0.3392857142857143,0.9736842105263158,0.06818181818181818,0.8631578947368421,362,175,187,195,20,175,0.48342541436464087,0.9842105263157894,0.10256410256410256,0.9210526315789473,3.6001698923228433,207,18,189,0.08695652173913043,0.9947368421052631,3.408968732745858,219,30,189,0.136986301369863,0.9947368421052631,3.8532908698248867,197,10,187,0.050761421319796954,0.9842105263157894,3.5721098927710475,208,19,189,0.09134615384615384,0.9947368421052631,1.19805
t,t,250,80,80,0.7,20,288,6,375,195,180,183,28,155,0.52,0.9473684210526315,0.15300546448087432,0.8157894736842105,640,454,186,207,43,164,0.709375,0.9789473684210527,0.20772946859903382,0.8631578947368421,3.6652218800014733,204,19,185,0.09313725490196079,0.9736842105263158,3.3895110294327924,222,36,186,0.16216216216216217,0.9789473684210527,4.012289613113006,187,9,178,0.0481283422459893,0.9368421052631579,3.6652218800014733,204,19,185,0.09313725490196079,0.9736842105263158,1.117759
t,t,250,80,80,0.7,20,289,6,3626,3458,168,1380,1231,149,0.9536679536679536,0.8842105263157894,0.8920289855072464,0.7842105263157895,5291,5118,173,1754,1601,153,0.9673029673029673,0.9105263157894737,0.9127708095781072,0.8052631578947368,3.346357397204769,514,364,150,0.708171206225681,0.7894736842105263,3.10033385196553,606,449,157,0.740924092409241,0.8263157894736842,6.946923613417171,61,13,48,0.21311475409836064,0.25263157894736843,5.953396272275286,126,50,76,0.3968253968253968,0.4,1.225904
t,t,250,80,80,0.7,20,290,6,1970,1788,182,538,379,159,0.9076142131979695,0.9578947368421052,0.7044609665427509,0.8368421052631579,3227,3039,188,722,556,166,0.941741555624419,0.9894736842105263,0.7700831024930748,0.8736842105263158,3.526981751950298,264,110,154,0.4166666666666667,0.8105263157894737,3.291992943387147,312,156,156,0.5,0.8210526315789474,5.327456657057191,134,23,111,0.17164179104477612,0.5842105263157895,4.427439447901751,200,64,136,0.32,0.7157894736842105,1.237387
t,t,250,80,80,0.7,20,291,6,501,316,185,220,45,175,0.6307385229540918,0.9736842105263158,0.20454545454545456,0.9210526315789473,909,720,189,258,80,178,0.7920792079207921,0.9947368421052631,0.31007751937984496,0.9368421052631579,3.5961376737133577,204,18,186,0.08823529411764706,0.9789473684210527,3.392820284807652,216,30,186,0.1388888888888889,0.9789473684210527,4.211778536585703,188,8,180,0.0425531914893617,0.9473684210526315,3.744962580826316,197,13,184,0.06598984771573604,0.968421052631579,1.320687
t,t,250,80,80,0.7,20,292,6,308,124,184,188,15,173,0.4025974025974026,0.968421052631579,0.0797872340425532,0.9105263157894737,448,260,188,211,34,177,0.5803571428571429,0.9894736842105263,0.16113744075829384,0.9315789473684211,3.593629159512502,204,16,188,0.0784313725490196,0.9894736842105263,3.3853538101106646,222,34,188,0.15315315315315314,0.9894736842105263,3.972229311319398,191,5,186,0.02617801047120419,0.9789473684210527,3.6414690508289795,201,13,188,0.06467661691542288,0.9894736842105263,1.232119
t,t,250,80,80,0.7,20,293,6,193,52,141,101,7,94,0.2694300518134715,0.7421052631578947,0.06930693069306931,0.49473684210526314,292,131,161,122,13,109,0.4486301369863014,0.8473684210526315,0.10655737704918032,0.5736842105263158,3.6290165352391814,181,14,167,0.07734806629834254,0.8789473684210526,3.4275460201732417,193,24,169,0.12435233160621761,0.8894736842105263,3.9682615783381303,153,3,150,0.0196078431372549,0.7894736842105263,3.6290165352391814,181,14,167,0.07734806629834254,0.8789473684210526,1.220902
t,t,250,80,80,0.7,20,294,6,394,227,167,165,30,135,0.5761421319796954,0.8789473684210526,0.18181818181818182,0.7105263157894737,656,478,178,197,52,145,0.7286585365853658,0.9368421052631579,0.2639593908629442,0.7631578947368421,3.619119601288511,185,17,168,0.0918918918918919,0.8842105263157894,3.412982161777427,204,33,171,0.16176470588235295,0.9,4.4448200877688375,152,4,148,0.02631578947368421,0.7789473684210526,3.826882620207584,174,12,162,0.06896551724137931,0.8526315789473684,1.225676
t,t,250,80,80,0.7,20,295,6,2342,2161,181,660,494,166,0.9227156276686592,0.9526315789473684,0.7484848484848485,0.8736842105263158,3693,3508,185,935,763,172,0.949905226103439,0.9736842105263158,0.8160427807486631,0.9052631578947369,3.5185257363140217,272,103,169,0.3786764705882353,0.8894736842105263,3.2941186883442715,317,146,171,0.4605678233438486,0.9,5.778448146348061,138,12,126,0.08695652173913043,0.6631578947368421,5.093935749560482,164,25,139,0.1524390243902439,0.7315789473684211,1.254262
t,t,250,80,80,0.7,20,296,6,902,712,190,290,112,178,0.7893569844789357,1.0,0.38620689655172413,0.9368421052631579,1653,1463,190,349,169,180,0.8850574712643678,1.0,0.48424068767908307,0.9473684210526315,3.5825653108374995,220,33,187,0.15,0.9842105263157894,3.3604836767285384,246,56,190,0.22764227642276422,1.0,4.718193052351165,187,8,179,0.0427807486631016,0.9421052631578948,4.1346420334276965,198,14,184,0.0707070707070707,0.968421052631579,1.183053
t,t,250,80,80,0.7,20,297,6,287,105,182,186,14,172,0.36585365853658536,0.9578947368421052,0.07526881720430108,0.9052631578947369,430,243,187,204,27,177,0.5651162790697675,0.9842105263157894,0.1323529411764706,0.9315789473684211,3.6046365092619554,204,16,188,0.0784313725490196,0.9894736842105263,3.3968275480324994,219,30,189,0.136986301369863,0.9947368421052631,3.940428980784598,194,9,185,0.04639175257731959,0.9736842105263158,3.637783133287941,203,15,188,0.07389162561576355,0.9894736842105263,1.216897
t,t,250,80,80,0.7,20,298,6,403,216,187,201,35,166,0.5359801488833746,0.9842105263157894,0.17412935323383086,0.8736842105263158,645,458,187,238,65,173,0.710077519379845,0.9842105263157894,0.27310924369747897,0.9105263157894737,3.5819404806253003,213,26,187,0.12206572769953052,0.9842105263157894,3.3740625544721254,236,49,187,0.2076271186440678,0.9842105263157894,4.255959602122442,187,7,180,0.0374331550802139,0.9473684210526315,3.76812187467272,203,17,186,0.08374384236453201,0.9789473684210527,1.200791
t,t,250,80,80,0.7,20,299,6,618,429,189,253,68,185,0.6941747572815534,0.9947368421052631,0.26877470355731226,0.9736842105263158,1048,859,189,308,119,189,0.8196564885496184,0.9947368421052631,0.38636363636363635,0.9947368421052631,3.56258014570826,229,40,189,0.17467248908296942,0.9947368421052631,3.35474844354544,251,62,189,0.24701195219123506,0.9947368421052631,4.6721710088774415,201,12,189,0.05970149253731343,0.9947368421052631,4.1634190394067385,207,18,189,0.08695652173913043,0.9947368421052631,1.180597
